{"type": "FeatureCollection", "features": [{"type": "Feature", "properties": {"@id": "node/281938609", "amenity": "drinking_water", "man_made": "water_tap", "type_element": "Fontaines à boire", "__fid": 28}, "geometry": {"type": "Point", "coordinates": [2.2720831, 48.8374403]}, "id": "node/281938609"}, {"type": "Feature", "properties": {"@id": "node/11969386487", "amenity": "drinking_water", "fountain": "bottle_refill", "level": "0", "operator": "SNCF Gares & Connexions", "wheelchair": "yes", "type_element": "Fontaines à boire", "__fid": 923}, "geometry": {"type": "Point", "coordinates": [2.2709116, 48.8394837]}, "id": "node/11969386487"}, {"type": "Feature", "geometry": {"type": "Point", "coordinates": [2.27063, 48.83816]}, "properties": {"id": 2542, "name": "Square Carlo Sarrabezolles", "categorie": "Parcs, jardins et bois", "photo_url": "https://cdn.paris.fr/eqpts-prod/2023/11/03/81c768ba1ea726869dea658522632643.jpg", "photo_credit": "Dana Escalera / Ville de Paris", "photo_alt": "Banc / Allée", "address_street": "3, rue Carlo-Sarrabezolles", "address_postcode": "75015", "address_city": "PARIS", "phone": null, "accessibility": "{\"handicaps\": [{\"name\": \"Personnes à mobilité réduite\", \"status\": \"accessible\"}, {\"name\": \"Personnes déficientes visuelles\", \"status\": \"undefined\"}, {\"name\": \"Personnes déficientes auditives\", \"status\": \"undefined\"}, {\"name\": \"Personnes déficientes mentales\", \"status\": \"undefined\"}, {\"name\": \"Accueil en langue des signes\", \"status\": \"undefined\"}]}", "latitude": 48.83816, "longitude": 2.27063, "url": "https://www.paris.fr/lieux/square-carlo-sarrabezolles-2542", "type_element": "Parcs, Jardins et Bois", "__fid": 1201}}, {"type": "Feature", "properties": {"highway": "service", "footway": null, "name": null, "surface": null, "lit": null, "length_m": 308.74, "type_element": "Way", "__fid": 5370}, "geometry": {"type": "LineString", "coordinates": [[2.262617, 48.8350277], [2.2648754, 48.8371961], [2.2649257, 48.83728090000001], [2.264924, 48.8373122], [2.2649026, 48.8373301]]}}, {"type": "Feature", "properties": {"highway": "footway", "footway": "sidewalk", "name": null, "surface": null, "lit": null, "length_m": 62.68, "type_element": "Way", "__fid": 5474}, "geometry": {"type": "LineString", "coordinates": [[2.2630445, 48.8366051], [2.2636814, 48.83650090000001], [2.2638561, 48.836562]]}}, {"type": "Feature", "properties": {"highway": "footway", "footway": "sidewalk", "name": null, "surface": null, "lit": null, "length_m": 148.41, "type_element": "Way", "__fid": 5495}, "geometry": {"type": "LineString", "coordinates": [[2.2631306, 48.8381861], [2.2632466, 48.8382288], [2.2645322, 48.8391425]]}}, {"type": "Feature", "properties": {"highway": "footway", "footway": "sidewalk", "name": null, "surface": null, "lit": null, "length_m": 155.29, "type_element": "Way", "__fid": 5499}, "geometry": {"type": "LineString", "coordinates": [[2.2647916, 48.84072470000001], [2.2641661, 48.84042250000001], [2.2631195, 48.8398695]]}}, {"type": "Feature", "properties": {"highway": "footway", "footway": "sidewalk", "name": null, "surface": null, "lit": null, "length_m": 48.96, "type_element": "Way", "__fid": 5502}, "geometry": {"type": "LineString", "coordinates": [[2.2631783, 48.8367765], [2.2638286, 48.8366784]]}}, {"type": "Feature", "properties": {"highway": "service", "footway": null, "name": null, "surface": null, "lit": null, "length_m": 92.85, "type_element": "Way", "__fid": 5523}, "geometry": {"type": "LineString", "coordinates": [[2.263274, 48.838043], [2.2634132, 48.837964], [2.2640224, 48.8383787], [2.2638679, 48.8384689]]}}, {"type": "Feature", "properties": {"highway": "footway", "footway": "sidewalk", "name": null, "surface": null, "lit": null, "length_m": 95.78, "type_element": "Way", "__fid": 5542}, "geometry": {"type": "LineString", "coordinates": [[2.2645694, 48.839199], [2.2645199, 48.8392217], [2.2633581, 48.8395164]]}}, {"type": "Feature", "properties": {"highway": "footway", "footway": "sidewalk", "name": null, "surface": "asphalt", "lit": null, "length_m": 153.76, "type_element": "Way", "__fid": 5552}, "geometry": {"type": "LineString", "coordinates": [[2.2649669, 48.8405432], [2.2636902, 48.83987410000001], [2.2634375, 48.839616600000014]]}}, {"type": "Feature", "properties": {"highway": "footway", "footway": "sidewalk", "name": null, "surface": "asphalt", "lit": null, "length_m": 98.4, "type_element": "Way", "__fid": 5556}, "geometry": {"type": "LineString", "coordinates": [[2.263454, 48.8395805], [2.2634961, 48.839577], [2.2647065, 48.8392673]]}}, {"type": "Feature", "properties": {"highway": "footway", "footway": "sidewalk", "name": null, "surface": null, "lit": null, "length_m": 47.96, "type_element": "Way", "__fid": 5567}, "geometry": {"type": "LineString", "coordinates": [[2.2635248, 48.84079469999999], [2.2637809, 48.8411915]]}}, {"type": "Feature", "properties": {"highway": "footway", "footway": "sidewalk", "name": null, "surface": null, "lit": null, "length_m": 38.68, "type_element": "Way", "__fid": 5583}, "geometry": {"type": "LineString", "coordinates": [[2.263778733333299, 48.841612566666704], [2.2637865, 48.841587799999985], [2.2636015, 48.8412892]]}}, {"type": "Feature", "properties": {"highway": "footway", "footway": "crossing", "name": null, "surface": null, "lit": null, "length_m": 14.16, "type_element": "Way", "__fid": 5587}, "geometry": {"type": "LineString", "coordinates": [[2.2636232, 48.8412649], [2.2637809, 48.8411915]]}}, {"type": "Feature", "properties": {"highway": "service", "footway": null, "name": null, "surface": null, "lit": null, "length_m": 8.87, "type_element": "Way", "__fid": 5606}, "geometry": {"type": "LineString", "coordinates": [[2.2638679, 48.8384689], [2.2637774, 48.8385217]]}}, {"type": "Feature", "properties": {"highway": "footway", "footway": "sidewalk", "name": null, "surface": null, "lit": null, "length_m": 285.66, "type_element": "Way", "__fid": 5614}, "geometry": {"type": "LineString", "coordinates": [[2.2638286, 48.8366784], [2.2639648, 48.8367172], [2.2653557, 48.8380828], [2.2654067, 48.8380846], [2.2660283, 48.8386641], [2.2661122, 48.8387243]]}}, {"type": "Feature", "properties": {"highway": "footway", "footway": "crossing", "name": null, "surface": null, "lit": "yes", "length_m": 13.1, "type_element": "Way", "__fid": 5615}, "geometry": {"type": "LineString", "coordinates": [[2.2638561, 48.836562], [2.2638286, 48.8366784]]}}, {"type": "Feature", "properties": {"highway": "footway", "footway": "sidewalk", "name": null, "surface": null, "lit": null, "length_m": 2.33, "type_element": "Way", "__fid": 5616}, "geometry": {"type": "LineString", "coordinates": [[2.2637809, 48.8411915], [2.263812, 48.841195700000014]]}}, {"type": "Feature", "properties": {"highway": "footway", "footway": "sidewalk", "name": null, "surface": null, "lit": null, "length_m": 129.93, "type_element": "Way", "__fid": 5618}, "geometry": {"type": "LineString", "coordinates": [[2.2638561, 48.836562], [2.2638941, 48.83653740000002], [2.2640275, 48.8364797], [2.2649026, 48.8373301]]}}, {"type": "Feature", "properties": {"highway": "footway", "footway": "sidewalk", "name": null, "surface": null, "lit": null, "length_m": 37.24, "type_element": "Way", "__fid": 5620}, "geometry": {"type": "LineString", "coordinates": [[2.263812, 48.841195700000014], [2.2638119, 48.8412154], [2.2639247, 48.84142], [2.2639712, 48.8414936], [2.2639912, 48.8415054]]}}, {"type": "Feature", "properties": {"highway": "footway", "footway": "sidewalk", "name": null, "surface": null, "lit": null, "length_m": 87.8, "type_element": "Way", "__fid": 5621}, "geometry": {"type": "LineString", "coordinates": [[2.263812, 48.841195700000014], [2.2648055, 48.8407558]]}}, {"type": "Feature", "properties": {"highway": "footway", "footway": "sidewalk", "name": null, "surface": null, "lit": null, "length_m": 90.69, "type_element": "Way", "__fid": 5629}, "geometry": {"type": "LineString", "coordinates": [[2.2638679, 48.8384689], [2.2644867, 48.83891250000001], [2.2646879, 48.8390785]]}}, {"type": "Feature", "properties": {"highway": "footway", "footway": "sidewalk", "name": null, "surface": null, "lit": null, "length_m": 105.28, "type_element": "Way", "__fid": 5655}, "geometry": {"type": "LineString", "coordinates": [[2.265178, 48.8409754], [2.2650659, 48.8410189], [2.2650147, 48.84105270000001], [2.2639912, 48.8415054]]}}, {"type": "Feature", "properties": {"highway": "footway", "footway": "sidewalk", "name": null, "surface": null, "lit": null, "length_m": 6.85, "type_element": "Way", "__fid": 5766}, "geometry": {"type": "LineString", "coordinates": [[2.2645322, 48.8391425], [2.2645694, 48.839199]]}}, {"type": "Feature", "properties": {"highway": "footway", "footway": "crossing", "name": null, "surface": null, "lit": "yes", "length_m": 13.64, "type_element": "Way", "__fid": 5767}, "geometry": {"type": "LineString", "coordinates": [[2.2646879, 48.8390785], [2.2646669, 48.83909590000001], [2.2645322, 48.8391425]]}}, {"type": "Feature", "properties": {"highway": "footway", "footway": "crossing", "name": null, "surface": null, "lit": null, "length_m": 12.76, "type_element": "Way", "__fid": 5773}, "geometry": {"type": "LineString", "coordinates": [[2.2645694, 48.839199], [2.2646917, 48.839251799999985], [2.2647065, 48.8392673]]}}, {"type": "Feature", "properties": {"highway": "pedestrian", "footway": null, "name": "Boulevard Murat", "surface": "asphalt", "lit": null, "length_m": 9.04, "type_element": "Way", "__fid": 5792}, "geometry": {"type": "LineString", "coordinates": [[2.2647782, 48.8391704], [2.2646628, 48.8391989]]}}, {"type": "Feature", "properties": {"highway": "footway", "footway": "sidewalk", "name": null, "surface": null, "lit": null, "length_m": 9.08, "type_element": "Way", "__fid": 5795}, "geometry": {"type": "LineString", "coordinates": [[2.2646879, 48.8390785], [2.2648112, 48.8390851]]}}, {"type": "Feature", "properties": {"highway": "footway", "footway": "sidewalk", "name": null, "surface": "asphalt", "lit": null, "length_m": 8.46, "type_element": "Way", "__fid": 5804}, "geometry": {"type": "LineString", "coordinates": [[2.2647065, 48.8392673], [2.264814, 48.8392398]]}}, {"type": "Feature", "properties": {"highway": "footway", "footway": null, "name": null, "surface": null, "lit": null, "length_m": 8.15, "type_element": "Way", "__fid": 5830}, "geometry": {"type": "LineString", "coordinates": [[2.2647782, 48.8391704], [2.264814, 48.8392398]]}}, {"type": "Feature", "properties": {"highway": "pedestrian", "footway": null, "name": "Boulevard Murat", "surface": "asphalt", "lit": null, "length_m": 5.73, "type_element": "Way", "__fid": 5831}, "geometry": {"type": "LineString", "coordinates": [[2.2648503, 48.83915069999998], [2.2647782, 48.8391704]]}}, {"type": "Feature", "properties": {"highway": "service", "footway": null, "name": null, "surface": null, "lit": null, "length_m": 8.39, "type_element": "Way", "__fid": 5837}, "geometry": {"type": "LineString", "coordinates": [[2.2649026, 48.8373301], [2.2648269, 48.8373866]]}}, {"type": "Feature", "properties": {"highway": "footway", "footway": "crossing", "name": null, "surface": null, "lit": null, "length_m": 7.84, "type_element": "Way", "__fid": 5839}, "geometry": {"type": "LineString", "coordinates": [[2.2648112, 48.8390851], [2.2648503, 48.83915069999998]]}}, {"type": "Feature", "properties": {"highway": "footway", "footway": "sidewalk", "name": null, "surface": null, "lit": null, "length_m": 60.6, "type_element": "Way", "__fid": 5840}, "geometry": {"type": "LineString", "coordinates": [[2.2648112, 48.8390851], [2.2655753, 48.8388786]]}}, {"type": "Feature", "properties": {"highway": "footway", "footway": "sidewalk", "name": null, "surface": null, "lit": null, "length_m": 3.61, "type_element": "Way", "__fid": 5843}, "geometry": {"type": "LineString", "coordinates": [[2.2648055, 48.8407558], [2.2647916, 48.84072470000001]]}}, {"type": "Feature", "properties": {"highway": "footway", "footway": "crossing", "name": null, "surface": "asphalt", "lit": "yes", "length_m": 23.98, "type_element": "Way", "__fid": 5844}, "geometry": {"type": "LineString", "coordinates": [[2.2649669, 48.8405432], [2.2648083, 48.84069870000002], [2.2647916, 48.84072470000001]]}}, {"type": "Feature", "properties": {"highway": "footway", "footway": null, "name": null, "surface": null, "lit": null, "length_m": 74.17, "type_element": "Way", "__fid": 5845}, "geometry": {"type": "LineString", "coordinates": [[2.264814, 48.8392398], [2.2651659, 48.8398651]]}}, {"type": "Feature", "properties": {"highway": "footway", "footway": "sidewalk", "name": null, "surface": "asphalt", "lit": null, "length_m": 6.21, "type_element": "Way", "__fid": 5846}, "geometry": {"type": "LineString", "coordinates": [[2.264814, 48.8392398], [2.2648899, 48.8392151]]}}, {"type": "Feature", "properties": {"highway": "footway", "footway": "sidewalk", "name": null, "surface": "asphalt", "lit": null, "length_m": 23.63, "type_element": "Way", "__fid": 5848}, "geometry": {"type": "LineString", "coordinates": [[2.2648055, 48.8407558], [2.2648273, 48.8407585], [2.2650413, 48.840897]]}}, {"type": "Feature", "properties": {"highway": "footway", "footway": "crossing", "name": null, "surface": null, "lit": null, "length_m": 7.73, "type_element": "Way", "__fid": 5849}, "geometry": {"type": "LineString", "coordinates": [[2.2648899, 48.8392151], [2.2648503, 48.83915069999998]]}}, {"type": "Feature", "properties": {"highway": "pedestrian", "footway": null, "name": "Boulevard Murat", "surface": "asphalt", "lit": null, "length_m": 55.23, "type_element": "Way", "__fid": 5850}, "geometry": {"type": "LineString", "coordinates": [[2.2655563, 48.8389985], [2.2654959, 48.8389939], [2.2654087, 48.83899850000001], [2.2648503, 48.83915069999998]]}}, {"type": "Feature", "properties": {"highway": "footway", "footway": "sidewalk", "name": null, "surface": null, "lit": null, "length_m": 145.71, "type_element": "Way", "__fid": 5863}, "geometry": {"type": "LineString", "coordinates": [[2.2649026, 48.8373301], [2.2652224, 48.8376368], [2.2658874, 48.8382453], [2.2659725, 48.8383052], [2.2661039, 48.83836560000001]]}}, {"type": "Feature", "properties": {"highway": "footway", "footway": "sidewalk", "name": null, "surface": "asphalt", "lit": null, "length_m": 48.09, "type_element": "Way", "__fid": 5873}, "geometry": {"type": "LineString", "coordinates": [[2.2648899, 48.8392151], [2.265499260000186, 48.839056100000086]]}}, {"type": "Feature", "properties": {"highway": "footway", "footway": "sidewalk", "name": null, "surface": "asphalt", "lit": null, "length_m": 7.49, "type_element": "Way", "__fid": 5910}, "geometry": {"type": "LineString", "coordinates": [[2.2650659, 48.8405595], [2.2649669, 48.8405432]]}}, {"type": "Feature", "properties": {"highway": "footway", "footway": "crossing", "name": null, "surface": "asphalt", "lit": null, "length_m": 7.1, "type_element": "Way", "__fid": 5911}, "geometry": {"type": "LineString", "coordinates": [[2.2650413, 48.840897], [2.2649619, 48.8409334]]}}, {"type": "Feature", "properties": {"highway": "footway", "footway": "crossing", "name": null, "surface": "asphalt", "lit": "yes", "length_m": 13.36, "type_element": "Way", "__fid": 5935}, "geometry": {"type": "LineString", "coordinates": [[2.2650413, 48.840897], [2.2651574, 48.8409574], [2.265178, 48.8409754]]}}, {"type": "Feature", "properties": {"highway": "footway", "footway": "crossing", "name": null, "surface": null, "lit": "yes", "length_m": 8.52, "type_element": "Way", "__fid": 5941}, "geometry": {"type": "LineString", "coordinates": [[2.2650659, 48.8405595], [2.2650706, 48.8405742], [2.2651426, 48.84061340000002]]}}, {"type": "Feature", "properties": {"highway": "footway", "footway": "sidewalk", "name": null, "surface": "asphalt", "lit": null, "length_m": 28.98, "type_element": "Way", "__fid": 5942}, "geometry": {"type": "LineString", "coordinates": [[2.2653724, 48.8403952], [2.2650659, 48.8405595]]}}, {"type": "Feature", "properties": {"highway": "footway", "footway": "sidewalk", "name": null, "surface": null, "lit": "yes", "length_m": 43.78, "type_element": "Way", "__fid": 5971}, "geometry": {"type": "LineString", "coordinates": [[2.2651426, 48.84061340000002], [2.2654005, 48.840768], [2.2655969, 48.840868]]}}, {"type": "Feature", "properties": {"highway": "footway", "footway": "sidewalk", "name": null, "surface": null, "lit": null, "length_m": 71.96, "type_element": "Way", "__fid": 5972}, "geometry": {"type": "LineString", "coordinates": [[2.2659178, 48.84022330000003], [2.2655996, 48.8403674], [2.2654934, 48.8404291], [2.2654421, 48.8404413], [2.2652996, 48.840538], [2.2651426, 48.84061340000002]]}}, {"type": "Feature", "properties": {"highway": "footway", "footway": "sidewalk", "name": null, "surface": null, "lit": null, "length_m": 11.57, "type_element": "Way", "__fid": 5986}, "geometry": {"type": "LineString", "coordinates": [[2.2653318, 48.8409981], [2.265178, 48.8409754]]}}, {"type": "Feature", "properties": {"highway": "footway", "footway": "sidewalk", "name": null, "surface": null, "lit": null, "length_m": 13.72, "type_element": "Way", "__fid": 6014}, "geometry": {"type": "LineString", "coordinates": [[2.2654504, 48.841092], [2.2654454, 48.84108059999998], [2.2653318, 48.8409981]]}}, {"type": "Feature", "properties": {"highway": "footway", "footway": "crossing", "name": null, "surface": null, "lit": "yes", "length_m": 21.71, "type_element": "Way", "__fid": 6015}, "geometry": {"type": "LineString", "coordinates": [[2.2653318, 48.8409981], [2.2655818, 48.8408937]]}}, {"type": "Feature", "properties": {"highway": "footway", "footway": "crossing", "name": null, "surface": "asphalt", "lit": "yes", "length_m": 6.89, "type_element": "Way", "__fid": 6021}, "geometry": {"type": "LineString", "coordinates": [[2.2653724, 48.8403952], [2.26543909999993, 48.84043883333336]]}}, {"type": "Feature", "properties": {"highway": "footway", "footway": "sidewalk", "name": null, "surface": "asphalt", "lit": null, "length_m": 2.68, "type_element": "Way", "__fid": 6022}, "geometry": {"type": "LineString", "coordinates": [[2.2653817, 48.8403719], [2.2653724, 48.8403952]]}}, {"type": "Feature", "properties": {"highway": "footway", "footway": "sidewalk", "name": null, "surface": "asphalt", "lit": null, "length_m": 135.96, "type_element": "Way", "__fid": 6024}, "geometry": {"type": "LineString", "coordinates": [[2.2659763, 48.8395831], [2.2650274, 48.8399218], [2.2650289, 48.8399542], [2.2653817, 48.8403719]]}}, {"type": "Feature", "properties": {"highway": "footway", "footway": "crossing", "name": null, "surface": "asphalt", "lit": "yes", "length_m": 11.3, "type_element": "Way", "__fid": 6025}, "geometry": {"type": "LineString", "coordinates": [[2.2653817, 48.8403719], [2.2654827, 48.8403111], [2.265482, 48.8402997]]}}, {"type": "Feature", "properties": {"highway": "footway", "footway": "crossing", "name": null, "surface": null, "lit": null, "length_m": 19.09, "type_element": "Way", "__fid": 6047}, "geometry": {"type": "LineString", "coordinates": [[2.2654504, 48.841092], [2.2656409, 48.8411772], [2.2656548, 48.84119470000002]]}}, {"type": "Feature", "properties": {"highway": "footway", "footway": "sidewalk", "name": null, "surface": null, "lit": null, "length_m": 52.66, "type_element": "Way", "__fid": 6048}, "geometry": {"type": "LineString", "coordinates": [[2.265650340000152, 48.84154682000012], [2.2654504, 48.841092]]}}, {"type": "Feature", "properties": {"highway": "footway", "footway": "sidewalk", "name": null, "surface": "asphalt", "lit": null, "length_m": 69.48, "type_element": "Way", "__fid": 6058}, "geometry": {"type": "LineString", "coordinates": [[2.265499260000186, 48.839056100000086], [2.2659917, 48.8395608], [2.2659763, 48.8395831]]}}, {"type": "Feature", "properties": {"highway": "footway", "footway": "crossing", "name": null, "surface": null, "lit": "yes", "length_m": 11.15, "type_element": "Way", "__fid": 6059}, "geometry": {"type": "LineString", "coordinates": [[2.2656396, 48.8390177], [2.265499260000186, 48.839056100000086]]}}, {"type": "Feature", "properties": {"highway": "footway", "footway": "sidewalk", "name": null, "surface": "asphalt", "lit": null, "length_m": 114.82, "type_element": "Way", "__fid": 6060}, "geometry": {"type": "LineString", "coordinates": [[2.265482, 48.8402997], [2.2652316, 48.8400026], [2.2652255, 48.83999140000002], [2.2652524, 48.8399453], [2.2660604, 48.839665], [2.2661013, 48.8396751]]}}, {"type": "Feature", "properties": {"highway": "footway", "footway": "crossing", "name": null, "surface": null, "lit": null, "length_m": 14.57, "type_element": "Way", "__fid": 6075}, "geometry": {"type": "LineString", "coordinates": [[2.2655753, 48.8388786], [2.2655954, 48.8389121], [2.2656731, 48.83899210000001]]}}, {"type": "Feature", "properties": {"highway": "footway", "footway": "sidewalk", "name": null, "surface": null, "lit": null, "length_m": 43.03, "type_element": "Way", "__fid": 6076}, "geometry": {"type": "LineString", "coordinates": [[2.2655753, 48.8388786], [2.2660182, 48.838759], [2.2661122, 48.8387243]]}}, {"type": "Feature", "properties": {"highway": "footway", "footway": "sidewalk", "name": null, "surface": null, "lit": null, "length_m": 28.53, "type_element": "Way", "__fid": 6089}, "geometry": {"type": "LineString", "coordinates": [[2.2658644, 48.84106470000001], [2.265592, 48.8409158], [2.2655818, 48.8408937]]}}, {"type": "Feature", "properties": {"highway": "footway", "footway": "sidewalk", "name": null, "surface": null, "lit": null, "length_m": 3.07, "type_element": "Way", "__fid": 6090}, "geometry": {"type": "LineString", "coordinates": [[2.2655818, 48.8408937], [2.2655969, 48.840868]]}}, {"type": "Feature", "properties": {"highway": "footway", "footway": "sidewalk", "name": null, "surface": null, "lit": null, "length_m": 32.17, "type_element": "Way", "__fid": 6093}, "geometry": {"type": "LineString", "coordinates": [[2.2655969, 48.840868], [2.2659706, 48.8407168]]}}, {"type": "Feature", "properties": {"highway": "footway", "footway": "sidewalk", "name": null, "surface": "concrete", "lit": null, "length_m": 65.97, "type_element": "Way", "__fid": 6098}, "geometry": {"type": "LineString", "coordinates": [[2.2661129, 48.8395194], [2.2656419, 48.8390372], [2.2656396, 48.8390177]]}}, {"type": "Feature", "properties": {"highway": "footway", "footway": "sidewalk", "name": null, "surface": "concrete", "lit": null, "length_m": 3.76, "type_element": "Way", "__fid": 6099}, "geometry": {"type": "LineString", "coordinates": [[2.2656396, 48.8390177], [2.2656731, 48.83899210000001]]}}, {"type": "Feature", "properties": {"highway": "footway", "footway": "sidewalk", "name": null, "surface": "concrete", "lit": null, "length_m": 47.66, "type_element": "Way", "__fid": 6106}, "geometry": {"type": "LineString", "coordinates": [[2.2656731, 48.83899210000001], [2.2662778, 48.838836]]}}, {"type": "Feature", "properties": {"highway": "footway", "footway": "sidewalk", "name": null, "surface": null, "lit": null, "length_m": 95.54, "type_element": "Way", "__fid": 6111}, "geometry": {"type": "LineString", "coordinates": [[2.2659853, 48.84198720000003], [2.2659737, 48.84198779999998], [2.2659259, 48.84196140000002], [2.2659013, 48.841929], [2.2656125, 48.8412426], [2.2656348, 48.8411964], [2.2656548, 48.84119470000002]]}}, {"type": "Feature", "properties": {"highway": "footway", "footway": "sidewalk", "name": null, "surface": null, "lit": null, "length_m": 4.62, "type_element": "Way", "__fid": 6112}, "geometry": {"type": "LineString", "coordinates": [[2.2656548, 48.84119470000002], [2.2657172, 48.8411893]]}}, {"type": "Feature", "properties": {"highway": "footway", "footway": "sidewalk", "name": null, "surface": null, "lit": null, "length_m": 61.52, "type_element": "Way", "__fid": 6127}, "geometry": {"type": "LineString", "coordinates": [[2.2657172, 48.8411893], [2.2657318, 48.8412218], [2.2663523, 48.8415412]]}}, {"type": "Feature", "properties": {"highway": "footway", "footway": "traffic_island", "name": null, "surface": null, "lit": "yes", "length_m": 17.57, "type_element": "Way", "__fid": 6128}, "geometry": {"type": "LineString", "coordinates": [[2.2657172, 48.8411893], [2.2658644, 48.84106470000001]]}}, {"type": "Feature", "properties": {"highway": "service", "footway": null, "name": null, "surface": "asphalt", "lit": "yes", "length_m": 91.79, "type_element": "Way", "__fid": 6150}, "geometry": {"type": "LineString", "coordinates": [[2.2658839, 48.835315], [2.2665954, 48.8359939]]}}, {"type": "Feature", "properties": {"highway": "footway", "footway": "sidewalk", "name": null, "surface": null, "lit": null, "length_m": 20.8, "type_element": "Way", "__fid": 6169}, "geometry": {"type": "LineString", "coordinates": [[2.2660921, 48.84117470000001], [2.2660412, 48.8411586], [2.2658644, 48.84106470000001]]}}, {"type": "Feature", "properties": {"highway": "footway", "footway": "sidewalk", "name": null, "surface": null, "lit": null, "length_m": 86.18, "type_element": "Way", "__fid": 6176}, "geometry": {"type": "LineString", "coordinates": [[2.2669114, 48.83981170000001], [2.2666605, 48.8399201], [2.266288, 48.8400558], [2.2659178, 48.84022330000003]]}}, {"type": "Feature", "properties": {"highway": "footway", "footway": "sidewalk", "name": null, "surface": "asphalt", "lit": null, "length_m": 100.11, "type_element": "Way", "__fid": 6177}, "geometry": {"type": "LineString", "coordinates": [[2.2659178, 48.84022330000003], [2.2660095, 48.8402173], [2.2662974, 48.8400912], [2.267099, 48.8397848]]}}, {"type": "Feature", "properties": {"highway": "footway", "footway": "sidewalk", "name": null, "surface": "compacted", "lit": "yes", "length_m": 56.26, "type_element": "Way", "__fid": 6182}, "geometry": {"type": "LineString", "coordinates": [[2.2664294, 48.8356883], [2.266, 48.8352692]]}}, {"type": "Feature", "properties": {"highway": "footway", "footway": "crossing", "name": null, "surface": null, "lit": "yes", "length_m": 10.72, "type_element": "Way", "__fid": 6195}, "geometry": {"type": "LineString", "coordinates": [[2.2659763, 48.8395831], [2.266060266666664, 48.839661933333325]]}}, {"type": "Feature", "properties": {"highway": "footway", "footway": "sidewalk", "name": null, "surface": null, "lit": null, "length_m": 41.54, "type_element": "Way", "__fid": 6199}, "geometry": {"type": "LineString", "coordinates": [[2.2662526, 48.8404775], [2.2659057, 48.8406252], [2.2659706, 48.8407168]]}}, {"type": "Feature", "properties": {"highway": "footway", "footway": "sidewalk", "name": null, "surface": null, "lit": null, "length_m": 11.86, "type_element": "Way", "__fid": 6200}, "geometry": {"type": "LineString", "coordinates": [[2.2659706, 48.8407168], [2.2660961, 48.8406663], [2.2661102, 48.8406687]]}}, {"type": "Feature", "properties": {"highway": "footway", "footway": "crossing", "name": null, "surface": null, "lit": "yes", "length_m": 9.59, "type_element": "Way", "__fid": 6203}, "geometry": {"type": "LineString", "coordinates": [[2.265999900000047, 48.83956020000016], [2.2661027, 48.839528499999986], [2.2661129, 48.8395194]]}}, {"type": "Feature", "properties": {"highway": "footway", "footway": "crossing", "name": null, "surface": null, "lit": null, "length_m": 17.5, "type_element": "Way", "__fid": 6234}, "geometry": {"type": "LineString", "coordinates": [[2.2661122, 48.8387243], [2.2662493, 48.83882590000001], [2.2662778, 48.838836]]}}, {"type": "Feature", "properties": {"highway": "footway", "footway": "crossing", "name": null, "surface": null, "lit": "yes", "length_m": 18.28, "type_element": "Way", "__fid": 6235}, "geometry": {"type": "LineString", "coordinates": [[2.2663122, 48.83862640000001], [2.2661122, 48.8387243]]}}, {"type": "Feature", "properties": {"highway": "footway", "footway": "crossing", "name": null, "surface": null, "lit": "yes", "length_m": 10.18, "type_element": "Way", "__fid": 6236}, "geometry": {"type": "LineString", "coordinates": [[2.2661013, 48.8396751], [2.2661092, 48.8396666], [2.2662222, 48.8396335]]}}, {"type": "Feature", "properties": {"highway": "footway", "footway": "sidewalk", "name": null, "surface": "concrete", "lit": null, "length_m": 53.19, "type_element": "Way", "__fid": 6237}, "geometry": {"type": "LineString", "coordinates": [[2.2667339, 48.8392961], [2.2667137, 48.8393176], [2.2661514, 48.83952750000001], [2.2661129, 48.8395194]]}}, {"type": "Feature", "properties": {"highway": "footway", "footway": "crossing", "name": null, "surface": null, "lit": null, "length_m": 13.23, "type_element": "Way", "__fid": 6238}, "geometry": {"type": "LineString", "coordinates": [[2.2660921, 48.84117470000001], [2.2662353, 48.841247]]}}, {"type": "Feature", "properties": {"highway": "footway", "footway": "sidewalk", "name": null, "surface": null, "lit": null, "length_m": 58.13, "type_element": "Way", "__fid": 6239}, "geometry": {"type": "LineString", "coordinates": [[2.2661102, 48.8406687], [2.2661348, 48.840673], [2.2661378, 48.8407118], [2.2661175, 48.8411419], [2.2660921, 48.84117470000001]]}}, {"type": "Feature", "properties": {"highway": "footway", "footway": "sidewalk", "name": null, "surface": null, "lit": null, "length_m": 13.53, "type_element": "Way", "__fid": 6240}, "geometry": {"type": "LineString", "coordinates": [[2.2661102, 48.8406687], [2.266141, 48.8406447], [2.2662567, 48.8405967]]}}, {"type": "Feature", "properties": {"highway": "footway", "footway": "crossing", "name": null, "surface": null, "lit": "yes", "length_m": 10.49, "type_element": "Way", "__fid": 6245}, "geometry": {"type": "LineString", "coordinates": [[2.26615020000006, 48.83953263333335], [2.2662204, 48.8396039], [2.2662344, 48.83960540000001]]}}, {"type": "Feature", "properties": {"highway": "footway", "footway": "sidewalk", "name": null, "surface": null, "lit": null, "length_m": 15.06, "type_element": "Way", "__fid": 6248}, "geometry": {"type": "LineString", "coordinates": [[2.2661812, 48.8385222], [2.2663122, 48.83862640000001]]}}, {"type": "Feature", "properties": {"highway": "footway", "footway": "sidewalk", "name": null, "surface": null, "lit": null, "length_m": 32.18, "type_element": "Way", "__fid": 6259}, "geometry": {"type": "LineString", "coordinates": [[2.2664643, 48.8398748], [2.2662222, 48.8396335]]}}, {"type": "Feature", "properties": {"highway": "footway", "footway": "sidewalk", "name": null, "surface": null, "lit": null, "length_m": 3.25, "type_element": "Way", "__fid": 6260}, "geometry": {"type": "LineString", "coordinates": [[2.2662222, 48.8396335], [2.2662344, 48.83960540000001]]}}, {"type": "Feature", "properties": {"highway": "footway", "footway": "sidewalk", "name": null, "surface": null, "lit": null, "length_m": 49.82, "type_element": "Way", "__fid": 6263}, "geometry": {"type": "LineString", "coordinates": [[2.2662344, 48.83960540000001], [2.2668016, 48.8393947], [2.266828, 48.83940070000002]]}}, {"type": "Feature", "properties": {"highway": "footway", "footway": "sidewalk", "name": null, "surface": null, "lit": null, "length_m": 27.05, "type_element": "Way", "__fid": 6272}, "geometry": {"type": "LineString", "coordinates": [[2.2665248, 48.8413976], [2.2662353, 48.841247]]}}, {"type": "Feature", "properties": {"highway": "footway", "footway": "sidewalk", "name": null, "surface": null, "lit": null, "length_m": 72.52, "type_element": "Way", "__fid": 6273}, "geometry": {"type": "LineString", "coordinates": [[2.2662353, 48.841247], [2.2662245, 48.8412308], [2.2662567, 48.8405967]]}}, {"type": "Feature", "properties": {"highway": "footway", "footway": "sidewalk", "name": null, "surface": null, "lit": null, "length_m": 96.87, "type_element": "Way", "__fid": 6276}, "geometry": {"type": "LineString", "coordinates": [[2.2662526, 48.8404775], [2.2662647, 48.8404588], [2.2665118, 48.8403485], [2.2671122, 48.84002779999999], [2.2672878, 48.83994220000001]]}}, {"type": "Feature", "properties": {"highway": "footway", "footway": "sidewalk", "name": null, "surface": null, "lit": null, "length_m": 80.85, "type_element": "Way", "__fid": 6277}, "geometry": {"type": "LineString", "coordinates": [[2.267132499999917, 48.84004106666669], [2.2665181, 48.8403623], [2.2662526, 48.8404775]]}}, {"type": "Feature", "properties": {"highway": "footway", "footway": "sidewalk", "name": null, "surface": null, "lit": null, "length_m": 1.64, "type_element": "Way", "__fid": 6278}, "geometry": {"type": "LineString", "coordinates": [[2.2662778, 48.838836], [2.2662975, 48.83884290000001]]}}, {"type": "Feature", "properties": {"highway": "footway", "footway": "sidewalk", "name": null, "surface": null, "lit": null, "length_m": 106.84, "type_element": "Way", "__fid": 6279}, "geometry": {"type": "LineString", "coordinates": [[2.2662567, 48.8405967], [2.2674511, 48.8400475]]}}, {"type": "Feature", "properties": {"highway": "footway", "footway": "sidewalk", "name": null, "surface": null, "lit": null, "length_m": 59.71, "type_element": "Way", "__fid": 6285}, "geometry": {"type": "LineString", "coordinates": [[2.2662975, 48.83884290000001], [2.2667339, 48.8392961]]}}, {"type": "Feature", "properties": {"highway": "footway", "footway": "crossing", "name": null, "surface": null, "lit": "yes", "length_m": 14.62, "type_element": "Way", "__fid": 6286}, "geometry": {"type": "LineString", "coordinates": [[2.2664579, 48.8387649], [2.2662975, 48.83884290000001]]}}, {"type": "Feature", "properties": {"highway": "footway", "footway": "sidewalk", "name": null, "surface": null, "lit": null, "length_m": 18.75, "type_element": "Way", "__fid": 6292}, "geometry": {"type": "LineString", "coordinates": [[2.2663122, 48.83862640000001], [2.2664579, 48.8387649]]}}, {"type": "Feature", "properties": {"highway": "footway", "footway": "crossing", "name": null, "surface": "asphalt", "lit": "yes", "length_m": 9.72, "type_element": "Way", "__fid": 6314}, "geometry": {"type": "LineString", "coordinates": [[2.266349466666862, 48.8399183000001], [2.2664643, 48.8398748]]}}, {"type": "Feature", "properties": {"highway": "footway", "footway": "sidewalk", "name": null, "surface": "compacted", "lit": "yes", "length_m": 37.22, "type_element": "Way", "__fid": 6316}, "geometry": {"type": "LineString", "coordinates": [[2.2667407, 48.83595119999998], [2.266673, 48.8359108], [2.2664294, 48.8356883]]}}, {"type": "Feature", "properties": {"highway": "footway", "footway": "crossing", "name": null, "surface": null, "lit": "yes", "length_m": 68.84, "type_element": "Way", "__fid": 6317}, "geometry": {"type": "LineString", "coordinates": [[2.2664294, 48.8356883], [2.2666963, 48.835573], [2.2665334, 48.8354233], [2.2666057, 48.835394], [2.2666339, 48.8353642], [2.2667689, 48.8352928], [2.2667775, 48.8352748]]}}, {"type": "Feature", "properties": {"highway": "footway", "footway": "crossing", "name": null, "surface": null, "lit": "yes", "length_m": 20.38, "type_element": "Way", "__fid": 6319}, "geometry": {"type": "LineString", "coordinates": [[2.2663523, 48.8415412], [2.2665248, 48.8413976]]}}, {"type": "Feature", "properties": {"highway": "footway", "footway": "sidewalk", "name": null, "surface": null, "lit": null, "length_m": 120.12, "type_element": "Way", "__fid": 6334}, "geometry": {"type": "LineString", "coordinates": [[2.2664579, 48.8387649], [2.267332768574049, 48.83967788334127]]}}, {"type": "Feature", "properties": {"highway": "footway", "footway": "sidewalk", "name": null, "surface": null, "lit": null, "length_m": 50.72, "type_element": "Way", "__fid": 6339}, "geometry": {"type": "LineString", "coordinates": [[2.267044, 48.83962660000001], [2.2664643, 48.8398748]]}}, {"type": "Feature", "properties": {"highway": "service", "footway": null, "name": null, "surface": "asphalt", "lit": "yes", "length_m": 23.74, "type_element": "Way", "__fid": 6354}, "geometry": {"type": "LineString", "coordinates": [[2.2665954, 48.8359939], [2.2667918, 48.8361635]]}}, {"type": "Feature", "properties": {"highway": "service", "footway": null, "name": null, "surface": "asphalt", "lit": "yes", "length_m": 11.67, "type_element": "Way", "__fid": 6355}, "geometry": {"type": "LineString", "coordinates": [[2.2665954, 48.8359939], [2.2667407, 48.83595119999998]]}}, {"type": "Feature", "properties": {"highway": "footway", "footway": "sidewalk", "name": null, "surface": null, "lit": null, "length_m": 3.31, "type_element": "Way", "__fid": 6356}, "geometry": {"type": "LineString", "coordinates": [[2.2665699, 48.8413976], [2.2665248, 48.8413976]]}}, {"type": "Feature", "properties": {"highway": "footway", "footway": "crossing", "name": null, "surface": null, "lit": null, "length_m": 16.28, "type_element": "Way", "__fid": 6370}, "geometry": {"type": "LineString", "coordinates": [[2.2665699, 48.8413976], [2.2665689, 48.841414499999985], [2.2666983, 48.8414846], [2.2667264, 48.8414889]]}}, {"type": "Feature", "properties": {"highway": "footway", "footway": "sidewalk", "name": null, "surface": null, "lit": null, "length_m": 135.96, "type_element": "Way", "__fid": 6371}, "geometry": {"type": "LineString", "coordinates": [[2.268095033333124, 48.84071266666674], [2.2668097, 48.8412701], [2.2665972, 48.8413976], [2.2665699, 48.8413976]]}}, {"type": "Feature", "properties": {"highway": "footway", "footway": "sidewalk", "name": null, "surface": "asphalt", "lit": "yes", "length_m": 275.78, "type_element": "Way", "__fid": 6394}, "geometry": {"type": "LineString", "coordinates": [[2.2686723, 48.8380681], [2.2682871, 48.8375119], [2.2680764, 48.8372436], [2.2673718, 48.8365071], [2.2667759, 48.8359953], [2.2667407, 48.83595119999998]]}}, {"type": "Feature", "properties": {"highway": "service", "footway": null, "name": null, "surface": "asphalt", "lit": null, "length_m": 40.68, "type_element": "Way", "__fid": 6395}, "geometry": {"type": "LineString", "coordinates": [[2.2667407, 48.83595119999998], [2.2672105, 48.8357571]]}}, {"type": "Feature", "properties": {"highway": "footway", "footway": "crossing", "name": null, "surface": null, "lit": "yes", "length_m": 13.53, "type_element": "Way", "__fid": 6407}, "geometry": {"type": "LineString", "coordinates": [[2.2667339, 48.8392961], [2.266828, 48.83940070000002]]}}, {"type": "Feature", "properties": {"highway": "service", "footway": null, "name": null, "surface": "asphalt", "lit": "yes", "length_m": 84.43, "type_element": "Way", "__fid": 6420}, "geometry": {"type": "LineString", "coordinates": [[2.2671948, 48.836500600000015], [2.2669816, 48.83658619999998], [2.2668951, 48.8365849], [2.2668368, 48.8365473], [2.2666054, 48.836283], [2.2666155, 48.83625069999998], [2.2667918, 48.8361635]]}}, {"type": "Feature", "properties": {"highway": "footway", "footway": "sidewalk", "name": null, "surface": null, "lit": null, "length_m": 109.64, "type_element": "Way", "__fid": 6425}, "geometry": {"type": "LineString", "coordinates": [[2.267931, 48.8409182], [2.2669415, 48.8413495], [2.266724, 48.8414792], [2.2667264, 48.8414889]]}}, {"type": "Feature", "properties": {"highway": "footway", "footway": "sidewalk", "name": null, "surface": null, "lit": null, "length_m": 29.7, "type_element": "Way", "__fid": 6435}, "geometry": {"type": "LineString", "coordinates": [[2.266828, 48.83940070000002], [2.267044, 48.83962660000001]]}}, {"type": "Feature", "properties": {"highway": "steps", "footway": null, "name": null, "surface": "asphalt", "lit": null, "length_m": 18.05, "type_element": "Way", "__fid": 6451}, "geometry": {"type": "LineString", "coordinates": [[2.267099, 48.8397848], [2.2670791, 48.8397648], [2.2669293, 48.8398287], [2.2669114, 48.83981170000001]]}}, {"type": "Feature", "properties": {"highway": "footway", "footway": "sidewalk", "name": null, "surface": "asphalt", "lit": "yes", "length_m": 19.18, "type_element": "Way", "__fid": 6452}, "geometry": {"type": "LineString", "coordinates": [[2.2669114, 48.83981170000001], [2.267131668882594, 48.83971890799684]]}}, {"type": "Feature", "properties": {"highway": "footway", "footway": "sidewalk", "name": null, "surface": null, "lit": "yes", "length_m": 413.55, "type_element": "Way", "__fid": 6460}, "geometry": {"type": "LineString", "coordinates": [[2.267042, 48.8352539], [2.2671179, 48.83527], [2.2672651, 48.8354541], [2.2672533, 48.835596], [2.267323, 48.83570870000001], [2.2674382, 48.83582480000001], [2.2685266, 48.837028], [2.2687186, 48.837262], [2.2691301, 48.8378502], [2.2693095, 48.8380557], [2.2697202, 48.8384796]]}}, {"type": "Feature", "properties": {"highway": "footway", "footway": "crossing", "name": null, "surface": null, "lit": null, "length_m": 11.5, "type_element": "Way", "__fid": 6472}, "geometry": {"type": "LineString", "coordinates": [[2.267044, 48.83962660000001], [2.267126866666441, 48.8397143333334]]}}, {"type": "Feature", "properties": {"highway": "footway", "footway": "sidewalk", "name": null, "surface": null, "lit": null, "length_m": 6.14, "type_element": "Way", "__fid": 6479}, "geometry": {"type": "LineString", "coordinates": [[2.267099, 48.8397848], [2.267167606251847, 48.839753142443946]]}}, {"type": "Feature", "properties": {"highway": "footway", "footway": "sidewalk", "name": null, "surface": null, "lit": null, "length_m": 0.62, "type_element": "Way", "__fid": 6485}, "geometry": {"type": "LineString", "coordinates": [[2.267126866666441, 48.8397143333334], [2.267131668882594, 48.83971890799684]]}}, {"type": "Feature", "properties": {"highway": "footway", "footway": "sidewalk", "name": null, "surface": null, "lit": null, "length_m": 4.63, "type_element": "Way", "__fid": 6486}, "geometry": {"type": "LineString", "coordinates": [[2.267131668882594, 48.83971890799684], [2.267167606251847, 48.839753142443946]]}}, {"type": "Feature", "properties": {"highway": "steps", "footway": null, "name": null, "surface": null, "lit": null, "length_m": 17.93, "type_element": "Way", "__fid": 6487}, "geometry": {"type": "LineString", "coordinates": [[2.267132499999917, 48.84004106666669], [2.2673055, 48.8399595], [2.2672878, 48.83994220000001]]}}, {"type": "Feature", "properties": {"highway": "footway", "footway": "sidewalk", "name": null, "surface": null, "lit": null, "length_m": 19.18, "type_element": "Way", "__fid": 6488}, "geometry": {"type": "LineString", "coordinates": [[2.2673572, 48.839953], [2.267132499999917, 48.84004106666669]]}}, {"type": "Feature", "properties": {"highway": "service", "footway": null, "name": null, "surface": "concrete", "lit": "yes", "length_m": 205.93, "type_element": "Way", "__fid": 6492}, "geometry": {"type": "LineString", "coordinates": [[2.2671948, 48.836500600000015], [2.2677469, 48.8370021], [2.2679772, 48.83724590000001], [2.2681529, 48.8374633], [2.2684063, 48.83783810000001], [2.268632, 48.8380845]]}}, {"type": "Feature", "properties": {"highway": "footway", "footway": "sidewalk", "name": null, "surface": null, "lit": null, "length_m": 22.37, "type_element": "Way", "__fid": 6496}, "geometry": {"type": "LineString", "coordinates": [[2.267167606251847, 48.839753142443946], [2.267341177707104, 48.83991848827139]]}}, {"type": "Feature", "properties": {"highway": "footway", "footway": "sidewalk", "name": null, "surface": "asphalt", "lit": "yes", "length_m": 14.73, "type_element": "Way", "__fid": 6497}, "geometry": {"type": "LineString", "coordinates": [[2.267332768574049, 48.83967788334127], [2.267167606251847, 48.839753142443946]]}}, {"type": "Feature", "properties": {"highway": "footway", "footway": "sidewalk", "name": null, "surface": "asphalt", "lit": "yes", "length_m": 4.72, "type_element": "Way", "__fid": 6535}, "geometry": {"type": "LineString", "coordinates": [[2.2672878, 48.83994220000001], [2.267341177707104, 48.83991848827139]]}}, {"type": "Feature", "properties": {"highway": "footway", "footway": "sidewalk", "name": null, "surface": null, "lit": null, "length_m": 22.37, "type_element": "Way", "__fid": 6565}, "geometry": {"type": "LineString", "coordinates": [[2.267332768574049, 48.83967788334127], [2.267498366259611, 48.83984673838829]]}}, {"type": "Feature", "properties": {"highway": "footway", "footway": "sidewalk", "name": null, "surface": "asphalt", "lit": "yes", "length_m": 166.02, "type_element": "Way", "__fid": 6566}, "geometry": {"type": "LineString", "coordinates": [[2.269194227880432, 48.838829645683], [2.267332768574049, 48.83967788334127]]}}, {"type": "Feature", "properties": {"highway": "footway", "footway": "sidewalk", "name": null, "surface": null, "lit": null, "length_m": 4.37, "type_element": "Way", "__fid": 6568}, "geometry": {"type": "LineString", "coordinates": [[2.267341177707104, 48.83991848827139], [2.2673625, 48.8399388], [2.2673572, 48.839953]]}}, {"type": "Feature", "properties": {"highway": "footway", "footway": "sidewalk", "name": null, "surface": "asphalt", "lit": "yes", "length_m": 14.03, "type_element": "Way", "__fid": 6569}, "geometry": {"type": "LineString", "coordinates": [[2.267341177707104, 48.83991848827139], [2.267498366259611, 48.83984673838829]]}}, {"type": "Feature", "properties": {"highway": "footway", "footway": "crossing", "name": null, "surface": null, "lit": "yes", "length_m": 12.57, "type_element": "Way", "__fid": 6577}, "geometry": {"type": "LineString", "coordinates": [[2.2673572, 48.839953], [2.2674511, 48.8400475]]}}, {"type": "Feature", "properties": {"highway": "footway", "footway": "sidewalk", "name": null, "surface": null, "lit": null, "length_m": 84.99, "type_element": "Way", "__fid": 6596}, "geometry": {"type": "LineString", "coordinates": [[2.2674511, 48.8400475], [2.2680816, 48.8406886]]}}, {"type": "Feature", "properties": {"highway": "footway", "footway": "sidewalk", "name": null, "surface": null, "lit": null, "length_m": 101.3, "type_element": "Way", "__fid": 6618}, "geometry": {"type": "LineString", "coordinates": [[2.267498366259611, 48.83984673838829], [2.2682465, 48.8406123]]}}, {"type": "Feature", "properties": {"highway": "footway", "footway": "sidewalk", "name": null, "surface": "asphalt", "lit": "yes", "length_m": 165.4, "type_element": "Way", "__fid": 6619}, "geometry": {"type": "LineString", "coordinates": [[2.267498366259611, 48.83984673838829], [2.269351876385586, 48.83900065909173]]}}, {"type": "Feature", "properties": {"highway": "service", "footway": null, "name": null, "surface": null, "lit": null, "length_m": 6.93, "type_element": "Way", "__fid": 6711}, "geometry": {"type": "LineString", "coordinates": [[2.2678816, 48.8408651], [2.267931, 48.8409182]]}}, {"type": "Feature", "properties": {"highway": "service", "footway": null, "name": "Voie BR/15", "surface": null, "lit": null, "length_m": 43.5, "type_element": "Way", "__fid": 6724}, "geometry": {"type": "LineString", "coordinates": [[2.2683386, 48.8355751], [2.2682413, 48.8354165], [2.2681568, 48.8353436], [2.2679958, 48.8352718]]}}, {"type": "Feature", "properties": {"highway": "service", "footway": null, "name": null, "surface": null, "lit": null, "length_m": 16.77, "type_element": "Way", "__fid": 6730}, "geometry": {"type": "LineString", "coordinates": [[2.267931, 48.8409182], [2.2680563, 48.8410443]]}}, {"type": "Feature", "properties": {"highway": "footway", "footway": "sidewalk", "name": null, "surface": null, "lit": null, "length_m": 23.71, "type_element": "Way", "__fid": 6731}, "geometry": {"type": "LineString", "coordinates": [[2.268198259999807, 48.84079844000006], [2.267931, 48.8409182]]}}, {"type": "Feature", "properties": {"highway": "service", "footway": null, "name": null, "surface": null, "lit": null, "length_m": 176.88, "type_element": "Way", "__fid": 6752}, "geometry": {"type": "LineString", "coordinates": [[2.2680563, 48.8410443], [2.2682932, 48.8412816], [2.2682959, 48.8413055], [2.2682758, 48.8413311], [2.267683, 48.8415808], [2.2676495, 48.84157910000001], [2.2676159, 48.8415614], [2.2675771, 48.841512], [2.2675717, 48.8414926], [2.2675878, 48.841474], [2.2678654, 48.8413681], [2.2679083, 48.841377], [2.2679593, 48.8413717], [2.2680384, 48.8413372], [2.2680451, 48.8413169], [2.2680344, 48.8412781], [2.2679995, 48.8412419], [2.2680563, 48.8410443]]}}, {"type": "Feature", "properties": {"highway": "footway", "footway": "sidewalk", "name": null, "surface": null, "lit": null, "length_m": 2.85, "type_element": "Way", "__fid": 6756}, "geometry": {"type": "LineString", "coordinates": [[2.268095033333124, 48.84071266666674], [2.2680816, 48.8406886]]}}, {"type": "Feature", "properties": {"highway": "footway", "footway": "crossing", "name": null, "surface": null, "lit": "yes", "length_m": 14.78, "type_element": "Way", "__fid": 6757}, "geometry": {"type": "LineString", "coordinates": [[2.2680816, 48.8406886], [2.2682465, 48.8406123]]}}, {"type": "Feature", "properties": {"highway": "footway", "footway": "crossing", "name": null, "surface": null, "lit": null, "length_m": 12.18, "type_element": "Way", "__fid": 6758}, "geometry": {"type": "LineString", "coordinates": [[2.268198259999807, 48.84079844000006], [2.268095033333124, 48.84071266666674]]}}, {"type": "Feature", "properties": {"highway": "footway", "footway": "sidewalk", "name": null, "surface": null, "lit": null, "length_m": 6.0, "type_element": "Way", "__fid": 6794}, "geometry": {"type": "LineString", "coordinates": [[2.2682709, 48.8408231], [2.268198259999807, 48.84079844000006]]}}, {"type": "Feature", "properties": {"highway": "steps", "footway": null, "name": null, "surface": null, "lit": null, "length_m": 21.1, "type_element": "Way", "__fid": 6795}, "geometry": {"type": "LineString", "coordinates": [[2.2682188, 48.8405181], [2.2681987, 48.8405256], [2.2682972, 48.8406338], [2.2682751, 48.840639099999976], [2.2682465, 48.8406123]]}}, {"type": "Feature", "properties": {"highway": "service", "footway": null, "name": null, "surface": null, "lit": "yes", "length_m": 49.46, "type_element": "Way", "__fid": 6816}, "geometry": {"type": "LineString", "coordinates": [[2.2683386, 48.8355751], [2.2685391, 48.83599979999999]]}}, {"type": "Feature", "properties": {"highway": "service", "footway": null, "name": null, "surface": null, "lit": null, "length_m": 40.65, "type_element": "Way", "__fid": 6817}, "geometry": {"type": "LineString", "coordinates": [[2.2688041, 48.8354066], [2.2686152, 48.8354352], [2.2684674, 48.8354727], [2.2683386, 48.8355751]]}}, {"type": "Feature", "properties": {"highway": "footway", "footway": "sidewalk", "name": null, "surface": null, "lit": null, "length_m": 206.17, "type_element": "Way", "__fid": 6820}, "geometry": {"type": "LineString", "coordinates": [[2.2697811, 48.8423862], [2.2688082, 48.8413942], [2.2685799, 48.8411368], [2.2682709, 48.8408231]]}}, {"type": "Feature", "properties": {"highway": "footway", "footway": "sidewalk", "name": null, "surface": null, "lit": null, "length_m": 214.52, "type_element": "Way", "__fid": 6821}, "geometry": {"type": "LineString", "coordinates": [[2.2682709, 48.8408231], [2.2683582, 48.84078370000002], [2.2684354, 48.8408222], [2.268597, 48.8409979], [2.2698985, 48.8423359]]}}, {"type": "Feature", "properties": {"highway": "service", "footway": null, "name": null, "surface": null, "lit": "yes", "length_m": 8.98, "type_element": "Way", "__fid": 6872}, "geometry": {"type": "LineString", "coordinates": [[2.2685391, 48.83599979999999], [2.2685842, 48.8360749]]}}, {"type": "Feature", "properties": {"highway": "service", "footway": null, "name": null, "surface": null, "lit": "yes", "length_m": 33.15, "type_element": "Way", "__fid": 6873}, "geometry": {"type": "LineString", "coordinates": [[2.2686286, 48.8357848], [2.2687054, 48.835958300000016], [2.2685391, 48.83599979999999]]}}, {"type": "Feature", "properties": {"highway": "service", "footway": null, "name": null, "surface": null, "lit": "yes", "length_m": 32.14, "type_element": "Way", "__fid": 6891}, "geometry": {"type": "LineString", "coordinates": [[2.2685842, 48.8360749], [2.2687336, 48.8363466]]}}, {"type": "Feature", "properties": {"highway": "service", "footway": null, "name": null, "surface": null, "lit": "yes", "length_m": 138.53, "type_element": "Way", "__fid": 6892}, "geometry": {"type": "LineString", "coordinates": [[2.2685842, 48.8360749], [2.2688396, 48.8360146], [2.2690236, 48.8360095], [2.2698052, 48.836089], [2.269891, 48.8361279], [2.2699315, 48.83617180000001], [2.2699285, 48.836240900000014], [2.2698684, 48.8364714]]}}, {"type": "Feature", "properties": {"highway": "service", "footway": null, "name": null, "surface": "concrete", "lit": "yes", "length_m": 5.52, "type_element": "Way", "__fid": 6910}, "geometry": {"type": "LineString", "coordinates": [[2.2686714, 48.8381268], [2.268632, 48.8380845]]}}, {"type": "Feature", "properties": {"highway": "footway", "footway": null, "name": null, "surface": "paving_stones", "lit": "yes", "length_m": 98.75, "type_element": "Way", "__fid": 6911}, "geometry": {"type": "LineString", "coordinates": [[2.269194227880432, 48.838829645683], [2.2685973, 48.83818210000001], [2.2686293, 48.838157], [2.2685851, 48.8381034], [2.268632, 48.8380845]]}}, {"type": "Feature", "properties": {"highway": "footway", "footway": "crossing", "name": null, "surface": "asphalt", "lit": "yes", "length_m": 3.47, "type_element": "Way", "__fid": 6912}, "geometry": {"type": "LineString", "coordinates": [[2.268632, 48.8380845], [2.2686723, 48.8380681]]}}, {"type": "Feature", "properties": {"highway": "service", "footway": null, "name": null, "surface": "concrete", "lit": "yes", "length_m": 21.38, "type_element": "Way", "__fid": 6921}, "geometry": {"type": "LineString", "coordinates": [[2.2688795, 48.8382614], [2.2686714, 48.8381268]]}}, {"type": "Feature", "properties": {"highway": "footway", "footway": "sidewalk", "name": null, "surface": null, "lit": "yes", "length_m": 86.98, "type_element": "Way", "__fid": 6922}, "geometry": {"type": "LineString", "coordinates": [[2.2686714, 48.8381268], [2.268664, 48.8381506], [2.2687921, 48.8382726], [2.2689358, 48.8384438], [2.269263535035287, 48.838796499602545]]}}, {"type": "Feature", "properties": {"highway": "footway", "footway": "sidewalk", "name": null, "surface": null, "lit": "yes", "length_m": 6.78, "type_element": "Way", "__fid": 6923}, "geometry": {"type": "LineString", "coordinates": [[2.2686723, 48.8380681], [2.2686843, 48.8380942], [2.2686714, 48.8381268]]}}, {"type": "Feature", "properties": {"highway": "service", "footway": null, "name": null, "surface": null, "lit": "yes", "length_m": 89.14, "type_element": "Way", "__fid": 6935}, "geometry": {"type": "LineString", "coordinates": [[2.2687336, 48.8363466], [2.2691354, 48.8371031]]}}, {"type": "Feature", "properties": {"highway": "footway", "footway": null, "name": null, "surface": null, "lit": "yes", "length_m": 23.0, "type_element": "Way", "__fid": 6936}, "geometry": {"type": "LineString", "coordinates": [[2.2687336, 48.8363466], [2.2687686, 48.83631779999999], [2.2688122, 48.8363033], [2.2688585, 48.8363006], [2.2690181, 48.83631959999998]]}}, {"type": "Feature", "properties": {"highway": "service", "footway": null, "name": null, "surface": null, "lit": "yes", "length_m": 13.16, "type_element": "Way", "__fid": 7056}, "geometry": {"type": "LineString", "coordinates": [[2.2691354, 48.8371031], [2.2691962, 48.8372144]]}}, {"type": "Feature", "properties": {"highway": "footway", "footway": null, "name": null, "surface": null, "lit": "yes", "length_m": 144.85, "type_element": "Way", "__fid": 7057}, "geometry": {"type": "LineString", "coordinates": [[2.2702756, 48.838065], [2.2702397, 48.83804], [2.2700645, 48.837872], [2.2699505, 48.8377867], [2.2698256, 48.837752], [2.2695952, 48.8375845], [2.2695186, 48.837558], [2.2693926, 48.8374991], [2.2692735, 48.8374148], [2.2692094, 48.83733820000001], [2.2690862, 48.8371135], [2.2691354, 48.8371031]]}}, {"type": "Feature", "properties": {"highway": "footway", "footway": null, "name": null, "surface": null, "lit": "yes", "length_m": 50.72, "type_element": "Way", "__fid": 7058}, "geometry": {"type": "LineString", "coordinates": [[2.2691354, 48.8371031], [2.2692404, 48.8370794], [2.2693326, 48.8367014]]}}, {"type": "Feature", "properties": {"highway": "service", "footway": null, "name": null, "surface": null, "lit": "yes", "length_m": 43.04, "type_element": "Way", "__fid": 7072}, "geometry": {"type": "LineString", "coordinates": [[2.2691962, 48.8372144], [2.2692767, 48.83735820000002], [2.2693606, 48.8374343], [2.2695278, 48.8375199]]}}, {"type": "Feature", "properties": {"highway": "service", "footway": null, "name": null, "surface": null, "lit": "yes", "length_m": 34.23, "type_element": "Way", "__fid": 7073}, "geometry": {"type": "LineString", "coordinates": [[2.26963733578225, 48.83711452728703], [2.2691962, 48.8372144]]}}, {"type": "Feature", "properties": {"highway": "footway", "footway": null, "name": null, "surface": "paving_stones", "lit": "yes", "length_m": 22.26, "type_element": "Way", "__fid": 7083}, "geometry": {"type": "LineString", "coordinates": [[2.269351876385586, 48.83900065909173], [2.269194227880432, 48.838829645683]]}}, {"type": "Feature", "properties": {"highway": "footway", "footway": "sidewalk", "name": null, "surface": "asphalt", "lit": "yes", "length_m": 6.28, "type_element": "Way", "__fid": 7084}, "geometry": {"type": "LineString", "coordinates": [[2.269263535035287, 48.838796499602545], [2.269194227880432, 48.838829645683]]}}, {"type": "Feature", "properties": {"highway": "footway", "footway": "sidewalk", "name": null, "surface": null, "lit": "yes", "length_m": 22.63, "type_element": "Way", "__fid": 7105}, "geometry": {"type": "LineString", "coordinates": [[2.269263535035287, 48.838796499602545], [2.269425823418885, 48.83896956155755]]}}, {"type": "Feature", "properties": {"highway": "footway", "footway": "sidewalk", "name": null, "surface": "asphalt", "lit": "yes", "length_m": 16.23, "type_element": "Way", "__fid": 7106}, "geometry": {"type": "LineString", "coordinates": [[2.269437919999767, 48.838706800000075], [2.269263535035287, 48.838796499602545]]}}, {"type": "Feature", "properties": {"highway": "footway", "footway": null, "name": null, "surface": "paving_stones", "lit": "yes", "length_m": 250.43, "type_element": "Way", "__fid": 7130}, "geometry": {"type": "LineString", "coordinates": [[2.2711167, 48.840928], [2.2708916, 48.8406647], [2.269351876385586, 48.83900065909173]]}}, {"type": "Feature", "properties": {"highway": "footway", "footway": "sidewalk", "name": null, "surface": "asphalt", "lit": "yes", "length_m": 6.44, "type_element": "Way", "__fid": 7131}, "geometry": {"type": "LineString", "coordinates": [[2.269351876385586, 48.83900065909173], [2.269425823418885, 48.83896956155755]]}}, {"type": "Feature", "properties": {"highway": "footway", "footway": "sidewalk", "name": null, "surface": null, "lit": "yes", "length_m": 240.26, "type_element": "Way", "__fid": 7146}, "geometry": {"type": "LineString", "coordinates": [[2.269425823418885, 48.83896956155755], [2.2704765, 48.8401051], [2.2706096, 48.8402211], [2.2707931, 48.8403221], [2.2710018, 48.84041340000001], [2.2710717, 48.84046390000001], [2.2712567, 48.84068409999998], [2.2713117, 48.840664]]}}, {"type": "Feature", "properties": {"highway": "footway", "footway": "sidewalk", "name": null, "surface": "asphalt", "lit": "yes", "length_m": 17.69, "type_element": "Way", "__fid": 7147}, "geometry": {"type": "LineString", "coordinates": [[2.269425823418885, 48.83896956155755], [2.2696431, 48.8389008]]}}, {"type": "Feature", "properties": {"highway": "footway", "footway": "crossing", "name": null, "surface": null, "lit": "yes", "length_m": 26.31, "type_element": "Way", "__fid": 7150}, "geometry": {"type": "LineString", "coordinates": [[2.2696431, 48.8389008], [2.269437919999767, 48.838706800000075]]}}, {"type": "Feature", "properties": {"highway": "footway", "footway": "crossing", "name": null, "surface": null, "lit": "yes", "length_m": 35.74, "type_element": "Way", "__fid": 7151}, "geometry": {"type": "LineString", "coordinates": [[2.269437919999767, 48.838706800000075], [2.2694667, 48.8386742], [2.2694824, 48.8386334], [2.2694697, 48.8385934], [2.2697202, 48.8384796]]}}, {"type": "Feature", "properties": {"highway": "service", "footway": null, "name": null, "surface": null, "lit": "yes", "length_m": 6.17, "type_element": "Way", "__fid": 7185}, "geometry": {"type": "LineString", "coordinates": [[2.2695278, 48.8375199], [2.269601, 48.8375471]]}}, {"type": "Feature", "properties": {"highway": "service", "footway": null, "name": null, "surface": null, "lit": "yes", "length_m": 45.79, "type_element": "Way", "__fid": 7186}, "geometry": {"type": "LineString", "coordinates": [[2.26963733578225, 48.83711452728703], [2.2695278, 48.8375199]]}}, {"type": "Feature", "properties": {"highway": "service", "footway": null, "name": null, "surface": null, "lit": "yes", "length_m": 15.01, "type_element": "Way", "__fid": 7210}, "geometry": {"type": "LineString", "coordinates": [[2.269601, 48.8375471], [2.2697814, 48.8376107]]}}, {"type": "Feature", "properties": {"highway": "service", "footway": null, "name": null, "surface": null, "lit": "yes", "length_m": 49.69, "type_element": "Way", "__fid": 7211}, "geometry": {"type": "LineString", "coordinates": [[2.2697107, 48.8371061], [2.269601, 48.8375471]]}}, {"type": "Feature", "properties": {"highway": "service", "footway": null, "name": null, "surface": null, "lit": "yes", "length_m": 2.46, "type_element": "Way", "__fid": 7220}, "geometry": {"type": "LineString", "coordinates": [[2.269643, 48.8370927], [2.26963733578225, 48.83711452728703]]}}, {"type": "Feature", "properties": {"highway": "service", "footway": null, "name": null, "surface": null, "lit": "yes", "length_m": 75.0, "type_element": "Way", "__fid": 7221}, "geometry": {"type": "LineString", "coordinates": [[2.2698684, 48.8364714], [2.269714, 48.8370636], [2.2696657, 48.8371059], [2.26963733578225, 48.83711452728703]]}}, {"type": "Feature", "properties": {"highway": "footway", "footway": null, "name": null, "surface": null, "lit": null, "length_m": 75.96, "type_element": "Way", "__fid": 7222}, "geometry": {"type": "LineString", "coordinates": [[2.269793708516147, 48.83849918698391], [2.2696531, 48.8383483], [2.2694185, 48.83804210000001], [2.2695445, 48.8379999], [2.2696275, 48.837957]]}}, {"type": "Feature", "properties": {"highway": "footway", "footway": "crossing", "name": null, "surface": null, "lit": "yes", "length_m": 33.14, "type_element": "Way", "__fid": 7230}, "geometry": {"type": "LineString", "coordinates": [[2.2700268, 48.8387694], [2.2697736, 48.8388968], [2.2697184, 48.8388901], [2.2696431, 48.8389008]]}}, {"type": "Feature", "properties": {"highway": "footway", "footway": "sidewalk", "name": null, "surface": null, "lit": "yes", "length_m": 6.43, "type_element": "Way", "__fid": 7248}, "geometry": {"type": "LineString", "coordinates": [[2.2697202, 48.8384796], [2.2697478, 48.8385002], [2.269793708516147, 48.83849918698391]]}}, {"type": "Feature", "properties": {"highway": "footway", "footway": null, "name": null, "surface": null, "lit": null, "length_m": 26.89, "type_element": "Way", "__fid": 7249}, "geometry": {"type": "LineString", "coordinates": [[2.2699196, 48.8384047], [2.2697295, 48.838198]]}}, {"type": "Feature", "properties": {"highway": "service", "footway": null, "name": null, "surface": null, "lit": "yes", "length_m": 28.5, "type_element": "Way", "__fid": 7263}, "geometry": {"type": "LineString", "coordinates": [[2.2697814, 48.8376107], [2.2698707, 48.83761830000001], [2.2700355, 48.8377123], [2.2700612, 48.8377626]]}}, {"type": "Feature", "properties": {"highway": "service", "footway": null, "name": null, "surface": null, "lit": "yes", "length_m": 17.23, "type_element": "Way", "__fid": 7264}, "geometry": {"type": "LineString", "coordinates": [[2.2699397, 48.837708800000016], [2.2698955, 48.8377048], [2.2698146, 48.837666], [2.2697814, 48.8376107]]}}, {"type": "Feature", "properties": {"highway": "footway", "footway": null, "name": null, "surface": null, "lit": "24/7", "length_m": 31.99, "type_element": "Way", "__fid": 7266}, "geometry": {"type": "LineString", "coordinates": [[2.27002214534536, 48.83874420798344], [2.269793708516147, 48.83849918698391]]}}, {"type": "Feature", "properties": {"highway": "footway", "footway": "sidewalk", "name": null, "surface": null, "lit": "yes", "length_m": 3.95, "type_element": "Way", "__fid": 7267}, "geometry": {"type": "LineString", "coordinates": [[2.269793708516147, 48.83849918698391], [2.2698475, 48.838498]]}}, {"type": "Feature", "properties": {"highway": "service", "footway": null, "name": null, "surface": null, "lit": "yes", "length_m": 51.38, "type_element": "Way", "__fid": 7279}, "geometry": {"type": "LineString", "coordinates": [[2.2698684, 48.8364714], [2.2700098, 48.8364088], [2.2702713, 48.8362441], [2.2704087, 48.8361799]]}}, {"type": "Feature", "properties": {"highway": "footway", "footway": "traffic_island", "name": null, "surface": null, "lit": "yes", "length_m": 29.59, "type_element": "Way", "__fid": 7282}, "geometry": {"type": "LineString", "coordinates": [[2.2698475, 48.838498], [2.2700696, 48.8387201]]}}, {"type": "Feature", "properties": {"highway": "footway", "footway": "sidewalk", "name": null, "surface": null, "lit": "yes", "length_m": 9.9, "type_element": "Way", "__fid": 7283}, "geometry": {"type": "LineString", "coordinates": [[2.2698475, 48.838498], [2.269963001308548, 48.8384519529962]]}}, {"type": "Feature", "properties": {"highway": "footway", "footway": null, "name": null, "surface": null, "lit": null, "length_m": 6.14, "type_element": "Way", "__fid": 7295}, "geometry": {"type": "LineString", "coordinates": [[2.269963001308548, 48.8384519529962], [2.2699196, 48.8384047]]}}, {"type": "Feature", "properties": {"highway": "steps", "footway": null, "name": null, "surface": null, "lit": "yes", "length_m": 33.53, "type_element": "Way", "__fid": 7296}, "geometry": {"type": "LineString", "coordinates": [[2.2699196, 48.8384047], [2.2699792, 48.8383779], [2.2699449, 48.838341], [2.2700046, 48.83831710000002], [2.270055, 48.83837410000002], [2.2699716, 48.8384105], [2.269998, 48.838438]]}}, {"type": "Feature", "properties": {"highway": "service", "footway": null, "name": null, "surface": null, "lit": "yes", "length_m": 10.74, "type_element": "Way", "__fid": 7299}, "geometry": {"type": "LineString", "coordinates": [[2.2700612, 48.8377626], [2.2699397, 48.837708800000016]]}}, {"type": "Feature", "properties": {"highway": "footway", "footway": null, "name": null, "surface": null, "lit": null, "length_m": 28.98, "type_element": "Way", "__fid": 7307}, "geometry": {"type": "LineString", "coordinates": [[2.270167834143811, 48.838674779060895], [2.269963001308548, 48.8384519529962]]}}, {"type": "Feature", "properties": {"highway": "footway", "footway": "sidewalk", "name": null, "surface": null, "lit": "yes", "length_m": 3.0, "type_element": "Way", "__fid": 7308}, "geometry": {"type": "LineString", "coordinates": [[2.269963001308548, 48.8384519529962], [2.269998, 48.838438]]}}, {"type": "Feature", "properties": {"highway": "footway", "footway": "sidewalk", "name": null, "surface": null, "lit": "yes", "length_m": 11.11, "type_element": "Way", "__fid": 7318}, "geometry": {"type": "LineString", "coordinates": [[2.269998, 48.838438], [2.2701207, 48.8383795]]}}, {"type": "Feature", "properties": {"highway": "footway", "footway": null, "name": null, "surface": null, "lit": "24/7", "length_m": 2.45, "type_element": "Way", "__fid": 7322}, "geometry": {"type": "LineString", "coordinates": [[2.270039644701132, 48.838762977650916], [2.27002214534536, 48.83874420798344]]}}, {"type": "Feature", "properties": {"highway": "footway", "footway": "sidewalk", "name": null, "surface": "asphalt", "lit": "yes", "length_m": 3.31, "type_element": "Way", "__fid": 7323}, "geometry": {"type": "LineString", "coordinates": [[2.2700268, 48.8387694], [2.2700135, 48.83874860000001], [2.27002214534536, 48.83874420798344]]}}, {"type": "Feature", "properties": {"highway": "footway", "footway": "sidewalk", "name": null, "surface": "asphalt", "lit": "yes", "length_m": 4.4, "type_element": "Way", "__fid": 7324}, "geometry": {"type": "LineString", "coordinates": [[2.27002214534536, 48.83874420798344], [2.2700696, 48.8387201]]}}, {"type": "Feature", "properties": {"highway": "footway", "footway": "sidewalk", "name": null, "surface": "asphalt", "lit": "yes", "length_m": 19.87, "type_element": "Way", "__fid": 7325}, "geometry": {"type": "LineString", "coordinates": [[2.2701231, 48.8389364], [2.2700268, 48.8387694]]}}, {"type": "Feature", "properties": {"highway": "footway", "footway": "sidewalk", "name": null, "surface": "asphalt", "lit": "yes", "length_m": 1.18, "type_element": "Way", "__fid": 7326}, "geometry": {"type": "LineString", "coordinates": [[2.270039644701132, 48.838762977650916], [2.2700268, 48.8387694]]}}, {"type": "Feature", "properties": {"highway": "footway", "footway": null, "name": null, "surface": null, "lit": "24/7", "length_m": 19.83, "type_element": "Way", "__fid": 7327}, "geometry": {"type": "LineString", "coordinates": [[2.270181266352218, 48.83891487928546], [2.270039644701132, 48.838762977650916]]}}, {"type": "Feature", "properties": {"highway": "footway", "footway": "sidewalk", "name": null, "surface": "asphalt", "lit": "yes", "length_m": 4.45, "type_element": "Way", "__fid": 7328}, "geometry": {"type": "LineString", "coordinates": [[2.2700878, 48.8387387], [2.270039644701132, 48.838762977650916]]}}, {"type": "Feature", "properties": {"highway": "service", "footway": null, "name": null, "surface": null, "lit": "yes", "length_m": 44.21, "type_element": "Way", "__fid": 7336}, "geometry": {"type": "LineString", "coordinates": [[2.2700612, 48.8377626], [2.2703135, 48.8380416], [2.270391, 48.838093200000024]]}}, {"type": "Feature", "properties": {"highway": "footway", "footway": "sidewalk", "name": null, "surface": "asphalt", "lit": "yes", "length_m": 2.46, "type_element": "Way", "__fid": 7346}, "geometry": {"type": "LineString", "coordinates": [[2.2700696, 48.8387201], [2.2700878, 48.8387387]]}}, {"type": "Feature", "properties": {"highway": "footway", "footway": "sidewalk", "name": null, "surface": null, "lit": "yes", "length_m": 8.8, "type_element": "Way", "__fid": 7347}, "geometry": {"type": "LineString", "coordinates": [[2.270167834143811, 48.838674779060895], [2.2700696, 48.8387201]]}}, {"type": "Feature", "properties": {"highway": "footway", "footway": null, "name": null, "surface": null, "lit": null, "length_m": 21.58, "type_element": "Way", "__fid": 7353}, "geometry": {"type": "LineString", "coordinates": [[2.2700878, 48.8387387], [2.2703156, 48.8388614]]}}, {"type": "Feature", "properties": {"highway": "footway", "footway": null, "name": null, "surface": null, "lit": "yes", "length_m": 36.77, "type_element": "Way", "__fid": 7361}, "geometry": {"type": "LineString", "coordinates": [[2.2702756, 48.838065], [2.2701207, 48.8383795]]}}, {"type": "Feature", "properties": {"highway": "footway", "footway": "sidewalk", "name": null, "surface": null, "lit": "yes", "length_m": 32.36, "type_element": "Way", "__fid": 7362}, "geometry": {"type": "LineString", "coordinates": [[2.2701207, 48.8383795], [2.270424, 48.8381683]]}}, {"type": "Feature", "properties": {"highway": "footway", "footway": "sidewalk", "name": null, "surface": "asphalt", "lit": "yes", "length_m": 46.36, "type_element": "Way", "__fid": 7365}, "geometry": {"type": "LineString", "coordinates": [[2.2703813, 48.8393159], [2.2702549, 48.8391641], [2.2701231, 48.8389364]]}}, {"type": "Feature", "properties": {"highway": "footway", "footway": null, "name": null, "surface": null, "lit": null, "length_m": 3.32, "type_element": "Way", "__fid": 7366}, "geometry": {"type": "LineString", "coordinates": [[2.2701231, 48.8389364], [2.2701632, 48.8389225]]}}, {"type": "Feature", "properties": {"highway": "service", "footway": null, "name": null, "surface": null, "lit": "yes", "length_m": 38.96, "type_element": "Way", "__fid": 7369}, "geometry": {"type": "LineString", "coordinates": [[2.2701423, 48.838430399999986], [2.2705239, 48.8381868]]}}, {"type": "Feature", "properties": {"highway": "footway", "footway": null, "name": null, "surface": null, "lit": null, "length_m": 44.28, "type_element": "Way", "__fid": 7374}, "geometry": {"type": "LineString", "coordinates": [[2.2701632, 48.8389225], [2.270476449516168, 48.839262818813374]]}}, {"type": "Feature", "properties": {"highway": "steps", "footway": null, "name": null, "surface": null, "lit": "yes", "length_m": 1.57, "type_element": "Way", "__fid": 7375}, "geometry": {"type": "LineString", "coordinates": [[2.2701632, 48.8389225], [2.270181266352218, 48.83891487928546]]}}, {"type": "Feature", "properties": {"highway": "footway", "footway": null, "name": null, "surface": null, "lit": null, "length_m": 82.78, "type_element": "Way", "__fid": 7376}, "geometry": {"type": "LineString", "coordinates": [[2.2707468, 48.8393137], [2.270167834143811, 48.838674779060895]]}}, {"type": "Feature", "properties": {"highway": "footway", "footway": "sidewalk", "name": null, "surface": null, "lit": "yes", "length_m": 21.79, "type_element": "Way", "__fid": 7377}, "geometry": {"type": "LineString", "coordinates": [[2.2704112, 48.8385625], [2.270167834143811, 48.838674779060895]]}}, {"type": "Feature", "properties": {"highway": "footway", "footway": null, "name": null, "surface": null, "lit": "24/7", "length_m": 44.36, "type_element": "Way", "__fid": 7386}, "geometry": {"type": "LineString", "coordinates": [[2.270498, 48.8392546], [2.270181266352218, 48.83891487928546]]}}, {"type": "Feature", "properties": {"highway": "footway", "footway": null, "name": null, "surface": null, "lit": "yes", "length_m": 11.51, "type_element": "Way", "__fid": 7387}, "geometry": {"type": "LineString", "coordinates": [[2.270181266352218, 48.83891487928546], [2.2703156, 48.8388614]]}}, {"type": "Feature", "properties": {"highway": "footway", "footway": "sidewalk", "name": null, "surface": null, "lit": "yes", "length_m": 15.83, "type_element": "Way", "__fid": 7403}, "geometry": {"type": "LineString", "coordinates": [[2.270424, 48.8381683], [2.2702756, 48.838065]]}}, {"type": "Feature", "properties": {"highway": "footway", "footway": null, "name": null, "surface": null, "lit": null, "length_m": 71.44, "type_element": "Way", "__fid": 7428}, "geometry": {"type": "LineString", "coordinates": [[2.2703156, 48.8388614], [2.270793, 48.83939539999998], [2.27082670519903, 48.83939849646152]]}}, {"type": "Feature", "properties": {"highway": "service", "footway": null, "name": null, "surface": null, "lit": "yes", "length_m": 6.65, "type_element": "Way", "__fid": 7437}, "geometry": {"type": "LineString", "coordinates": [[2.2704112, 48.8385625], [2.2703569, 48.8385146]]}}, {"type": "Feature", "properties": {"highway": "service", "footway": null, "name": null, "surface": "asphalt", "lit": "yes", "length_m": 8.03, "type_element": "Way", "__fid": 7448}, "geometry": {"type": "LineString", "coordinates": [[2.2704684, 48.83814419999999], [2.270391, 48.838093200000024]]}}, {"type": "Feature", "properties": {"highway": "service", "footway": null, "name": null, "surface": "asphalt", "lit": "yes", "length_m": 10.72, "type_element": "Way", "__fid": 7449}, "geometry": {"type": "LineString", "coordinates": [[2.270391, 48.838093200000024], [2.2705091, 48.83803649999999]]}}, {"type": "Feature", "properties": {"highway": "footway", "footway": "sidewalk", "name": null, "surface": "asphalt", "lit": "yes", "length_m": 24.24, "type_element": "Way", "__fid": 7450}, "geometry": {"type": "LineString", "coordinates": [[2.2705609, 48.839498800000015], [2.2703813, 48.8393159]]}}, {"type": "Feature", "properties": {"highway": "footway", "footway": "sidewalk", "name": null, "surface": "asphalt", "lit": "yes", "length_m": 2.8, "type_element": "Way", "__fid": 7451}, "geometry": {"type": "LineString", "coordinates": [[2.2704141, 48.8393031], [2.2703813, 48.8393159]]}}, {"type": "Feature", "properties": {"highway": "service", "footway": null, "name": "Rue du Général Lucotte", "surface": "asphalt", "lit": "yes", "length_m": 338.21, "type_element": "Way", "__fid": 7452}, "geometry": {"type": "LineString", "coordinates": [[2.2733659, 48.8354282], [2.2733447, 48.8353803], [2.2720348, 48.8356219], [2.2718947, 48.8356536], [2.2716118, 48.8357366], [2.2714676, 48.835790799999984], [2.2712117, 48.835916799999985], [2.2709861, 48.8360658], [2.2707635, 48.8362644], [2.2705556, 48.8365319], [2.2704138, 48.8368481], [2.2703724, 48.8370288], [2.2704159, 48.8372273]]}}, {"type": "Feature", "properties": {"highway": "service", "footway": null, "name": null, "surface": null, "lit": "yes", "length_m": 35.0, "type_element": "Way", "__fid": 7458}, "geometry": {"type": "LineString", "coordinates": [[2.2708097, 48.8384219], [2.2704665, 48.8385751], [2.2704215, 48.8385716], [2.2704112, 48.8385625]]}}, {"type": "Feature", "properties": {"highway": "footway", "footway": "sidewalk", "name": null, "surface": null, "lit": "yes", "length_m": 34.55, "type_element": "Way", "__fid": 7459}, "geometry": {"type": "LineString", "coordinates": [[2.2708037, 48.838390900000014], [2.2704112, 48.8385625]]}}, {"type": "Feature", "properties": {"highway": "footway", "footway": "crossing", "name": null, "surface": "asphalt", "lit": "yes", "length_m": 4.22, "type_element": "Way", "__fid": 7466}, "geometry": {"type": "LineString", "coordinates": [[2.270424, 48.8381683], [2.2704684, 48.83814419999999]]}}, {"type": "Feature", "properties": {"highway": "footway", "footway": null, "name": null, "surface": "asphalt", "lit": "yes", "length_m": 6.98, "type_element": "Way", "__fid": 7468}, "geometry": {"type": "LineString", "coordinates": [[2.270505576189191, 48.83929446218023], [2.2704802, 48.8393037], [2.2704141, 48.8393031]]}}, {"type": "Feature", "properties": {"highway": "footway", "footway": null, "name": null, "surface": "asphalt", "lit": "yes", "length_m": 6.4, "type_element": "Way", "__fid": 7469}, "geometry": {"type": "LineString", "coordinates": [[2.2704141, 48.8393031], [2.270476449516168, 48.839262818813374]]}}, {"type": "Feature", "properties": {"highway": "service", "footway": null, "name": null, "surface": "asphalt", "lit": "yes", "length_m": 6.25, "type_element": "Way", "__fid": 7481}, "geometry": {"type": "LineString", "coordinates": [[2.2705239, 48.8381868], [2.2704684, 48.83814419999999]]}}, {"type": "Feature", "properties": {"highway": "footway", "footway": "crossing", "name": null, "surface": "asphalt", "lit": "yes", "length_m": 13.33, "type_element": "Way", "__fid": 7482}, "geometry": {"type": "LineString", "coordinates": [[2.2704684, 48.83814419999999], [2.2706212, 48.8380794]]}}, {"type": "Feature", "properties": {"highway": "footway", "footway": null, "name": null, "surface": null, "lit": null, "length_m": 4.12, "type_element": "Way", "__fid": 7484}, "geometry": {"type": "LineString", "coordinates": [[2.270476449516168, 48.839262818813374], [2.270505576189191, 48.83929446218023]]}}, {"type": "Feature", "properties": {"highway": "footway", "footway": null, "name": null, "surface": "asphalt", "lit": "yes", "length_m": 1.83, "type_element": "Way", "__fid": 7485}, "geometry": {"type": "LineString", "coordinates": [[2.270476449516168, 48.839262818813374], [2.270498, 48.8392546]]}}, {"type": "Feature", "properties": {"highway": "footway", "footway": null, "name": null, "surface": null, "lit": "24/7", "length_m": 4.15, "type_element": "Way", "__fid": 7491}, "geometry": {"type": "LineString", "coordinates": [[2.2705258, 48.83928709999998], [2.270498, 48.8392546]]}}, {"type": "Feature", "properties": {"highway": "footway", "footway": null, "name": null, "surface": null, "lit": null, "length_m": 7.05, "type_element": "Way", "__fid": 7492}, "geometry": {"type": "LineString", "coordinates": [[2.270505576189191, 48.83929446218023], [2.270555435473879, 48.839348629454925]]}}, {"type": "Feature", "properties": {"highway": "footway", "footway": null, "name": null, "surface": "asphalt", "lit": "yes", "length_m": 1.7, "type_element": "Way", "__fid": 7493}, "geometry": {"type": "LineString", "coordinates": [[2.2705258, 48.83928709999998], [2.270505576189191, 48.83929446218023]]}}, {"type": "Feature", "properties": {"highway": "service", "footway": null, "name": null, "surface": "asphalt", "lit": "yes", "length_m": 32.98, "type_element": "Way", "__fid": 7495}, "geometry": {"type": "LineString", "coordinates": [[2.2708037, 48.838390900000014], [2.2707936, 48.8383384], [2.2706694, 48.8383114], [2.2705239, 48.8381868]]}}, {"type": "Feature", "properties": {"highway": "footway", "footway": null, "name": null, "surface": "concrete", "lit": "no", "length_m": 91.63, "type_element": "Way", "__fid": 7500}, "geometry": {"type": "LineString", "coordinates": [[2.2705391, 48.8373631], [2.2705104, 48.837393200000015], [2.2704145, 48.8374371], [2.2703925, 48.83745780000001], [2.2703635, 48.8375367], [2.2703711, 48.83756239999999], [2.2706099, 48.8379104], [2.2707226, 48.8380926]]}}, {"type": "Feature", "properties": {"highway": "footway", "footway": "sidewalk", "name": null, "surface": null, "lit": "yes", "length_m": 107.19, "type_element": "Way", "__fid": 7501}, "geometry": {"type": "LineString", "coordinates": [[2.2705391, 48.8373631], [2.2703118, 48.83744749999999], [2.2701714, 48.8374681], [2.2702103, 48.8375951], [2.2701958, 48.8376007], [2.2702355, 48.8376627], [2.2705979, 48.8380636], [2.2706212, 48.8380794]]}}, {"type": "Feature", "properties": {"highway": "footway", "footway": "sidewalk", "name": null, "surface": "sett", "lit": "yes", "length_m": 27.52, "type_element": "Way", "__fid": 7502}, "geometry": {"type": "LineString", "coordinates": [[2.2705391, 48.8373631], [2.2708759, 48.8372543]]}}, {"type": "Feature", "properties": {"highway": "footway", "footway": null, "name": null, "surface": null, "lit": "24/7", "length_m": 6.99, "type_element": "Way", "__fid": 7514}, "geometry": {"type": "LineString", "coordinates": [[2.2705741, 48.8393413], [2.2705258, 48.83928709999998]]}}, {"type": "Feature", "properties": {"highway": "steps", "footway": null, "name": null, "surface": null, "lit": "yes", "length_m": 15.82, "type_element": "Way", "__fid": 7517}, "geometry": {"type": "LineString", "coordinates": [[2.2706425, 48.83951], [2.2706224, 48.8395037], [2.2705308, 48.8394035], [2.2705298, 48.839393]]}}, {"type": "Feature", "properties": {"highway": "footway", "footway": null, "name": null, "surface": "asphalt", "lit": "yes", "length_m": 7.3, "type_element": "Way", "__fid": 7518}, "geometry": {"type": "LineString", "coordinates": [[2.2705298, 48.839393], [2.2705084, 48.83936709999998], [2.270555435473879, 48.839348629454925]]}}, {"type": "Feature", "properties": {"highway": "footway", "footway": null, "name": null, "surface": null, "lit": null, "length_m": 23.55, "type_element": "Way", "__fid": 7524}, "geometry": {"type": "LineString", "coordinates": [[2.270555435473879, 48.839348629454925], [2.2707025, 48.8395084], [2.27073486581688, 48.83949576760567]]}}, {"type": "Feature", "properties": {"highway": "footway", "footway": null, "name": null, "surface": "asphalt", "lit": "yes", "length_m": 1.59, "type_element": "Way", "__fid": 7525}, "geometry": {"type": "LineString", "coordinates": [[2.270555435473879, 48.839348629454925], [2.2705741, 48.8393413]]}}, {"type": "Feature", "properties": {"highway": "footway", "footway": "sidewalk", "name": null, "surface": "asphalt", "lit": "yes", "length_m": 69.21, "type_element": "Way", "__fid": 7526}, "geometry": {"type": "LineString", "coordinates": [[2.2710186, 48.8400244], [2.2710334, 48.84001940000001], [2.2709258, 48.8398645], [2.2708056, 48.8397232], [2.2706049, 48.8395181], [2.2705609, 48.839498800000015]]}}, {"type": "Feature", "properties": {"highway": "footway", "footway": "sidewalk", "name": null, "surface": null, "lit": "yes", "length_m": 54.65, "type_element": "Way", "__fid": 7527}, "geometry": {"type": "LineString", "coordinates": [[2.2705609, 48.839498800000015], [2.2709276, 48.8399265]]}}, {"type": "Feature", "properties": {"highway": "footway", "footway": null, "name": null, "surface": null, "lit": "24/7", "length_m": 20.84, "type_element": "Way", "__fid": 7530}, "geometry": {"type": "LineString", "coordinates": [[2.27073486581688, 48.83949576760567], [2.2705741, 48.8393413]]}}, {"type": "Feature", "properties": {"highway": "footway", "footway": "sidewalk", "name": null, "surface": null, "lit": "yes", "length_m": 8.63, "type_element": "Way", "__fid": 7539}, "geometry": {"type": "LineString", "coordinates": [[2.2706212, 48.8380794], [2.2706515, 48.8381], [2.270674, 48.8381031], [2.2707226, 48.8380926]]}}, {"type": "Feature", "properties": {"highway": "footway", "footway": null, "name": null, "surface": null, "lit": "yes", "length_m": 2.62, "type_element": "Way", "__fid": 7551}, "geometry": {"type": "LineString", "coordinates": [[2.2706425, 48.83951], [2.270662, 48.83952970000002]]}}, {"type": "Feature", "properties": {"highway": "footway", "footway": null, "name": null, "surface": null, "lit": "yes", "length_m": 11.96, "type_element": "Way", "__fid": 7556}, "geometry": {"type": "LineString", "coordinates": [[2.2707783, 48.8395375], [2.2706988, 48.8395691], [2.270662, 48.83952970000002]]}}, {"type": "Feature", "properties": {"highway": "footway", "footway": null, "name": null, "surface": null, "lit": "yes", "length_m": 6.71, "type_element": "Way", "__fid": 7557}, "geometry": {"type": "LineString", "coordinates": [[2.270662, 48.83952970000002], [2.270746977158614, 48.839507404423046]]}}, {"type": "Feature", "properties": {"highway": "service", "footway": null, "name": null, "surface": null, "lit": "yes", "length_m": 122.15, "type_element": "Way", "__fid": 7572}, "geometry": {"type": "LineString", "coordinates": [[2.2707314, 48.8372401], [2.2705778, 48.8370528], [2.2705321, 48.8369458], [2.2705857, 48.8367922], [2.2706769, 48.83658909999998], [2.2708111, 48.8363632], [2.2709266, 48.83622]]}}, {"type": "Feature", "properties": {"highway": "footway", "footway": "sidewalk", "name": null, "surface": "paved", "lit": "yes", "length_m": 1.72, "type_element": "Way", "__fid": 7573}, "geometry": {"type": "LineString", "coordinates": [[2.2707226, 48.8380926], [2.270735433333135, 48.83810550000004]]}}, {"type": "Feature", "properties": {"highway": "footway", "footway": "crossing", "name": null, "surface": "paving_stones", "lit": "yes", "length_m": 8.75, "type_element": "Way", "__fid": 7576}, "geometry": {"type": "LineString", "coordinates": [[2.270735433333135, 48.83810550000004], [2.2708009, 48.8381713]]}}, {"type": "Feature", "properties": {"highway": "footway", "footway": "sidewalk", "name": null, "surface": null, "lit": "yes", "length_m": 212.25, "type_element": "Way", "__fid": 7577}, "geometry": {"type": "LineString", "coordinates": [[2.2732769, 48.8371997], [2.2730404, 48.837266], [2.2714871, 48.8377979], [2.2709574, 48.838003499999985], [2.270735433333135, 48.83810550000004]]}}, {"type": "Feature", "properties": {"highway": "footway", "footway": null, "name": null, "surface": null, "lit": "24/7", "length_m": 1.57, "type_element": "Way", "__fid": 7581}, "geometry": {"type": "LineString", "coordinates": [[2.270746977158614, 48.839507404423046], [2.27073486581688, 48.83949576760567]]}}, {"type": "Feature", "properties": {"highway": "footway", "footway": null, "name": null, "surface": null, "lit": null, "length_m": 11.44, "type_element": "Way", "__fid": 7582}, "geometry": {"type": "LineString", "coordinates": [[2.27073486581688, 48.83949576760567], [2.270869023889374, 48.8394434054834]]}}, {"type": "Feature", "properties": {"highway": "footway", "footway": null, "name": null, "surface": null, "lit": null, "length_m": 11.1, "type_element": "Way", "__fid": 7584}, "geometry": {"type": "LineString", "coordinates": [[2.27082670519903, 48.83939849646152], [2.2707468, 48.8393137]]}}, {"type": "Feature", "properties": {"highway": "footway", "footway": null, "name": null, "surface": null, "lit": null, "length_m": 1.68, "type_element": "Way", "__fid": 7585}, "geometry": {"type": "LineString", "coordinates": [[2.2707468, 48.8393137], [2.2707666, 48.8393061]]}}, {"type": "Feature", "properties": {"highway": "footway", "footway": null, "name": null, "surface": null, "lit": "24/7", "length_m": 4.06, "type_element": "Way", "__fid": 7586}, "geometry": {"type": "LineString", "coordinates": [[2.2707783, 48.8395375], [2.270746977158614, 48.839507404423046]]}}, {"type": "Feature", "properties": {"highway": "footway", "footway": null, "name": null, "surface": null, "lit": "yes", "length_m": 11.55, "type_element": "Way", "__fid": 7587}, "geometry": {"type": "LineString", "coordinates": [[2.270746977158614, 48.839507404423046], [2.27089318350598, 48.83946904387049]]}}, {"type": "Feature", "properties": {"highway": "steps", "footway": null, "name": null, "surface": null, "lit": null, "length_m": 13.84, "type_element": "Way", "__fid": 7590}, "geometry": {"type": "LineString", "coordinates": [[2.2707666, 48.8393061], [2.2707793, 48.8393013], [2.2708607, 48.8393901], [2.2708611, 48.83940109999998]]}}, {"type": "Feature", "properties": {"highway": "footway", "footway": null, "name": null, "surface": null, "lit": "24/7", "length_m": 36.23, "type_element": "Way", "__fid": 7598}, "geometry": {"type": "LineString", "coordinates": [[2.2709607, 48.8398403], [2.2707783, 48.8395375]]}}, {"type": "Feature", "properties": {"highway": "footway", "footway": null, "name": null, "surface": "paving_stones", "lit": "yes", "length_m": 10.86, "type_element": "Way", "__fid": 7602}, "geometry": {"type": "LineString", "coordinates": [[2.2708009, 48.8381713], [2.2708821, 48.8382529]]}}, {"type": "Feature", "properties": {"highway": "footway", "footway": null, "name": null, "surface": "paving_stones", "lit": "yes", "length_m": 9.35, "type_element": "Way", "__fid": 7603}, "geometry": {"type": "LineString", "coordinates": [[2.2709088, 48.8381266], [2.2708009, 48.8381713]]}}, {"type": "Feature", "properties": {"highway": "service", "footway": null, "name": null, "surface": null, "lit": "yes", "length_m": 3.48, "type_element": "Way", "__fid": 7607}, "geometry": {"type": "LineString", "coordinates": [[2.2708037, 48.838390900000014], [2.2708097, 48.8384219]]}}, {"type": "Feature", "properties": {"highway": "footway", "footway": "sidewalk", "name": null, "surface": null, "lit": "yes", "length_m": 13.24, "type_element": "Way", "__fid": 7608}, "geometry": {"type": "LineString", "coordinates": [[2.2709568, 48.838328], [2.2708037, 48.838390900000014]]}}, {"type": "Feature", "properties": {"highway": "footway", "footway": null, "name": null, "surface": null, "lit": null, "length_m": 115.47, "type_element": "Way", "__fid": 7610}, "geometry": {"type": "LineString", "coordinates": [[2.2716159, 48.8393135], [2.2709383, 48.8385748], [2.2708097, 48.8384219]]}}, {"type": "Feature", "properties": {"highway": "service", "footway": null, "name": null, "surface": null, "lit": "yes", "length_m": 162.0, "type_element": "Way", "__fid": 7611}, "geometry": {"type": "LineString", "coordinates": [[2.2729006, 48.838190099999984], [2.2728925, 48.8381596], [2.2728744, 48.8381393], [2.2728489, 48.838134], [2.2728007, 48.8381305], [2.2726196, 48.8381402], [2.2724882, 48.83815869999999], [2.2717901, 48.8383013], [2.2713254, 48.838387800000014], [2.2711866, 48.8384081], [2.2708097, 48.8384219]]}}, {"type": "Feature", "properties": {"highway": "footway", "footway": null, "name": null, "surface": null, "lit": null, "length_m": 2.59, "type_element": "Way", "__fid": 7625}, "geometry": {"type": "LineString", "coordinates": [[2.27082670519903, 48.83939849646152], [2.270861644479762, 48.839401706286424]]}}, {"type": "Feature", "properties": {"highway": "footway", "footway": null, "name": null, "surface": null, "lit": null, "length_m": 5.88, "type_element": "Way", "__fid": 7626}, "geometry": {"type": "LineString", "coordinates": [[2.270869023889374, 48.8394434054834], [2.27082670519903, 48.83939849646152]]}}, {"type": "Feature", "properties": {"highway": "service", "footway": null, "name": null, "surface": "asphalt", "lit": "yes", "length_m": 5.68, "type_element": "Way", "__fid": 7631}, "geometry": {"type": "LineString", "coordinates": [[2.2708673, 48.8372035], [2.2708759, 48.8372543]]}}, {"type": "Feature", "properties": {"highway": "footway", "footway": null, "name": null, "surface": null, "lit": "yes", "length_m": 101.39, "type_element": "Way", "__fid": 7635}, "geometry": {"type": "LineString", "coordinates": [[2.2708759, 48.8372543], [2.2708818, 48.8372893], [2.2708547, 48.8374795], [2.2708527, 48.8375722], [2.2708949, 48.83763789999998], [2.2709586, 48.8377037], [2.2710069, 48.83773990000001], [2.2710626, 48.8377615], [2.2711283, 48.8377673], [2.2711987, 48.8377611], [2.2712725, 48.8377425], [2.2714408, 48.83764080000002], [2.2714535, 48.8375823]]}}, {"type": "Feature", "properties": {"highway": "footway", "footway": "sidewalk", "name": null, "surface": "sett", "lit": "yes", "length_m": 22.57, "type_element": "Way", "__fid": 7636}, "geometry": {"type": "LineString", "coordinates": [[2.2708759, 48.8372543], [2.2711498, 48.8371621]]}}, {"type": "Feature", "properties": {"highway": "footway", "footway": null, "name": null, "surface": null, "lit": null, "length_m": 0.08, "type_element": "Way", "__fid": 7642}, "geometry": {"type": "LineString", "coordinates": [[2.270861644479762, 48.839401706286424], [2.2708611, 48.83940109999998]]}}, {"type": "Feature", "properties": {"highway": "footway", "footway": null, "name": null, "surface": null, "lit": null, "length_m": 6.85, "type_element": "Way", "__fid": 7643}, "geometry": {"type": "LineString", "coordinates": [[2.270861644479762, 48.839401706286424], [2.2709541, 48.83941020000001]]}}, {"type": "Feature", "properties": {"highway": "footway", "footway": null, "name": null, "surface": null, "lit": null, "length_m": 4.27, "type_element": "Way", "__fid": 7644}, "geometry": {"type": "LineString", "coordinates": [[2.270891288645497, 48.839434715486526], [2.270861644479762, 48.839401706286424]]}}, {"type": "Feature", "properties": {"highway": "footway", "footway": "crossing", "name": null, "surface": "paving_stones", "lit": "yes", "length_m": 9.99, "type_element": "Way", "__fid": 7650}, "geometry": {"type": "LineString", "coordinates": [[2.2708821, 48.8382529], [2.2709568, 48.838328]]}}, {"type": "Feature", "properties": {"highway": "footway", "footway": null, "name": null, "surface": "paving_stones", "lit": "yes", "length_m": 9.18, "type_element": "Way", "__fid": 7651}, "geometry": {"type": "LineString", "coordinates": [[2.2709878, 48.8382087], [2.2708821, 48.8382529]]}}, {"type": "Feature", "properties": {"highway": "footway", "footway": null, "name": null, "surface": null, "lit": null, "length_m": 3.36, "type_element": "Way", "__fid": 7652}, "geometry": {"type": "LineString", "coordinates": [[2.27089318350598, 48.83946904387049], [2.270869023889374, 48.8394434054834]]}}, {"type": "Feature", "properties": {"highway": "footway", "footway": null, "name": null, "surface": null, "lit": null, "length_m": 1.9, "type_element": "Way", "__fid": 7653}, "geometry": {"type": "LineString", "coordinates": [[2.270869023889374, 48.8394434054834], [2.270891288645497, 48.839434715486526]]}}, {"type": "Feature", "properties": {"highway": "service", "footway": null, "name": null, "surface": null, "lit": "yes", "length_m": 23.68, "type_element": "Way", "__fid": 7654}, "geometry": {"type": "LineString", "coordinates": [[2.2709266, 48.83622], [2.2711046, 48.8363976]]}}, {"type": "Feature", "properties": {"highway": "service", "footway": null, "name": null, "surface": null, "lit": "yes", "length_m": 204.56, "type_element": "Way", "__fid": 7655}, "geometry": {"type": "LineString", "coordinates": [[2.2709266, 48.83622], [2.270972, 48.8361637], [2.2712053, 48.8360101], [2.2714789, 48.8358547], [2.2717579, 48.8357576], [2.2721328, 48.8356668], [2.2733659, 48.8354282]]}}, {"type": "Feature", "properties": {"highway": "footway", "footway": null, "name": null, "surface": null, "lit": null, "length_m": 3.64, "type_element": "Way", "__fid": 7659}, "geometry": {"type": "LineString", "coordinates": [[2.2709166, 48.8394629], [2.270891288645497, 48.839434715486526]]}}, {"type": "Feature", "properties": {"highway": "footway", "footway": null, "name": null, "surface": null, "lit": null, "length_m": 5.36, "type_element": "Way", "__fid": 7660}, "geometry": {"type": "LineString", "coordinates": [[2.270891288645497, 48.839434715486526], [2.2709541, 48.83941020000001]]}}, {"type": "Feature", "properties": {"highway": "footway", "footway": null, "name": null, "surface": null, "lit": null, "length_m": 5.66, "type_element": "Way", "__fid": 7661}, "geometry": {"type": "LineString", "coordinates": [[2.270925, 48.83951539999999], [2.27089318350598, 48.83946904387049]]}}, {"type": "Feature", "properties": {"highway": "footway", "footway": null, "name": null, "surface": null, "lit": "yes", "length_m": 1.85, "type_element": "Way", "__fid": 7662}, "geometry": {"type": "LineString", "coordinates": [[2.27089318350598, 48.83946904387049], [2.2709166, 48.8394629]]}}, {"type": "Feature", "properties": {"highway": "footway", "footway": null, "name": null, "surface": null, "lit": "yes", "length_m": 2.05, "type_element": "Way", "__fid": 7668}, "geometry": {"type": "LineString", "coordinates": [[2.2709321, 48.839478200000016], [2.2709166, 48.8394629]]}}, {"type": "Feature", "properties": {"highway": "footway", "footway": null, "name": null, "surface": null, "lit": "yes", "length_m": 4.62, "type_element": "Way", "__fid": 7669}, "geometry": {"type": "LineString", "coordinates": [[2.2709166, 48.8394629], [2.2709769, 48.83945090000002]]}}, {"type": "Feature", "properties": {"highway": "footway", "footway": null, "name": null, "surface": null, "lit": null, "length_m": 44.02, "type_element": "Way", "__fid": 7671}, "geometry": {"type": "LineString", "coordinates": [[2.2711524, 48.8398817], [2.270925, 48.83951539999999]]}}, {"type": "Feature", "properties": {"highway": "footway", "footway": null, "name": null, "surface": null, "lit": "yes", "length_m": 5.75, "type_element": "Way", "__fid": 7672}, "geometry": {"type": "LineString", "coordinates": [[2.270925, 48.83951539999999], [2.2709514, 48.8395086], [2.2709321, 48.839478200000016]]}}, {"type": "Feature", "properties": {"highway": "footway", "footway": null, "name": null, "surface": null, "lit": null, "length_m": 4.65, "type_element": "Way", "__fid": 7673}, "geometry": {"type": "LineString", "coordinates": [[2.2709769, 48.83945090000002], [2.2709534, 48.8394727], [2.2709321, 48.839478200000016]]}}, {"type": "Feature", "properties": {"highway": "steps", "footway": null, "name": null, "surface": null, "lit": "yes", "length_m": 13.06, "type_element": "Way", "__fid": 7674}, "geometry": {"type": "LineString", "coordinates": [[2.2709276, 48.8399265], [2.2709432, 48.8399303], [2.2710186, 48.8400244]]}}, {"type": "Feature", "properties": {"highway": "footway", "footway": "sidewalk", "name": null, "surface": null, "lit": "yes", "length_m": 23.45, "type_element": "Way", "__fid": 7675}, "geometry": {"type": "LineString", "coordinates": [[2.2709276, 48.8399265], [2.2710254, 48.840075], [2.271069745237009, 48.8401142133156]]}}, {"type": "Feature", "properties": {"highway": "footway", "footway": "sidewalk", "name": null, "surface": null, "lit": "yes", "length_m": 271.45, "type_element": "Way", "__fid": 7680}, "geometry": {"type": "LineString", "coordinates": [[2.2742403, 48.83721170000002], [2.2733736, 48.83745], [2.272686, 48.8376786], [2.2709568, 48.838328]]}}, {"type": "Feature", "properties": {"highway": "footway", "footway": null, "name": null, "surface": null, "lit": null, "length_m": 6.5, "type_element": "Way", "__fid": 7687}, "geometry": {"type": "LineString", "coordinates": [[2.2709541, 48.83941020000001], [2.2710418, 48.8394183]]}}, {"type": "Feature", "properties": {"highway": "footway", "footway": null, "name": null, "surface": null, "lit": "yes", "length_m": 7.8, "type_element": "Way", "__fid": 7694}, "geometry": {"type": "LineString", "coordinates": [[2.2709769, 48.83945090000002], [2.271081, 48.8394367]]}}, {"type": "Feature", "properties": {"highway": "path", "footway": null, "name": null, "surface": "metal", "lit": null, "length_m": 11.19, "type_element": "Way", "__fid": 7704}, "geometry": {"type": "LineString", "coordinates": [[2.2711167, 48.840928], [2.2709824, 48.8409756]]}}, {"type": "Feature", "properties": {"highway": "footway", "footway": null, "name": null, "surface": null, "lit": "yes", "length_m": 10.67, "type_element": "Way", "__fid": 7708}, "geometry": {"type": "LineString", "coordinates": [[2.271069745237009, 48.8401142133156], [2.2710186, 48.8400244]]}}, {"type": "Feature", "properties": {"highway": "footway", "footway": null, "name": null, "surface": null, "lit": null, "length_m": 4.76, "type_element": "Way", "__fid": 7709}, "geometry": {"type": "LineString", "coordinates": [[2.2710418, 48.8394183], [2.271106380287982, 48.83942236179088]]}}, {"type": "Feature", "properties": {"highway": "footway", "footway": null, "name": null, "surface": null, "lit": "yes", "length_m": 3.62, "type_element": "Way", "__fid": 7710}, "geometry": {"type": "LineString", "coordinates": [[2.2710418, 48.8394183], [2.271084186287373, 48.83943489995596]]}}, {"type": "Feature", "properties": {"highway": "service", "footway": null, "name": null, "surface": null, "lit": "yes", "length_m": 26.41, "type_element": "Way", "__fid": 7719}, "geometry": {"type": "LineString", "coordinates": [[2.2711046, 48.8363976], [2.2713019, 48.8365962]]}}, {"type": "Feature", "properties": {"highway": "footway", "footway": null, "name": null, "surface": null, "lit": null, "length_m": 5.61, "type_element": "Way", "__fid": 7720}, "geometry": {"type": "LineString", "coordinates": [[2.2711794, 48.8363872], [2.2711046, 48.8363976]]}}, {"type": "Feature", "properties": {"highway": "footway", "footway": "sidewalk", "name": null, "surface": null, "lit": "yes", "length_m": 61.65, "type_element": "Way", "__fid": 7723}, "geometry": {"type": "LineString", "coordinates": [[2.271069745237009, 48.8401142133156], [2.2710928, 48.8401346], [2.2711712, 48.840163699999984], [2.2712336, 48.8401735], [2.271304, 48.840162], [2.2716567, 48.8400622], [2.2717318, 48.8400023], [2.2716968, 48.8399598]]}}, {"type": "Feature", "properties": {"highway": "footway", "footway": null, "name": null, "surface": null, "lit": "yes", "length_m": 67.01, "type_element": "Way", "__fid": 7724}, "geometry": {"type": "LineString", "coordinates": [[2.2713117, 48.840664], [2.2713643, 48.84063960000001], [2.271069745237009, 48.8401142133156]]}}, {"type": "Feature", "properties": {"highway": "footway", "footway": null, "name": null, "surface": null, "lit": "yes", "length_m": 21.93, "type_element": "Way", "__fid": 7725}, "geometry": {"type": "LineString", "coordinates": [[2.2713446, 48.839479], [2.2712981, 48.8394959], [2.2711094, 48.8394649], [2.271081, 48.8394367]]}}, {"type": "Feature", "properties": {"highway": "footway", "footway": null, "name": null, "surface": null, "lit": "yes", "length_m": 0.31, "type_element": "Way", "__fid": 7726}, "geometry": {"type": "LineString", "coordinates": [[2.271084186287373, 48.83943489995596], [2.271081, 48.8394367]]}}, {"type": "Feature", "properties": {"highway": "footway", "footway": null, "name": null, "surface": null, "lit": "yes", "length_m": 5.44, "type_element": "Way", "__fid": 7728}, "geometry": {"type": "LineString", "coordinates": [[2.271084186287373, 48.83943489995596], [2.271155416107678, 48.8394484103654]]}}, {"type": "Feature", "properties": {"highway": "footway", "footway": null, "name": null, "surface": null, "lit": "yes", "length_m": 2.14, "type_element": "Way", "__fid": 7729}, "geometry": {"type": "LineString", "coordinates": [[2.271106380287982, 48.83942236179088], [2.271084186287373, 48.83943489995596]]}}, {"type": "Feature", "properties": {"highway": "steps", "footway": null, "name": null, "surface": null, "lit": "yes", "length_m": 4.17, "type_element": "Way", "__fid": 7737}, "geometry": {"type": "LineString", "coordinates": [[2.2711614350645, 48.83943152384721], [2.271106380287982, 48.83942236179088]]}}, {"type": "Feature", "properties": {"highway": "footway", "footway": null, "name": null, "surface": null, "lit": "yes", "length_m": 21.34, "type_element": "Way", "__fid": 7738}, "geometry": {"type": "LineString", "coordinates": [[2.2713446, 48.839479], [2.2713219, 48.8394397], [2.2711272, 48.8394106], [2.271106380287982, 48.83942236179088]]}}, {"type": "Feature", "properties": {"highway": "footway", "footway": "sidewalk", "name": null, "surface": "sett", "lit": "yes", "length_m": 1.46, "type_element": "Way", "__fid": 7745}, "geometry": {"type": "LineString", "coordinates": [[2.2711498, 48.8371621], [2.271156366666568, 48.83717453333335]]}}, {"type": "Feature", "properties": {"highway": "footway", "footway": "sidewalk", "name": null, "surface": "sett", "lit": "yes", "length_m": 44.96, "type_element": "Way", "__fid": 7746}, "geometry": {"type": "LineString", "coordinates": [[2.2717416, 48.8370615], [2.2714528, 48.8370986], [2.2712267, 48.837141], [2.2711498, 48.8371621]]}}, {"type": "Feature", "properties": {"highway": "footway", "footway": null, "name": null, "surface": null, "lit": "yes", "length_m": 28.11, "type_element": "Way", "__fid": 7749}, "geometry": {"type": "LineString", "coordinates": [[2.271156366666568, 48.83717453333335], [2.2710505, 48.8372244], [2.2711196, 48.8372275], [2.271299, 48.8372016]]}}, {"type": "Feature", "properties": {"highway": "footway", "footway": null, "name": null, "surface": null, "lit": "yes", "length_m": 23.22, "type_element": "Way", "__fid": 7759}, "geometry": {"type": "LineString", "coordinates": [[2.2711794, 48.8363872], [2.2713546, 48.8365611]]}}, {"type": "Feature", "properties": {"highway": "footway", "footway": null, "name": null, "surface": null, "lit": null, "length_m": 13.21, "type_element": "Way", "__fid": 7760}, "geometry": {"type": "LineString", "coordinates": [[2.2713087, 48.836304599999984], [2.2711794, 48.8363872]]}}, {"type": "Feature", "properties": {"highway": "footway", "footway": null, "name": null, "surface": "paving_stones", "lit": "yes", "length_m": 87.8, "type_element": "Way", "__fid": 7761}, "geometry": {"type": "LineString", "coordinates": [[2.2717028, 48.841616399999985], [2.2711167, 48.840928]]}}, {"type": "Feature", "properties": {"highway": "footway", "footway": null, "name": null, "surface": null, "lit": "yes", "length_m": 5.45, "type_element": "Way", "__fid": 7765}, "geometry": {"type": "LineString", "coordinates": [[2.271155416107678, 48.8394484103654], [2.271227632514603, 48.839459666437094]]}}, {"type": "Feature", "properties": {"highway": "steps", "footway": null, "name": null, "surface": null, "lit": "yes", "length_m": 1.93, "type_element": "Way", "__fid": 7766}, "geometry": {"type": "LineString", "coordinates": [[2.2711614350645, 48.83943152384721], [2.271155416107678, 48.8394484103654]]}}, {"type": "Feature", "properties": {"highway": "steps", "footway": null, "name": null, "surface": null, "lit": "yes", "length_m": 7.29, "type_element": "Way", "__fid": 7768}, "geometry": {"type": "LineString", "coordinates": [[2.271227632514603, 48.839459666437094], [2.2712334, 48.8394435], [2.2711614350645, 48.83943152384721]]}}, {"type": "Feature", "properties": {"highway": "steps", "footway": null, "name": null, "surface": null, "lit": "yes", "length_m": 15.07, "type_element": "Way", "__fid": 7769}, "geometry": {"type": "LineString", "coordinates": [[2.2711614350645, 48.83943152384721], [2.2713165, 48.8394547], [2.2713446, 48.839479]]}}, {"type": "Feature", "properties": {"highway": "service", "footway": null, "name": "Port de Javel", "surface": "sett", "lit": "yes", "length_m": 32.15, "type_element": "Way", "__fid": 7789}, "geometry": {"type": "LineString", "coordinates": [[2.2713117, 48.840664], [2.2711989, 48.840523], [2.2711875, 48.840460499999985], [2.2712032, 48.84039460000001]]}}, {"type": "Feature", "properties": {"highway": "footway", "footway": null, "name": null, "surface": null, "lit": "yes", "length_m": 8.85, "type_element": "Way", "__fid": 7791}, "geometry": {"type": "LineString", "coordinates": [[2.2713446, 48.839479], [2.271227632514603, 48.839459666437094]]}}, {"type": "Feature", "properties": {"highway": "service", "footway": null, "name": null, "surface": null, "lit": "yes", "length_m": 47.92, "type_element": "Way", "__fid": 7804}, "geometry": {"type": "LineString", "coordinates": [[2.2713019, 48.8365962], [2.2716575, 48.8369576]]}}, {"type": "Feature", "properties": {"highway": "footway", "footway": null, "name": null, "surface": null, "lit": null, "length_m": 5.5, "type_element": "Way", "__fid": 7805}, "geometry": {"type": "LineString", "coordinates": [[2.2713019, 48.8365962], [2.2713546, 48.8365611]]}}, {"type": "Feature", "properties": {"highway": "footway", "footway": null, "name": null, "surface": null, "lit": null, "length_m": 22.67, "type_element": "Way", "__fid": 7806}, "geometry": {"type": "LineString", "coordinates": [[2.2713087, 48.836304599999984], [2.2714771, 48.8364755]]}}, {"type": "Feature", "properties": {"highway": "footway", "footway": null, "name": null, "surface": null, "lit": null, "length_m": 2.43, "type_element": "Way", "__fid": 7807}, "geometry": {"type": "LineString", "coordinates": [[2.2713325, 48.8362894], [2.2713087, 48.836304599999984]]}}, {"type": "Feature", "properties": {"highway": "footway", "footway": null, "name": null, "surface": null, "lit": "yes", "length_m": 46.64, "type_element": "Way", "__fid": 7810}, "geometry": {"type": "LineString", "coordinates": [[2.271299, 48.8372016], [2.271365, 48.8372646], [2.2713871, 48.8373003], [2.2713958, 48.8373312], [2.2713496, 48.837426500000014], [2.2713516, 48.8374429], [2.2714079, 48.8375073], [2.2714186, 48.8375435], [2.2714535, 48.8375823]]}}, {"type": "Feature", "properties": {"highway": "footway", "footway": null, "name": null, "surface": null, "lit": null, "length_m": 17.18, "type_element": "Way", "__fid": 7825}, "geometry": {"type": "LineString", "coordinates": [[2.2715007, 48.836182], [2.2713325, 48.8362894]]}}, {"type": "Feature", "properties": {"highway": "footway", "footway": null, "name": null, "surface": null, "lit": null, "length_m": 19.28, "type_element": "Way", "__fid": 7826}, "geometry": {"type": "LineString", "coordinates": [[2.2713325, 48.8362894], [2.2715951, 48.8362847]]}}, {"type": "Feature", "properties": {"highway": "footway", "footway": null, "name": null, "surface": null, "lit": "yes", "length_m": 39.99, "type_element": "Way", "__fid": 7833}, "geometry": {"type": "LineString", "coordinates": [[2.2713546, 48.8365611], [2.2716564, 48.8368605]]}}, {"type": "Feature", "properties": {"highway": "footway", "footway": null, "name": null, "surface": null, "lit": null, "length_m": 13.09, "type_element": "Way", "__fid": 7834}, "geometry": {"type": "LineString", "coordinates": [[2.2713546, 48.8365611], [2.2714771, 48.8364755]]}}, {"type": "Feature", "properties": {"highway": "service", "footway": null, "name": "Port de Javel", "surface": "sett", "lit": "yes", "length_m": 118.57, "type_element": "Way", "__fid": 7844}, "geometry": {"type": "LineString", "coordinates": [[2.2720376, 48.8416056], [2.2719786, 48.841486], [2.2719644, 48.8414022], [2.2719042, 48.8413066], [2.2718297, 48.841219], [2.2715714, 48.8409627], [2.2713117, 48.840664]]}}, {"type": "Feature", "properties": {"highway": "footway", "footway": null, "name": null, "surface": "asphalt", "lit": "yes", "length_m": 13.16, "type_element": "Way", "__fid": 7851}, "geometry": {"type": "LineString", "coordinates": [[2.2715201, 48.8395034], [2.2713446, 48.839479]]}}, {"type": "Feature", "properties": {"highway": "footway", "footway": null, "name": null, "surface": null, "lit": "yes", "length_m": 20.68, "type_element": "Way", "__fid": 7873}, "geometry": {"type": "LineString", "coordinates": [[2.2716815, 48.8374852], [2.2714817, 48.8375461], [2.2714535, 48.8375823]]}}, {"type": "Feature", "properties": {"highway": "footway", "footway": null, "name": null, "surface": null, "lit": null, "length_m": 23.28, "type_element": "Way", "__fid": 7881}, "geometry": {"type": "LineString", "coordinates": [[2.2714771, 48.8364755], [2.27153, 48.836433], [2.2715951, 48.8362847]]}}, {"type": "Feature", "properties": {"highway": "footway", "footway": null, "name": null, "surface": null, "lit": null, "length_m": 10.49, "type_element": "Way", "__fid": 7889}, "geometry": {"type": "LineString", "coordinates": [[2.2715007, 48.836182], [2.2716432, 48.836175]]}}, {"type": "Feature", "properties": {"highway": "footway", "footway": "crossing", "name": null, "surface": "asphalt", "lit": "yes", "length_m": 17.15, "type_element": "Way", "__fid": 7915}, "geometry": {"type": "LineString", "coordinates": [[2.271745, 48.839541900000015], [2.2717189, 48.8395427], [2.2715201, 48.8395034]]}}, {"type": "Feature", "properties": {"highway": "footway", "footway": "sidewalk", "name": null, "surface": "asphalt", "lit": "yes", "length_m": 55.3, "type_element": "Way", "__fid": 7916}, "geometry": {"type": "LineString", "coordinates": [[2.2715201, 48.8395034], [2.2714874, 48.83957120000002], [2.2714743, 48.839635], [2.2714841, 48.8396972], [2.2715174, 48.839765], [2.2716968, 48.8399598]]}}, {"type": "Feature", "properties": {"highway": "footway", "footway": null, "name": null, "surface": "asphalt", "lit": "yes", "length_m": 22.26, "type_element": "Way", "__fid": 7917}, "geometry": {"type": "LineString", "coordinates": [[2.2715201, 48.8395034], [2.2716159, 48.8393135]]}}, {"type": "Feature", "properties": {"highway": "footway", "footway": null, "name": null, "surface": null, "lit": null, "length_m": 12.7, "type_element": "Way", "__fid": 7921}, "geometry": {"type": "LineString", "coordinates": [[2.2715951, 48.8362847], [2.2716432, 48.836175]]}}, {"type": "Feature", "properties": {"highway": "footway", "footway": null, "name": null, "surface": "asphalt", "lit": "yes", "length_m": 23.83, "type_element": "Way", "__fid": 7935}, "geometry": {"type": "LineString", "coordinates": [[2.2716159, 48.8393135], [2.2717618, 48.839122]]}}, {"type": "Feature", "properties": {"highway": "footway", "footway": null, "name": null, "surface": null, "lit": "yes", "length_m": 2.87, "type_element": "Way", "__fid": 7938}, "geometry": {"type": "LineString", "coordinates": [[2.2716564, 48.8368605], [2.271678, 48.836882]]}}, {"type": "Feature", "properties": {"highway": "footway", "footway": null, "name": null, "surface": null, "lit": "yes", "length_m": 17.24, "type_element": "Way", "__fid": 7939}, "geometry": {"type": "LineString", "coordinates": [[2.2718145, 48.8367458], [2.2716564, 48.8368605]]}}, {"type": "Feature", "properties": {"highway": "service", "footway": null, "name": null, "surface": null, "lit": "yes", "length_m": 7.77, "type_element": "Way", "__fid": 7940}, "geometry": {"type": "LineString", "coordinates": [[2.2716575, 48.8369576], [2.2717151, 48.8370162]]}}, {"type": "Feature", "properties": {"highway": "footway", "footway": "sidewalk", "name": null, "surface": "asphalt", "lit": "yes", "length_m": 17.4, "type_element": "Way", "__fid": 7941}, "geometry": {"type": "LineString", "coordinates": [[2.2716575, 48.8369576], [2.2718915, 48.8369323]]}}, {"type": "Feature", "properties": {"highway": "footway", "footway": null, "name": null, "surface": null, "lit": "yes", "length_m": 6.4, "type_element": "Way", "__fid": 7942}, "geometry": {"type": "LineString", "coordinates": [[2.271678, 48.836882], [2.2717263, 48.8369299]]}}, {"type": "Feature", "properties": {"highway": "footway", "footway": null, "name": null, "surface": null, "lit": "yes", "length_m": 19.11, "type_element": "Way", "__fid": 7943}, "geometry": {"type": "LineString", "coordinates": [[2.271678, 48.836882], [2.2719226, 48.8368231]]}}, {"type": "Feature", "properties": {"highway": "service", "footway": null, "name": null, "surface": null, "lit": "yes", "length_m": 6.27, "type_element": "Way", "__fid": 7952}, "geometry": {"type": "LineString", "coordinates": [[2.2716889, 48.8390926], [2.2717618, 48.839122]]}}, {"type": "Feature", "properties": {"highway": "footway", "footway": "crossing", "name": null, "surface": null, "lit": "yes", "length_m": 16.32, "type_element": "Way", "__fid": 7965}, "geometry": {"type": "LineString", "coordinates": [[2.2716968, 48.8399598], [2.2718909, 48.839888199999976]]}}, {"type": "Feature", "properties": {"highway": "footway", "footway": null, "name": null, "surface": "asphalt", "lit": null, "length_m": 90.12, "type_element": "Way", "__fid": 7971}, "geometry": {"type": "LineString", "coordinates": [[2.2722535, 48.8373471], [2.2718049, 48.8374616], [2.2717596, 48.8374645], [2.2717325, 48.83745139999998], [2.2715927, 48.837229500000014], [2.2715977, 48.8372071], [2.2717177, 48.83710739999999], [2.2717451, 48.8370718], [2.2717416, 48.8370615]]}}, {"type": "Feature", "properties": {"highway": "footway", "footway": "sidewalk", "name": null, "surface": "sett", "lit": "yes", "length_m": 164.18, "type_element": "Way", "__fid": 7972}, "geometry": {"type": "LineString", "coordinates": [[2.2717416, 48.8370615], [2.2737944, 48.8368409], [2.2739507, 48.8368497]]}}, {"type": "Feature", "properties": {"highway": "footway", "footway": "sidewalk", "name": null, "surface": null, "lit": "yes", "length_m": 41.47, "type_element": "Way", "__fid": 7985}, "geometry": {"type": "LineString", "coordinates": [[2.271745, 48.839541900000015], [2.2717251, 48.8396218], [2.2717284, 48.8396734], [2.2717748, 48.8397457], [2.2718909, 48.839888199999976]]}}, {"type": "Feature", "properties": {"highway": "footway", "footway": "sidewalk", "name": null, "surface": null, "lit": "yes", "length_m": 46.57, "type_element": "Way", "__fid": 7986}, "geometry": {"type": "LineString", "coordinates": [[2.2719948, 48.839158200000014], [2.2719025, 48.8392665], [2.2718233, 48.8393899], [2.271745, 48.839541900000015]]}}, {"type": "Feature", "properties": {"highway": "footway", "footway": null, "name": null, "surface": "asphalt", "lit": "yes", "length_m": 20.16, "type_element": "Way", "__fid": 7987}, "geometry": {"type": "LineString", "coordinates": [[2.2720114, 48.8395613], [2.2717865, 48.839530400000015], [2.271745, 48.839541900000015]]}}, {"type": "Feature", "properties": {"highway": "service", "footway": null, "name": null, "surface": null, "lit": "yes", "length_m": 10.22, "type_element": "Way", "__fid": 7992}, "geometry": {"type": "LineString", "coordinates": [[2.2717618, 48.839122], [2.2718806, 48.8391699]]}}, {"type": "Feature", "properties": {"highway": "footway", "footway": null, "name": null, "surface": "asphalt", "lit": "yes", "length_m": 6.73, "type_element": "Way", "__fid": 7993}, "geometry": {"type": "LineString", "coordinates": [[2.2717618, 48.839122], [2.2718056, 48.8390688]]}}, {"type": "Feature", "properties": {"highway": "footway", "footway": null, "name": null, "surface": null, "lit": "yes", "length_m": 19.0, "type_element": "Way", "__fid": 8000}, "geometry": {"type": "LineString", "coordinates": [[2.2719806, 48.8366147], [2.2718145, 48.8367458]]}}, {"type": "Feature", "properties": {"highway": "footway", "footway": null, "name": null, "surface": null, "lit": "yes", "length_m": 11.32, "type_element": "Way", "__fid": 8001}, "geometry": {"type": "LineString", "coordinates": [[2.2719555, 48.83670460000001], [2.2718145, 48.8367458]]}}, {"type": "Feature", "properties": {"highway": "footway", "footway": "crossing", "name": null, "surface": null, "lit": "yes", "length_m": 17.08, "type_element": "Way", "__fid": 8008}, "geometry": {"type": "LineString", "coordinates": [[2.2718056, 48.8390688], [2.2719948, 48.839158200000014]]}}, {"type": "Feature", "properties": {"highway": "footway", "footway": null, "name": null, "surface": "asphalt", "lit": "yes", "length_m": 122.81, "type_element": "Way", "__fid": 8009}, "geometry": {"type": "LineString", "coordinates": [[2.2718056, 48.8390688], [2.2719989, 48.8388791], [2.2722573, 48.83867520000001], [2.2725756, 48.8384408], [2.2729329, 48.8382632]]}}, {"type": "Feature", "properties": {"highway": "service", "footway": null, "name": "Rue Leblanc", "surface": "asphalt", "lit": "yes", "length_m": 15.75, "type_element": "Way", "__fid": 8013}, "geometry": {"type": "LineString", "coordinates": [[2.2718123, 48.840109], [2.2719972, 48.8400372]]}}, {"type": "Feature", "properties": {"highway": "footway", "footway": null, "name": null, "surface": null, "lit": "yes", "length_m": 12.36, "type_element": "Way", "__fid": 8019}, "geometry": {"type": "LineString", "coordinates": [[2.2718915, 48.8369323], [2.2719226, 48.8368231]]}}, {"type": "Feature", "properties": {"highway": "footway", "footway": "sidewalk", "name": null, "surface": "asphalt", "lit": "yes", "length_m": 29.77, "type_element": "Way", "__fid": 8020}, "geometry": {"type": "LineString", "coordinates": [[2.2718915, 48.8369323], [2.2722918, 48.8368891]]}}, {"type": "Feature", "properties": {"highway": "footway", "footway": null, "name": null, "surface": null, "lit": "yes", "length_m": 13.4, "type_element": "Way", "__fid": 8029}, "geometry": {"type": "LineString", "coordinates": [[2.2719226, 48.8368231], [2.2719555, 48.83670460000001]]}}, {"type": "Feature", "properties": {"highway": "footway", "footway": null, "name": null, "surface": null, "lit": "yes", "length_m": 13.28, "type_element": "Way", "__fid": 8030}, "geometry": {"type": "LineString", "coordinates": [[2.2719226, 48.8368231], [2.2720929, 48.8367827]]}}, {"type": "Feature", "properties": {"highway": "footway", "footway": "sidewalk", "name": null, "surface": null, "lit": "yes", "length_m": 12.48, "type_element": "Way", "__fid": 8035}, "geometry": {"type": "LineString", "coordinates": [[2.2718909, 48.839888199999976], [2.271971633333175, 48.839987]]}}, {"type": "Feature", "properties": {"highway": "footway", "footway": null, "name": null, "surface": null, "lit": "yes", "length_m": 10.16, "type_element": "Way", "__fid": 8040}, "geometry": {"type": "LineString", "coordinates": [[2.2719555, 48.83670460000001], [2.2719806, 48.8366147]]}}, {"type": "Feature", "properties": {"highway": "footway", "footway": null, "name": null, "surface": null, "lit": "yes", "length_m": 6.89, "type_element": "Way", "__fid": 8041}, "geometry": {"type": "LineString", "coordinates": [[2.2720392, 48.83667660000001], [2.2719555, 48.83670460000001]]}}, {"type": "Feature", "properties": {"highway": "footway", "footway": null, "name": null, "surface": null, "lit": "yes", "length_m": 27.36, "type_element": "Way", "__fid": 8049}, "geometry": {"type": "LineString", "coordinates": [[2.2719806, 48.8366147], [2.2720482, 48.8363727]]}}, {"type": "Feature", "properties": {"highway": "footway", "footway": null, "name": null, "surface": null, "lit": "yes", "length_m": 20.88, "type_element": "Way", "__fid": 8050}, "geometry": {"type": "LineString", "coordinates": [[2.2721802, 48.8364809], [2.2719806, 48.8366147]]}}, {"type": "Feature", "properties": {"highway": "footway", "footway": null, "name": null, "surface": "unpaved", "lit": null, "length_m": 23.66, "type_element": "Way", "__fid": 8058}, "geometry": {"type": "LineString", "coordinates": [[2.2722535, 48.8373471], [2.2720746, 48.8372513], [2.272047, 48.83724689999998], [2.2719908, 48.8372665]]}}, {"type": "Feature", "properties": {"highway": "footway", "footway": "crossing", "name": null, "surface": null, "lit": "yes", "length_m": 5.89, "type_element": "Way", "__fid": 8061}, "geometry": {"type": "LineString", "coordinates": [[2.2719972, 48.8400372], [2.271971633333175, 48.839987]]}}, {"type": "Feature", "properties": {"highway": "footway", "footway": "sidewalk", "name": null, "surface": "asphalt", "lit": "yes", "length_m": 20.73, "type_element": "Way", "__fid": 8062}, "geometry": {"type": "LineString", "coordinates": [[2.2722043, 48.83988129999999], [2.271971633333175, 48.839987]]}}, {"type": "Feature", "properties": {"highway": "footway", "footway": "sidewalk", "name": null, "surface": null, "lit": "yes", "length_m": 127.83, "type_element": "Way", "__fid": 8063}, "geometry": {"type": "LineString", "coordinates": [[2.2731912, 48.8383399], [2.2728804, 48.83846980000003], [2.2725889, 48.838656399999984], [2.272315, 48.8388598], [2.2720793, 48.8390589], [2.2719948, 48.839158200000014]]}}, {"type": "Feature", "properties": {"highway": "footway", "footway": null, "name": null, "surface": null, "lit": "yes", "length_m": 12.44, "type_element": "Way", "__fid": 8067}, "geometry": {"type": "LineString", "coordinates": [[2.2720392, 48.83667660000001], [2.2720929, 48.8367827]]}}, {"type": "Feature", "properties": {"highway": "footway", "footway": null, "name": null, "surface": null, "lit": "yes", "length_m": 17.19, "type_element": "Way", "__fid": 8068}, "geometry": {"type": "LineString", "coordinates": [[2.2722507, 48.8366102], [2.2720392, 48.83667660000001]]}}, {"type": "Feature", "properties": {"highway": "footway", "footway": null, "name": null, "surface": null, "lit": "yes", "length_m": 59.11, "type_element": "Way", "__fid": 8069}, "geometry": {"type": "LineString", "coordinates": [[2.2720482, 48.8363727], [2.2721328, 48.8360874], [2.2724972, 48.836074]]}}, {"type": "Feature", "properties": {"highway": "footway", "footway": null, "name": null, "surface": null, "lit": "yes", "length_m": 5.69, "type_element": "Way", "__fid": 8070}, "geometry": {"type": "LineString", "coordinates": [[2.2720482, 48.8363727], [2.2721066, 48.836339]]}}, {"type": "Feature", "properties": {"highway": "footway", "footway": "crossing", "name": null, "surface": null, "lit": "yes", "length_m": 7.33, "type_element": "Way", "__fid": 8071}, "geometry": {"type": "LineString", "coordinates": [[2.272048699999786, 48.840093666666746], [2.2719972, 48.8400372]]}}, {"type": "Feature", "properties": {"highway": "service", "footway": null, "name": "Rue Leblanc", "surface": "asphalt", "lit": "yes", "length_m": 11.94, "type_element": "Way", "__fid": 8072}, "geometry": {"type": "LineString", "coordinates": [[2.2719972, 48.8400372], [2.2721446, 48.8399918]]}}, {"type": "Feature", "properties": {"highway": "service", "footway": null, "name": null, "surface": null, "lit": "yes", "length_m": 4.67, "type_element": "Way", "__fid": 8073}, "geometry": {"type": "LineString", "coordinates": [[2.2720315, 48.8401253], [2.2719977, 48.8400897]]}}, {"type": "Feature", "properties": {"highway": "service", "footway": null, "name": null, "surface": "concrete", "lit": "yes", "length_m": 39.26, "type_element": "Way", "__fid": 8077}, "geometry": {"type": "LineString", "coordinates": [[2.2722043, 48.83988129999999], [2.2720627, 48.8397323], [2.2720148, 48.839653800000015], [2.2720114, 48.8395613]]}}, {"type": "Feature", "properties": {"highway": "service", "footway": null, "name": null, "surface": "concrete", "lit": "yes", "length_m": 82.49, "type_element": "Way", "__fid": 8078}, "geometry": {"type": "LineString", "coordinates": [[2.2720114, 48.8395613], [2.2720563, 48.8394762], [2.2721167, 48.8394289], [2.2722005, 48.8393874], [2.272291, 48.8393742], [2.2723856, 48.8393716], [2.2724587, 48.8393866], [2.2725727, 48.8394342], [2.272625, 48.8394762], [2.2727926, 48.8396465]]}}, {"type": "Feature", "properties": {"highway": "service", "footway": null, "name": null, "surface": null, "lit": "yes", "length_m": 99.87, "type_element": "Way", "__fid": 8088}, "geometry": {"type": "LineString", "coordinates": [[2.2729515, 48.84071229999998], [2.2725271, 48.8406382], [2.2722605, 48.840371500000025], [2.2720315, 48.8401253]]}}, {"type": "Feature", "properties": {"highway": "footway", "footway": "sidewalk", "name": null, "surface": "asphalt", "lit": "yes", "length_m": 59.18, "type_element": "Way", "__fid": 8089}, "geometry": {"type": "LineString", "coordinates": [[2.2720315, 48.8401253], [2.2720298, 48.8401681], [2.2724177, 48.8405852]]}}, {"type": "Feature", "properties": {"highway": "footway", "footway": "sidewalk", "name": null, "surface": "asphalt", "lit": "yes", "length_m": 4.14, "type_element": "Way", "__fid": 8090}, "geometry": {"type": "LineString", "coordinates": [[2.2720315, 48.8401253], [2.2720547, 48.84009740000001], [2.272048699999786, 48.840093666666746]]}}, {"type": "Feature", "properties": {"highway": "footway", "footway": null, "name": null, "surface": null, "lit": "yes", "length_m": 12.0, "type_element": "Way", "__fid": 8096}, "geometry": {"type": "LineString", "coordinates": [[2.2720929, 48.8367827], [2.2721481, 48.8368843]]}}, {"type": "Feature", "properties": {"highway": "footway", "footway": null, "name": null, "surface": null, "lit": "yes", "length_m": 16.29, "type_element": "Way", "__fid": 8097}, "geometry": {"type": "LineString", "coordinates": [[2.2720929, 48.8367827], [2.2723018, 48.8367332]]}}, {"type": "Feature", "properties": {"highway": "footway", "footway": "sidewalk", "name": null, "surface": "asphalt", "lit": "yes", "length_m": 50.24, "type_element": "Way", "__fid": 8098}, "geometry": {"type": "LineString", "coordinates": [[2.2726413, 48.8398676], [2.272048699999786, 48.840093666666746]]}}, {"type": "Feature", "properties": {"highway": "footway", "footway": null, "name": null, "surface": null, "lit": "yes", "length_m": 16.68, "type_element": "Way", "__fid": 8100}, "geometry": {"type": "LineString", "coordinates": [[2.2721802, 48.8364809], [2.2721066, 48.836339]]}}, {"type": "Feature", "properties": {"highway": "footway", "footway": null, "name": null, "surface": null, "lit": "yes", "length_m": 22.94, "type_element": "Way", "__fid": 8101}, "geometry": {"type": "LineString", "coordinates": [[2.2721066, 48.836339], [2.2723219, 48.836189400000016]]}}, {"type": "Feature", "properties": {"highway": "footway", "footway": "sidewalk", "name": null, "surface": null, "lit": "yes", "length_m": 119.72, "type_element": "Way", "__fid": 8105}, "geometry": {"type": "LineString", "coordinates": [[2.273433, 48.8357426], [2.2733079, 48.8354839], [2.2732918, 48.8354777], [2.2721365, 48.8356944]]}}, {"type": "Feature", "properties": {"highway": "footway", "footway": "path", "name": null, "surface": "paving_stones", "lit": "no", "length_m": 50.01, "type_element": "Way", "__fid": 8128}, "geometry": {"type": "LineString", "coordinates": [[2.2721162, 48.8408868], [2.2724849, 48.8412388], [2.2725176, 48.8412419]]}}, {"type": "Feature", "properties": {"highway": "footway", "footway": "path", "name": null, "surface": "paving_stones", "lit": "no", "length_m": 76.25, "type_element": "Way", "__fid": 8129}, "geometry": {"type": "LineString", "coordinates": [[2.2721162, 48.8408868], [2.2720162, 48.8409295], [2.272356, 48.8413381], [2.272540057074105, 48.84126657752998]]}}, {"type": "Feature", "properties": {"highway": "footway", "footway": "path", "name": null, "surface": "paving_stones", "lit": "no", "length_m": 12.55, "type_element": "Way", "__fid": 8130}, "geometry": {"type": "LineString", "coordinates": [[2.2722598, 48.8408255], [2.2721162, 48.8408868]]}}, {"type": "Feature", "properties": {"highway": "footway", "footway": null, "name": null, "surface": null, "lit": "yes", "length_m": 15.28, "type_element": "Way", "__fid": 8132}, "geometry": {"type": "LineString", "coordinates": [[2.2722507, 48.8366102], [2.2721802, 48.8364809]]}}, {"type": "Feature", "properties": {"highway": "footway", "footway": null, "name": null, "surface": null, "lit": "yes", "length_m": 14.95, "type_element": "Way", "__fid": 8133}, "geometry": {"type": "LineString", "coordinates": [[2.2723253, 48.8363866], [2.2721802, 48.8364809]]}}, {"type": "Feature", "properties": {"highway": "service", "footway": null, "name": null, "surface": "concrete", "lit": "yes", "length_m": 8.41, "type_element": "Way", "__fid": 8145}, "geometry": {"type": "LineString", "coordinates": [[2.2722648, 48.8399455], [2.2722043, 48.83988129999999]]}}, {"type": "Feature", "properties": {"highway": "footway", "footway": "sidewalk", "name": null, "surface": "paving_stones", "lit": "yes", "length_m": 28.04, "type_element": "Way", "__fid": 8146}, "geometry": {"type": "LineString", "coordinates": [[2.2722043, 48.83988129999999], [2.2725301, 48.8397496]]}}, {"type": "Feature", "properties": {"highway": "footway", "footway": null, "name": null, "surface": null, "lit": "yes", "length_m": 4.85, "type_element": "Way", "__fid": 8147}, "geometry": {"type": "LineString", "coordinates": [[2.2723113, 48.8365928], [2.2722507, 48.8366102]]}}, {"type": "Feature", "properties": {"highway": "footway", "footway": null, "name": null, "surface": "unpaved", "lit": null, "length_m": 69.87, "type_element": "Way", "__fid": 8157}, "geometry": {"type": "LineString", "coordinates": [[2.2731092, 48.83707190000001], [2.2722535, 48.8373471]]}}, {"type": "Feature", "properties": {"highway": "service", "footway": null, "name": null, "surface": null, "lit": "yes", "length_m": 7.21, "type_element": "Way", "__fid": 8163}, "geometry": {"type": "LineString", "coordinates": [[2.2722885, 48.8369539], [2.2722918, 48.8368891]]}}, {"type": "Feature", "properties": {"highway": "service", "footway": null, "name": null, "surface": null, "lit": "yes", "length_m": 17.35, "type_element": "Way", "__fid": 8164}, "geometry": {"type": "LineString", "coordinates": [[2.2722918, 48.8368891], [2.2723018, 48.8367332]]}}, {"type": "Feature", "properties": {"highway": "footway", "footway": "sidewalk", "name": null, "surface": "asphalt", "lit": "yes", "length_m": 35.75, "type_element": "Way", "__fid": 8165}, "geometry": {"type": "LineString", "coordinates": [[2.2722918, 48.8368891], [2.2727724, 48.83683710000001]]}}, {"type": "Feature", "properties": {"highway": "service", "footway": null, "name": null, "surface": null, "lit": "yes", "length_m": 15.63, "type_element": "Way", "__fid": 8169}, "geometry": {"type": "LineString", "coordinates": [[2.2723018, 48.8367332], [2.2723113, 48.8365928]]}}, {"type": "Feature", "properties": {"highway": "service", "footway": null, "name": null, "surface": null, "lit": "yes", "length_m": 22.95, "type_element": "Way", "__fid": 8170}, "geometry": {"type": "LineString", "coordinates": [[2.2723113, 48.8365928], [2.2723253, 48.8363866]]}}, {"type": "Feature", "properties": {"highway": "footway", "footway": null, "name": null, "surface": null, "lit": "yes", "length_m": 15.08, "type_element": "Way", "__fid": 8175}, "geometry": {"type": "LineString", "coordinates": [[2.2723219, 48.836189400000016], [2.2723306, 48.836324900000015]]}}, {"type": "Feature", "properties": {"highway": "footway", "footway": null, "name": null, "surface": null, "lit": "yes", "length_m": 18.17, "type_element": "Way", "__fid": 8176}, "geometry": {"type": "LineString", "coordinates": [[2.2723219, 48.836189400000016], [2.2724972, 48.836074]]}}, {"type": "Feature", "properties": {"highway": "footway", "footway": "path", "name": null, "surface": "paving_stones", "lit": "no", "length_m": 52.47, "type_element": "Way", "__fid": 8177}, "geometry": {"type": "LineString", "coordinates": [[2.2725176, 48.8412419], [2.2725558, 48.8412097], [2.2722598, 48.8408255]]}}, {"type": "Feature", "properties": {"highway": "footway", "footway": "path", "name": null, "surface": "paving_stones", "lit": "no", "length_m": 9.12, "type_element": "Way", "__fid": 8178}, "geometry": {"type": "LineString", "coordinates": [[2.2723641, 48.840781], [2.2722598, 48.8408255]]}}, {"type": "Feature", "properties": {"highway": "service", "footway": null, "name": null, "surface": null, "lit": "yes", "length_m": 6.87, "type_element": "Way", "__fid": 8179}, "geometry": {"type": "LineString", "coordinates": [[2.2723253, 48.8363866], [2.2723306, 48.836324900000015]]}}, {"type": "Feature", "properties": {"highway": "footway", "footway": null, "name": null, "surface": null, "lit": "yes", "length_m": 5.05, "type_element": "Way", "__fid": 8180}, "geometry": {"type": "LineString", "coordinates": [[2.2723936, 48.8363809], [2.2723253, 48.8363866]]}}, {"type": "Feature", "properties": {"highway": "footway", "footway": null, "name": null, "surface": null, "lit": "yes", "length_m": 7.41, "type_element": "Way", "__fid": 8181}, "geometry": {"type": "LineString", "coordinates": [[2.2724171, 48.83629060000001], [2.2723306, 48.836324900000015]]}}, {"type": "Feature", "properties": {"highway": "service", "footway": null, "name": null, "surface": null, "lit": "yes", "length_m": 62.74, "type_element": "Way", "__fid": 8182}, "geometry": {"type": "LineString", "coordinates": [[2.2723306, 48.836324900000015], [2.2731404, 48.8361443]]}}, {"type": "Feature", "properties": {"highway": "footway", "footway": null, "name": null, "surface": null, "lit": "yes", "length_m": 24.79, "type_element": "Way", "__fid": 8211}, "geometry": {"type": "LineString", "coordinates": [[2.2724171, 48.83629060000001], [2.2724972, 48.836074]]}}, {"type": "Feature", "properties": {"highway": "footway", "footway": null, "name": null, "surface": null, "lit": "yes", "length_m": 42.85, "type_element": "Way", "__fid": 8212}, "geometry": {"type": "LineString", "coordinates": [[2.2729185, 48.8360933], [2.2724171, 48.83629060000001]]}}, {"type": "Feature", "properties": {"highway": "footway", "footway": "path", "name": null, "surface": "paving_stones", "lit": "no", "length_m": 53.08, "type_element": "Way", "__fid": 8218}, "geometry": {"type": "LineString", "coordinates": [[2.2727276, 48.8411937], [2.2723641, 48.840781]]}}, {"type": "Feature", "properties": {"highway": "footway", "footway": "path", "name": null, "surface": "paving_stones", "lit": "no", "length_m": 8.32, "type_element": "Way", "__fid": 8219}, "geometry": {"type": "LineString", "coordinates": [[2.2724699, 48.8407826], [2.2723909, 48.8407696], [2.2723641, 48.840781]]}}, {"type": "Feature", "properties": {"highway": "footway", "footway": null, "name": null, "surface": null, "lit": "yes", "length_m": 40.63, "type_element": "Way", "__fid": 8245}, "geometry": {"type": "LineString", "coordinates": [[2.2724972, 48.836074], [2.2725418, 48.8360446], [2.273032, 48.8360336]]}}, {"type": "Feature", "properties": {"highway": "footway", "footway": "path", "name": null, "surface": "paving_stones", "lit": "no", "length_m": 15.85, "type_element": "Way", "__fid": 8266}, "geometry": {"type": "LineString", "coordinates": [[2.2726794, 48.840817], [2.2724699, 48.8407826]]}}, {"type": "Feature", "properties": {"highway": "footway", "footway": "path", "name": null, "surface": "paving_stones", "lit": "no", "length_m": 48.95, "type_element": "Way", "__fid": 8267}, "geometry": {"type": "LineString", "coordinates": [[2.2727956, 48.8411668], [2.2724699, 48.8407826]]}}, {"type": "Feature", "properties": {"highway": "footway", "footway": "crossing", "name": null, "surface": null, "lit": "yes", "length_m": 15.45, "type_element": "Way", "__fid": 8282}, "geometry": {"type": "LineString", "coordinates": [[2.2725301, 48.8397496], [2.2726413, 48.8398676]]}}, {"type": "Feature", "properties": {"highway": "footway", "footway": "sidewalk", "name": null, "surface": "paving_stones", "lit": "yes", "length_m": 22.42, "type_element": "Way", "__fid": 8283}, "geometry": {"type": "LineString", "coordinates": [[2.2727926, 48.8396465], [2.2725301, 48.8397496]]}}, {"type": "Feature", "properties": {"highway": "footway", "footway": "path", "name": null, "surface": "metal", "lit": "no", "length_m": 3.2, "type_element": "Way", "__fid": 8288}, "geometry": {"type": "LineString", "coordinates": [[2.2725176, 48.8412419], [2.272540057074105, 48.84126657752998]]}}, {"type": "Feature", "properties": {"highway": "footway", "footway": "path", "name": null, "surface": "paving_stones", "lit": "no", "length_m": 20.03, "type_element": "Way", "__fid": 8296}, "geometry": {"type": "LineString", "coordinates": [[2.272540057074105, 48.84126657752998], [2.2726806, 48.841421]]}}, {"type": "Feature", "properties": {"highway": "footway", "footway": "path", "name": null, "surface": "paving_stones", "lit": "no", "length_m": 15.97, "type_element": "Way", "__fid": 8297}, "geometry": {"type": "LineString", "coordinates": [[2.272540057074105, 48.84126657752998], [2.2727276, 48.8411937]]}}, {"type": "Feature", "properties": {"highway": "footway", "footway": null, "name": null, "surface": null, "lit": "yes", "length_m": 26.96, "type_element": "Way", "__fid": 8332}, "geometry": {"type": "LineString", "coordinates": [[2.2726954, 48.83593649999999], [2.273032, 48.8360336]]}}, {"type": "Feature", "properties": {"highway": "footway", "footway": "sidewalk", "name": null, "surface": "asphalt", "lit": "yes", "length_m": 23.49, "type_element": "Way", "__fid": 8333}, "geometry": {"type": "LineString", "coordinates": [[2.2726413, 48.8398676], [2.2728554, 48.8397837], [2.2729262, 48.83978750000003]]}}, {"type": "Feature", "properties": {"highway": "footway", "footway": "path", "name": null, "surface": "paving_stones", "lit": null, "length_m": 4.84, "type_element": "Way", "__fid": 8336}, "geometry": {"type": "LineString", "coordinates": [[2.2726806, 48.841421], [2.2726247, 48.84144409999998]]}}, {"type": "Feature", "properties": {"highway": "footway", "footway": "path", "name": null, "surface": "paving_stones", "lit": "no", "length_m": 14.36, "type_element": "Way", "__fid": 8349}, "geometry": {"type": "LineString", "coordinates": [[2.2728692, 48.84084830000001], [2.2726794, 48.840817]]}}, {"type": "Feature", "properties": {"highway": "footway", "footway": "path", "name": null, "surface": "paving_stones", "lit": "no", "length_m": 37.76, "type_element": "Way", "__fid": 8350}, "geometry": {"type": "LineString", "coordinates": [[2.2726794, 48.840817], [2.2729378, 48.841110599999986]]}}, {"type": "Feature", "properties": {"highway": "footway", "footway": "path", "name": "Allée des Peshmergas", "surface": "paving_stones", "lit": "no", "length_m": 88.75, "type_element": "Way", "__fid": 8352}, "geometry": {"type": "LineString", "coordinates": [[2.2733094, 48.8421028], [2.2726806, 48.841421]]}}, {"type": "Feature", "properties": {"highway": "footway", "footway": "path", "name": null, "surface": "paving_stones", "lit": "no", "length_m": 39.54, "type_element": "Way", "__fid": 8353}, "geometry": {"type": "LineString", "coordinates": [[2.2726806, 48.841421], [2.2731363, 48.8412313]]}}, {"type": "Feature", "properties": {"highway": "footway", "footway": "path", "name": null, "surface": "paving_stones", "lit": "no", "length_m": 5.82, "type_element": "Way", "__fid": 8364}, "geometry": {"type": "LineString", "coordinates": [[2.2727276, 48.8411937], [2.2727956, 48.8411668]]}}]}