{"type": "FeatureCollection", "features": [{"type": "Feature", "properties": {"@id": "node/492621563", "alt_name": "Puits artésien de Passy", "amenity": "drinking_water", "check_date": "2023-01-11", "man_made": "water_tap", "name": "Fontaine à l'Albien", "wikidata": "Q3076297", "wikimedia_commons": "File:Puits artésien sq Lamartine.jpg;File:Puits artésien sq Lamartine2.JPG", "type_element": "Fontaines à boire", "__fid": 69}, "geometry": {"type": "Point", "coordinates": [2.2754857, 48.8652473]}, "id": "node/492621563"}, {"type": "Feature", "properties": {"@id": "node/1698057882", "amenity": "drinking_water", "type_element": "Fontaines à boire", "__fid": 300}, "geometry": {"type": "Point", "coordinates": [2.2728757, 48.8685507]}, "id": "node/1698057882"}, {"type": "Feature", "geometry": {"type": "Point", "coordinates": [2.272963, 48.868737]}, "properties": {"id": 2611, "name": "Square du Général Anselin", "categorie": "Parcs, jardins et bois", "photo_url": "https://cdn.paris.fr/eqpts-prod/2025/02/10/da85fc512423818f678ce7c4621cb3ef.jpg", "photo_credit": "Marius Genin / Ville de Paris", "photo_alt": null, "address_street": "1, avenue de Pologne", "address_postcode": "75016", "address_city": "PARIS", "phone": null, "accessibility": "{\"handicaps\": [{\"name\": \"Personnes à mobilité réduite\", \"status\": \"accessible\"}, {\"name\": \"Personnes déficientes visuelles\", \"status\": \"undefined\"}, {\"name\": \"Personnes déficientes auditives\", \"status\": \"undefined\"}, {\"name\": \"Personnes déficientes mentales\", \"status\": \"undefined\"}, {\"name\": \"Accueil en langue des signes\", \"status\": \"undefined\"}], \"additional_info\": \"<p>Espace vert dont l’accessibilité pour les personnes à mobilité réduite est limitée à certaines zones.</p>\"}", "latitude": 48.868737, "longitude": 2.272963, "url": "https://www.paris.fr/lieux/square-du-general-anselin-2611", "type_element": "Parcs, Jardins et Bois", "__fid": 1507}}, {"type": "Feature", "geometry": {"type": "Point", "coordinates": [2.275709, 48.865252]}, "properties": {"id": 2614, "name": "Square Lamartine", "categorie": "Parcs, jardins et bois", "photo_url": "https://cdn.paris.fr/eqpts-prod/2024/02/01/c3bcbf574e150c2079014bfab0c4c5a1.jpg", "photo_credit": "Sonia Yassa / Ville de Paris", "photo_alt": "Aire de jeux pour enfant du square Lamartine", "address_street": "3, square Lamartine", "address_postcode": "75016", "address_city": "PARIS", "phone": null, "accessibility": "{\"handicaps\": [{\"name\": \"Personnes à mobilité réduite\", \"status\": \"accessible\"}, {\"name\": \"Personnes déficientes visuelles\", \"status\": \"undefined\"}, {\"name\": \"Personnes déficientes auditives\", \"status\": \"undefined\"}, {\"name\": \"Personnes déficientes mentales\", \"status\": \"undefined\"}, {\"name\": \"Accueil en langue des signes\", \"status\": \"undefined\"}], \"additional_info\": \"<p>Espace vert dont l’accessibilité pour les personnes à mobilité réduite est limitée à certaines zones.</p>\"}", "latitude": 48.865252, "longitude": 2.275709, "url": "https://www.paris.fr/lieux/square-lamartine-2614", "type_element": "Parcs, Jardins et Bois", "__fid": 1523}}, {"type": "Feature", "properties": {"highway": "footway", "footway": "sidewalk", "name": null, "surface": null, "lit": null, "length_m": 211.27, "type_element": "Way", "__fid": 8120}, "geometry": {"type": "LineString", "coordinates": [[2.2717382, 48.866997], [2.2731485, 48.868653600000016]]}}, {"type": "Feature", "properties": {"highway": "footway", "footway": "sidewalk", "name": null, "surface": null, "lit": null, "length_m": 210.99, "type_element": "Way", "__fid": 8239}, "geometry": {"type": "LineString", "coordinates": [[2.2720378, 48.8668925], [2.2734434, 48.8685479]]}}, {"type": "Feature", "properties": {"highway": "footway", "footway": "sidewalk", "name": null, "surface": null, "lit": null, "length_m": 63.19, "type_element": "Way", "__fid": 8394}, "geometry": {"type": "LineString", "coordinates": [[2.2724097, 48.86941019999998], [2.2731611, 48.8691324]]}}, {"type": "Feature", "properties": {"highway": "footway", "footway": "sidewalk", "name": null, "surface": "asphalt", "lit": "yes", "length_m": 229.44, "type_element": "Way", "__fid": 8420}, "geometry": {"type": "LineString", "coordinates": [[2.2727894, 48.8663779], [2.2727855, 48.86632210000001], [2.272655, 48.8659101], [2.2725686, 48.8654708], [2.2724857, 48.8648003], [2.2724717, 48.8644078], [2.2724764, 48.86437320000001], [2.2725274, 48.8643455]]}}, {"type": "Feature", "properties": {"highway": "footway", "footway": "sidewalk", "name": null, "surface": null, "lit": null, "length_m": 32.23, "type_element": "Way", "__fid": 8469}, "geometry": {"type": "LineString", "coordinates": [[2.272927, 48.8688527], [2.2725452, 48.8689961]]}}, {"type": "Feature", "properties": {"highway": "footway", "footway": null, "name": null, "surface": null, "lit": null, "length_m": 31.69, "type_element": "Way", "__fid": 8474}, "geometry": {"type": "LineString", "coordinates": [[2.2725545, 48.8691797], [2.2726038, 48.8692334], [2.2728103, 48.8691569], [2.2727733, 48.869095600000016]]}}, {"type": "Feature", "properties": {"highway": "footway", "footway": null, "name": null, "surface": null, "lit": null, "length_m": 12.12, "type_element": "Way", "__fid": 8508}, "geometry": {"type": "LineString", "coordinates": [[2.2726284, 48.8691093], [2.2727201, 48.8690763], [2.2727733, 48.869095600000016]]}}, {"type": "Feature", "properties": {"highway": "footway", "footway": null, "name": null, "surface": null, "lit": null, "length_m": 49.68, "type_element": "Way", "__fid": 8515}, "geometry": {"type": "LineString", "coordinates": [[2.2726123, 48.871094700000015], [2.2727559, 48.87105480000001], [2.2730882, 48.8709931], [2.273194, 48.8709804], [2.2732625, 48.8709833]]}}, {"type": "Feature", "properties": {"highway": "footway", "footway": "sidewalk", "name": null, "surface": null, "lit": null, "length_m": 21.14, "type_element": "Way", "__fid": 8528}, "geometry": {"type": "LineString", "coordinates": [[2.2727024, 48.8665107], [2.2727074, 48.866490700000014], [2.2726699, 48.86642890000001], [2.2726945, 48.8664188], [2.2727078, 48.866391600000014], [2.2727894, 48.8663779]]}}, {"type": "Feature", "properties": {"highway": "footway", "footway": null, "name": null, "surface": "asphalt", "lit": null, "length_m": 238.91, "type_element": "Way", "__fid": 8533}, "geometry": {"type": "LineString", "coordinates": [[2.2727074, 48.8667046], [2.272857, 48.867009], [2.2730152, 48.8672679], [2.272973, 48.8672807], [2.2732184, 48.867641], [2.2736968, 48.8682727], [2.273731, 48.868260100000015], [2.2740043, 48.8686079]]}}, {"type": "Feature", "properties": {"highway": "footway", "footway": null, "name": null, "surface": "asphalt", "lit": null, "length_m": 6.88, "type_element": "Way", "__fid": 8534}, "geometry": {"type": "LineString", "coordinates": [[2.2727986, 48.8666901], [2.2727074, 48.8667046]]}}, {"type": "Feature", "properties": {"highway": "footway", "footway": "sidewalk", "name": null, "surface": null, "lit": null, "length_m": 19.14, "type_element": "Way", "__fid": 8538}, "geometry": {"type": "LineString", "coordinates": [[2.2727316, 48.8665237], [2.2727986, 48.8666901]]}}, {"type": "Feature", "properties": {"highway": "footway", "footway": "crossing", "name": null, "surface": null, "lit": "yes", "length_m": 8.69, "type_element": "Way", "__fid": 8539}, "geometry": {"type": "LineString", "coordinates": [[2.2728452, 48.8665014], [2.2727316, 48.8665237]]}}, {"type": "Feature", "properties": {"highway": "footway", "footway": "sidewalk", "name": null, "surface": "asphalt", "lit": "yes", "length_m": 2.95, "type_element": "Way", "__fid": 8563}, "geometry": {"type": "LineString", "coordinates": [[2.2728256, 48.8663895], [2.2727894, 48.8663779]]}}, {"type": "Feature", "properties": {"highway": "footway", "footway": "sidewalk", "name": null, "surface": null, "lit": null, "length_m": 230.35, "type_element": "Way", "__fid": 8566}, "geometry": {"type": "LineString", "coordinates": [[2.2727986, 48.8666901], [2.2729418, 48.8670039], [2.2731821, 48.8673917], [2.2740432, 48.86858859999999]]}}, {"type": "Feature", "properties": {"highway": "footway", "footway": null, "name": null, "surface": "asphalt", "lit": null, "length_m": 5.05, "type_element": "Way", "__fid": 8567}, "geometry": {"type": "LineString", "coordinates": [[2.2728656, 48.8666795], [2.2727986, 48.8666901]]}}, {"type": "Feature", "properties": {"highway": "footway", "footway": null, "name": null, "surface": null, "lit": null, "length_m": 22.93, "type_element": "Way", "__fid": 8572}, "geometry": {"type": "LineString", "coordinates": [[2.2727733, 48.869095600000016], [2.2730468, 48.8689957]]}}, {"type": "Feature", "properties": {"highway": "footway", "footway": "crossing", "name": null, "surface": null, "lit": "yes", "length_m": 7.95, "type_element": "Way", "__fid": 8575}, "geometry": {"type": "LineString", "coordinates": [[2.2728256, 48.8663895], [2.2728673, 48.8664555]]}}, {"type": "Feature", "properties": {"highway": "footway", "footway": "sidewalk", "name": null, "surface": "asphalt", "lit": "yes", "length_m": 39.18, "type_element": "Way", "__fid": 8576}, "geometry": {"type": "LineString", "coordinates": [[2.2733216, 48.86626350000002], [2.2728364, 48.8663804], [2.2728256, 48.8663895]]}}, {"type": "Feature", "properties": {"highway": "footway", "footway": "sidewalk", "name": null, "surface": "asphalt", "lit": "yes", "length_m": 246.17, "type_element": "Way", "__fid": 8582}, "geometry": {"type": "LineString", "coordinates": [[2.2728452, 48.8665014], [2.2730102, 48.8668327], [2.2731959, 48.8671573], [2.2733857, 48.8674493], [2.273666, 48.8678326], [2.2741959, 48.86852409999999]]}}, {"type": "Feature", "properties": {"highway": "footway", "footway": "sidewalk", "name": null, "surface": "asphalt", "lit": "yes", "length_m": 5.36, "type_element": "Way", "__fid": 8583}, "geometry": {"type": "LineString", "coordinates": [[2.2728673, 48.8664555], [2.2728452, 48.8665014]]}}, {"type": "Feature", "properties": {"highway": "footway", "footway": "sidewalk", "name": null, "surface": "asphalt", "lit": "yes", "length_m": 29.55, "type_element": "Way", "__fid": 8589}, "geometry": {"type": "LineString", "coordinates": [[2.2732469, 48.8663898], [2.2731885, 48.8663783], [2.2728673, 48.8664555]]}}, {"type": "Feature", "properties": {"highway": "footway", "footway": null, "name": null, "surface": null, "lit": null, "length_m": 18.17, "type_element": "Way", "__fid": 8629}, "geometry": {"type": "LineString", "coordinates": [[2.272927, 48.8688527], [2.2730468, 48.8689957]]}}, {"type": "Feature", "properties": {"highway": "footway", "footway": "sidewalk", "name": null, "surface": null, "lit": null, "length_m": 25.2, "type_element": "Way", "__fid": 8630}, "geometry": {"type": "LineString", "coordinates": [[2.273223033333265, 48.86873773333335], [2.272927, 48.8688527]]}}, {"type": "Feature", "properties": {"highway": "footway", "footway": "sidewalk", "name": null, "surface": "asphalt", "lit": "yes", "length_m": 183.81, "type_element": "Way", "__fid": 8643}, "geometry": {"type": "LineString", "coordinates": [[2.2740184, 48.8660755], [2.273005366666482, 48.86456363333348]]}}, {"type": "Feature", "properties": {"highway": "footway", "footway": null, "name": null, "surface": null, "lit": null, "length_m": 17.36, "type_element": "Way", "__fid": 8677}, "geometry": {"type": "LineString", "coordinates": [[2.2730468, 48.8689957], [2.2731611, 48.8691324]]}}, {"type": "Feature", "properties": {"highway": "footway", "footway": null, "name": null, "surface": null, "lit": null, "length_m": 25.29, "type_element": "Way", "__fid": 8678}, "geometry": {"type": "LineString", "coordinates": [[2.2730468, 48.8689957], [2.2733481, 48.868885100000014]]}}, {"type": "Feature", "properties": {"highway": "footway", "footway": "sidewalk", "name": null, "surface": null, "lit": "yes", "length_m": 154.07, "type_element": "Way", "__fid": 8702}, "geometry": {"type": "LineString", "coordinates": [[2.2731902, 48.8646168], [2.2749556, 48.8653672]]}}, {"type": "Feature", "properties": {"highway": "footway", "footway": "sidewalk", "name": null, "surface": null, "lit": "yes", "length_m": 291.3, "type_element": "Way", "__fid": 8703}, "geometry": {"type": "LineString", "coordinates": [[2.2756486, 48.8657145], [2.27557, 48.8657257], [2.2741842, 48.8660601], [2.274143, 48.8660479], [2.2732454, 48.8647173], [2.2731902, 48.8646168]]}}, {"type": "Feature", "properties": {"highway": "footway", "footway": "crossing", "name": null, "surface": "sett", "lit": null, "length_m": 10.84, "type_element": "Way", "__fid": 8710}, "geometry": {"type": "LineString", "coordinates": [[2.273223033333265, 48.86873773333335], [2.2731485, 48.868653600000016]]}}, {"type": "Feature", "properties": {"highway": "footway", "footway": "crossing", "name": null, "surface": "asphalt", "lit": "yes", "length_m": 24.62, "type_element": "Way", "__fid": 8711}, "geometry": {"type": "LineString", "coordinates": [[2.2731485, 48.868653600000016], [2.2734434, 48.8685479]]}}, {"type": "Feature", "properties": {"highway": "footway", "footway": "sidewalk", "name": null, "surface": null, "lit": null, "length_m": 25.42, "type_element": "Way", "__fid": 8718}, "geometry": {"type": "LineString", "coordinates": [[2.2731611, 48.8691324], [2.2734582, 48.8690148]]}}, {"type": "Feature", "properties": {"highway": "footway", "footway": "sidewalk", "name": null, "surface": "asphalt", "lit": "yes", "length_m": 243.04, "type_element": "Way", "__fid": 8731}, "geometry": {"type": "LineString", "coordinates": [[2.2745993, 48.86838510000001], [2.2732469, 48.8663898]]}}, {"type": "Feature", "properties": {"highway": "footway", "footway": "crossing", "name": null, "surface": null, "lit": "yes", "length_m": 11.3, "type_element": "Way", "__fid": 8732}, "geometry": {"type": "LineString", "coordinates": [[2.273384, 48.86635075], [2.2732541, 48.8663797], [2.2732469, 48.8663898]]}}, {"type": "Feature", "properties": {"highway": "footway", "footway": "sidewalk", "name": null, "surface": null, "lit": null, "length_m": 18.78, "type_element": "Way", "__fid": 8738}, "geometry": {"type": "LineString", "coordinates": [[2.273223033333265, 48.86873773333335], [2.2733481, 48.868885100000014]]}}, {"type": "Feature", "properties": {"highway": "footway", "footway": "sidewalk", "name": null, "surface": null, "lit": "yes", "length_m": 150.72, "type_element": "Way", "__fid": 8764}, "geometry": {"type": "LineString", "coordinates": [[2.2733319, 48.86447490000001], [2.2750534, 48.8652147]]}}, {"type": "Feature", "properties": {"highway": "footway", "footway": "crossing", "name": null, "surface": null, "lit": "yes", "length_m": 10.73, "type_element": "Way", "__fid": 8768}, "geometry": {"type": "LineString", "coordinates": [[2.273384, 48.86635075], [2.2733216, 48.86626350000002]]}}, {"type": "Feature", "properties": {"highway": "footway", "footway": "sidewalk", "name": null, "surface": "asphalt", "lit": "yes", "length_m": 54.32, "type_element": "Way", "__fid": 8769}, "geometry": {"type": "LineString", "coordinates": [[2.274013, 48.866091200000014], [2.273993, 48.8661018], [2.2733216, 48.86626350000002]]}}, {"type": "Feature", "properties": {"highway": "footway", "footway": null, "name": null, "surface": null, "lit": null, "length_m": 61.37, "type_element": "Way", "__fid": 8773}, "geometry": {"type": "LineString", "coordinates": [[2.2732625, 48.8709833], [2.2733597, 48.8709965], [2.2736766, 48.8711133], [2.2737457, 48.8711253], [2.2739284, 48.87113990000002], [2.2739586, 48.87116], [2.2739653, 48.8711895], [2.2739469, 48.8712058]]}}, {"type": "Feature", "properties": {"highway": "footway", "footway": null, "name": null, "surface": null, "lit": null, "length_m": 36.43, "type_element": "Way", "__fid": 8774}, "geometry": {"type": "LineString", "coordinates": [[2.2735293, 48.8712588], [2.2735054, 48.87122150000001], [2.2732625, 48.8709833]]}}, {"type": "Feature", "properties": {"highway": "footway", "footway": "sidewalk", "name": null, "surface": null, "lit": null, "length_m": 16.53, "type_element": "Way", "__fid": 8795}, "geometry": {"type": "LineString", "coordinates": [[2.2733481, 48.868885100000014], [2.2734582, 48.8690148]]}}, {"type": "Feature", "properties": {"highway": "footway", "footway": "sidewalk", "name": null, "surface": null, "lit": "yes", "length_m": 243.62, "type_element": "Way", "__fid": 8796}, "geometry": {"type": "LineString", "coordinates": [[2.27472, 48.8683435], [2.2744478, 48.8679372], [2.2744103, 48.86791560000001], [2.2743278, 48.86780130000001], [2.2743372, 48.8677674], [2.2736277, 48.8667462], [2.2733816, 48.8663748], [2.273384, 48.86635075]]}}, {"type": "Feature", "properties": {"highway": "footway", "footway": "sidewalk", "name": null, "surface": null, "lit": "yes", "length_m": 53.85, "type_element": "Way", "__fid": 8797}, "geometry": {"type": "LineString", "coordinates": [[2.273384, 48.86635075], [2.2734192, 48.8663316], [2.2740676, 48.866179]]}}, {"type": "Feature", "properties": {"highway": "footway", "footway": "sidewalk", "name": null, "surface": "asphalt", "lit": null, "length_m": 29.85, "type_element": "Way", "__fid": 8820}, "geometry": {"type": "LineString", "coordinates": [[2.2734434, 48.8685479], [2.2735926, 48.86871570000001], [2.2736281, 48.8687211], [2.2737025, 48.868712399999986]]}}, {"type": "Feature", "properties": {"highway": "footway", "footway": "crossing", "name": null, "surface": null, "lit": null, "length_m": 17.98, "type_element": "Way", "__fid": 8824}, "geometry": {"type": "LineString", "coordinates": [[2.2734582, 48.8690148], [2.2735143, 48.86908690000001], [2.2735177, 48.86916749999999]]}}, {"type": "Feature", "properties": {"highway": "footway", "footway": "sidewalk", "name": null, "surface": null, "lit": null, "length_m": 96.38, "type_element": "Way", "__fid": 8851}, "geometry": {"type": "LineString", "coordinates": [[2.2740361, 48.8699639], [2.2735177, 48.86916749999999]]}}, {"type": "Feature", "properties": {"highway": "footway", "footway": "crossing", "name": null, "surface": null, "lit": "yes", "length_m": 18.22, "type_element": "Way", "__fid": 8852}, "geometry": {"type": "LineString", "coordinates": [[2.2735177, 48.86916749999999], [2.2737476, 48.8691054]]}}, {"type": "Feature", "properties": {"highway": "footway", "footway": "crossing", "name": null, "surface": "asphalt", "lit": "yes", "length_m": 10.59, "type_element": "Way", "__fid": 8910}, "geometry": {"type": "LineString", "coordinates": [[2.2737721, 48.8687958], [2.2737025, 48.868712399999986]]}}, {"type": "Feature", "properties": {"highway": "footway", "footway": "sidewalk", "name": null, "surface": "asphalt", "lit": null, "length_m": 25.0, "type_element": "Way", "__fid": 8911}, "geometry": {"type": "LineString", "coordinates": [[2.2737025, 48.868712399999986], [2.2740043, 48.8686079]]}}, {"type": "Feature", "properties": {"highway": "footway", "footway": "sidewalk", "name": null, "surface": null, "lit": null, "length_m": 72.08, "type_element": "Way", "__fid": 8931}, "geometry": {"type": "LineString", "coordinates": [[2.273737, 48.8688786], [2.2742016, 48.8694498]]}}, {"type": "Feature", "properties": {"highway": "footway", "footway": "sidewalk", "name": null, "surface": null, "lit": null, "length_m": 32.98, "type_element": "Way", "__fid": 8932}, "geometry": {"type": "LineString", "coordinates": [[2.273737, 48.8688786], [2.2736122, 48.8689231], [2.2737476, 48.8691054]]}}, {"type": "Feature", "properties": {"highway": "footway", "footway": "sidewalk", "name": null, "surface": null, "lit": null, "length_m": 11.96, "type_element": "Way", "__fid": 8933}, "geometry": {"type": "LineString", "coordinates": [[2.2737721, 48.8687958], [2.2737223, 48.868813199999984], [2.2737121, 48.8688326], [2.2737155, 48.86885350000002], [2.273737, 48.8688786]]}}, {"type": "Feature", "properties": {"highway": "footway", "footway": "sidewalk", "name": null, "surface": null, "lit": null, "length_m": 96.71, "type_element": "Way", "__fid": 8938}, "geometry": {"type": "LineString", "coordinates": [[2.2737476, 48.8691054], [2.2743223, 48.86988810000001]]}}, {"type": "Feature", "properties": {"highway": "footway", "footway": "sidewalk", "name": null, "surface": null, "lit": null, "length_m": 20.98, "type_element": "Way", "__fid": 8942}, "geometry": {"type": "LineString", "coordinates": [[2.2740229, 48.8687052], [2.2737721, 48.8687958]]}}, {"type": "Feature", "properties": {"highway": "footway", "footway": "crossing", "name": null, "surface": null, "lit": "yes", "length_m": 10.71, "type_element": "Way", "__fid": 8994}, "geometry": {"type": "LineString", "coordinates": [[2.2740676, 48.866179], [2.2740691, 48.866168], [2.274013, 48.866091200000014]]}}, {"type": "Feature", "properties": {"highway": "footway", "footway": "sidewalk", "name": null, "surface": "asphalt", "lit": "yes", "length_m": 1.79, "type_element": "Way", "__fid": 8995}, "geometry": {"type": "LineString", "coordinates": [[2.274013, 48.866091200000014], [2.2740184, 48.8660755]]}}, {"type": "Feature", "properties": {"highway": "footway", "footway": "crossing", "name": null, "surface": null, "lit": "yes", "length_m": 9.07, "type_element": "Way", "__fid": 8998}, "geometry": {"type": "LineString", "coordinates": [[2.2740184, 48.8660755], [2.274136600000226, 48.86605156666676]]}}, {"type": "Feature", "properties": {"highway": "footway", "footway": null, "name": null, "surface": null, "lit": null, "length_m": 5.11, "type_element": "Way", "__fid": 9000}, "geometry": {"type": "LineString", "coordinates": [[2.2739927, 48.868663800000014], [2.2740229, 48.8687052]]}}, {"type": "Feature", "properties": {"highway": "footway", "footway": "sidewalk", "name": null, "surface": "asphalt", "lit": null, "length_m": 3.57, "type_element": "Way", "__fid": 9012}, "geometry": {"type": "LineString", "coordinates": [[2.2740043, 48.8686079], [2.2740432, 48.86858859999999]]}}, {"type": "Feature", "properties": {"highway": "steps", "footway": null, "name": null, "surface": null, "lit": null, "length_m": 12.86, "type_element": "Way", "__fid": 9017}, "geometry": {"type": "LineString", "coordinates": [[2.2740958, 48.8688104], [2.2740229, 48.8687052]]}}, {"type": "Feature", "properties": {"highway": "footway", "footway": "sidewalk", "name": null, "surface": null, "lit": null, "length_m": 11.82, "type_element": "Way", "__fid": 9018}, "geometry": {"type": "LineString", "coordinates": [[2.274176666666676, 48.8686798666668], [2.2741109, 48.86868110000001], [2.2740229, 48.8687052]]}}, {"type": "Feature", "properties": {"highway": "footway", "footway": "sidewalk", "name": null, "surface": null, "lit": "yes", "length_m": 2.63, "type_element": "Way", "__fid": 9023}, "geometry": {"type": "LineString", "coordinates": [[2.2740676, 48.866179], [2.2740998, 48.86618929999999]]}}, {"type": "Feature", "properties": {"highway": "footway", "footway": "crossing", "name": null, "surface": "asphalt", "lit": "yes", "length_m": 13.48, "type_element": "Way", "__fid": 9027}, "geometry": {"type": "LineString", "coordinates": [[2.2740432, 48.86858859999999], [2.2740866, 48.8685593], [2.2741959, 48.86852409999999]]}}, {"type": "Feature", "properties": {"highway": "footway", "footway": "sidewalk", "name": null, "surface": null, "lit": null, "length_m": 22.9, "type_element": "Way", "__fid": 9031}, "geometry": {"type": "LineString", "coordinates": [[2.2741593, 48.8701531], [2.2740361, 48.8699639]]}}, {"type": "Feature", "properties": {"highway": "footway", "footway": "crossing", "name": null, "surface": null, "lit": null, "length_m": 22.62, "type_element": "Way", "__fid": 9032}, "geometry": {"type": "LineString", "coordinates": [[2.2740361, 48.8699639], [2.2743223, 48.86988810000001]]}}, {"type": "Feature", "properties": {"highway": "footway", "footway": "sidewalk", "name": null, "surface": null, "lit": "yes", "length_m": 233.64, "type_element": "Way", "__fid": 9034}, "geometry": {"type": "LineString", "coordinates": [[2.2740998, 48.86618929999999], [2.2754, 48.8681074]]}}, {"type": "Feature", "properties": {"highway": "footway", "footway": "crossing", "name": null, "surface": null, "lit": "yes", "length_m": 8.88, "type_element": "Way", "__fid": 9035}, "geometry": {"type": "LineString", "coordinates": [[2.2740998, 48.86618929999999], [2.274212733333355, 48.86616063333344]]}}, {"type": "Feature", "properties": {"highway": "footway", "footway": null, "name": null, "surface": "asphalt", "lit": null, "length_m": 68.01, "type_element": "Way", "__fid": 9050}, "geometry": {"type": "LineString", "coordinates": [[2.2740958, 48.8688104], [2.274206, 48.8689498], [2.274480060407419, 48.86936669112766]]}}, {"type": "Feature", "properties": {"highway": "footway", "footway": null, "name": null, "surface": "asphalt", "lit": null, "length_m": 68.14, "type_element": "Way", "__fid": 9051}, "geometry": {"type": "LineString", "coordinates": [[2.274453270929383, 48.869374686714735], [2.2740959, 48.8688256], [2.2740958, 48.8688104]]}}, {"type": "Feature", "properties": {"highway": "footway", "footway": "sidewalk", "name": null, "surface": "compacted", "lit": "yes", "length_m": 57.65, "type_element": "Way", "__fid": 9056}, "geometry": {"type": "LineString", "coordinates": [[2.2740938, 48.871284], [2.2741245, 48.8712473], [2.2742395, 48.87115880000001], [2.274477, 48.8710617], [2.2747212, 48.87099169999998]]}}, {"type": "Feature", "properties": {"highway": "footway", "footway": null, "name": null, "surface": "asphalt", "lit": null, "length_m": 71.79, "type_element": "Way", "__fid": 9062}, "geometry": {"type": "LineString", "coordinates": [[2.2745984, 48.8692625], [2.274176666666676, 48.8686798666668]]}}, {"type": "Feature", "properties": {"highway": "footway", "footway": "crossing", "name": null, "surface": "asphalt", "lit": "yes", "length_m": 7.85, "type_element": "Way", "__fid": 9063}, "geometry": {"type": "LineString", "coordinates": [[2.27427630000016, 48.868654200000115], [2.274176666666676, 48.8686798666668]]}}, {"type": "Feature", "properties": {"highway": "footway", "footway": "sidewalk", "name": null, "surface": null, "lit": null, "length_m": 104.14, "type_element": "Way", "__fid": 9069}, "geometry": {"type": "LineString", "coordinates": [[2.2747212, 48.87099169999998], [2.2745381, 48.8707135], [2.2744608, 48.870690400000015], [2.2742698, 48.8703828], [2.2742708, 48.8703243], [2.2741593, 48.8701531]]}}, {"type": "Feature", "properties": {"highway": "footway", "footway": "crossing", "name": null, "surface": null, "lit": null, "length_m": 23.62, "type_element": "Way", "__fid": 9070}, "geometry": {"type": "LineString", "coordinates": [[2.2741593, 48.8701531], [2.2744524, 48.87006520000001]]}}, {"type": "Feature", "properties": {"highway": "footway", "footway": "sidewalk", "name": null, "surface": "asphalt", "lit": "yes", "length_m": 2.09, "type_element": "Way", "__fid": 9073}, "geometry": {"type": "LineString", "coordinates": [[2.2741959, 48.86852409999999], [2.2742238, 48.8685278]]}}, {"type": "Feature", "properties": {"highway": "footway", "footway": "sidewalk", "name": null, "surface": null, "lit": null, "length_m": 49.48, "type_element": "Way", "__fid": 9078}, "geometry": {"type": "LineString", "coordinates": [[2.2742016, 48.8694498], [2.2742843, 48.8695362], [2.2742846, 48.869618], [2.2744631, 48.8698509]]}}, {"type": "Feature", "properties": {"highway": "footway", "footway": null, "name": null, "surface": "asphalt", "lit": null, "length_m": 20.26, "type_element": "Way", "__fid": 9079}, "geometry": {"type": "LineString", "coordinates": [[2.2742016, 48.8694498], [2.274453270929383, 48.869374686714735]]}}, {"type": "Feature", "properties": {"highway": "footway", "footway": "crossing", "name": null, "surface": "asphalt", "lit": "yes", "length_m": 12.33, "type_element": "Way", "__fid": 9082}, "geometry": {"type": "LineString", "coordinates": [[2.2742238, 48.8685278], [2.274296866666538, 48.868627633333354]]}}, {"type": "Feature", "properties": {"highway": "footway", "footway": "sidewalk", "name": null, "surface": "asphalt", "lit": "yes", "length_m": 30.63, "type_element": "Way", "__fid": 9083}, "geometry": {"type": "LineString", "coordinates": [[2.2742238, 48.8685278], [2.274594, 48.868400299999976]]}}, {"type": "Feature", "properties": {"highway": "footway", "footway": "sidewalk", "name": null, "surface": null, "lit": null, "length_m": 21.88, "type_element": "Way", "__fid": 9113}, "geometry": {"type": "LineString", "coordinates": [[2.2743223, 48.86988810000001], [2.2744524, 48.87006520000001]]}}, {"type": "Feature", "properties": {"highway": "footway", "footway": "crossing", "name": null, "surface": null, "lit": null, "length_m": 11.13, "type_element": "Way", "__fid": 9114}, "geometry": {"type": "LineString", "coordinates": [[2.2743223, 48.86988810000001], [2.2744631, 48.8698509]]}}, {"type": "Feature", "properties": {"highway": "footway", "footway": null, "name": null, "surface": "asphalt", "lit": null, "length_m": 161.76, "type_element": "Way", "__fid": 9149}, "geometry": {"type": "LineString", "coordinates": [[2.275345136875706, 48.870705052688194], [2.2750735, 48.8703157], [2.274453270929383, 48.869374686714735]]}}, {"type": "Feature", "properties": {"highway": "footway", "footway": null, "name": null, "surface": "asphalt", "lit": null, "length_m": 2.16, "type_element": "Way", "__fid": 9150}, "geometry": {"type": "LineString", "coordinates": [[2.274453270929383, 48.869374686714735], [2.274480060407419, 48.86936669112766]]}}, {"type": "Feature", "properties": {"highway": "footway", "footway": "sidewalk", "name": null, "surface": null, "lit": null, "length_m": 101.97, "type_element": "Way", "__fid": 9154}, "geometry": {"type": "LineString", "coordinates": [[2.2744524, 48.87006520000001], [2.2750584, 48.8708905]]}}, {"type": "Feature", "properties": {"highway": "footway", "footway": "crossing", "name": null, "surface": null, "lit": null, "length_m": 11.46, "type_element": "Way", "__fid": 9155}, "geometry": {"type": "LineString", "coordinates": [[2.2744524, 48.87006520000001], [2.2745941, 48.8700218]]}}, {"type": "Feature", "properties": {"highway": "footway", "footway": "sidewalk", "name": null, "surface": null, "lit": null, "length_m": 21.29, "type_element": "Way", "__fid": 9160}, "geometry": {"type": "LineString", "coordinates": [[2.2744631, 48.8698509], [2.2745941, 48.8700218]]}}, {"type": "Feature", "properties": {"highway": "footway", "footway": null, "name": null, "surface": "asphalt", "lit": null, "length_m": 161.66, "type_element": "Way", "__fid": 9167}, "geometry": {"type": "LineString", "coordinates": [[2.274480060407419, 48.86936669112766], [2.275041, 48.8701922], [2.275397331715133, 48.87068847487034]]}}, {"type": "Feature", "properties": {"highway": "footway", "footway": null, "name": null, "surface": "asphalt", "lit": null, "length_m": 12.6, "type_element": "Way", "__fid": 9168}, "geometry": {"type": "LineString", "coordinates": [[2.274480060407419, 48.86936669112766], [2.2746365, 48.86932]]}}, {"type": "Feature", "properties": {"highway": "footway", "footway": "sidewalk", "name": null, "surface": null, "lit": "yes", "length_m": 89.94, "type_element": "Way", "__fid": 9186}, "geometry": {"type": "LineString", "coordinates": [[2.2745897, 48.8644707], [2.2746113, 48.8644846], [2.27503, 48.865118400000014], [2.2750534, 48.8652147]]}}, {"type": "Feature", "properties": {"highway": "footway", "footway": "crossing", "name": null, "surface": null, "lit": "yes", "length_m": 14.33, "type_element": "Way", "__fid": 9213}, "geometry": {"type": "LineString", "coordinates": [[2.274594, 48.868400299999976], [2.274608, 48.868407], [2.2746808, 48.8685142]]}}, {"type": "Feature", "properties": {"highway": "footway", "footway": "sidewalk", "name": null, "surface": "asphalt", "lit": "yes", "length_m": 1.73, "type_element": "Way", "__fid": 9214}, "geometry": {"type": "LineString", "coordinates": [[2.274594, 48.868400299999976], [2.2745993, 48.86838510000001]]}}, {"type": "Feature", "properties": {"highway": "footway", "footway": "crossing", "name": null, "surface": null, "lit": "yes", "length_m": 10.51, "type_element": "Way", "__fid": 9217}, "geometry": {"type": "LineString", "coordinates": [[2.2745993, 48.86838510000001], [2.2746201, 48.868386700000016], [2.2747148, 48.8683522], [2.27472, 48.8683435]]}}, {"type": "Feature", "properties": {"highway": "footway", "footway": null, "name": null, "surface": "asphalt", "lit": null, "length_m": 6.98, "type_element": "Way", "__fid": 9224}, "geometry": {"type": "LineString", "coordinates": [[2.2746365, 48.86932], [2.2745984, 48.8692625]]}}, {"type": "Feature", "properties": {"highway": "footway", "footway": "crossing", "name": null, "surface": null, "lit": "yes", "length_m": 9.2, "type_element": "Way", "__fid": 9225}, "geometry": {"type": "LineString", "coordinates": [[2.2745984, 48.8692625], [2.2747105, 48.86922530000001]]}}, {"type": "Feature", "properties": {"highway": "footway", "footway": "sidewalk", "name": null, "surface": null, "lit": null, "length_m": 101.74, "type_element": "Way", "__fid": 9226}, "geometry": {"type": "LineString", "coordinates": [[2.2745941, 48.8700218], [2.2752096, 48.8708417]]}}, {"type": "Feature", "properties": {"highway": "footway", "footway": "sidewalk", "name": null, "surface": null, "lit": null, "length_m": 161.35, "type_element": "Way", "__fid": 9234}, "geometry": {"type": "LineString", "coordinates": [[2.2756285, 48.8706151], [2.2746365, 48.86932]]}}, {"type": "Feature", "properties": {"highway": "footway", "footway": "sidewalk", "name": null, "surface": null, "lit": "yes", "length_m": 31.22, "type_element": "Way", "__fid": 9251}, "geometry": {"type": "LineString", "coordinates": [[2.2746808, 48.8685142], [2.2747238, 48.868555], [2.2748733, 48.868764]]}}, {"type": "Feature", "properties": {"highway": "footway", "footway": "sidewalk", "name": null, "surface": "asphalt", "lit": "yes", "length_m": 104.39, "type_element": "Way", "__fid": 9252}, "geometry": {"type": "LineString", "coordinates": [[2.2746808, 48.8685142], [2.2743, 48.8686319], [2.2742839, 48.868652], [2.2747105, 48.86922530000001]]}}, {"type": "Feature", "properties": {"highway": "footway", "footway": "crossing", "name": null, "surface": null, "lit": "yes", "length_m": 5.48, "type_element": "Way", "__fid": 9253}, "geometry": {"type": "LineString", "coordinates": [[2.2746808, 48.8685142], [2.2747478, 48.8684924]]}}, {"type": "Feature", "properties": {"highway": "service", "footway": null, "name": "Rue Jean Hugues", "surface": null, "lit": "yes", "length_m": 8.44, "type_element": "Way", "__fid": 9261}, "geometry": {"type": "LineString", "coordinates": [[2.2746995, 48.8684235], [2.2747478, 48.8684924]]}}, {"type": "Feature", "properties": {"highway": "footway", "footway": "sidewalk", "name": null, "surface": null, "lit": "yes", "length_m": 2.59, "type_element": "Way", "__fid": 9270}, "geometry": {"type": "LineString", "coordinates": [[2.2747542, 48.8683492], [2.27472, 48.8683435]]}}, {"type": "Feature", "properties": {"highway": "footway", "footway": "sidewalk", "name": null, "surface": "asphalt", "lit": "yes", "length_m": 2.49, "type_element": "Way", "__fid": 9271}, "geometry": {"type": "LineString", "coordinates": [[2.2747105, 48.86922530000001], [2.2747419, 48.86923379999999]]}}, {"type": "Feature", "properties": {"highway": "service", "footway": null, "name": "Rue Jean Hugues", "surface": null, "lit": "yes", "length_m": 37.67, "type_element": "Way", "__fid": 9291}, "geometry": {"type": "LineString", "coordinates": [[2.2747478, 48.8684924], [2.2749613, 48.8688005]]}}, {"type": "Feature", "properties": {"highway": "footway", "footway": "crossing", "name": null, "surface": null, "lit": "yes", "length_m": 6.09, "type_element": "Way", "__fid": 9292}, "geometry": {"type": "LineString", "coordinates": [[2.2747478, 48.8684924], [2.2748171, 48.8684623]]}}, {"type": "Feature", "properties": {"highway": "footway", "footway": "crossing", "name": null, "surface": null, "lit": "yes", "length_m": 13.16, "type_element": "Way", "__fid": 9295}, "geometry": {"type": "LineString", "coordinates": [[2.2747542, 48.8683492], [2.2748317, 48.8684559]]}}, {"type": "Feature", "properties": {"highway": "footway", "footway": "sidewalk", "name": null, "surface": null, "lit": "yes", "length_m": 52.27, "type_element": "Way", "__fid": 9296}, "geometry": {"type": "LineString", "coordinates": [[2.2753879, 48.8681343], [2.2747542, 48.8683492]]}}, {"type": "Feature", "properties": {"highway": "footway", "footway": "crossing", "name": null, "surface": null, "lit": "yes", "length_m": 10.33, "type_element": "Way", "__fid": 9297}, "geometry": {"type": "LineString", "coordinates": [[2.2748057, 48.8693166], [2.2747419, 48.86923379999999]]}}, {"type": "Feature", "properties": {"highway": "footway", "footway": "sidewalk", "name": null, "surface": "asphalt", "lit": "yes", "length_m": 171.29, "type_element": "Way", "__fid": 9298}, "geometry": {"type": "LineString", "coordinates": [[2.2747419, 48.86923379999999], [2.2758944, 48.8688688], [2.275903, 48.8688417], [2.2754851, 48.8682317]]}}, {"type": "Feature", "properties": {"highway": "footway", "footway": "crossing", "name": null, "surface": null, "lit": "yes", "length_m": 27.2, "type_element": "Way", "__fid": 9301}, "geometry": {"type": "LineString", "coordinates": [[2.2747212, 48.87099169999998], [2.2748417, 48.8709612], [2.2750584, 48.8708905]]}}, {"type": "Feature", "properties": {"highway": "footway", "footway": "sidewalk", "name": null, "surface": null, "lit": "yes", "length_m": 15.14, "type_element": "Way", "__fid": 9327}, "geometry": {"type": "LineString", "coordinates": [[2.2748171, 48.8684623], [2.2748358, 48.868517], [2.2748257, 48.868532], [2.2748727, 48.8685876]]}}, {"type": "Feature", "properties": {"highway": "footway", "footway": "sidewalk", "name": null, "surface": "asphalt", "lit": "yes", "length_m": 1.29, "type_element": "Way", "__fid": 9328}, "geometry": {"type": "LineString", "coordinates": [[2.2748317, 48.8684559], [2.2748171, 48.8684623]]}}, {"type": "Feature", "properties": {"highway": "footway", "footway": "sidewalk", "name": null, "surface": "asphalt", "lit": "yes", "length_m": 103.23, "type_element": "Way", "__fid": 9329}, "geometry": {"type": "LineString", "coordinates": [[2.2748057, 48.8693166], [2.2748132, 48.8693546], [2.2754117, 48.8701523]]}}, {"type": "Feature", "properties": {"highway": "footway", "footway": "sidewalk", "name": null, "surface": "asphalt", "lit": "yes", "length_m": 93.36, "type_element": "Way", "__fid": 9330}, "geometry": {"type": "LineString", "coordinates": [[2.2759514, 48.868951], [2.2748057, 48.8693166]]}}, {"type": "Feature", "properties": {"highway": "footway", "footway": "sidewalk", "name": null, "surface": "asphalt", "lit": "yes", "length_m": 53.14, "type_element": "Way", "__fid": 9340}, "geometry": {"type": "LineString", "coordinates": [[2.2754454, 48.868218], [2.2749672, 48.8683715], [2.2749276, 48.868418], [2.2748317, 48.8684559]]}}, {"type": "Feature", "properties": {"highway": "footway", "footway": "sidewalk", "name": null, "surface": null, "lit": "yes", "length_m": 56.55, "type_element": "Way", "__fid": 9381}, "geometry": {"type": "LineString", "coordinates": [[2.2749556, 48.8653672], [2.2756036, 48.8656427]]}}, {"type": "Feature", "properties": {"highway": "footway", "footway": "crossing", "name": null, "surface": null, "lit": "yes", "length_m": 14.34, "type_element": "Way", "__fid": 9382}, "geometry": {"type": "LineString", "coordinates": [[2.2749556, 48.8653672], [2.2750676, 48.86526150000002]]}}, {"type": "Feature", "properties": {"highway": "footway", "footway": "sidewalk", "name": null, "surface": null, "lit": null, "length_m": 42.66, "type_element": "Way", "__fid": 9431}, "geometry": {"type": "LineString", "coordinates": [[2.2752208, 48.865287], [2.2752383, 48.8652348], [2.2750349, 48.8649331]]}}, {"type": "Feature", "properties": {"highway": "footway", "footway": "sidewalk", "name": null, "surface": null, "lit": "yes", "length_m": 7.15, "type_element": "Way", "__fid": 9447}, "geometry": {"type": "LineString", "coordinates": [[2.2750534, 48.8652147], [2.2751249, 48.8652584]]}}, {"type": "Feature", "properties": {"highway": "footway", "footway": "sidewalk", "name": null, "surface": null, "lit": "yes", "length_m": 5.31, "type_element": "Way", "__fid": 9448}, "geometry": {"type": "LineString", "coordinates": [[2.2750534, 48.8652147], [2.2750676, 48.86526150000002]]}}, {"type": "Feature", "properties": {"highway": "footway", "footway": "sidewalk", "name": null, "surface": null, "lit": "yes", "length_m": 4.22, "type_element": "Way", "__fid": 9457}, "geometry": {"type": "LineString", "coordinates": [[2.2751249, 48.8652584], [2.2750676, 48.86526150000002]]}}, {"type": "Feature", "properties": {"highway": "footway", "footway": "crossing", "name": null, "surface": null, "lit": null, "length_m": 7.98, "type_element": "Way", "__fid": 9482}, "geometry": {"type": "LineString", "coordinates": [[2.2751249, 48.8652584], [2.2751905, 48.8652868], [2.2752208, 48.865287]]}}, {"type": "Feature", "properties": {"highway": "footway", "footway": "crossing", "name": null, "surface": null, "lit": null, "length_m": 12.35, "type_element": "Way", "__fid": 9486}, "geometry": {"type": "LineString", "coordinates": [[2.2750584, 48.8708905], [2.2752096, 48.8708417]]}}, {"type": "Feature", "properties": {"highway": "footway", "footway": "sidewalk", "name": null, "surface": "asphalt", "lit": "yes", "length_m": 112.38, "type_element": "Way", "__fid": 9501}, "geometry": {"type": "LineString", "coordinates": [[2.2757768, 48.86539650000001], [2.2753118, 48.86468589999997], [2.2752029, 48.8645102], [2.2751912, 48.864464]]}}, {"type": "Feature", "properties": {"highway": "footway", "footway": null, "name": null, "surface": null, "lit": null, "length_m": 29.62, "type_element": "Way", "__fid": 9510}, "geometry": {"type": "LineString", "coordinates": [[2.2753494, 48.8651905], [2.2752012, 48.864942699999986]]}}, {"type": "Feature", "properties": {"highway": "footway", "footway": "sidewalk", "name": null, "surface": null, "lit": null, "length_m": 41.33, "type_element": "Way", "__fid": 9518}, "geometry": {"type": "LineString", "coordinates": [[2.2756901, 48.86549129999999], [2.2753772, 48.8653423], [2.2752208, 48.865287]]}}, {"type": "Feature", "properties": {"highway": "footway", "footway": "sidewalk", "name": null, "surface": null, "lit": null, "length_m": 5.06, "type_element": "Way", "__fid": 9545}, "geometry": {"type": "LineString", "coordinates": [[2.2752096, 48.8708417], [2.2752711, 48.870821]]}}, {"type": "Feature", "properties": {"highway": "footway", "footway": "sidewalk", "name": null, "surface": null, "lit": null, "length_m": 75.79, "type_element": "Way", "__fid": 9548}, "geometry": {"type": "LineString", "coordinates": [[2.2752961, 48.86486580000001], [2.2756983, 48.865476], [2.2756901, 48.86549129999999]]}}, {"type": "Feature", "properties": {"highway": "footway", "footway": null, "name": null, "surface": null, "lit": null, "length_m": 12.53, "type_element": "Way", "__fid": 9564}, "geometry": {"type": "LineString", "coordinates": [[2.275413, 48.865281], [2.2753691, 48.865269], [2.2753451, 48.8652249], [2.2753494, 48.8651905]]}}, {"type": "Feature", "properties": {"highway": "footway", "footway": "sidewalk", "name": null, "surface": null, "lit": null, "length_m": 28.56, "type_element": "Way", "__fid": 9565}, "geometry": {"type": "LineString", "coordinates": [[2.2752711, 48.870821], [2.2753473, 48.8709198], [2.2754489, 48.8710079], [2.2754946, 48.8710263]]}}, {"type": "Feature", "properties": {"highway": "footway", "footway": "sidewalk", "name": null, "surface": null, "lit": null, "length_m": 19.78, "type_element": "Way", "__fid": 9566}, "geometry": {"type": "LineString", "coordinates": [[2.275345136875706, 48.870705052688194], [2.2752159, 48.8707461], [2.2752711, 48.870821]]}}, {"type": "Feature", "properties": {"highway": "footway", "footway": null, "name": null, "surface": null, "lit": null, "length_m": 3.46, "type_element": "Way", "__fid": 9586}, "geometry": {"type": "LineString", "coordinates": [[2.275413, 48.865281], [2.2754309, 48.8653098]]}}, {"type": "Feature", "properties": {"highway": "footway", "footway": null, "name": null, "surface": "asphalt", "lit": null, "length_m": 2.63, "type_element": "Way", "__fid": 9590}, "geometry": {"type": "LineString", "coordinates": [[2.2753601, 48.87072650000001], [2.275345136875706, 48.870705052688194]]}}, {"type": "Feature", "properties": {"highway": "footway", "footway": "sidewalk", "name": null, "surface": null, "lit": null, "length_m": 4.25, "type_element": "Way", "__fid": 9591}, "geometry": {"type": "LineString", "coordinates": [[2.275397331715133, 48.87068847487034], [2.275345136875706, 48.870705052688194]]}}, {"type": "Feature", "properties": {"highway": "footway", "footway": "crossing", "name": null, "surface": null, "lit": "yes", "length_m": 10.39, "type_element": "Way", "__fid": 9597}, "geometry": {"type": "LineString", "coordinates": [[2.2753879, 48.8681343], [2.2754448, 48.8682021], [2.2754454, 48.868218]]}}, {"type": "Feature", "properties": {"highway": "footway", "footway": "sidewalk", "name": null, "surface": null, "lit": "yes", "length_m": 3.12, "type_element": "Way", "__fid": 9598}, "geometry": {"type": "LineString", "coordinates": [[2.2754, 48.8681074], [2.2753879, 48.8681343]]}}, {"type": "Feature", "properties": {"highway": "steps", "footway": null, "name": null, "surface": null, "lit": null, "length_m": 14.61, "type_element": "Way", "__fid": 9601}, "geometry": {"type": "LineString", "coordinates": [[2.2753601, 48.87072650000001], [2.2754451, 48.8708453]]}}, {"type": "Feature", "properties": {"highway": "footway", "footway": null, "name": null, "surface": null, "lit": null, "length_m": 2.4, "type_element": "Way", "__fid": 9602}, "geometry": {"type": "LineString", "coordinates": [[2.2753893, 48.8707168], [2.2753601, 48.87072650000001]]}}, {"type": "Feature", "properties": {"highway": "footway", "footway": "crossing", "name": null, "surface": null, "lit": "yes", "length_m": 10.37, "type_element": "Way", "__fid": 9603}, "geometry": {"type": "LineString", "coordinates": [[2.2754, 48.8681074], [2.275423, 48.8681086], [2.2755238, 48.8680677]]}}, {"type": "Feature", "properties": {"highway": "service", "footway": null, "name": "Villa de la Faisanderie", "surface": "sett", "lit": "yes", "length_m": 3.27, "type_element": "Way", "__fid": 9604}, "geometry": {"type": "LineString", "coordinates": [[2.2753783, 48.8701718], [2.2754117, 48.8701523]]}}, {"type": "Feature", "properties": {"highway": "steps", "footway": null, "name": null, "surface": null, "lit": null, "length_m": 14.66, "type_element": "Way", "__fid": 9607}, "geometry": {"type": "LineString", "coordinates": [[2.2753893, 48.8707168], [2.2754765, 48.87083539999998]]}}, {"type": "Feature", "properties": {"highway": "footway", "footway": null, "name": null, "surface": null, "lit": null, "length_m": 1.88, "type_element": "Way", "__fid": 9608}, "geometry": {"type": "LineString", "coordinates": [[2.2754125, 48.8707096], [2.2753893, 48.8707168]]}}, {"type": "Feature", "properties": {"highway": "footway", "footway": null, "name": null, "surface": "asphalt", "lit": null, "length_m": 2.6, "type_element": "Way", "__fid": 9612}, "geometry": {"type": "LineString", "coordinates": [[2.275397331715133, 48.87068847487034], [2.2754125, 48.8707096]]}}, {"type": "Feature", "properties": {"highway": "footway", "footway": "sidewalk", "name": null, "surface": null, "lit": null, "length_m": 14.58, "type_element": "Way", "__fid": 9613}, "geometry": {"type": "LineString", "coordinates": [[2.2755764, 48.8706316], [2.275397331715133, 48.87068847487034]]}}, {"type": "Feature", "properties": {"highway": "footway", "footway": "sidewalk", "name": null, "surface": "asphalt", "lit": "yes", "length_m": 53.21, "type_element": "Way", "__fid": 9620}, "geometry": {"type": "LineString", "coordinates": [[2.2754117, 48.8701523], [2.2757311, 48.8705819]]}}, {"type": "Feature", "properties": {"highway": "service", "footway": null, "name": "Villa de la Faisanderie", "surface": "sett", "lit": "yes", "length_m": 92.35, "type_element": "Way", "__fid": 9621}, "geometry": {"type": "LineString", "coordinates": [[2.2754117, 48.8701523], [2.2765526, 48.8698011]]}}, {"type": "Feature", "properties": {"highway": "footway", "footway": "sidewalk", "name": null, "surface": "asphalt", "lit": "yes", "length_m": 3.29, "type_element": "Way", "__fid": 9624}, "geometry": {"type": "LineString", "coordinates": [[2.2754851, 48.8682317], [2.2754454, 48.868218]]}}, {"type": "Feature", "properties": {"highway": "footway", "footway": null, "name": null, "surface": "asphalt", "lit": null, "length_m": 15.39, "type_element": "Way", "__fid": 9626}, "geometry": {"type": "LineString", "coordinates": [[2.2754125, 48.8707096], [2.2754993, 48.8708291], [2.275491294099015, 48.8708317201154]]}}, {"type": "Feature", "properties": {"highway": "footway", "footway": null, "name": null, "surface": null, "lit": null, "length_m": 1.52, "type_element": "Way", "__fid": 9633}, "geometry": {"type": "LineString", "coordinates": [[2.2754451, 48.8708453], [2.275426, 48.8708507]]}}, {"type": "Feature", "properties": {"highway": "footway", "footway": "sidewalk", "name": null, "surface": null, "lit": "yes", "length_m": 147.39, "type_element": "Way", "__fid": 9635}, "geometry": {"type": "LineString", "coordinates": [[2.2762778, 48.8678196], [2.2757244, 48.8668568], [2.2755225, 48.8666711], [2.2754909, 48.8666071]]}}, {"type": "Feature", "properties": {"highway": "footway", "footway": "sidewalk", "name": null, "surface": null, "lit": "yes", "length_m": 91.45, "type_element": "Way", "__fid": 9636}, "geometry": {"type": "LineString", "coordinates": [[2.2754909, 48.8666071], [2.2754561, 48.8664832], [2.2754541, 48.8663531], [2.2754709, 48.8662552], [2.2755185, 48.866122], [2.2757244, 48.8658202]]}}, {"type": "Feature", "properties": {"highway": "footway", "footway": "crossing", "name": null, "surface": null, "lit": null, "length_m": 8.36, "type_element": "Way", "__fid": 9637}, "geometry": {"type": "LineString", "coordinates": [[2.2755998, 48.8665848], [2.2754909, 48.8666071]]}}, {"type": "Feature", "properties": {"highway": "footway", "footway": null, "name": null, "surface": null, "lit": null, "length_m": 0.16, "type_element": "Way", "__fid": 9650}, "geometry": {"type": "LineString", "coordinates": [[2.2754451, 48.8708453], [2.27544566683425, 48.870846652672896]]}}, {"type": "Feature", "properties": {"highway": "footway", "footway": null, "name": null, "surface": null, "lit": null, "length_m": 2.55, "type_element": "Way", "__fid": 9651}, "geometry": {"type": "LineString", "coordinates": [[2.2754765, 48.87083539999998], [2.2754451, 48.8708453]]}}, {"type": "Feature", "properties": {"highway": "footway", "footway": null, "name": null, "surface": null, "lit": null, "length_m": 1.06, "type_element": "Way", "__fid": 9652}, "geometry": {"type": "LineString", "coordinates": [[2.27544566683425, 48.870846652672896], [2.2754495, 48.8708558]]}}, {"type": "Feature", "properties": {"highway": "footway", "footway": null, "name": null, "surface": "asphalt", "lit": null, "length_m": 3.74, "type_element": "Way", "__fid": 9653}, "geometry": {"type": "LineString", "coordinates": [[2.275491294099015, 48.8708317201154], [2.27544566683425, 48.870846652672896]]}}, {"type": "Feature", "properties": {"highway": "footway", "footway": "crossing", "name": null, "surface": null, "lit": "yes", "length_m": 9.63, "type_element": "Way", "__fid": 9655}, "geometry": {"type": "LineString", "coordinates": [[2.2754851, 48.8682317], [2.2756036, 48.8681944]]}}, {"type": "Feature", "properties": {"highway": "footway", "footway": null, "name": null, "surface": null, "lit": null, "length_m": 1.54, "type_element": "Way", "__fid": 9656}, "geometry": {"type": "LineString", "coordinates": [[2.2754495, 48.8708558], [2.2754588, 48.8708682]]}}, {"type": "Feature", "properties": {"highway": "footway", "footway": null, "name": null, "surface": null, "lit": null, "length_m": 1.16, "type_element": "Way", "__fid": 9666}, "geometry": {"type": "LineString", "coordinates": [[2.275491294099015, 48.8708317201154], [2.2754765, 48.87083539999998]]}}, {"type": "Feature", "properties": {"highway": "footway", "footway": "sidewalk", "name": null, "surface": null, "lit": "yes", "length_m": 2.25, "type_element": "Way", "__fid": 9669}, "geometry": {"type": "LineString", "coordinates": [[2.2755238, 48.8680677], [2.275552, 48.8680756]]}}, {"type": "Feature", "properties": {"highway": "footway", "footway": "sidewalk", "name": null, "surface": null, "lit": "yes", "length_m": 349.82, "type_element": "Way", "__fid": 9670}, "geometry": {"type": "LineString", "coordinates": [[2.2756996, 48.8657891], [2.275603, 48.8658066], [2.2742411, 48.86613480000001], [2.274229, 48.8661398], [2.2742196, 48.8661603], [2.2755238, 48.8680677]]}}, {"type": "Feature", "properties": {"highway": "footway", "footway": null, "name": null, "surface": null, "lit": null, "length_m": 14.3, "type_element": "Way", "__fid": 9671}, "geometry": {"type": "LineString", "coordinates": [[2.2755917, 48.8709412], [2.2755392, 48.870872], [2.275491294099015, 48.8708317201154]]}}, {"type": "Feature", "properties": {"highway": "footway", "footway": "sidewalk", "name": null, "surface": null, "lit": null, "length_m": 8.88, "type_element": "Way", "__fid": 9675}, "geometry": {"type": "LineString", "coordinates": [[2.2754946, 48.8710263], [2.2756045, 48.8709928]]}}, {"type": "Feature", "properties": {"highway": "footway", "footway": "crossing", "name": null, "surface": null, "lit": "yes", "length_m": 9.41, "type_element": "Way", "__fid": 9681}, "geometry": {"type": "LineString", "coordinates": [[2.275552, 48.8680756], [2.275594879999839, 48.86815536000003]]}}, {"type": "Feature", "properties": {"highway": "footway", "footway": "sidewalk", "name": null, "surface": null, "lit": "yes", "length_m": 60.8, "type_element": "Way", "__fid": 9682}, "geometry": {"type": "LineString", "coordinates": [[2.275552, 48.8680756], [2.2762689, 48.8678343], [2.2762778, 48.8678196]]}}, {"type": "Feature", "properties": {"highway": "footway", "footway": "sidewalk", "name": null, "surface": null, "lit": "yes", "length_m": 8.64, "type_element": "Way", "__fid": 9685}, "geometry": {"type": "LineString", "coordinates": [[2.2756036, 48.8656427], [2.2756486, 48.8657145]]}}, {"type": "Feature", "properties": {"highway": "footway", "footway": "crossing", "name": null, "surface": null, "lit": "yes", "length_m": 18.35, "type_element": "Way", "__fid": 9686}, "geometry": {"type": "LineString", "coordinates": [[2.2756901, 48.86549129999999], [2.2756867, 48.8655237], [2.2756253, 48.8655876], [2.2756036, 48.8656427]]}}, {"type": "Feature", "properties": {"highway": "footway", "footway": "sidewalk", "name": null, "surface": null, "lit": null, "length_m": 4.66, "type_element": "Way", "__fid": 9688}, "geometry": {"type": "LineString", "coordinates": [[2.2755998, 48.8665848], [2.2756055, 48.866597200000015], [2.2756478, 48.866604799999976]]}}, {"type": "Feature", "properties": {"highway": "footway", "footway": "sidewalk", "name": null, "surface": null, "lit": null, "length_m": 84.96, "type_element": "Way", "__fid": 9689}, "geometry": {"type": "LineString", "coordinates": [[2.2758323, 48.8658528], [2.275835, 48.8658681], [2.2756879, 48.8660809], [2.2756109, 48.8662298], [2.2755831, 48.866395], [2.2755847, 48.86655159999999], [2.2755998, 48.8665848]]}}, {"type": "Feature", "properties": {"highway": "footway", "footway": "sidewalk", "name": null, "surface": null, "lit": "yes", "length_m": 4.39, "type_element": "Way", "__fid": 9692}, "geometry": {"type": "LineString", "coordinates": [[2.275594879999839, 48.86815536000003], [2.2756036, 48.8681944]]}}, {"type": "Feature", "properties": {"highway": "footway", "footway": "sidewalk", "name": null, "surface": null, "lit": "yes", "length_m": 178.23, "type_element": "Way", "__fid": 9693}, "geometry": {"type": "LineString", "coordinates": [[2.2772799, 48.8682401], [2.2772886, 48.8682212], [2.27699, 48.8677071], [2.2769626, 48.8676972], [2.275594879999839, 48.86815536000003]]}}, {"type": "Feature", "properties": {"highway": "footway", "footway": "sidewalk", "name": null, "surface": null, "lit": "yes", "length_m": 187.28, "type_element": "Way", "__fid": 9695}, "geometry": {"type": "LineString", "coordinates": [[2.2756036, 48.8681944], [2.2760192, 48.8688038], [2.2760365, 48.868812300000016], [2.2760776, 48.8688047], [2.2772799, 48.8682401]]}}, {"type": "Feature", "properties": {"highway": "footway", "footway": "sidewalk", "name": null, "surface": null, "lit": null, "length_m": 38.84, "type_element": "Way", "__fid": 9697}, "geometry": {"type": "LineString", "coordinates": [[2.275867, 48.8709132], [2.2757331, 48.8708469], [2.2755764, 48.8706316]]}}, {"type": "Feature", "properties": {"highway": "footway", "footway": "sidewalk", "name": null, "surface": null, "lit": null, "length_m": 4.24, "type_element": "Way", "__fid": 9698}, "geometry": {"type": "LineString", "coordinates": [[2.2756285, 48.8706151], [2.2755764, 48.8706316]]}}, {"type": "Feature", "properties": {"highway": "footway", "footway": "crossing", "name": null, "surface": null, "lit": null, "length_m": 9.1, "type_element": "Way", "__fid": 9699}, "geometry": {"type": "LineString", "coordinates": [[2.2756486, 48.8657145], [2.2756996, 48.8657891]]}}, {"type": "Feature", "properties": {"highway": "footway", "footway": "crossing", "name": null, "surface": null, "lit": null, "length_m": 5.71, "type_element": "Way", "__fid": 9702}, "geometry": {"type": "LineString", "coordinates": [[2.2756877, 48.8666489], [2.2756478, 48.866604799999976]]}}, {"type": "Feature", "properties": {"highway": "footway", "footway": "sidewalk", "name": null, "surface": null, "lit": null, "length_m": 118.49, "type_element": "Way", "__fid": 9703}, "geometry": {"type": "LineString", "coordinates": [[2.2756478, 48.866604799999976], [2.2762324, 48.8664603], [2.276251, 48.8664496], [2.2762541, 48.8664349], [2.2759248, 48.8658514]]}}, {"type": "Feature", "properties": {"highway": "footway", "footway": null, "name": null, "surface": null, "lit": null, "length_m": 6.28, "type_element": "Way", "__fid": 9706}, "geometry": {"type": "LineString", "coordinates": [[2.2756515, 48.8709785], [2.2756321, 48.8709557], [2.2755917, 48.8709412]]}}, {"type": "Feature", "properties": {"highway": "footway", "footway": null, "name": null, "surface": null, "lit": null, "length_m": 6.12, "type_element": "Way", "__fid": 9707}, "geometry": {"type": "LineString", "coordinates": [[2.2755917, 48.8709412], [2.2755859, 48.8709706], [2.2756045, 48.8709928]]}}, {"type": "Feature", "properties": {"highway": "footway", "footway": "sidewalk", "name": null, "surface": "concrete", "lit": "yes", "length_m": 14.92, "type_element": "Way", "__fid": 9708}, "geometry": {"type": "LineString", "coordinates": [[2.2757032, 48.87111010000001], [2.2756045, 48.8709928]]}}, {"type": "Feature", "properties": {"highway": "footway", "footway": "sidewalk", "name": null, "surface": null, "lit": null, "length_m": 3.8, "type_element": "Way", "__fid": 9709}, "geometry": {"type": "LineString", "coordinates": [[2.2756045, 48.8709928], [2.2756515, 48.8709785]]}}, {"type": "Feature", "properties": {"highway": "footway", "footway": "crossing", "name": null, "surface": null, "lit": null, "length_m": 16.67, "type_element": "Way", "__fid": 9713}, "geometry": {"type": "LineString", "coordinates": [[2.2756901, 48.86549129999999], [2.2757404, 48.8655218], [2.2758062, 48.8655464], [2.2758848, 48.8655645]]}}, {"type": "Feature", "properties": {"highway": "footway", "footway": "sidewalk", "name": null, "surface": null, "lit": null, "length_m": 5.71, "type_element": "Way", "__fid": 9719}, "geometry": {"type": "LineString", "coordinates": [[2.2756985, 48.870592600000016], [2.2756285, 48.8706151]]}}, {"type": "Feature", "properties": {"highway": "footway", "footway": "sidewalk", "name": null, "surface": null, "lit": "yes", "length_m": 3.91, "type_element": "Way", "__fid": 9720}, "geometry": {"type": "LineString", "coordinates": [[2.2757244, 48.8658202], [2.2756996, 48.8657891]]}}, {"type": "Feature", "properties": {"highway": "footway", "footway": "sidewalk", "name": null, "surface": null, "lit": null, "length_m": 136.84, "type_element": "Way", "__fid": 9721}, "geometry": {"type": "LineString", "coordinates": [[2.2756877, 48.8666489], [2.2756872, 48.866682], [2.2758534, 48.8668337], [2.2764004, 48.8677774]]}}, {"type": "Feature", "properties": {"highway": "footway", "footway": "sidewalk", "name": null, "surface": null, "lit": null, "length_m": 44.46, "type_element": "Way", "__fid": 9722}, "geometry": {"type": "LineString", "coordinates": [[2.2762543, 48.8665071], [2.2756877, 48.8666489]]}}, {"type": "Feature", "properties": {"highway": "service", "footway": null, "name": "Villa Jocelyn", "surface": null, "lit": null, "length_m": 4.38, "type_element": "Way", "__fid": 9726}, "geometry": {"type": "LineString", "coordinates": [[2.2757235, 48.8654142], [2.2757768, 48.86539650000001]]}}, {"type": "Feature", "properties": {"highway": "footway", "footway": "sidewalk", "name": null, "surface": null, "lit": null, "length_m": 17.4, "type_element": "Way", "__fid": 9727}, "geometry": {"type": "LineString", "coordinates": [[2.2756515, 48.8709785], [2.275867, 48.8709132]]}}, {"type": "Feature", "properties": {"highway": "footway", "footway": "crossing", "name": null, "surface": null, "lit": null, "length_m": 8.71, "type_element": "Way", "__fid": 9728}, "geometry": {"type": "LineString", "coordinates": [[2.2757244, 48.8658202], [2.2758323, 48.8658528]]}}, {"type": "Feature", "properties": {"highway": "living_street", "footway": null, "name": "Boulevard Flandrin", "surface": "concrete", "lit": null, "length_m": 2.04, "type_element": "Way", "__fid": 9740}, "geometry": {"type": "LineString", "coordinates": [[2.2756844, 48.87057679999999], [2.2756985, 48.870592600000016]]}}, {"type": "Feature", "properties": {"highway": "living_street", "footway": null, "name": "Boulevard Flandrin", "surface": "concrete", "lit": null, "length_m": 37.58, "type_element": "Way", "__fid": 9743}, "geometry": {"type": "LineString", "coordinates": [[2.2756985, 48.870592600000016], [2.275929, 48.8708944]]}}, {"type": "Feature", "properties": {"highway": "footway", "footway": "crossing", "name": null, "surface": null, "lit": null, "length_m": 2.67, "type_element": "Way", "__fid": 9744}, "geometry": {"type": "LineString", "coordinates": [[2.2757311, 48.8705819], [2.2756985, 48.870592600000016]]}}, {"type": "Feature", "properties": {"highway": "footway", "footway": "sidewalk", "name": null, "surface": "asphalt", "lit": "yes", "length_m": 20.29, "type_element": "Way", "__fid": 9747}, "geometry": {"type": "LineString", "coordinates": [[2.2758848, 48.8655645], [2.2757768, 48.86539650000001]]}}, {"type": "Feature", "properties": {"highway": "service", "footway": null, "name": "Villa Jocelyn", "surface": null, "lit": null, "length_m": 45.21, "type_element": "Way", "__fid": 9748}, "geometry": {"type": "LineString", "coordinates": [[2.2757768, 48.86539650000001], [2.2762673, 48.8651504]]}}, {"type": "Feature", "properties": {"highway": "footway", "footway": "sidewalk", "name": null, "surface": "asphalt", "lit": "yes", "length_m": 37.55, "type_element": "Way", "__fid": 9759}, "geometry": {"type": "LineString", "coordinates": [[2.2757311, 48.8705819], [2.2759595, 48.87088410000001]]}}, {"type": "Feature", "properties": {"highway": "footway", "footway": "sidewalk", "name": null, "surface": null, "lit": null, "length_m": 6.79, "type_element": "Way", "__fid": 9778}, "geometry": {"type": "LineString", "coordinates": [[2.2759248, 48.8658514], [2.2758323, 48.8658528]]}}, {"type": "Feature", "properties": {"highway": "footway", "footway": "sidewalk", "name": null, "surface": "asphalt", "lit": "yes", "length_m": 27.28, "type_element": "Way", "__fid": 9790}, "geometry": {"type": "LineString", "coordinates": [[2.2761911, 48.8656992], [2.2759287, 48.8656], [2.2758848, 48.8655645]]}}, {"type": "Feature", "properties": {"highway": "footway", "footway": "crossing", "name": null, "surface": null, "lit": null, "length_m": 7.99, "type_element": "Way", "__fid": 9800}, "geometry": {"type": "LineString", "coordinates": [[2.2760278, 48.86582809999999], [2.2759248, 48.8658514]]}}, {"type": "Feature", "properties": {"highway": "footway", "footway": "sidewalk", "name": null, "surface": null, "lit": null, "length_m": 34.17, "type_element": "Way", "__fid": 9806}, "geometry": {"type": "LineString", "coordinates": [[2.2760709, 48.8711895], [2.275867, 48.8709132]]}}, {"type": "Feature", "properties": {"highway": "footway", "footway": "sidewalk", "name": null, "surface": null, "lit": null, "length_m": 5.01, "type_element": "Way", "__fid": 9807}, "geometry": {"type": "LineString", "coordinates": [[2.275867, 48.8709132], [2.275929, 48.8708944]]}}, {"type": "Feature", "properties": {"highway": "footway", "footway": "crossing", "name": null, "surface": null, "lit": "yes", "length_m": 9.47, "type_element": "Way", "__fid": 9808}, "geometry": {"type": "LineString", "coordinates": [[2.27589846666649, 48.86887333333337], [2.2759514, 48.868951]]}}, {"type": "Feature", "properties": {"highway": "footway", "footway": "sidewalk", "name": null, "surface": "asphalt", "lit": "yes", "length_m": 1.32, "type_element": "Way", "__fid": 9824}, "geometry": {"type": "LineString", "coordinates": [[2.2759689, 48.8689537], [2.2759514, 48.868951]]}}, {"type": "Feature", "properties": {"highway": "living_street", "footway": null, "name": "Boulevard Flandrin", "surface": "concrete", "lit": null, "length_m": 37.82, "type_element": "Way", "__fid": 9828}, "geometry": {"type": "LineString", "coordinates": [[2.275929, 48.8708944], [2.2761583, 48.871199]]}}, {"type": "Feature", "properties": {"highway": "footway", "footway": "sidewalk", "name": null, "surface": null, "lit": null, "length_m": 2.51, "type_element": "Way", "__fid": 9829}, "geometry": {"type": "LineString", "coordinates": [[2.275929, 48.8708944], [2.2759595, 48.87088410000001]]}}, {"type": "Feature", "properties": {"highway": "footway", "footway": "sidewalk", "name": null, "surface": "asphalt", "lit": "yes", "length_m": 67.64, "type_element": "Way", "__fid": 9832}, "geometry": {"type": "LineString", "coordinates": [[2.2763544, 48.8695063], [2.2759689, 48.8689537]]}}, {"type": "Feature", "properties": {"highway": "footway", "footway": "crossing", "name": null, "surface": null, "lit": "yes", "length_m": 10.24, "type_element": "Way", "__fid": 9833}, "geometry": {"type": "LineString", "coordinates": [[2.2759689, 48.8689537], [2.2760966, 48.8689165]]}}, {"type": "Feature", "properties": {"highway": "footway", "footway": "sidewalk", "name": null, "surface": null, "lit": null, "length_m": 187.52, "type_element": "Way", "__fid": 9839}, "geometry": {"type": "LineString", "coordinates": [[2.277487, 48.86643570000001], [2.2774284, 48.8664736], [2.2767303, 48.8667297], [2.2766162, 48.866764], [2.2765719, 48.8667489], [2.2765383, 48.8667192], [2.2760278, 48.86582809999999]]}}, {"type": "Feature", "properties": {"highway": "footway", "footway": "sidewalk", "name": null, "surface": null, "lit": null, "length_m": 5.61, "type_element": "Way", "__fid": 9840}, "geometry": {"type": "LineString", "coordinates": [[2.2760278, 48.86582809999999], [2.2760889, 48.8657977]]}}, {"type": "Feature", "properties": {"highway": "footway", "footway": "sidewalk", "name": null, "surface": "asphalt", "lit": "yes", "length_m": 39.7, "type_element": "Way", "__fid": 9843}, "geometry": {"type": "LineString", "coordinates": [[2.2759595, 48.87088410000001], [2.2762011, 48.8712036]]}}, {"type": "Feature", "properties": {"highway": "footway", "footway": "crossing", "name": null, "surface": null, "lit": "yes", "length_m": 9.97, "type_element": "Way", "__fid": 9850}, "geometry": {"type": "LineString", "coordinates": [[2.2761068, 48.868895], [2.276039299999868, 48.868817166666695]]}}, {"type": "Feature", "properties": {"highway": "footway", "footway": "sidewalk", "name": null, "surface": null, "lit": null, "length_m": 125.52, "type_element": "Way", "__fid": 9854}, "geometry": {"type": "LineString", "coordinates": [[2.2760889, 48.8657977], [2.2761605, 48.865866], [2.2762729, 48.865926500000015], [2.2774523, 48.86642879999999], [2.277487, 48.86643570000001]]}}, {"type": "Feature", "properties": {"highway": "footway", "footway": "crossing", "name": null, "surface": null, "lit": "yes", "length_m": 13.27, "type_element": "Way", "__fid": 9855}, "geometry": {"type": "LineString", "coordinates": [[2.2761911, 48.8656992], [2.2760889, 48.8657977]]}}, {"type": "Feature", "properties": {"highway": "footway", "footway": "sidewalk", "name": null, "surface": null, "lit": "yes", "length_m": 162.15, "type_element": "Way", "__fid": 9861}, "geometry": {"type": "LineString", "coordinates": [[2.2760966, 48.8689165], [2.2764047, 48.8693748], [2.2764341, 48.8693862], [2.2777048, 48.86897350000001]]}}, {"type": "Feature", "properties": {"highway": "footway", "footway": "sidewalk", "name": null, "surface": null, "lit": "yes", "length_m": 2.51, "type_element": "Way", "__fid": 9862}, "geometry": {"type": "LineString", "coordinates": [[2.2761068, 48.868895], [2.2760966, 48.8689165]]}}, {"type": "Feature", "properties": {"highway": "footway", "footway": "sidewalk", "name": null, "surface": null, "lit": "yes", "length_m": 188.19, "type_element": "Way", "__fid": 9868}, "geometry": {"type": "LineString", "coordinates": [[2.2777048, 48.86897350000001], [2.2777227, 48.8689639], [2.2773597, 48.868342], [2.2773298, 48.8683276], [2.2761068, 48.868895]]}}, {"type": "Feature", "properties": {"highway": "footway", "footway": "sidewalk", "name": null, "surface": "asphalt", "lit": "yes", "length_m": 66.32, "type_element": "Way", "__fid": 9879}, "geometry": {"type": "LineString", "coordinates": [[2.2769532, 48.8660201], [2.2761911, 48.8656992]]}}, {"type": "Feature", "properties": {"highway": "footway", "footway": "crossing", "name": null, "surface": null, "lit": null, "length_m": 4.82, "type_element": "Way", "__fid": 9898}, "geometry": {"type": "LineString", "coordinates": [[2.276235333333184, 48.86646556666669], [2.2762543, 48.8665071]]}}, {"type": "Feature", "properties": {"highway": "footway", "footway": "sidewalk", "name": null, "surface": null, "lit": null, "length_m": 131.98, "type_element": "Way", "__fid": 9902}, "geometry": {"type": "LineString", "coordinates": [[2.2769231, 48.8675979], [2.2769211, 48.8675762], [2.2763112, 48.8665292], [2.2762543, 48.8665071]]}}, {"type": "Feature", "properties": {"highway": "footway", "footway": "sidewalk", "name": null, "surface": "asphalt", "lit": "yes", "length_m": 288.33, "type_element": "Way", "__fid": 9903}, "geometry": {"type": "LineString", "coordinates": [[2.2762011, 48.8712036], [2.2762149, 48.8712221], [2.2762355, 48.87122820000001], [2.2773824, 48.8713539], [2.2775768, 48.8713128], [2.2765526, 48.8698011]]}}, {"type": "Feature", "properties": {"highway": "footway", "footway": "crossing", "name": null, "surface": null, "lit": null, "length_m": 10.14, "type_element": "Way", "__fid": 9913}, "geometry": {"type": "LineString", "coordinates": [[2.2762778, 48.8678196], [2.2764004, 48.8677774]]}}, {"type": "Feature", "properties": {"highway": "footway", "footway": "sidewalk", "name": null, "surface": "asphalt", "lit": "yes", "length_m": 35.86, "type_element": "Way", "__fid": 9951}, "geometry": {"type": "LineString", "coordinates": [[2.2765526, 48.8698011], [2.2763544, 48.8695063]]}}, {"type": "Feature", "properties": {"highway": "footway", "footway": "crossing", "name": null, "surface": null, "lit": "yes", "length_m": 8.83, "type_element": "Way", "__fid": 9952}, "geometry": {"type": "LineString", "coordinates": [[2.2763544, 48.8695063], [2.276455900000138, 48.86946356666677]]}}, {"type": "Feature", "properties": {"highway": "footway", "footway": "sidewalk", "name": null, "surface": null, "lit": null, "length_m": 41.29, "type_element": "Way", "__fid": 9957}, "geometry": {"type": "LineString", "coordinates": [[2.2764004, 48.8677774], [2.2764304, 48.8677787], [2.2769043, 48.867618]]}}, {"type": "Feature", "properties": {"highway": "service", "footway": null, "name": "Villa de la Faisanderie", "surface": "sett", "lit": "yes", "length_m": 4.55, "type_element": "Way", "__fid": 9999}, "geometry": {"type": "LineString", "coordinates": [[2.2765526, 48.8698011], [2.2766088, 48.8697838]]}}, {"type": "Feature", "properties": {"highway": "service", "footway": null, "name": "Avenue de Montespan", "surface": null, "lit": null, "length_m": 9.48, "type_element": "Way", "__fid": 10073}, "geometry": {"type": "LineString", "coordinates": [[2.2769532, 48.8660201], [2.2768815, 48.866091]]}}, {"type": "Feature", "properties": {"highway": "footway", "footway": "crossing", "name": null, "surface": null, "lit": "yes", "length_m": 9.61, "type_element": "Way", "__fid": 10086}, "geometry": {"type": "LineString", "coordinates": [[2.2769043, 48.867618], [2.2769197, 48.8676253], [2.27696246666666, 48.86769360000002]]}}, {"type": "Feature", "properties": {"highway": "footway", "footway": "sidewalk", "name": null, "surface": null, "lit": null, "length_m": 2.63, "type_element": "Way", "__fid": 10087}, "geometry": {"type": "LineString", "coordinates": [[2.2769043, 48.867618], [2.2769231, 48.8675979]]}}, {"type": "Feature", "properties": {"highway": "footway", "footway": "crossing", "name": null, "surface": null, "lit": null, "length_m": 8.93, "type_element": "Way", "__fid": 10098}, "geometry": {"type": "LineString", "coordinates": [[2.2769231, 48.8675979], [2.2769391, 48.8676012], [2.2770268, 48.8675631]]}}, {"type": "Feature", "properties": {"highway": "footway", "footway": "sidewalk", "name": null, "surface": "asphalt", "lit": "yes", "length_m": 60.54, "type_element": "Way", "__fid": 10105}, "geometry": {"type": "LineString", "coordinates": [[2.2776484, 48.8663134], [2.2769532, 48.8660201]]}}, {"type": "Feature", "properties": {"highway": "service", "footway": null, "name": "Avenue de Montespan", "surface": null, "lit": null, "length_m": 164.53, "type_element": "Way", "__fid": 10106}, "geometry": {"type": "LineString", "coordinates": [[2.2786076, 48.8650508], [2.2782223, 48.8652566], [2.2773101, 48.8656681], [2.2769532, 48.8660201]]}}, {"type": "Feature", "properties": {"highway": "footway", "footway": "sidewalk", "name": null, "surface": "asphalt", "lit": "yes", "length_m": 140.5, "type_element": "Way", "__fid": 10142}, "geometry": {"type": "LineString", "coordinates": [[2.2770268, 48.8675631], [2.2770489, 48.8675685], [2.2771284, 48.8675437], [2.2787312, 48.8669979]]}}, {"type": "Feature", "properties": {"highway": "footway", "footway": "sidewalk", "name": null, "surface": "asphalt", "lit": "yes", "length_m": 163.68, "type_element": "Way", "__fid": 10143}, "geometry": {"type": "LineString", "coordinates": [[2.2776281, 48.8665232], [2.2776, 48.8665218], [2.2766751, 48.8668538], [2.2766543, 48.8668795], [2.2766533, 48.8669106], [2.2770277, 48.8675503], [2.2770268, 48.8675631]]}}, {"type": "Feature", "properties": {"highway": "footway", "footway": "crossing", "name": null, "surface": null, "lit": "yes", "length_m": 10.01, "type_element": "Way", "__fid": 10224}, "geometry": {"type": "LineString", "coordinates": [[2.2772799, 48.8682401], [2.277327066666588, 48.8683246]]}}, {"type": "Feature", "properties": {"highway": "footway", "footway": "crossing", "name": null, "surface": null, "lit": null, "length_m": 14.76, "type_element": "Way", "__fid": 10300}, "geometry": {"type": "LineString", "coordinates": [[2.2776281, 48.8665232], [2.2776206, 48.8665003], [2.277487, 48.86643570000001]]}}, {"type": "Feature", "properties": {"highway": "footway", "footway": "crossing", "name": null, "surface": null, "lit": "yes", "length_m": 18.16, "type_element": "Way", "__fid": 10301}, "geometry": {"type": "LineString", "coordinates": [[2.277487, 48.86643570000001], [2.2775206, 48.8664211], [2.2776484, 48.8663134]]}}, {"type": "Feature", "properties": {"highway": "footway", "footway": "sidewalk", "name": null, "surface": "asphalt", "lit": "yes", "length_m": 96.21, "type_element": "Way", "__fid": 10335}, "geometry": {"type": "LineString", "coordinates": [[2.2787439, 48.8669701], [2.2776818, 48.8665258], [2.2776281, 48.8665232]]}}, {"type": "Feature", "properties": {"highway": "footway", "footway": "sidewalk", "name": null, "surface": "asphalt", "lit": "yes", "length_m": 71.2, "type_element": "Way", "__fid": 10340}, "geometry": {"type": "LineString", "coordinates": [[2.2784651, 48.8666593], [2.2776484, 48.8663134]]}}, {"type": "Feature", "properties": {"highway": "footway", "footway": "crossing", "name": null, "surface": null, "lit": "yes", "length_m": 8.57, "type_element": "Way", "__fid": 10373}, "geometry": {"type": "LineString", "coordinates": [[2.2777048, 48.86897350000001], [2.277744266666555, 48.869046]]}}, {"type": "Feature", "properties": {"highway": "footway", "footway": "sidewalk", "name": null, "surface": "asphalt", "lit": "yes", "length_m": 189.9, "type_element": "Way", "__fid": 10377}, "geometry": {"type": "LineString", "coordinates": [[2.2777849, 48.864184], [2.2778158, 48.8642272], [2.2791875, 48.8653447], [2.2793808, 48.8655265]]}}, {"type": "Feature", "properties": {"highway": "footway", "footway": "sidewalk", "name": null, "surface": null, "lit": "yes", "length_m": 104.99, "type_element": "Way", "__fid": 10386}, "geometry": {"type": "LineString", "coordinates": [[2.2777004, 48.8712833], [2.2777377, 48.8712886], [2.278867, 48.8710419], [2.2788898, 48.8710277], [2.2788299, 48.8709212]]}}, {"type": "Feature", "properties": {"highway": "footway", "footway": "sidewalk", "name": null, "surface": null, "lit": "yes", "length_m": 329.83, "type_element": "Way", "__fid": 10387}, "geometry": {"type": "LineString", "coordinates": [[2.277780760000183, 48.86906422000016], [2.2777681, 48.869053499999985], [2.2777472, 48.86905], [2.2764629, 48.8694615], [2.2766586, 48.8697691], [2.2777004, 48.8712833]]}}, {"type": "Feature", "properties": {"highway": "footway", "footway": "sidewalk", "name": null, "surface": null, "lit": "yes", "length_m": 220.38, "type_element": "Way", "__fid": 10400}, "geometry": {"type": "LineString", "coordinates": [[2.2788299, 48.8709212], [2.2780614, 48.869589], [2.277780760000183, 48.86906422000016]]}}, {"type": "Feature", "properties": {"highway": "footway", "footway": "crossing", "name": null, "surface": null, "lit": "yes", "length_m": 7.86, "type_element": "Way", "__fid": 10401}, "geometry": {"type": "LineString", "coordinates": [[2.277780760000183, 48.86906422000016], [2.277886766666756, 48.86905410000013]]}}, {"type": "Feature", "properties": {"highway": "footway", "footway": "sidewalk", "name": null, "surface": null, "lit": "yes", "length_m": 122.98, "type_element": "Way", "__fid": 10416}, "geometry": {"type": "LineString", "coordinates": [[2.2785791, 48.8683875], [2.2785313, 48.868299], [2.2778396, 48.8673957]]}}, {"type": "Feature", "properties": {"highway": "footway", "footway": "sidewalk", "name": null, "surface": null, "lit": "yes", "length_m": 214.49, "type_element": "Way", "__fid": 10417}, "geometry": {"type": "LineString", "coordinates": [[2.2778396, 48.8673957], [2.2771057, 48.8676459], [2.2771002, 48.8676709], [2.2777956, 48.8688864], [2.2778298, 48.86890529999999], [2.2778558, 48.86890540000001], [2.2778708, 48.8688971]]}}, {"type": "Feature", "properties": {"highway": "footway", "footway": "crossing", "name": null, "surface": null, "lit": "yes", "length_m": 9.05, "type_element": "Way", "__fid": 10418}, "geometry": {"type": "LineString", "coordinates": [[2.2778396, 48.8673957], [2.277949933333492, 48.86735926666678]]}}, {"type": "Feature", "properties": {"highway": "footway", "footway": "crossing", "name": null, "surface": null, "lit": "yes", "length_m": 11.37, "type_element": "Way", "__fid": 10435}, "geometry": {"type": "LineString", "coordinates": [[2.278011166666568, 48.86894050000011], [2.2778708, 48.8688971]]}}, {"type": "Feature", "properties": {"highway": "footway", "footway": "sidewalk", "name": null, "surface": null, "lit": "yes", "length_m": 78.86, "type_element": "Way", "__fid": 10436}, "geometry": {"type": "LineString", "coordinates": [[2.2778708, 48.8688971], [2.2785889, 48.8684333], [2.2785791, 48.8683875]]}}, {"type": "Feature", "properties": {"highway": "footway", "footway": "sidewalk", "name": null, "surface": null, "lit": "yes", "length_m": 93.26, "type_element": "Way", "__fid": 10456}, "geometry": {"type": "LineString", "coordinates": [[2.2791211, 48.869364699999984], [2.2779542, 48.8690319]]}}, {"type": "Feature", "properties": {"highway": "footway", "footway": "sidewalk", "name": null, "surface": null, "lit": "yes", "length_m": 217.51, "type_element": "Way", "__fid": 10457}, "geometry": {"type": "LineString", "coordinates": [[2.2779542, 48.8690319], [2.2778945, 48.8690529], [2.2781758, 48.8695606], [2.278914, 48.8708421]]}}, {"type": "Feature", "properties": {"highway": "footway", "footway": "crossing", "name": null, "surface": null, "lit": "yes", "length_m": 9.49, "type_element": "Way", "__fid": 10458}, "geometry": {"type": "LineString", "coordinates": [[2.2779542, 48.8690319], [2.278024233333494, 48.86896013333336]]}}, {"type": "Feature", "properties": {"highway": "service", "footway": null, "name": "Square Thiers", "surface": null, "lit": null, "length_m": 9.07, "type_element": "Way", "__fid": 10606}, "geometry": {"type": "LineString", "coordinates": [[2.2784651, 48.8666593], [2.2783982, 48.8667279]]}}, {"type": "Feature", "properties": {"highway": "footway", "footway": "sidewalk", "name": null, "surface": "asphalt", "lit": "yes", "length_m": 41.96, "type_element": "Way", "__fid": 10617}, "geometry": {"type": "LineString", "coordinates": [[2.2789459, 48.86686370000001], [2.2784651, 48.8666593]]}}, {"type": "Feature", "properties": {"highway": "service", "footway": null, "name": "Square Thiers", "surface": null, "lit": null, "length_m": 59.21, "type_element": "Way", "__fid": 10618}, "geometry": {"type": "LineString", "coordinates": [[2.2789033, 48.86621210000001], [2.2784651, 48.8666593]]}}, {"type": "Feature", "properties": {"highway": "footway", "footway": "sidewalk", "name": null, "surface": null, "lit": "yes", "length_m": 75.68, "type_element": "Way", "__fid": 10660}, "geometry": {"type": "LineString", "coordinates": [[2.2786076, 48.8650508], [2.2791435, 48.86549609999998], [2.2792371, 48.8655895]]}}, {"type": "Feature", "properties": {"highway": "footway", "footway": "crossing", "name": null, "surface": null, "lit": "yes", "length_m": 11.36, "type_element": "Way", "__fid": 10667}, "geometry": {"type": "LineString", "coordinates": [[2.2787031, 48.8683263], [2.2785791, 48.8683875]]}}, {"type": "Feature", "properties": {"highway": "footway", "footway": "sidewalk", "name": null, "surface": null, "lit": "yes", "length_m": 79.42, "type_element": "Way", "__fid": 10682}, "geometry": {"type": "LineString", "coordinates": [[2.2790459, 48.8692029], [2.278658960000231, 48.86853580000007]]}}, {"type": "Feature", "properties": {"highway": "footway", "footway": "sidewalk", "name": null, "surface": null, "lit": "yes", "length_m": 147.95, "type_element": "Way", "__fid": 10683}, "geometry": {"type": "LineString", "coordinates": [[2.278658960000231, 48.86853580000007], [2.2786434, 48.8685302], [2.2785913, 48.8685519], [2.2780374, 48.8689121], [2.2780185, 48.86894190000001], [2.2780281, 48.8689558], [2.2780652, 48.8689692], [2.2789678, 48.8692268], [2.2790297, 48.86922530000001]]}}, {"type": "Feature", "properties": {"highway": "footway", "footway": "crossing", "name": null, "surface": null, "lit": "yes", "length_m": 10.74, "type_element": "Way", "__fid": 10684}, "geometry": {"type": "LineString", "coordinates": [[2.278658960000231, 48.86853580000007], [2.2787584, 48.8684649]]}}, {"type": "Feature", "properties": {"highway": "pedestrian", "footway": null, "name": "Rue Mérimée", "surface": "paving_stones", "lit": "yes", "length_m": 6.47, "type_element": "Way", "__fid": 10690}, "geometry": {"type": "LineString", "coordinates": [[2.2787303, 48.8683995], [2.2786759, 48.8684453]]}}, {"type": "Feature", "properties": {"highway": "footway", "footway": "sidewalk", "name": null, "surface": null, "lit": "yes", "length_m": 8.38, "type_element": "Way", "__fid": 10696}, "geometry": {"type": "LineString", "coordinates": [[2.2787031, 48.8683263], [2.2787303, 48.8683995]]}}, {"type": "Feature", "properties": {"highway": "footway", "footway": "sidewalk", "name": null, "surface": null, "lit": "yes", "length_m": 190.33, "type_element": "Way", "__fid": 10697}, "geometry": {"type": "LineString", "coordinates": [[2.278795, 48.8670664], [2.2779572, 48.867357], [2.2786568, 48.8682547], [2.2787031, 48.8683263]]}}, {"type": "Feature", "properties": {"highway": "footway", "footway": "crossing", "name": null, "surface": "asphalt", "lit": "yes", "length_m": 8.94, "type_element": "Way", "__fid": 10700}, "geometry": {"type": "LineString", "coordinates": [[2.2787312, 48.8669979], [2.278795, 48.8670664]]}}, {"type": "Feature", "properties": {"highway": "footway", "footway": "sidewalk", "name": null, "surface": "asphalt", "lit": "yes", "length_m": 3.23, "type_element": "Way", "__fid": 10701}, "geometry": {"type": "LineString", "coordinates": [[2.2787312, 48.8669979], [2.2787439, 48.8669701]]}}, {"type": "Feature", "properties": {"highway": "footway", "footway": "crossing", "name": null, "surface": "asphalt", "lit": "yes", "length_m": 19.08, "type_element": "Way", "__fid": 10704}, "geometry": {"type": "LineString", "coordinates": [[2.2787439, 48.8669701], [2.2787872, 48.86695670000002], [2.2789459, 48.86686370000001]]}}, {"type": "Feature", "properties": {"highway": "footway", "footway": "sidewalk", "name": null, "surface": null, "lit": "yes", "length_m": 7.56, "type_element": "Way", "__fid": 10708}, "geometry": {"type": "LineString", "coordinates": [[2.2787303, 48.8683995], [2.2787584, 48.8684649]]}}, {"type": "Feature", "properties": {"highway": "pedestrian", "footway": null, "name": "Rue Mérimée", "surface": "paving_stones", "lit": "yes", "length_m": 107.43, "type_element": "Way", "__fid": 10709}, "geometry": {"type": "LineString", "coordinates": [[2.2799758, 48.868862], [2.2788544, 48.8683813], [2.2787303, 48.8683995]]}}, {"type": "Feature", "properties": {"highway": "footway", "footway": "sidewalk", "name": null, "surface": null, "lit": "yes", "length_m": 151.99, "type_element": "Way", "__fid": 10715}, "geometry": {"type": "LineString", "coordinates": [[2.2787584, 48.8684649], [2.2789414, 48.8688298], [2.2794619, 48.8696583], [2.2795426, 48.8697254]]}}, {"type": "Feature", "properties": {"highway": "footway", "footway": "sidewalk", "name": null, "surface": null, "lit": "yes", "length_m": 15.34, "type_element": "Way", "__fid": 10724}, "geometry": {"type": "LineString", "coordinates": [[2.2789786, 48.8670794], [2.2788805, 48.8670401], [2.278795, 48.8670664]]}}, {"type": "Feature", "properties": {"highway": "footway", "footway": "crossing", "name": null, "surface": null, "lit": "yes", "length_m": 10.74, "type_element": "Way", "__fid": 10761}, "geometry": {"type": "LineString", "coordinates": [[2.278914, 48.8708421], [2.2788299, 48.8709212]]}}, {"type": "Feature", "properties": {"highway": "footway", "footway": "sidewalk", "name": null, "surface": "asphalt", "lit": "yes", "length_m": 6.44, "type_element": "Way", "__fid": 10792}, "geometry": {"type": "LineString", "coordinates": [[2.2790273, 48.8668797], [2.2789732, 48.8668621], [2.2789459, 48.86686370000001]]}}, {"type": "Feature", "properties": {"highway": "footway", "footway": "sidewalk", "name": null, "surface": null, "lit": null, "length_m": 26.19, "type_element": "Way", "__fid": 10797}, "geometry": {"type": "LineString", "coordinates": [[2.2792334, 48.870949], [2.27889613333342, 48.87102630000009]]}}, {"type": "Feature", "properties": {"highway": "footway", "footway": "sidewalk", "name": null, "surface": null, "lit": "yes", "length_m": 118.66, "type_element": "Way", "__fid": 10802}, "geometry": {"type": "LineString", "coordinates": [[2.278914, 48.8708421], [2.2789212, 48.87086], [2.2790119, 48.8708583], [2.2790246, 48.8708445], [2.2794687, 48.8699171]]}}, {"type": "Feature", "properties": {"highway": "footway", "footway": "sidewalk", "name": null, "surface": null, "lit": "yes", "length_m": 45.32, "type_element": "Way", "__fid": 10810}, "geometry": {"type": "LineString", "coordinates": [[2.2794984, 48.86729960000001], [2.2789786, 48.8670794]]}}, {"type": "Feature", "properties": {"highway": "footway", "footway": "crossing", "name": null, "surface": "asphalt", "lit": "yes", "length_m": 19.71, "type_element": "Way", "__fid": 10811}, "geometry": {"type": "LineString", "coordinates": [[2.2789786, 48.8670794], [2.2790201, 48.8670411], [2.2791856, 48.86697020000001]]}}, {"type": "Feature", "properties": {"highway": "footway", "footway": "crossing", "name": null, "surface": "asphalt", "lit": "yes", "length_m": 13.41, "type_element": "Way", "__fid": 10841}, "geometry": {"type": "LineString", "coordinates": [[2.2790273, 48.8668797], [2.2791643, 48.8669596]]}}, {"type": "Feature", "properties": {"highway": "footway", "footway": "sidewalk", "name": null, "surface": "asphalt", "lit": "yes", "length_m": 79.23, "type_element": "Way", "__fid": 10842}, "geometry": {"type": "LineString", "coordinates": [[2.279982, 48.866546499999984], [2.2790273, 48.8668797]]}}, {"type": "Feature", "properties": {"highway": "service", "footway": null, "name": "Villa Victor Hugo", "surface": null, "lit": "yes", "length_m": 90.78, "type_element": "Way", "__fid": 10851}, "geometry": {"type": "LineString", "coordinates": [[2.2790231, 48.8680599], [2.2796896, 48.867372]]}}, {"type": "Feature", "properties": {"highway": "footway", "footway": "crossing", "name": null, "surface": null, "lit": "yes", "length_m": 16.89, "type_element": "Way", "__fid": 10859}, "geometry": {"type": "LineString", "coordinates": [[2.2790297, 48.86922530000001], [2.2791211, 48.869364699999984]]}}, {"type": "Feature", "properties": {"highway": "footway", "footway": "sidewalk", "name": null, "surface": null, "lit": "yes", "length_m": 2.76, "type_element": "Way", "__fid": 10860}, "geometry": {"type": "LineString", "coordinates": [[2.2790297, 48.86922530000001], [2.2790459, 48.8692029]]}}, {"type": "Feature", "properties": {"highway": "footway", "footway": "crossing", "name": null, "surface": null, "lit": "yes", "length_m": 8.58, "type_element": "Way", "__fid": 10869}, "geometry": {"type": "LineString", "coordinates": [[2.279157333333431, 48.86917953333345], [2.2790459, 48.8692029]]}}, {"type": "Feature", "properties": {"highway": "footway", "footway": "sidewalk", "name": null, "surface": null, "lit": "yes", "length_m": 63.01, "type_element": "Way", "__fid": 10899}, "geometry": {"type": "LineString", "coordinates": [[2.2794564, 48.8698823], [2.2791524, 48.86937959999999], [2.2791211, 48.869364699999984]]}}, {"type": "Feature", "properties": {"highway": "footway", "footway": "sidewalk", "name": null, "surface": null, "lit": "yes", "length_m": 1.96, "type_element": "Way", "__fid": 10903}, "geometry": {"type": "LineString", "coordinates": [[2.2791856, 48.86697020000001], [2.2791643, 48.8669596]]}}, {"type": "Feature", "properties": {"highway": "footway", "footway": "sidewalk", "name": null, "surface": null, "lit": "yes", "length_m": 74.39, "type_element": "Way", "__fid": 10904}, "geometry": {"type": "LineString", "coordinates": [[2.2791643, 48.8669596], [2.2792364, 48.866919299999985], [2.2800552, 48.8666433]]}}, {"type": "Feature", "properties": {"highway": "footway", "footway": "sidewalk", "name": null, "surface": null, "lit": "yes", "length_m": 142.46, "type_element": "Way", "__fid": 10915}, "geometry": {"type": "LineString", "coordinates": [[2.2808031, 48.8676773], [2.2806852, 48.867608899999986], [2.2804249, 48.8674934], [2.2791856, 48.86697020000001]]}}, {"type": "Feature", "properties": {"highway": "service", "footway": null, "name": null, "surface": null, "lit": null, "length_m": 4.03, "type_element": "Way", "__fid": 10923}, "geometry": {"type": "LineString", "coordinates": [[2.279157, 48.8709426], [2.2791866, 48.87091210000001]]}}, {"type": "Feature", "properties": {"highway": "footway", "footway": "sidewalk", "name": null, "surface": null, "lit": "yes", "length_m": 115.17, "type_element": "Way", "__fid": 10926}, "geometry": {"type": "LineString", "coordinates": [[2.2792371, 48.8655895], [2.279515, 48.8658852], [2.2796518, 48.8660484], [2.2799768, 48.8665016]]}}, {"type": "Feature", "properties": {"highway": "footway", "footway": "crossing", "name": null, "surface": null, "lit": "yes", "length_m": 12.66, "type_element": "Way", "__fid": 10927}, "geometry": {"type": "LineString", "coordinates": [[2.2792371, 48.8655895], [2.2793808, 48.8655265]]}}, {"type": "Feature", "properties": {"highway": "footway", "footway": "sidewalk", "name": null, "surface": null, "lit": "yes", "length_m": 5.35, "type_element": "Way", "__fid": 10939}, "geometry": {"type": "LineString", "coordinates": [[2.2791866, 48.87091210000001], [2.2792334, 48.870949]]}}, {"type": "Feature", "properties": {"highway": "footway", "footway": "sidewalk", "name": null, "surface": null, "lit": "yes", "length_m": 110.46, "type_element": "Way", "__fid": 10940}, "geometry": {"type": "LineString", "coordinates": [[2.2796016, 48.87000659999999], [2.2795208, 48.8701399], [2.2794766, 48.870146], [2.2791302, 48.8708682], [2.2791317, 48.8708861], [2.2791866, 48.87091210000001]]}}, {"type": "Feature", "properties": {"highway": "service", "footway": null, "name": null, "surface": null, "lit": null, "length_m": 26.49, "type_element": "Way", "__fid": 10941}, "geometry": {"type": "LineString", "coordinates": [[2.2791866, 48.87091210000001], [2.2794386, 48.8707415]]}}, {"type": "Feature", "properties": {"highway": "footway", "footway": "sidewalk", "name": null, "surface": null, "lit": "yes", "length_m": 103.54, "type_element": "Way", "__fid": 10956}, "geometry": {"type": "LineString", "coordinates": [[2.2792334, 48.870949], [2.2792505, 48.87095489999999], [2.2805704, 48.8706628]]}}, {"type": "Feature", "properties": {"highway": "footway", "footway": "crossing", "name": null, "surface": "asphalt", "lit": "yes", "length_m": 11.29, "type_element": "Way", "__fid": 10960}, "geometry": {"type": "LineString", "coordinates": [[2.279254233333139, 48.87096030000004], [2.2793103, 48.8710549]]}}, {"type": "Feature", "properties": {"highway": "footway", "footway": "sidewalk", "name": null, "surface": "asphalt", "lit": "yes", "length_m": 117.41, "type_element": "Way", "__fid": 10973}, "geometry": {"type": "LineString", "coordinates": [[2.2793808, 48.8655265], [2.2796432, 48.8657976], [2.279875, 48.8660909], [2.2801411, 48.8664542]]}}, {"type": "Feature", "properties": {"highway": "footway", "footway": "sidewalk", "name": null, "surface": null, "lit": "yes", "length_m": 138.76, "type_element": "Way", "__fid": 10978}, "geometry": {"type": "LineString", "coordinates": [[2.2793103, 48.8710549], [2.2811045, 48.8706595]]}}, {"type": "Feature", "properties": {"highway": "service", "footway": null, "name": null, "surface": null, "lit": null, "length_m": 58.07, "type_element": "Way", "__fid": 11005}, "geometry": {"type": "LineString", "coordinates": [[2.2794386, 48.8707415], [2.2794745, 48.87075750000002], [2.2795165, 48.8707646], [2.2795597, 48.870762], [2.2795991, 48.8707501], [2.2796301, 48.8707302], [2.2796492, 48.8707046], [2.2796541, 48.8706763], [2.2796443, 48.8706485], [2.2796226, 48.8706257], [2.279591, 48.8706086], [2.2795119, 48.8705978], [2.2794388, 48.8706205], [2.2794011, 48.8706675], [2.279414, 48.87072], [2.2794386, 48.8707415]]}}, {"type": "Feature", "properties": {"highway": "footway", "footway": "sidewalk", "name": null, "surface": null, "lit": "yes", "length_m": 3.97, "type_element": "Way", "__fid": 11006}, "geometry": {"type": "LineString", "coordinates": [[2.2794687, 48.8699171], [2.2794564, 48.8698823]]}}, {"type": "Feature", "properties": {"highway": "footway", "footway": "crossing", "name": null, "surface": null, "lit": "yes", "length_m": 18.86, "type_element": "Way", "__fid": 11007}, "geometry": {"type": "LineString", "coordinates": [[2.2795426, 48.8697254], [2.2794716, 48.8698761], [2.2794564, 48.8698823]]}}, {"type": "Feature", "properties": {"highway": "footway", "footway": "sidewalk", "name": null, "surface": null, "lit": "yes", "length_m": 11.48, "type_element": "Way", "__fid": 11010}, "geometry": {"type": "LineString", "coordinates": [[2.2796349, 48.8673501], [2.2794984, 48.86729960000001]]}}, {"type": "Feature", "properties": {"highway": "steps", "footway": null, "name": null, "surface": null, "lit": null, "length_m": 6.67, "type_element": "Way", "__fid": 11011}, "geometry": {"type": "LineString", "coordinates": [[2.2794984, 48.86729960000001], [2.2795156, 48.8672825], [2.2795651, 48.8673046]]}}, {"type": "Feature", "properties": {"highway": "footway", "footway": "sidewalk", "name": null, "surface": null, "lit": null, "length_m": 13.6, "type_element": "Way", "__fid": 11015}, "geometry": {"type": "LineString", "coordinates": [[2.2794687, 48.8699171], [2.2795511, 48.8699346], [2.2796089, 48.8699875]]}}, {"type": "Feature", "properties": {"highway": "service", "footway": null, "name": null, "surface": null, "lit": null, "length_m": 7.85, "type_element": "Way", "__fid": 11026}, "geometry": {"type": "LineString", "coordinates": [[2.2794952, 48.8699988], [2.2796016, 48.87000659999999]]}}, {"type": "Feature", "properties": {"highway": "footway", "footway": "sidewalk", "name": null, "surface": null, "lit": "yes", "length_m": 101.22, "type_element": "Way", "__fid": 11040}, "geometry": {"type": "LineString", "coordinates": [[2.2795426, 48.8697254], [2.2795961, 48.8696537], [2.2799758, 48.868862]]}}, {"type": "Feature", "properties": {"highway": "footway", "footway": "crossing", "name": null, "surface": null, "lit": "yes", "length_m": 4.69, "type_element": "Way", "__fid": 11085}, "geometry": {"type": "LineString", "coordinates": [[2.2796896, 48.867372], [2.2796349, 48.8673501]]}}, {"type": "Feature", "properties": {"highway": "footway", "footway": "sidewalk", "name": null, "surface": null, "lit": "yes", "length_m": 192.73, "type_element": "Way", "__fid": 11086}, "geometry": {"type": "LineString", "coordinates": [[2.2796349, 48.8673501], [2.2789624, 48.8680484], [2.2790643, 48.8680898], [2.2797403, 48.8673934]]}}, {"type": "Feature", "properties": {"highway": "service", "footway": null, "name": null, "surface": null, "lit": null, "length_m": 96.67, "type_element": "Way", "__fid": 11087}, "geometry": {"type": "LineString", "coordinates": [[2.2796016, 48.87000659999999], [2.2800607, 48.87010760000002], [2.2802304, 48.8701693], [2.2803504, 48.8702496], [2.280455, 48.8703528], [2.280518, 48.870467], [2.2805334, 48.87053]]}}, {"type": "Feature", "properties": {"highway": "footway", "footway": "sidewalk", "name": null, "surface": null, "lit": "yes", "length_m": 2.19, "type_element": "Way", "__fid": 11088}, "geometry": {"type": "LineString", "coordinates": [[2.2796089, 48.8699875], [2.2796016, 48.87000659999999]]}}, {"type": "Feature", "properties": {"highway": "footway", "footway": "sidewalk", "name": null, "surface": null, "lit": "yes", "length_m": 73.05, "type_element": "Way", "__fid": 11091}, "geometry": {"type": "LineString", "coordinates": [[2.2798563, 48.8693691], [2.2798952, 48.8694041], [2.2796322, 48.8699553], [2.2796089, 48.8699875]]}}, {"type": "Feature", "properties": {"highway": "footway", "footway": "crossing", "name": null, "surface": null, "lit": "yes", "length_m": 4.42, "type_element": "Way", "__fid": 11110}, "geometry": {"type": "LineString", "coordinates": [[2.2797403, 48.8673934], [2.2796896, 48.867372]]}}, {"type": "Feature", "properties": {"highway": "service", "footway": null, "name": "Villa Victor Hugo", "surface": null, "lit": "yes", "length_m": 9.24, "type_element": "Way", "__fid": 11111}, "geometry": {"type": "LineString", "coordinates": [[2.2796896, 48.867372], [2.2797532, 48.8673003]]}}, {"type": "Feature", "properties": {"highway": "footway", "footway": "sidewalk", "name": null, "surface": null, "lit": "yes", "length_m": 38.41, "type_element": "Way", "__fid": 11135}, "geometry": {"type": "LineString", "coordinates": [[2.2801807, 48.8675802], [2.2797403, 48.8673934]]}}, {"type": "Feature", "properties": {"highway": "footway", "footway": "crossing", "name": null, "surface": null, "lit": null, "length_m": 8.15, "type_element": "Way", "__fid": 11155}, "geometry": {"type": "LineString", "coordinates": [[2.279750499999812, 48.86934686666678], [2.2798563, 48.8693691]]}}, {"type": "Feature", "properties": {"highway": "footway", "footway": "sidewalk", "name": null, "surface": null, "lit": "yes", "length_m": 75.64, "type_element": "Way", "__fid": 11197}, "geometry": {"type": "LineString", "coordinates": [[2.2802528, 48.868747100000014], [2.2800398, 48.868973199999985], [2.2798563, 48.8693691]]}}, {"type": "Feature", "properties": {"highway": "footway", "footway": "sidewalk", "name": null, "surface": null, "lit": "yes", "length_m": 5.01, "type_element": "Way", "__fid": 11232}, "geometry": {"type": "LineString", "coordinates": [[2.2799768, 48.8665016], [2.279982, 48.866546499999984]]}}, {"type": "Feature", "properties": {"highway": "footway", "footway": "crossing", "name": null, "surface": "asphalt", "lit": "yes", "length_m": 13.16, "type_element": "Way", "__fid": 11233}, "geometry": {"type": "LineString", "coordinates": [[2.2799768, 48.8665016], [2.2801411, 48.8664542]]}}, {"type": "Feature", "properties": {"highway": "footway", "footway": "crossing", "name": null, "surface": "asphalt", "lit": "yes", "length_m": 12.52, "type_element": "Way", "__fid": 11236}, "geometry": {"type": "LineString", "coordinates": [[2.279982, 48.866546499999984], [2.2800077, 48.8665577], [2.2800558, 48.8666299], [2.2800552, 48.8666433]]}}, {"type": "Feature", "properties": {"highway": "pedestrian", "footway": null, "name": "Rue Mérimée", "surface": "paving_stones", "lit": "yes", "length_m": 5.77, "type_element": "Way", "__fid": 11247}, "geometry": {"type": "LineString", "coordinates": [[2.2800307, 48.8688991], [2.2799758, 48.868862]]}}, {"type": "Feature", "properties": {"highway": "footway", "footway": "sidewalk", "name": null, "surface": null, "lit": "yes", "length_m": 21.15, "type_element": "Way", "__fid": 11248}, "geometry": {"type": "LineString", "coordinates": [[2.2799758, 48.868862], [2.2801328, 48.8687025]]}}, {"type": "Feature", "properties": {"highway": "footway", "footway": "sidewalk", "name": null, "surface": null, "lit": "yes", "length_m": 3.46, "type_element": "Way", "__fid": 11265}, "geometry": {"type": "LineString", "coordinates": [[2.2800552, 48.8666433], [2.2801006, 48.866651799999985]]}}, {"type": "Feature", "properties": {"highway": "footway", "footway": "sidewalk", "name": null, "surface": null, "lit": "yes", "length_m": 86.23, "type_element": "Way", "__fid": 11279}, "geometry": {"type": "LineString", "coordinates": [[2.2801006, 48.866651799999985], [2.2806059, 48.867352]]}}, {"type": "Feature", "properties": {"highway": "footway", "footway": "crossing", "name": null, "surface": null, "lit": "yes", "length_m": 12.59, "type_element": "Way", "__fid": 11280}, "geometry": {"type": "LineString", "coordinates": [[2.2801006, 48.866651799999985], [2.280108, 48.866633], [2.2802374, 48.8665942]]}}, {"type": "Feature", "properties": {"highway": "footway", "footway": "sidewalk", "name": null, "surface": "asphalt", "lit": "yes", "length_m": 67.74, "type_element": "Way", "__fid": 11292}, "geometry": {"type": "LineString", "coordinates": [[2.2801411, 48.8664542], [2.2801688, 48.8664879], [2.2802166, 48.8664914], [2.2809404, 48.8662411]]}}, {"type": "Feature", "properties": {"highway": "footway", "footway": "crossing", "name": null, "surface": null, "lit": null, "length_m": 10.1, "type_element": "Way", "__fid": 11301}, "geometry": {"type": "LineString", "coordinates": [[2.2801328, 48.8687025], [2.2802528, 48.868747100000014]]}}, {"type": "Feature", "properties": {"highway": "footway", "footway": "sidewalk", "name": null, "surface": null, "lit": "yes", "length_m": 104.03, "type_element": "Way", "__fid": 11302}, "geometry": {"type": "LineString", "coordinates": [[2.2801328, 48.8687025], [2.280159, 48.8686901], [2.2802943, 48.8685616], [2.2805275, 48.868316], [2.2805646, 48.8682832], [2.2806101, 48.8682726], [2.2809233, 48.8679356]]}}, {"type": "Feature", "properties": {"highway": "footway", "footway": "sidewalk", "name": null, "surface": null, "lit": "yes", "length_m": 56.84, "type_element": "Way", "__fid": 11317}, "geometry": {"type": "LineString", "coordinates": [[2.2808333, 48.8678557], [2.2801807, 48.8675802]]}}, {"type": "Feature", "properties": {"highway": "steps", "footway": null, "name": null, "surface": null, "lit": null, "length_m": 5.53, "type_element": "Way", "__fid": 11318}, "geometry": {"type": "LineString", "coordinates": [[2.2801807, 48.8675802], [2.2801901, 48.86757], [2.2802387, 48.86759]]}}, {"type": "Feature", "properties": {"highway": "footway", "footway": "crossing", "name": null, "surface": null, "lit": null, "length_m": 7.63, "type_element": "Way", "__fid": 11330}, "geometry": {"type": "LineString", "coordinates": [[2.280217866666596, 48.866497200000026], [2.2802637, 48.866558800000014]]}}, {"type": "Feature", "properties": {"highway": "footway", "footway": "sidewalk", "name": null, "surface": null, "lit": null, "length_m": 87.44, "type_element": "Way", "__fid": 11337}, "geometry": {"type": "LineString", "coordinates": [[2.2802374, 48.8665942], [2.2807476, 48.8673049]]}}, {"type": "Feature", "properties": {"highway": "footway", "footway": "sidewalk", "name": null, "surface": null, "lit": null, "length_m": 4.38, "type_element": "Way", "__fid": 11338}, "geometry": {"type": "LineString", "coordinates": [[2.2802637, 48.866558800000014], [2.2802374, 48.8665942]]}}, {"type": "Feature", "properties": {"highway": "footway", "footway": "sidewalk", "name": null, "surface": null, "lit": null, "length_m": 60.53, "type_element": "Way", "__fid": 11351}, "geometry": {"type": "LineString", "coordinates": [[2.2810027, 48.8663181], [2.2803542, 48.8665389], [2.2802637, 48.866558800000014]]}}, {"type": "Feature", "properties": {"highway": "footway", "footway": "sidewalk", "name": null, "surface": null, "lit": null, "length_m": 12.24, "type_element": "Way", "__fid": 11363}, "geometry": {"type": "LineString", "coordinates": [[2.2803783, 48.8686836], [2.280363, 48.86870039999999], [2.2803016, 48.8687121], [2.2802734, 48.8687262], [2.2802528, 48.868747100000014]]}}, {"type": "Feature", "properties": {"highway": "pedestrian", "footway": null, "name": "Impasse des Belles Feuilles", "surface": null, "lit": null, "length_m": 7.34, "type_element": "Way", "__fid": 11379}, "geometry": {"type": "LineString", "coordinates": [[2.2802937, 48.8686484], [2.2803783, 48.8686836]]}}, {"type": "Feature", "properties": {"highway": "service", "footway": null, "name": null, "surface": null, "lit": null, "length_m": 20.8, "type_element": "Way", "__fid": 11420}, "geometry": {"type": "LineString", "coordinates": [[2.2805334, 48.87053], [2.2804584, 48.8705032], [2.2803779, 48.87046], [2.2803477, 48.8704009]]}}, {"type": "Feature", "properties": {"highway": "pedestrian", "footway": null, "name": "Impasse des Belles Feuilles", "surface": null, "lit": null, "length_m": 29.24, "type_element": "Way", "__fid": 11424}, "geometry": {"type": "LineString", "coordinates": [[2.2803783, 48.8686836], [2.2807155, 48.8688239]]}}, {"type": "Feature", "properties": {"highway": "footway", "footway": "sidewalk", "name": null, "surface": null, "lit": "yes", "length_m": 100.92, "type_element": "Way", "__fid": 11425}, "geometry": {"type": "LineString", "coordinates": [[2.2811178, 48.868024700000014], [2.281094, 48.86799410000002], [2.2810256, 48.8679803], [2.2804536, 48.8685819], [2.2803994, 48.8686415], [2.2804009, 48.8686594], [2.2803783, 48.8686836]]}}, {"type": "Feature", "properties": {"highway": "service", "footway": null, "name": "Accès Parking Victor Hugo - Pompe", "surface": null, "lit": null, "length_m": 23.36, "type_element": "Way", "__fid": 11496}, "geometry": {"type": "LineString", "coordinates": [[2.2808389, 48.86777379999998], [2.280774, 48.86778850000001], [2.2807188, 48.867785], [2.2805552, 48.8677158]]}}, {"type": "Feature", "properties": {"highway": "service", "footway": null, "name": null, "surface": null, "lit": null, "length_m": 8.15, "type_element": "Way", "__fid": 11500}, "geometry": {"type": "LineString", "coordinates": [[2.2805334, 48.87053], [2.280551, 48.87060240000001]]}}, {"type": "Feature", "properties": {"highway": "service", "footway": null, "name": null, "surface": null, "lit": null, "length_m": 6.87, "type_element": "Way", "__fid": 11504}, "geometry": {"type": "LineString", "coordinates": [[2.280551, 48.87060240000001], [2.2805704, 48.8706628]]}}, {"type": "Feature", "properties": {"highway": "service", "footway": null, "name": null, "surface": null, "lit": null, "length_m": 55.24, "type_element": "Way", "__fid": 11505}, "geometry": {"type": "LineString", "coordinates": [[2.280551, 48.87060240000001], [2.2812657, 48.8704458]]}}, {"type": "Feature", "properties": {"highway": "footway", "footway": "sidewalk", "name": null, "surface": null, "lit": "yes", "length_m": 38.8, "type_element": "Way", "__fid": 11511}, "geometry": {"type": "LineString", "coordinates": [[2.2806059, 48.867352], [2.2808413, 48.86766449999999]]}}, {"type": "Feature", "properties": {"highway": "footway", "footway": "crossing", "name": null, "surface": null, "lit": "yes", "length_m": 11.64, "type_element": "Way", "__fid": 11512}, "geometry": {"type": "LineString", "coordinates": [[2.2806059, 48.867352], [2.2807476, 48.8673049]]}}, {"type": "Feature", "properties": {"highway": "service", "footway": null, "name": null, "surface": null, "lit": null, "length_m": 5.31, "type_element": "Way", "__fid": 11516}, "geometry": {"type": "LineString", "coordinates": [[2.2805704, 48.8706628], [2.2805916, 48.8707085]]}}, {"type": "Feature", "properties": {"highway": "footway", "footway": "sidewalk", "name": null, "surface": null, "lit": "yes", "length_m": 38.5, "type_element": "Way", "__fid": 11517}, "geometry": {"type": "LineString", "coordinates": [[2.2805704, 48.8706628], [2.28107, 48.8705566]]}}, {"type": "Feature", "properties": {"highway": "footway", "footway": "sidewalk", "name": null, "surface": null, "lit": null, "length_m": 3.94, "type_element": "Way", "__fid": 11554}, "geometry": {"type": "LineString", "coordinates": [[2.2807476, 48.8673049], [2.2808013, 48.8673065]]}}, {"type": "Feature", "properties": {"highway": "footway", "footway": "crossing", "name": null, "surface": null, "lit": null, "length_m": 9.72, "type_element": "Way", "__fid": 11581}, "geometry": {"type": "LineString", "coordinates": [[2.2808013, 48.8673065], [2.2808005, 48.867319], [2.280838, 48.8673701], [2.28086, 48.867381]]}}, {"type": "Feature", "properties": {"highway": "footway", "footway": "sidewalk", "name": null, "surface": null, "lit": null, "length_m": 152.79, "type_element": "Way", "__fid": 11582}, "geometry": {"type": "LineString", "coordinates": [[2.2808013, 48.8673065], [2.2817569, 48.8661107], [2.2817625, 48.866088800000014]]}}, {"type": "Feature", "properties": {"highway": "footway", "footway": "crossing", "name": null, "surface": null, "lit": "yes", "length_m": 11.21, "type_element": "Way", "__fid": 11585}, "geometry": {"type": "LineString", "coordinates": [[2.2808031, 48.8676773], [2.2808002, 48.8676989], [2.2808389, 48.86777379999998]]}}, {"type": "Feature", "properties": {"highway": "footway", "footway": "sidewalk", "name": null, "surface": null, "lit": "yes", "length_m": 3.14, "type_element": "Way", "__fid": 11586}, "geometry": {"type": "LineString", "coordinates": [[2.2808413, 48.86766449999999], [2.2808031, 48.8676773]]}}, {"type": "Feature", "properties": {"highway": "footway", "footway": "sidewalk", "name": null, "surface": null, "lit": "yes", "length_m": 11.71, "type_element": "Way", "__fid": 11598}, "geometry": {"type": "LineString", "coordinates": [[2.2809233, 48.8679356], [2.2808926, 48.8678799], [2.2808333, 48.8678557]]}}, {"type": "Feature", "properties": {"highway": "footway", "footway": "crossing", "name": null, "surface": null, "lit": "yes", "length_m": 9.99, "type_element": "Way", "__fid": 11599}, "geometry": {"type": "LineString", "coordinates": [[2.2808333, 48.8678557], [2.2808633, 48.867821], [2.2808389, 48.86777379999998]]}}, {"type": "Feature", "properties": {"highway": "service", "footway": null, "name": "Accès Parking Victor Hugo - Pompe", "surface": null, "lit": null, "length_m": 0.92, "type_element": "Way", "__fid": 11601}, "geometry": {"type": "LineString", "coordinates": [[2.2808507, 48.8677711], [2.2808389, 48.86777379999998]]}}, {"type": "Feature", "properties": {"highway": "footway", "footway": "crossing", "name": null, "surface": null, "lit": "yes", "length_m": 12.71, "type_element": "Way", "__fid": 11602}, "geometry": {"type": "LineString", "coordinates": [[2.2808413, 48.86766449999999], [2.2810144, 48.8676588]]}}, {"type": "Feature", "properties": {"highway": "footway", "footway": "sidewalk", "name": null, "surface": "asphalt", "lit": null, "length_m": 33.76, "type_element": "Way", "__fid": 11608}, "geometry": {"type": "LineString", "coordinates": [[2.28086, 48.867381], [2.2808488, 48.8674361], [2.2810144, 48.8676588]]}}, {"type": "Feature", "properties": {"highway": "footway", "footway": "sidewalk", "name": null, "surface": "asphalt", "lit": null, "length_m": 169.5, "type_element": "Way", "__fid": 11609}, "geometry": {"type": "LineString", "coordinates": [[2.2819347, 48.8660381], [2.2819073, 48.8661063], [2.2809143, 48.867352900000014], [2.28086, 48.867381]]}}, {"type": "Feature", "properties": {"highway": "footway", "footway": "crossing", "name": null, "surface": null, "lit": null, "length_m": 9.71, "type_element": "Way", "__fid": 11645}, "geometry": {"type": "LineString", "coordinates": [[2.2809404, 48.8662411], [2.2810027, 48.8663181]]}}, {"type": "Feature", "properties": {"highway": "footway", "footway": "sidewalk", "name": null, "surface": "asphalt", "lit": "yes", "length_m": 60.22, "type_element": "Way", "__fid": 11646}, "geometry": {"type": "LineString", "coordinates": [[2.2809404, 48.8662411], [2.2816688, 48.8659914]]}}, {"type": "Feature", "properties": {"highway": "footway", "footway": "crossing", "name": null, "surface": null, "lit": null, "length_m": 8.51, "type_element": "Way", "__fid": 11651}, "geometry": {"type": "LineString", "coordinates": [[2.2809233, 48.8679356], [2.28102026666653, 48.8679776333334]]}}, {"type": "Feature", "properties": {"highway": "footway", "footway": "sidewalk", "name": null, "surface": null, "lit": "yes", "length_m": 119.69, "type_element": "Way", "__fid": 11664}, "geometry": {"type": "LineString", "coordinates": [[2.2811322, 48.870663399999984], [2.281147, 48.8706871], [2.2808964, 48.87171160000002], [2.280886119999797, 48.87172274000016]]}}, {"type": "Feature", "properties": {"highway": "footway", "footway": "sidewalk", "name": null, "surface": null, "lit": null, "length_m": 59.38, "type_element": "Way", "__fid": 11682}, "geometry": {"type": "LineString", "coordinates": [[2.2817234, 48.866075], [2.2810027, 48.8663181]]}}, {"type": "Feature", "properties": {"highway": "footway", "footway": "sidewalk", "name": null, "surface": "asphalt", "lit": null, "length_m": 99.49, "type_element": "Way", "__fid": 11701}, "geometry": {"type": "LineString", "coordinates": [[2.2810144, 48.8676588], [2.2810622, 48.8677223], [2.2811485, 48.8677194], [2.2817609, 48.8670676]]}}, {"type": "Feature", "properties": {"highway": "footway", "footway": "sidewalk", "name": null, "surface": null, "lit": "yes", "length_m": 125.09, "type_element": "Way", "__fid": 11732}, "geometry": {"type": "LineString", "coordinates": [[2.2813046, 48.8706264], [2.2812887, 48.8706559], [2.2810175, 48.8717259], [2.2810243, 48.8717334]]}}, {"type": "Feature", "properties": {"highway": "footway", "footway": "crossing", "name": null, "surface": null, "lit": "yes", "length_m": 11.87, "type_element": "Way", "__fid": 11739}, "geometry": {"type": "LineString", "coordinates": [[2.28107, 48.8705566], [2.2811087, 48.8706444], [2.2811045, 48.8706595]]}}, {"type": "Feature", "properties": {"highway": "footway", "footway": "sidewalk", "name": null, "surface": null, "lit": "yes", "length_m": 53.54, "type_element": "Way", "__fid": 11740}, "geometry": {"type": "LineString", "coordinates": [[2.28107, 48.8705566], [2.2817592, 48.870398]]}}, {"type": "Feature", "properties": {"highway": "footway", "footway": "sidewalk", "name": null, "surface": null, "lit": "yes", "length_m": 182.0, "type_element": "Way", "__fid": 11743}, "geometry": {"type": "LineString", "coordinates": [[2.2821976, 48.8694983], [2.2811178, 48.868024700000014]]}}, {"type": "Feature", "properties": {"highway": "footway", "footway": "crossing", "name": null, "surface": null, "lit": null, "length_m": 21.29, "type_element": "Way", "__fid": 11744}, "geometry": {"type": "LineString", "coordinates": [[2.2811178, 48.868024700000014], [2.2811306, 48.8680186], [2.2812551, 48.8680447], [2.2813358, 48.8681232]]}}, {"type": "Feature", "properties": {"highway": "service", "footway": null, "name": "Rue Dosne", "surface": null, "lit": null, "length_m": 53.78, "type_element": "Way", "__fid": 11754}, "geometry": {"type": "LineString", "coordinates": [[2.2811173, 48.86930760000001], [2.2814249, 48.86974660000001]]}}, {"type": "Feature", "properties": {"highway": "footway", "footway": "sidewalk", "name": null, "surface": null, "lit": "yes", "length_m": 2.08, "type_element": "Way", "__fid": 11755}, "geometry": {"type": "LineString", "coordinates": [[2.2811045, 48.8706595], [2.2811322, 48.870663399999984]]}}, {"type": "Feature", "properties": {"highway": "footway", "footway": "crossing", "name": null, "surface": null, "lit": "yes", "length_m": 13.63, "type_element": "Way", "__fid": 11765}, "geometry": {"type": "LineString", "coordinates": [[2.2811322, 48.870663399999984], [2.2811467, 48.8706537], [2.2812815, 48.8706245], [2.2813046, 48.8706264]]}}, {"type": "Feature", "properties": {"highway": "footway", "footway": "crossing", "name": null, "surface": null, "lit": null, "length_m": 6.88, "type_element": "Way", "__fid": 11767}, "geometry": {"type": "LineString", "coordinates": [[2.281188633333094, 48.867689733333464], [2.2812675, 48.8677232]]}}, {"type": "Feature", "properties": {"highway": "footway", "footway": "sidewalk", "name": null, "surface": null, "lit": null, "length_m": 4.1, "type_element": "Way", "__fid": 11792}, "geometry": {"type": "LineString", "coordinates": [[2.281306759999818, 48.86774948000003], [2.2812675, 48.8677232]]}}, {"type": "Feature", "properties": {"highway": "footway", "footway": "sidewalk", "name": null, "surface": null, "lit": null, "length_m": 81.01, "type_element": "Way", "__fid": 11793}, "geometry": {"type": "LineString", "coordinates": [[2.2812675, 48.8677232], [2.2818496, 48.8671041]]}}, {"type": "Feature", "properties": {"highway": "footway", "footway": "crossing", "name": null, "surface": null, "lit": null, "length_m": 7.41, "type_element": "Way", "__fid": 11813}, "geometry": {"type": "LineString", "coordinates": [[2.281306759999818, 48.86774948000003], [2.2813472, 48.8678105]]}}, {"type": "Feature", "properties": {"highway": "footway", "footway": "sidewalk", "name": null, "surface": "asphalt", "lit": null, "length_m": 178.62, "type_element": "Way", "__fid": 11814}, "geometry": {"type": "LineString", "coordinates": [[2.2834877, 48.86704360000002], [2.2832354, 48.8671224], [2.2831629, 48.8671701], [2.281306759999818, 48.86774948000003]]}}, {"type": "Feature", "properties": {"highway": "footway", "footway": "sidewalk", "name": null, "surface": "asphalt", "lit": "yes", "length_m": 163.58, "type_element": "Way", "__fid": 11832}, "geometry": {"type": "LineString", "coordinates": [[2.2813358, 48.8681232], [2.2823018, 48.8694491]]}}, {"type": "Feature", "properties": {"highway": "footway", "footway": "sidewalk", "name": null, "surface": "asphalt", "lit": "yes", "length_m": 5.51, "type_element": "Way", "__fid": 11833}, "geometry": {"type": "LineString", "coordinates": [[2.2814053, 48.8681045], [2.2813358, 48.8681232]]}}, {"type": "Feature", "properties": {"highway": "footway", "footway": "sidewalk", "name": null, "surface": null, "lit": "yes", "length_m": 196.65, "type_element": "Way", "__fid": 11836}, "geometry": {"type": "LineString", "coordinates": [[2.2824444, 48.8718938], [2.2822253, 48.8714554], [2.2822261, 48.8714285], [2.2817709, 48.8705277], [2.2817169, 48.8705242], [2.2813102, 48.8706159], [2.2813046, 48.8706264]]}}, {"type": "Feature", "properties": {"highway": "footway", "footway": "sidewalk", "name": null, "surface": "asphalt", "lit": "yes", "length_m": 27.29, "type_element": "Way", "__fid": 11837}, "geometry": {"type": "LineString", "coordinates": [[2.2815307, 48.8679641], [2.281312, 48.8678772], [2.2813217, 48.867819799999985], [2.2813472, 48.8678105]]}}, {"type": "Feature", "properties": {"highway": "footway", "footway": "sidewalk", "name": null, "surface": "asphalt", "lit": "yes", "length_m": 177.8, "type_element": "Way", "__fid": 11838}, "geometry": {"type": "LineString", "coordinates": [[2.2813472, 48.8678105], [2.2835457, 48.8671374]]}}, {"type": "Feature", "properties": {"highway": "footway", "footway": "sidewalk", "name": null, "surface": "asphalt", "lit": "yes", "length_m": 145.03, "type_element": "Way", "__fid": 11857}, "geometry": {"type": "LineString", "coordinates": [[2.2830709, 48.868807], [2.2825679, 48.86860080000001], [2.2814053, 48.8681045]]}}, {"type": "Feature", "properties": {"highway": "footway", "footway": "crossing", "name": null, "surface": null, "lit": null, "length_m": 18.17, "type_element": "Way", "__fid": 11858}, "geometry": {"type": "LineString", "coordinates": [[2.2814053, 48.8681045], [2.2814252, 48.8680725], [2.2815307, 48.8679641]]}}, {"type": "Feature", "properties": {"highway": "service", "footway": null, "name": "Rue Dosne", "surface": null, "lit": null, "length_m": 76.47, "type_element": "Way", "__fid": 11868}, "geometry": {"type": "LineString", "coordinates": [[2.2814249, 48.86974660000001], [2.2817592, 48.870398]]}}, {"type": "Feature", "properties": {"highway": "service", "footway": null, "name": "Rue Dosne", "surface": null, "lit": null, "length_m": 63.05, "type_element": "Way", "__fid": 11869}, "geometry": {"type": "LineString", "coordinates": [[2.2814249, 48.86974660000001], [2.2821976, 48.8694983]]}}, {"type": "Feature", "properties": {"highway": "footway", "footway": "sidewalk", "name": null, "surface": "asphalt", "lit": "yes", "length_m": 127.51, "type_element": "Way", "__fid": 11872}, "geometry": {"type": "LineString", "coordinates": [[2.2829948, 48.8654122], [2.2814951, 48.8648325]]}}, {"type": "Feature", "properties": {"highway": "pedestrian", "footway": null, "name": "Rue Decamps", "surface": "asphalt", "lit": null, "length_m": 127.96, "type_element": "Way", "__fid": 11886}, "geometry": {"type": "LineString", "coordinates": [[2.2815245, 48.86479389999999], [2.2830253, 48.8653802]]}}, {"type": "Feature", "properties": {"highway": "footway", "footway": "sidewalk", "name": null, "surface": "asphalt", "lit": null, "length_m": 126.53, "type_element": "Way", "__fid": 11897}, "geometry": {"type": "LineString", "coordinates": [[2.2815518, 48.86476419999999], [2.2830421, 48.865337]]}}, {"type": "Feature", "properties": {"highway": "footway", "footway": "sidewalk", "name": null, "surface": "asphalt", "lit": "yes", "length_m": 150.93, "type_element": "Way", "__fid": 11900}, "geometry": {"type": "LineString", "coordinates": [[2.2832667, 48.86869260000001], [2.2815307, 48.8679641]]}}, {"type": "Feature", "properties": {"highway": "footway", "footway": "crossing", "name": null, "surface": null, "lit": null, "length_m": 10.24, "type_element": "Way", "__fid": 11930}, "geometry": {"type": "LineString", "coordinates": [[2.2816688, 48.8659914], [2.2817165, 48.8660487], [2.2817234, 48.866075]]}}, {"type": "Feature", "properties": {"highway": "footway", "footway": "crossing", "name": null, "surface": null, "lit": null, "length_m": 20.32, "type_element": "Way", "__fid": 11931}, "geometry": {"type": "LineString", "coordinates": [[2.2816688, 48.8659914], [2.2819178, 48.8659114]]}}]}