{"type": "FeatureCollection", "features": [{"type": "Feature", "properties": {"@id": "node/504244226", "amenity": "drinking_water", "artist_name": "Charles-Auguste Lebourg", "man_made": "water_tap", "name": "Petite Fontaine Wallace", "note": "Petit modèle", "type_element": "Fontaines à boire", "__fid": 95}, "geometry": {"type": "Point", "coordinates": [2.2875621, 48.8488952]}, "id": "node/504244226"}, {"type": "Feature", "properties": {"@id": "node/2523954111", "amenity": "drinking_water", "check_date": "2022-07-03", "indoor": "no", "man_made": "water_tap", "type_element": "Fontaines à boire", "__fid": 365}, "geometry": {"type": "Point", "coordinates": [2.2855992, 48.8487971]}, "id": "node/2523954111"}, {"type": "Feature", "properties": {"@id": "node/3394667994", "amenity": "drinking_water", "indoor": "yes", "level": "1", "type_element": "Fontaines à boire", "__fid": 430}, "geometry": {"type": "Point", "coordinates": [2.2866969, 48.8519327]}, "id": "node/3394667994"}, {"type": "Feature", "geometry": {"type": "Point", "coordinates": [2.285813, 48.850739]}, "properties": {"id": 2555, "name": "Square Belà Bartók", "categorie": "Parcs, jardins et bois", "photo_url": "https://cdn.paris.fr/eqpts-prod/2022/05/10/9abddf52d575cf3c695ec4a48b48966d.jpg", "photo_credit": "Antoine Polez / Ville de Paris", "photo_alt": null, "address_street": "26 place de Brazzaville", "address_postcode": "75015", "address_city": "PARIS", "phone": null, "accessibility": "{\"handicaps\": [{\"name\": \"Personnes à mobilité réduite\", \"status\": \"accessible\"}, {\"name\": \"Personnes déficientes visuelles\", \"status\": \"undefined\"}, {\"name\": \"Personnes déficientes auditives\", \"status\": \"undefined\"}, {\"name\": \"Personnes déficientes mentales\", \"status\": \"undefined\"}, {\"name\": \"Accueil en langue des signes\", \"status\": \"undefined\"}]}", "latitude": 48.850739, "longitude": 2.285813, "url": "https://www.paris.fr/lieux/square-bela-bartok-2555", "type_element": "Parcs, Jardins et Bois", "__fid": 1097}}, {"type": "Feature", "geometry": {"type": "Point", "coordinates": [2.283735, 48.850907]}, "properties": {"id": 2874, "name": "Promenade du quai de Grenelle  square des Martyrs Juifs", "categorie": "Parcs, jardins et bois", "photo_url": "https://cdn.paris.fr/eqpts-prod/2022/05/10/0c0830e49bc5db70fa7b877dea685bf8.jpg", "photo_credit": "Clement Dorval/Ville de Paris", "photo_alt": null, "address_street": "quai de Grenelle  place des Martyrs Juifs du Vel-d’Hiv", "address_postcode": "75015", "address_city": "PARIS", "phone": null, "accessibility": "{\"handicaps\": [{\"name\": \"Personnes à mobilité réduite\", \"status\": \"accessible\"}, {\"name\": \"Personnes déficientes visuelles\", \"status\": \"undefined\"}, {\"name\": \"Personnes déficientes auditives\", \"status\": \"undefined\"}, {\"name\": \"Personnes déficientes mentales\", \"status\": \"undefined\"}, {\"name\": \"Accueil en langue des signes\", \"status\": \"undefined\"}]}", "latitude": 48.850907, "longitude": 2.283735, "url": "https://www.paris.fr/lieux/promenade-du-quai-de-grenelle-square-des-martyrs-juifs-2874", "type_element": "Parcs, Jardins et Bois", "__fid": 1499}}, {"type": "Feature", "geometry": {"type": "Point", "coordinates": [2.286065, 48.849333]}, "properties": {"id": 2552, "name": "Square Pablo Casals", "categorie": "Parcs, jardins et bois", "photo_url": "https://cdn.paris.fr/eqpts-prod/2023/07/26/e17303d9239eedff1e1cde5bb5b75179.jpg", "photo_credit": "Sonia Yassa / Ville de Paris", "photo_alt": null, "address_street": "41, rue Émeriau", "address_postcode": "75015", "address_city": "PARIS", "phone": null, "accessibility": "{\"handicaps\": [{\"name\": \"Personnes à mobilité réduite\", \"status\": \"accessible\"}, {\"name\": \"Personnes déficientes visuelles\", \"status\": \"accessible\"}, {\"name\": \"Personnes déficientes auditives\", \"status\": \"undefined\"}, {\"name\": \"Personnes déficientes mentales\", \"status\": \"undefined\"}, {\"name\": \"Accueil en langue des signes\", \"status\": \"undefined\"}]}", "latitude": 48.849333, "longitude": 2.286065, "url": "https://www.paris.fr/lieux/square-pablo-casals-2552", "type_element": "Parcs, Jardins et Bois", "__fid": 1566}}, {"type": "Feature", "geometry": {"type": "Point", "coordinates": [2.284871, 48.848888]}, "properties": {"id": 2938, "name": "Piscine René et André Mourlon", "categorie": "Piscines", "photo_url": "https://cdn.paris.fr/eqpts-prod/2022/05/30/3415e56c4dff7b8aa8706b446beaafaf.jpeg", "photo_credit": null, "photo_alt": null, "address_street": "19, rue Gaston de Caillavet", "address_postcode": "75015", "address_city": "PARIS", "phone": "0145754002", "accessibility": "{\"handicaps\": [{\"name\": \"Personnes à mobilité réduite\", \"status\": \"accessible\"}, {\"name\": \"Personnes déficientes visuelles\", \"status\": \"non_accessible\"}, {\"name\": \"Personnes déficientes auditives\", \"status\": \"non_accessible\"}, {\"name\": \"Personnes déficientes mentales\", \"status\": \"undefined\"}, {\"name\": \"Accueil en langue des signes\", \"status\": \"non_accessible\"}], \"additional_info\": \"<p>PMR&nbsp;: chaise de mise à l’eau, vestiaires et douches.</p>\"}", "latitude": 48.848888, "longitude": 2.284871, "url": "https://www.paris.fr/lieux/piscine-rene-et-andre-mourlon-2938", "type_element": "Piscines", "__fid": 1639}}, {"type": "Feature", "geometry": {"type": "Point", "coordinates": [2.282485, 48.847721]}, "properties": {"id": 2936, "name": "Piscine Keller", "categorie": "Piscines", "photo_url": "https://cdn.paris.fr/eqpts-prod/2022/05/30/7c909c72d2c7da10bd102ac561598d68.jpeg", "photo_credit": null, "photo_alt": "Piscine de 50m dans l'ouest Parisien", "address_street": "14, rue de l'Ingénieur Robert-Keller", "address_postcode": "75015", "address_city": "PARIS", "phone": "0145718100", "accessibility": "{\"handicaps\": [{\"name\": \"Personnes à mobilité réduite\", \"status\": \"accessible\"}, {\"name\": \"Personnes déficientes visuelles\", \"status\": \"accessible\"}, {\"name\": \"Personnes déficientes auditives\", \"status\": \"accessible\"}, {\"name\": \"Personnes déficientes mentales\", \"status\": \"undefined\"}, {\"name\": \"Accueil en langue des signes\", \"status\": \"non_accessible\"}], \"additional_info\": \"<p>PMR&nbsp;: un monte-charge permettant l’accès à l’accueil, ascenseur pour rejoindre le bassin, <br>\\nchaise de mise à l’eau, vestiaires et douches.&nbsp;&nbsp;</p>\"}", "latitude": 48.847721, "longitude": 2.282485, "url": "https://www.paris.fr/lieux/piscine-keller-2936", "type_element": "Piscines", "__fid": 1657}}, {"type": "Feature", "properties": {"highway": "footway", "footway": "sidewalk", "name": null, "surface": "asphalt", "lit": "yes", "length_m": 129.94, "type_element": "Way", "__fid": 11564}, "geometry": {"type": "LineString", "coordinates": [[2.2825427, 48.8478546], [2.2810224, 48.8484537]]}}, {"type": "Feature", "properties": {"highway": "pedestrian", "footway": null, "name": "Allée des Cygnes", "surface": "concrete", "lit": "yes", "length_m": 692.86, "type_element": "Way", "__fid": 11610}, "geometry": {"type": "LineString", "coordinates": [[2.2810863, 48.8510028], [2.2828237, 48.8522357], [2.2875375, 48.85555270000001]]}}, {"type": "Feature", "properties": {"highway": "service", "footway": null, "name": "Port de Grenelle", "surface": null, "lit": null, "length_m": 103.85, "type_element": "Way", "__fid": 11675}, "geometry": {"type": "LineString", "coordinates": [[2.281225428174482, 48.849746354420354], [2.2813123, 48.8498066], [2.2816561, 48.8499423], [2.282142, 48.8502803], [2.2823165, 48.8503158]]}}, {"type": "Feature", "properties": {"highway": "service", "footway": null, "name": "Avenue du Président Kennedy", "surface": "asphalt", "lit": "yes", "length_m": 231.83, "type_element": "Way", "__fid": 11708}, "geometry": {"type": "LineString", "coordinates": [[2.2812325, 48.85292290000002], [2.2827065, 48.8537707], [2.283133, 48.8541166], [2.2834798, 48.8543796]]}}, {"type": "Feature", "properties": {"highway": "footway", "footway": "sidewalk", "name": null, "surface": null, "lit": null, "length_m": 48.52, "type_element": "Way", "__fid": 11717}, "geometry": {"type": "LineString", "coordinates": [[2.28188, 48.8479923], [2.281308856199457, 48.848212039015095]]}}, {"type": "Feature", "properties": {"highway": "footway", "footway": "sidewalk", "name": null, "surface": "asphalt", "lit": "yes", "length_m": 231.95, "type_element": "Way", "__fid": 11723}, "geometry": {"type": "LineString", "coordinates": [[2.2812691, 48.8528999], [2.2814897, 48.8530225], [2.2827443, 48.85376679999999], [2.2831607, 48.8540554], [2.2835342, 48.854349699999986]]}}, {"type": "Feature", "properties": {"highway": "footway", "footway": "sidewalk", "name": null, "surface": "paving_stones", "lit": "yes", "length_m": 48.02, "type_element": "Way", "__fid": 11725}, "geometry": {"type": "LineString", "coordinates": [[2.2813199, 48.8493131], [2.2814857, 48.8492097], [2.2815579, 48.8491795], [2.2818029, 48.8490232]]}}, {"type": "Feature", "properties": {"highway": "service", "footway": null, "name": "Port de Grenelle", "surface": "asphalt", "lit": null, "length_m": 100.58, "type_element": "Way", "__fid": 11752}, "geometry": {"type": "LineString", "coordinates": [[2.2813875, 48.8496509], [2.2817124, 48.8498721], [2.2823165, 48.8503158]]}}, {"type": "Feature", "properties": {"highway": "footway", "footway": null, "name": "Dalle Keller", "surface": "paved", "lit": "yes", "length_m": 78.16, "type_element": "Way", "__fid": 11777}, "geometry": {"type": "LineString", "coordinates": [[2.2822168, 48.8476921], [2.2818542, 48.84738450000002], [2.281483, 48.84757960000001]]}}, {"type": "Feature", "properties": {"highway": "footway", "footway": "sidewalk", "name": null, "surface": "asphalt", "lit": "yes", "length_m": 29.49, "type_element": "Way", "__fid": 11794}, "geometry": {"type": "LineString", "coordinates": [[2.281468, 48.8532206], [2.2817618, 48.8534015]]}}, {"type": "Feature", "properties": {"highway": "steps", "footway": null, "name": null, "surface": null, "lit": null, "length_m": 47.59, "type_element": "Way", "__fid": 11797}, "geometry": {"type": "LineString", "coordinates": [[2.2815367, 48.84883640000001], [2.2817202, 48.8487061], [2.2816755, 48.8486694], [2.2818406, 48.8485393], [2.281847, 48.8485063]]}}, {"type": "Feature", "properties": {"highway": "footway", "footway": "sidewalk", "name": null, "surface": "asphalt", "lit": "yes", "length_m": 26.84, "type_element": "Way", "__fid": 11805}, "geometry": {"type": "LineString", "coordinates": [[2.2815529, 48.848847], [2.2818029, 48.8490232]]}}, {"type": "Feature", "properties": {"highway": "service", "footway": null, "name": null, "surface": null, "lit": null, "length_m": 46.07, "type_element": "Way", "__fid": 11806}, "geometry": {"type": "LineString", "coordinates": [[2.2815529, 48.848847], [2.2819748, 48.8485402]]}}, {"type": "Feature", "properties": {"highway": "footway", "footway": "sidewalk", "name": null, "surface": null, "lit": "yes", "length_m": 195.05, "type_element": "Way", "__fid": 11839}, "geometry": {"type": "LineString", "coordinates": [[2.2834507, 48.8507896], [2.281951, 48.8497299], [2.2818473, 48.8497074], [2.2817058, 48.8495997], [2.2816012, 48.8495427]]}}, {"type": "Feature", "properties": {"highway": "footway", "footway": "sidewalk", "name": null, "surface": "asphalt", "lit": "yes", "length_m": 45.9, "type_element": "Way", "__fid": 11840}, "geometry": {"type": "LineString", "coordinates": [[2.2820593, 48.8492617], [2.2816012, 48.8495427]]}}, {"type": "Feature", "properties": {"highway": "pedestrian", "footway": null, "name": null, "surface": "asphalt", "lit": "yes", "length_m": 157.18, "type_element": "Way", "__fid": 11895}, "geometry": {"type": "LineString", "coordinates": [[2.2817999, 48.8464081], [2.2817786, 48.846627900000016], [2.2819952, 48.8468065], [2.2818935, 48.8468582], [2.2818698, 48.84698709999998], [2.2824056, 48.8474285], [2.2823954, 48.84748350000001], [2.2824876, 48.8475653], [2.2824932, 48.8475921]]}}, {"type": "Feature", "properties": {"highway": "footway", "footway": "sidewalk", "name": null, "surface": null, "lit": "yes", "length_m": 7.0, "type_element": "Way", "__fid": 11905}, "geometry": {"type": "LineString", "coordinates": [[2.2818029, 48.8490232], [2.2818982, 48.84902]]}}, {"type": "Feature", "properties": {"highway": "footway", "footway": null, "name": "Rampe Keller", "surface": "asphalt", "lit": "no", "length_m": 111.87, "type_element": "Way", "__fid": 11916}, "geometry": {"type": "LineString", "coordinates": [[2.28188, 48.8479923], [2.2818228, 48.84793370000002], [2.281489, 48.8481012], [2.2814619, 48.8480772], [2.2822168, 48.8476921]]}}, {"type": "Feature", "properties": {"highway": "footway", "footway": "sidewalk", "name": null, "surface": null, "lit": null, "length_m": 49.46, "type_element": "Way", "__fid": 11917}, "geometry": {"type": "LineString", "coordinates": [[2.282463, 48.847769100000015], [2.28188, 48.8479923]]}}, {"type": "Feature", "properties": {"highway": "footway", "footway": "traffic_island", "name": null, "surface": "asphalt", "lit": "yes", "length_m": 23.43, "type_element": "Way", "__fid": 11927}, "geometry": {"type": "LineString", "coordinates": [[2.2818982, 48.84902], [2.2821248, 48.8491684]]}}, {"type": "Feature", "properties": {"highway": "footway", "footway": "sidewalk", "name": null, "surface": "asphalt", "lit": "yes", "length_m": 72.11, "type_element": "Way", "__fid": 11928}, "geometry": {"type": "LineString", "coordinates": [[2.2818982, 48.84902], [2.282591203177313, 48.84856022577637]]}}, {"type": "Feature", "properties": {"highway": "pedestrian", "footway": null, "name": "Parvis Verseau", "surface": "paving_stones", "lit": "yes", "length_m": 16.3, "type_element": "Way", "__fid": 11936}, "geometry": {"type": "LineString", "coordinates": [[2.2819074, 48.8491547], [2.2820593, 48.8492617]]}}, {"type": "Feature", "properties": {"highway": "pedestrian", "footway": null, "name": "Parvis Verseau", "surface": "paving_stones", "lit": "yes", "length_m": 40.46, "type_element": "Way", "__fid": 11981}, "geometry": {"type": "LineString", "coordinates": [[2.2820593, 48.8492617], [2.2824311, 48.8495304]]}}, {"type": "Feature", "properties": {"highway": "footway", "footway": "sidewalk", "name": null, "surface": "asphalt", "lit": "yes", "length_m": 12.24, "type_element": "Way", "__fid": 11982}, "geometry": {"type": "LineString", "coordinates": [[2.2821248, 48.8491684], [2.2820871, 48.84919490000002], [2.2820866, 48.8492416], [2.2820593, 48.8492617]]}}, {"type": "Feature", "properties": {"highway": "footway", "footway": "sidewalk", "name": null, "surface": "asphalt", "lit": "yes", "length_m": 60.89, "type_element": "Way", "__fid": 12002}, "geometry": {"type": "LineString", "coordinates": [[2.282709549259847, 48.84877986399484], [2.2821248, 48.8491684]]}}, {"type": "Feature", "properties": {"highway": "footway", "footway": null, "name": "Dalle Keller", "surface": "concrete", "lit": "yes", "length_m": 27.32, "type_element": "Way", "__fid": 12016}, "geometry": {"type": "LineString", "coordinates": [[2.2822168, 48.8476921], [2.2823423, 48.8476603], [2.2824587, 48.8476013], [2.2825315, 48.84763740000001]]}}, {"type": "Feature", "properties": {"highway": "service", "footway": null, "name": "Port de Grenelle", "surface": null, "lit": null, "length_m": 94.98, "type_element": "Way", "__fid": 12052}, "geometry": {"type": "LineString", "coordinates": [[2.2823165, 48.8503158], [2.2831977, 48.8509415]]}}, {"type": "Feature", "properties": {"highway": "footway", "footway": null, "name": null, "surface": "wood", "lit": "yes", "length_m": 23.8, "type_element": "Way", "__fid": 12066}, "geometry": {"type": "LineString", "coordinates": [[2.282441699999786, 48.847602933333405], [2.2823594, 48.8475352], [2.2823841, 48.847522], [2.2824655, 48.8475916], [2.2824932, 48.8475921]]}}, {"type": "Feature", "properties": {"highway": "footway", "footway": null, "name": null, "surface": null, "lit": null, "length_m": 22.32, "type_element": "Way", "__fid": 12067}, "geometry": {"type": "LineString", "coordinates": [[2.2826131, 48.8495048], [2.2824194, 48.84935]]}}, {"type": "Feature", "properties": {"highway": "pedestrian", "footway": null, "name": "Parvis Verseau", "surface": "paving_stones", "lit": "yes", "length_m": 16.84, "type_element": "Way", "__fid": 12078}, "geometry": {"type": "LineString", "coordinates": [[2.2824311, 48.8495304], [2.2825858, 48.8496422]]}}, {"type": "Feature", "properties": {"highway": "footway", "footway": null, "name": "Promenade Gibran Khalil Gibran", "surface": "concrete", "lit": "yes", "length_m": 57.21, "type_element": "Way", "__fid": 12079}, "geometry": {"type": "LineString", "coordinates": [[2.2824311, 48.8495304], [2.2823717, 48.849723200000014], [2.2826973, 48.8498756], [2.2827625, 48.8498425]]}}, {"type": "Feature", "properties": {"highway": "footway", "footway": "crossing", "name": null, "surface": null, "lit": null, "length_m": 11.16, "type_element": "Way", "__fid": 12083}, "geometry": {"type": "LineString", "coordinates": [[2.2825427, 48.8478546], [2.282463, 48.847769100000015]]}}, {"type": "Feature", "properties": {"highway": "footway", "footway": "sidewalk", "name": null, "surface": "asphalt", "lit": null, "length_m": 13.97, "type_element": "Way", "__fid": 12084}, "geometry": {"type": "LineString", "coordinates": [[2.2826264, 48.8477047], [2.282463, 48.847769100000015]]}}, {"type": "Feature", "properties": {"highway": "pedestrian", "footway": null, "name": null, "surface": "asphalt", "lit": "yes", "length_m": 5.84, "type_element": "Way", "__fid": 12101}, "geometry": {"type": "LineString", "coordinates": [[2.2824932, 48.8475921], [2.282496, 48.847606], [2.282534308961303, 48.847634996177746]]}}, {"type": "Feature", "properties": {"highway": "footway", "footway": null, "name": null, "surface": "wood", "lit": null, "length_m": 1.59, "type_element": "Way", "__fid": 12121}, "geometry": {"type": "LineString", "coordinates": [[2.2825315, 48.84763740000001], [2.282548861474551, 48.847646011010625]]}}, {"type": "Feature", "properties": {"highway": "footway", "footway": null, "name": null, "surface": "concrete", "lit": "yes", "length_m": 0.34, "type_element": "Way", "__fid": 12122}, "geometry": {"type": "LineString", "coordinates": [[2.2825315, 48.84763740000001], [2.282534308961303, 48.847634996177746]]}}, {"type": "Feature", "properties": {"highway": "pedestrian", "footway": null, "name": null, "surface": "asphalt", "lit": "yes", "length_m": 1.63, "type_element": "Way", "__fid": 12123}, "geometry": {"type": "LineString", "coordinates": [[2.282534308961303, 48.847634996177746], [2.282548861474551, 48.847646011010625]]}}, {"type": "Feature", "properties": {"highway": "footway", "footway": null, "name": null, "surface": "concrete", "lit": "yes", "length_m": 0.91, "type_element": "Way", "__fid": 12124}, "geometry": {"type": "LineString", "coordinates": [[2.282534308961303, 48.847634996177746], [2.2825419, 48.8476285]]}}, {"type": "Feature", "properties": {"highway": "footway", "footway": "sidewalk", "name": null, "surface": "asphalt", "lit": "yes", "length_m": 20.32, "type_element": "Way", "__fid": 12129}, "geometry": {"type": "LineString", "coordinates": [[2.2825427, 48.8478546], [2.282780482665014, 48.84776089085573]]}}, {"type": "Feature", "properties": {"highway": "footway", "footway": null, "name": null, "surface": "wood", "lit": null, "length_m": 9.35, "type_element": "Way", "__fid": 12134}, "geometry": {"type": "LineString", "coordinates": [[2.282548861474551, 48.847646011010625], [2.282650729444638, 48.84769653576696]]}}, {"type": "Feature", "properties": {"highway": "pedestrian", "footway": null, "name": null, "surface": "asphalt", "lit": "yes", "length_m": 8.66, "type_element": "Way", "__fid": 12135}, "geometry": {"type": "LineString", "coordinates": [[2.282548861474551, 48.847646011010625], [2.2826264, 48.8477047]]}}, {"type": "Feature", "properties": {"highway": "service", "footway": null, "name": null, "surface": null, "lit": null, "length_m": 20.33, "type_element": "Way", "__fid": 12145}, "geometry": {"type": "LineString", "coordinates": [[2.2827158, 48.8476747], [2.2825602, 48.847523399999986]]}}, {"type": "Feature", "properties": {"highway": "footway", "footway": null, "name": null, "surface": null, "lit": null, "length_m": 4.07, "type_element": "Way", "__fid": 12149}, "geometry": {"type": "LineString", "coordinates": [[2.2825726, 48.84852570000001], [2.282591203177313, 48.84856022577637]]}}, {"type": "Feature", "properties": {"highway": "footway", "footway": null, "name": null, "surface": null, "lit": null, "length_m": 25.92, "type_element": "Way", "__fid": 12162}, "geometry": {"type": "LineString", "coordinates": [[2.282591203177313, 48.84856022577637], [2.282709549259847, 48.84877986399484]]}}, {"type": "Feature", "properties": {"highway": "footway", "footway": "sidewalk", "name": null, "surface": "asphalt", "lit": "yes", "length_m": 6.67, "type_element": "Way", "__fid": 12163}, "geometry": {"type": "LineString", "coordinates": [[2.282591203177313, 48.84856022577637], [2.2826553, 48.8485177]]}}, {"type": "Feature", "properties": {"highway": "pedestrian", "footway": null, "name": "Parvis Pégase", "surface": "paving_stones", "lit": "yes", "length_m": 21.48, "type_element": "Way", "__fid": 12168}, "geometry": {"type": "LineString", "coordinates": [[2.2825858, 48.8496422], [2.282792, 48.8497793]]}}, {"type": "Feature", "properties": {"highway": "pedestrian", "footway": null, "name": "Parvis Pégase", "surface": "paving_stones", "lit": "yes", "length_m": 6.68, "type_element": "Way", "__fid": 12169}, "geometry": {"type": "LineString", "coordinates": [[2.2826528, 48.8496015], [2.2825858, 48.8496422]]}}, {"type": "Feature", "properties": {"highway": "pedestrian", "footway": null, "name": null, "surface": "asphalt", "lit": "yes", "length_m": 6.53, "type_element": "Way", "__fid": 12173}, "geometry": {"type": "LineString", "coordinates": [[2.2826264, 48.8477047], [2.2826849, 48.847749]]}}, {"type": "Feature", "properties": {"highway": "footway", "footway": "sidewalk", "name": null, "surface": "asphalt", "lit": null, "length_m": 2.0, "type_element": "Way", "__fid": 12174}, "geometry": {"type": "LineString", "coordinates": [[2.282650729444638, 48.84769653576696], [2.2826264, 48.8477047]]}}, {"type": "Feature", "properties": {"highway": "footway", "footway": null, "name": null, "surface": null, "lit": null, "length_m": 47.98, "type_element": "Way", "__fid": 12180}, "geometry": {"type": "LineString", "coordinates": [[2.2826131, 48.8495048], [2.2830264, 48.849839199999984]]}}, {"type": "Feature", "properties": {"highway": "footway", "footway": null, "name": null, "surface": null, "lit": null, "length_m": 74.54, "type_element": "Way", "__fid": 12181}, "geometry": {"type": "LineString", "coordinates": [[2.2833987, 48.8490799], [2.2826131, 48.8495048]]}}, {"type": "Feature", "properties": {"highway": "footway", "footway": null, "name": null, "surface": "wood", "lit": null, "length_m": 11.91, "type_element": "Way", "__fid": 12190}, "geometry": {"type": "LineString", "coordinates": [[2.282650729444638, 48.84769653576696], [2.282780482665014, 48.84776089085573]]}}, {"type": "Feature", "properties": {"highway": "footway", "footway": "sidewalk", "name": null, "surface": "asphalt", "lit": null, "length_m": 5.36, "type_element": "Way", "__fid": 12191}, "geometry": {"type": "LineString", "coordinates": [[2.2827158, 48.8476747], [2.282650729444638, 48.84769653576696]]}}, {"type": "Feature", "properties": {"highway": "footway", "footway": "crossing", "name": null, "surface": null, "lit": "yes", "length_m": 23.37, "type_element": "Way", "__fid": 12194}, "geometry": {"type": "LineString", "coordinates": [[2.2826553, 48.8485177], [2.28288, 48.84866660000002]]}}, {"type": "Feature", "properties": {"highway": "footway", "footway": "sidewalk", "name": null, "surface": "asphalt", "lit": "yes", "length_m": 23.85, "type_element": "Way", "__fid": 12195}, "geometry": {"type": "LineString", "coordinates": [[2.2828844, 48.8483656], [2.2826553, 48.8485177]]}}, {"type": "Feature", "properties": {"highway": "service", "footway": null, "name": null, "surface": null, "lit": null, "length_m": 5.75, "type_element": "Way", "__fid": 12204}, "geometry": {"type": "LineString", "coordinates": [[2.2827597, 48.8477175], [2.2827158, 48.8476747]]}}, {"type": "Feature", "properties": {"highway": "footway", "footway": "sidewalk", "name": null, "surface": "asphalt", "lit": null, "length_m": 47.5, "type_element": "Way", "__fid": 12205}, "geometry": {"type": "LineString", "coordinates": [[2.2832768, 48.8474617], [2.2827158, 48.8476747]]}}, {"type": "Feature", "properties": {"highway": "footway", "footway": null, "name": null, "surface": null, "lit": null, "length_m": 2.68, "type_element": "Way", "__fid": 12214}, "geometry": {"type": "LineString", "coordinates": [[2.282709549259847, 48.84877986399484], [2.2827218, 48.8488026]]}}, {"type": "Feature", "properties": {"highway": "footway", "footway": "sidewalk", "name": null, "surface": "asphalt", "lit": "yes", "length_m": 17.75, "type_element": "Way", "__fid": 12215}, "geometry": {"type": "LineString", "coordinates": [[2.28288, 48.84866660000002], [2.282709549259847, 48.84877986399484]]}}, {"type": "Feature", "properties": {"highway": "footway", "footway": null, "name": null, "surface": "asphalt", "lit": "yes", "length_m": 80.97, "type_element": "Way", "__fid": 12233}, "geometry": {"type": "LineString", "coordinates": [[2.282780482665014, 48.84776089085573], [2.282805, 48.8477717], [2.2832389, 48.8476053], [2.283591380175662, 48.8479025898346]]}}, {"type": "Feature", "properties": {"highway": "footway", "footway": "sidewalk", "name": null, "surface": "asphalt", "lit": "yes", "length_m": 87.23, "type_element": "Way", "__fid": 12234}, "geometry": {"type": "LineString", "coordinates": [[2.282780482665014, 48.84776089085573], [2.283801, 48.8473587]]}}, {"type": "Feature", "properties": {"highway": "footway", "footway": "crossing", "name": null, "surface": null, "lit": "yes", "length_m": 11.81, "type_element": "Way", "__fid": 12238}, "geometry": {"type": "LineString", "coordinates": [[2.2827625, 48.8498425], [2.2828644, 48.84992469999999]]}}, {"type": "Feature", "properties": {"highway": "footway", "footway": "sidewalk", "name": null, "surface": null, "lit": "yes", "length_m": 8.22, "type_element": "Way", "__fid": 12239}, "geometry": {"type": "LineString", "coordinates": [[2.2827625, 48.8498425], [2.2827529, 48.8498071], [2.282792, 48.8497793]]}}, {"type": "Feature", "properties": {"highway": "pedestrian", "footway": null, "name": "Parvis Pégase", "surface": "paving_stones", "lit": "yes", "length_m": 10.13, "type_element": "Way", "__fid": 12247}, "geometry": {"type": "LineString", "coordinates": [[2.282792, 48.8497793], [2.2828893, 48.8498439]]}}, {"type": "Feature", "properties": {"highway": "footway", "footway": "crossing", "name": null, "surface": null, "lit": "yes", "length_m": 3.41, "type_element": "Way", "__fid": 12248}, "geometry": {"type": "LineString", "coordinates": [[2.282792, 48.8497793], [2.2828257, 48.8497582]]}}, {"type": "Feature", "properties": {"highway": "footway", "footway": "crossing", "name": null, "surface": "asphalt", "lit": "yes", "length_m": 23.74, "type_element": "Way", "__fid": 12269}, "geometry": {"type": "LineString", "coordinates": [[2.28288, 48.84866660000002], [2.2830227, 48.84857609999999], [2.2830963, 48.848508899999985]]}}, {"type": "Feature", "properties": {"highway": "footway", "footway": "crossing", "name": null, "surface": "asphalt", "lit": "yes", "length_m": 22.26, "type_element": "Way", "__fid": 12270}, "geometry": {"type": "LineString", "coordinates": [[2.2830963, 48.848508899999985], [2.2828844, 48.8483656]]}}, {"type": "Feature", "properties": {"highway": "footway", "footway": "sidewalk", "name": null, "surface": "asphalt", "lit": "yes", "length_m": 73.09, "type_element": "Way", "__fid": 12271}, "geometry": {"type": "LineString", "coordinates": [[2.2828844, 48.8483656], [2.283591380175662, 48.8479025898346]]}}, {"type": "Feature", "properties": {"highway": "footway", "footway": "sidewalk", "name": null, "surface": null, "lit": "yes", "length_m": 2.32, "type_element": "Way", "__fid": 12273}, "geometry": {"type": "LineString", "coordinates": [[2.2828644, 48.84992469999999], [2.2828859, 48.84994]]}}, {"type": "Feature", "properties": {"highway": "footway", "footway": null, "name": "Promenade Gibran Khalil Gibran", "surface": null, "lit": "yes", "length_m": 24.86, "type_element": "Way", "__fid": 12274}, "geometry": {"type": "LineString", "coordinates": [[2.2828644, 48.84992469999999], [2.282762, 48.8499771], [2.2829045, 48.8500782]]}}, {"type": "Feature", "properties": {"highway": "footway", "footway": "sidewalk", "name": null, "surface": null, "lit": "yes", "length_m": 105.35, "type_element": "Way", "__fid": 12279}, "geometry": {"type": "LineString", "coordinates": [[2.2828859, 48.84994], [2.2829815, 48.8500202], [2.2838614, 48.8506346]]}}, {"type": "Feature", "properties": {"highway": "footway", "footway": "crossing", "name": null, "surface": null, "lit": "yes", "length_m": 11.08, "type_element": "Way", "__fid": 12280}, "geometry": {"type": "LineString", "coordinates": [[2.2828859, 48.84994], [2.283000833333521, 48.84987533333341]]}}, {"type": "Feature", "properties": {"highway": "footway", "footway": null, "name": "Promenade Gibran Khalil Gibran", "surface": null, "lit": "yes", "length_m": 83.51, "type_element": "Way", "__fid": 12287}, "geometry": {"type": "LineString", "coordinates": [[2.2836371, 48.8506181], [2.2835332, 48.8505944], [2.2829085, 48.8501518], [2.2829045, 48.8500782]]}}, {"type": "Feature", "properties": {"highway": "footway", "footway": "sidewalk", "name": null, "surface": null, "lit": "yes", "length_m": 4.43, "type_element": "Way", "__fid": 12304}, "geometry": {"type": "LineString", "coordinates": [[2.283000833333521, 48.84987533333341], [2.2830264, 48.849839199999984]]}}, {"type": "Feature", "properties": {"highway": "footway", "footway": "sidewalk", "name": null, "surface": null, "lit": "yes", "length_m": 105.65, "type_element": "Way", "__fid": 12305}, "geometry": {"type": "LineString", "coordinates": [[2.283963733333376, 48.850575], [2.2830067, 48.849872], [2.283000833333521, 48.84987533333341]]}}, {"type": "Feature", "properties": {"highway": "footway", "footway": null, "name": null, "surface": null, "lit": null, "length_m": 48.42, "type_element": "Way", "__fid": 12310}, "geometry": {"type": "LineString", "coordinates": [[2.2830264, 48.849839199999984], [2.2830603, 48.849866599999984], [2.2830945, 48.8498481], [2.2834311, 48.8501186], [2.2834564, 48.850106]]}}, {"type": "Feature", "properties": {"highway": "footway", "footway": null, "name": null, "surface": null, "lit": "yes", "length_m": 40.94, "type_element": "Way", "__fid": 12315}, "geometry": {"type": "LineString", "coordinates": [[2.283409691775343, 48.84903756200326], [2.2830546, 48.8487536]]}}, {"type": "Feature", "properties": {"highway": "footway", "footway": "sidewalk", "name": null, "surface": "asphalt", "lit": "yes", "length_m": 66.3, "type_element": "Way", "__fid": 12318}, "geometry": {"type": "LineString", "coordinates": [[2.283738315782018, 48.84808935195001], [2.2830963, 48.848508899999985]]}}, {"type": "Feature", "properties": {"highway": "service", "footway": null, "name": "Voie S/15", "surface": null, "lit": null, "length_m": 18.85, "type_element": "Way", "__fid": 12333}, "geometry": {"type": "LineString", "coordinates": [[2.2832768, 48.8474617], [2.2831352, 48.8473203]]}}, {"type": "Feature", "properties": {"highway": "service", "footway": null, "name": "Port de Grenelle", "surface": null, "lit": null, "length_m": 82.07, "type_element": "Way", "__fid": 12371}, "geometry": {"type": "LineString", "coordinates": [[2.2831977, 48.8509415], [2.2839769, 48.851471]]}}, {"type": "Feature", "properties": {"highway": "footway", "footway": null, "name": null, "surface": "asphalt", "lit": null, "length_m": 38.84, "type_element": "Way", "__fid": 12372}, "geometry": {"type": "LineString", "coordinates": [[2.2831977, 48.8509415], [2.2832481, 48.8509105], [2.2831826, 48.8508633], [2.2832985, 48.850792], [2.2833627, 48.8508359], [2.2834507, 48.8507896]]}}, {"type": "Feature", "properties": {"highway": "service", "footway": null, "name": "Voie S/15", "surface": null, "lit": null, "length_m": 5.0, "type_element": "Way", "__fid": 12384}, "geometry": {"type": "LineString", "coordinates": [[2.2833144, 48.84749919999999], [2.2832768, 48.8474617]]}}, {"type": "Feature", "properties": {"highway": "footway", "footway": "sidewalk", "name": null, "surface": "asphalt", "lit": null, "length_m": 38.79, "type_element": "Way", "__fid": 12385}, "geometry": {"type": "LineString", "coordinates": [[2.2837313, 48.84728359999998], [2.2832768, 48.8474617]]}}, {"type": "Feature", "properties": {"highway": "footway", "footway": null, "name": null, "surface": null, "lit": null, "length_m": 46.73, "type_element": "Way", "__fid": 12409}, "geometry": {"type": "LineString", "coordinates": [[2.2837838, 48.8493655], [2.283283, 48.8496251]]}}, {"type": "Feature", "properties": {"highway": "footway", "footway": null, "name": null, "surface": null, "lit": null, "length_m": 3.08, "type_element": "Way", "__fid": 12425}, "geometry": {"type": "LineString", "coordinates": [[2.283372170954403, 48.84905848539221], [2.2833987, 48.8490799]]}}, {"type": "Feature", "properties": {"highway": "footway", "footway": null, "name": null, "surface": null, "lit": null, "length_m": 48.82, "type_element": "Way", "__fid": 12426}, "geometry": {"type": "LineString", "coordinates": [[2.283372170954403, 48.84905848539221], [2.283319, 48.849088], [2.2831534, 48.8489544], [2.2832047, 48.84892329999999], [2.283372170954403, 48.84905848539221]]}}, {"type": "Feature", "properties": {"highway": "footway", "footway": null, "name": null, "surface": null, "lit": null, "length_m": 3.6, "type_element": "Way", "__fid": 12427}, "geometry": {"type": "LineString", "coordinates": [[2.283409691775343, 48.84903756200326], [2.283372170954403, 48.84905848539221]]}}, {"type": "Feature", "properties": {"highway": "footway", "footway": null, "name": null, "surface": null, "lit": null, "length_m": 24.64, "type_element": "Way", "__fid": 12428}, "geometry": {"type": "LineString", "coordinates": [[2.2835934, 48.84901859999999], [2.2833848, 48.848845]]}}, {"type": "Feature", "properties": {"highway": "footway", "footway": null, "name": null, "surface": null, "lit": null, "length_m": 3.62, "type_element": "Way", "__fid": 12438}, "geometry": {"type": "LineString", "coordinates": [[2.2833987, 48.8490799], [2.2834365, 48.849059]]}}, {"type": "Feature", "properties": {"highway": "footway", "footway": null, "name": null, "surface": null, "lit": "yes", "length_m": 3.09, "type_element": "Way", "__fid": 12441}, "geometry": {"type": "LineString", "coordinates": [[2.2834365, 48.849059], [2.283409691775343, 48.84903756200326]]}}, {"type": "Feature", "properties": {"highway": "footway", "footway": null, "name": null, "surface": null, "lit": null, "length_m": 5.06, "type_element": "Way", "__fid": 12442}, "geometry": {"type": "LineString", "coordinates": [[2.2834629, 48.8490086], [2.283409691775343, 48.84903756200326]]}}, {"type": "Feature", "properties": {"highway": "footway", "footway": null, "name": null, "surface": null, "lit": "yes", "length_m": 32.79, "type_element": "Way", "__fid": 12456}, "geometry": {"type": "LineString", "coordinates": [[2.2837195, 48.84928720000001], [2.2834365, 48.849059]]}}, {"type": "Feature", "properties": {"highway": "footway", "footway": null, "name": null, "surface": null, "lit": null, "length_m": 12.36, "type_element": "Way", "__fid": 12457}, "geometry": {"type": "LineString", "coordinates": [[2.2835934, 48.84901859999999], [2.2834365, 48.849059]]}}, {"type": "Feature", "properties": {"highway": "footway", "footway": null, "name": null, "surface": null, "lit": null, "length_m": 65.58, "type_element": "Way", "__fid": 12467}, "geometry": {"type": "LineString", "coordinates": [[2.2834564, 48.850106], [2.2840081, 48.85057]]}}, {"type": "Feature", "properties": {"highway": "footway", "footway": null, "name": null, "surface": null, "lit": null, "length_m": 61.71, "type_element": "Way", "__fid": 12468}, "geometry": {"type": "LineString", "coordinates": [[2.2842382, 48.8499016], [2.2834564, 48.850106]]}}, {"type": "Feature", "properties": {"highway": "footway", "footway": null, "name": null, "surface": null, "lit": null, "length_m": 6.5, "type_element": "Way", "__fid": 12471}, "geometry": {"type": "LineString", "coordinates": [[2.2835116, 48.8508321], [2.2834507, 48.8507896]]}}, {"type": "Feature", "properties": {"highway": "footway", "footway": "sidewalk", "name": null, "surface": null, "lit": null, "length_m": 172.51, "type_element": "Way", "__fid": 12490}, "geometry": {"type": "LineString", "coordinates": [[2.285116, 48.851966], [2.2835116, 48.8508321]]}}, {"type": "Feature", "properties": {"highway": "footway", "footway": "crossing", "name": null, "surface": "asphalt", "lit": null, "length_m": 22.44, "type_element": "Way", "__fid": 12491}, "geometry": {"type": "LineString", "coordinates": [[2.2837448, 48.850701500000014], [2.2835116, 48.8508321]]}}, {"type": "Feature", "properties": {"highway": "footway", "footway": null, "name": null, "surface": "asphalt", "lit": "yes", "length_m": 14.88, "type_element": "Way", "__fid": 12510}, "geometry": {"type": "LineString", "coordinates": [[2.283591380175662, 48.8479025898346], [2.2836958, 48.8480173]]}}, {"type": "Feature", "properties": {"highway": "footway", "footway": "sidewalk", "name": null, "surface": "asphalt", "lit": "yes", "length_m": 32.79, "type_element": "Way", "__fid": 12511}, "geometry": {"type": "LineString", "coordinates": [[2.283591380175662, 48.8479025898346], [2.2839085, 48.8476949]]}}, {"type": "Feature", "properties": {"highway": "footway", "footway": null, "name": null, "surface": null, "lit": null, "length_m": 17.01, "type_element": "Way", "__fid": 12516}, "geometry": {"type": "LineString", "coordinates": [[2.2838094, 48.848963], [2.2835934, 48.84901859999999]]}}, {"type": "Feature", "properties": {"highway": "footway", "footway": null, "name": "Promenade Gibran Khalil Gibran", "surface": null, "lit": "yes", "length_m": 12.18, "type_element": "Way", "__fid": 12551}, "geometry": {"type": "LineString", "coordinates": [[2.2836371, 48.8506181], [2.2837448, 48.850701500000014]]}}, {"type": "Feature", "properties": {"highway": "steps", "footway": null, "name": null, "surface": "asphalt", "lit": "yes", "length_m": 7.91, "type_element": "Way", "__fid": 12561}, "geometry": {"type": "LineString", "coordinates": [[2.2836958, 48.8480173], [2.283765843700386, 48.84807136262095]]}}, {"type": "Feature", "properties": {"highway": "footway", "footway": null, "name": null, "surface": "asphalt", "lit": "yes", "length_m": 8.86, "type_element": "Way", "__fid": 12562}, "geometry": {"type": "LineString", "coordinates": [[2.2836958, 48.8480173], [2.283695, 48.8480398], [2.283738315782018, 48.84808935195001]]}}, {"type": "Feature", "properties": {"highway": "footway", "footway": "crossing", "name": null, "surface": "asphalt", "lit": "yes", "length_m": 9.79, "type_element": "Way", "__fid": 12569}, "geometry": {"type": "LineString", "coordinates": [[2.283801, 48.8473587], [2.2837313, 48.84728359999998]]}}, {"type": "Feature", "properties": {"highway": "footway", "footway": null, "name": null, "surface": null, "lit": "yes", "length_m": 9.9, "type_element": "Way", "__fid": 12582}, "geometry": {"type": "LineString", "coordinates": [[2.2837838, 48.8493655], [2.2837195, 48.84928720000001]]}}, {"type": "Feature", "properties": {"highway": "footway", "footway": null, "name": null, "surface": null, "lit": null, "length_m": 19.91, "type_element": "Way", "__fid": 12583}, "geometry": {"type": "LineString", "coordinates": [[2.2837195, 48.84928720000001], [2.2839275, 48.8491722]]}}, {"type": "Feature", "properties": {"highway": "footway", "footway": null, "name": null, "surface": "asphalt", "lit": "yes", "length_m": 4.96, "type_element": "Way", "__fid": 12584}, "geometry": {"type": "LineString", "coordinates": [[2.283738315782018, 48.84808935195001], [2.2837721, 48.848128]]}}, {"type": "Feature", "properties": {"highway": "footway", "footway": "sidewalk", "name": null, "surface": "asphalt", "lit": "yes", "length_m": 2.84, "type_element": "Way", "__fid": 12585}, "geometry": {"type": "LineString", "coordinates": [[2.283765843700386, 48.84807136262095], [2.283738315782018, 48.84808935195001]]}}, {"type": "Feature", "properties": {"highway": "steps", "footway": null, "name": null, "surface": "asphalt", "lit": "yes", "length_m": 5.4, "type_element": "Way", "__fid": 12598}, "geometry": {"type": "LineString", "coordinates": [[2.283765843700386, 48.84807136262095], [2.2838137, 48.8481083]]}}, {"type": "Feature", "properties": {"highway": "footway", "footway": "sidewalk", "name": null, "surface": "asphalt", "lit": "yes", "length_m": 36.93, "type_element": "Way", "__fid": 12599}, "geometry": {"type": "LineString", "coordinates": [[2.2841234, 48.84783770000002], [2.283765843700386, 48.84807136262095]]}}, {"type": "Feature", "properties": {"highway": "footway", "footway": null, "name": null, "surface": null, "lit": null, "length_m": 103.06, "type_element": "Way", "__fid": 12606}, "geometry": {"type": "LineString", "coordinates": [[2.2837721, 48.848128], [2.2832923, 48.8483923], [2.2837916, 48.848787299999984]]}}, {"type": "Feature", "properties": {"highway": "footway", "footway": null, "name": null, "surface": null, "lit": null, "length_m": 3.76, "type_element": "Way", "__fid": 12607}, "geometry": {"type": "LineString", "coordinates": [[2.2838137, 48.8481083], [2.2837721, 48.848128]]}}, {"type": "Feature", "properties": {"highway": "footway", "footway": "sidewalk", "name": null, "surface": "asphalt", "lit": null, "length_m": 11.34, "type_element": "Way", "__fid": 12610}, "geometry": {"type": "LineString", "coordinates": [[2.2838614, 48.8506346], [2.2837448, 48.850701500000014]]}}, {"type": "Feature", "properties": {"highway": "footway", "footway": "sidewalk", "name": null, "surface": "asphalt", "lit": "yes", "length_m": 32.91, "type_element": "Way", "__fid": 12618}, "geometry": {"type": "LineString", "coordinates": [[2.2840013, 48.84762350000001], [2.283801, 48.8473587]]}}, {"type": "Feature", "properties": {"highway": "footway", "footway": "crossing", "name": null, "surface": "asphalt", "lit": "yes", "length_m": 11.75, "type_element": "Way", "__fid": 12619}, "geometry": {"type": "LineString", "coordinates": [[2.283801, 48.8473587], [2.2838615, 48.8473505], [2.2839477, 48.8473192]]}}, {"type": "Feature", "properties": {"highway": "footway", "footway": null, "name": null, "surface": null, "lit": null, "length_m": 19.58, "type_element": "Way", "__fid": 12627}, "geometry": {"type": "LineString", "coordinates": [[2.2838094, 48.848963], [2.2837916, 48.848787299999984]]}}, {"type": "Feature", "properties": {"highway": "footway", "footway": null, "name": null, "surface": null, "lit": null, "length_m": 38.59, "type_element": "Way", "__fid": 12628}, "geometry": {"type": "LineString", "coordinates": [[2.2837916, 48.848787299999984], [2.2842109, 48.8485778]]}}, {"type": "Feature", "properties": {"highway": "footway", "footway": null, "name": null, "surface": null, "lit": "yes", "length_m": 7.25, "type_element": "Way", "__fid": 12629}, "geometry": {"type": "LineString", "coordinates": [[2.2838342, 48.849421600000014], [2.2837838, 48.8493655]]}}, {"type": "Feature", "properties": {"highway": "footway", "footway": null, "name": null, "surface": null, "lit": "yes", "length_m": 53.68, "type_element": "Way", "__fid": 12635}, "geometry": {"type": "LineString", "coordinates": [[2.2838137, 48.8481083], [2.284003, 48.848012599999976], [2.2843135, 48.84826540000002]]}}, {"type": "Feature", "properties": {"highway": "footway", "footway": null, "name": null, "surface": null, "lit": null, "length_m": 24.82, "type_element": "Way", "__fid": 12638}, "geometry": {"type": "LineString", "coordinates": [[2.2838094, 48.848963], [2.2839275, 48.8491722]]}}, {"type": "Feature", "properties": {"highway": "footway", "footway": null, "name": null, "surface": null, "lit": "yes", "length_m": 47.1, "type_element": "Way", "__fid": 12654}, "geometry": {"type": "LineString", "coordinates": [[2.2842301, 48.849755], [2.2838342, 48.849421600000014]]}}, {"type": "Feature", "properties": {"highway": "footway", "footway": null, "name": null, "surface": "asphalt", "lit": null, "length_m": 12.69, "type_element": "Way", "__fid": 12655}, "geometry": {"type": "LineString", "coordinates": [[2.2838342, 48.849421600000014], [2.2839689, 48.8493501]]}}, {"type": "Feature", "properties": {"highway": "footway", "footway": "crossing", "name": null, "surface": "asphalt", "lit": null, "length_m": 17.52, "type_element": "Way", "__fid": 12680}, "geometry": {"type": "LineString", "coordinates": [[2.2838614, 48.8506346], [2.2840229, 48.850750699999985]]}}, {"type": "Feature", "properties": {"highway": "footway", "footway": "crossing", "name": null, "surface": "asphalt", "lit": "yes", "length_m": 10.02, "type_element": "Way", "__fid": 12681}, "geometry": {"type": "LineString", "coordinates": [[2.2838614, 48.8506346], [2.283963733333376, 48.850575]]}}, {"type": "Feature", "properties": {"highway": "footway", "footway": "crossing", "name": null, "surface": "asphalt", "lit": "yes", "length_m": 22.38, "type_element": "Way", "__fid": 12682}, "geometry": {"type": "LineString", "coordinates": [[2.2841234, 48.84783770000002], [2.2839085, 48.8476949]]}}, {"type": "Feature", "properties": {"highway": "footway", "footway": "sidewalk", "name": null, "surface": "asphalt", "lit": "yes", "length_m": 10.46, "type_element": "Way", "__fid": 12683}, "geometry": {"type": "LineString", "coordinates": [[2.2839085, 48.8476949], [2.2840013, 48.84762350000001]]}}, {"type": "Feature", "properties": {"highway": "footway", "footway": "sidewalk", "name": null, "surface": "asphalt", "lit": null, "length_m": 26.99, "type_element": "Way", "__fid": 12698}, "geometry": {"type": "LineString", "coordinates": [[2.2839477, 48.8473192], [2.2840761, 48.847472899999985], [2.2841418, 48.8475242]]}}, {"type": "Feature", "properties": {"highway": "footway", "footway": null, "name": null, "surface": null, "lit": null, "length_m": 18.47, "type_element": "Way", "__fid": 12700}, "geometry": {"type": "LineString", "coordinates": [[2.2839275, 48.8491722], [2.2840071, 48.8493298]]}}, {"type": "Feature", "properties": {"highway": "footway", "footway": null, "name": null, "surface": null, "lit": null, "length_m": 59.14, "type_element": "Way", "__fid": 12701}, "geometry": {"type": "LineString", "coordinates": [[2.2839275, 48.8491722], [2.2845452, 48.84883060000002]]}}, {"type": "Feature", "properties": {"highway": "footway", "footway": "sidewalk", "name": null, "surface": null, "lit": "yes", "length_m": 66.13, "type_element": "Way", "__fid": 12730}, "geometry": {"type": "LineString", "coordinates": [[2.2845463, 48.8497968], [2.2841892, 48.8495071], [2.2841576, 48.8495071], [2.2839689, 48.8493501]]}}, {"type": "Feature", "properties": {"highway": "footway", "footway": null, "name": null, "surface": "asphalt", "lit": null, "length_m": 3.6, "type_element": "Way", "__fid": 12731}, "geometry": {"type": "LineString", "coordinates": [[2.2839689, 48.8493501], [2.2840071, 48.8493298]]}}, {"type": "Feature", "properties": {"highway": "footway", "footway": "crossing", "name": null, "surface": "asphalt", "lit": "yes", "length_m": 15.11, "type_element": "Way", "__fid": 12732}, "geometry": {"type": "LineString", "coordinates": [[2.2840013, 48.84762350000001], [2.2841418, 48.8475242]]}}, {"type": "Feature", "properties": {"highway": "footway", "footway": "sidewalk", "name": null, "surface": "asphalt", "lit": null, "length_m": 3.3, "type_element": "Way", "__fid": 12735}, "geometry": {"type": "LineString", "coordinates": [[2.2840081, 48.85057], [2.283963733333376, 48.850575]]}}, {"type": "Feature", "properties": {"highway": "service", "footway": null, "name": null, "surface": null, "lit": null, "length_m": 82.47, "type_element": "Way", "__fid": 12740}, "geometry": {"type": "LineString", "coordinates": [[2.2839769, 48.851471], [2.284740228823861, 48.85201541041693]]}}, {"type": "Feature", "properties": {"highway": "service", "footway": null, "name": "Port de Grenelle", "surface": null, "lit": null, "length_m": 103.62, "type_element": "Way", "__fid": 12741}, "geometry": {"type": "LineString", "coordinates": [[2.2839769, 48.851471], [2.2840396, 48.8516373], [2.2846213, 48.8520613], [2.2847197, 48.8522383]]}}, {"type": "Feature", "properties": {"highway": "footway", "footway": null, "name": null, "surface": "asphalt", "lit": null, "length_m": 64.31, "type_element": "Way", "__fid": 12742}, "geometry": {"type": "LineString", "coordinates": [[2.2840071, 48.8493298], [2.2846897, 48.84896710000001]]}}, {"type": "Feature", "properties": {"highway": "footway", "footway": null, "name": null, "surface": null, "lit": null, "length_m": 16.96, "type_element": "Way", "__fid": 12751}, "geometry": {"type": "LineString", "coordinates": [[2.2840081, 48.85057], [2.284150704661893, 48.85069000178668]]}}, {"type": "Feature", "properties": {"highway": "footway", "footway": "sidewalk", "name": null, "surface": null, "lit": "yes", "length_m": 54.09, "type_element": "Way", "__fid": 12763}, "geometry": {"type": "LineString", "coordinates": [[2.2840229, 48.850750699999985], [2.2841418, 48.8508201], [2.284527200000136, 48.85110473333338]]}}, {"type": "Feature", "properties": {"highway": "footway", "footway": "crossing", "name": null, "surface": "asphalt", "lit": "yes", "length_m": 11.55, "type_element": "Way", "__fid": 12764}, "geometry": {"type": "LineString", "coordinates": [[2.2840229, 48.850750699999985], [2.284150704661893, 48.85069000178668]]}}, {"type": "Feature", "properties": {"highway": "footway", "footway": "sidewalk", "name": null, "surface": "asphalt", "lit": "yes", "length_m": 43.28, "type_element": "Way", "__fid": 12786}, "geometry": {"type": "LineString", "coordinates": [[2.2844779, 48.8481488], [2.2841234, 48.84783770000002]]}}, {"type": "Feature", "properties": {"highway": "footway", "footway": "crossing", "name": null, "surface": "asphalt", "lit": "yes", "length_m": 16.32, "type_element": "Way", "__fid": 12787}, "geometry": {"type": "LineString", "coordinates": [[2.2842913, 48.84774139999998], [2.2841234, 48.84783770000002]]}}, {"type": "Feature", "properties": {"highway": "footway", "footway": "crossing", "name": null, "surface": "asphalt", "lit": "yes", "length_m": 22.96, "type_element": "Way", "__fid": 12796}, "geometry": {"type": "LineString", "coordinates": [[2.2841418, 48.8475242], [2.2843593, 48.84767260000001]]}}, {"type": "Feature", "properties": {"highway": "footway", "footway": "sidewalk", "name": null, "surface": "asphalt", "lit": "yes", "length_m": 125.31, "type_element": "Way", "__fid": 12797}, "geometry": {"type": "LineString", "coordinates": [[2.2841418, 48.8475242], [2.2853941, 48.8467581]]}}, {"type": "Feature", "properties": {"highway": "footway", "footway": null, "name": null, "surface": null, "lit": null, "length_m": 11.69, "type_element": "Way", "__fid": 12812}, "geometry": {"type": "LineString", "coordinates": [[2.284150704661893, 48.85069000178668], [2.2842163, 48.8507452], [2.2842577, 48.8507233]]}}, {"type": "Feature", "properties": {"highway": "footway", "footway": null, "name": null, "surface": null, "lit": null, "length_m": 37.31, "type_element": "Way", "__fid": 12826}, "geometry": {"type": "LineString", "coordinates": [[2.2845452, 48.84883060000002], [2.2842109, 48.8485778]]}}, {"type": "Feature", "properties": {"highway": "footway", "footway": null, "name": null, "surface": null, "lit": null, "length_m": 50.66, "type_element": "Way", "__fid": 12827}, "geometry": {"type": "LineString", "coordinates": [[2.2842109, 48.8485778], [2.2840126, 48.8484277], [2.2843135, 48.84826540000002]]}}, {"type": "Feature", "properties": {"highway": "footway", "footway": null, "name": null, "surface": null, "lit": "yes", "length_m": 15.8, "type_element": "Way", "__fid": 12842}, "geometry": {"type": "LineString", "coordinates": [[2.2843629, 48.8498668], [2.2842301, 48.849755]]}}, {"type": "Feature", "properties": {"highway": "footway", "footway": null, "name": null, "surface": null, "lit": null, "length_m": 16.31, "type_element": "Way", "__fid": 12843}, "geometry": {"type": "LineString", "coordinates": [[2.2842301, 48.849755], [2.2842382, 48.8499016]]}}, {"type": "Feature", "properties": {"highway": "footway", "footway": null, "name": null, "surface": null, "lit": null, "length_m": 108.36, "type_element": "Way", "__fid": 12848}, "geometry": {"type": "LineString", "coordinates": [[2.2842382, 48.8499016], [2.2842808, 48.8502156], [2.2846393, 48.8505209], [2.2843169, 48.850691900000015]]}}, {"type": "Feature", "properties": {"highway": "footway", "footway": null, "name": null, "surface": null, "lit": null, "length_m": 9.94, "type_element": "Way", "__fid": 12849}, "geometry": {"type": "LineString", "coordinates": [[2.2843629, 48.8498668], [2.2842382, 48.8499016]]}}, {"type": "Feature", "properties": {"highway": "footway", "footway": "sidewalk", "name": null, "surface": "asphalt", "lit": null, "length_m": 30.12, "type_element": "Way", "__fid": 12857}, "geometry": {"type": "LineString", "coordinates": [[2.2842913, 48.84774139999998], [2.2845351, 48.8479593]]}}, {"type": "Feature", "properties": {"highway": "footway", "footway": "sidewalk", "name": null, "surface": "asphalt", "lit": "yes", "length_m": 9.13, "type_element": "Way", "__fid": 12858}, "geometry": {"type": "LineString", "coordinates": [[2.2842913, 48.84774139999998], [2.2843593, 48.84767260000001]]}}, {"type": "Feature", "properties": {"highway": "steps", "footway": null, "name": null, "surface": null, "lit": null, "length_m": 21.73, "type_element": "Way", "__fid": 12860}, "geometry": {"type": "LineString", "coordinates": [[2.2842577, 48.8507233], [2.2844187, 48.8508443], [2.2844592, 48.8508659]]}}, {"type": "Feature", "properties": {"highway": "footway", "footway": null, "name": null, "surface": null, "lit": null, "length_m": 2.52, "type_element": "Way", "__fid": 12861}, "geometry": {"type": "LineString", "coordinates": [[2.2842577, 48.8507233], [2.2842844, 48.85070910000001]]}}, {"type": "Feature", "properties": {"highway": "footway", "footway": null, "name": null, "surface": null, "lit": null, "length_m": 13.72, "type_element": "Way", "__fid": 12865}, "geometry": {"type": "LineString", "coordinates": [[2.2843135, 48.84826540000002], [2.2844333, 48.8482008], [2.28441476485338, 48.84818337827598]]}}, {"type": "Feature", "properties": {"highway": "steps", "footway": null, "name": null, "surface": null, "lit": null, "length_m": 21.81, "type_element": "Way", "__fid": 12866}, "geometry": {"type": "LineString", "coordinates": [[2.2842844, 48.85070910000001], [2.2844432, 48.8508366], [2.2844592, 48.8508659]]}}, {"type": "Feature", "properties": {"highway": "footway", "footway": null, "name": null, "surface": null, "lit": null, "length_m": 3.06, "type_element": "Way", "__fid": 12867}, "geometry": {"type": "LineString", "coordinates": [[2.2842844, 48.85070910000001], [2.2843169, 48.850691900000015]]}}, {"type": "Feature", "properties": {"highway": "footway", "footway": null, "name": null, "surface": null, "lit": null, "length_m": 73.77, "type_element": "Way", "__fid": 12872}, "geometry": {"type": "LineString", "coordinates": [[2.2843169, 48.850691900000015], [2.2845284, 48.8508658], [2.2846241, 48.8508143], [2.2847841, 48.8509472], [2.2849705, 48.8508485], [2.2850001, 48.8508732]]}}, {"type": "Feature", "properties": {"highway": "footway", "footway": "sidewalk", "name": null, "surface": "asphalt", "lit": "yes", "length_m": 123.86, "type_element": "Way", "__fid": 12873}, "geometry": {"type": "LineString", "coordinates": [[2.2856102, 48.8469269], [2.2853303, 48.8470634], [2.2843593, 48.84767260000001]]}}, {"type": "Feature", "properties": {"highway": "footway", "footway": null, "name": null, "surface": null, "lit": null, "length_m": 47.37, "type_element": "Way", "__fid": 12881}, "geometry": {"type": "LineString", "coordinates": [[2.2847844, 48.850189], [2.2845351, 48.8500118], [2.2843629, 48.8498668]]}}, {"type": "Feature", "properties": {"highway": "footway", "footway": null, "name": null, "surface": null, "lit": null, "length_m": 15.55, "type_element": "Way", "__fid": 12882}, "geometry": {"type": "LineString", "coordinates": [[2.2845463, 48.8497968], [2.2843629, 48.8498668]]}}, {"type": "Feature", "properties": {"highway": "footway", "footway": null, "name": null, "surface": null, "lit": null, "length_m": 30.95, "type_element": "Way", "__fid": 12894}, "geometry": {"type": "LineString", "coordinates": [[2.28441476485338, 48.84818337827598], [2.2843539, 48.848127], [2.2842699, 48.84817389999998], [2.2843353, 48.8482269], [2.28441476485338, 48.84818337827598]]}}, {"type": "Feature", "properties": {"highway": "footway", "footway": null, "name": null, "surface": null, "lit": "yes", "length_m": 6.02, "type_element": "Way", "__fid": 12895}, "geometry": {"type": "LineString", "coordinates": [[2.28441476485338, 48.84818337827598], [2.2844779, 48.8481488]]}}, {"type": "Feature", "properties": {"highway": "footway", "footway": "sidewalk", "name": null, "surface": "asphalt", "lit": "yes", "length_m": 64.03, "type_element": "Way", "__fid": 12919}, "geometry": {"type": "LineString", "coordinates": [[2.2849832, 48.84861830000001], [2.2844779, 48.8481488]]}}, {"type": "Feature", "properties": {"highway": "footway", "footway": "crossing", "name": null, "surface": "asphalt", "lit": "yes", "length_m": 15.48, "type_element": "Way", "__fid": 12920}, "geometry": {"type": "LineString", "coordinates": [[2.2844779, 48.8481488], [2.2846468, 48.84806540000002]]}}, {"type": "Feature", "properties": {"highway": "footway", "footway": null, "name": null, "surface": "asphalt", "lit": null, "length_m": 8.33, "type_element": "Way", "__fid": 12924}, "geometry": {"type": "LineString", "coordinates": [[2.2844592, 48.8508659], [2.2845479, 48.8509037], [2.284545633333443, 48.850908700000026]]}}, {"type": "Feature", "properties": {"highway": "footway", "footway": "crossing", "name": null, "surface": "asphalt", "lit": "yes", "length_m": 9.26, "type_element": "Way", "__fid": 12940}, "geometry": {"type": "LineString", "coordinates": [[2.2845351, 48.8479593], [2.284607033333151, 48.84802773333338]]}}, {"type": "Feature", "properties": {"highway": "footway", "footway": "sidewalk", "name": null, "surface": null, "lit": "yes", "length_m": 130.49, "type_element": "Way", "__fid": 12941}, "geometry": {"type": "LineString", "coordinates": [[2.2860811, 48.84737950000001], [2.2845351, 48.8479593]]}}, {"type": "Feature", "properties": {"highway": "footway", "footway": null, "name": null, "surface": null, "lit": null, "length_m": 18.52, "type_element": "Way", "__fid": 12954}, "geometry": {"type": "LineString", "coordinates": [[2.2845452, 48.84883060000002], [2.2846897, 48.84896710000001]]}}, {"type": "Feature", "properties": {"highway": "footway", "footway": "sidewalk", "name": null, "surface": null, "lit": "yes", "length_m": 78.16, "type_element": "Way", "__fid": 12958}, "geometry": {"type": "LineString", "coordinates": [[2.284527200000136, 48.85110473333338], [2.2852045, 48.8516472]]}}, {"type": "Feature", "properties": {"highway": "footway", "footway": "crossing", "name": null, "surface": null, "lit": "yes", "length_m": 9.42, "type_element": "Way", "__fid": 12959}, "geometry": {"type": "LineString", "coordinates": [[2.284527200000136, 48.85110473333338], [2.2846162, 48.8510437]]}}, {"type": "Feature", "properties": {"highway": "footway", "footway": "sidewalk", "name": null, "surface": null, "lit": "yes", "length_m": 40.87, "type_element": "Way", "__fid": 12960}, "geometry": {"type": "LineString", "coordinates": [[2.2849008, 48.8500803], [2.2845463, 48.8497968]]}}, {"type": "Feature", "properties": {"highway": "footway", "footway": null, "name": null, "surface": null, "lit": null, "length_m": 34.94, "type_element": "Way", "__fid": 12961}, "geometry": {"type": "LineString", "coordinates": [[2.2848959, 48.84975330000001], [2.2848527, 48.8497738], [2.2847458, 48.84969], [2.2845463, 48.8497968]]}}, {"type": "Feature", "properties": {"highway": "footway", "footway": "sidewalk", "name": null, "surface": "asphalt", "lit": null, "length_m": 32.62, "type_element": "Way", "__fid": 12966}, "geometry": {"type": "LineString", "coordinates": [[2.2849784, 48.8509314], [2.2847609, 48.8509516], [2.284545633333443, 48.850908700000026]]}}, {"type": "Feature", "properties": {"highway": "footway", "footway": "traffic_island", "name": null, "surface": null, "lit": null, "length_m": 18.39, "type_element": "Way", "__fid": 12967}, "geometry": {"type": "LineString", "coordinates": [[2.284545633333443, 48.850908700000026], [2.2845102, 48.8509595], [2.2846162, 48.8510437]]}}, {"type": "Feature", "properties": {"highway": "footway", "footway": "sidewalk", "name": null, "surface": "asphalt", "lit": "yes", "length_m": 5.1, "type_element": "Way", "__fid": 12981}, "geometry": {"type": "LineString", "coordinates": [[2.2846468, 48.84806540000002], [2.284607033333151, 48.84802773333338]]}}, {"type": "Feature", "properties": {"highway": "footway", "footway": "sidewalk", "name": null, "surface": "asphalt", "lit": "yes", "length_m": 129.57, "type_element": "Way", "__fid": 12982}, "geometry": {"type": "LineString", "coordinates": [[2.2861454, 48.8474559], [2.284607033333151, 48.84802773333338]]}}, {"type": "Feature", "properties": {"highway": "footway", "footway": "sidewalk", "name": null, "surface": "asphalt", "lit": "yes", "length_m": 69.61, "type_element": "Way", "__fid": 13003}, "geometry": {"type": "LineString", "coordinates": [[2.2846468, 48.84806540000002], [2.2851924, 48.8485775]]}}, {"type": "Feature", "properties": {"highway": "footway", "footway": "sidewalk", "name": null, "surface": "asphalt", "lit": null, "length_m": 18.67, "type_element": "Way", "__fid": 13010}, "geometry": {"type": "LineString", "coordinates": [[2.2846162, 48.8510437], [2.2846559, 48.85109480000001], [2.2847634, 48.8511795]]}}, {"type": "Feature", "properties": {"highway": "footway", "footway": null, "name": null, "surface": "paving_stones", "lit": null, "length_m": 40.33, "type_element": "Way", "__fid": 13030}, "geometry": {"type": "LineString", "coordinates": [[2.2846897, 48.84896710000001], [2.2850879, 48.8488148], [2.28516982979201, 48.84879133194153]]}}, {"type": "Feature", "properties": {"highway": "path", "footway": null, "name": null, "surface": "concrete", "lit": "yes", "length_m": 4.87, "type_element": "Way", "__fid": 13045}, "geometry": {"type": "LineString", "coordinates": [[2.2847634, 48.8511795], [2.2847027, 48.8511973]]}}, {"type": "Feature", "properties": {"highway": "footway", "footway": null, "name": null, "surface": null, "lit": null, "length_m": 26.26, "type_element": "Way", "__fid": 13053}, "geometry": {"type": "LineString", "coordinates": [[2.2847197, 48.8522383], [2.284947, 48.85226689999999], [2.2850168, 48.8522464], [2.2850497, 48.8522215]]}}, {"type": "Feature", "properties": {"highway": "service", "footway": null, "name": "Port de Grenelle", "surface": "asphalt", "lit": null, "length_m": 25.95, "type_element": "Way", "__fid": 13054}, "geometry": {"type": "LineString", "coordinates": [[2.2847197, 48.8522383], [2.2847667, 48.8523227], [2.2849271, 48.85241950000001]]}}, {"type": "Feature", "properties": {"highway": "footway", "footway": null, "name": null, "surface": null, "lit": null, "length_m": 6.8, "type_element": "Way", "__fid": 13062}, "geometry": {"type": "LineString", "coordinates": [[2.284740228823861, 48.85201541041693], [2.284707849999898, 48.85203725000002], [2.284744, 48.8520181]]}}, {"type": "Feature", "properties": {"highway": "footway", "footway": null, "name": null, "surface": null, "lit": null, "length_m": 5.84, "type_element": "Way", "__fid": 13063}, "geometry": {"type": "LineString", "coordinates": [[2.284795924718388, 48.85197792106504], [2.284740228823861, 48.85201541041693]]}}, {"type": "Feature", "properties": {"highway": "service", "footway": null, "name": null, "surface": null, "lit": null, "length_m": 3.17, "type_element": "Way", "__fid": 13066}, "geometry": {"type": "LineString", "coordinates": [[2.284744, 48.8520181], [2.2847734, 48.852039]]}}, {"type": "Feature", "properties": {"highway": "footway", "footway": "sidewalk", "name": null, "surface": "asphalt", "lit": null, "length_m": 57.73, "type_element": "Way", "__fid": 13069}, "geometry": {"type": "LineString", "coordinates": [[2.2847634, 48.8511795], [2.2852437, 48.8515578], [2.2852802, 48.8515665]]}}, {"type": "Feature", "properties": {"highway": "path", "footway": null, "name": null, "surface": "concrete", "lit": "yes", "length_m": 51.28, "type_element": "Way", "__fid": 13070}, "geometry": {"type": "LineString", "coordinates": [[2.2854459, 48.8511474], [2.2852697, 48.8511193], [2.2849063, 48.8511452], [2.2847634, 48.8511795]]}}, {"type": "Feature", "properties": {"highway": "footway", "footway": null, "name": null, "surface": null, "lit": "yes", "length_m": 22.75, "type_element": "Way", "__fid": 13071}, "geometry": {"type": "LineString", "coordinates": [[2.285009, 48.8502307], [2.2849123, 48.8502799], [2.2847844, 48.850189]]}}, {"type": "Feature", "properties": {"highway": "footway", "footway": null, "name": null, "surface": null, "lit": "yes", "length_m": 15.0, "type_element": "Way", "__fid": 13072}, "geometry": {"type": "LineString", "coordinates": [[2.2849439, 48.8501047], [2.2847844, 48.850189]]}}, {"type": "Feature", "properties": {"highway": "footway", "footway": "crossing", "name": null, "surface": null, "lit": "yes", "length_m": 10.66, "type_element": "Way", "__fid": 13081}, "geometry": {"type": "LineString", "coordinates": [[2.2849008, 48.8500803], [2.2848728, 48.8501074], [2.2847983, 48.85014690000001]]}}, {"type": "Feature", "properties": {"highway": "service", "footway": null, "name": null, "surface": null, "lit": null, "length_m": 9.92, "type_element": "Way", "__fid": 13084}, "geometry": {"type": "LineString", "coordinates": [[2.2847734, 48.852039], [2.2848652, 48.85210450000002]]}}, {"type": "Feature", "properties": {"highway": "footway", "footway": null, "name": null, "surface": null, "lit": null, "length_m": 9.22, "type_element": "Way", "__fid": 13085}, "geometry": {"type": "LineString", "coordinates": [[2.2847734, 48.852039], [2.2848271, 48.8520029], [2.284795924718388, 48.85197792106504]]}}, {"type": "Feature", "properties": {"highway": "footway", "footway": null, "name": null, "surface": null, "lit": null, "length_m": 9.75, "type_element": "Way", "__fid": 13092}, "geometry": {"type": "LineString", "coordinates": [[2.284795924718388, 48.85197792106504], [2.284757, 48.8519471], [2.2847617, 48.8519445], [2.2847999, 48.8519753], [2.284795924718388, 48.85197792106504]]}}, {"type": "Feature", "properties": {"highway": "service", "footway": null, "name": null, "surface": null, "lit": null, "length_m": 18.78, "type_element": "Way", "__fid": 13120}, "geometry": {"type": "LineString", "coordinates": [[2.2848652, 48.85210450000002], [2.2850497, 48.8522215]]}}, {"type": "Feature", "properties": {"highway": "service", "footway": null, "name": null, "surface": null, "lit": null, "length_m": 24.0, "type_element": "Way", "__fid": 13121}, "geometry": {"type": "LineString", "coordinates": [[2.285116, 48.851966], [2.2848652, 48.85210450000002]]}}, {"type": "Feature", "properties": {"highway": "footway", "footway": "sidewalk", "name": null, "surface": null, "lit": "yes", "length_m": 2.82, "type_element": "Way", "__fid": 13124}, "geometry": {"type": "LineString", "coordinates": [[2.2849295, 48.8500971], [2.2849008, 48.8500803]]}}, {"type": "Feature", "properties": {"highway": "footway", "footway": "sidewalk", "name": null, "surface": null, "lit": "yes", "length_m": 1.35, "type_element": "Way", "__fid": 13139}, "geometry": {"type": "LineString", "coordinates": [[2.2849295, 48.8500971], [2.2849439, 48.8501047]]}}, {"type": "Feature", "properties": {"highway": "footway", "footway": "sidewalk", "name": null, "surface": null, "lit": "yes", "length_m": 96.98, "type_element": "Way", "__fid": 13140}, "geometry": {"type": "LineString", "coordinates": [[2.2859602, 48.8495512], [2.2849295, 48.8500971]]}}, {"type": "Feature", "properties": {"highway": "footway", "footway": null, "name": null, "surface": null, "lit": "yes", "length_m": 13.94, "type_element": "Way", "__fid": 13146}, "geometry": {"type": "LineString", "coordinates": [[2.285061, 48.8502034], [2.2849439, 48.8501047]]}}, {"type": "Feature", "properties": {"highway": "service", "footway": null, "name": "Port de Grenelle", "surface": "asphalt", "lit": null, "length_m": 357.1, "type_element": "Way", "__fid": 13155}, "geometry": {"type": "LineString", "coordinates": [[2.2849271, 48.85241950000001], [2.2854924, 48.8526427], [2.2859043, 48.852944100000016], [2.2870099, 48.85371780000001], [2.2871377, 48.853787], [2.2883623, 48.8546719]]}}, {"type": "Feature", "properties": {"highway": "footway", "footway": null, "name": null, "surface": "cobblestone", "lit": "yes", "length_m": 363.36, "type_element": "Way", "__fid": 13156}, "geometry": {"type": "LineString", "coordinates": [[2.288245977911862, 48.8548336598666], [2.2880853, 48.854711], [2.2849363, 48.8524644], [2.2849271, 48.85241950000001]]}}, {"type": "Feature", "properties": {"highway": "footway", "footway": "crossing", "name": null, "surface": "asphalt", "lit": "yes", "length_m": 23.76, "type_element": "Way", "__fid": 13157}, "geometry": {"type": "LineString", "coordinates": [[2.28516982979201, 48.84879133194153], [2.2850004, 48.8486488], [2.2849832, 48.84861830000001]]}}, {"type": "Feature", "properties": {"highway": "footway", "footway": "crossing", "name": null, "surface": "asphalt", "lit": "yes", "length_m": 16.01, "type_element": "Way", "__fid": 13158}, "geometry": {"type": "LineString", "coordinates": [[2.2849832, 48.84861830000001], [2.2851924, 48.8485775]]}}, {"type": "Feature", "properties": {"highway": "footway", "footway": null, "name": null, "surface": "asphalt", "lit": null, "length_m": 2.44, "type_element": "Way", "__fid": 13170}, "geometry": {"type": "LineString", "coordinates": [[2.2849784, 48.8509314], [2.2849843, 48.850953]]}}, {"type": "Feature", "properties": {"highway": "footway", "footway": null, "name": null, "surface": "asphalt", "lit": null, "length_m": 7.69, "type_element": "Way", "__fid": 13171}, "geometry": {"type": "LineString", "coordinates": [[2.2850001, 48.8508732], [2.2849672, 48.85089089999998], [2.2849784, 48.8509314]]}}, {"type": "Feature", "properties": {"highway": "footway", "footway": "sidewalk", "name": null, "surface": "asphalt", "lit": null, "length_m": 46.98, "type_element": "Way", "__fid": 13172}, "geometry": {"type": "LineString", "coordinates": [[2.285546938483509, 48.850744771077366], [2.2852551, 48.8508604], [2.2850682, 48.85092190000001], [2.2849784, 48.8509314]]}}, {"type": "Feature", "properties": {"highway": "footway", "footway": null, "name": null, "surface": null, "lit": null, "length_m": 47.24, "type_element": "Way", "__fid": 13182}, "geometry": {"type": "LineString", "coordinates": [[2.2850001, 48.8508732], [2.2850585, 48.8509213], [2.2854836, 48.8506906]]}}, {"type": "Feature", "properties": {"highway": "footway", "footway": null, "name": null, "surface": null, "lit": null, "length_m": 8.48, "type_element": "Way", "__fid": 13183}, "geometry": {"type": "LineString", "coordinates": [[2.285009, 48.8502307], [2.2850823, 48.85028960000002]]}}, {"type": "Feature", "properties": {"highway": "footway", "footway": null, "name": null, "surface": null, "lit": null, "length_m": 4.88, "type_element": "Way", "__fid": 13184}, "geometry": {"type": "LineString", "coordinates": [[2.285061, 48.8502034], [2.285009, 48.8502307]]}}, {"type": "Feature", "properties": {"highway": "footway", "footway": null, "name": null, "surface": null, "lit": null, "length_m": 93.69, "type_element": "Way", "__fid": 13225}, "geometry": {"type": "LineString", "coordinates": [[2.285061, 48.8502034], [2.2859209, 48.84975089999999], [2.286086233333116, 48.84970943333337]]}}, {"type": "Feature", "properties": {"highway": "footway", "footway": null, "name": null, "surface": null, "lit": null, "length_m": 26.35, "type_element": "Way", "__fid": 13232}, "geometry": {"type": "LineString", "coordinates": [[2.2853155, 48.8522131], [2.2851686, 48.8522969], [2.2850497, 48.8522215]]}}, {"type": "Feature", "properties": {"highway": "footway", "footway": null, "name": null, "surface": null, "lit": null, "length_m": 58.68, "type_element": "Way", "__fid": 13237}, "geometry": {"type": "LineString", "coordinates": [[2.2850823, 48.85028960000002], [2.2855417, 48.8506601], [2.2854836, 48.8506906]]}}, {"type": "Feature", "properties": {"highway": "steps", "footway": null, "name": null, "surface": null, "lit": null, "length_m": 16.97, "type_element": "Way", "__fid": 13238}, "geometry": {"type": "LineString", "coordinates": [[2.2850823, 48.85028960000002], [2.2851338, 48.8502636], [2.2851475, 48.8502001], [2.2851212, 48.8501974], [2.2851171, 48.8502254]]}}, {"type": "Feature", "properties": {"highway": "footway", "footway": "sidewalk", "name": null, "surface": null, "lit": null, "length_m": 63.64, "type_element": "Way", "__fid": 13277}, "geometry": {"type": "LineString", "coordinates": [[2.2857113, 48.8523822], [2.285116, 48.851966]]}}, {"type": "Feature", "properties": {"highway": "service", "footway": null, "name": null, "surface": null, "lit": null, "length_m": 8.16, "type_element": "Way", "__fid": 13278}, "geometry": {"type": "LineString", "coordinates": [[2.2852003, 48.8519182], [2.285116, 48.851966]]}}, {"type": "Feature", "properties": {"highway": "footway", "footway": "sidewalk", "name": null, "surface": "asphalt", "lit": "yes", "length_m": 2.59, "type_element": "Way", "__fid": 13288}, "geometry": {"type": "LineString", "coordinates": [[2.2851924, 48.848809199999984], [2.28516982979201, 48.84879133194153]]}}, {"type": "Feature", "properties": {"highway": "footway", "footway": null, "name": null, "surface": null, "lit": "yes", "length_m": 16.22, "type_element": "Way", "__fid": 13289}, "geometry": {"type": "LineString", "coordinates": [[2.285372539961287, 48.84873326708668], [2.28516982979201, 48.84879133194153]]}}, {"type": "Feature", "properties": {"highway": "footway", "footway": "sidewalk", "name": null, "surface": "asphalt", "lit": "yes", "length_m": 11.31, "type_element": "Way", "__fid": 13303}, "geometry": {"type": "LineString", "coordinates": [[2.2851924, 48.8485775], [2.285290099999767, 48.84865616666672]]}}, {"type": "Feature", "properties": {"highway": "footway", "footway": "sidewalk", "name": null, "surface": "asphalt", "lit": "yes", "length_m": 93.07, "type_element": "Way", "__fid": 13304}, "geometry": {"type": "LineString", "coordinates": [[2.2859263, 48.84949180000001], [2.2851924, 48.848809199999984]]}}, {"type": "Feature", "properties": {"highway": "footway", "footway": "crossing", "name": null, "surface": "asphalt", "lit": "yes", "length_m": 18.01, "type_element": "Way", "__fid": 13305}, "geometry": {"type": "LineString", "coordinates": [[2.2851924, 48.848809199999984], [2.2853387, 48.8487582], [2.285416, 48.8487717]]}}, {"type": "Feature", "properties": {"highway": "footway", "footway": null, "name": null, "surface": null, "lit": null, "length_m": 17.11, "type_element": "Way", "__fid": 13311}, "geometry": {"type": "LineString", "coordinates": [[2.2851576, 48.8520999], [2.2853155, 48.8522131]]}}, {"type": "Feature", "properties": {"highway": "footway", "footway": "sidewalk", "name": null, "surface": null, "lit": "yes", "length_m": 124.89, "type_element": "Way", "__fid": 13332}, "geometry": {"type": "LineString", "coordinates": [[2.2852045, 48.8516472], [2.2862162, 48.8524315], [2.2862259, 48.8524668], [2.2861969, 48.8525208]]}}, {"type": "Feature", "properties": {"highway": "footway", "footway": "crossing", "name": null, "surface": "asphalt", "lit": "yes", "length_m": 9.74, "type_element": "Way", "__fid": 13333}, "geometry": {"type": "LineString", "coordinates": [[2.2852045, 48.8516472], [2.2852104, 48.8516379], [2.285306, 48.8515929]]}}, {"type": "Feature", "properties": {"highway": "footway", "footway": "crossing", "name": null, "surface": "asphalt", "lit": "yes", "length_m": 5.33, "type_element": "Way", "__fid": 13340}, "geometry": {"type": "LineString", "coordinates": [[2.285290099999767, 48.84865616666672], [2.285330799999781, 48.84869586666672]]}}, {"type": "Feature", "properties": {"highway": "footway", "footway": "sidewalk", "name": null, "surface": "asphalt", "lit": "yes", "length_m": 120.87, "type_element": "Way", "__fid": 13341}, "geometry": {"type": "LineString", "coordinates": [[2.285290099999767, 48.84865616666672], [2.2866271, 48.848141199999986], [2.2867029, 48.8480992]]}}, {"type": "Feature", "properties": {"highway": "footway", "footway": "sidewalk", "name": null, "surface": "asphalt", "lit": null, "length_m": 3.49, "type_element": "Way", "__fid": 13357}, "geometry": {"type": "LineString", "coordinates": [[2.2852802, 48.8515665], [2.285306, 48.8515929]]}}, {"type": "Feature", "properties": {"highway": "path", "footway": null, "name": null, "surface": "asphalt", "lit": "yes", "length_m": 44.89, "type_element": "Way", "__fid": 13358}, "geometry": {"type": "LineString", "coordinates": [[2.2854776, 48.85119190000001], [2.2852669, 48.8515191], [2.2852802, 48.8515665]]}}, {"type": "Feature", "properties": {"highway": "footway", "footway": "sidewalk", "name": null, "surface": "asphalt", "lit": "yes", "length_m": 5.17, "type_element": "Way", "__fid": 13361}, "geometry": {"type": "LineString", "coordinates": [[2.285330799999781, 48.84869586666672], [2.285372539961287, 48.84873326708668]]}}, {"type": "Feature", "properties": {"highway": "footway", "footway": "sidewalk", "name": null, "surface": "asphalt", "lit": "yes", "length_m": 49.59, "type_element": "Way", "__fid": 13362}, "geometry": {"type": "LineString", "coordinates": [[2.2859199, 48.848477400000014], [2.285330799999781, 48.84869586666672]]}}, {"type": "Feature", "properties": {"highway": "footway", "footway": "crossing", "name": null, "surface": "asphalt", "lit": "yes", "length_m": 8.83, "type_element": "Way", "__fid": 13369}, "geometry": {"type": "LineString", "coordinates": [[2.285306, 48.8515929], [2.2854258, 48.8516001]]}}, {"type": "Feature", "properties": {"highway": "footway", "footway": null, "name": null, "surface": null, "lit": null, "length_m": 41.34, "type_element": "Way", "__fid": 13378}, "geometry": {"type": "LineString", "coordinates": [[2.2853155, 48.8522131], [2.2854912, 48.8523391], [2.2855388, 48.8523117], [2.2856713, 48.8524021], [2.2857113, 48.8523822]]}}, {"type": "Feature", "properties": {"highway": "footway", "footway": "sidewalk", "name": null, "surface": "asphalt", "lit": "yes", "length_m": 5.33, "type_element": "Way", "__fid": 13385}, "geometry": {"type": "LineString", "coordinates": [[2.285372539961287, 48.84873326708668], [2.285416, 48.8487717]]}}, {"type": "Feature", "properties": {"highway": "footway", "footway": null, "name": null, "surface": "asphalt", "lit": null, "length_m": 43.73, "type_element": "Way", "__fid": 13386}, "geometry": {"type": "LineString", "coordinates": [[2.2858985, 48.8485876], [2.285886, 48.8485723], [2.2857438, 48.8486285], [2.285372539961287, 48.84873326708668]]}}, {"type": "Feature", "properties": {"highway": "footway", "footway": null, "name": null, "surface": "paving_stones", "lit": "yes", "length_m": 15.94, "type_element": "Way", "__fid": 13414}, "geometry": {"type": "LineString", "coordinates": [[2.285416, 48.8487717], [2.2856326, 48.8487819]]}}, {"type": "Feature", "properties": {"highway": "footway", "footway": "sidewalk", "name": null, "surface": "asphalt", "lit": "yes", "length_m": 87.87, "type_element": "Way", "__fid": 13415}, "geometry": {"type": "LineString", "coordinates": [[2.285416, 48.8487717], [2.2860492, 48.8493712], [2.286061300000149, 48.84943016666674]]}}, {"type": "Feature", "properties": {"highway": "footway", "footway": "sidewalk", "name": null, "surface": "asphalt", "lit": "yes", "length_m": 18.8, "type_element": "Way", "__fid": 13433}, "geometry": {"type": "LineString", "coordinates": [[2.2855044, 48.8517557], [2.2854566, 48.8517076], [2.2854248, 48.85165490000002], [2.2854258, 48.8516001]]}}, {"type": "Feature", "properties": {"highway": "footway", "footway": "sidewalk", "name": null, "surface": "asphalt", "lit": "yes", "length_m": 68.01, "type_element": "Way", "__fid": 13434}, "geometry": {"type": "LineString", "coordinates": [[2.2854258, 48.8516001], [2.2854453, 48.8515406], [2.2854916, 48.8514845], [2.2855717, 48.8514358], [2.2860681, 48.851181]]}}, {"type": "Feature", "properties": {"highway": "path", "footway": null, "name": null, "surface": "concrete", "lit": "yes", "length_m": 7.06, "type_element": "Way", "__fid": 13440}, "geometry": {"type": "LineString", "coordinates": [[2.2854776, 48.85119190000001], [2.285454, 48.8511887], [2.2854376, 48.85117710000002], [2.2854345, 48.8511614], [2.2854459, 48.8511474]]}}, {"type": "Feature", "properties": {"highway": "path", "footway": null, "name": null, "surface": "concrete", "lit": "yes", "length_m": 4.22, "type_element": "Way", "__fid": 13441}, "geometry": {"type": "LineString", "coordinates": [[2.2854459, 48.8511474], [2.2854702, 48.8511401], [2.285499299999742, 48.85114680000009]]}}, {"type": "Feature", "properties": {"highway": "footway", "footway": null, "name": null, "surface": null, "lit": null, "length_m": 7.61, "type_element": "Way", "__fid": 13457}, "geometry": {"type": "LineString", "coordinates": [[2.2854836, 48.8506906], [2.285546938483509, 48.850744771077366]]}}, {"type": "Feature", "properties": {"highway": "path", "footway": null, "name": null, "surface": "concrete", "lit": "yes", "length_m": 6.49, "type_element": "Way", "__fid": 13458}, "geometry": {"type": "LineString", "coordinates": [[2.285499299999742, 48.85114680000009], [2.2855115, 48.8511591], [2.2855095, 48.8511768], [2.2854776, 48.85119190000001]]}}, {"type": "Feature", "properties": {"highway": "path", "footway": null, "name": null, "surface": "concrete", "lit": "yes", "length_m": 21.67, "type_element": "Way", "__fid": 13467}, "geometry": {"type": "LineString", "coordinates": [[2.2857541, 48.8510483], [2.285499299999742, 48.85114680000009]]}}, {"type": "Feature", "properties": {"highway": "footway", "footway": "sidewalk", "name": null, "surface": "asphalt", "lit": "yes", "length_m": 103.19, "type_element": "Way", "__fid": 13474}, "geometry": {"type": "LineString", "coordinates": [[2.2863639, 48.8524802], [2.2863317, 48.8523975], [2.2855044, 48.8517557]]}}, {"type": "Feature", "properties": {"highway": "steps", "footway": null, "name": null, "surface": null, "lit": null, "length_m": 15.38, "type_element": "Way", "__fid": 13475}, "geometry": {"type": "LineString", "coordinates": [[2.2855044, 48.8517557], [2.2856706, 48.8516715]]}}, {"type": "Feature", "properties": {"highway": "footway", "footway": null, "name": null, "surface": null, "lit": null, "length_m": 0.61, "type_element": "Way", "__fid": 13485}, "geometry": {"type": "LineString", "coordinates": [[2.285546938483509, 48.850744771077366], [2.285552, 48.8507491]]}}, {"type": "Feature", "properties": {"highway": "footway", "footway": "sidewalk", "name": null, "surface": "asphalt", "lit": "yes", "length_m": 186.98, "type_element": "Way", "__fid": 13486}, "geometry": {"type": "LineString", "coordinates": [[2.286152500000214, 48.849714533333426], [2.2867936, 48.8503211], [2.2867958, 48.85034140000001], [2.2866663, 48.8504108], [2.2861704, 48.8505386], [2.285546938483509, 48.850744771077366]]}}, {"type": "Feature", "properties": {"highway": "footway", "footway": null, "name": null, "surface": null, "lit": null, "length_m": 13.9, "type_element": "Way", "__fid": 13488}, "geometry": {"type": "LineString", "coordinates": [[2.285552, 48.8507491], [2.2856825, 48.8507715], [2.285737, 48.85077]]}}, {"type": "Feature", "properties": {"highway": "footway", "footway": null, "name": null, "surface": null, "lit": null, "length_m": 16.43, "type_element": "Way", "__fid": 13489}, "geometry": {"type": "LineString", "coordinates": [[2.2857227, 48.8508427], [2.2856511, 48.8507907], [2.285552, 48.8507491]]}}, {"type": "Feature", "properties": {"highway": "footway", "footway": null, "name": null, "surface": "wood", "lit": "yes", "length_m": 19.36, "type_element": "Way", "__fid": 13490}, "geometry": {"type": "LineString", "coordinates": [[2.285552, 48.8507491], [2.285715275055046, 48.85088588221808]]}}, {"type": "Feature", "properties": {"highway": "footway", "footway": null, "name": null, "surface": null, "lit": "yes", "length_m": 56.52, "type_element": "Way", "__fid": 13491}, "geometry": {"type": "LineString", "coordinates": [[2.285552, 48.8507491], [2.2862325, 48.8505717], [2.2862524, 48.85059349999998]]}}, {"type": "Feature", "properties": {"highway": "footway", "footway": null, "name": null, "surface": "paving_stones", "lit": "yes", "length_m": 82.23, "type_element": "Way", "__fid": 13520}, "geometry": {"type": "LineString", "coordinates": [[2.2856326, 48.8487819], [2.2857152, 48.8488041], [2.2858159, 48.8488784], [2.2859373, 48.8489313], [2.2860717, 48.84894580000001], [2.2862538, 48.8489468], [2.2864141, 48.8488803], [2.2865773, 48.8488988], [2.2866386, 48.8488948]]}}, {"type": "Feature", "properties": {"highway": "footway", "footway": null, "name": null, "surface": "asphalt", "lit": null, "length_m": 32.69, "type_element": "Way", "__fid": 13521}, "geometry": {"type": "LineString", "coordinates": [[2.2856326, 48.8487819], [2.2857205, 48.8487206], [2.2859118, 48.8486456], [2.2859221, 48.8486166], [2.2858985, 48.8485876]]}}, {"type": "Feature", "properties": {"highway": "footway", "footway": null, "name": null, "surface": null, "lit": null, "length_m": 83.51, "type_element": "Way", "__fid": 13554}, "geometry": {"type": "LineString", "coordinates": [[2.2856706, 48.8516715], [2.2856985, 48.8516957], [2.2855912, 48.851753], [2.2860117, 48.85209670000001], [2.2861293, 48.8521079], [2.286235, 48.85219209999998]]}}, {"type": "Feature", "properties": {"highway": "footway", "footway": null, "name": null, "surface": null, "lit": null, "length_m": 44.2, "type_element": "Way", "__fid": 13555}, "geometry": {"type": "LineString", "coordinates": [[2.2858085, 48.8513996], [2.2855233, 48.85154430000002], [2.2856706, 48.8516715]]}}, {"type": "Feature", "properties": {"highway": "footway", "footway": null, "name": null, "surface": "wood", "lit": "yes", "length_m": 17.01, "type_element": "Way", "__fid": 13570}, "geometry": {"type": "LineString", "coordinates": [[2.285715275055046, 48.85088588221808], [2.285858830732177, 48.85100595882706]]}}, {"type": "Feature", "properties": {"highway": "steps", "footway": null, "name": null, "surface": "concrete", "lit": "yes", "length_m": 18.67, "type_element": "Way", "__fid": 13571}, "geometry": {"type": "LineString", "coordinates": [[2.2857541, 48.8510483], [2.2857199, 48.8510039], [2.285715275055046, 48.85088588221808]]}}, {"type": "Feature", "properties": {"highway": "footway", "footway": null, "name": null, "surface": "concrete", "lit": null, "length_m": 4.83, "type_element": "Way", "__fid": 13572}, "geometry": {"type": "LineString", "coordinates": [[2.285715275055046, 48.85088588221808], [2.2857227, 48.8508427]]}}, {"type": "Feature", "properties": {"highway": "footway", "footway": null, "name": null, "surface": null, "lit": null, "length_m": 8.15, "type_element": "Way", "__fid": 13574}, "geometry": {"type": "LineString", "coordinates": [[2.285737, 48.85077], [2.2857227, 48.8508427]]}}, {"type": "Feature", "properties": {"highway": "footway", "footway": "sidewalk", "name": null, "surface": "asphalt", "lit": null, "length_m": 50.29, "type_element": "Way", "__fid": 13580}, "geometry": {"type": "LineString", "coordinates": [[2.2861969, 48.8525208], [2.2861491, 48.8525072], [2.2860038, 48.8525954], [2.2857113, 48.8523822]]}}, {"type": "Feature", "properties": {"highway": "footway", "footway": null, "name": null, "surface": null, "lit": null, "length_m": 13.71, "type_element": "Way", "__fid": 13582}, "geometry": {"type": "LineString", "coordinates": [[2.2858912, 48.8507198], [2.2858359, 48.850716], [2.2857526, 48.8507515], [2.285737, 48.85077]]}}, {"type": "Feature", "properties": {"highway": "path", "footway": null, "name": null, "surface": "concrete", "lit": "yes", "length_m": 9.01, "type_element": "Way", "__fid": 13590}, "geometry": {"type": "LineString", "coordinates": [[2.285858830732177, 48.85100595882706], [2.2857541, 48.8510483]]}}, {"type": "Feature", "properties": {"highway": "footway", "footway": null, "name": null, "surface": "concrete", "lit": null, "length_m": 28.11, "type_element": "Way", "__fid": 13628}, "geometry": {"type": "LineString", "coordinates": [[2.2858085, 48.8513996], [2.2859774, 48.8515463], [2.2860722, 48.85157429999999]]}}, {"type": "Feature", "properties": {"highway": "footway", "footway": null, "name": null, "surface": null, "lit": null, "length_m": 17.59, "type_element": "Way", "__fid": 13629}, "geometry": {"type": "LineString", "coordinates": [[2.2859986, 48.8513032], [2.2858085, 48.8513996]]}}, {"type": "Feature", "properties": {"highway": "footway", "footway": null, "name": null, "surface": "wood", "lit": "yes", "length_m": 24.79, "type_element": "Way", "__fid": 13638}, "geometry": {"type": "LineString", "coordinates": [[2.285858830732177, 48.85100595882706], [2.2860681, 48.851181]]}}, {"type": "Feature", "properties": {"highway": "path", "footway": null, "name": null, "surface": "concrete", "lit": "yes", "length_m": 48.55, "type_element": "Way", "__fid": 13639}, "geometry": {"type": "LineString", "coordinates": [[2.286439042530242, 48.85081167279592], [2.2862118, 48.8508453], [2.285858830732177, 48.85100595882706]]}}, {"type": "Feature", "properties": {"highway": "footway", "footway": null, "name": null, "surface": null, "lit": null, "length_m": 3.27, "type_element": "Way", "__fid": 13643}, "geometry": {"type": "LineString", "coordinates": [[2.2859199, 48.848477400000014], [2.2858969, 48.84845220000002]]}}, {"type": "Feature", "properties": {"highway": "steps", "footway": null, "name": null, "surface": "concrete", "lit": null, "length_m": 16.8, "type_element": "Way", "__fid": 13644}, "geometry": {"type": "LineString", "coordinates": [[2.2858985, 48.8485876], [2.2859845, 48.84854590000001], [2.2859199, 48.848477400000014]]}}, {"type": "Feature", "properties": {"highway": "footway", "footway": "sidewalk", "name": null, "surface": "asphalt", "lit": "yes", "length_m": 70.33, "type_element": "Way", "__fid": 13649}, "geometry": {"type": "LineString", "coordinates": [[2.286748699999893, 48.848159866666684], [2.2859199, 48.848477400000014]]}}, {"type": "Feature", "properties": {"highway": "footway", "footway": null, "name": null, "surface": null, "lit": "yes", "length_m": 30.44, "type_element": "Way", "__fid": 13652}, "geometry": {"type": "LineString", "coordinates": [[2.2858912, 48.8507198], [2.2860021, 48.8507286], [2.2860899, 48.8506851], [2.286249, 48.8506943], [2.286276240395763, 48.8506812455056]]}}, {"type": "Feature", "properties": {"highway": "footway", "footway": null, "name": null, "surface": null, "lit": "yes", "length_m": 21.02, "type_element": "Way", "__fid": 13653}, "geometry": {"type": "LineString", "coordinates": [[2.2861379, 48.8506537], [2.2860719, 48.8506465], [2.2859956, 48.8506841], [2.2859514, 48.85068490000001], [2.2858912, 48.8507198]]}}, {"type": "Feature", "properties": {"highway": "footway", "footway": "sidewalk", "name": null, "surface": "asphalt", "lit": "yes", "length_m": 7.06, "type_element": "Way", "__fid": 13664}, "geometry": {"type": "LineString", "coordinates": [[2.2859263, 48.84949180000001], [2.2859602, 48.8495512]]}}, {"type": "Feature", "properties": {"highway": "footway", "footway": "crossing", "name": null, "surface": "asphalt", "lit": "yes", "length_m": 12.05, "type_element": "Way", "__fid": 13665}, "geometry": {"type": "LineString", "coordinates": [[2.2859263, 48.84949180000001], [2.286061300000149, 48.84943016666674]]}}, {"type": "Feature", "properties": {"highway": "footway", "footway": "crossing", "name": null, "surface": "asphalt", "lit": "yes", "length_m": 19.88, "type_element": "Way", "__fid": 13679}, "geometry": {"type": "LineString", "coordinates": [[2.2859602, 48.8495512], [2.286086233333116, 48.84970943333337]]}}, {"type": "Feature", "properties": {"highway": "footway", "footway": null, "name": null, "surface": null, "lit": null, "length_m": 30.88, "type_element": "Way", "__fid": 13702}, "geometry": {"type": "LineString", "coordinates": [[2.2860722, 48.85157429999999], [2.2860552, 48.8514122], [2.2859986, 48.8513032]]}}, {"type": "Feature", "properties": {"highway": "footway", "footway": null, "name": null, "surface": null, "lit": null, "length_m": 12.46, "type_element": "Way", "__fid": 13703}, "geometry": {"type": "LineString", "coordinates": [[2.2861321, 48.851234], [2.2859986, 48.8513032]]}}, {"type": "Feature", "properties": {"highway": "footway", "footway": "sidewalk", "name": null, "surface": null, "lit": "yes", "length_m": 5.46, "type_element": "Way", "__fid": 13710}, "geometry": {"type": "LineString", "coordinates": [[2.2860811, 48.84737950000001], [2.2860835, 48.8473581], [2.2860676, 48.8473325]]}}, {"type": "Feature", "properties": {"highway": "footway", "footway": "crossing", "name": null, "surface": null, "lit": "yes", "length_m": 9.72, "type_element": "Way", "__fid": 13716}, "geometry": {"type": "LineString", "coordinates": [[2.2861454, 48.8474559], [2.2860811, 48.84737950000001]]}}, {"type": "Feature", "properties": {"highway": "footway", "footway": "sidewalk", "name": null, "surface": "asphalt", "lit": "yes", "length_m": 22.56, "type_element": "Way", "__fid": 13725}, "geometry": {"type": "LineString", "coordinates": [[2.286061300000149, 48.84943016666674], [2.2860671, 48.8494275], [2.2861968, 48.849547600000015], [2.2862736, 48.8495492]]}}, {"type": "Feature", "properties": {"highway": "footway", "footway": "sidewalk", "name": null, "surface": "asphalt", "lit": "yes", "length_m": 5.36, "type_element": "Way", "__fid": 13730}, "geometry": {"type": "LineString", "coordinates": [[2.286152500000214, 48.849714533333426], [2.2861248, 48.84970890000001], [2.2860907, 48.84971449999998], [2.286086233333116, 48.84970943333337]]}}, {"type": "Feature", "properties": {"highway": "footway", "footway": null, "name": null, "surface": null, "lit": null, "length_m": 7.54, "type_element": "Way", "__fid": 13731}, "geometry": {"type": "LineString", "coordinates": [[2.2860681, 48.851181], [2.2861321, 48.851234]]}}, {"type": "Feature", "properties": {"highway": "footway", "footway": "sidewalk", "name": null, "surface": "asphalt", "lit": "yes", "length_m": 47.81, "type_element": "Way", "__fid": 13732}, "geometry": {"type": "LineString", "coordinates": [[2.2860681, 48.851181], [2.2866158, 48.8509482]]}}, {"type": "Feature", "properties": {"highway": "footway", "footway": null, "name": null, "surface": "concrete", "lit": null, "length_m": 62.45, "type_element": "Way", "__fid": 13733}, "geometry": {"type": "LineString", "coordinates": [[2.2860722, 48.85157429999999], [2.2860935, 48.8516423], [2.28616, 48.8517438], [2.2865091, 48.852048]]}}, {"type": "Feature", "properties": {"highway": "footway", "footway": "sidewalk", "name": null, "surface": "asphalt", "lit": "yes", "length_m": 82.79, "type_element": "Way", "__fid": 13744}, "geometry": {"type": "LineString", "coordinates": [[2.2867029, 48.8480992], [2.2861691, 48.8474626], [2.2861454, 48.8474559]]}}, {"type": "Feature", "properties": {"highway": "footway", "footway": null, "name": null, "surface": null, "lit": "yes", "length_m": 8.68, "type_element": "Way", "__fid": 13759}, "geometry": {"type": "LineString", "coordinates": [[2.2862556, 48.8506613], [2.2861379, 48.8506537]]}}, {"type": "Feature", "properties": {"highway": "footway", "footway": null, "name": null, "surface": null, "lit": "yes", "length_m": 10.74, "type_element": "Way", "__fid": 13760}, "geometry": {"type": "LineString", "coordinates": [[2.2861379, 48.8506537], [2.2862524, 48.85059349999998]]}}, {"type": "Feature", "properties": {"highway": "footway", "footway": "traffic_island", "name": null, "surface": "asphalt", "lit": "yes", "length_m": 14.38, "type_element": "Way", "__fid": 13761}, "geometry": {"type": "LineString", "coordinates": [[2.2863116, 48.84963910000001], [2.286152500000214, 48.849714533333426]]}}, {"type": "Feature", "properties": {"highway": "footway", "footway": null, "name": null, "surface": null, "lit": "yes", "length_m": 61.07, "type_element": "Way", "__fid": 13762}, "geometry": {"type": "LineString", "coordinates": [[2.2866672, 48.8515935], [2.2866102, 48.8516234], [2.2861321, 48.851234]]}}, {"type": "Feature", "properties": {"highway": "footway", "footway": "sidewalk", "name": null, "surface": null, "lit": "yes", "length_m": 97.92, "type_element": "Way", "__fid": 13784}, "geometry": {"type": "LineString", "coordinates": [[2.2862315, 48.8472708], [2.2862917, 48.8473518], [2.2862817, 48.8474146], [2.2868318, 48.84804480000001]]}}, {"type": "Feature", "properties": {"highway": "footway", "footway": "crossing", "name": null, "surface": "asphalt", "lit": "yes", "length_m": 10.23, "type_element": "Way", "__fid": 13795}, "geometry": {"type": "LineString", "coordinates": [[2.2861969, 48.8525208], [2.2862877, 48.8525906]]}}, {"type": "Feature", "properties": {"highway": "footway", "footway": null, "name": null, "surface": null, "lit": "yes", "length_m": 7.82, "type_element": "Way", "__fid": 13805}, "geometry": {"type": "LineString", "coordinates": [[2.2862524, 48.85059349999998], [2.286264, 48.8506053], [2.2862556, 48.8506613]]}}, {"type": "Feature", "properties": {"highway": "footway", "footway": null, "name": null, "surface": null, "lit": "yes", "length_m": 2.69, "type_element": "Way", "__fid": 13809}, "geometry": {"type": "LineString", "coordinates": [[2.2862556, 48.8506613], [2.286276240395763, 48.8506812455056]]}}, {"type": "Feature", "properties": {"highway": "footway", "footway": null, "name": null, "surface": null, "lit": null, "length_m": 8.14, "type_element": "Way", "__fid": 13810}, "geometry": {"type": "LineString", "coordinates": [[2.286235, 48.85219209999998], [2.2863039, 48.8522495]]}}, {"type": "Feature", "properties": {"highway": "footway", "footway": null, "name": null, "surface": "paving_stones", "lit": null, "length_m": 4.89, "type_element": "Way", "__fid": 13811}, "geometry": {"type": "LineString", "coordinates": [[2.286235, 48.85219209999998], [2.2862873, 48.8521649]]}}, {"type": "Feature", "properties": {"highway": "footway", "footway": "crossing", "name": null, "surface": "asphalt", "lit": "yes", "length_m": 8.81, "type_element": "Way", "__fid": 13812}, "geometry": {"type": "LineString", "coordinates": [[2.2862736, 48.8495492], [2.2863399, 48.8496152]]}}, {"type": "Feature", "properties": {"highway": "footway", "footway": "sidewalk", "name": null, "surface": "asphalt", "lit": "yes", "length_m": 94.95, "type_element": "Way", "__fid": 13813}, "geometry": {"type": "LineString", "coordinates": [[2.2862736, 48.8495492], [2.2873918, 48.8491196]]}}, {"type": "Feature", "properties": {"highway": "footway", "footway": null, "name": null, "surface": null, "lit": "yes", "length_m": 18.79, "type_element": "Way", "__fid": 13821}, "geometry": {"type": "LineString", "coordinates": [[2.286276240395763, 48.8506812455056], [2.286439042530242, 48.85081167279592]]}}, {"type": "Feature", "properties": {"highway": "footway", "footway": null, "name": null, "surface": null, "lit": "yes", "length_m": 23.46, "type_element": "Way", "__fid": 13822}, "geometry": {"type": "LineString", "coordinates": [[2.286276240395763, 48.8506812455056], [2.28652225471482, 48.85054644113412]]}}, {"type": "Feature", "properties": {"highway": "footway", "footway": "sidewalk", "name": null, "surface": "asphalt", "lit": "yes", "length_m": 106.28, "type_element": "Way", "__fid": 13834}, "geometry": {"type": "LineString", "coordinates": [[2.2871616, 48.8503958], [2.2870971, 48.8503853], [2.2863203, 48.8496727], [2.2863116, 48.84963910000001]]}}, {"type": "Feature", "properties": {"highway": "footway", "footway": "sidewalk", "name": null, "surface": "asphalt", "lit": "yes", "length_m": 3.37, "type_element": "Way", "__fid": 13835}, "geometry": {"type": "LineString", "coordinates": [[2.2863399, 48.8496152], [2.2863116, 48.84963910000001]]}}, {"type": "Feature", "properties": {"highway": "steps", "footway": null, "name": "Accès de la Dalle Beaugrenelle", "surface": "concrete", "lit": null, "length_m": 46.25, "type_element": "Way", "__fid": 13844}, "geometry": {"type": "LineString", "coordinates": [[2.2862873, 48.8521649], [2.2865298, 48.85237460000001], [2.2863639, 48.8524802]]}}, {"type": "Feature", "properties": {"highway": "footway", "footway": null, "name": null, "surface": null, "lit": null, "length_m": 20.83, "type_element": "Way", "__fid": 13845}, "geometry": {"type": "LineString", "coordinates": [[2.2865091, 48.852048], [2.2862873, 48.8521649]]}}, {"type": "Feature", "properties": {"highway": "footway", "footway": "sidewalk", "name": null, "surface": "asphalt", "lit": "yes", "length_m": 17.54, "type_element": "Way", "__fid": 13846}, "geometry": {"type": "LineString", "coordinates": [[2.2864113, 48.85271070000001], [2.2862721, 48.8526051], [2.2862877, 48.8525906]]}}, {"type": "Feature", "properties": {"highway": "footway", "footway": "sidewalk", "name": null, "surface": "asphalt", "lit": "yes", "length_m": 13.99, "type_element": "Way", "__fid": 13847}, "geometry": {"type": "LineString", "coordinates": [[2.2862877, 48.8525906], [2.2863605, 48.8525232], [2.2863639, 48.8524802]]}}, {"type": "Feature", "properties": {"highway": "footway", "footway": "sidewalk", "name": null, "surface": null, "lit": "yes", "length_m": 17.19, "type_element": "Way", "__fid": 13848}, "geometry": {"type": "LineString", "coordinates": [[2.28652225471482, 48.85054644113412], [2.2864448, 48.8505472], [2.286335, 48.8505604], [2.2863099, 48.8505685], [2.2863203, 48.8505776]]}}, {"type": "Feature", "properties": {"highway": "footway", "footway": "sidewalk", "name": null, "surface": "asphalt", "lit": "yes", "length_m": 93.94, "type_element": "Way", "__fid": 13849}, "geometry": {"type": "LineString", "coordinates": [[2.2863399, 48.8496152], [2.2874498, 48.849194299999986]]}}, {"type": "Feature", "properties": {"highway": "footway", "footway": "sidewalk", "name": "Allée Claude Lanzmann", "surface": "concrete:plates", "lit": "yes", "length_m": 209.95, "type_element": "Way", "__fid": 13857}, "geometry": {"type": "LineString", "coordinates": [[2.2863203, 48.8530869], [2.2878955, 48.8541313], [2.2883145, 48.8544402]]}}, {"type": "Feature", "properties": {"highway": "service", "footway": null, "name": null, "surface": null, "lit": null, "length_m": 5.74, "type_element": "Way", "__fid": 13864}, "geometry": {"type": "LineString", "coordinates": [[2.2864113, 48.85271070000001], [2.2863485, 48.8527415]]}}, {"type": "Feature", "properties": {"highway": "footway", "footway": "sidewalk", "name": null, "surface": "asphalt", "lit": "yes", "length_m": 17.81, "type_element": "Way", "__fid": 13880}, "geometry": {"type": "LineString", "coordinates": [[2.2865773, 48.85282749999999], [2.2864113, 48.85271070000001]]}}, {"type": "Feature", "properties": {"highway": "service", "footway": null, "name": null, "surface": null, "lit": null, "length_m": 30.66, "type_element": "Way", "__fid": 13881}, "geometry": {"type": "LineString", "coordinates": [[2.2867104, 48.8527876], [2.2865277, 48.8526538], [2.2864113, 48.85271070000001]]}}, {"type": "Feature", "properties": {"highway": "footway", "footway": null, "name": null, "surface": null, "lit": "yes", "length_m": 11.64, "type_element": "Way", "__fid": 13882}, "geometry": {"type": "LineString", "coordinates": [[2.286439042530242, 48.85081167279592], [2.28653993333323, 48.85089250000003]]}}, {"type": "Feature", "properties": {"highway": "path", "footway": null, "name": null, "surface": "asphalt", "lit": "yes", "length_m": 3.32, "type_element": "Way", "__fid": 13883}, "geometry": {"type": "LineString", "coordinates": [[2.2864839, 48.8508075], [2.286439042530242, 48.85081167279592]]}}, {"type": "Feature", "properties": {"highway": "path", "footway": null, "name": null, "surface": "asphalt", "lit": "yes", "length_m": 30.72, "type_element": "Way", "__fid": 13901}, "geometry": {"type": "LineString", "coordinates": [[2.2866192, 48.8506124], [2.2865109, 48.85060630000001], [2.2864813, 48.85067089999998], [2.2864907, 48.8507594], [2.2864839, 48.8508075]]}}, {"type": "Feature", "properties": {"highway": "path", "footway": null, "name": null, "surface": "concrete", "lit": "yes", "length_m": 10.12, "type_element": "Way", "__fid": 13902}, "geometry": {"type": "LineString", "coordinates": [[2.2866217, 48.850805], [2.2864839, 48.8508075]]}}, {"type": "Feature", "properties": {"highway": "footway", "footway": "crossing", "name": null, "surface": null, "lit": "yes", "length_m": 9.9, "type_element": "Way", "__fid": 13903}, "geometry": {"type": "LineString", "coordinates": [[2.286490466666471, 48.850459900000054], [2.28652225471482, 48.85054644113412]]}}, {"type": "Feature", "properties": {"highway": "footway", "footway": "sidewalk", "name": null, "surface": null, "lit": "yes", "length_m": 11.74, "type_element": "Way", "__fid": 13910}, "geometry": {"type": "LineString", "coordinates": [[2.2866798, 48.8505279], [2.28652225471482, 48.85054644113412]]}}, {"type": "Feature", "properties": {"highway": "footway", "footway": null, "name": null, "surface": null, "lit": null, "length_m": 6.42, "type_element": "Way", "__fid": 13915}, "geometry": {"type": "LineString", "coordinates": [[2.2865775, 48.852012], [2.2865091, 48.852048]]}}, {"type": "Feature", "properties": {"highway": "footway", "footway": null, "name": null, "surface": null, "lit": "yes", "length_m": 8.33, "type_element": "Way", "__fid": 13921}, "geometry": {"type": "LineString", "coordinates": [[2.28653993333323, 48.85089250000003], [2.2866158, 48.8509482]]}}, {"type": "Feature", "properties": {"highway": "footway", "footway": "sidewalk", "name": null, "surface": "asphalt", "lit": "yes", "length_m": 17.23, "type_element": "Way", "__fid": 13922}, "geometry": {"type": "LineString", "coordinates": [[2.2867488, 48.8508217], [2.28653993333323, 48.85089250000003]]}}, {"type": "Feature", "properties": {"highway": "footway", "footway": null, "name": null, "surface": null, "lit": null, "length_m": 24.5, "type_element": "Way", "__fid": 13947}, "geometry": {"type": "LineString", "coordinates": [[2.2865775, 48.852012], [2.2867911, 48.8521814]]}}, {"type": "Feature", "properties": {"highway": "footway", "footway": null, "name": null, "surface": null, "lit": null, "length_m": 13.8, "type_element": "Way", "__fid": 13948}, "geometry": {"type": "LineString", "coordinates": [[2.286724476899377, 48.85193453511953], [2.2865775, 48.852012]]}}, {"type": "Feature", "properties": {"highway": "footway", "footway": "crossing", "name": null, "surface": "paving_stones", "lit": "yes", "length_m": 12.46, "type_element": "Way", "__fid": 13949}, "geometry": {"type": "LineString", "coordinates": [[2.2865773, 48.85282749999999], [2.286705, 48.8529013]]}}, {"type": "Feature", "properties": {"highway": "footway", "footway": "sidewalk", "name": null, "surface": "asphalt", "lit": "yes", "length_m": 10.73, "type_element": "Way", "__fid": 13950}, "geometry": {"type": "LineString", "coordinates": [[2.2867104, 48.8527876], [2.2865773, 48.85282749999999]]}}, {"type": "Feature", "properties": {"highway": "footway", "footway": "sidewalk", "name": null, "surface": null, "lit": "yes", "length_m": 62.15, "type_element": "Way", "__fid": 13953}, "geometry": {"type": "LineString", "coordinates": [[2.2866386, 48.8488948], [2.2866304, 48.84894960000001], [2.287381800000055, 48.84903886666667]]}}, {"type": "Feature", "properties": {"highway": "footway", "footway": "sidewalk", "name": null, "surface": null, "lit": "yes", "length_m": 67.35, "type_element": "Way", "__fid": 13954}, "geometry": {"type": "LineString", "coordinates": [[2.28740523333341, 48.8489686], [2.2868828, 48.8488932], [2.2868187, 48.8488245], [2.2867778, 48.8488145], [2.2867265, 48.84881390000001], [2.2866867, 48.8488253], [2.2866504, 48.8488468], [2.2866386, 48.8488948]]}}, {"type": "Feature", "properties": {"highway": "footway", "footway": null, "name": null, "surface": "paving_stones", "lit": "yes", "length_m": 8.1, "type_element": "Way", "__fid": 13955}, "geometry": {"type": "LineString", "coordinates": [[2.2866386, 48.8488948], [2.2867485, 48.8488877]]}}, {"type": "Feature", "properties": {"highway": "path", "footway": null, "name": null, "surface": "asphalt", "lit": "yes", "length_m": 29.38, "type_element": "Way", "__fid": 13956}, "geometry": {"type": "LineString", "coordinates": [[2.2866217, 48.850805], [2.2867267, 48.85074569999998], [2.2867433, 48.8507005], [2.2867317, 48.8506717], [2.2866903, 48.85063850000002], [2.2866192, 48.8506124]]}}, {"type": "Feature", "properties": {"highway": "path", "footway": null, "name": null, "surface": "asphalt", "lit": "yes", "length_m": 10.4, "type_element": "Way", "__fid": 13957}, "geometry": {"type": "LineString", "coordinates": [[2.2866192, 48.8506124], [2.2866798, 48.8505279]]}}, {"type": "Feature", "properties": {"highway": "footway", "footway": null, "name": null, "surface": null, "lit": "yes", "length_m": 6.87, "type_element": "Way", "__fid": 13958}, "geometry": {"type": "LineString", "coordinates": [[2.2866158, 48.8509482], [2.2866784, 48.8509942]]}}, {"type": "Feature", "properties": {"highway": "footway", "footway": "sidewalk", "name": null, "surface": "asphalt", "lit": "yes", "length_m": 28.77, "type_element": "Way", "__fid": 13959}, "geometry": {"type": "LineString", "coordinates": [[2.2866158, 48.8509482], [2.2867598, 48.8508961], [2.2869671, 48.8508338]]}}, {"type": "Feature", "properties": {"highway": "path", "footway": null, "name": null, "surface": "concrete", "lit": "yes", "length_m": 9.51, "type_element": "Way", "__fid": 13960}, "geometry": {"type": "LineString", "coordinates": [[2.2867488, 48.8508217], [2.2866217, 48.850805]]}}, {"type": "Feature", "properties": {"highway": "footway", "footway": "crossing", "name": null, "surface": "asphalt", "lit": "yes", "length_m": 7.54, "type_element": "Way", "__fid": 13976}, "geometry": {"type": "LineString", "coordinates": [[2.2867029, 48.8480992], [2.286748699999893, 48.848159866666684]]}}, {"type": "Feature", "properties": {"highway": "footway", "footway": "crossing", "name": null, "surface": "asphalt", "lit": "yes", "length_m": 11.23, "type_element": "Way", "__fid": 13977}, "geometry": {"type": "LineString", "coordinates": [[2.2867029, 48.8480992], [2.2868318, 48.84804480000001]]}}, {"type": "Feature", "properties": {"highway": "footway", "footway": "sidewalk", "name": null, "surface": null, "lit": "yes", "length_m": 5.44, "type_element": "Way", "__fid": 13978}, "geometry": {"type": "LineString", "coordinates": [[2.2867507, 48.8505423], [2.2866798, 48.8505279]]}}, {"type": "Feature", "properties": {"highway": "footway", "footway": null, "name": null, "surface": null, "lit": null, "length_m": 31.29, "type_element": "Way", "__fid": 13979}, "geometry": {"type": "LineString", "coordinates": [[2.2866672, 48.8515935], [2.286931563160528, 48.85181430479315]]}}, {"type": "Feature", "properties": {"highway": "footway", "footway": null, "name": null, "surface": null, "lit": "yes", "length_m": 22.98, "type_element": "Way", "__fid": 13980}, "geometry": {"type": "LineString", "coordinates": [[2.2869125, 48.851465], [2.2866672, 48.8515935]]}}, {"type": "Feature", "properties": {"highway": "footway", "footway": null, "name": null, "surface": null, "lit": null, "length_m": 55.69, "type_element": "Way", "__fid": 13981}, "geometry": {"type": "LineString", "coordinates": [[2.2872723, 48.8512794], [2.2869731, 48.8511518], [2.2868142, 48.8510127], [2.2866784, 48.8509942]]}}, {"type": "Feature", "properties": {"highway": "footway", "footway": null, "name": null, "surface": null, "lit": "yes", "length_m": 52.85, "type_element": "Way", "__fid": 13982}, "geometry": {"type": "LineString", "coordinates": [[2.2866784, 48.8509942], [2.2866895, 48.8510607], [2.2870581, 48.8513887]]}}, {"type": "Feature", "properties": {"highway": "corridor", "footway": null, "name": null, "surface": null, "lit": null, "length_m": 4.31, "type_element": "Way", "__fid": 13983}, "geometry": {"type": "LineString", "coordinates": [[2.2866697, 48.8519998], [2.286707188695051, 48.85202962475195]]}}, {"type": "Feature", "properties": {"highway": "corridor", "footway": null, "name": null, "surface": null, "lit": null, "length_m": 2.61, "type_element": "Way", "__fid": 13985}, "geometry": {"type": "LineString", "coordinates": [[2.286707045387596, 48.852030646871086], [2.2866776, 48.852017500000024]]}}, {"type": "Feature", "properties": {"highway": "footway", "footway": "sidewalk", "name": null, "surface": "asphalt", "lit": "yes", "length_m": 3.64, "type_element": "Way", "__fid": 13991}, "geometry": {"type": "LineString", "coordinates": [[2.286796800000203, 48.84816783333345], [2.286748699999893, 48.848159866666684]]}}, {"type": "Feature", "properties": {"highway": "corridor", "footway": null, "name": null, "surface": null, "lit": null, "length_m": 0.29, "type_element": "Way", "__fid": 13993}, "geometry": {"type": "LineString", "coordinates": [[2.2867103, 48.85203210000002], [2.286707045387596, 48.852030646871086]]}}, {"type": "Feature", "properties": {"highway": "corridor", "footway": null, "name": null, "surface": null, "lit": null, "length_m": 0.11, "type_element": "Way", "__fid": 13994}, "geometry": {"type": "LineString", "coordinates": [[2.286707045387596, 48.852030646871086], [2.286707188695051, 48.85202962475195]]}}, {"type": "Feature", "properties": {"highway": "corridor", "footway": null, "name": null, "surface": null, "lit": null, "length_m": 0.36, "type_element": "Way", "__fid": 13995}, "geometry": {"type": "LineString", "coordinates": [[2.286707188695051, 48.85202962475195], [2.2867103, 48.85203210000002]]}}, {"type": "Feature", "properties": {"highway": "corridor", "footway": null, "name": null, "surface": null, "lit": null, "length_m": 2.08, "type_element": "Way", "__fid": 13996}, "geometry": {"type": "LineString", "coordinates": [[2.286707188695051, 48.85202962475195], [2.2867098, 48.852011]]}}, {"type": "Feature", "properties": {"highway": "corridor", "footway": null, "name": null, "surface": null, "lit": null, "length_m": 2.97, "type_element": "Way", "__fid": 13997}, "geometry": {"type": "LineString", "coordinates": [[2.2867377, 48.8520518], [2.2867103, 48.85203210000002]]}}, {"type": "Feature", "properties": {"highway": "corridor", "footway": null, "name": null, "surface": null, "lit": null, "length_m": 2.57, "type_element": "Way", "__fid": 13998}, "geometry": {"type": "LineString", "coordinates": [[2.2867103, 48.85203210000002], [2.2867211, 48.85205410000002]]}}, {"type": "Feature", "properties": {"highway": "corridor", "footway": null, "name": null, "surface": null, "lit": null, "length_m": 7.75, "type_element": "Way", "__fid": 13999}, "geometry": {"type": "LineString", "coordinates": [[2.286791081966336, 48.851987159233055], [2.2867103, 48.85203210000002]]}}, {"type": "Feature", "properties": {"highway": "corridor", "footway": null, "name": null, "surface": null, "lit": null, "length_m": 4.33, "type_element": "Way", "__fid": 14002}, "geometry": {"type": "LineString", "coordinates": [[2.2867122, 48.8519683], [2.2867263, 48.85197689999998], [2.2867581, 48.8519611]]}}, {"type": "Feature", "properties": {"highway": "footway", "footway": "sidewalk", "name": null, "surface": "asphalt", "lit": "yes", "length_m": 109.09, "type_element": "Way", "__fid": 14003}, "geometry": {"type": "LineString", "coordinates": [[2.2877088, 48.8536191], [2.287682, 48.8536094], [2.2867104, 48.8529216], [2.286705, 48.8529013]]}}, {"type": "Feature", "properties": {"highway": "footway", "footway": "sidewalk", "name": null, "surface": "asphalt", "lit": "yes", "length_m": 44.74, "type_element": "Way", "__fid": 14004}, "geometry": {"type": "LineString", "coordinates": [[2.286705, 48.8529013], [2.2867384, 48.852873], [2.2871964, 48.8527128], [2.2872319, 48.8527198]]}}, {"type": "Feature", "properties": {"highway": "corridor", "footway": null, "name": null, "surface": null, "lit": null, "length_m": 1.27, "type_element": "Way", "__fid": 14005}, "geometry": {"type": "LineString", "coordinates": [[2.286724476899377, 48.85193453511953], [2.286718915017047, 48.851923737566]]}}, {"type": "Feature", "properties": {"highway": "corridor", "footway": null, "name": null, "surface": null, "lit": null, "length_m": 0.01, "type_element": "Way", "__fid": 14006}, "geometry": {"type": "LineString", "coordinates": [[2.286718915017047, 48.851923737566], [2.286719047354746, 48.851923668572006]]}}, {"type": "Feature", "properties": {"highway": "corridor", "footway": null, "name": null, "surface": null, "lit": null, "length_m": 3.45, "type_element": "Way", "__fid": 14007}, "geometry": {"type": "LineString", "coordinates": [[2.286719047354746, 48.851923668572006], [2.286755989729949, 48.851904408726064]]}}, {"type": "Feature", "properties": {"highway": "service", "footway": null, "name": null, "surface": null, "lit": null, "length_m": 4.78, "type_element": "Way", "__fid": 14012}, "geometry": {"type": "LineString", "coordinates": [[2.2867522, 48.8528206], [2.2867104, 48.8527876]]}}, {"type": "Feature", "properties": {"highway": "footway", "footway": "sidewalk", "name": null, "surface": "asphalt", "lit": "yes", "length_m": 135.18, "type_element": "Way", "__fid": 14013}, "geometry": {"type": "LineString", "coordinates": [[2.2883062, 48.8522023], [2.2872382, 48.8525726], [2.2872299, 48.8526017], [2.2867104, 48.8527876]]}}, {"type": "Feature", "properties": {"highway": "corridor", "footway": null, "name": null, "surface": null, "lit": null, "length_m": 1.42, "type_element": "Way", "__fid": 14014}, "geometry": {"type": "LineString", "coordinates": [[2.2867369, 48.8519443], [2.286724476899377, 48.85193453511953]]}}, {"type": "Feature", "properties": {"highway": "footway", "footway": null, "name": null, "surface": null, "lit": null, "length_m": 0.9, "type_element": "Way", "__fid": 14015}, "geometry": {"type": "LineString", "coordinates": [[2.286734046116303, 48.85192949160338], [2.286724476899377, 48.85193453511953]]}}, {"type": "Feature", "properties": {"highway": "footway", "footway": "sidewalk", "name": null, "surface": null, "lit": "yes", "length_m": 28.06, "type_element": "Way", "__fid": 14022}, "geometry": {"type": "LineString", "coordinates": [[2.2868733, 48.8507516], [2.2869075, 48.8506596], [2.2868214, 48.8505807], [2.2867507, 48.8505423]]}}, {"type": "Feature", "properties": {"highway": "footway", "footway": "crossing", "name": null, "surface": null, "lit": "yes", "length_m": 16.49, "type_element": "Way", "__fid": 14023}, "geometry": {"type": "LineString", "coordinates": [[2.2869265, 48.8504499], [2.2867507, 48.8505423]]}}, {"type": "Feature", "properties": {"highway": "footway", "footway": "sidewalk", "name": null, "surface": "asphalt", "lit": "yes", "length_m": 12.6, "type_element": "Way", "__fid": 14024}, "geometry": {"type": "LineString", "coordinates": [[2.2868733, 48.8507516], [2.2868341, 48.8507962], [2.2867488, 48.8508217]]}}, {"type": "Feature", "properties": {"highway": "corridor", "footway": null, "name": null, "surface": null, "lit": null, "length_m": 1.37, "type_element": "Way", "__fid": 14025}, "geometry": {"type": "LineString", "coordinates": [[2.286745393754049, 48.85193922910316], [2.286734046116303, 48.85192949160338]]}}, {"type": "Feature", "properties": {"highway": "corridor", "footway": null, "name": null, "surface": null, "lit": null, "length_m": 7.66, "type_element": "Way", "__fid": 14026}, "geometry": {"type": "LineString", "coordinates": [[2.286734046116303, 48.85192949160338], [2.2867245, 48.85192130000002], [2.286795, 48.85188569999998]]}}, {"type": "Feature", "properties": {"highway": "footway", "footway": null, "name": null, "surface": null, "lit": null, "length_m": 14.24, "type_element": "Way", "__fid": 14027}, "geometry": {"type": "LineString", "coordinates": [[2.286885704052346, 48.85184955909575], [2.286734046116303, 48.85192949160338]]}}, {"type": "Feature", "properties": {"highway": "corridor", "footway": null, "name": null, "surface": null, "lit": null, "length_m": 2.43, "type_element": "Way", "__fid": 14028}, "geometry": {"type": "LineString", "coordinates": [[2.2867581, 48.8519611], [2.2867369, 48.8519443]]}}, {"type": "Feature", "properties": {"highway": "corridor", "footway": null, "name": null, "surface": null, "lit": null, "length_m": 0.84, "type_element": "Way", "__fid": 14029}, "geometry": {"type": "LineString", "coordinates": [[2.286745393754049, 48.85193922910316], [2.2867369, 48.8519443]]}}, {"type": "Feature", "properties": {"highway": "corridor", "footway": null, "name": null, "surface": null, "lit": null, "length_m": 1.2, "type_element": "Way", "__fid": 14034}, "geometry": {"type": "LineString", "coordinates": [[2.286744850000038, 48.8518965], [2.286755989729949, 48.851904408726064]]}}, {"type": "Feature", "properties": {"highway": "footway", "footway": "sidewalk", "name": null, "surface": "asphalt", "lit": "yes", "length_m": 94.36, "type_element": "Way", "__fid": 14035}, "geometry": {"type": "LineString", "coordinates": [[2.2874254, 48.84890810000001], [2.286796800000203, 48.84816783333345]]}}, {"type": "Feature", "properties": {"highway": "footway", "footway": "crossing", "name": null, "surface": "asphalt", "lit": "yes", "length_m": 8.25, "type_element": "Way", "__fid": 14036}, "geometry": {"type": "LineString", "coordinates": [[2.286893700000218, 48.84813030000013], [2.286796800000203, 48.84816783333345]]}}, {"type": "Feature", "properties": {"highway": "corridor", "footway": null, "name": null, "surface": null, "lit": null, "length_m": 6.24, "type_element": "Way", "__fid": 14037}, "geometry": {"type": "LineString", "coordinates": [[2.2867973, 48.8519837], [2.286745393754049, 48.85193922910316]]}}, {"type": "Feature", "properties": {"highway": "corridor", "footway": null, "name": null, "surface": null, "lit": null, "length_m": 1.15, "type_element": "Way", "__fid": 14038}, "geometry": {"type": "LineString", "coordinates": [[2.286757, 48.8519323], [2.286745393754049, 48.85193922910316]]}}, {"type": "Feature", "properties": {"highway": "corridor", "footway": null, "name": null, "surface": null, "lit": null, "length_m": 0.04, "type_element": "Way", "__fid": 14049}, "geometry": {"type": "LineString", "coordinates": [[2.286755989729949, 48.851904408726064], [2.286756400000065, 48.85190470000002]]}}, {"type": "Feature", "properties": {"highway": "corridor", "footway": null, "name": null, "surface": null, "lit": null, "length_m": 3.53, "type_element": "Way", "__fid": 14050}, "geometry": {"type": "LineString", "coordinates": [[2.286755989729949, 48.851904408726064], [2.286794025196483, 48.851884964766995]]}}, {"type": "Feature", "properties": {"highway": "corridor", "footway": null, "name": null, "surface": null, "lit": null, "length_m": 3.78, "type_element": "Way", "__fid": 14052}, "geometry": {"type": "LineString", "coordinates": [[2.286791081966336, 48.851987159233055], [2.2867581, 48.8519611]]}}, {"type": "Feature", "properties": {"highway": "footway", "footway": "sidewalk", "name": null, "surface": "asphalt", "lit": "yes", "length_m": 2.85, "type_element": "Way", "__fid": 14056}, "geometry": {"type": "LineString", "coordinates": [[2.286868299999758, 48.848053666666736], [2.2868318, 48.84804480000001]]}}, {"type": "Feature", "properties": {"highway": "footway", "footway": "crossing", "name": null, "surface": "asphalt", "lit": "yes", "length_m": 7.2, "type_element": "Way", "__fid": 14058}, "geometry": {"type": "LineString", "coordinates": [[2.286802866666509, 48.85034373333344], [2.2868975, 48.8503608]]}}, {"type": "Feature", "properties": {"highway": "corridor", "footway": null, "name": null, "surface": null, "lit": null, "length_m": 1.21, "type_element": "Way", "__fid": 14060}, "geometry": {"type": "LineString", "coordinates": [[2.2867832, 48.8518768], [2.286794025196483, 48.851884964766995]]}}, {"type": "Feature", "properties": {"highway": "corridor", "footway": null, "name": null, "surface": null, "lit": null, "length_m": 5.78, "type_element": "Way", "__fid": 14063}, "geometry": {"type": "LineString", "coordinates": [[2.2868416, 48.852027], [2.286791081966336, 48.851987159233055]]}}, {"type": "Feature", "properties": {"highway": "corridor", "footway": null, "name": null, "surface": null, "lit": null, "length_m": 0.6, "type_element": "Way", "__fid": 14064}, "geometry": {"type": "LineString", "coordinates": [[2.2867973, 48.8519837], [2.286791081966336, 48.851987159233055]]}}, {"type": "Feature", "properties": {"highway": "corridor", "footway": null, "name": null, "surface": null, "lit": null, "length_m": 0.11, "type_element": "Way", "__fid": 14065}, "geometry": {"type": "LineString", "coordinates": [[2.286794025196483, 48.851884964766995], [2.286795, 48.85188569999998]]}}, {"type": "Feature", "properties": {"highway": "corridor", "footway": null, "name": null, "surface": null, "lit": null, "length_m": 2.01, "type_element": "Way", "__fid": 14066}, "geometry": {"type": "LineString", "coordinates": [[2.286794025196483, 48.851884964766995], [2.2868157, 48.8518739]]}}, {"type": "Feature", "properties": {"highway": "corridor", "footway": null, "name": null, "surface": null, "lit": null, "length_m": 7.77, "type_element": "Way", "__fid": 14067}, "geometry": {"type": "LineString", "coordinates": [[2.286795, 48.85188569999998], [2.286879043964162, 48.85184319721979]]}}, {"type": "Feature", "properties": {"highway": "footway", "footway": null, "name": null, "surface": null, "lit": null, "length_m": 48.32, "type_element": "Way", "__fid": 14068}, "geometry": {"type": "LineString", "coordinates": [[2.2867911, 48.8521814], [2.2868959, 48.8522646], [2.2872754, 48.8520554]]}}, {"type": "Feature", "properties": {"highway": "footway", "footway": null, "name": null, "surface": null, "lit": null, "length_m": 36.72, "type_element": "Way", "__fid": 14069}, "geometry": {"type": "LineString", "coordinates": [[2.2867911, 48.8521814], [2.2871802, 48.85197369999999]]}}, {"type": "Feature", "properties": {"highway": "corridor", "footway": null, "name": null, "surface": null, "lit": null, "length_m": 3.91, "type_element": "Way", "__fid": 14070}, "geometry": {"type": "LineString", "coordinates": [[2.286829748805704, 48.852011554712746], [2.2867973, 48.8519837]]}}, {"type": "Feature", "properties": {"highway": "corridor", "footway": null, "name": null, "surface": null, "lit": null, "length_m": 1.21, "type_element": "Way", "__fid": 14073}, "geometry": {"type": "LineString", "coordinates": [[2.2868057, 48.8518653], [2.2868157, 48.8518739]]}}, {"type": "Feature", "properties": {"highway": "corridor", "footway": null, "name": null, "surface": null, "lit": null, "length_m": 5.77, "type_element": "Way", "__fid": 14078}, "geometry": {"type": "LineString", "coordinates": [[2.2868157, 48.8518739], [2.286878, 48.8518422]]}}, {"type": "Feature", "properties": {"highway": "footway", "footway": "crossing", "name": null, "surface": "asphalt", "lit": "yes", "length_m": 5.85, "type_element": "Way", "__fid": 14079}, "geometry": {"type": "LineString", "coordinates": [[2.286868299999758, 48.848053666666736], [2.286913766666556, 48.84809693333336]]}}, {"type": "Feature", "properties": {"highway": "footway", "footway": "sidewalk", "name": null, "surface": null, "lit": "yes", "length_m": 198.15, "type_element": "Way", "__fid": 14080}, "geometry": {"type": "LineString", "coordinates": [[2.286868299999758, 48.848053666666736], [2.2891269, 48.8471849], [2.2891959, 48.8471511]]}}, {"type": "Feature", "properties": {"highway": "steps", "footway": null, "name": null, "surface": "wood", "lit": null, "length_m": 10.22, "type_element": "Way", "__fid": 14086}, "geometry": {"type": "LineString", "coordinates": [[2.286820799999952, 48.85203755000003], [2.2868157, 48.8520559], [2.2867983, 48.852064], [2.2867759, 48.852055600000014], [2.2867786, 48.8520442], [2.2867978, 48.8520355], [2.286820799999952, 48.85203755000003]]}}, {"type": "Feature", "properties": {"highway": "corridor", "footway": null, "name": null, "surface": null, "lit": null, "length_m": 1.89, "type_element": "Way", "__fid": 14087}, "geometry": {"type": "LineString", "coordinates": [[2.286842369483939, 48.8520282420074], [2.286820799999952, 48.85203755000003]]}}, {"type": "Feature", "properties": {"highway": "corridor", "footway": null, "name": null, "surface": null, "lit": null, "length_m": 0.22, "type_element": "Way", "__fid": 14092}, "geometry": {"type": "LineString", "coordinates": [[2.286829748805704, 48.852011554712746], [2.286827300000053, 48.85201270000003]]}}, {"type": "Feature", "properties": {"highway": "corridor", "footway": null, "name": null, "surface": null, "lit": null, "length_m": 1.89, "type_element": "Way", "__fid": 14093}, "geometry": {"type": "LineString", "coordinates": [[2.286845526719514, 48.85202501899514], [2.286829748805704, 48.852011554712746]]}}, {"type": "Feature", "properties": {"highway": "corridor", "footway": null, "name": null, "surface": null, "lit": null, "length_m": 1.24, "type_element": "Way", "__fid": 14094}, "geometry": {"type": "LineString", "coordinates": [[2.28684355, 48.8520051], [2.286829748805704, 48.852011554712746]]}}, {"type": "Feature", "properties": {"highway": "footway", "footway": "sidewalk", "name": null, "surface": "asphalt", "lit": "yes", "length_m": 94.24, "type_element": "Way", "__fid": 14102}, "geometry": {"type": "LineString", "coordinates": [[2.2875378, 48.848863499999986], [2.286893700000218, 48.84813030000013]]}}, {"type": "Feature", "properties": {"highway": "footway", "footway": "sidewalk", "name": null, "surface": "asphalt", "lit": "yes", "length_m": 3.99, "type_element": "Way", "__fid": 14103}, "geometry": {"type": "LineString", "coordinates": [[2.286913766666556, 48.84809693333336], [2.286893700000218, 48.84813030000013]]}}, {"type": "Feature", "properties": {"highway": "corridor", "footway": null, "name": null, "surface": null, "lit": null, "length_m": 0.19, "type_element": "Way", "__fid": 14104}, "geometry": {"type": "LineString", "coordinates": [[2.2868416, 48.852027], [2.286844109114016, 48.852027491295374]]}}, {"type": "Feature", "properties": {"highway": "corridor", "footway": null, "name": null, "surface": null, "lit": null, "length_m": 0.15, "type_element": "Way", "__fid": 14105}, "geometry": {"type": "LineString", "coordinates": [[2.286842369483939, 48.8520282420074], [2.2868416, 48.852027]]}}, {"type": "Feature", "properties": {"highway": "corridor", "footway": null, "name": null, "surface": null, "lit": null, "length_m": 0.36, "type_element": "Way", "__fid": 14106}, "geometry": {"type": "LineString", "coordinates": [[2.286845526719514, 48.85202501899514], [2.2868416, 48.852027]]}}, {"type": "Feature", "properties": {"highway": "corridor", "footway": null, "name": null, "surface": null, "lit": null, "length_m": 4.88, "type_element": "Way", "__fid": 14109}, "geometry": {"type": "LineString", "coordinates": [[2.286842369483939, 48.8520282420074], [2.286855333333504, 48.85204916666683], [2.286848545798147, 48.85202836001717]]}}, {"type": "Feature", "properties": {"highway": "corridor", "footway": null, "name": null, "surface": null, "lit": null, "length_m": 0.15, "type_element": "Way", "__fid": 14110}, "geometry": {"type": "LineString", "coordinates": [[2.286844109114016, 48.852027491295374], [2.286842369483939, 48.8520282420074]]}}, {"type": "Feature", "properties": {"highway": "corridor", "footway": null, "name": null, "surface": null, "lit": null, "length_m": 0.34, "type_element": "Way", "__fid": 14111}, "geometry": {"type": "LineString", "coordinates": [[2.286844109114016, 48.852027491295374], [2.286848545798147, 48.85202836001717]]}}, {"type": "Feature", "properties": {"highway": "corridor", "footway": null, "name": null, "surface": null, "lit": null, "length_m": 0.07, "type_element": "Way", "__fid": 14112}, "geometry": {"type": "LineString", "coordinates": [[2.2868449, 48.85202715000004], [2.286844109114016, 48.852027491295374]]}}, {"type": "Feature", "properties": {"highway": "corridor", "footway": null, "name": null, "surface": null, "lit": null, "length_m": 0.32, "type_element": "Way", "__fid": 14113}, "geometry": {"type": "LineString", "coordinates": [[2.2868482, 48.85202729999999], [2.286845526719514, 48.85202501899514]]}}, {"type": "Feature", "properties": {"highway": "corridor", "footway": null, "name": null, "surface": null, "lit": null, "length_m": 7.86, "type_element": "Way", "__fid": 14114}, "geometry": {"type": "LineString", "coordinates": [[2.2869306, 48.8519821], [2.286845526719514, 48.85202501899514]]}}, {"type": "Feature", "properties": {"highway": "corridor", "footway": null, "name": null, "surface": null, "lit": null, "length_m": 0.12, "type_element": "Way", "__fid": 14115}, "geometry": {"type": "LineString", "coordinates": [[2.286848545798147, 48.85202836001717], [2.2868482, 48.85202729999999]]}}, {"type": "Feature", "properties": {"highway": "corridor", "footway": null, "name": null, "surface": null, "lit": null, "length_m": 7.72, "type_element": "Way", "__fid": 14116}, "geometry": {"type": "LineString", "coordinates": [[2.2869317, 48.8519851], [2.2868482, 48.85202729999999]]}}, {"type": "Feature", "properties": {"highway": "corridor", "footway": null, "name": null, "surface": null, "lit": null, "length_m": 1.66, "type_element": "Way", "__fid": 14119}, "geometry": {"type": "LineString", "coordinates": [[2.286848545798147, 48.85202836001717], [2.2868702, 48.8520326]]}}, {"type": "Feature", "properties": {"highway": "footway", "footway": "sidewalk", "name": null, "surface": null, "lit": "yes", "length_m": 5.08, "type_element": "Way", "__fid": 14126}, "geometry": {"type": "LineString", "coordinates": [[2.2869424, 48.8507538], [2.2868733, 48.8507516]]}}, {"type": "Feature", "properties": {"highway": "footway", "footway": "sidewalk", "name": null, "surface": "asphalt", "lit": "yes", "length_m": 202.61, "type_element": "Way", "__fid": 14127}, "geometry": {"type": "LineString", "coordinates": [[2.286913766666556, 48.84809693333336], [2.2875957, 48.8478442], [2.2882793, 48.8475788], [2.28835, 48.8475988], [2.2887938, 48.847429800000015], [2.2888031, 48.847393299999986], [2.2892662, 48.8472097]]}}, {"type": "Feature", "properties": {"highway": "footway", "footway": "sidewalk", "name": null, "surface": "asphalt", "lit": "yes", "length_m": 10.47, "type_element": "Way", "__fid": 14131}, "geometry": {"type": "LineString", "coordinates": [[2.2868975, 48.8503608], [2.2869051, 48.8504321], [2.2869265, 48.8504499]]}}, {"type": "Feature", "properties": {"highway": "footway", "footway": "sidewalk", "name": null, "surface": "asphalt", "lit": "yes", "length_m": 13.26, "type_element": "Way", "__fid": 14132}, "geometry": {"type": "LineString", "coordinates": [[2.2870331, 48.8504153], [2.2869985, 48.8503969], [2.2869535, 48.850353799999986], [2.2868975, 48.8503608]]}}, {"type": "Feature", "properties": {"highway": "corridor", "footway": null, "name": null, "surface": null, "lit": null, "length_m": 0.13, "type_element": "Way", "__fid": 14133}, "geometry": {"type": "LineString", "coordinates": [[2.286879043964162, 48.85184319721979], [2.286878, 48.8518422]]}}, {"type": "Feature", "properties": {"highway": "corridor", "footway": null, "name": null, "surface": null, "lit": null, "length_m": 0.3, "type_element": "Way", "__fid": 14134}, "geometry": {"type": "LineString", "coordinates": [[2.286878, 48.8518422], [2.286881200140396, 48.85184050748191]]}}, {"type": "Feature", "properties": {"highway": "corridor", "footway": null, "name": null, "surface": null, "lit": null, "length_m": 0.86, "type_element": "Way", "__fid": 14135}, "geometry": {"type": "LineString", "coordinates": [[2.286885704052346, 48.85184955909575], [2.286879043964162, 48.85184319721979]]}}, {"type": "Feature", "properties": {"highway": "corridor", "footway": null, "name": null, "surface": null, "lit": null, "length_m": 0.31, "type_element": "Way", "__fid": 14136}, "geometry": {"type": "LineString", "coordinates": [[2.286879043964162, 48.85184319721979], [2.2868824, 48.85184149999998]]}}, {"type": "Feature", "properties": {"highway": "corridor", "footway": null, "name": null, "surface": null, "lit": null, "length_m": 0.14, "type_element": "Way", "__fid": 14137}, "geometry": {"type": "LineString", "coordinates": [[2.286881200140396, 48.85184050748191], [2.2868824, 48.85184149999998]]}}, {"type": "Feature", "properties": {"highway": "corridor", "footway": null, "name": null, "surface": null, "lit": null, "length_m": 1.81, "type_element": "Way", "__fid": 14138}, "geometry": {"type": "LineString", "coordinates": [[2.286881200140396, 48.85184050748191], [2.2869005, 48.8518303]]}}, {"type": "Feature", "properties": {"highway": "corridor", "footway": null, "name": null, "surface": null, "lit": null, "length_m": 0.88, "type_element": "Way", "__fid": 14139}, "geometry": {"type": "LineString", "coordinates": [[2.2868824, 48.85184149999998], [2.286887234849303, 48.85184875227492]]}}, {"type": "Feature", "properties": {"highway": "corridor", "footway": null, "name": null, "surface": null, "lit": null, "length_m": 1.84, "type_element": "Way", "__fid": 14140}, "geometry": {"type": "LineString", "coordinates": [[2.2868824, 48.85184149999998], [2.286902297184791, 48.8518315016683]]}}, {"type": "Feature", "properties": {"highway": "footway", "footway": null, "name": null, "surface": null, "lit": null, "length_m": 0.14, "type_element": "Way", "__fid": 14141}, "geometry": {"type": "LineString", "coordinates": [[2.286887234849303, 48.85184875227492], [2.286885704052346, 48.85184955909575]]}}, {"type": "Feature", "properties": {"highway": "footway", "footway": null, "name": null, "surface": null, "lit": null, "length_m": 2.15, "type_element": "Way", "__fid": 14142}, "geometry": {"type": "LineString", "coordinates": [[2.286910084981599, 48.85183670889394], [2.286887234849303, 48.85184875227492]]}}, {"type": "Feature", "properties": {"highway": "steps", "footway": null, "name": null, "surface": null, "lit": null, "length_m": 9.28, "type_element": "Way", "__fid": 14143}, "geometry": {"type": "LineString", "coordinates": [[2.286989124272974, 48.8516507942824], [2.2869073, 48.8516925], [2.286892810166111, 48.85168063144397]]}}, {"type": "Feature", "properties": {"highway": "steps", "footway": null, "name": null, "surface": null, "lit": null, "length_m": 10.42, "type_element": "Way", "__fid": 14144}, "geometry": {"type": "LineString", "coordinates": [[2.286992880000305, 48.85165338000008], [2.2869063, 48.851699099999976], [2.286892810166111, 48.85168063144397]]}}, {"type": "Feature", "properties": {"highway": "steps", "footway": null, "name": null, "surface": null, "lit": null, "length_m": 7.47, "type_element": "Way", "__fid": 14145}, "geometry": {"type": "LineString", "coordinates": [[2.286892810166111, 48.85168063144397], [2.286975533498333, 48.851641437394846]]}}, {"type": "Feature", "properties": {"highway": "corridor", "footway": null, "name": null, "surface": null, "lit": null, "length_m": 0.19, "type_element": "Way", "__fid": 14152}, "geometry": {"type": "LineString", "coordinates": [[2.286902297184791, 48.8518315016683], [2.2869005, 48.8518303]]}}, {"type": "Feature", "properties": {"highway": "corridor", "footway": null, "name": null, "surface": null, "lit": null, "length_m": 1.87, "type_element": "Way", "__fid": 14153}, "geometry": {"type": "LineString", "coordinates": [[2.2869005, 48.8518303], [2.286920547918335, 48.85181997682198]]}}, {"type": "Feature", "properties": {"highway": "corridor", "footway": null, "name": null, "surface": null, "lit": null, "length_m": 0.81, "type_element": "Way", "__fid": 14154}, "geometry": {"type": "LineString", "coordinates": [[2.286910084981599, 48.85183670889394], [2.286902297184791, 48.8518315016683]]}}, {"type": "Feature", "properties": {"highway": "corridor", "footway": null, "name": null, "surface": null, "lit": null, "length_m": 1.85, "type_element": "Way", "__fid": 14155}, "geometry": {"type": "LineString", "coordinates": [[2.286902297184791, 48.8518315016683], [2.2869224, 48.85182140000001]]}}, {"type": "Feature", "properties": {"highway": "corridor", "footway": null, "name": null, "surface": null, "lit": null, "length_m": 1.93, "type_element": "Way", "__fid": 14157}, "geometry": {"type": "LineString", "coordinates": [[2.286920547918335, 48.85181997682198], [2.2869034, 48.85180680000001]]}}, {"type": "Feature", "properties": {"highway": "footway", "footway": null, "name": null, "surface": null, "lit": null, "length_m": 21.3, "type_element": "Way", "__fid": 14158}, "geometry": {"type": "LineString", "coordinates": [[2.2869125, 48.851465], [2.287092821236369, 48.851615111700184]]}}, {"type": "Feature", "properties": {"highway": "footway", "footway": null, "name": null, "surface": null, "lit": "yes", "length_m": 13.64, "type_element": "Way", "__fid": 14159}, "geometry": {"type": "LineString", "coordinates": [[2.2870581, 48.8513887], [2.2869125, 48.851465]]}}, {"type": "Feature", "properties": {"highway": "footway", "footway": "sidewalk", "name": null, "surface": "asphalt", "lit": "yes", "length_m": 11.57, "type_element": "Way", "__fid": 14160}, "geometry": {"type": "LineString", "coordinates": [[2.2869265, 48.8504499], [2.2869356, 48.8504574], [2.2869708, 48.8504609], [2.2870377, 48.8504346], [2.2870331, 48.8504153]]}}, {"type": "Feature", "properties": {"highway": "corridor", "footway": null, "name": null, "surface": null, "lit": null, "length_m": 0.76, "type_element": "Way", "__fid": 14165}, "geometry": {"type": "LineString", "coordinates": [[2.2869174, 48.851841600000014], [2.286910084981599, 48.85183670889394]]}}, {"type": "Feature", "properties": {"highway": "footway", "footway": null, "name": null, "surface": null, "lit": null, "length_m": 2.78, "type_element": "Way", "__fid": 14166}, "geometry": {"type": "LineString", "coordinates": [[2.2869397, 48.8518211], [2.286910084981599, 48.85183670889394]]}}, {"type": "Feature", "properties": {"highway": "corridor", "footway": null, "name": null, "surface": null, "lit": null, "length_m": 0.21, "type_element": "Way", "__fid": 14171}, "geometry": {"type": "LineString", "coordinates": [[2.2869224, 48.85182140000001], [2.286920547918335, 48.85181997682198]]}}, {"type": "Feature", "properties": {"highway": "corridor", "footway": null, "name": null, "surface": null, "lit": null, "length_m": 1.03, "type_element": "Way", "__fid": 14172}, "geometry": {"type": "LineString", "coordinates": [[2.286920547918335, 48.85181997682198], [2.286931563160528, 48.85181430479315]]}}, {"type": "Feature", "properties": {"highway": "corridor", "footway": null, "name": null, "surface": null, "lit": null, "length_m": 1.02, "type_element": "Way", "__fid": 14174}, "geometry": {"type": "LineString", "coordinates": [[2.2869224, 48.85182140000001], [2.286933394778968, 48.85181583440767]]}}, {"type": "Feature", "properties": {"highway": "corridor", "footway": null, "name": null, "surface": null, "lit": null, "length_m": 1.94, "type_element": "Way", "__fid": 14175}, "geometry": {"type": "LineString", "coordinates": [[2.286924, 48.851796100000016], [2.2869407, 48.85180960000001]]}}, {"type": "Feature", "properties": {"highway": "footway", "footway": "crossing", "name": null, "surface": "asphalt", "lit": "yes", "length_m": 9.08, "type_element": "Way", "__fid": 14177}, "geometry": {"type": "LineString", "coordinates": [[2.2869424, 48.8507538], [2.2869671, 48.8508338]]}}, {"type": "Feature", "properties": {"highway": "footway", "footway": "sidewalk", "name": null, "surface": null, "lit": "yes", "length_m": 18.96, "type_element": "Way", "__fid": 14178}, "geometry": {"type": "LineString", "coordinates": [[2.2870716, 48.8506066], [2.2870309, 48.8506645], [2.2869424, 48.8507538]]}}, {"type": "Feature", "properties": {"highway": "footway", "footway": null, "name": null, "surface": null, "lit": null, "length_m": 0.22, "type_element": "Way", "__fid": 14179}, "geometry": {"type": "LineString", "coordinates": [[2.286931563160528, 48.85181430479315], [2.286933394778968, 48.85181583440767]]}}, {"type": "Feature", "properties": {"highway": "corridor", "footway": null, "name": null, "surface": null, "lit": null, "length_m": 0.85, "type_element": "Way", "__fid": 14180}, "geometry": {"type": "LineString", "coordinates": [[2.286931563160528, 48.85181430479315], [2.2869407, 48.85180960000001]]}}, {"type": "Feature", "properties": {"highway": "corridor", "footway": null, "name": null, "surface": null, "lit": null, "length_m": 0.32, "type_element": "Way", "__fid": 14181}, "geometry": {"type": "LineString", "coordinates": [[2.28693370185816, 48.851984081511034], [2.2869306, 48.8519821]]}}, {"type": "Feature", "properties": {"highway": "corridor", "footway": null, "name": null, "surface": null, "lit": null, "length_m": 6.4, "type_element": "Way", "__fid": 14182}, "geometry": {"type": "LineString", "coordinates": [[2.286999812202269, 48.851947111611935], [2.2869306, 48.8519821]]}}, {"type": "Feature", "properties": {"highway": "footway", "footway": null, "name": null, "surface": null, "lit": null, "length_m": 0.75, "type_element": "Way", "__fid": 14183}, "geometry": {"type": "LineString", "coordinates": [[2.286933394778968, 48.85181583440767], [2.2869397, 48.8518211]]}}, {"type": "Feature", "properties": {"highway": "corridor", "footway": null, "name": null, "surface": null, "lit": null, "length_m": 2.71, "type_element": "Way", "__fid": 14184}, "geometry": {"type": "LineString", "coordinates": [[2.286933394778968, 48.85181583440767], [2.2869627, 48.851801]]}}, {"type": "Feature", "properties": {"highway": "corridor", "footway": null, "name": null, "surface": null, "lit": null, "length_m": 1.61, "type_element": "Way", "__fid": 14187}, "geometry": {"type": "LineString", "coordinates": [[2.286949150000646, 48.85199395000027], [2.2869317, 48.8519851]]}}, {"type": "Feature", "properties": {"highway": "corridor", "footway": null, "name": null, "surface": null, "lit": null, "length_m": 0.19, "type_element": "Way", "__fid": 14188}, "geometry": {"type": "LineString", "coordinates": [[2.28693370185816, 48.851984081511034], [2.2869317, 48.8519851]]}}, {"type": "Feature", "properties": {"highway": "corridor", "footway": null, "name": null, "surface": null, "lit": null, "length_m": 1.58, "type_element": "Way", "__fid": 14190}, "geometry": {"type": "LineString", "coordinates": [[2.286949150000646, 48.85199395000027], [2.28693370185816, 48.851984081511034]]}}, {"type": "Feature", "properties": {"highway": "corridor", "footway": null, "name": null, "surface": null, "lit": null, "length_m": 1.4, "type_element": "Way", "__fid": 14191}, "geometry": {"type": "LineString", "coordinates": [[2.2869488, 48.8519764], [2.28693370185816, 48.851984081511034]]}}, {"type": "Feature", "properties": {"highway": "footway", "footway": null, "name": null, "surface": null, "lit": null, "length_m": 2.74, "type_element": "Way", "__fid": 14192}, "geometry": {"type": "LineString", "coordinates": [[2.2869397, 48.8518211], [2.286969228821961, 48.85180606714612]]}}, {"type": "Feature", "properties": {"highway": "corridor", "footway": null, "name": null, "surface": null, "lit": null, "length_m": 4.73, "type_element": "Way", "__fid": 14193}, "geometry": {"type": "LineString", "coordinates": [[2.2869407, 48.85180960000001], [2.286991593251877, 48.85178345360571]]}}, {"type": "Feature", "properties": {"highway": "corridor", "footway": null, "name": null, "surface": null, "lit": null, "length_m": 1.95, "type_element": "Way", "__fid": 14198}, "geometry": {"type": "LineString", "coordinates": [[2.2869488, 48.8519764], [2.286949150000646, 48.85199395000027]]}}, {"type": "Feature", "properties": {"highway": "corridor", "footway": null, "name": null, "surface": null, "lit": null, "length_m": 5.33, "type_element": "Way", "__fid": 14199}, "geometry": {"type": "LineString", "coordinates": [[2.2870065, 48.8519473], [2.2869488, 48.8519764]]}}, {"type": "Feature", "properties": {"highway": "footway", "footway": "sidewalk", "name": null, "surface": null, "lit": "yes", "length_m": 21.18, "type_element": "Way", "__fid": 14201}, "geometry": {"type": "LineString", "coordinates": [[2.2869671, 48.8508338], [2.2870575, 48.850806699999985], [2.2871419, 48.8508008], [2.287245100000154, 48.85081128000002]]}}, {"type": "Feature", "properties": {"highway": "footway", "footway": "sidewalk", "name": null, "surface": "asphalt", "lit": "yes", "length_m": 14.32, "type_element": "Way", "__fid": 14204}, "geometry": {"type": "LineString", "coordinates": [[2.286976866666426, 48.850465033333414], [2.287095, 48.8505675]]}}, {"type": "Feature", "properties": {"highway": "corridor", "footway": null, "name": null, "surface": null, "lit": null, "length_m": 0.74, "type_element": "Way", "__fid": 14205}, "geometry": {"type": "LineString", "coordinates": [[2.286969228821961, 48.85180606714612], [2.2869627, 48.851801]]}}, {"type": "Feature", "properties": {"highway": "corridor", "footway": null, "name": null, "surface": null, "lit": null, "length_m": 2.85, "type_element": "Way", "__fid": 14206}, "geometry": {"type": "LineString", "coordinates": [[2.2869627, 48.851801], [2.2869936, 48.8517854]]}}, {"type": "Feature", "properties": {"highway": "corridor", "footway": null, "name": null, "surface": null, "lit": null, "length_m": 0.78, "type_element": "Way", "__fid": 14211}, "geometry": {"type": "LineString", "coordinates": [[2.2869761, 48.85181140000001], [2.286969228821961, 48.85180606714612]]}}, {"type": "Feature", "properties": {"highway": "footway", "footway": null, "name": null, "surface": null, "lit": null, "length_m": 13.84, "type_element": "Way", "__fid": 14212}, "geometry": {"type": "LineString", "coordinates": [[2.286969228821961, 48.85180606714612], [2.287091206295532, 48.851901047008454]]}}, {"type": "Feature", "properties": {"highway": "steps", "footway": null, "name": null, "surface": null, "lit": null, "length_m": 1.44, "type_element": "Way", "__fid": 14213}, "geometry": {"type": "LineString", "coordinates": [[2.286975533498333, 48.851641437394846], [2.286989124272974, 48.8516507942824]]}}, {"type": "Feature", "properties": {"highway": "steps", "footway": null, "name": null, "surface": null, "lit": null, "length_m": 0.5, "type_element": "Way", "__fid": 14214}, "geometry": {"type": "LineString", "coordinates": [[2.286975533498333, 48.851641437394846], [2.2869811, 48.8516388]]}}, {"type": "Feature", "properties": {"highway": "corridor", "footway": null, "name": null, "surface": null, "lit": null, "length_m": 0.86, "type_element": "Way", "__fid": 14218}, "geometry": {"type": "LineString", "coordinates": [[2.286988441201853, 48.851644793193785], [2.2869811, 48.8516388]]}}, {"type": "Feature", "properties": {"highway": "corridor", "footway": null, "name": null, "surface": null, "lit": null, "length_m": 0.33, "type_element": "Way", "__fid": 14219}, "geometry": {"type": "LineString", "coordinates": [[2.2869811, 48.8516388], [2.286984244279187, 48.85163667429068]]}}, {"type": "Feature", "properties": {"highway": "corridor", "footway": null, "name": null, "surface": null, "lit": null, "length_m": 1.47, "type_element": "Way", "__fid": 14222}, "geometry": {"type": "LineString", "coordinates": [[2.2869803, 48.85177249999999], [2.286991593251877, 48.85178345360571]]}}, {"type": "Feature", "properties": {"highway": "corridor", "footway": null, "name": null, "surface": null, "lit": null, "length_m": 1.59, "type_element": "Way", "__fid": 14223}, "geometry": {"type": "LineString", "coordinates": [[2.286999812202269, 48.851947111611935], [2.2869781, 48.8519465]]}}, {"type": "Feature", "properties": {"highway": "corridor", "footway": null, "name": null, "surface": null, "lit": null, "length_m": 0.95, "type_element": "Way", "__fid": 14224}, "geometry": {"type": "LineString", "coordinates": [[2.286988441201853, 48.851644793193785], [2.286984244279187, 48.85163667429068]]}}, {"type": "Feature", "properties": {"highway": "corridor", "footway": null, "name": null, "surface": null, "lit": null, "length_m": 1.41, "type_element": "Way", "__fid": 14225}, "geometry": {"type": "LineString", "coordinates": [[2.286984244279187, 48.85163667429068], [2.28699766666662, 48.85162760000002]]}}, {"type": "Feature", "properties": {"highway": "corridor", "footway": null, "name": null, "surface": null, "lit": null, "length_m": 0.49, "type_element": "Way", "__fid": 14226}, "geometry": {"type": "LineString", "coordinates": [[2.286984244279187, 48.85163667429068], [2.286988921340866, 48.851633512333834]]}}, {"type": "Feature", "properties": {"highway": "corridor", "footway": null, "name": null, "surface": null, "lit": null, "length_m": 0.4, "type_element": "Way", "__fid": 14230}, "geometry": {"type": "LineString", "coordinates": [[2.286991827124151, 48.85164755738475], [2.286988441201853, 48.851644793193785]]}}, {"type": "Feature", "properties": {"highway": "corridor", "footway": null, "name": null, "surface": null, "lit": null, "length_m": 0.6, "type_element": "Way", "__fid": 14231}, "geometry": {"type": "LineString", "coordinates": [[2.286991089395633, 48.8516499160956], [2.286988441201853, 48.851644793193785]]}}, {"type": "Feature", "properties": {"highway": "corridor", "footway": null, "name": null, "surface": null, "lit": null, "length_m": 1.58, "type_element": "Way", "__fid": 14232}, "geometry": {"type": "LineString", "coordinates": [[2.286991827124151, 48.85164755738475], [2.286988921340866, 48.851633512333834]]}}, {"type": "Feature", "properties": {"highway": "corridor", "footway": null, "name": null, "surface": null, "lit": null, "length_m": 0.92, "type_element": "Way", "__fid": 14233}, "geometry": {"type": "LineString", "coordinates": [[2.286988921340866, 48.851633512333834], [2.28699766666662, 48.85162760000002]]}}, {"type": "Feature", "properties": {"highway": "steps", "footway": null, "name": null, "surface": null, "lit": null, "length_m": 0.4, "type_element": "Way", "__fid": 14236}, "geometry": {"type": "LineString", "coordinates": [[2.286989124272974, 48.8516507942824], [2.286992880000305, 48.85165338000008]]}}, {"type": "Feature", "properties": {"highway": "corridor", "footway": null, "name": null, "surface": null, "lit": null, "length_m": 0.17, "type_element": "Way", "__fid": 14237}, "geometry": {"type": "LineString", "coordinates": [[2.286991089395633, 48.8516499160956], [2.286989124272974, 48.8516507942824]]}}, {"type": "Feature", "properties": {"highway": "corridor", "footway": null, "name": null, "surface": null, "lit": null, "length_m": 0.41, "type_element": "Way", "__fid": 14239}, "geometry": {"type": "LineString", "coordinates": [[2.286992880000305, 48.85165338000008], [2.286991089395633, 48.8516499160956]]}}, {"type": "Feature", "properties": {"highway": "corridor", "footway": null, "name": null, "surface": null, "lit": null, "length_m": 0.1, "type_element": "Way", "__fid": 14240}, "geometry": {"type": "LineString", "coordinates": [[2.286992166592198, 48.851649434710986], [2.286991089395633, 48.8516499160956]]}}, {"type": "Feature", "properties": {"highway": "corridor", "footway": null, "name": null, "surface": null, "lit": null, "length_m": 0.19, "type_element": "Way", "__fid": 14241}, "geometry": {"type": "LineString", "coordinates": [[2.286993433304572, 48.85164886863426], [2.286991827124151, 48.85164755738475]]}}, {"type": "Feature", "properties": {"highway": "corridor", "footway": null, "name": null, "surface": null, "lit": null, "length_m": 0.21, "type_element": "Way", "__fid": 14242}, "geometry": {"type": "LineString", "coordinates": [[2.286992166592198, 48.851649434710986], [2.286991827124151, 48.85164755738475]]}}, {"type": "Feature", "properties": {"highway": "corridor", "footway": null, "name": null, "surface": null, "lit": null, "length_m": 0.44, "type_element": "Way", "__fid": 14243}, "geometry": {"type": "LineString", "coordinates": [[2.286992880000305, 48.85165338000008], [2.286992166592198, 48.851649434710986]]}}, {"type": "Feature", "properties": {"highway": "corridor", "footway": null, "name": null, "surface": null, "lit": null, "length_m": 0.11, "type_element": "Way", "__fid": 14244}, "geometry": {"type": "LineString", "coordinates": [[2.286993433304572, 48.85164886863426], [2.286992166592198, 48.851649434710986]]}}, {"type": "Feature", "properties": {"highway": "corridor", "footway": null, "name": null, "surface": null, "lit": null, "length_m": 3.4, "type_element": "Way", "__fid": 14245}, "geometry": {"type": "LineString", "coordinates": [[2.286992880000305, 48.85165338000008], [2.287022188661235, 48.85167705629592]]}}, {"type": "Feature", "properties": {"highway": "corridor", "footway": null, "name": null, "surface": null, "lit": null, "length_m": 3.82, "type_element": "Way", "__fid": 14246}, "geometry": {"type": "LineString", "coordinates": [[2.287026171048206, 48.85167562039688], [2.286993433304572, 48.85164886863426]]}}, {"type": "Feature", "properties": {"highway": "corridor", "footway": null, "name": null, "surface": null, "lit": null, "length_m": 4.52, "type_element": "Way", "__fid": 14247}, "geometry": {"type": "LineString", "coordinates": [[2.287037832983644, 48.85167076125788], [2.2870003, 48.8516458], [2.286993433304572, 48.85164886863426]]}}, {"type": "Feature", "properties": {"highway": "corridor", "footway": null, "name": null, "surface": null, "lit": null, "length_m": 0.26, "type_element": "Way", "__fid": 14248}, "geometry": {"type": "LineString", "coordinates": [[2.286991593251877, 48.85178345360571], [2.2869936, 48.8517854]]}}, {"type": "Feature", "properties": {"highway": "corridor", "footway": null, "name": null, "surface": null, "lit": null, "length_m": 2.32, "type_element": "Way", "__fid": 14249}, "geometry": {"type": "LineString", "coordinates": [[2.286991593251877, 48.85178345360571], [2.287016538658732, 48.85177063789202]]}}, {"type": "Feature", "properties": {"highway": "corridor", "footway": null, "name": null, "surface": null, "lit": null, "length_m": 2.29, "type_element": "Way", "__fid": 14252}, "geometry": {"type": "LineString", "coordinates": [[2.2869936, 48.8517854], [2.2870184, 48.851772900000014]]}}, {"type": "Feature", "properties": {"highway": "corridor", "footway": null, "name": null, "surface": null, "lit": null, "length_m": 0.49, "type_element": "Way", "__fid": 14255}, "geometry": {"type": "LineString", "coordinates": [[2.2870065, 48.8519473], [2.286999812202269, 48.851947111611935]]}}, {"type": "Feature", "properties": {"highway": "corridor", "footway": null, "name": null, "surface": null, "lit": null, "length_m": 0.36, "type_element": "Way", "__fid": 14256}, "geometry": {"type": "LineString", "coordinates": [[2.2870038, 48.8519452], [2.286999812202269, 48.851947111611935]]}}, {"type": "Feature", "properties": {"highway": "corridor", "footway": null, "name": null, "surface": null, "lit": null, "length_m": 1.51, "type_element": "Way", "__fid": 14257}, "geometry": {"type": "LineString", "coordinates": [[2.287022188661235, 48.85167705629592], [2.287003549999943, 48.85168285000001]]}}, {"type": "Feature", "properties": {"highway": "corridor", "footway": null, "name": null, "surface": null, "lit": null, "length_m": 0.31, "type_element": "Way", "__fid": 14260}, "geometry": {"type": "LineString", "coordinates": [[2.2870038, 48.8519452], [2.28700658651627, 48.851947256315285]]}}, {"type": "Feature", "properties": {"highway": "corridor", "footway": null, "name": null, "surface": null, "lit": null, "length_m": 4.64, "type_element": "Way", "__fid": 14261}, "geometry": {"type": "LineString", "coordinates": [[2.287054, 48.85191990000001], [2.2870038, 48.8519452]]}}, {"type": "Feature", "properties": {"highway": "corridor", "footway": null, "name": null, "surface": null, "lit": null, "length_m": 3.04, "type_element": "Way", "__fid": 14263}, "geometry": {"type": "LineString", "coordinates": [[2.28700658651627, 48.851947256315285], [2.287020400000053, 48.85195745000003], [2.2870065, 48.8519473]]}}, {"type": "Feature", "properties": {"highway": "corridor", "footway": null, "name": null, "surface": null, "lit": null, "length_m": 4.63, "type_element": "Way", "__fid": 14264}, "geometry": {"type": "LineString", "coordinates": [[2.287056695369442, 48.85192195480382], [2.28700658651627, 48.851947256315285]]}}, {"type": "Feature", "properties": {"highway": "footway", "footway": "crossing", "name": null, "surface": "asphalt", "lit": "yes", "length_m": 5.24, "type_element": "Way", "__fid": 14265}, "geometry": {"type": "LineString", "coordinates": [[2.2870331, 48.8504153], [2.287091500000157, 48.850388233333405]]}}, {"type": "Feature", "properties": {"highway": "corridor", "footway": null, "name": null, "surface": null, "lit": null, "length_m": 0.29, "type_element": "Way", "__fid": 14266}, "geometry": {"type": "LineString", "coordinates": [[2.287016538658732, 48.85177063789202], [2.2870184, 48.851772900000014]]}}, {"type": "Feature", "properties": {"highway": "corridor", "footway": null, "name": null, "surface": null, "lit": null, "length_m": 0.39, "type_element": "Way", "__fid": 14267}, "geometry": {"type": "LineString", "coordinates": [[2.287016538658732, 48.85177063789202], [2.2870207, 48.8517685]]}}, {"type": "Feature", "properties": {"highway": "corridor", "footway": null, "name": null, "surface": null, "lit": null, "length_m": 0.44, "type_element": "Way", "__fid": 14268}, "geometry": {"type": "LineString", "coordinates": [[2.2870184, 48.851772900000014], [2.287022919323663, 48.8517703569856]]}}, {"type": "Feature", "properties": {"highway": "corridor", "footway": null, "name": null, "surface": null, "lit": null, "length_m": 0.26, "type_element": "Way", "__fid": 14273}, "geometry": {"type": "LineString", "coordinates": [[2.2870207, 48.8517685], [2.287022919323663, 48.8517703569856]]}}, {"type": "Feature", "properties": {"highway": "corridor", "footway": null, "name": null, "surface": null, "lit": null, "length_m": 6.29, "type_element": "Way", "__fid": 14274}, "geometry": {"type": "LineString", "coordinates": [[2.2870207, 48.8517685], [2.287088171630904, 48.85173359408566]]}}, {"type": "Feature", "properties": {"highway": "corridor", "footway": null, "name": null, "surface": null, "lit": null, "length_m": 1.57, "type_element": "Way", "__fid": 14275}, "geometry": {"type": "LineString", "coordinates": [[2.287022188661235, 48.85167705629592], [2.287035268915706, 48.85168825386171]]}}, {"type": "Feature", "properties": {"highway": "corridor", "footway": null, "name": null, "surface": null, "lit": null, "length_m": 0.17, "type_element": "Way", "__fid": 14276}, "geometry": {"type": "LineString", "coordinates": [[2.287024299999526, 48.85167640000017], [2.287022188661235, 48.85167705629592]]}}, {"type": "Feature", "properties": {"highway": "corridor", "footway": null, "name": null, "surface": null, "lit": null, "length_m": 1.48, "type_element": "Way", "__fid": 14277}, "geometry": {"type": "LineString", "coordinates": [[2.287022919323663, 48.8517703569856], [2.2870354, 48.8517808]]}}, {"type": "Feature", "properties": {"highway": "corridor", "footway": null, "name": null, "surface": null, "lit": null, "length_m": 6.3, "type_element": "Way", "__fid": 14278}, "geometry": {"type": "LineString", "coordinates": [[2.287022919323663, 48.8517703569856], [2.287088203715165, 48.85173362154135]]}}, {"type": "Feature", "properties": {"highway": "corridor", "footway": null, "name": null, "surface": null, "lit": null, "length_m": 0.16, "type_element": "Way", "__fid": 14279}, "geometry": {"type": "LineString", "coordinates": [[2.287024299999526, 48.85167640000017], [2.287026171048206, 48.85167562039688]]}}, {"type": "Feature", "properties": {"highway": "corridor", "footway": null, "name": null, "surface": null, "lit": null, "length_m": 0.18, "type_element": "Way", "__fid": 14280}, "geometry": {"type": "LineString", "coordinates": [[2.287026706856101, 48.85167606067315], [2.287024299999526, 48.85167640000017]]}}, {"type": "Feature", "properties": {"highway": "corridor", "footway": null, "name": null, "surface": null, "lit": null, "length_m": 0.06, "type_element": "Way", "__fid": 14282}, "geometry": {"type": "LineString", "coordinates": [[2.287026706856101, 48.85167606067315], [2.287026171048206, 48.85167562039688]]}}, {"type": "Feature", "properties": {"highway": "corridor", "footway": null, "name": null, "surface": null, "lit": null, "length_m": 1.01, "type_element": "Way", "__fid": 14283}, "geometry": {"type": "LineString", "coordinates": [[2.287026171048206, 48.85167562039688], [2.287037832983644, 48.85167076125788]]}}, {"type": "Feature", "properties": {"highway": "corridor", "footway": null, "name": null, "surface": null, "lit": null, "length_m": 1.19, "type_element": "Way", "__fid": 14284}, "geometry": {"type": "LineString", "coordinates": [[2.287036870371743, 48.851684384857364], [2.287026706856101, 48.85167606067315]]}}, {"type": "Feature", "properties": {"highway": "corridor", "footway": null, "name": null, "surface": null, "lit": null, "length_m": 1.08, "type_element": "Way", "__fid": 14285}, "geometry": {"type": "LineString", "coordinates": [[2.287041159296177, 48.851674023116736], [2.287026706856101, 48.85167606067315]]}}, {"type": "Feature", "properties": {"highway": "corridor", "footway": null, "name": null, "surface": null, "lit": null, "length_m": 1.59, "type_element": "Way", "__fid": 14289}, "geometry": {"type": "LineString", "coordinates": [[2.287032460000556, 48.85169504000027], [2.28705138963272, 48.851702079085996]]}}, {"type": "Feature", "properties": {"highway": "corridor", "footway": null, "name": null, "surface": null, "lit": null, "length_m": 0.78, "type_element": "Way", "__fid": 14290}, "geometry": {"type": "LineString", "coordinates": [[2.287032460000556, 48.85169504000027], [2.287035268915706, 48.85168825386171]]}}, {"type": "Feature", "properties": {"highway": "corridor", "footway": null, "name": null, "surface": null, "lit": null, "length_m": 0.62, "type_element": "Way", "__fid": 14291}, "geometry": {"type": "LineString", "coordinates": [[2.287032460000556, 48.85169504000027], [2.287039237966531, 48.85169163851172]]}}, {"type": "Feature", "properties": {"highway": "corridor", "footway": null, "name": null, "surface": null, "lit": null, "length_m": 0.48, "type_element": "Way", "__fid": 14293}, "geometry": {"type": "LineString", "coordinates": [[2.287035268915706, 48.85168825386171], [2.287039237966531, 48.85169163851172]]}}, {"type": "Feature", "properties": {"highway": "corridor", "footway": null, "name": null, "surface": null, "lit": null, "length_m": 0.45, "type_element": "Way", "__fid": 14294}, "geometry": {"type": "LineString", "coordinates": [[2.287035268915706, 48.85168825386171], [2.287036870371743, 48.851684384857364]]}}, {"type": "Feature", "properties": {"highway": "corridor", "footway": null, "name": null, "surface": null, "lit": null, "length_m": 0.83, "type_element": "Way", "__fid": 14295}, "geometry": {"type": "LineString", "coordinates": [[2.287039237966531, 48.85169163851172], [2.287036870371743, 48.851684384857364]]}}, {"type": "Feature", "properties": {"highway": "corridor", "footway": null, "name": null, "surface": null, "lit": null, "length_m": 1.19, "type_element": "Way", "__fid": 14296}, "geometry": {"type": "LineString", "coordinates": [[2.287036870371743, 48.851684384857364], [2.287041159296177, 48.851674023116736]]}}, {"type": "Feature", "properties": {"highway": "corridor", "footway": null, "name": null, "surface": null, "lit": null, "length_m": 0.44, "type_element": "Way", "__fid": 14297}, "geometry": {"type": "LineString", "coordinates": [[2.287041159296177, 48.851674023116736], [2.287037832983644, 48.85167076125788]]}}, {"type": "Feature", "properties": {"highway": "corridor", "footway": null, "name": null, "surface": null, "lit": null, "length_m": 6.71, "type_element": "Way", "__fid": 14298}, "geometry": {"type": "LineString", "coordinates": [[2.287037832983644, 48.85167076125788], [2.2871105, 48.8516341]]}}, {"type": "Feature", "properties": {"highway": "corridor", "footway": null, "name": null, "surface": null, "lit": null, "length_m": 1.46, "type_element": "Way", "__fid": 14299}, "geometry": {"type": "LineString", "coordinates": [[2.287039237966531, 48.85169163851172], [2.28705138963272, 48.851702079085996]]}}, {"type": "Feature", "properties": {"highway": "corridor", "footway": null, "name": null, "surface": null, "lit": null, "length_m": 1.72, "type_element": "Way", "__fid": 14300}, "geometry": {"type": "LineString", "coordinates": [[2.287062804421575, 48.85166812897748], [2.287041159296177, 48.851674023116736]]}}, {"type": "Feature", "properties": {"highway": "corridor", "footway": null, "name": null, "surface": null, "lit": null, "length_m": 1.1, "type_element": "Way", "__fid": 14304}, "geometry": {"type": "LineString", "coordinates": [[2.2870437, 48.8519128], [2.28705426555416, 48.8519197654398]]}}, {"type": "Feature", "properties": {"highway": "corridor", "footway": null, "name": null, "surface": null, "lit": null, "length_m": 1.02, "type_element": "Way", "__fid": 14305}, "geometry": {"type": "LineString", "coordinates": [[2.287062804421575, 48.85166812897748], [2.287049199999888, 48.851669980000125]]}}, {"type": "Feature", "properties": {"highway": "corridor", "footway": null, "name": null, "surface": null, "lit": null, "length_m": 1.5, "type_element": "Way", "__fid": 14306}, "geometry": {"type": "LineString", "coordinates": [[2.28705663843353, 48.85170659305402], [2.2870491, 48.8517191]]}}, {"type": "Feature", "properties": {"highway": "corridor", "footway": null, "name": null, "surface": null, "lit": null, "length_m": 0.55, "type_element": "Way", "__fid": 14307}, "geometry": {"type": "LineString", "coordinates": [[2.28705138963272, 48.851702079085996], [2.2870579, 48.8517045]]}}, {"type": "Feature", "properties": {"highway": "corridor", "footway": null, "name": null, "surface": null, "lit": null, "length_m": 0.63, "type_element": "Way", "__fid": 14308}, "geometry": {"type": "LineString", "coordinates": [[2.28705138963272, 48.851702079085996], [2.28705663843353, 48.85170659305402]]}}, {"type": "Feature", "properties": {"highway": "footway", "footway": null, "name": null, "surface": null, "lit": null, "length_m": 19.87, "type_element": "Way", "__fid": 14311}, "geometry": {"type": "LineString", "coordinates": [[2.2870581, 48.8513887], [2.2872723, 48.8512794]]}}, {"type": "Feature", "properties": {"highway": "footway", "footway": "sidewalk", "name": null, "surface": null, "lit": "yes", "length_m": 22.37, "type_element": "Way", "__fid": 14312}, "geometry": {"type": "LineString", "coordinates": [[2.2872775, 48.8507471], [2.2872092, 48.8507294], [2.2870716, 48.8506066]]}}, {"type": "Feature", "properties": {"highway": "footway", "footway": "sidewalk", "name": null, "surface": null, "lit": "yes", "length_m": 4.67, "type_element": "Way", "__fid": 14313}, "geometry": {"type": "LineString", "coordinates": [[2.2870716, 48.8506066], [2.287095, 48.8505675]]}}, {"type": "Feature", "properties": {"highway": "corridor", "footway": null, "name": null, "surface": null, "lit": null, "length_m": 0.48, "type_element": "Way", "__fid": 14314}, "geometry": {"type": "LineString", "coordinates": [[2.28705663843353, 48.85170659305402], [2.2870606, 48.85171]]}}, {"type": "Feature", "properties": {"highway": "corridor", "footway": null, "name": null, "surface": null, "lit": null, "length_m": 0.25, "type_element": "Way", "__fid": 14315}, "geometry": {"type": "LineString", "coordinates": [[2.2870579, 48.8517045], [2.28705663843353, 48.85170659305402]]}}, {"type": "Feature", "properties": {"highway": "corridor", "footway": null, "name": null, "surface": null, "lit": null, "length_m": 0.3, "type_element": "Way", "__fid": 14316}, "geometry": {"type": "LineString", "coordinates": [[2.287054, 48.85191990000001], [2.287056695369442, 48.85192195480382]]}}, {"type": "Feature", "properties": {"highway": "corridor", "footway": null, "name": null, "surface": null, "lit": null, "length_m": 0.02, "type_element": "Way", "__fid": 14317}, "geometry": {"type": "LineString", "coordinates": [[2.28705426555416, 48.8519197654398], [2.287054, 48.85191990000001]]}}, {"type": "Feature", "properties": {"highway": "corridor", "footway": null, "name": null, "surface": null, "lit": null, "length_m": 0.3, "type_element": "Way", "__fid": 14318}, "geometry": {"type": "LineString", "coordinates": [[2.28705426555416, 48.8519197654398], [2.2870572, 48.8519217]]}}, {"type": "Feature", "properties": {"highway": "corridor", "footway": null, "name": null, "surface": null, "lit": null, "length_m": 3.42, "type_element": "Way", "__fid": 14319}, "geometry": {"type": "LineString", "coordinates": [[2.287091206295532, 48.851901047008454], [2.28705426555416, 48.8519197654398]]}}, {"type": "Feature", "properties": {"highway": "corridor", "footway": null, "name": null, "surface": null, "lit": null, "length_m": 0.61, "type_element": "Way", "__fid": 14320}, "geometry": {"type": "LineString", "coordinates": [[2.2870579, 48.8517045], [2.287062907318123, 48.85170885998626]]}}, {"type": "Feature", "properties": {"highway": "corridor", "footway": null, "name": null, "surface": null, "lit": null, "length_m": 1.39, "type_element": "Way", "__fid": 14321}, "geometry": {"type": "LineString", "coordinates": [[2.2870752, 48.8516995], [2.2870579, 48.8517045]]}}, {"type": "Feature", "properties": {"highway": "corridor", "footway": null, "name": null, "surface": null, "lit": null, "length_m": 0.05, "type_element": "Way", "__fid": 14322}, "geometry": {"type": "LineString", "coordinates": [[2.2870572, 48.8519217], [2.287056695369442, 48.85192195480382]]}}, {"type": "Feature", "properties": {"highway": "corridor", "footway": null, "name": null, "surface": null, "lit": null, "length_m": 3.39, "type_element": "Way", "__fid": 14323}, "geometry": {"type": "LineString", "coordinates": [[2.287093818695053, 48.85190317973218], [2.2870572, 48.8519217]]}}, {"type": "Feature", "properties": {"highway": "corridor", "footway": null, "name": null, "surface": null, "lit": null, "length_m": 3.31, "type_element": "Way", "__fid": 14324}, "geometry": {"type": "LineString", "coordinates": [[2.2870606, 48.85171], [2.287088171630904, 48.85173359408566]]}}, {"type": "Feature", "properties": {"highway": "corridor", "footway": null, "name": null, "surface": null, "lit": null, "length_m": 0.21, "type_element": "Way", "__fid": 14325}, "geometry": {"type": "LineString", "coordinates": [[2.287062907318123, 48.85170885998626], [2.2870606, 48.85171]]}}, {"type": "Feature", "properties": {"highway": "corridor", "footway": null, "name": null, "surface": null, "lit": null, "length_m": 3.85, "type_element": "Way", "__fid": 14327}, "geometry": {"type": "LineString", "coordinates": [[2.287103124999656, 48.8516459250001], [2.287062804421575, 48.85166812897748]]}}, {"type": "Feature", "properties": {"highway": "corridor", "footway": null, "name": null, "surface": null, "lit": null, "length_m": 3.93, "type_element": "Way", "__fid": 14328}, "geometry": {"type": "LineString", "coordinates": [[2.2871152, 48.851661], [2.287062804421575, 48.85166812897748]]}}, {"type": "Feature", "properties": {"highway": "corridor", "footway": null, "name": null, "surface": null, "lit": null, "length_m": 3.27, "type_element": "Way", "__fid": 14329}, "geometry": {"type": "LineString", "coordinates": [[2.287062907318123, 48.85170885998626], [2.287089791492821, 48.85173225818233]]}}, {"type": "Feature", "properties": {"highway": "corridor", "footway": null, "name": null, "surface": null, "lit": null, "length_m": 8.2, "type_element": "Way", "__fid": 14330}, "geometry": {"type": "LineString", "coordinates": [[2.287152385248844, 48.85166469659393], [2.287062907318123, 48.85170885998626]]}}, {"type": "Feature", "properties": {"highway": "footway", "footway": "sidewalk", "name": null, "surface": null, "lit": "yes", "length_m": 38.26, "type_element": "Way", "__fid": 14333}, "geometry": {"type": "LineString", "coordinates": [[2.287095, 48.8505675], [2.2871358, 48.8505266], [2.2871535, 48.8505345], [2.287349, 48.850722], [2.2872775, 48.8507471]]}}, {"type": "Feature", "properties": {"highway": "corridor", "footway": null, "name": null, "surface": null, "lit": null, "length_m": 0.55, "type_element": "Way", "__fid": 14342}, "geometry": {"type": "LineString", "coordinates": [[2.287092821236369, 48.851615111700184], [2.2870889, 48.8516109]]}}, {"type": "Feature", "properties": {"highway": "corridor", "footway": null, "name": null, "surface": null, "lit": null, "length_m": 0.09, "type_element": "Way", "__fid": 14343}, "geometry": {"type": "LineString", "coordinates": [[2.287088171630904, 48.85173359408566], [2.287089174999811, 48.851733075000055]]}}, {"type": "Feature", "properties": {"highway": "corridor", "footway": null, "name": null, "surface": null, "lit": null, "length_m": 5.92, "type_element": "Way", "__fid": 14344}, "geometry": {"type": "LineString", "coordinates": [[2.287088203715165, 48.85173362154135], [2.287137399999811, 48.85177580000005]]}}, {"type": "Feature", "properties": {"highway": "corridor", "footway": null, "name": null, "surface": null, "lit": null, "length_m": 0.09, "type_element": "Way", "__fid": 14345}, "geometry": {"type": "LineString", "coordinates": [[2.287088203715165, 48.85173362154135], [2.287089174999811, 48.851733075000055]]}}, {"type": "Feature", "properties": {"highway": "corridor", "footway": null, "name": null, "surface": null, "lit": null, "length_m": 0.1, "type_element": "Way", "__fid": 14346}, "geometry": {"type": "LineString", "coordinates": [[2.287089174999811, 48.851733075000055], [2.287089791492821, 48.85173225818233]]}}, {"type": "Feature", "properties": {"highway": "corridor", "footway": null, "name": null, "surface": null, "lit": null, "length_m": 0.09, "type_element": "Way", "__fid": 14347}, "geometry": {"type": "LineString", "coordinates": [[2.287089174999811, 48.851733075000055], [2.287090269387854, 48.85173267340255]]}}, {"type": "Feature", "properties": {"highway": "corridor", "footway": null, "name": null, "surface": null, "lit": null, "length_m": 0.06, "type_element": "Way", "__fid": 14348}, "geometry": {"type": "LineString", "coordinates": [[2.287089791492821, 48.85173225818233], [2.287090269387854, 48.85173267340255]]}}, {"type": "Feature", "properties": {"highway": "corridor", "footway": null, "name": null, "surface": null, "lit": null, "length_m": 1.7, "type_element": "Way", "__fid": 14349}, "geometry": {"type": "LineString", "coordinates": [[2.287089791492821, 48.85173225818233], [2.2871001, 48.8517186]]}}, {"type": "Feature", "properties": {"highway": "corridor", "footway": null, "name": null, "surface": null, "lit": null, "length_m": 3.5, "type_element": "Way", "__fid": 14350}, "geometry": {"type": "LineString", "coordinates": [[2.287090269387854, 48.85173267340255], [2.2871191, 48.8517578]]}}, {"type": "Feature", "properties": {"highway": "corridor", "footway": null, "name": null, "surface": null, "lit": null, "length_m": 1.57, "type_element": "Way", "__fid": 14351}, "geometry": {"type": "LineString", "coordinates": [[2.287090269387854, 48.85173267340255], [2.287109, 48.8517258]]}}, {"type": "Feature", "properties": {"highway": "footway", "footway": null, "name": null, "surface": null, "lit": null, "length_m": 2.46, "type_element": "Way", "__fid": 14352}, "geometry": {"type": "LineString", "coordinates": [[2.287092821236369, 48.851615111700184], [2.287113668828562, 48.8516324665837]]}}, {"type": "Feature", "properties": {"highway": "corridor", "footway": null, "name": null, "surface": null, "lit": null, "length_m": 2.48, "type_element": "Way", "__fid": 14353}, "geometry": {"type": "LineString", "coordinates": [[2.2871105, 48.8516341], [2.287092821236369, 48.851615111700184]]}}, {"type": "Feature", "properties": {"highway": "footway", "footway": null, "name": null, "surface": null, "lit": null, "length_m": 0.3, "type_element": "Way", "__fid": 14355}, "geometry": {"type": "LineString", "coordinates": [[2.287091206295532, 48.851901047008454], [2.287093818695053, 48.85190317973218]]}}, {"type": "Feature", "properties": {"highway": "corridor", "footway": null, "name": null, "surface": null, "lit": null, "length_m": 4.13, "type_element": "Way", "__fid": 14356}, "geometry": {"type": "LineString", "coordinates": [[2.2871359, 48.8518784], [2.287091206295532, 48.851901047008454]]}}, {"type": "Feature", "properties": {"highway": "footway", "footway": null, "name": null, "surface": null, "lit": null, "length_m": 10.08, "type_element": "Way", "__fid": 14359}, "geometry": {"type": "LineString", "coordinates": [[2.287093818695053, 48.85190317973218], [2.2871802, 48.85197369999999]]}}, {"type": "Feature", "properties": {"highway": "corridor", "footway": null, "name": null, "surface": null, "lit": null, "length_m": 4.11, "type_element": "Way", "__fid": 14360}, "geometry": {"type": "LineString", "coordinates": [[2.287138281652859, 48.85188069211761], [2.287093818695053, 48.85190317973218]]}}, {"type": "Feature", "properties": {"highway": "corridor", "footway": null, "name": null, "surface": null, "lit": null, "length_m": 0.3, "type_element": "Way", "__fid": 14368}, "geometry": {"type": "LineString", "coordinates": [[2.2871105, 48.8516341], [2.287113668828562, 48.8516324665837]]}}, {"type": "Feature", "properties": {"highway": "corridor", "footway": null, "name": null, "surface": null, "lit": null, "length_m": 2.7, "type_element": "Way", "__fid": 14369}, "geometry": {"type": "LineString", "coordinates": [[2.2871299, 48.8516241], [2.287112733333365, 48.85160263333343]]}}, {"type": "Feature", "properties": {"highway": "footway", "footway": null, "name": null, "surface": null, "lit": null, "length_m": 4.57, "type_element": "Way", "__fid": 14370}, "geometry": {"type": "LineString", "coordinates": [[2.287113668828562, 48.8516324665837], [2.287152385248844, 48.85166469659393]]}}, {"type": "Feature", "properties": {"highway": "corridor", "footway": null, "name": null, "surface": null, "lit": null, "length_m": 1.51, "type_element": "Way", "__fid": 14371}, "geometry": {"type": "LineString", "coordinates": [[2.287113668828562, 48.8516324665837], [2.2871299, 48.8516241]]}}, {"type": "Feature", "properties": {"highway": "corridor", "footway": null, "name": null, "surface": null, "lit": null, "length_m": 2.37, "type_element": "Way", "__fid": 14376}, "geometry": {"type": "LineString", "coordinates": [[2.2871191, 48.8517578], [2.287138588291505, 48.85177477014748]]}}, {"type": "Feature", "properties": {"highway": "corridor", "footway": null, "name": null, "surface": null, "lit": null, "length_m": 1.03, "type_element": "Way", "__fid": 14377}, "geometry": {"type": "LineString", "coordinates": [[2.2871303, 48.8517522], [2.2871191, 48.8517578]]}}, {"type": "Feature", "properties": {"highway": "footway", "footway": "crossing", "name": null, "surface": "asphalt", "lit": "yes", "length_m": 6.26, "type_element": "Way", "__fid": 14378}, "geometry": {"type": "LineString", "coordinates": [[2.287140466666858, 48.850522333333394], [2.287211, 48.8504906]]}}, {"type": "Feature", "properties": {"highway": "corridor", "footway": null, "name": null, "surface": null, "lit": null, "length_m": 1.67, "type_element": "Way", "__fid": 14379}, "geometry": {"type": "LineString", "coordinates": [[2.287137399999811, 48.85177580000005], [2.2871249, 48.85178829999999]]}}, {"type": "Feature", "properties": {"highway": "corridor", "footway": null, "name": null, "surface": null, "lit": null, "length_m": 3.08, "type_element": "Way", "__fid": 14380}, "geometry": {"type": "LineString", "coordinates": [[2.2871299, 48.8516241], [2.2871559, 48.8516459]]}}, {"type": "Feature", "properties": {"highway": "corridor", "footway": null, "name": null, "surface": null, "lit": null, "length_m": 0.31, "type_element": "Way", "__fid": 14383}, "geometry": {"type": "LineString", "coordinates": [[2.2871359, 48.8518784], [2.287138281652859, 48.85188069211761]]}}, {"type": "Feature", "properties": {"highway": "corridor", "footway": null, "name": null, "surface": null, "lit": null, "length_m": 0.47, "type_element": "Way", "__fid": 14384}, "geometry": {"type": "LineString", "coordinates": [[2.287140970732693, 48.85187586463519], [2.2871359, 48.8518784]]}}, {"type": "Feature", "properties": {"highway": "corridor", "footway": null, "name": null, "surface": null, "lit": null, "length_m": 3.32, "type_element": "Way", "__fid": 14385}, "geometry": {"type": "LineString", "coordinates": [[2.287137399999811, 48.85177580000005], [2.287165000624396, 48.85179945669021]]}}, {"type": "Feature", "properties": {"highway": "corridor", "footway": null, "name": null, "surface": null, "lit": null, "length_m": 0.14, "type_element": "Way", "__fid": 14386}, "geometry": {"type": "LineString", "coordinates": [[2.287137399999811, 48.85177580000005], [2.287138588291505, 48.85177477014748]]}}, {"type": "Feature", "properties": {"highway": "corridor", "footway": null, "name": null, "surface": null, "lit": null, "length_m": 3.35, "type_element": "Way", "__fid": 14387}, "geometry": {"type": "LineString", "coordinates": [[2.287138588291505, 48.85177477014748], [2.2871657, 48.851799]]}}, {"type": "Feature", "properties": {"highway": "corridor", "footway": null, "name": null, "surface": null, "lit": null, "length_m": 1.13, "type_element": "Way", "__fid": 14388}, "geometry": {"type": "LineString", "coordinates": [[2.287138588291505, 48.85177477014748], [2.2871479, 48.8517667]]}}, {"type": "Feature", "properties": {"highway": "corridor", "footway": null, "name": null, "surface": null, "lit": null, "length_m": 1.42, "type_element": "Way", "__fid": 14389}, "geometry": {"type": "LineString", "coordinates": [[2.287138281652859, 48.85188069211761], [2.2871492, 48.8518912]]}}, {"type": "Feature", "properties": {"highway": "corridor", "footway": null, "name": null, "surface": null, "lit": null, "length_m": 0.53, "type_element": "Way", "__fid": 14390}, "geometry": {"type": "LineString", "coordinates": [[2.287144, 48.8518778], [2.287138281652859, 48.85188069211761]]}}, {"type": "Feature", "properties": {"highway": "corridor", "footway": null, "name": null, "surface": null, "lit": null, "length_m": 0.31, "type_element": "Way", "__fid": 14391}, "geometry": {"type": "LineString", "coordinates": [[2.287140970732693, 48.85187586463519], [2.287144, 48.8518778]]}}, {"type": "Feature", "properties": {"highway": "corridor", "footway": null, "name": null, "surface": null, "lit": null, "length_m": 3.01, "type_element": "Way", "__fid": 14392}, "geometry": {"type": "LineString", "coordinates": [[2.287173621898547, 48.851859539050956], [2.287140970732693, 48.85187586463519]]}}, {"type": "Feature", "properties": {"highway": "footway", "footway": "crossing", "name": null, "surface": "asphalt", "lit": "yes", "length_m": 8.95, "type_element": "Way", "__fid": 14393}, "geometry": {"type": "LineString", "coordinates": [[2.2871616, 48.8503958], [2.2872173, 48.8504674]]}}, {"type": "Feature", "properties": {"highway": "footway", "footway": "sidewalk", "name": null, "surface": "asphalt", "lit": "yes", "length_m": 97.74, "type_element": "Way", "__fid": 14394}, "geometry": {"type": "LineString", "coordinates": [[2.2883167, 48.849958100000016], [2.2871616, 48.8503958]]}}, {"type": "Feature", "properties": {"highway": "corridor", "footway": null, "name": null, "surface": null, "lit": null, "length_m": 0.76, "type_element": "Way", "__fid": 14395}, "geometry": {"type": "LineString", "coordinates": [[2.287147, 48.8516494], [2.2871559, 48.8516459]]}}, {"type": "Feature", "properties": {"highway": "corridor", "footway": null, "name": null, "surface": null, "lit": null, "length_m": 3.08, "type_element": "Way", "__fid": 14396}, "geometry": {"type": "LineString", "coordinates": [[2.287177367068736, 48.85186096646623], [2.287144, 48.8518778]]}}, {"type": "Feature", "properties": {"highway": "footway", "footway": null, "name": null, "surface": null, "lit": null, "length_m": 19.61, "type_element": "Way", "__fid": 14397}, "geometry": {"type": "LineString", "coordinates": [[2.287152385248844, 48.85166469659393], [2.287318387496899, 48.85180288681678]]}}, {"type": "Feature", "properties": {"highway": "corridor", "footway": null, "name": null, "surface": null, "lit": null, "length_m": 3.02, "type_element": "Way", "__fid": 14398}, "geometry": {"type": "LineString", "coordinates": [[2.2871559, 48.8516459], [2.2871688, 48.8516566], [2.287152385248844, 48.85166469659393]]}}, {"type": "Feature", "properties": {"highway": "corridor", "footway": null, "name": null, "surface": null, "lit": null, "length_m": 0.56, "type_element": "Way", "__fid": 14400}, "geometry": {"type": "LineString", "coordinates": [[2.2871559, 48.8516459], [2.2871628, 48.8516437]]}}, {"type": "Feature", "properties": {"highway": "corridor", "footway": null, "name": null, "surface": null, "lit": null, "length_m": 1.24, "type_element": "Way", "__fid": 14404}, "geometry": {"type": "LineString", "coordinates": [[2.287159500000128, 48.85185335000006], [2.287173621898547, 48.851859539050956]]}}, {"type": "Feature", "properties": {"highway": "corridor", "footway": null, "name": null, "surface": null, "lit": null, "length_m": 3.12, "type_element": "Way", "__fid": 14406}, "geometry": {"type": "LineString", "coordinates": [[2.2871668, 48.851801], [2.287149849999904, 48.85180935000003], [2.287165000624396, 48.85179945669021]]}}, {"type": "Feature", "properties": {"highway": "corridor", "footway": null, "name": null, "surface": null, "lit": null, "length_m": 0.07, "type_element": "Way", "__fid": 14407}, "geometry": {"type": "LineString", "coordinates": [[2.287165000624396, 48.85179945669021], [2.2871657, 48.851799]]}}, {"type": "Feature", "properties": {"highway": "corridor", "footway": null, "name": null, "surface": null, "lit": null, "length_m": 1.53, "type_element": "Way", "__fid": 14408}, "geometry": {"type": "LineString", "coordinates": [[2.2871812, 48.8518133], [2.287165, 48.851822]]}}, {"type": "Feature", "properties": {"highway": "corridor", "footway": null, "name": null, "surface": null, "lit": null, "length_m": 2.44, "type_element": "Way", "__fid": 14409}, "geometry": {"type": "LineString", "coordinates": [[2.2871657, 48.851799], [2.2871801, 48.85179345], [2.28716753560561, 48.85180058241947]]}}, {"type": "Feature", "properties": {"highway": "corridor", "footway": null, "name": null, "surface": null, "lit": null, "length_m": 1.73, "type_element": "Way", "__fid": 14410}, "geometry": {"type": "LineString", "coordinates": [[2.2871668, 48.851801], [2.2871812, 48.8518133]]}}, {"type": "Feature", "properties": {"highway": "corridor", "footway": null, "name": null, "surface": null, "lit": null, "length_m": 0.07, "type_element": "Way", "__fid": 14411}, "geometry": {"type": "LineString", "coordinates": [[2.28716753560561, 48.85180058241947], [2.2871668, 48.851801]]}}, {"type": "Feature", "properties": {"highway": "corridor", "footway": null, "name": null, "surface": null, "lit": null, "length_m": 2.93, "type_element": "Way", "__fid": 14412}, "geometry": {"type": "LineString", "coordinates": [[2.28716753560561, 48.85180058241947], [2.2871918, 48.85182150000002]]}}, {"type": "Feature", "properties": {"highway": "corridor", "footway": null, "name": null, "surface": null, "lit": null, "length_m": 1.54, "type_element": "Way", "__fid": 14418}, "geometry": {"type": "LineString", "coordinates": [[2.2871737, 48.85182959999999], [2.287191121109858, 48.851821803812825]]}}, {"type": "Feature", "properties": {"highway": "corridor", "footway": null, "name": null, "surface": null, "lit": null, "length_m": 0.32, "type_element": "Way", "__fid": 14419}, "geometry": {"type": "LineString", "coordinates": [[2.287173621898547, 48.851859539050956], [2.287177367068736, 48.85186096646623]]}}, {"type": "Feature", "properties": {"highway": "corridor", "footway": null, "name": null, "surface": null, "lit": null, "length_m": 3.58, "type_element": "Way", "__fid": 14420}, "geometry": {"type": "LineString", "coordinates": [[2.287212369086443, 48.85184001636123], [2.287173621898547, 48.851859539050956]]}}, {"type": "Feature", "properties": {"highway": "corridor", "footway": null, "name": null, "surface": null, "lit": null, "length_m": 1.58, "type_element": "Way", "__fid": 14422}, "geometry": {"type": "LineString", "coordinates": [[2.287177367068736, 48.85186096646623], [2.2871971, 48.8518666]]}}, {"type": "Feature", "properties": {"highway": "corridor", "footway": null, "name": null, "surface": null, "lit": null, "length_m": 3.41, "type_element": "Way", "__fid": 14423}, "geometry": {"type": "LineString", "coordinates": [[2.287214308556574, 48.85184234818728], [2.287177367068736, 48.85186096646623]]}}, {"type": "Feature", "properties": {"highway": "corridor", "footway": null, "name": null, "surface": null, "lit": null, "length_m": 1.19, "type_element": "Way", "__fid": 14425}, "geometry": {"type": "LineString", "coordinates": [[2.2871812, 48.8518133], [2.287191121109858, 48.851821803812825]]}}, {"type": "Feature", "properties": {"highway": "footway", "footway": null, "name": null, "surface": null, "lit": null, "length_m": 2.58, "type_element": "Way", "__fid": 14426}, "geometry": {"type": "LineString", "coordinates": [[2.2871802, 48.85197369999999], [2.2872023, 48.8519917]]}}, {"type": "Feature", "properties": {"highway": "footway", "footway": null, "name": null, "surface": null, "lit": null, "length_m": 19.75, "type_element": "Way", "__fid": 14427}, "geometry": {"type": "LineString", "coordinates": [[2.2871802, 48.85197369999999], [2.2873912, 48.8518635]]}}, {"type": "Feature", "properties": {"highway": "corridor", "footway": null, "name": null, "surface": null, "lit": null, "length_m": 2.56, "type_element": "Way", "__fid": 14432}, "geometry": {"type": "LineString", "coordinates": [[2.287191121109858, 48.851821803812825], [2.287212369086443, 48.85184001636123]]}}, {"type": "Feature", "properties": {"highway": "corridor", "footway": null, "name": null, "surface": null, "lit": null, "length_m": 0.06, "type_element": "Way", "__fid": 14433}, "geometry": {"type": "LineString", "coordinates": [[2.287191121109858, 48.851821803812825], [2.2871918, 48.85182150000002]]}}, {"type": "Feature", "properties": {"highway": "corridor", "footway": null, "name": null, "surface": null, "lit": null, "length_m": 2.55, "type_element": "Way", "__fid": 14434}, "geometry": {"type": "LineString", "coordinates": [[2.2871918, 48.85182150000002], [2.287212369086443, 48.85184001636123]]}}, {"type": "Feature", "properties": {"highway": "footway", "footway": "sidewalk", "name": null, "surface": "asphalt", "lit": "yes", "length_m": 46.58, "type_element": "Way", "__fid": 14437}, "geometry": {"type": "LineString", "coordinates": [[2.2875899, 48.8508231], [2.2875579, 48.8508133], [2.287211, 48.8504906]]}}, {"type": "Feature", "properties": {"highway": "footway", "footway": "sidewalk", "name": null, "surface": "asphalt", "lit": "yes", "length_m": 2.62, "type_element": "Way", "__fid": 14438}, "geometry": {"type": "LineString", "coordinates": [[2.287211, 48.8504906], [2.2872173, 48.8504674]]}}, {"type": "Feature", "properties": {"highway": "footway", "footway": "sidewalk", "name": null, "surface": "asphalt", "lit": "yes", "length_m": 97.99, "type_element": "Way", "__fid": 14443}, "geometry": {"type": "LineString", "coordinates": [[2.2872173, 48.8504674], [2.2883705, 48.8500231]]}}, {"type": "Feature", "properties": {"highway": "corridor", "footway": null, "name": null, "surface": null, "lit": null, "length_m": 0.17, "type_element": "Way", "__fid": 14450}, "geometry": {"type": "LineString", "coordinates": [[2.287212369086443, 48.85184001636123], [2.287213815696139, 48.85184125631157]]}}, {"type": "Feature", "properties": {"highway": "corridor", "footway": null, "name": null, "surface": null, "lit": null, "length_m": 0.13, "type_element": "Way", "__fid": 14451}, "geometry": {"type": "LineString", "coordinates": [[2.287213815696139, 48.85184125631157], [2.287214308556574, 48.85184234818728]]}}, {"type": "Feature", "properties": {"highway": "corridor", "footway": null, "name": null, "surface": null, "lit": null, "length_m": 3.11, "type_element": "Way", "__fid": 14452}, "geometry": {"type": "LineString", "coordinates": [[2.287213815696139, 48.85184125631157], [2.287239436596613, 48.851863560248425]]}}, {"type": "Feature", "properties": {"highway": "corridor", "footway": null, "name": null, "surface": null, "lit": null, "length_m": 3.71, "type_element": "Way", "__fid": 14453}, "geometry": {"type": "LineString", "coordinates": [[2.287214308556574, 48.85184234818728], [2.2872323, 48.8518671], [2.287239436596613, 48.851863560248425]]}}, {"type": "Feature", "properties": {"highway": "footway", "footway": "sidewalk", "name": "Rampe Emeriau", "surface": "paving_stones", "lit": "yes", "length_m": 6.14, "type_element": "Way", "__fid": 14459}, "geometry": {"type": "LineString", "coordinates": [[2.287245100000154, 48.85081128000002], [2.2873183, 48.8508381]]}}, {"type": "Feature", "properties": {"highway": "footway", "footway": "crossing", "name": null, "surface": "asphalt", "lit": "yes", "length_m": 7.52, "type_element": "Way", "__fid": 14460}, "geometry": {"type": "LineString", "coordinates": [[2.287245100000154, 48.85081128000002], [2.2872775, 48.8507471]]}}, {"type": "Feature", "properties": {"highway": "corridor", "footway": null, "name": null, "surface": null, "lit": null, "length_m": 1.0, "type_element": "Way", "__fid": 14461}, "geometry": {"type": "LineString", "coordinates": [[2.2872405, 48.8518645], [2.287232, 48.8518715]]}}, {"type": "Feature", "properties": {"highway": "corridor", "footway": null, "name": null, "surface": null, "lit": null, "length_m": 0.13, "type_element": "Way", "__fid": 14464}, "geometry": {"type": "LineString", "coordinates": [[2.287239436596613, 48.851863560248425], [2.2872405, 48.8518645]]}}, {"type": "Feature", "properties": {"highway": "corridor", "footway": null, "name": null, "surface": null, "lit": null, "length_m": 0.49, "type_element": "Way", "__fid": 14465}, "geometry": {"type": "LineString", "coordinates": [[2.287239436596613, 48.851863560248425], [2.2872448, 48.8518609]]}}, {"type": "Feature", "properties": {"highway": "corridor", "footway": null, "name": null, "surface": null, "lit": null, "length_m": 0.51, "type_element": "Way", "__fid": 14466}, "geometry": {"type": "LineString", "coordinates": [[2.2872405, 48.8518645], [2.287245946303688, 48.851861613926125]]}}, {"type": "Feature", "properties": {"highway": "footway", "footway": "sidewalk", "name": null, "surface": "asphalt", "lit": null, "length_m": 98.32, "type_element": "Way", "__fid": 14467}, "geometry": {"type": "LineString", "coordinates": [[2.2872319, 48.8527198], [2.288138, 48.8533712]]}}, {"type": "Feature", "properties": {"highway": "footway", "footway": "crossing", "name": null, "surface": "asphalt", "lit": null, "length_m": 12.43, "type_element": "Way", "__fid": 14468}, "geometry": {"type": "LineString", "coordinates": [[2.2872319, 48.8527198], [2.2873873, 48.8526753]]}}, {"type": "Feature", "properties": {"highway": "corridor", "footway": null, "name": null, "surface": null, "lit": null, "length_m": 0.12, "type_element": "Way", "__fid": 14472}, "geometry": {"type": "LineString", "coordinates": [[2.287245946303688, 48.851861613926125], [2.2872448, 48.8518609]]}}, {"type": "Feature", "properties": {"highway": "corridor", "footway": null, "name": null, "surface": null, "lit": null, "length_m": 4.13, "type_element": "Way", "__fid": 14473}, "geometry": {"type": "LineString", "coordinates": [[2.2872448, 48.8518609], [2.287289667378955, 48.851838463710884]]}}, {"type": "Feature", "properties": {"highway": "corridor", "footway": null, "name": null, "surface": null, "lit": null, "length_m": 2.75, "type_element": "Way", "__fid": 14474}, "geometry": {"type": "LineString", "coordinates": [[2.287245946303688, 48.851861613926125], [2.287275205922237, 48.85184610882766]]}}, {"type": "Feature", "properties": {"highway": "footway", "footway": null, "name": null, "surface": null, "lit": null, "length_m": 13.43, "type_element": "Way", "__fid": 14475}, "geometry": {"type": "LineString", "coordinates": [[2.2872723, 48.8512794], [2.287417, 48.8512055]]}}, {"type": "Feature", "properties": {"highway": "corridor", "footway": null, "name": null, "surface": null, "lit": null, "length_m": 0.02, "type_element": "Way", "__fid": 14479}, "geometry": {"type": "LineString", "coordinates": [[2.287275205922237, 48.85184610882766], [2.28727505, 48.85184595]]}}, {"type": "Feature", "properties": {"highway": "corridor", "footway": null, "name": null, "surface": null, "lit": null, "length_m": 1.07, "type_element": "Way", "__fid": 14480}, "geometry": {"type": "LineString", "coordinates": [[2.2872831, 48.851854150000015], [2.287275205922237, 48.85184610882766]]}}, {"type": "Feature", "properties": {"highway": "corridor", "footway": null, "name": null, "surface": null, "lit": null, "length_m": 1.36, "type_element": "Way", "__fid": 14481}, "geometry": {"type": "LineString", "coordinates": [[2.287275205922237, 48.85184610882766], [2.287289667378955, 48.851838463710884]]}}, {"type": "Feature", "properties": {"highway": "corridor", "footway": null, "name": null, "surface": null, "lit": null, "length_m": 3.11, "type_element": "Way", "__fid": 14487}, "geometry": {"type": "LineString", "coordinates": [[2.287289667378955, 48.851838463710884], [2.2873227, 48.8518209]]}}, {"type": "Feature", "properties": {"highway": "corridor", "footway": null, "name": null, "surface": null, "lit": null, "length_m": 1.51, "type_element": "Way", "__fid": 14488}, "geometry": {"type": "LineString", "coordinates": [[2.287289667378955, 48.851838463710884], [2.287306081055288, 48.85183030816328]]}}, {"type": "Feature", "properties": {"highway": "footway", "footway": "sidewalk", "name": null, "surface": "asphalt", "lit": "yes", "length_m": 70.49, "type_element": "Way", "__fid": 14493}, "geometry": {"type": "LineString", "coordinates": [[2.2873183, 48.8508381], [2.2873782, 48.8508695], [2.2879001, 48.8513404]]}}, {"type": "Feature", "properties": {"highway": "footway", "footway": null, "name": "Rampe Emeriau", "surface": "paving_stones", "lit": "yes", "length_m": 89.56, "type_element": "Way", "__fid": 14494}, "geometry": {"type": "LineString", "coordinates": [[2.2873183, 48.8508381], [2.2873049, 48.8508526], [2.2874676, 48.8509779], [2.2874379, 48.8509938], [2.2872941, 48.8508722], [2.2872805, 48.8508804], [2.2875624, 48.8511198], [2.287417, 48.8512055]]}}, {"type": "Feature", "properties": {"highway": "corridor", "footway": null, "name": null, "surface": null, "lit": null, "length_m": 0.02, "type_element": "Way", "__fid": 14495}, "geometry": {"type": "LineString", "coordinates": [[2.2873059, 48.85183015], [2.287306081055288, 48.85183030816328]]}}, {"type": "Feature", "properties": {"highway": "corridor", "footway": null, "name": null, "surface": null, "lit": null, "length_m": 1.04, "type_element": "Way", "__fid": 14496}, "geometry": {"type": "LineString", "coordinates": [[2.287306081055288, 48.85183030816328], [2.2873146, 48.85183775]]}}, {"type": "Feature", "properties": {"highway": "corridor", "footway": null, "name": null, "surface": null, "lit": null, "length_m": 1.83, "type_element": "Way", "__fid": 14497}, "geometry": {"type": "LineString", "coordinates": [[2.287306081055288, 48.85183030816328], [2.287325881952779, 48.851820363095115]]}}, {"type": "Feature", "properties": {"highway": "corridor", "footway": null, "name": null, "surface": null, "lit": null, "length_m": 0.7, "type_element": "Way", "__fid": 14503}, "geometry": {"type": "LineString", "coordinates": [[2.287322233757326, 48.85181516934856], [2.2873162, 48.8518103]]}}, {"type": "Feature", "properties": {"highway": "corridor", "footway": null, "name": null, "surface": null, "lit": null, "length_m": 0.84, "type_element": "Way", "__fid": 14504}, "geometry": {"type": "LineString", "coordinates": [[2.2873162, 48.8518103], [2.287318387496899, 48.85180288681678]]}}, {"type": "Feature", "properties": {"highway": "corridor", "footway": null, "name": null, "surface": null, "lit": null, "length_m": 0.45, "type_element": "Way", "__fid": 14505}, "geometry": {"type": "LineString", "coordinates": [[2.2873162, 48.8518103], [2.287321690736098, 48.85180849499995]]}}, {"type": "Feature", "properties": {"highway": "corridor", "footway": null, "name": null, "surface": null, "lit": null, "length_m": 1.7, "type_element": "Way", "__fid": 14506}, "geometry": {"type": "LineString", "coordinates": [[2.287318387496899, 48.85180288681678], [2.287320724999976, 48.85179662500009], [2.287321441285198, 48.85180542896404]]}}, {"type": "Feature", "properties": {"highway": "footway", "footway": null, "name": null, "surface": null, "lit": null, "length_m": 0.32, "type_element": "Way", "__fid": 14509}, "geometry": {"type": "LineString", "coordinates": [[2.287321441285198, 48.85180542896404], [2.287324152325377, 48.851807685787975]]}}, {"type": "Feature", "properties": {"highway": "corridor", "footway": null, "name": null, "surface": null, "lit": null, "length_m": 0.34, "type_element": "Way", "__fid": 14510}, "geometry": {"type": "LineString", "coordinates": [[2.287321690736098, 48.85180849499995], [2.287321441285198, 48.85180542896404]]}}, {"type": "Feature", "properties": {"highway": "corridor", "footway": null, "name": null, "surface": null, "lit": null, "length_m": 0.74, "type_element": "Way", "__fid": 14511}, "geometry": {"type": "LineString", "coordinates": [[2.287322233757326, 48.85181516934856], [2.287321690736098, 48.85180849499995]]}}, {"type": "Feature", "properties": {"highway": "corridor", "footway": null, "name": null, "surface": null, "lit": null, "length_m": 0.2, "type_element": "Way", "__fid": 14512}, "geometry": {"type": "LineString", "coordinates": [[2.287321690736098, 48.85180849499995], [2.287324152325377, 48.851807685787975]]}}, {"type": "Feature", "properties": {"highway": "corridor", "footway": null, "name": null, "surface": null, "lit": null, "length_m": 0.37, "type_element": "Way", "__fid": 14513}, "geometry": {"type": "LineString", "coordinates": [[2.287325416650003, 48.85181773799859], [2.287322233757326, 48.85181516934856]]}}, {"type": "Feature", "properties": {"highway": "corridor", "footway": null, "name": null, "surface": null, "lit": null, "length_m": 0.64, "type_element": "Way", "__fid": 14514}, "geometry": {"type": "LineString", "coordinates": [[2.2873227, 48.8518209], [2.287322233757326, 48.85181516934856]]}}, {"type": "Feature", "properties": {"highway": "corridor", "footway": null, "name": null, "surface": null, "lit": null, "length_m": 0.4, "type_element": "Way", "__fid": 14515}, "geometry": {"type": "LineString", "coordinates": [[2.287325416650003, 48.85181773799859], [2.2873227, 48.8518209]]}}, {"type": "Feature", "properties": {"highway": "corridor", "footway": null, "name": null, "surface": null, "lit": null, "length_m": 0.24, "type_element": "Way", "__fid": 14516}, "geometry": {"type": "LineString", "coordinates": [[2.2873227, 48.8518209], [2.287325881952779, 48.851820363095115]]}}, {"type": "Feature", "properties": {"highway": "corridor", "footway": null, "name": null, "surface": null, "lit": null, "length_m": 2.33, "type_element": "Way", "__fid": 14517}, "geometry": {"type": "LineString", "coordinates": [[2.287324152325377, 48.851807685787975], [2.28733795, 48.85180315], [2.287329924642348, 48.851812490991826]]}}, {"type": "Feature", "properties": {"highway": "corridor", "footway": null, "name": null, "surface": null, "lit": null, "length_m": 0.29, "type_element": "Way", "__fid": 14520}, "geometry": {"type": "LineString", "coordinates": [[2.287325881952779, 48.851820363095115], [2.287325416650003, 48.85181773799859]]}}, {"type": "Feature", "properties": {"highway": "corridor", "footway": null, "name": null, "surface": null, "lit": null, "length_m": 0.67, "type_element": "Way", "__fid": 14521}, "geometry": {"type": "LineString", "coordinates": [[2.287329924642348, 48.851812490991826], [2.287325416650003, 48.85181773799859]]}}, {"type": "Feature", "properties": {"highway": "corridor", "footway": null, "name": null, "surface": null, "lit": null, "length_m": 0.85, "type_element": "Way", "__fid": 14522}, "geometry": {"type": "LineString", "coordinates": [[2.287325881952779, 48.851820363095115], [2.287337106052067, 48.85181846920273]]}}, {"type": "Feature", "properties": {"highway": "footway", "footway": null, "name": null, "surface": null, "lit": null, "length_m": 0.85, "type_element": "Way", "__fid": 14527}, "geometry": {"type": "LineString", "coordinates": [[2.287329924642348, 48.851812490991826], [2.287337106052067, 48.85181846920273]]}}, {"type": "Feature", "properties": {"highway": "footway", "footway": null, "name": null, "surface": null, "lit": null, "length_m": 6.39, "type_element": "Way", "__fid": 14532}, "geometry": {"type": "LineString", "coordinates": [[2.287337106052067, 48.85181846920273], [2.2873912, 48.8518635]]}}, {"type": "Feature", "properties": {"highway": "corridor", "footway": null, "name": null, "surface": null, "lit": null, "length_m": 0.26, "type_element": "Way", "__fid": 14533}, "geometry": {"type": "LineString", "coordinates": [[2.287337106052067, 48.85181846920273], [2.2873384, 48.85181630000001]]}}, {"type": "Feature", "properties": {"highway": "footway", "footway": "sidewalk", "name": null, "surface": "asphalt", "lit": "yes", "length_m": 9.01, "type_element": "Way", "__fid": 14536}, "geometry": {"type": "LineString", "coordinates": [[2.2873918, 48.8491196], [2.287381800000055, 48.84903886666667]]}}, {"type": "Feature", "properties": {"highway": "footway", "footway": "crossing", "name": null, "surface": "asphalt", "lit": "yes", "length_m": 8.0, "type_element": "Way", "__fid": 14537}, "geometry": {"type": "LineString", "coordinates": [[2.287381800000055, 48.84903886666667], [2.28740523333341, 48.8489686]]}}, {"type": "Feature", "properties": {"highway": "footway", "footway": "crossing", "name": null, "surface": "asphalt", "lit": "yes", "length_m": 9.33, "type_element": "Way", "__fid": 14549}, "geometry": {"type": "LineString", "coordinates": [[2.2874498, 48.849194299999986], [2.2873918, 48.8491196]]}}, {"type": "Feature", "properties": {"highway": "footway", "footway": "sidewalk", "name": null, "surface": "asphalt", "lit": "yes", "length_m": 6.89, "type_element": "Way", "__fid": 14553}, "geometry": {"type": "LineString", "coordinates": [[2.28740523333341, 48.8489686], [2.2874254, 48.84890810000001]]}}, {"type": "Feature", "properties": {"highway": "footway", "footway": "crossing", "name": null, "surface": "asphalt", "lit": "yes", "length_m": 9.62, "type_element": "Way", "__fid": 14563}, "geometry": {"type": "LineString", "coordinates": [[2.2874254, 48.84890810000001], [2.2875378, 48.848863499999986]]}}, {"type": "Feature", "properties": {"highway": "footway", "footway": null, "name": null, "surface": null, "lit": null, "length_m": 16.03, "type_element": "Way", "__fid": 14564}, "geometry": {"type": "LineString", "coordinates": [[2.2873912, 48.8518635], [2.2875269, 48.8519765]]}}, {"type": "Feature", "properties": {"highway": "footway", "footway": "sidewalk", "name": null, "surface": "asphalt", "lit": "yes", "length_m": 95.43, "type_element": "Way", "__fid": 14568}, "geometry": {"type": "LineString", "coordinates": [[2.2882491, 48.853314], [2.2874048, 48.85270950000002], [2.2873873, 48.8526753]]}}, {"type": "Feature", "properties": {"highway": "footway", "footway": "sidewalk", "name": null, "surface": "asphalt", "lit": "yes", "length_m": 117.24, "type_element": "Way", "__fid": 14569}, "geometry": {"type": "LineString", "coordinates": [[2.2873873, 48.8526753], [2.2874001, 48.8526463], [2.2887614, 48.8521545]]}}, {"type": "Feature", "properties": {"highway": "footway", "footway": null, "name": null, "surface": null, "lit": null, "length_m": 16.71, "type_element": "Way", "__fid": 14574}, "geometry": {"type": "LineString", "coordinates": [[2.287417, 48.8512055], [2.2874763, 48.85125160000002], [2.2875853, 48.8511978]]}}, {"type": "Feature", "properties": {"highway": "footway", "footway": "sidewalk", "name": null, "surface": "asphalt", "lit": "yes", "length_m": 13.98, "type_element": "Way", "__fid": 14575}, "geometry": {"type": "LineString", "coordinates": [[2.2874498, 48.849194299999986], [2.2876392, 48.8492082]]}}, {"type": "Feature", "properties": {"highway": "footway", "footway": "sidewalk", "name": null, "surface": "asphalt", "lit": "yes", "length_m": 24.13, "type_element": "Way", "__fid": 14615}, "geometry": {"type": "LineString", "coordinates": [[2.2878405, 48.8489482], [2.2875378, 48.848863499999986]]}}, {"type": "Feature", "properties": {"highway": "footway", "footway": null, "name": null, "surface": null, "lit": null, "length_m": 2.37, "type_element": "Way", "__fid": 14616}, "geometry": {"type": "LineString", "coordinates": [[2.2875269, 48.8519765], [2.2875011, 48.8519893]]}}, {"type": "Feature", "properties": {"highway": "pedestrian", "footway": null, "name": "Rampe Finlay", "surface": "concrete", "lit": "yes", "length_m": 83.46, "type_element": "Way", "__fid": 14628}, "geometry": {"type": "LineString", "coordinates": [[2.2875269, 48.8519765], [2.2878371, 48.8518193], [2.2883062, 48.8522023]]}}, {"type": "Feature", "properties": {"highway": "footway", "footway": "crossing", "name": null, "surface": null, "lit": "yes", "length_m": 7.26, "type_element": "Way", "__fid": 14636}, "geometry": {"type": "LineString", "coordinates": [[2.2875899, 48.8508231], [2.2876404, 48.8508792]]}}, {"type": "Feature", "properties": {"highway": "footway", "footway": "sidewalk", "name": null, "surface": "asphalt", "lit": "yes", "length_m": 81.23, "type_element": "Way", "__fid": 14637}, "geometry": {"type": "LineString", "coordinates": [[2.28849, 48.8504005], [2.2876226, 48.8508175], [2.2875899, 48.8508231]]}}, {"type": "Feature", "properties": {"highway": "pedestrian", "footway": null, "name": "Rue Schutzenberger", "surface": "asphalt", "lit": "yes", "length_m": 4.02, "type_element": "Way", "__fid": 14639}, "geometry": {"type": "LineString", "coordinates": [[2.2876404, 48.8508792], [2.2875907, 48.8508945]]}}, {"type": "Feature", "properties": {"highway": "footway", "footway": "sidewalk", "name": null, "surface": "asphalt", "lit": "yes", "length_m": 97.1, "type_element": "Way", "__fid": 14658}, "geometry": {"type": "LineString", "coordinates": [[2.2876392, 48.8492082], [2.2877461, 48.8493154], [2.2883167, 48.849958100000016]]}}, {"type": "Feature", "properties": {"highway": "footway", "footway": "crossing", "name": null, "surface": "asphalt", "lit": "yes", "length_m": 12.02, "type_element": "Way", "__fid": 14659}, "geometry": {"type": "LineString", "coordinates": [[2.2876392, 48.8492082], [2.2877826, 48.84915590000002]]}}, {"type": "Feature", "properties": {"highway": "footway", "footway": "crossing", "name": null, "surface": null, "lit": "yes", "length_m": 3.07, "type_element": "Way", "__fid": 14668}, "geometry": {"type": "LineString", "coordinates": [[2.2876404, 48.8508792], [2.2876643, 48.8509019]]}}, {"type": "Feature", "properties": {"highway": "pedestrian", "footway": null, "name": "Rue Schutzenberger", "surface": "asphalt", "lit": "yes", "length_m": 77.59, "type_element": "Way", "__fid": 14669}, "geometry": {"type": "LineString", "coordinates": [[2.288499, 48.8504733], [2.2876972, 48.85086179999998], [2.2876404, 48.8508792]]}}, {"type": "Feature", "properties": {"highway": "footway", "footway": "sidewalk", "name": null, "surface": "asphalt", "lit": "yes", "length_m": 49.89, "type_element": "Way", "__fid": 14690}, "geometry": {"type": "LineString", "coordinates": [[2.2876643, 48.8509019], [2.287687, 48.8509359], [2.288047480000137, 48.85127164000006]]}}, {"type": "Feature", "properties": {"highway": "footway", "footway": "sidewalk", "name": null, "surface": "asphalt", "lit": "yes", "length_m": 75.81, "type_element": "Way", "__fid": 14691}, "geometry": {"type": "LineString", "coordinates": [[2.2885082, 48.850528199999985], [2.2884768, 48.85051880000001], [2.2876643, 48.8509019]]}}, {"type": "Feature", "properties": {"highway": "footway", "footway": "sidewalk", "name": null, "surface": "asphalt", "lit": "yes", "length_m": 96.25, "type_element": "Way", "__fid": 14730}, "geometry": {"type": "LineString", "coordinates": [[2.2884529, 48.8498999], [2.2877826, 48.84915590000002]]}}, {"type": "Feature", "properties": {"highway": "footway", "footway": "sidewalk", "name": null, "surface": "asphalt", "lit": "yes", "length_m": 19.77, "type_element": "Way", "__fid": 14731}, "geometry": {"type": "LineString", "coordinates": [[2.2877826, 48.84915590000002], [2.2878898, 48.8491168], [2.2878959, 48.8490199]]}}, {"type": "Feature", "properties": {"highway": "footway", "footway": "crossing", "name": null, "surface": "asphalt", "lit": "yes", "length_m": 8.95, "type_element": "Way", "__fid": 14760}, "geometry": {"type": "LineString", "coordinates": [[2.2878959, 48.8490199], [2.2878405, 48.8489482]]}}, {"type": "Feature", "properties": {"highway": "footway", "footway": "sidewalk", "name": null, "surface": "asphalt", "lit": "yes", "length_m": 97.4, "type_element": "Way", "__fid": 14761}, "geometry": {"type": "LineString", "coordinates": [[2.288992233333207, 48.84851283333336], [2.2878405, 48.8489482]]}}, {"type": "Feature", "properties": {"highway": "footway", "footway": "sidewalk", "name": null, "surface": "asphalt", "lit": "yes", "length_m": 97.8, "type_element": "Way", "__fid": 14787}, "geometry": {"type": "LineString", "coordinates": [[2.2878959, 48.8490199], [2.2890493, 48.8485793]]}}, {"type": "Feature", "properties": {"highway": "footway", "footway": "sidewalk", "name": null, "surface": "asphalt", "lit": "yes", "length_m": 75.69, "type_element": "Way", "__fid": 14811}, "geometry": {"type": "LineString", "coordinates": [[2.2879001, 48.8513404], [2.2880132, 48.8514646], [2.2884968, 48.851895]]}}, {"type": "Feature", "properties": {"highway": "footway", "footway": "crossing", "name": null, "surface": "asphalt", "lit": "yes", "length_m": 13.24, "type_element": "Way", "__fid": 14812}, "geometry": {"type": "LineString", "coordinates": [[2.2879001, 48.8513404], [2.288047480000137, 48.85127164000006]]}}, {"type": "Feature", "properties": {"highway": "footway", "footway": "sidewalk", "name": null, "surface": "asphalt", "lit": "yes", "length_m": 67.67, "type_element": "Way", "__fid": 14873}, "geometry": {"type": "LineString", "coordinates": [[2.288047480000137, 48.85127164000006], [2.2885877, 48.8517649]]}}, {"type": "Feature", "properties": {"highway": "footway", "footway": "crossing", "name": null, "surface": "asphalt", "lit": "yes", "length_m": 8.24, "type_element": "Way", "__fid": 14985}, "geometry": {"type": "LineString", "coordinates": [[2.2883167, 48.849958100000016], [2.2883705, 48.8500231]]}}, {"type": "Feature", "properties": {"highway": "footway", "footway": "crossing", "name": null, "surface": "asphalt", "lit": "yes", "length_m": 11.91, "type_element": "Way", "__fid": 14986}, "geometry": {"type": "LineString", "coordinates": [[2.2883167, 48.849958100000016], [2.2884529, 48.8498999]]}}, {"type": "Feature", "properties": {"highway": "pedestrian", "footway": null, "name": "Rampe Finlay", "surface": "concrete", "lit": "yes", "length_m": 6.3, "type_element": "Way", "__fid": 14994}, "geometry": {"type": "LineString", "coordinates": [[2.2883602, 48.8522464], [2.2883062, 48.8522023]]}}, {"type": "Feature", "properties": {"highway": "footway", "footway": "sidewalk", "name": null, "surface": "asphalt", "lit": "yes", "length_m": 31.22, "type_element": "Way", "__fid": 14995}, "geometry": {"type": "LineString", "coordinates": [[2.2886829, 48.85207170000001], [2.2883062, 48.8522023]]}}, {"type": "Feature", "properties": {"highway": "footway", "footway": "sidewalk", "name": null, "surface": "asphalt", "lit": "yes", "length_m": 9.7, "type_element": "Way", "__fid": 15010}, "geometry": {"type": "LineString", "coordinates": [[2.2883705, 48.8500231], [2.2884264, 48.8500571], [2.2884413, 48.8500928]]}}, {"type": "Feature", "properties": {"highway": "footway", "footway": "sidewalk", "name": null, "surface": "asphalt", "lit": "yes", "length_m": 11.0, "type_element": "Way", "__fid": 15046}, "geometry": {"type": "LineString", "coordinates": [[2.2884413, 48.8500928], [2.2885078, 48.8501815]]}}, {"type": "Feature", "properties": {"highway": "footway", "footway": "sidewalk", "name": null, "surface": "asphalt", "lit": "yes", "length_m": 34.4, "type_element": "Way", "__fid": 15047}, "geometry": {"type": "LineString", "coordinates": [[2.2884413, 48.8500928], [2.28849, 48.8504005]]}}, {"type": "Feature", "properties": {"highway": "footway", "footway": "sidewalk", "name": null, "surface": "asphalt", "lit": "yes", "length_m": 11.58, "type_element": "Way", "__fid": 15049}, "geometry": {"type": "LineString", "coordinates": [[2.2885956, 48.8498629], [2.2885038, 48.849899], [2.2884529, 48.8498999]]}}, {"type": "Feature", "properties": {"highway": "footway", "footway": "sidewalk", "name": null, "surface": "asphalt", "lit": "yes", "length_m": 8.12, "type_element": "Way", "__fid": 15065}, "geometry": {"type": "LineString", "coordinates": [[2.288499, 48.8504733], [2.28849, 48.8504005]]}}, {"type": "Feature", "properties": {"highway": "footway", "footway": "sidewalk", "name": null, "surface": "asphalt", "lit": "yes", "length_m": 12.19, "type_element": "Way", "__fid": 15066}, "geometry": {"type": "LineString", "coordinates": [[2.288622, 48.850334], [2.28849, 48.8504005]]}}, {"type": "Feature", "properties": {"highway": "footway", "footway": "sidewalk", "name": null, "surface": "asphalt", "lit": "yes", "length_m": 6.14, "type_element": "Way", "__fid": 15075}, "geometry": {"type": "LineString", "coordinates": [[2.2885082, 48.850528199999985], [2.288499, 48.8504733]]}}, {"type": "Feature", "properties": {"highway": "pedestrian", "footway": null, "name": "Rue Schutzenberger", "surface": "asphalt", "lit": "yes", "length_m": 8.01, "type_element": "Way", "__fid": 15076}, "geometry": {"type": "LineString", "coordinates": [[2.288578, 48.8504236], [2.288499, 48.8504733]]}}, {"type": "Feature", "properties": {"highway": "footway", "footway": "sidewalk", "name": null, "surface": "asphalt", "lit": "yes", "length_m": 18.91, "type_element": "Way", "__fid": 15077}, "geometry": {"type": "LineString", "coordinates": [[2.2885078, 48.8501815], [2.288622, 48.850334]]}}, {"type": "Feature", "properties": {"highway": "footway", "footway": "crossing", "name": null, "surface": "asphalt", "lit": "yes", "length_m": 12.17, "type_element": "Way", "__fid": 15078}, "geometry": {"type": "LineString", "coordinates": [[2.2886443, 48.85011940000001], [2.2885078, 48.8501815]]}}, {"type": "Feature", "properties": {"highway": "footway", "footway": "sidewalk", "name": null, "surface": "asphalt", "lit": "yes", "length_m": 134.52, "type_element": "Way", "__fid": 15079}, "geometry": {"type": "LineString", "coordinates": [[2.2887162, 48.8517302], [2.2885082, 48.850528199999985]]}}, {"type": "Feature", "properties": {"highway": "footway", "footway": "crossing", "name": null, "surface": "asphalt", "lit": "yes", "length_m": 11.73, "type_element": "Way", "__fid": 15080}, "geometry": {"type": "LineString", "coordinates": [[2.2885082, 48.850528199999985], [2.2886668, 48.85051519999998]]}}, {"type": "Feature", "properties": {"highway": "footway", "footway": "sidewalk", "name": null, "surface": "asphalt", "lit": "yes", "length_m": 23.93, "type_element": "Way", "__fid": 15084}, "geometry": {"type": "LineString", "coordinates": [[2.2884968, 48.851895], [2.2886829, 48.85207170000001]]}}, {"type": "Feature", "properties": {"highway": "footway", "footway": "crossing", "name": null, "surface": "asphalt", "lit": "yes", "length_m": 15.27, "type_element": "Way", "__fid": 15085}, "geometry": {"type": "LineString", "coordinates": [[2.2884968, 48.851895], [2.2885548, 48.8518791], [2.2886723, 48.8518227]]}}, {"type": "Feature", "properties": {"highway": "footway", "footway": "crossing", "name": null, "surface": "asphalt", "lit": "yes", "length_m": 6.91, "type_element": "Way", "__fid": 15124}, "geometry": {"type": "LineString", "coordinates": [[2.2885956, 48.8498629], [2.288649799999814, 48.84991366666676]]}}, {"type": "Feature", "properties": {"highway": "footway", "footway": "sidewalk", "name": null, "surface": "asphalt", "lit": "yes", "length_m": 101.42, "type_element": "Way", "__fid": 15125}, "geometry": {"type": "LineString", "coordinates": [[2.2897779, 48.8493914], [2.289735, 48.8494151], [2.2885956, 48.8498629]]}}, {"type": "Feature", "properties": {"highway": "footway", "footway": "sidewalk", "name": null, "surface": "asphalt", "lit": "yes", "length_m": 8.94, "type_element": "Way", "__fid": 15131}, "geometry": {"type": "LineString", "coordinates": [[2.2885877, 48.8517649], [2.2886723, 48.8518227]]}}, {"type": "Feature", "properties": {"highway": "footway", "footway": "sidewalk", "name": null, "surface": "asphalt", "lit": "yes", "length_m": 10.19, "type_element": "Way", "__fid": 15132}, "geometry": {"type": "LineString", "coordinates": [[2.2885877, 48.8517649], [2.2887162, 48.8517302]]}}, {"type": "Feature", "properties": {"highway": "footway", "footway": "crossing", "name": null, "surface": "asphalt", "lit": "yes", "length_m": 12.0, "type_element": "Way", "__fid": 15136}, "geometry": {"type": "LineString", "coordinates": [[2.288622, 48.850334], [2.2886891, 48.85043240000001]]}}, {"type": "Feature", "properties": {"highway": "footway", "footway": "sidewalk", "name": null, "surface": "asphalt", "lit": "yes", "length_m": 123.18, "type_element": "Way", "__fid": 15142}, "geometry": {"type": "LineString", "coordinates": [[2.2886371, 48.8500364], [2.2902469, 48.85035040000001]]}}, {"type": "Feature", "properties": {"highway": "footway", "footway": "sidewalk", "name": null, "surface": null, "lit": "yes", "length_m": 9.92, "type_element": "Way", "__fid": 15143}, "geometry": {"type": "LineString", "coordinates": [[2.2886371, 48.8500364], [2.2886177, 48.8500888], [2.2886443, 48.85011940000001]]}}, {"type": "Feature", "properties": {"highway": "footway", "footway": "crossing", "name": null, "surface": "asphalt", "lit": "yes", "length_m": 10.64, "type_element": "Way", "__fid": 15144}, "geometry": {"type": "LineString", "coordinates": [[2.2886572, 48.849944], [2.2886288, 48.8500061], [2.2886371, 48.8500364]]}}, {"type": "Feature", "properties": {"highway": "footway", "footway": "sidewalk", "name": null, "surface": null, "lit": "yes", "length_m": 33.81, "type_element": "Way", "__fid": 15147}, "geometry": {"type": "LineString", "coordinates": [[2.2886443, 48.85011940000001], [2.2888738, 48.8503831]]}}, {"type": "Feature", "properties": {"highway": "footway", "footway": "sidewalk", "name": null, "surface": "asphalt", "lit": "yes", "length_m": 112.84, "type_element": "Way", "__fid": 15149}, "geometry": {"type": "LineString", "coordinates": [[2.2901322, 48.8502288], [2.290096, 48.850227300000014], [2.2886572, 48.849944]]}}, {"type": "Feature", "properties": {"highway": "footway", "footway": "sidewalk", "name": null, "surface": "asphalt", "lit": "yes", "length_m": 104.87, "type_element": "Way", "__fid": 15150}, "geometry": {"type": "LineString", "coordinates": [[2.2886572, 48.849944], [2.2886564, 48.8499166], [2.2897687, 48.8494898], [2.2898072, 48.8494944], [2.2898638, 48.84947809999998]]}}, {"type": "Feature", "properties": {"highway": "footway", "footway": "sidewalk", "name": null, "surface": "asphalt", "lit": "yes", "length_m": 160.81, "type_element": "Way", "__fid": 15164}, "geometry": {"type": "LineString", "coordinates": [[2.2887875, 48.8519291], [2.288833, 48.85190750000002], [2.2888793, 48.8518638], [2.2886668, 48.85051519999998]]}}, {"type": "Feature", "properties": {"highway": "footway", "footway": "sidewalk", "name": null, "surface": "asphalt", "lit": "yes", "length_m": 10.49, "type_element": "Way", "__fid": 15165}, "geometry": {"type": "LineString", "coordinates": [[2.2886668, 48.85051519999998], [2.2886574, 48.8504463], [2.2886891, 48.85043240000001]]}}, {"type": "Feature", "properties": {"highway": "footway", "footway": "sidewalk", "name": null, "surface": "asphalt", "lit": "yes", "length_m": 4.3, "type_element": "Way", "__fid": 15171}, "geometry": {"type": "LineString", "coordinates": [[2.2886891, 48.85043240000001], [2.2887459, 48.8504228]]}}, {"type": "Feature", "properties": {"highway": "footway", "footway": "crossing", "name": null, "surface": "asphalt", "lit": "yes", "length_m": 14.54, "type_element": "Way", "__fid": 15172}, "geometry": {"type": "LineString", "coordinates": [[2.2887875, 48.8519291], [2.2886723, 48.8518227]]}}, {"type": "Feature", "properties": {"highway": "footway", "footway": "sidewalk", "name": null, "surface": "asphalt", "lit": "yes", "length_m": 10.78, "type_element": "Way", "__fid": 15173}, "geometry": {"type": "LineString", "coordinates": [[2.2886723, 48.8518227], [2.2887162, 48.8517302]]}}, {"type": "Feature", "properties": {"highway": "footway", "footway": "crossing", "name": null, "surface": "asphalt", "lit": "yes", "length_m": 10.86, "type_element": "Way", "__fid": 15179}, "geometry": {"type": "LineString", "coordinates": [[2.2886829, 48.85207170000001], [2.2887614, 48.8521545]]}}, {"type": "Feature", "properties": {"highway": "footway", "footway": "crossing", "name": null, "surface": "asphalt", "lit": "yes", "length_m": 14.47, "type_element": "Way", "__fid": 15180}, "geometry": {"type": "LineString", "coordinates": [[2.2886829, 48.85207170000001], [2.288732, 48.8520427], [2.2888498, 48.852004499999985]]}}, {"type": "Feature", "properties": {"highway": "footway", "footway": "sidewalk", "name": null, "surface": "asphalt", "lit": "yes", "length_m": 156.78, "type_element": "Way", "__fid": 15196}, "geometry": {"type": "LineString", "coordinates": [[2.2887459, 48.8504228], [2.2898068, 48.8516467]]}}, {"type": "Feature", "properties": {"highway": "footway", "footway": "crossing", "name": null, "surface": "asphalt", "lit": "yes", "length_m": 10.37, "type_element": "Way", "__fid": 15197}, "geometry": {"type": "LineString", "coordinates": [[2.2887459, 48.8504228], [2.2888738, 48.8503831]]}}, {"type": "Feature", "properties": {"highway": "footway", "footway": "sidewalk", "name": null, "surface": "asphalt", "lit": "yes", "length_m": 11.27, "type_element": "Way", "__fid": 15209}, "geometry": {"type": "LineString", "coordinates": [[2.2887614, 48.8521545], [2.2888972, 48.85210710000001]]}}, {"type": "Feature", "properties": {"highway": "footway", "footway": "sidewalk", "name": null, "surface": "asphalt", "lit": "yes", "length_m": 9.55, "type_element": "Way", "__fid": 15217}, "geometry": {"type": "LineString", "coordinates": [[2.2888498, 48.852004499999985], [2.2887875, 48.8519291]]}}, {"type": "Feature", "properties": {"highway": "footway", "footway": "sidewalk", "name": null, "surface": "asphalt", "lit": "yes", "length_m": 1.64, "type_element": "Way", "__fid": 15250}, "geometry": {"type": "LineString", "coordinates": [[2.2888614, 48.8520171], [2.2888498, 48.852004499999985]]}}, {"type": "Feature", "properties": {"highway": "footway", "footway": "sidewalk", "name": null, "surface": null, "lit": "yes", "length_m": 157.0, "type_element": "Way", "__fid": 15251}, "geometry": {"type": "LineString", "coordinates": [[2.2888738, 48.8503831], [2.2890919, 48.8506337], [2.2892091, 48.850717], [2.289936, 48.8515545], [2.2899855, 48.8515842]]}}, {"type": "Feature", "properties": {"highway": "footway", "footway": "crossing", "name": null, "surface": "asphalt", "lit": "yes", "length_m": 10.48, "type_element": "Way", "__fid": 15256}, "geometry": {"type": "LineString", "coordinates": [[2.2888614, 48.8520171], [2.2888793, 48.8520366], [2.2888972, 48.85210710000001]]}}, {"type": "Feature", "properties": {"highway": "footway", "footway": "sidewalk", "name": null, "surface": "asphalt", "lit": "yes", "length_m": 78.88, "type_element": "Way", "__fid": 15257}, "geometry": {"type": "LineString", "coordinates": [[2.2897981, 48.851669], [2.2888614, 48.8520171]]}}, {"type": "Feature", "properties": {"highway": "footway", "footway": "sidewalk", "name": null, "surface": "asphalt", "lit": "yes", "length_m": 81.8, "type_element": "Way", "__fid": 15266}, "geometry": {"type": "LineString", "coordinates": [[2.2888972, 48.85210710000001], [2.2898813, 48.8517615]]}}, {"type": "Feature", "properties": {"highway": "footway", "footway": "crossing", "name": null, "surface": "asphalt", "lit": "yes", "length_m": 8.49, "type_element": "Way", "__fid": 15279}, "geometry": {"type": "LineString", "coordinates": [[2.2890493, 48.8485793], [2.288992233333207, 48.84851283333336]]}}, {"type": "Feature", "properties": {"highway": "footway", "footway": "sidewalk", "name": null, "surface": "asphalt", "lit": "yes", "length_m": 89.76, "type_element": "Way", "__fid": 15280}, "geometry": {"type": "LineString", "coordinates": [[2.288992233333207, 48.84851283333336], [2.2889889, 48.84850889999998], [2.290041666666604, 48.84810686666667]]}}, {"type": "Feature", "properties": {"highway": "footway", "footway": "sidewalk", "name": null, "surface": "asphalt", "lit": "yes", "length_m": 1.73, "type_element": "Way", "__fid": 15314}, "geometry": {"type": "LineString", "coordinates": [[2.2890728, 48.848578600000025], [2.2890493, 48.8485793]]}}, {"type": "Feature", "properties": {"highway": "footway", "footway": "sidewalk", "name": null, "surface": null, "lit": "yes", "length_m": 163.07, "type_element": "Way", "__fid": 15316}, "geometry": {"type": "LineString", "coordinates": [[2.289081333333292, 48.84678823333341], [2.2890902, 48.8468262], [2.2897015, 48.8475239], [2.289749, 48.8475264], [2.2900739, 48.8479009], [2.2900594, 48.8479264], [2.290162, 48.8480396]]}}, {"type": "Feature", "properties": {"highway": "footway", "footway": "sidewalk", "name": null, "surface": "asphalt", "lit": "yes", "length_m": 104.43, "type_element": "Way", "__fid": 15320}, "geometry": {"type": "LineString", "coordinates": [[2.2890728, 48.848578600000025], [2.2897772, 48.8493703], [2.2897779, 48.8493914]]}}, {"type": "Feature", "properties": {"highway": "footway", "footway": "crossing", "name": null, "surface": "asphalt", "lit": "yes", "length_m": 9.67, "type_element": "Way", "__fid": 15321}, "geometry": {"type": "LineString", "coordinates": [[2.2891882, 48.8485366], [2.2890728, 48.848578600000025]]}}, {"type": "Feature", "properties": {"highway": "footway", "footway": "sidewalk", "name": null, "surface": null, "lit": "yes", "length_m": 103.72, "type_element": "Way", "__fid": 15385}, "geometry": {"type": "LineString", "coordinates": [[2.289911, 48.849336100000016], [2.2898729, 48.8493145], [2.2891882, 48.8485366]]}}, {"type": "Feature", "properties": {"highway": "footway", "footway": "sidewalk", "name": null, "surface": "asphalt", "lit": "yes", "length_m": 78.06, "type_element": "Way", "__fid": 15386}, "geometry": {"type": "LineString", "coordinates": [[2.2891882, 48.8485366], [2.2892002, 48.8485208], [2.2901005, 48.8481813]]}}, {"type": "Feature", "properties": {"highway": "footway", "footway": "sidewalk", "name": null, "surface": "asphalt", "lit": "yes", "length_m": 112.44, "type_element": "Way", "__fid": 15415}, "geometry": {"type": "LineString", "coordinates": [[2.2892662, 48.8472097], [2.2893042, 48.8472404], [2.290047666666765, 48.848078933333404]]}}, {"type": "Feature", "properties": {"highway": "service", "footway": null, "name": null, "surface": "concrete", "lit": null, "length_m": 31.66, "type_element": "Way", "__fid": 15465}, "geometry": {"type": "LineString", "coordinates": [[2.289605, 48.853340500000016], [2.2895115, 48.8533172], [2.2893418, 48.853289], [2.2892942, 48.8532396], [2.2892989, 48.853195]]}}, {"type": "Feature", "properties": {"highway": "footway", "footway": "sidewalk", "name": null, "surface": "asphalt", "lit": "yes", "length_m": 110.13, "type_element": "Way", "__fid": 15617}, "geometry": {"type": "LineString", "coordinates": [[2.29044, 48.8525178], [2.2902446, 48.85269349999999], [2.289605, 48.853340500000016]]}}, {"type": "Feature", "properties": {"highway": "footway", "footway": "crossing", "name": null, "surface": "asphalt", "lit": "yes", "length_m": 11.52, "type_element": "Way", "__fid": 15673}, "geometry": {"type": "LineString", "coordinates": [[2.2897779, 48.8493914], [2.2898638, 48.84947809999998]]}}, {"type": "Feature", "properties": {"highway": "footway", "footway": "crossing", "name": null, "surface": "asphalt", "lit": "yes", "length_m": 11.54, "type_element": "Way", "__fid": 15674}, "geometry": {"type": "LineString", "coordinates": [[2.2897779, 48.8493914], [2.289911, 48.849336100000016]]}}, {"type": "Feature", "properties": {"highway": "footway", "footway": "crossing", "name": null, "surface": "asphalt", "lit": "yes", "length_m": 11.96, "type_element": "Way", "__fid": 15687}, "geometry": {"type": "LineString", "coordinates": [[2.2897981, 48.851669], [2.2898813, 48.8517615]]}}, {"type": "Feature", "properties": {"highway": "footway", "footway": "sidewalk", "name": null, "surface": "asphalt", "lit": "yes", "length_m": 2.56, "type_element": "Way", "__fid": 15688}, "geometry": {"type": "LineString", "coordinates": [[2.2898068, 48.8516467], [2.2897981, 48.851669]]}}, {"type": "Feature", "properties": {"highway": "footway", "footway": "crossing", "name": null, "surface": null, "lit": "yes", "length_m": 15.08, "type_element": "Way", "__fid": 15691}, "geometry": {"type": "LineString", "coordinates": [[2.2898068, 48.8516467], [2.2898226, 48.8516481], [2.2899855, 48.8515842]]}}, {"type": "Feature", "properties": {"highway": "footway", "footway": "sidewalk", "name": null, "surface": "asphalt", "lit": "yes", "length_m": 86.63, "type_element": "Way", "__fid": 15694}, "geometry": {"type": "LineString", "coordinates": [[2.2898638, 48.84947809999998], [2.2900953, 48.8493839], [2.2900945, 48.8493636], [2.290861, 48.8490813]]}}, {"type": "Feature", "properties": {"highway": "footway", "footway": "sidewalk", "name": null, "surface": null, "lit": "yes", "length_m": 76.18, "type_element": "Way", "__fid": 15714}, "geometry": {"type": "LineString", "coordinates": [[2.290816499999907, 48.8490070666667], [2.2899396, 48.849337099999985], [2.289911, 48.849336100000016]]}}, {"type": "Feature", "properties": {"highway": "footway", "footway": "sidewalk", "name": null, "surface": "asphalt", "lit": "yes", "length_m": 1.85, "type_element": "Way", "__fid": 15718}, "geometry": {"type": "LineString", "coordinates": [[2.2898813, 48.8517615], [2.2899064, 48.8517597]]}}, {"type": "Feature", "properties": {"highway": "footway", "footway": "sidewalk", "name": null, "surface": "asphalt", "lit": "yes", "length_m": 50.78, "type_element": "Way", "__fid": 15729}, "geometry": {"type": "LineString", "coordinates": [[2.2899064, 48.8517597], [2.2902257, 48.8521649]]}}, {"type": "Feature", "properties": {"highway": "footway", "footway": "crossing", "name": null, "surface": null, "lit": "yes", "length_m": 15.19, "type_element": "Way", "__fid": 15730}, "geometry": {"type": "LineString", "coordinates": [[2.2899064, 48.8517597], [2.2900949, 48.8517032]]}}, {"type": "Feature", "properties": {"highway": "footway", "footway": "sidewalk", "name": null, "surface": null, "lit": "yes", "length_m": 44.87, "type_element": "Way", "__fid": 15772}, "geometry": {"type": "LineString", "coordinates": [[2.2899855, 48.8515842], [2.2900252, 48.8515924], [2.2905247, 48.8514114]]}}, {"type": "Feature", "properties": {"highway": "footway", "footway": "crossing", "name": null, "surface": null, "lit": "yes", "length_m": 9.34, "type_element": "Way", "__fid": 15783}, "geometry": {"type": "LineString", "coordinates": [[2.2901005, 48.8481813], [2.290041666666604, 48.84810686666667]]}}, {"type": "Feature", "properties": {"highway": "footway", "footway": "sidewalk", "name": null, "surface": "asphalt", "lit": "yes", "length_m": 3.14, "type_element": "Way", "__fid": 15784}, "geometry": {"type": "LineString", "coordinates": [[2.290047666666765, 48.848078933333404], [2.290041666666604, 48.84810686666667]]}}, {"type": "Feature", "properties": {"highway": "footway", "footway": "crossing", "name": null, "surface": null, "lit": "yes", "length_m": 9.46, "type_element": "Way", "__fid": 15785}, "geometry": {"type": "LineString", "coordinates": [[2.290162, 48.8480396], [2.290047666666765, 48.848078933333404]]}}, {"type": "Feature", "properties": {"highway": "footway", "footway": "crossing", "name": null, "surface": null, "lit": "yes", "length_m": 11.8, "type_element": "Way", "__fid": 15795}, "geometry": {"type": "LineString", "coordinates": [[2.290028533333206, 48.851596400000034], [2.2901076, 48.8516888]]}}, {"type": "Feature", "properties": {"highway": "footway", "footway": "sidewalk", "name": null, "surface": "asphalt", "lit": null, "length_m": 93.11, "type_element": "Way", "__fid": 15803}, "geometry": {"type": "LineString", "coordinates": [[2.2900221, 48.8535566], [2.2906916, 48.8528829], [2.2907371, 48.8528727]]}}, {"type": "Feature", "properties": {"highway": "footway", "footway": "sidewalk", "name": null, "surface": null, "lit": "yes", "length_m": 2.74, "type_element": "Way", "__fid": 15804}, "geometry": {"type": "LineString", "coordinates": [[2.290137866666786, 48.848180600000084], [2.2901005, 48.8481813]]}}, {"type": "Feature", "properties": {"highway": "footway", "footway": "sidewalk", "name": null, "surface": null, "lit": "yes", "length_m": 102.08, "type_element": "Way", "__fid": 15818}, "geometry": {"type": "LineString", "coordinates": [[2.290137866666786, 48.848180600000084], [2.290821, 48.84898030000003]]}}, {"type": "Feature", "properties": {"highway": "footway", "footway": "crossing", "name": null, "surface": null, "lit": "yes", "length_m": 11.08, "type_element": "Way", "__fid": 15819}, "geometry": {"type": "LineString", "coordinates": [[2.290137866666786, 48.848180600000084], [2.2902684, 48.8481306]]}}, {"type": "Feature", "properties": {"highway": "footway", "footway": "sidewalk", "name": null, "surface": "asphalt", "lit": "yes", "length_m": 77.06, "type_element": "Way", "__fid": 15825}, "geometry": {"type": "LineString", "coordinates": [[2.2900949, 48.8517032], [2.2901108, 48.8517576], [2.2904843, 48.8522383], [2.2905883, 48.85230740000002]]}}, {"type": "Feature", "properties": {"highway": "footway", "footway": "sidewalk", "name": null, "surface": "asphalt", "lit": "yes", "length_m": 1.85, "type_element": "Way", "__fid": 15826}, "geometry": {"type": "LineString", "coordinates": [[2.2901076, 48.8516888], [2.2900949, 48.8517032]]}}, {"type": "Feature", "properties": {"highway": "footway", "footway": "sidewalk", "name": null, "surface": "asphalt", "lit": "yes", "length_m": 137.04, "type_element": "Way", "__fid": 15833}, "geometry": {"type": "LineString", "coordinates": [[2.2917465, 48.8510979], [2.2901076, 48.8516888]]}}, {"type": "Feature", "properties": {"highway": "footway", "footway": "sidewalk", "name": null, "surface": null, "lit": "yes", "length_m": 2.06, "type_element": "Way", "__fid": 15842}, "geometry": {"type": "LineString", "coordinates": [[2.2901899, 48.8480419], [2.290162, 48.8480396]]}}, {"type": "Feature", "properties": {"highway": "footway", "footway": "crossing", "name": null, "surface": "concrete", "lit": "yes", "length_m": 12.2, "type_element": "Way", "__fid": 15843}, "geometry": {"type": "LineString", "coordinates": [[2.2901322, 48.8502288], [2.2902926, 48.8502578]]}}, {"type": "Feature", "properties": {"highway": "footway", "footway": "sidewalk", "name": null, "surface": "asphalt", "lit": "yes", "length_m": 117.01, "type_element": "Way", "__fid": 15844}, "geometry": {"type": "LineString", "coordinates": [[2.2914359, 48.849679600000016], [2.2914532, 48.8496997], [2.2914494, 48.849723], [2.2901322, 48.8502288]]}}, {"type": "Feature", "properties": {"highway": "footway", "footway": "crossing", "name": null, "surface": null, "lit": "yes", "length_m": 11.42, "type_element": "Way", "__fid": 15855}, "geometry": {"type": "LineString", "coordinates": [[2.2902684, 48.8481306], [2.2901899, 48.8480419]]}}, {"type": "Feature", "properties": {"highway": "footway", "footway": "sidewalk", "name": null, "surface": null, "lit": "yes", "length_m": 36.7, "type_element": "Way", "__fid": 15856}, "geometry": {"type": "LineString", "coordinates": [[2.2901899, 48.8480419], [2.2906224, 48.8478762]]}}, {"type": "Feature", "properties": {"highway": "service", "footway": null, "name": null, "surface": "asphalt", "lit": "yes", "length_m": 1.58, "type_element": "Way", "__fid": 15892}, "geometry": {"type": "LineString", "coordinates": [[2.2902257, 48.8521649], [2.2902071, 48.852172]]}}, {"type": "Feature", "properties": {"highway": "footway", "footway": "sidewalk", "name": null, "surface": "asphalt", "lit": "yes", "length_m": 3.98, "type_element": "Way", "__fid": 15898}, "geometry": {"type": "LineString", "coordinates": [[2.2903153, 48.8481127], [2.2902684, 48.8481306]]}}, {"type": "Feature", "properties": {"highway": "footway", "footway": "sidewalk", "name": null, "surface": "asphalt", "lit": "yes", "length_m": 67.79, "type_element": "Way", "__fid": 15900}, "geometry": {"type": "LineString", "coordinates": [[2.2902469, 48.85035040000001], [2.2911315, 48.8505262]]}}, {"type": "Feature", "properties": {"highway": "footway", "footway": "crossing", "name": null, "surface": "sett", "lit": "yes", "length_m": 10.83, "type_element": "Way", "__fid": 15901}, "geometry": {"type": "LineString", "coordinates": [[2.2902469, 48.85035040000001], [2.2902926, 48.8502578]]}}, {"type": "Feature", "properties": {"highway": "footway", "footway": "sidewalk", "name": null, "surface": "asphalt", "lit": "yes", "length_m": 35.02, "type_element": "Way", "__fid": 15907}, "geometry": {"type": "LineString", "coordinates": [[2.2902257, 48.8521649], [2.2904526, 48.852442]]}}, {"type": "Feature", "properties": {"highway": "service", "footway": null, "name": null, "surface": "asphalt", "lit": "yes", "length_m": 7.95, "type_element": "Way", "__fid": 15908}, "geometry": {"type": "LineString", "coordinates": [[2.2903211, 48.852131], [2.2902257, 48.8521649]]}}, {"type": "Feature", "properties": {"highway": "footway", "footway": "sidewalk", "name": null, "surface": "asphalt", "lit": "yes", "length_m": 104.52, "type_element": "Way", "__fid": 15924}, "geometry": {"type": "LineString", "coordinates": [[2.2903153, 48.8481127], [2.2905256, 48.8483449], [2.2905077, 48.8483905], [2.2907101, 48.8486321], [2.2907021, 48.8486651], [2.2909452, 48.8489337]]}}, {"type": "Feature", "properties": {"highway": "footway", "footway": "sidewalk", "name": null, "surface": "asphalt", "lit": "yes", "length_m": 33.06, "type_element": "Way", "__fid": 15925}, "geometry": {"type": "LineString", "coordinates": [[2.2906856, 48.8479492], [2.2903658, 48.8480701], [2.2903153, 48.8481127]]}}, {"type": "Feature", "properties": {"highway": "footway", "footway": "sidewalk", "name": null, "surface": null, "lit": "yes", "length_m": 67.41, "type_element": "Way", "__fid": 15926}, "geometry": {"type": "LineString", "coordinates": [[2.2902926, 48.8502578], [2.290345, 48.8502778], [2.2911685, 48.850437]]}}, {"type": "Feature", "properties": {"highway": "footway", "footway": null, "name": null, "surface": "concrete", "lit": null, "length_m": 114.46, "type_element": "Way", "__fid": 15932}, "geometry": {"type": "LineString", "coordinates": [[2.290313, 48.8503916], [2.2905247, 48.8514114]]}}, {"type": "Feature", "properties": {"highway": "footway", "footway": "crossing", "name": null, "surface": "asphalt", "lit": "yes", "length_m": 13.64, "type_element": "Way", "__fid": 16010}, "geometry": {"type": "LineString", "coordinates": [[2.29044, 48.8525178], [2.2904605, 48.852530299999984], [2.290511, 48.85260570000001], [2.290536, 48.8526199]]}}, {"type": "Feature", "properties": {"highway": "footway", "footway": "sidewalk", "name": null, "surface": "asphalt", "lit": "yes", "length_m": 8.48, "type_element": "Way", "__fid": 16011}, "geometry": {"type": "LineString", "coordinates": [[2.2904526, 48.852442], [2.29044, 48.8525178]]}}, {"type": "Feature", "properties": {"highway": "footway", "footway": "crossing", "name": null, "surface": "asphalt", "lit": "yes", "length_m": 17.98, "type_element": "Way", "__fid": 16015}, "geometry": {"type": "LineString", "coordinates": [[2.2904526, 48.852442], [2.2905883, 48.85230740000002]]}}, {"type": "Feature", "properties": {"highway": "footway", "footway": "sidewalk", "name": null, "surface": null, "lit": "yes", "length_m": 113.2, "type_element": "Way", "__fid": 16032}, "geometry": {"type": "LineString", "coordinates": [[2.2905247, 48.8514114], [2.2918803, 48.8509256]]}}, {"type": "Feature", "properties": {"highway": "footway", "footway": "crossing", "name": null, "surface": "asphalt", "lit": "yes", "length_m": 29.68, "type_element": "Way", "__fid": 16051}, "geometry": {"type": "LineString", "coordinates": [[2.2907967, 48.8525535], [2.2906688, 48.8526841], [2.2906459, 48.85268330000001], [2.290536, 48.8526199]]}}, {"type": "Feature", "properties": {"highway": "footway", "footway": "crossing", "name": null, "surface": "asphalt", "lit": "yes", "length_m": 20.0, "type_element": "Way", "__fid": 16052}, "geometry": {"type": "LineString", "coordinates": [[2.2906881, 48.8524707], [2.290536, 48.8526199]]}}, {"type": "Feature", "properties": {"highway": "footway", "footway": "crossing", "name": null, "surface": null, "lit": "yes", "length_m": 9.35, "type_element": "Way", "__fid": 16060}, "geometry": {"type": "LineString", "coordinates": [[2.2906224, 48.8478762], [2.2906856, 48.8479492]]}}, {"type": "Feature", "properties": {"highway": "footway", "footway": "sidewalk", "name": null, "surface": null, "lit": null, "length_m": 56.45, "type_element": "Way", "__fid": 16061}, "geometry": {"type": "LineString", "coordinates": [[2.2906224, 48.8478762], [2.2912877, 48.8476214]]}}, {"type": "Feature", "properties": {"highway": "footway", "footway": "sidewalk", "name": null, "surface": "asphalt", "lit": "yes", "length_m": 2.93, "type_element": "Way", "__fid": 16077}, "geometry": {"type": "LineString", "coordinates": [[2.2905883, 48.85230740000002], [2.2906267, 48.8523002]]}}, {"type": "Feature", "properties": {"highway": "footway", "footway": "sidewalk", "name": null, "surface": "asphalt", "lit": null, "length_m": 56.66, "type_element": "Way", "__fid": 16093}, "geometry": {"type": "LineString", "coordinates": [[2.2913563, 48.8476967], [2.2906856, 48.8479492]]}}, {"type": "Feature", "properties": {"highway": "footway", "footway": "crossing", "name": null, "surface": "asphalt", "lit": "yes", "length_m": 19.49, "type_element": "Way", "__fid": 16094}, "geometry": {"type": "LineString", "coordinates": [[2.2906267, 48.8523002], [2.2906881, 48.8524707]]}}, {"type": "Feature", "properties": {"highway": "footway", "footway": "sidewalk", "name": null, "surface": "asphalt", "lit": "yes", "length_m": 81.67, "type_element": "Way", "__fid": 16095}, "geometry": {"type": "LineString", "coordinates": [[2.2906267, 48.8523002], [2.291245, 48.8516895]]}}, {"type": "Feature", "properties": {"highway": "footway", "footway": "sidewalk", "name": null, "surface": "asphalt", "lit": "yes", "length_m": 12.18, "type_element": "Way", "__fid": 16117}, "geometry": {"type": "LineString", "coordinates": [[2.2906881, 48.8524707], [2.2907967, 48.8525535]]}}]}