{"type": "FeatureCollection", "features": [{"type": "Feature", "properties": {"@id": "node/490042005", "amenity": "drinking_water", "artist_name": "Charles-Auguste Lebourg", "description": "Fontaine Wallace", "fountain": "wallace", "source": "survey 11-2017", "wikimedia_commons": "File:Fontaine Wallace Av de Villiers Paris.jpg", "type_element": "Fontaines à boire", "__fid": 65}, "geometry": {"type": "Point", "coordinates": [2.2982604, 48.884908]}, "id": "node/490042005"}, {"type": "Feature", "properties": {"@id": "node/11969410477", "amenity": "drinking_water", "fountain": "bottle_refill", "level": "0", "operator": "SNCF Gares & Connexions", "operator:wikidata": "Q3098278", "wheelchair": "yes", "type_element": "Fontaines à boire", "__fid": 924}, "geometry": {"type": "Point", "coordinates": [2.2979005, 48.885424]}, "id": "node/11969410477"}, {"type": "Feature", "geometry": {"type": "Point", "coordinates": [2.290861, 48.886045]}, "properties": {"id": 2629, "name": "Square de l'Amérique latine", "categorie": "Parcs, jardins et bois", "photo_url": "https://cdn.paris.fr/eqpts-prod/2022/05/10/533eba76028e507fcc36511acbed17c0.jpg", "photo_credit": "Clement Dorval/ Ville de Paris", "photo_alt": null, "address_street": "8 place de la porte de Champerret", "address_postcode": "75017", "address_city": "PARIS", "phone": null, "accessibility": "{\"handicaps\": [{\"name\": \"Personnes à mobilité réduite\", \"status\": \"accessible\"}, {\"name\": \"Personnes déficientes visuelles\", \"status\": \"undefined\"}, {\"name\": \"Personnes déficientes auditives\", \"status\": \"undefined\"}, {\"name\": \"Personnes déficientes mentales\", \"status\": \"undefined\"}, {\"name\": \"Accueil en langue des signes\", \"status\": \"undefined\"}]}", "latitude": 48.886045, "longitude": 2.290861, "url": "https://www.paris.fr/lieux/square-de-l-amerique-latine-2629", "type_element": "Parcs, Jardins et Bois", "__fid": 1122}}, {"type": "Feature", "geometry": {"type": "Point", "coordinates": [2.292893, 48.885965]}, "properties": {"id": 2638, "name": "Square Jérôme Bellat", "categorie": "Parcs, jardins et bois", "photo_url": "https://cdn.paris.fr/eqpts-prod/2022/05/10/3b71b320747c4693eec19efcf692e3b6.jpg", "photo_credit": "Antoine Polez / Ville de Paris", "photo_alt": null, "address_street": "2 place Stuart Merril", "address_postcode": "75017", "address_city": "PARIS", "phone": null, "accessibility": "{\"handicaps\": [{\"name\": \"Personnes à mobilité réduite\", \"status\": \"accessible\"}, {\"name\": \"Personnes déficientes visuelles\", \"status\": \"undefined\"}, {\"name\": \"Personnes déficientes auditives\", \"status\": \"undefined\"}, {\"name\": \"Personnes déficientes mentales\", \"status\": \"undefined\"}, {\"name\": \"Accueil en langue des signes\", \"status\": \"undefined\"}]}", "latitude": 48.885965, "longitude": 2.292893, "url": "https://www.paris.fr/lieux/square-jerome-bellat-2638", "type_element": "Parcs, Jardins et Bois", "__fid": 1207}}, {"type": "Feature", "geometry": {"type": "Point", "coordinates": [2.296424, 48.884847]}, "properties": {"id": 2627, "name": "Square Albert Besnard", "categorie": "Parcs, jardins et bois", "photo_url": "https://cdn.paris.fr/eqpts-prod/2022/05/10/5f13eb6fc56398bc1480452fd9275776.jpg", "photo_credit": "Clement Dorval/  Ville de Paris", "photo_alt": null, "address_street": "9 place du Maréchal Juin", "address_postcode": "75017", "address_city": "PARIS", "phone": null, "accessibility": "{\"handicaps\": [{\"name\": \"Personnes à mobilité réduite\", \"status\": \"accessible\"}, {\"name\": \"Personnes déficientes visuelles\", \"status\": \"undefined\"}, {\"name\": \"Personnes déficientes auditives\", \"status\": \"undefined\"}, {\"name\": \"Personnes déficientes mentales\", \"status\": \"undefined\"}, {\"name\": \"Accueil en langue des signes\", \"status\": \"undefined\"}]}", "latitude": 48.884847, "longitude": 2.296424, "url": "https://www.paris.fr/lieux/square-albert-besnard-2627", "type_element": "Parcs, Jardins et Bois", "__fid": 1227}}, {"type": "Feature", "geometry": {"type": "Point", "coordinates": [2.29072, 48.885908]}, "properties": {"id": 17804, "name": "Square Auguste Balagny", "categorie": "Parcs, jardins et bois", "photo_url": "https://cdn.paris.fr/eqpts-prod/2022/12/02/abd3e6bfca57445f948a8e70443dd019.jpg", "photo_credit": "Sonia Yassa / Ville de Paris", "photo_alt": null, "address_street": "Place de la Porte de Champerret", "address_postcode": "75017", "address_city": "Paris", "phone": null, "accessibility": "{\"handicaps\": [{\"name\": \"Personnes déficientes visuelles\", \"status\": \"undefined\"}, {\"name\": \"Personnes déficientes auditives\", \"status\": \"undefined\"}, {\"name\": \"Personnes déficientes mentales\", \"status\": \"undefined\"}, {\"name\": \"Personnes à mobilité réduite\", \"status\": \"undefined\"}, {\"name\": \"Accueil en langue des signes\", \"status\": \"undefined\"}]}", "latitude": 48.885908, "longitude": 2.29072, "url": "https://www.paris.fr/lieux/square-auguste-balagny-17804", "type_element": "Parcs, Jardins et Bois", "__fid": 1403}}, {"type": "Feature", "geometry": {"type": "Point", "coordinates": [2.290735, 48.882868]}, "properties": {"id": 2630, "name": "Square Olave et Robert Baden Powell", "categorie": "Parcs, jardins et bois", "photo_url": "https://cdn.paris.fr/eqpts-prod/2022/05/10/eb70e1cc00d5a6e3cd39e874ef9a904b.jpg", "photo_credit": "Jean-Pierre Viguié/ Ville de Paris", "photo_alt": null, "address_street": "59, rue Bayen", "address_postcode": "75017", "address_city": "Paris", "phone": null, "accessibility": "{\"handicaps\": [{\"name\": \"Personnes à mobilité réduite\", \"status\": \"accessible\"}, {\"name\": \"Personnes déficientes visuelles\", \"status\": \"undefined\"}, {\"name\": \"Personnes déficientes auditives\", \"status\": \"undefined\"}, {\"name\": \"Personnes déficientes mentales\", \"status\": \"undefined\"}, {\"name\": \"Accueil en langue des signes\", \"status\": \"undefined\"}]}", "latitude": 48.882868, "longitude": 2.290735, "url": "https://www.paris.fr/lieux/square-olave-et-robert-baden-powell-2630", "type_element": "Parcs, Jardins et Bois", "__fid": 1409}}, {"type": "Feature", "geometry": {"type": "Point", "coordinates": [2.292285, 48.887599]}, "properties": {"id": 2642, "name": "Square Sainte-Odile", "categorie": "Parcs, jardins et bois", "photo_url": "https://cdn.paris.fr/eqpts-prod/2022/05/10/726269221ef0a06282a995f318034899.jpg", "photo_credit": "Antoine Polez / Ville de Paris", "photo_alt": null, "address_street": "9 boulevard de la Somme", "address_postcode": "75017", "address_city": "Paris", "phone": null, "accessibility": "{\"handicaps\": [{\"name\": \"Personnes à mobilité réduite\", \"status\": \"accessible\"}, {\"name\": \"Personnes déficientes visuelles\", \"status\": \"undefined\"}, {\"name\": \"Personnes déficientes auditives\", \"status\": \"undefined\"}, {\"name\": \"Personnes déficientes mentales\", \"status\": \"undefined\"}, {\"name\": \"Accueil en langue des signes\", \"status\": \"undefined\"}]}", "latitude": 48.887599, "longitude": 2.292285, "url": "https://www.paris.fr/lieux/square-sainte-odile-2642", "type_element": "Parcs, Jardins et Bois", "__fid": 1411}}, {"type": "Feature", "geometry": {"type": "Point", "coordinates": [2.296673, 48.884456]}, "properties": {"id": 2821, "name": "Promenade Pereire", "categorie": "Parcs, jardins et bois", "photo_url": "https://cdn.paris.fr/eqpts-prod/2022/05/10/645c5aa81dee24aa7dddc9a1e376fba4.jpg", "photo_credit": "Clement Dorval / Ville de Paris", "photo_alt": null, "address_street": "boulevard Pereire", "address_postcode": "75017", "address_city": "Paris", "phone": null, "accessibility": "{\"handicaps\": [{\"name\": \"Personnes à mobilité réduite\", \"status\": \"accessible\"}, {\"name\": \"Personnes déficientes visuelles\", \"status\": \"accessible\"}, {\"name\": \"Personnes déficientes auditives\", \"status\": \"undefined\"}, {\"name\": \"Personnes déficientes mentales\", \"status\": \"undefined\"}, {\"name\": \"Accueil en langue des signes\", \"status\": \"undefined\"}]}", "latitude": 48.884456, "longitude": 2.296673, "url": "https://www.paris.fr/lieux/promenade-pereire-2821", "type_element": "Parcs, Jardins et Bois", "__fid": 1548}}, {"type": "Feature", "geometry": {"type": "Point", "coordinates": [2.295886, 48.888555]}, "properties": {"id": 2941, "name": "Piscine Marjorie Gestring (Ex : Piscine Champerret)", "categorie": "Piscines", "photo_url": "https://cdn.paris.fr/eqpts-prod/2023/08/10/edd8c7a569aa541fa0ca556e950dc023.jpg", "photo_credit": "SANZ Gérard", "photo_alt": null, "address_street": "36, boulevard de Reims", "address_postcode": "75017", "address_city": "PARIS", "phone": "0185146230", "accessibility": "{\"handicaps\": [{\"name\": \"Personnes déficientes visuelles\", \"status\": \"undefined\"}, {\"name\": \"Personnes déficientes auditives\", \"status\": \"undefined\"}, {\"name\": \"Personnes déficientes mentales\", \"status\": \"undefined\"}, {\"name\": \"Accueil en langue des signes\", \"status\": \"undefined\"}, {\"name\": \"Personnes à mobilité réduite\", \"status\": \"accessible\"}]}", "latitude": 48.888555, "longitude": 2.295886, "url": "https://www.paris.fr/lieux/piscine-marjorie-gestring-ex-piscine-champerret-2941", "type_element": "Piscines", "__fid": 1638}}, {"type": "Feature", "properties": {"highway": "footway", "footway": "sidewalk", "name": null, "surface": null, "lit": "yes", "length_m": 136.28, "type_element": "Way", "__fid": 15752}, "geometry": {"type": "LineString", "coordinates": [[2.289502466666667, 48.8841415], [2.2895184, 48.8841695], [2.2908346, 48.8849918]]}}, {"type": "Feature", "properties": {"highway": "footway", "footway": "sidewalk", "name": null, "surface": null, "lit": "yes", "length_m": 93.02, "type_element": "Way", "__fid": 15758}, "geometry": {"type": "LineString", "coordinates": [[2.2907789, 48.88404149999999], [2.2907242, 48.8840367], [2.2895189, 48.8841282]]}}, {"type": "Feature", "properties": {"highway": "footway", "footway": "sidewalk", "name": null, "surface": null, "lit": "yes", "length_m": 91.62, "type_element": "Way", "__fid": 15767}, "geometry": {"type": "LineString", "coordinates": [[2.289534, 48.88403060000001], [2.2895761, 48.8840376], [2.2907735, 48.8839433]]}}, {"type": "Feature", "properties": {"highway": "service", "footway": null, "name": null, "surface": null, "lit": "24/7", "length_m": 59.68, "type_element": "Way", "__fid": 16084}, "geometry": {"type": "LineString", "coordinates": [[2.290138940153723, 48.886688508319445], [2.2907553, 48.887039]]}}, {"type": "Feature", "properties": {"highway": "footway", "footway": "sidewalk", "name": null, "surface": null, "lit": "yes", "length_m": 80.49, "type_element": "Way", "__fid": 16163}, "geometry": {"type": "LineString", "coordinates": [[2.2909525, 48.88587420000001], [2.2908573, 48.886002], [2.29031, 48.8863929], [2.2903162, 48.88644209999999]]}}, {"type": "Feature", "properties": {"highway": "footway", "footway": "sidewalk", "name": null, "surface": null, "lit": "yes", "length_m": 43.76, "type_element": "Way", "__fid": 16229}, "geometry": {"type": "LineString", "coordinates": [[2.2908515, 48.8827935], [2.290484833333088, 48.88310396666676]]}}, {"type": "Feature", "properties": {"highway": "footway", "footway": null, "name": "Promenade Bernard Lafray", "surface": "asphalt", "lit": "yes", "length_m": 215.17, "type_element": "Way", "__fid": 16254}, "geometry": {"type": "LineString", "coordinates": [[2.2904564, 48.8881067], [2.2908497, 48.8882128], [2.2910184, 48.8882924], [2.2914387, 48.8885357], [2.2915792, 48.8885826], [2.2916695, 48.8885978], [2.2917669, 48.888604], [2.2920453, 48.88859009999999], [2.2924115, 48.8887583], [2.2927308, 48.888965399999975], [2.292936, 48.889019300000015]]}}, {"type": "Feature", "properties": {"highway": "footway", "footway": "sidewalk", "name": null, "surface": null, "lit": "yes", "length_m": 40.14, "type_element": "Way", "__fid": 16262}, "geometry": {"type": "LineString", "coordinates": [[2.2908595, 48.8854275], [2.290858, 48.8854676], [2.2905175, 48.8856968]]}}, {"type": "Feature", "properties": {"highway": "footway", "footway": "sidewalk", "name": null, "surface": null, "lit": "yes", "length_m": 37.39, "type_element": "Way", "__fid": 16279}, "geometry": {"type": "LineString", "coordinates": [[2.2905684, 48.8851745], [2.2908621, 48.8853584], [2.2908595, 48.8854275]]}}, {"type": "Feature", "properties": {"highway": "footway", "footway": "crossing", "name": null, "surface": null, "lit": "yes", "length_m": 28.17, "type_element": "Way", "__fid": 16280}, "geometry": {"type": "LineString", "coordinates": [[2.2905684, 48.8851745], [2.2908346, 48.8849918]]}}, {"type": "Feature", "properties": {"highway": "footway", "footway": "crossing", "name": null, "surface": "asphalt", "lit": "yes", "length_m": 28.27, "type_element": "Way", "__fid": 16290}, "geometry": {"type": "LineString", "coordinates": [[2.2905736, 48.8859199], [2.2908205, 48.885895599999984], [2.2909525, 48.88587420000001]]}}, {"type": "Feature", "properties": {"highway": "footway", "footway": "sidewalk", "name": null, "surface": "asphalt", "lit": "yes", "length_m": 19.98, "type_element": "Way", "__fid": 16306}, "geometry": {"type": "LineString", "coordinates": [[2.2906104, 48.88662079999998], [2.290629, 48.886676], [2.290652, 48.8867052], [2.2907022, 48.8867148], [2.2907868, 48.8867138]]}}, {"type": "Feature", "properties": {"highway": "footway", "footway": "sidewalk", "name": null, "surface": null, "lit": "yes", "length_m": 47.88, "type_element": "Way", "__fid": 16307}, "geometry": {"type": "LineString", "coordinates": [[2.2912629, 48.8866049], [2.2906104, 48.88662079999998]]}}, {"type": "Feature", "properties": {"highway": "footway", "footway": "sidewalk", "name": null, "surface": null, "lit": "yes", "length_m": 97.73, "type_element": "Way", "__fid": 16323}, "geometry": {"type": "LineString", "coordinates": [[2.2907938, 48.8839289], [2.2908017, 48.8838869], [2.2907703, 48.883425299999985], [2.2907309, 48.883084], [2.2906948, 48.8830623]]}}, {"type": "Feature", "properties": {"highway": "footway", "footway": "crossing", "name": null, "surface": null, "lit": "yes", "length_m": 18.43, "type_element": "Way", "__fid": 16324}, "geometry": {"type": "LineString", "coordinates": [[2.2906948, 48.8830623], [2.2908357, 48.88293980000001], [2.2908522, 48.8829348]]}}, {"type": "Feature", "properties": {"highway": "footway", "footway": "crossing", "name": null, "surface": null, "lit": "yes", "length_m": 10.93, "type_element": "Way", "__fid": 16358}, "geometry": {"type": "LineString", "coordinates": [[2.2907735, 48.8839433], [2.2907789, 48.88404149999999]]}}, {"type": "Feature", "properties": {"highway": "footway", "footway": "sidewalk", "name": null, "surface": null, "lit": "yes", "length_m": 2.19, "type_element": "Way", "__fid": 16359}, "geometry": {"type": "LineString", "coordinates": [[2.2907735, 48.8839433], [2.2907938, 48.8839289]]}}, {"type": "Feature", "properties": {"highway": "footway", "footway": "sidewalk", "name": null, "surface": null, "lit": "yes", "length_m": 2.55, "type_element": "Way", "__fid": 16364}, "geometry": {"type": "LineString", "coordinates": [[2.290803, 48.884058], [2.2907789, 48.88404149999999]]}}, {"type": "Feature", "properties": {"highway": "footway", "footway": "crossing", "name": null, "surface": null, "lit": "yes", "length_m": 10.36, "type_element": "Way", "__fid": 16372}, "geometry": {"type": "LineString", "coordinates": [[2.2907938, 48.8839289], [2.2909349, 48.8839243]]}}, {"type": "Feature", "properties": {"highway": "service", "footway": null, "name": null, "surface": null, "lit": "yes", "length_m": 55.4, "type_element": "Way", "__fid": 16379}, "geometry": {"type": "LineString", "coordinates": [[2.2907553, 48.887039], [2.2910835, 48.8871856], [2.2911913, 48.8872469], [2.2912383, 48.8872604], [2.2912814, 48.8872529], [2.291353, 48.8872237], [2.2913896, 48.88722220000001]]}}, {"type": "Feature", "properties": {"highway": "service", "footway": null, "name": null, "surface": null, "lit": "yes", "length_m": 45.56, "type_element": "Way", "__fid": 16380}, "geometry": {"type": "LineString", "coordinates": [[2.2907553, 48.887039], [2.2911242, 48.88726410000002], [2.2911423, 48.8872841], [2.2911441, 48.88733909999997]]}}, {"type": "Feature", "properties": {"highway": "footway", "footway": "sidewalk", "name": null, "surface": null, "lit": "yes", "length_m": 104.23, "type_element": "Way", "__fid": 16388}, "geometry": {"type": "LineString", "coordinates": [[2.2908976, 48.88499150000001], [2.2908207, 48.8840847], [2.290803, 48.884058]]}}, {"type": "Feature", "properties": {"highway": "footway", "footway": "crossing", "name": null, "surface": null, "lit": "yes", "length_m": 11.59, "type_element": "Way", "__fid": 16389}, "geometry": {"type": "LineString", "coordinates": [[2.290803, 48.884058], [2.2908207, 48.8840478], [2.2909384, 48.8840403], [2.2909531, 48.884045]]}}, {"type": "Feature", "properties": {"highway": "footway", "footway": "sidewalk", "name": null, "surface": "asphalt", "lit": "yes", "length_m": 13.59, "type_element": "Way", "__fid": 16401}, "geometry": {"type": "LineString", "coordinates": [[2.2909083, 48.886798800000015], [2.2908446, 48.8867796], [2.2907868, 48.8867138]]}}, {"type": "Feature", "properties": {"highway": "footway", "footway": "sidewalk", "name": null, "surface": null, "lit": "yes", "length_m": 17.22, "type_element": "Way", "__fid": 16402}, "geometry": {"type": "LineString", "coordinates": [[2.2907868, 48.8867138], [2.2910216, 48.88671249999998]]}}, {"type": "Feature", "properties": {"highway": "footway", "footway": "sidewalk", "name": null, "surface": null, "lit": "yes", "length_m": 110.2, "type_element": "Way", "__fid": 16412}, "geometry": {"type": "LineString", "coordinates": [[2.2909349, 48.8839243], [2.2908522, 48.8829348]]}}, {"type": "Feature", "properties": {"highway": "footway", "footway": "sidewalk", "name": null, "surface": null, "lit": "yes", "length_m": 38.28, "type_element": "Way", "__fid": 16413}, "geometry": {"type": "LineString", "coordinates": [[2.2908522, 48.8829348], [2.290868, 48.8828992], [2.2911312, 48.88268470000001], [2.291176060000133, 48.88267470000002]]}}, {"type": "Feature", "properties": {"highway": "footway", "footway": "sidewalk", "name": null, "surface": null, "lit": "yes", "length_m": 5.53, "type_element": "Way", "__fid": 16424}, "geometry": {"type": "LineString", "coordinates": [[2.2908346, 48.8849918], [2.2908554, 48.88500479999998], [2.2908976, 48.88499150000001]]}}, {"type": "Feature", "properties": {"highway": "footway", "footway": "sidewalk", "name": null, "surface": null, "lit": "yes", "length_m": 21.46, "type_element": "Way", "__fid": 16438}, "geometry": {"type": "LineString", "coordinates": [[2.2911019, 48.8855325], [2.2910356, 48.88548940000001], [2.2908595, 48.8854275]]}}, {"type": "Feature", "properties": {"highway": "footway", "footway": "crossing", "name": null, "surface": null, "lit": "yes", "length_m": 9.6, "type_element": "Way", "__fid": 16464}, "geometry": {"type": "LineString", "coordinates": [[2.2908976, 48.88499150000001], [2.290911, 48.88500530000001], [2.291014833333278, 48.88501976666675]]}}, {"type": "Feature", "properties": {"highway": "footway", "footway": "sidewalk", "name": null, "surface": null, "lit": "yes", "length_m": 1.86, "type_element": "Way", "__fid": 16477}, "geometry": {"type": "LineString", "coordinates": [[2.2909569, 48.88393270000001], [2.2909349, 48.8839243]]}}, {"type": "Feature", "properties": {"highway": "footway", "footway": "crossing", "name": null, "surface": "asphalt", "lit": "yes", "length_m": 24.03, "type_element": "Way", "__fid": 16490}, "geometry": {"type": "LineString", "coordinates": [[2.2911328, 48.8869562], [2.2909083, 48.886798800000015]]}}, {"type": "Feature", "properties": {"highway": "footway", "footway": "sidewalk", "name": null, "surface": null, "lit": "yes", "length_m": 13.38, "type_element": "Way", "__fid": 16491}, "geometry": {"type": "LineString", "coordinates": [[2.2910216, 48.88671249999998], [2.2909725, 48.8867782], [2.2909083, 48.886798800000015]]}}, {"type": "Feature", "properties": {"highway": "footway", "footway": "sidewalk", "name": null, "surface": null, "lit": "yes", "length_m": 112.41, "type_element": "Way", "__fid": 16496}, "geometry": {"type": "LineString", "coordinates": [[2.2909531, 48.884045], [2.2909456, 48.884069400000016], [2.2910165, 48.8848504], [2.2910211, 48.8850207], [2.2910283, 48.8850332], [2.2910543, 48.88504329999998]]}}, {"type": "Feature", "properties": {"highway": "footway", "footway": "sidewalk", "name": null, "surface": null, "lit": "yes", "length_m": 2.38, "type_element": "Way", "__fid": 16497}, "geometry": {"type": "LineString", "coordinates": [[2.2909749, 48.884029099999985], [2.2909531, 48.884045]]}}, {"type": "Feature", "properties": {"highway": "footway", "footway": "crossing", "name": null, "surface": null, "lit": "yes", "length_m": 11.17, "type_element": "Way", "__fid": 16502}, "geometry": {"type": "LineString", "coordinates": [[2.2909569, 48.88393270000001], [2.2909608, 48.88402040000001], [2.2909749, 48.884029099999985]]}}, {"type": "Feature", "properties": {"highway": "footway", "footway": "sidewalk", "name": null, "surface": null, "lit": "yes", "length_m": 122.66, "type_element": "Way", "__fid": 16503}, "geometry": {"type": "LineString", "coordinates": [[2.292619, 48.883809], [2.2909569, 48.88393270000001]]}}, {"type": "Feature", "properties": {"highway": "footway", "footway": "sidewalk", "name": null, "surface": null, "lit": "yes", "length_m": 112.04, "type_element": "Way", "__fid": 16521}, "geometry": {"type": "LineString", "coordinates": [[2.2924845, 48.8839207], [2.2924564, 48.8839105], [2.2910015, 48.8840176], [2.2909749, 48.884029099999985]]}}, {"type": "Feature", "properties": {"highway": "footway", "footway": "sidewalk", "name": null, "surface": null, "lit": "yes", "length_m": 39.53, "type_element": "Way", "__fid": 16523}, "geometry": {"type": "LineString", "coordinates": [[2.2909525, 48.88587420000001], [2.2914803, 48.88580180000001]]}}, {"type": "Feature", "properties": {"highway": "footway", "footway": "crossing", "name": null, "surface": null, "lit": "yes", "length_m": 22.47, "type_element": "Way", "__fid": 16559}, "geometry": {"type": "LineString", "coordinates": [[2.2912629, 48.8866049], [2.2911657, 48.886683], [2.2911031, 48.8867049], [2.2910216, 48.88671249999998]]}}, {"type": "Feature", "properties": {"highway": "footway", "footway": "crossing", "name": null, "surface": null, "lit": "yes", "length_m": 12.3, "type_element": "Way", "__fid": 16563}, "geometry": {"type": "LineString", "coordinates": [[2.2910543, 48.88504329999998], [2.2910911, 48.885139], [2.2911045, 48.885147]]}}, {"type": "Feature", "properties": {"highway": "footway", "footway": "sidewalk", "name": null, "surface": null, "lit": "yes", "length_m": 165.05, "type_element": "Way", "__fid": 16564}, "geometry": {"type": "LineString", "coordinates": [[2.2910543, 48.88504329999998], [2.2910862, 48.885042], [2.2924965, 48.88394189999998], [2.2924845, 48.8839207]]}}, {"type": "Feature", "properties": {"highway": "footway", "footway": "sidewalk", "name": null, "surface": "asphalt", "lit": "yes", "length_m": 46.65, "type_element": "Way", "__fid": 16594}, "geometry": {"type": "LineString", "coordinates": [[2.2915296, 48.8854496], [2.2911118, 48.8851779], [2.2911011, 48.8851621], [2.2911045, 48.885147]]}}, {"type": "Feature", "properties": {"highway": "footway", "footway": "sidewalk", "name": null, "surface": "asphalt", "lit": "yes", "length_m": 201.31, "type_element": "Way", "__fid": 16595}, "geometry": {"type": "LineString", "coordinates": [[2.2911045, 48.885147], [2.2911231, 48.88512510000001], [2.2925401, 48.8840215], [2.2928533, 48.8837525]]}}, {"type": "Feature", "properties": {"highway": "footway", "footway": "crossing", "name": null, "surface": null, "lit": "yes", "length_m": 40.88, "type_element": "Way", "__fid": 16597}, "geometry": {"type": "LineString", "coordinates": [[2.2914803, 48.88580180000001], [2.2912143, 48.8856259], [2.2911019, 48.8855325]]}}, {"type": "Feature", "properties": {"highway": "footway", "footway": "crossing", "name": null, "surface": null, "lit": "yes", "length_m": 33.35, "type_element": "Way", "__fid": 16598}, "geometry": {"type": "LineString", "coordinates": [[2.2911019, 48.8855325], [2.291156, 48.8855025], [2.2915184, 48.8854562], [2.2915296, 48.8854496]]}}, {"type": "Feature", "properties": {"highway": "footway", "footway": "sidewalk", "name": null, "surface": null, "lit": "yes", "length_m": 72.65, "type_element": "Way", "__fid": 16614}, "geometry": {"type": "LineString", "coordinates": [[2.291176060000133, 48.88267470000002], [2.2919427, 48.8830885]]}}, {"type": "Feature", "properties": {"highway": "footway", "footway": "sidewalk", "name": null, "surface": null, "lit": "yes", "length_m": 51.35, "type_element": "Way", "__fid": 16621}, "geometry": {"type": "LineString", "coordinates": [[2.291652, 48.8872661], [2.2911328, 48.8869562]]}}, {"type": "Feature", "properties": {"highway": "footway", "footway": "sidewalk", "name": null, "surface": "asphalt", "lit": "yes", "length_m": 112.44, "type_element": "Way", "__fid": 16622}, "geometry": {"type": "LineString", "coordinates": [[2.2911328, 48.8869562], [2.2911351, 48.88692120000002], [2.2921137, 48.8861888]]}}, {"type": "Feature", "properties": {"highway": "footway", "footway": "sidewalk", "name": null, "surface": null, "lit": "yes", "length_m": 70.64, "type_element": "Way", "__fid": 16645}, "geometry": {"type": "LineString", "coordinates": [[2.2920005, 48.8830079], [2.291254360000182, 48.882606160000144]]}}, {"type": "Feature", "properties": {"highway": "footway", "footway": "sidewalk", "name": null, "surface": "asphalt", "lit": "yes", "length_m": 73.67, "type_element": "Way", "__fid": 16692}, "geometry": {"type": "LineString", "coordinates": [[2.2919335, 48.8861116], [2.2912629, 48.8866049]]}}, {"type": "Feature", "properties": {"highway": "footway", "footway": "sidewalk", "name": null, "surface": null, "lit": "yes", "length_m": 3.0, "type_element": "Way", "__fid": 16813}, "geometry": {"type": "LineString", "coordinates": [[2.2914803, 48.88580180000001], [2.2915084, 48.8858214]]}}, {"type": "Feature", "properties": {"highway": "footway", "footway": "sidewalk", "name": null, "surface": null, "lit": "yes", "length_m": 44.87, "type_element": "Way", "__fid": 16831}, "geometry": {"type": "LineString", "coordinates": [[2.2915084, 48.8858214], [2.2919335, 48.8861116]]}}, {"type": "Feature", "properties": {"highway": "footway", "footway": "crossing", "name": null, "surface": null, "lit": "yes", "length_m": 16.51, "type_element": "Way", "__fid": 16832}, "geometry": {"type": "LineString", "coordinates": [[2.2917278, 48.8857879], [2.2915084, 48.8858214]]}}, {"type": "Feature", "properties": {"highway": "footway", "footway": "sidewalk", "name": null, "surface": "asphalt", "lit": "yes", "length_m": 27.72, "type_element": "Way", "__fid": 16841}, "geometry": {"type": "LineString", "coordinates": [[2.2918105, 48.885425], [2.2917114, 48.8855066], [2.2916712, 48.8855157], [2.2916047, 48.88549840000002], [2.2915296, 48.8854496]]}}, {"type": "Feature", "properties": {"highway": "footway", "footway": "crossing", "name": null, "surface": null, "lit": "yes", "length_m": 16.21, "type_element": "Way", "__fid": 16935}, "geometry": {"type": "LineString", "coordinates": [[2.2918256, 48.8873534], [2.2917871, 48.8873452], [2.291652, 48.8872661]]}}, {"type": "Feature", "properties": {"highway": "footway", "footway": "sidewalk", "name": null, "surface": null, "lit": "yes", "length_m": 115.19, "type_element": "Way", "__fid": 16936}, "geometry": {"type": "LineString", "coordinates": [[2.292732, 48.88651389999998], [2.291652, 48.8872661]]}}, {"type": "Feature", "properties": {"highway": "footway", "footway": "sidewalk", "name": null, "surface": null, "lit": "yes", "length_m": 74.94, "type_element": "Way", "__fid": 16974}, "geometry": {"type": "LineString", "coordinates": [[2.2917278, 48.8857879], [2.2924838, 48.8862414]]}}, {"type": "Feature", "properties": {"highway": "footway", "footway": "crossing", "name": null, "surface": null, "lit": "yes", "length_m": 13.91, "type_element": "Way", "__fid": 16975}, "geometry": {"type": "LineString", "coordinates": [[2.291914, 48.8857639], [2.2917278, 48.8857879]]}}, {"type": "Feature", "properties": {"highway": "footway", "footway": "crossing", "name": null, "surface": null, "lit": "yes", "length_m": 13.63, "type_element": "Way", "__fid": 17028}, "geometry": {"type": "LineString", "coordinates": [[2.2918105, 48.885425], [2.2918866, 48.88546570000001], [2.2919424, 48.88551049999998]]}}, {"type": "Feature", "properties": {"highway": "footway", "footway": "sidewalk", "name": null, "surface": "asphalt", "lit": "yes", "length_m": 196.34, "type_element": "Way", "__fid": 17029}, "geometry": {"type": "LineString", "coordinates": [[2.2935067, 48.8840589], [2.2918105, 48.885425]]}}, {"type": "Feature", "properties": {"highway": "footway", "footway": null, "name": null, "surface": null, "lit": "yes", "length_m": 31.32, "type_element": "Way", "__fid": 17041}, "geometry": {"type": "LineString", "coordinates": [[2.2921176, 48.887550900000015], [2.2918443, 48.8873949], [2.2918256, 48.8873534]]}}, {"type": "Feature", "properties": {"highway": "footway", "footway": "sidewalk", "name": null, "surface": null, "lit": "yes", "length_m": 114.19, "type_element": "Way", "__fid": 17042}, "geometry": {"type": "LineString", "coordinates": [[2.2918256, 48.8873534], [2.2918326, 48.8873127], [2.2928462, 48.8865879]]}}, {"type": "Feature", "properties": {"highway": "footway", "footway": "sidewalk", "name": null, "surface": null, "lit": "yes", "length_m": 11.25, "type_element": "Way", "__fid": 17060}, "geometry": {"type": "LineString", "coordinates": [[2.2919427, 48.8830885], [2.2920613, 48.8831526]]}}, {"type": "Feature", "properties": {"highway": "footway", "footway": "crossing", "name": null, "surface": null, "lit": "yes", "length_m": 9.91, "type_element": "Way", "__fid": 17061}, "geometry": {"type": "LineString", "coordinates": [[2.2920005, 48.8830079], [2.2919427, 48.8830885]]}}, {"type": "Feature", "properties": {"highway": "footway", "footway": "sidewalk", "name": null, "surface": null, "lit": "yes", "length_m": 66.78, "type_element": "Way", "__fid": 17069}, "geometry": {"type": "LineString", "coordinates": [[2.291914, 48.8857639], [2.2925712, 48.8861796]]}}, {"type": "Feature", "properties": {"highway": "footway", "footway": "crossing", "name": null, "surface": null, "lit": "yes", "length_m": 11.26, "type_element": "Way", "__fid": 17070}, "geometry": {"type": "LineString", "coordinates": [[2.2920647, 48.8857445], [2.291914, 48.8857639]]}}, {"type": "Feature", "properties": {"highway": "footway", "footway": "crossing", "name": null, "surface": null, "lit": "yes", "length_m": 15.76, "type_element": "Way", "__fid": 17088}, "geometry": {"type": "LineString", "coordinates": [[2.2921137, 48.8861888], [2.2919335, 48.8861116]]}}, {"type": "Feature", "properties": {"highway": "footway", "footway": "crossing", "name": null, "surface": null, "lit": "yes", "length_m": 27.61, "type_element": "Way", "__fid": 17089}, "geometry": {"type": "LineString", "coordinates": [[2.2919424, 48.88551049999998], [2.2921934, 48.88566419999999], [2.2921997, 48.885686200000016]]}}, {"type": "Feature", "properties": {"highway": "footway", "footway": "sidewalk", "name": null, "surface": "asphalt", "lit": "yes", "length_m": 200.03, "type_element": "Way", "__fid": 17090}, "geometry": {"type": "LineString", "coordinates": [[2.2936291, 48.8841129], [2.2935896, 48.88413], [2.2919439, 48.8854575], [2.2919424, 48.88551049999998]]}}, {"type": "Feature", "properties": {"highway": "footway", "footway": "sidewalk", "name": null, "surface": "asphalt", "lit": "yes", "length_m": 46.81, "type_element": "Way", "__fid": 17091}, "geometry": {"type": "LineString", "coordinates": [[2.2919424, 48.88551049999998], [2.2925684, 48.88542810000001]]}}, {"type": "Feature", "properties": {"highway": "service", "footway": null, "name": "Place Stuart Merrill", "surface": null, "lit": null, "length_m": 19.36, "type_element": "Way", "__fid": 17094}, "geometry": {"type": "LineString", "coordinates": [[2.2919429, 48.8856205], [2.2921396, 48.8857366]]}}, {"type": "Feature", "properties": {"highway": "footway", "footway": "sidewalk", "name": null, "surface": null, "lit": "yes", "length_m": 3.58, "type_element": "Way", "__fid": 17108}, "geometry": {"type": "LineString", "coordinates": [[2.2920493, 48.88300670000002], [2.2920005, 48.8830079]]}}, {"type": "Feature", "properties": {"highway": "footway", "footway": "crossing", "name": null, "surface": null, "lit": "yes", "length_m": 10.6, "type_element": "Way", "__fid": 17135}, "geometry": {"type": "LineString", "coordinates": [[2.2920493, 48.88300670000002], [2.2920568, 48.8830186], [2.2921551, 48.8830695]]}}, {"type": "Feature", "properties": {"highway": "footway", "footway": "sidewalk", "name": null, "surface": null, "lit": "yes", "length_m": 50.88, "type_element": "Way", "__fid": 17136}, "geometry": {"type": "LineString", "coordinates": [[2.2924769, 48.8826493], [2.292459, 48.8826843], [2.2920493, 48.88300670000002]]}}, {"type": "Feature", "properties": {"highway": "footway", "footway": "sidewalk", "name": null, "surface": "asphalt", "lit": "yes", "length_m": 155.45, "type_element": "Way", "__fid": 17145}, "geometry": {"type": "LineString", "coordinates": [[2.2920712, 48.8819361], [2.29371, 48.88282269999998]]}}, {"type": "Feature", "properties": {"highway": "footway", "footway": "sidewalk", "name": null, "surface": null, "lit": "yes", "length_m": 77.25, "type_element": "Way", "__fid": 17153}, "geometry": {"type": "LineString", "coordinates": [[2.2920613, 48.8831526], [2.292876680000264, 48.88359236000012]]}}, {"type": "Feature", "properties": {"highway": "footway", "footway": "crossing", "name": null, "surface": null, "lit": "yes", "length_m": 9.88, "type_element": "Way", "__fid": 17154}, "geometry": {"type": "LineString", "coordinates": [[2.2920613, 48.8831526], [2.2921637, 48.8830948]]}}, {"type": "Feature", "properties": {"highway": "footway", "footway": null, "name": "Allée Arié et Gabriel Sandler", "surface": null, "lit": "yes", "length_m": 8.49, "type_element": "Way", "__fid": 17160}, "geometry": {"type": "LineString", "coordinates": [[2.2921176, 48.887550900000015], [2.2920422, 48.8875609], [2.2920152, 48.88757930000001]]}}, {"type": "Feature", "properties": {"highway": "footway", "footway": "traffic_island", "name": null, "surface": null, "lit": "yes", "length_m": 44.08, "type_element": "Way", "__fid": 17171}, "geometry": {"type": "LineString", "coordinates": [[2.2920647, 48.8857445], [2.2925047, 48.88601460000001]]}}, {"type": "Feature", "properties": {"highway": "footway", "footway": "crossing", "name": null, "surface": null, "lit": "yes", "length_m": 5.56, "type_element": "Way", "__fid": 17172}, "geometry": {"type": "LineString", "coordinates": [[2.2921396, 48.8857366], [2.2920647, 48.8857445]]}}, {"type": "Feature", "properties": {"highway": "footway", "footway": "sidewalk", "name": null, "surface": null, "lit": "yes", "length_m": 2.88, "type_element": "Way", "__fid": 17201}, "geometry": {"type": "LineString", "coordinates": [[2.2921551, 48.8830695], [2.2921637, 48.8830948]]}}, {"type": "Feature", "properties": {"highway": "footway", "footway": "sidewalk", "name": null, "surface": null, "lit": "yes", "length_m": 52.61, "type_element": "Way", "__fid": 17202}, "geometry": {"type": "LineString", "coordinates": [[2.2926182, 48.88271129999998], [2.2925878, 48.88272], [2.2925537, 48.8827446], [2.2921551, 48.8830695]]}}, {"type": "Feature", "properties": {"highway": "footway", "footway": "sidewalk", "name": null, "surface": null, "lit": "yes", "length_m": 24.81, "type_element": "Way", "__fid": 17203}, "geometry": {"type": "LineString", "coordinates": [[2.2921137, 48.8861888], [2.2923359, 48.8862547], [2.2924031, 48.8862987]]}}, {"type": "Feature", "properties": {"highway": "footway", "footway": "sidewalk", "name": null, "surface": null, "lit": "yes", "length_m": 74.2, "type_element": "Way", "__fid": 17209}, "geometry": {"type": "LineString", "coordinates": [[2.2921637, 48.8830948], [2.2929473, 48.88351689999999]]}}, {"type": "Feature", "properties": {"highway": "service", "footway": null, "name": "Place Stuart Merrill", "surface": null, "lit": null, "length_m": 37.32, "type_element": "Way", "__fid": 17215}, "geometry": {"type": "LineString", "coordinates": [[2.2921396, 48.8857366], [2.2925189, 48.8859603]]}}, {"type": "Feature", "properties": {"highway": "footway", "footway": "crossing", "name": null, "surface": null, "lit": "yes", "length_m": 4.38, "type_element": "Way", "__fid": 17216}, "geometry": {"type": "LineString", "coordinates": [[2.292197466666815, 48.885726833333464], [2.2921396, 48.8857366]]}}, {"type": "Feature", "properties": {"highway": "footway", "footway": null, "name": null, "surface": null, "lit": "yes", "length_m": 140.26, "type_element": "Way", "__fid": 17218}, "geometry": {"type": "LineString", "coordinates": [[2.293762, 48.888191200000016], [2.2932558, 48.8880251], [2.2927293, 48.8878263], [2.2921176, 48.887550900000015]]}}, {"type": "Feature", "properties": {"highway": "footway", "footway": null, "name": "Allée Arié et Gabriel Sandler", "surface": null, "lit": "yes", "length_m": 110.27, "type_element": "Way", "__fid": 17219}, "geometry": {"type": "LineString", "coordinates": [[2.2935909, 48.8873524], [2.2921176, 48.887550900000015]]}}, {"type": "Feature", "properties": {"highway": "footway", "footway": "sidewalk", "name": null, "surface": null, "lit": "yes", "length_m": 32.9, "type_element": "Way", "__fid": 17254}, "geometry": {"type": "LineString", "coordinates": [[2.292197466666815, 48.885726833333464], [2.292532833333358, 48.88592333333334]]}}, {"type": "Feature", "properties": {"highway": "footway", "footway": "sidewalk", "name": null, "surface": null, "lit": "yes", "length_m": 4.94, "type_element": "Way", "__fid": 17255}, "geometry": {"type": "LineString", "coordinates": [[2.292197466666815, 48.885726833333464], [2.2922054, 48.885724899999985], [2.2921997, 48.885686200000016]]}}, {"type": "Feature", "properties": {"highway": "footway", "footway": "sidewalk", "name": null, "surface": null, "lit": "yes", "length_m": 43.84, "type_element": "Way", "__fid": 17258}, "geometry": {"type": "LineString", "coordinates": [[2.2927815, 48.8856095], [2.2922208, 48.885673299999986], [2.2921997, 48.885686200000016]]}}, {"type": "Feature", "properties": {"highway": "footway", "footway": "sidewalk", "name": null, "surface": null, "lit": "yes", "length_m": 33.98, "type_element": "Way", "__fid": 17366}, "geometry": {"type": "LineString", "coordinates": [[2.2924031, 48.8862987], [2.292732, 48.88651389999998]]}}, {"type": "Feature", "properties": {"highway": "footway", "footway": "crossing", "name": null, "surface": null, "lit": "yes", "length_m": 8.7, "type_element": "Way", "__fid": 17367}, "geometry": {"type": "LineString", "coordinates": [[2.2924838, 48.8862414], [2.2924031, 48.8862987]]}}, {"type": "Feature", "properties": {"highway": "footway", "footway": "crossing", "name": null, "surface": null, "lit": "yes", "length_m": 16.21, "type_element": "Way", "__fid": 17405}, "geometry": {"type": "LineString", "coordinates": [[2.2924845, 48.8839207], [2.2926189, 48.8838225], [2.292619, 48.883809]]}}, {"type": "Feature", "properties": {"highway": "footway", "footway": "crossing", "name": null, "surface": null, "lit": "yes", "length_m": 9.4, "type_element": "Way", "__fid": 17430}, "geometry": {"type": "LineString", "coordinates": [[2.2925712, 48.8861796], [2.2924838, 48.8862414]]}}, {"type": "Feature", "properties": {"highway": "footway", "footway": "traffic_island", "name": null, "surface": null, "lit": "yes", "length_m": 8.18, "type_element": "Way", "__fid": 17443}, "geometry": {"type": "LineString", "coordinates": [[2.2925047, 48.88601460000001], [2.2925864, 48.8860647]]}}, {"type": "Feature", "properties": {"highway": "footway", "footway": "crossing", "name": null, "surface": null, "lit": "yes", "length_m": 6.13, "type_element": "Way", "__fid": 17444}, "geometry": {"type": "LineString", "coordinates": [[2.2925047, 48.88601460000001], [2.2925189, 48.8859603]]}}, {"type": "Feature", "properties": {"highway": "service", "footway": null, "name": "Place Stuart Merrill", "surface": null, "lit": null, "length_m": 5.95, "type_element": "Way", "__fid": 17452}, "geometry": {"type": "LineString", "coordinates": [[2.2925189, 48.8859603], [2.2925794, 48.885996]]}}, {"type": "Feature", "properties": {"highway": "footway", "footway": "crossing", "name": null, "surface": null, "lit": "yes", "length_m": 4.24, "type_element": "Way", "__fid": 17453}, "geometry": {"type": "LineString", "coordinates": [[2.2925189, 48.8859603], [2.292532833333358, 48.88592333333334]]}}, {"type": "Feature", "properties": {"highway": "footway", "footway": "sidewalk", "name": null, "surface": null, "lit": "yes", "length_m": 32.15, "type_element": "Way", "__fid": 17469}, "geometry": {"type": "LineString", "coordinates": [[2.292532833333358, 48.88592333333334], [2.2925721, 48.88591], [2.292843819414638, 48.885721676101284]]}}, {"type": "Feature", "properties": {"highway": "footway", "footway": null, "name": null, "surface": null, "lit": "yes", "length_m": 22.08, "type_element": "Way", "__fid": 17490}, "geometry": {"type": "LineString", "coordinates": [[2.2925684, 48.88542810000001], [2.2925721, 48.8854422], [2.2927111, 48.8854247], [2.2927259, 48.885437], [2.292758477112654, 48.88550905624232]]}}, {"type": "Feature", "properties": {"highway": "footway", "footway": "sidewalk", "name": null, "surface": "asphalt", "lit": "yes", "length_m": 12.45, "type_element": "Way", "__fid": 17491}, "geometry": {"type": "LineString", "coordinates": [[2.2925684, 48.88542810000001], [2.2927356, 48.8854085]]}}, {"type": "Feature", "properties": {"highway": "footway", "footway": "sidewalk", "name": null, "surface": null, "lit": "yes", "length_m": 72.71, "type_element": "Way", "__fid": 17506}, "geometry": {"type": "LineString", "coordinates": [[2.2933866, 48.883123699999985], [2.2926538, 48.8827237], [2.2926182, 48.88271129999998]]}}, {"type": "Feature", "properties": {"highway": "footway", "footway": "crossing", "name": null, "surface": null, "lit": "yes", "length_m": 10.16, "type_element": "Way", "__fid": 17510}, "geometry": {"type": "LineString", "coordinates": [[2.2926661, 48.886113], [2.2925712, 48.8861796]]}}, {"type": "Feature", "properties": {"highway": "service", "footway": null, "name": "Place Stuart Merrill", "surface": null, "lit": null, "length_m": 7.94, "type_element": "Way", "__fid": 17520}, "geometry": {"type": "LineString", "coordinates": [[2.2925794, 48.885996], [2.2925942, 48.8860144], [2.2925864, 48.8860647]]}}, {"type": "Feature", "properties": {"highway": "service", "footway": null, "name": "Place Stuart Merrill", "surface": null, "lit": null, "length_m": 26.97, "type_element": "Way", "__fid": 17521}, "geometry": {"type": "LineString", "coordinates": [[2.292828799852173, 48.8858178056239], [2.2925794, 48.885996]]}}, {"type": "Feature", "properties": {"highway": "service", "footway": null, "name": "Place Stuart Merrill", "surface": null, "lit": null, "length_m": 8.19, "type_element": "Way", "__fid": 17525}, "geometry": {"type": "LineString", "coordinates": [[2.2925864, 48.8860647], [2.2925813, 48.8861383]]}}, {"type": "Feature", "properties": {"highway": "footway", "footway": "crossing", "name": null, "surface": null, "lit": "yes", "length_m": 7.94, "type_element": "Way", "__fid": 17527}, "geometry": {"type": "LineString", "coordinates": [[2.2925864, 48.8860647], [2.2926661, 48.886113]]}}, {"type": "Feature", "properties": {"highway": "footway", "footway": "sidewalk", "name": null, "surface": null, "lit": "yes", "length_m": 16.38, "type_element": "Way", "__fid": 17528}, "geometry": {"type": "LineString", "coordinates": [[2.2927731, 48.88371450000001], [2.2926706, 48.8838051], [2.292619, 48.883809]]}}, {"type": "Feature", "properties": {"highway": "footway", "footway": null, "name": null, "surface": null, "lit": "yes", "length_m": 10.03, "type_element": "Way", "__fid": 17561}, "geometry": {"type": "LineString", "coordinates": [[2.2926681, 48.8856427], [2.2928023, 48.8856253]]}}, {"type": "Feature", "properties": {"highway": "footway", "footway": "sidewalk", "name": null, "surface": null, "lit": "yes", "length_m": 121.68, "type_element": "Way", "__fid": 17566}, "geometry": {"type": "LineString", "coordinates": [[2.293863, 48.8868656], [2.2927075, 48.8861668], [2.2926661, 48.886113]]}}, {"type": "Feature", "properties": {"highway": "footway", "footway": "sidewalk", "name": null, "surface": null, "lit": "yes", "length_m": 29.86, "type_element": "Way", "__fid": 17567}, "geometry": {"type": "LineString", "coordinates": [[2.2926661, 48.886113], [2.2926548, 48.8860553], [2.2926705, 48.8860249], [2.2928532, 48.88589360000001]]}}, {"type": "Feature", "properties": {"highway": "footway", "footway": "sidewalk", "name": null, "surface": null, "lit": "yes", "length_m": 69.23, "type_element": "Way", "__fid": 17584}, "geometry": {"type": "LineString", "coordinates": [[2.2934606, 48.883058], [2.2927399, 48.8826646], [2.292745300000222, 48.882660333333405]]}}, {"type": "Feature", "properties": {"highway": "footway", "footway": "crossing", "name": null, "surface": null, "lit": "yes", "length_m": 11.31, "type_element": "Way", "__fid": 17602}, "geometry": {"type": "LineString", "coordinates": [[2.292758477112654, 48.88550905624232], [2.2927356, 48.8854085]]}}, {"type": "Feature", "properties": {"highway": "footway", "footway": "sidewalk", "name": null, "surface": "asphalt", "lit": "yes", "length_m": 37.04, "type_element": "Way", "__fid": 17603}, "geometry": {"type": "LineString", "coordinates": [[2.2927356, 48.8854085], [2.293233040000108, 48.88535058000016]]}}, {"type": "Feature", "properties": {"highway": "footway", "footway": "crossing", "name": null, "surface": null, "lit": "yes", "length_m": 11.74, "type_element": "Way", "__fid": 17610}, "geometry": {"type": "LineString", "coordinates": [[2.292732, 48.88651389999998], [2.2928462, 48.8865879]]}}, {"type": "Feature", "properties": {"highway": "footway", "footway": "crossing", "name": null, "surface": null, "lit": "yes", "length_m": 7.24, "type_element": "Way", "__fid": 17612}, "geometry": {"type": "LineString", "coordinates": [[2.2927731, 48.88371450000001], [2.2928533, 48.8837525]]}}, {"type": "Feature", "properties": {"highway": "footway", "footway": "sidewalk", "name": null, "surface": null, "lit": "yes", "length_m": 16.09, "type_element": "Way", "__fid": 17613}, "geometry": {"type": "LineString", "coordinates": [[2.292876680000264, 48.88359236000012], [2.2928761, 48.8836235], [2.2927731, 48.88371450000001]]}}, {"type": "Feature", "properties": {"highway": "footway", "footway": null, "name": null, "surface": null, "lit": "yes", "length_m": 11.33, "type_element": "Way", "__fid": 17623}, "geometry": {"type": "LineString", "coordinates": [[2.292758477112654, 48.88550905624232], [2.292797013534782, 48.8856077392274]]}}, {"type": "Feature", "properties": {"highway": "footway", "footway": "crossing", "name": null, "surface": null, "lit": "yes", "length_m": 11.3, "type_element": "Way", "__fid": 17624}, "geometry": {"type": "LineString", "coordinates": [[2.2927815, 48.8856095], [2.292758477112654, 48.88550905624232]]}}, {"type": "Feature", "properties": {"highway": "footway", "footway": null, "name": "Promenade Thérèse Pierre", "surface": "compacted", "lit": "yes", "length_m": 71.57, "type_element": "Way", "__fid": 17641}, "geometry": {"type": "LineString", "coordinates": [[2.2928161, 48.8826033], [2.2930445, 48.8827256], [2.2930177, 48.8827498], [2.2935095, 48.8830161]]}}, {"type": "Feature", "properties": {"highway": "footway", "footway": "sidewalk", "name": null, "surface": null, "lit": "yes", "length_m": 1.15, "type_element": "Way", "__fid": 17644}, "geometry": {"type": "LineString", "coordinates": [[2.292797013534782, 48.8856077392274], [2.2927815, 48.8856095]]}}, {"type": "Feature", "properties": {"highway": "footway", "footway": "sidewalk", "name": null, "surface": null, "lit": "yes", "length_m": 77.65, "type_element": "Way", "__fid": 17646}, "geometry": {"type": "LineString", "coordinates": [[2.2928251, 48.8824537], [2.2936396, 48.8828999]]}}, {"type": "Feature", "properties": {"highway": "footway", "footway": null, "name": null, "surface": null, "lit": "yes", "length_m": 1.99, "type_element": "Way", "__fid": 17652}, "geometry": {"type": "LineString", "coordinates": [[2.292797013534782, 48.8856077392274], [2.2928023, 48.8856253]]}}, {"type": "Feature", "properties": {"highway": "footway", "footway": "sidewalk", "name": null, "surface": null, "lit": "yes", "length_m": 14.64, "type_element": "Way", "__fid": 17653}, "geometry": {"type": "LineString", "coordinates": [[2.292942233333253, 48.885653466666696], [2.2928978, 48.8855963], [2.292797013534782, 48.8856077392274]]}}, {"type": "Feature", "properties": {"highway": "footway", "footway": null, "name": null, "surface": null, "lit": "24/7", "length_m": 8.5, "type_element": "Way", "__fid": 17656}, "geometry": {"type": "LineString", "coordinates": [[2.2928023, 48.8856253], [2.2928533, 48.8856939]]}}, {"type": "Feature", "properties": {"highway": "footway", "footway": "sidewalk", "name": null, "surface": "asphalt", "lit": "yes", "length_m": 56.81, "type_element": "Way", "__fid": 17668}, "geometry": {"type": "LineString", "coordinates": [[2.2928533, 48.8837525], [2.2928986, 48.8837534], [2.2934924, 48.8840327]]}}, {"type": "Feature", "properties": {"highway": "steps", "footway": null, "name": null, "surface": null, "lit": "24/7", "length_m": 7.75, "type_element": "Way", "__fid": 17670}, "geometry": {"type": "LineString", "coordinates": [[2.292930962621706, 48.885835475161166], [2.292828799852173, 48.8858178056239]]}}, {"type": "Feature", "properties": {"highway": "footway", "footway": null, "name": null, "surface": null, "lit": "24/7", "length_m": 11.9, "type_element": "Way", "__fid": 17671}, "geometry": {"type": "LineString", "coordinates": [[2.292828799852173, 48.8858178056239], [2.292812, 48.885814899999986], [2.292843819414638, 48.885721676101284]]}}, {"type": "Feature", "properties": {"highway": "service", "footway": null, "name": "Place Stuart Merrill", "surface": null, "lit": null, "length_m": 15.37, "type_element": "Way", "__fid": 17672}, "geometry": {"type": "LineString", "coordinates": [[2.292971397018405, 48.885716486460495], [2.292828799852173, 48.8858178056239]]}}, {"type": "Feature", "properties": {"highway": "footway", "footway": null, "name": null, "surface": null, "lit": "24/7", "length_m": 3.17, "type_element": "Way", "__fid": 17679}, "geometry": {"type": "LineString", "coordinates": [[2.2928533, 48.8856939], [2.292843819414638, 48.885721676101284]]}}, {"type": "Feature", "properties": {"highway": "footway", "footway": "sidewalk", "name": null, "surface": null, "lit": "yes", "length_m": 3.56, "type_element": "Way", "__fid": 17680}, "geometry": {"type": "LineString", "coordinates": [[2.292843819414638, 48.885721676101284], [2.292877278593926, 48.885698485999505]]}}, {"type": "Feature", "properties": {"highway": "footway", "footway": "crossing", "name": null, "surface": null, "lit": "yes", "length_m": 9.86, "type_element": "Way", "__fid": 17682}, "geometry": {"type": "LineString", "coordinates": [[2.292876680000264, 48.88359236000012], [2.2929473, 48.88351689999999]]}}, {"type": "Feature", "properties": {"highway": "footway", "footway": null, "name": null, "surface": null, "lit": "24/7", "length_m": 1.83, "type_element": "Way", "__fid": 17686}, "geometry": {"type": "LineString", "coordinates": [[2.292877278593926, 48.885698485999505], [2.2928533, 48.8856939]]}}, {"type": "Feature", "properties": {"highway": "footway", "footway": "sidewalk", "name": null, "surface": null, "lit": "yes", "length_m": 130.15, "type_element": "Way", "__fid": 17687}, "geometry": {"type": "LineString", "coordinates": [[2.2945007, 48.8863067], [2.2944926, 48.88628880000001], [2.2944663, 48.886277], [2.2928532, 48.88589360000001]]}}, {"type": "Feature", "properties": {"highway": "footway", "footway": "sidewalk", "name": null, "surface": null, "lit": "yes", "length_m": 8.62, "type_element": "Way", "__fid": 17688}, "geometry": {"type": "LineString", "coordinates": [[2.2928532, 48.88589360000001], [2.292930962621706, 48.885835475161166]]}}, {"type": "Feature", "properties": {"highway": "footway", "footway": "sidewalk", "name": null, "surface": null, "lit": "yes", "length_m": 52.92, "type_element": "Way", "__fid": 17689}, "geometry": {"type": "LineString", "coordinates": [[2.2933944, 48.88689740000002], [2.2928462, 48.8865879]]}}, {"type": "Feature", "properties": {"highway": "footway", "footway": "crossing", "name": null, "surface": null, "lit": "yes", "length_m": 10.18, "type_element": "Way", "__fid": 17693}, "geometry": {"type": "LineString", "coordinates": [[2.292903333333454, 48.88375073333338], [2.2929743, 48.8836908], [2.2929944, 48.88368280000001]]}}, {"type": "Feature", "properties": {"highway": "footway", "footway": null, "name": null, "surface": null, "lit": "24/7", "length_m": 7.19, "type_element": "Way", "__fid": 17694}, "geometry": {"type": "LineString", "coordinates": [[2.292971397018405, 48.885716486460495], [2.292877278593926, 48.885698485999505]]}}, {"type": "Feature", "properties": {"highway": "footway", "footway": "sidewalk", "name": null, "surface": null, "lit": "yes", "length_m": 6.91, "type_element": "Way", "__fid": 17695}, "geometry": {"type": "LineString", "coordinates": [[2.292877278593926, 48.885698485999505], [2.292942233333253, 48.885653466666696]]}}, {"type": "Feature", "properties": {"highway": "footway", "footway": "sidewalk", "name": null, "surface": null, "lit": "yes", "length_m": 54.26, "type_element": "Way", "__fid": 17727}, "geometry": {"type": "LineString", "coordinates": [[2.2929473, 48.88351689999999], [2.292998, 48.8835103], [2.293403899999801, 48.88314380000013]]}}, {"type": "Feature", "properties": {"highway": "steps", "footway": null, "name": null, "surface": null, "lit": "24/7", "length_m": 6.45, "type_element": "Way", "__fid": 17734}, "geometry": {"type": "LineString", "coordinates": [[2.2930161, 48.8858502], [2.292930962621706, 48.885835475161166]]}}, {"type": "Feature", "properties": {"highway": "footway", "footway": "sidewalk", "name": null, "surface": null, "lit": "yes", "length_m": 14.83, "type_element": "Way", "__fid": 17735}, "geometry": {"type": "LineString", "coordinates": [[2.292930962621706, 48.885835475161166], [2.293064768029867, 48.885735459871235]]}}, {"type": "Feature", "properties": {"highway": "footway", "footway": "crossing", "name": null, "surface": null, "lit": "yes", "length_m": 6.34, "type_element": "Way", "__fid": 17741}, "geometry": {"type": "LineString", "coordinates": [[2.292942233333253, 48.885653466666696], [2.293008121517186, 48.88569039261284]]}}, {"type": "Feature", "properties": {"highway": "footway", "footway": "sidewalk", "name": null, "surface": "asphalt", "lit": "yes", "length_m": 53.35, "type_element": "Way", "__fid": 17756}, "geometry": {"type": "LineString", "coordinates": [[2.293557380000189, 48.88398020000006], [2.2932544, 48.88383380000001], [2.2932357, 48.8838144], [2.2930095, 48.8837043], [2.2929944, 48.88368280000001]]}}, {"type": "Feature", "properties": {"highway": "footway", "footway": "sidewalk", "name": null, "surface": "asphalt", "lit": "yes", "length_m": 66.24, "type_element": "Way", "__fid": 17757}, "geometry": {"type": "LineString", "coordinates": [[2.2929944, 48.88368280000001], [2.2929985, 48.883654], [2.2930745, 48.8835842], [2.2931017, 48.883543], [2.2934890333331, 48.8831898333334]]}}, {"type": "Feature", "properties": {"highway": "steps", "footway": null, "name": null, "surface": null, "lit": "24/7", "length_m": 7.16, "type_element": "Way", "__fid": 17765}, "geometry": {"type": "LineString", "coordinates": [[2.293064768029867, 48.885735459871235], [2.292971397018405, 48.885716486460495]]}}, {"type": "Feature", "properties": {"highway": "service", "footway": null, "name": "Place Stuart Merrill", "surface": null, "lit": null, "length_m": 3.96, "type_element": "Way", "__fid": 17766}, "geometry": {"type": "LineString", "coordinates": [[2.293008121517186, 48.88569039261284], [2.292971397018405, 48.885716486460495]]}}, {"type": "Feature", "properties": {"highway": "service", "footway": null, "name": "Place Stuart Merrill", "surface": null, "lit": null, "length_m": 0.18, "type_element": "Way", "__fid": 17788}, "geometry": {"type": "LineString", "coordinates": [[2.2930098, 48.8856892], [2.293008121517186, 48.88569039261284]]}}, {"type": "Feature", "properties": {"highway": "footway", "footway": "crossing", "name": null, "surface": null, "lit": "yes", "length_m": 6.43, "type_element": "Way", "__fid": 17791}, "geometry": {"type": "LineString", "coordinates": [[2.2930098, 48.8856892], [2.2930769333332, 48.88572636666673]]}}, {"type": "Feature", "properties": {"highway": "service", "footway": null, "name": "Place Stuart Merrill", "surface": null, "lit": null, "length_m": 24.18, "type_element": "Way", "__fid": 17792}, "geometry": {"type": "LineString", "coordinates": [[2.2932341, 48.885529799999986], [2.2930098, 48.8856892]]}}, {"type": "Feature", "properties": {"highway": "steps", "footway": null, "name": null, "surface": null, "lit": "24/7", "length_m": 2.17, "type_element": "Way", "__fid": 17813}, "geometry": {"type": "LineString", "coordinates": [[2.293093, 48.8857414], [2.293064768029867, 48.885735459871235]]}}, {"type": "Feature", "properties": {"highway": "footway", "footway": "sidewalk", "name": null, "surface": null, "lit": "yes", "length_m": 1.35, "type_element": "Way", "__fid": 17814}, "geometry": {"type": "LineString", "coordinates": [[2.293064768029867, 48.885735459871235], [2.2930769333332, 48.88572636666673]]}}, {"type": "Feature", "properties": {"highway": "footway", "footway": "traffic_island", "name": null, "surface": null, "lit": "yes", "length_m": 12.42, "type_element": "Way", "__fid": 17824}, "geometry": {"type": "LineString", "coordinates": [[2.2932009, 48.88571610000001], [2.2931471, 48.8856832], [2.2930769333332, 48.88572636666673]]}}, {"type": "Feature", "properties": {"highway": "footway", "footway": "sidewalk", "name": null, "surface": null, "lit": "yes", "length_m": 136.94, "type_element": "Way", "__fid": 17894}, "geometry": {"type": "LineString", "coordinates": [[2.2932009, 48.88571610000001], [2.2930545, 48.885823], [2.2930734, 48.8858562], [2.2945771, 48.8862074]]}}, {"type": "Feature", "properties": {"highway": "footway", "footway": "sidewalk", "name": null, "surface": null, "lit": "yes", "length_m": 19.84, "type_element": "Way", "__fid": 17895}, "geometry": {"type": "LineString", "coordinates": [[2.2934171, 48.8856882], [2.2933178, 48.885654], [2.2932734, 48.8856584], [2.2932009, 48.88571610000001]]}}, {"type": "Feature", "properties": {"highway": "footway", "footway": "sidewalk", "name": null, "surface": "asphalt", "lit": "yes", "length_m": 58.73, "type_element": "Way", "__fid": 17913}, "geometry": {"type": "LineString", "coordinates": [[2.293693, 48.8883759], [2.2936108, 48.8883906], [2.2931827, 48.88876890000002]]}}, {"type": "Feature", "properties": {"highway": "footway", "footway": "crossing", "name": null, "surface": null, "lit": "yes", "length_m": 7.77, "type_element": "Way", "__fid": 17915}, "geometry": {"type": "LineString", "coordinates": [[2.293335620000151, 48.885332940000175], [2.293233040000108, 48.88535058000016]]}}, {"type": "Feature", "properties": {"highway": "footway", "footway": "sidewalk", "name": null, "surface": "asphalt", "lit": "yes", "length_m": 7.36, "type_element": "Way", "__fid": 17971}, "geometry": {"type": "LineString", "coordinates": [[2.293335620000151, 48.885332940000175], [2.293434, 48.88531969999999]]}}, {"type": "Feature", "properties": {"highway": "footway", "footway": "sidewalk", "name": null, "surface": null, "lit": "yes", "length_m": 2.57, "type_element": "Way", "__fid": 17984}, "geometry": {"type": "LineString", "coordinates": [[2.293403899999801, 48.88314380000013], [2.2933866, 48.883123699999985]]}}, {"type": "Feature", "properties": {"highway": "footway", "footway": "crossing", "name": null, "surface": null, "lit": "yes", "length_m": 9.1, "type_element": "Way", "__fid": 17985}, "geometry": {"type": "LineString", "coordinates": [[2.2933866, 48.883123699999985], [2.2934606, 48.883058]]}}, {"type": "Feature", "properties": {"highway": "footway", "footway": "crossing", "name": null, "surface": null, "lit": "yes", "length_m": 8.07, "type_element": "Way", "__fid": 17990}, "geometry": {"type": "LineString", "coordinates": [[2.293403899999801, 48.88314380000013], [2.2934890333331, 48.8831898333334]]}}, {"type": "Feature", "properties": {"highway": "footway", "footway": "sidewalk", "name": null, "surface": null, "lit": "yes", "length_m": 23.03, "type_element": "Way", "__fid": 18014}, "geometry": {"type": "LineString", "coordinates": [[2.2936246, 48.8870383], [2.2933944, 48.88689740000002]]}}, {"type": "Feature", "properties": {"highway": "footway", "footway": null, "name": null, "surface": null, "lit": "yes", "length_m": 54.1, "type_element": "Way", "__fid": 18015}, "geometry": {"type": "LineString", "coordinates": [[2.2935909, 48.8873524], [2.2933669, 48.8869168], [2.2933944, 48.88689740000002]]}}, {"type": "Feature", "properties": {"highway": "footway", "footway": "sidewalk", "name": null, "surface": null, "lit": "yes", "length_m": 108.26, "type_element": "Way", "__fid": 18017}, "geometry": {"type": "LineString", "coordinates": [[2.2934171, 48.8856882], [2.2946373, 48.886125600000014], [2.2946519, 48.8861415], [2.2946428, 48.8861801]]}}, {"type": "Feature", "properties": {"highway": "footway", "footway": "traffic_island", "name": null, "surface": null, "lit": "yes", "length_m": 34.8, "type_element": "Way", "__fid": 18018}, "geometry": {"type": "LineString", "coordinates": [[2.2937452, 48.8854985], [2.2936187, 48.88550469999998], [2.2935126, 48.8855717], [2.2934171, 48.8856882]]}}, {"type": "Feature", "properties": {"highway": "footway", "footway": "sidewalk", "name": null, "surface": null, "lit": "yes", "length_m": 5.88, "type_element": "Way", "__fid": 18022}, "geometry": {"type": "LineString", "coordinates": [[2.2934606, 48.883058], [2.2935095, 48.8830161]]}}, {"type": "Feature", "properties": {"highway": "footway", "footway": "crossing", "name": null, "surface": null, "lit": "yes", "length_m": 16.48, "type_element": "Way", "__fid": 18025}, "geometry": {"type": "LineString", "coordinates": [[2.293434, 48.88531969999999], [2.2936556, 48.88529510000002]]}}, {"type": "Feature", "properties": {"highway": "footway", "footway": "sidewalk", "name": null, "surface": "asphalt", "lit": "yes", "length_m": 125.47, "type_element": "Way", "__fid": 18026}, "geometry": {"type": "LineString", "coordinates": [[2.293434, 48.88531969999999], [2.2934872, 48.8852848], [2.2938234, 48.8850068], [2.2937273, 48.884954], [2.2943377, 48.8844555]]}}, {"type": "Feature", "properties": {"highway": "footway", "footway": "sidewalk", "name": null, "surface": "asphalt", "lit": "yes", "length_m": 2.38, "type_element": "Way", "__fid": 18043}, "geometry": {"type": "LineString", "coordinates": [[2.2934890333331, 48.8831898333334], [2.2935126, 48.8831931], [2.293515533333478, 48.883187966666696]]}}, {"type": "Feature", "properties": {"highway": "footway", "footway": "sidewalk", "name": null, "surface": "asphalt", "lit": "yes", "length_m": 3.1, "type_element": "Way", "__fid": 18054}, "geometry": {"type": "LineString", "coordinates": [[2.2934924, 48.8840327], [2.2935067, 48.8840589]]}}, {"type": "Feature", "properties": {"highway": "footway", "footway": "crossing", "name": null, "surface": null, "lit": "yes", "length_m": 7.54, "type_element": "Way", "__fid": 18055}, "geometry": {"type": "LineString", "coordinates": [[2.2934924, 48.8840327], [2.293557380000189, 48.88398020000006]]}}, {"type": "Feature", "properties": {"highway": "footway", "footway": "crossing", "name": null, "surface": "asphalt", "lit": "yes", "length_m": 10.29, "type_element": "Way", "__fid": 18057}, "geometry": {"type": "LineString", "coordinates": [[2.2935095, 48.8830161], [2.2936157, 48.88307660000002]]}}, {"type": "Feature", "properties": {"highway": "footway", "footway": "sidewalk", "name": null, "surface": null, "lit": "yes", "length_m": 16.06, "type_element": "Way", "__fid": 18058}, "geometry": {"type": "LineString", "coordinates": [[2.2935095, 48.8830161], [2.2936396, 48.8828999]]}}, {"type": "Feature", "properties": {"highway": "footway", "footway": "sidewalk", "name": null, "surface": "asphalt", "lit": "yes", "length_m": 132.59, "type_element": "Way", "__fid": 18060}, "geometry": {"type": "LineString", "coordinates": [[2.293515533333478, 48.883187966666696], [2.294907, 48.8839493]]}}, {"type": "Feature", "properties": {"highway": "footway", "footway": "sidewalk", "name": null, "surface": null, "lit": "yes", "length_m": 14.71, "type_element": "Way", "__fid": 18061}, "geometry": {"type": "LineString", "coordinates": [[2.293515533333478, 48.883187966666696], [2.2935704, 48.8831416], [2.2935822, 48.8831046], [2.2936157, 48.88307660000002]]}}, {"type": "Feature", "properties": {"highway": "footway", "footway": "crossing", "name": null, "surface": null, "lit": "yes", "length_m": 10.8, "type_element": "Way", "__fid": 18062}, "geometry": {"type": "LineString", "coordinates": [[2.2935067, 48.8840589], [2.2936291, 48.8841129]]}}, {"type": "Feature", "properties": {"highway": "footway", "footway": "sidewalk", "name": null, "surface": "asphalt", "lit": "yes", "length_m": 73.13, "type_element": "Way", "__fid": 18090}, "geometry": {"type": "LineString", "coordinates": [[2.2943754, 48.8843556], [2.2943393, 48.8843447], [2.293557380000189, 48.88398020000006]]}}, {"type": "Feature", "properties": {"highway": "footway", "footway": null, "name": "Promenade Rosemonde Pujol", "surface": "compacted", "lit": "yes", "length_m": 68.34, "type_element": "Way", "__fid": 18110}, "geometry": {"type": "LineString", "coordinates": [[2.2936157, 48.88307660000002], [2.2943353, 48.8834671]]}}, {"type": "Feature", "properties": {"highway": "footway", "footway": "sidewalk", "name": null, "surface": null, "lit": "yes", "length_m": 26.17, "type_element": "Way", "__fid": 18111}, "geometry": {"type": "LineString", "coordinates": [[2.2938392, 48.8828931], [2.2936157, 48.88307660000002]]}}, {"type": "Feature", "properties": {"highway": "footway", "footway": "crossing", "name": null, "surface": null, "lit": "yes", "length_m": 10.13, "type_element": "Way", "__fid": 18126}, "geometry": {"type": "LineString", "coordinates": [[2.2936396, 48.8828999], [2.2936537, 48.88287229999999], [2.29371, 48.88282269999998]]}}, {"type": "Feature", "properties": {"highway": "footway", "footway": "sidewalk", "name": null, "surface": "asphalt", "lit": "yes", "length_m": 60.79, "type_element": "Way", "__fid": 18130}, "geometry": {"type": "LineString", "coordinates": [[2.2943023, 48.88442589999999], [2.2936636, 48.8841144], [2.2936291, 48.8841129]]}}, {"type": "Feature", "properties": {"highway": "footway", "footway": null, "name": "Allée Myriam Monsonégo", "surface": null, "lit": "yes", "length_m": 20.27, "type_element": "Way", "__fid": 18131}, "geometry": {"type": "LineString", "coordinates": [[2.2937161, 48.8875149], [2.2935909, 48.8873524]]}}, {"type": "Feature", "properties": {"highway": "footway", "footway": "sidewalk", "name": null, "surface": "asphalt", "lit": "yes", "length_m": 47.69, "type_element": "Way", "__fid": 18140}, "geometry": {"type": "LineString", "coordinates": [[2.2935868, 48.88892749999999], [2.2939498, 48.8885717]]}}, {"type": "Feature", "properties": {"highway": "footway", "footway": "sidewalk", "name": null, "surface": null, "lit": "yes", "length_m": 25.53, "type_element": "Way", "__fid": 18148}, "geometry": {"type": "LineString", "coordinates": [[2.2938797, 48.8871945], [2.2936246, 48.8870383]]}}, {"type": "Feature", "properties": {"highway": "footway", "footway": "crossing", "name": null, "surface": "concrete", "lit": "yes", "length_m": 25.97, "type_element": "Way", "__fid": 18149}, "geometry": {"type": "LineString", "coordinates": [[2.293863, 48.8868656], [2.2936246, 48.8870383]]}}, {"type": "Feature", "properties": {"highway": "footway", "footway": "traffic_island", "name": null, "surface": null, "lit": "yes", "length_m": 88.22, "type_element": "Way", "__fid": 18150}, "geometry": {"type": "LineString", "coordinates": [[2.2936492, 48.8856061], [2.2947005, 48.8859918]]}}, {"type": "Feature", "properties": {"highway": "footway", "footway": "sidewalk", "name": null, "surface": "asphalt", "lit": "yes", "length_m": 106.7, "type_element": "Way", "__fid": 18153}, "geometry": {"type": "LineString", "coordinates": [[2.2936556, 48.88529510000002], [2.2936445, 48.8852432], [2.2945115, 48.8845389]]}}, {"type": "Feature", "properties": {"highway": "footway", "footway": "sidewalk", "name": null, "surface": "asphalt", "lit": "yes", "length_m": 5.38, "type_element": "Way", "__fid": 18154}, "geometry": {"type": "LineString", "coordinates": [[2.2937282, 48.8852883], [2.2936556, 48.88529510000002]]}}, {"type": "Feature", "properties": {"highway": "service", "footway": null, "name": "Boulevard Berthier", "surface": "asphalt", "lit": "yes", "length_m": 90.06, "type_element": "Way", "__fid": 18162}, "geometry": {"type": "LineString", "coordinates": [[2.2936576, 48.8855608], [2.2947408, 48.8859425]]}}, {"type": "Feature", "properties": {"highway": "footway", "footway": "sidewalk", "name": null, "surface": "asphalt", "lit": "yes", "length_m": 1.81, "type_element": "Way", "__fid": 18170}, "geometry": {"type": "LineString", "coordinates": [[2.29371, 48.88282269999998], [2.2937346, 48.88282440000001]]}}, {"type": "Feature", "properties": {"highway": "footway", "footway": "crossing", "name": null, "surface": null, "lit": "yes", "length_m": 8.71, "type_element": "Way", "__fid": 18189}, "geometry": {"type": "LineString", "coordinates": [[2.2937346, 48.88282440000001], [2.293827033333268, 48.8828735333334]]}}, {"type": "Feature", "properties": {"highway": "footway", "footway": "sidewalk", "name": null, "surface": "asphalt", "lit": "yes", "length_m": 38.97, "type_element": "Way", "__fid": 18190}, "geometry": {"type": "LineString", "coordinates": [[2.2937346, 48.88282440000001], [2.293762, 48.882811799999985], [2.2940284, 48.882567], [2.2940261, 48.8825399]]}}, {"type": "Feature", "properties": {"highway": "footway", "footway": "crossing", "name": null, "surface": "asphalt", "lit": "yes", "length_m": 21.37, "type_element": "Way", "__fid": 18205}, "geometry": {"type": "LineString", "coordinates": [[2.2937282, 48.8852883], [2.2937876, 48.8854764]]}}, {"type": "Feature", "properties": {"highway": "footway", "footway": "sidewalk", "name": null, "surface": "asphalt", "lit": "yes", "length_m": 136.16, "type_element": "Way", "__fid": 18206}, "geometry": {"type": "LineString", "coordinates": [[2.2955514, 48.8850567], [2.2937282, 48.8852883]]}}, {"type": "Feature", "properties": {"highway": "footway", "footway": "crossing", "name": null, "surface": "asphalt", "lit": "yes", "length_m": 27.77, "type_element": "Way", "__fid": 18209}, "geometry": {"type": "LineString", "coordinates": [[2.293693, 48.8883759], [2.294001, 48.8885212]]}}, {"type": "Feature", "properties": {"highway": "footway", "footway": "sidewalk", "name": null, "surface": "asphalt", "lit": "yes", "length_m": 19.78, "type_element": "Way", "__fid": 18210}, "geometry": {"type": "LineString", "coordinates": [[2.2938443, 48.88823050000001], [2.2937865, 48.88830690000001], [2.293693, 48.8883759]]}}, {"type": "Feature", "properties": {"highway": "footway", "footway": null, "name": "Allée Myriam Monsonégo", "surface": null, "lit": "yes", "length_m": 67.59, "type_element": "Way", "__fid": 18212}, "geometry": {"type": "LineString", "coordinates": [[2.29384, 48.88811720000002], [2.2937161, 48.8875149]]}}, {"type": "Feature", "properties": {"highway": "footway", "footway": null, "name": null, "surface": "concrete", "lit": "yes", "length_m": 44.46, "type_element": "Way", "__fid": 18213}, "geometry": {"type": "LineString", "coordinates": [[2.2943081, 48.88745689999998], [2.2942771, 48.88747570000001], [2.2937161, 48.8875149]]}}, {"type": "Feature", "properties": {"highway": "footway", "footway": "sidewalk", "name": null, "surface": null, "lit": "yes", "length_m": 164.21, "type_element": "Way", "__fid": 18216}, "geometry": {"type": "LineString", "coordinates": [[2.2937452, 48.8854985], [2.2937685, 48.8855295], [2.2956818, 48.8862278]]}}, {"type": "Feature", "properties": {"highway": "footway", "footway": "sidewalk", "name": null, "surface": null, "lit": "yes", "length_m": 3.96, "type_element": "Way", "__fid": 18217}, "geometry": {"type": "LineString", "coordinates": [[2.2937876, 48.8854764], [2.2937452, 48.8854985]]}}, {"type": "Feature", "properties": {"highway": "footway", "footway": "sidewalk", "name": null, "surface": "asphalt", "lit": "yes", "length_m": 133.93, "type_element": "Way", "__fid": 18246}, "geometry": {"type": "LineString", "coordinates": [[2.2955813, 48.8852515], [2.2949839, 48.8853203], [2.294261, 48.8854244], [2.2937876, 48.8854764]]}}, {"type": "Feature", "properties": {"highway": "footway", "footway": "sidewalk", "name": null, "surface": null, "lit": "yes", "length_m": 2.35, "type_element": "Way", "__fid": 18247}, "geometry": {"type": "LineString", "coordinates": [[2.293827033333268, 48.8828735333334], [2.2938392, 48.8828931]]}}, {"type": "Feature", "properties": {"highway": "footway", "footway": "sidewalk", "name": null, "surface": null, "lit": "yes", "length_m": 352.92, "type_element": "Way", "__fid": 18248}, "geometry": {"type": "LineString", "coordinates": [[2.2952309, 48.881621], [2.295199, 48.8816236], [2.2945834, 48.8821899], [2.2955985, 48.88263550000001], [2.295565, 48.882665400000015], [2.2945537, 48.8822194], [2.2945398, 48.882224], [2.293827033333268, 48.8828735333334]]}}, {"type": "Feature", "properties": {"highway": "footway", "footway": null, "name": null, "surface": "asphalt", "lit": "yes", "length_m": 7.45, "type_element": "Way", "__fid": 18256}, "geometry": {"type": "LineString", "coordinates": [[2.2938443, 48.88823050000001], [2.293762, 48.888191200000016]]}}, {"type": "Feature", "properties": {"highway": "footway", "footway": null, "name": null, "surface": "asphalt", "lit": "yes", "length_m": 10.02, "type_element": "Way", "__fid": 18257}, "geometry": {"type": "LineString", "coordinates": [[2.293762, 48.888191200000016], [2.29384, 48.88811720000002]]}}, {"type": "Feature", "properties": {"highway": "footway", "footway": "sidewalk", "name": null, "surface": null, "lit": "yes", "length_m": 134.06, "type_element": "Way", "__fid": 18262}, "geometry": {"type": "LineString", "coordinates": [[2.2938392, 48.8828931], [2.2951918, 48.883635200000015], [2.2952581, 48.8836468]]}}, {"type": "Feature", "properties": {"highway": "service", "footway": null, "name": null, "surface": null, "lit": "yes", "length_m": 14.28, "type_element": "Way", "__fid": 18265}, "geometry": {"type": "LineString", "coordinates": [[2.2937697, 48.8885229], [2.2939498, 48.8885717]]}}, {"type": "Feature", "properties": {"highway": "footway", "footway": null, "name": null, "surface": "asphalt", "lit": "yes", "length_m": 78.34, "type_element": "Way", "__fid": 18294}, "geometry": {"type": "LineString", "coordinates": [[2.29384, 48.88811720000002], [2.2944142, 48.8875231]]}}, {"type": "Feature", "properties": {"highway": "footway", "footway": "sidewalk", "name": null, "surface": "asphalt", "lit": "yes", "length_m": 6.09, "type_element": "Way", "__fid": 18300}, "geometry": {"type": "LineString", "coordinates": [[2.2938443, 48.88823050000001], [2.2938921, 48.8882408], [2.2939103, 48.8882228]]}}, {"type": "Feature", "properties": {"highway": "footway", "footway": "sidewalk", "name": null, "surface": null, "lit": "yes", "length_m": 5.68, "type_element": "Way", "__fid": 18301}, "geometry": {"type": "LineString", "coordinates": [[2.2939318, 48.8868891], [2.293863, 48.8868656]]}}, {"type": "Feature", "properties": {"highway": "footway", "footway": "sidewalk", "name": null, "surface": null, "lit": "yes", "length_m": 42.88, "type_element": "Way", "__fid": 18313}, "geometry": {"type": "LineString", "coordinates": [[2.2943081, 48.88745689999998], [2.2938797, 48.8871945]]}}, {"type": "Feature", "properties": {"highway": "footway", "footway": "crossing", "name": null, "surface": null, "lit": "yes", "length_m": 25.75, "type_element": "Way", "__fid": 18314}, "geometry": {"type": "LineString", "coordinates": [[2.2941183, 48.8870246], [2.2938797, 48.8871945]]}}, {"type": "Feature", "properties": {"highway": "footway", "footway": "crossing", "name": null, "surface": "asphalt", "lit": "yes", "length_m": 24.16, "type_element": "Way", "__fid": 18329}, "geometry": {"type": "LineString", "coordinates": [[2.2939103, 48.8882228], [2.294184, 48.8883438]]}}, {"type": "Feature", "properties": {"highway": "footway", "footway": "sidewalk", "name": null, "surface": "asphalt", "lit": "yes", "length_m": 76.15, "type_element": "Way", "__fid": 18330}, "geometry": {"type": "LineString", "coordinates": [[2.2939103, 48.8882228], [2.2944865, 48.8876531]]}}, {"type": "Feature", "properties": {"highway": "footway", "footway": "crossing", "name": null, "surface": null, "lit": "yes", "length_m": 14.0, "type_element": "Way", "__fid": 18335}, "geometry": {"type": "LineString", "coordinates": [[2.294069, 48.8869767], [2.2939318, 48.8868891]]}}, {"type": "Feature", "properties": {"highway": "footway", "footway": "sidewalk", "name": null, "surface": null, "lit": "yes", "length_m": 77.4, "type_element": "Way", "__fid": 18336}, "geometry": {"type": "LineString", "coordinates": [[2.2945007, 48.8863067], [2.2944998, 48.8863244], [2.2939599, 48.8868719], [2.2939318, 48.8868891]]}}, {"type": "Feature", "properties": {"highway": "service", "footway": null, "name": null, "surface": null, "lit": "yes", "length_m": 57.16, "type_element": "Way", "__fid": 18352}, "geometry": {"type": "LineString", "coordinates": [[2.2939498, 48.8885717], [2.2944721, 48.88868639999998], [2.2946786, 48.8887516]]}}, {"type": "Feature", "properties": {"highway": "footway", "footway": "sidewalk", "name": null, "surface": "asphalt", "lit": "yes", "length_m": 6.75, "type_element": "Way", "__fid": 18353}, "geometry": {"type": "LineString", "coordinates": [[2.2939498, 48.8885717], [2.294001, 48.8885212]]}}, {"type": "Feature", "properties": {"highway": "footway", "footway": "sidewalk", "name": null, "surface": "asphalt", "lit": "yes", "length_m": 23.86, "type_element": "Way", "__fid": 18382}, "geometry": {"type": "LineString", "coordinates": [[2.294001, 48.8885212], [2.294184, 48.8883438]]}}, {"type": "Feature", "properties": {"highway": "footway", "footway": "sidewalk", "name": null, "surface": null, "lit": "yes", "length_m": 6.59, "type_element": "Way", "__fid": 18404}, "geometry": {"type": "LineString", "coordinates": [[2.294069, 48.8869767], [2.2940845, 48.8870029], [2.2941183, 48.8870246]]}}, {"type": "Feature", "properties": {"highway": "footway", "footway": "sidewalk", "name": null, "surface": null, "lit": "yes", "length_m": 83.22, "type_element": "Way", "__fid": 18405}, "geometry": {"type": "LineString", "coordinates": [[2.2946837, 48.8863512], [2.2940697, 48.8869568], [2.294069, 48.8869767]]}}, {"type": "Feature", "properties": {"highway": "footway", "footway": "sidewalk", "name": null, "surface": null, "lit": "yes", "length_m": 49.5, "type_element": "Way", "__fid": 18432}, "geometry": {"type": "LineString", "coordinates": [[2.2941183, 48.8870246], [2.2946159, 48.8873254]]}}, {"type": "Feature", "properties": {"highway": "footway", "footway": "sidewalk", "name": null, "surface": "asphalt", "lit": "yes", "length_m": 72.26, "type_element": "Way", "__fid": 18472}, "geometry": {"type": "LineString", "coordinates": [[2.294184, 48.8883438], [2.2947317, 48.8878036]]}}, {"type": "Feature", "properties": {"highway": "footway", "footway": null, "name": null, "surface": null, "lit": "yes", "length_m": 57.46, "type_element": "Way", "__fid": 18496}, "geometry": {"type": "LineString", "coordinates": [[2.2944683, 48.889033], [2.2945962, 48.8888102], [2.2945311, 48.8887712], [2.2942153, 48.8886986]]}}, {"type": "Feature", "properties": {"highway": "footway", "footway": "sidewalk", "name": null, "surface": "asphalt", "lit": "yes", "length_m": 5.2, "type_element": "Way", "__fid": 18503}, "geometry": {"type": "LineString", "coordinates": [[2.2943377, 48.8844555], [2.2943472, 48.88444779999998], [2.2943023, 48.88442589999999]]}}, {"type": "Feature", "properties": {"highway": "footway", "footway": "crossing", "name": null, "surface": null, "lit": "yes", "length_m": 9.48, "type_element": "Way", "__fid": 18504}, "geometry": {"type": "LineString", "coordinates": [[2.2943023, 48.88442589999999], [2.2943754, 48.8843556]]}}, {"type": "Feature", "properties": {"highway": "footway", "footway": null, "name": "Promenade Rosemonde Pujol", "surface": "compacted", "lit": "yes", "length_m": 11.69, "type_element": "Way", "__fid": 18526}, "geometry": {"type": "LineString", "coordinates": [[2.2944583, 48.883534], [2.2943353, 48.8834671]]}}, {"type": "Feature", "properties": {"highway": "footway", "footway": null, "name": null, "surface": "compacted", "lit": "yes", "length_m": 22.83, "type_element": "Way", "__fid": 18527}, "geometry": {"type": "LineString", "coordinates": [[2.2945547, 48.8834589], [2.294428, 48.883391], [2.2943353, 48.8834671]]}}, {"type": "Feature", "properties": {"highway": "footway", "footway": "crossing", "name": null, "surface": null, "lit": "yes", "length_m": 15.76, "type_element": "Way", "__fid": 18536}, "geometry": {"type": "LineString", "coordinates": [[2.2943377, 48.8844555], [2.2945115, 48.8845389]]}}, {"type": "Feature", "properties": {"highway": "footway", "footway": "sidewalk", "name": null, "surface": null, "lit": "yes", "length_m": 10.71, "type_element": "Way", "__fid": 18539}, "geometry": {"type": "LineString", "coordinates": [[2.2944142, 48.8875231], [2.2943081, 48.88745689999998]]}}, {"type": "Feature", "properties": {"highway": "footway", "footway": "sidewalk", "name": null, "surface": "asphalt", "lit": "yes", "length_m": 2.12, "type_element": "Way", "__fid": 18558}, "geometry": {"type": "LineString", "coordinates": [[2.2944042, 48.8843537], [2.2943754, 48.8843556]]}}, {"type": "Feature", "properties": {"highway": "footway", "footway": "crossing", "name": null, "surface": null, "lit": "yes", "length_m": 9.39, "type_element": "Way", "__fid": 18570}, "geometry": {"type": "LineString", "coordinates": [[2.2944042, 48.8843537], [2.29441, 48.8843623], [2.2945044, 48.8844041]]}}, {"type": "Feature", "properties": {"highway": "footway", "footway": "sidewalk", "name": null, "surface": "asphalt", "lit": "yes", "length_m": 57.0, "type_element": "Way", "__fid": 18571}, "geometry": {"type": "LineString", "coordinates": [[2.2949117, 48.883967], [2.2948933, 48.88399310000001], [2.2944042, 48.8843537]]}}, {"type": "Feature", "properties": {"highway": "footway", "footway": null, "name": "Promenade Rosemonde Pujol", "surface": "compacted", "lit": "yes", "length_m": 11.81, "type_element": "Way", "__fid": 18593}, "geometry": {"type": "LineString", "coordinates": [[2.2945825, 48.8836016], [2.2944583, 48.883534]]}}, {"type": "Feature", "properties": {"highway": "footway", "footway": null, "name": null, "surface": "compacted", "lit": "yes", "length_m": 10.94, "type_element": "Way", "__fid": 18594}, "geometry": {"type": "LineString", "coordinates": [[2.2944583, 48.883534], [2.2945547, 48.8834589]]}}, {"type": "Feature", "properties": {"highway": "footway", "footway": "sidewalk", "name": null, "surface": null, "lit": "yes", "length_m": 16.29, "type_element": "Way", "__fid": 18597}, "geometry": {"type": "LineString", "coordinates": [[2.2944865, 48.8876531], [2.2944865, 48.8875969], [2.2944573, 48.8875482], [2.2944142, 48.8875231]]}}, {"type": "Feature", "properties": {"highway": "footway", "footway": "crossing", "name": null, "surface": null, "lit": "yes", "length_m": 26.5, "type_element": "Way", "__fid": 18598}, "geometry": {"type": "LineString", "coordinates": [[2.2944142, 48.8875231], [2.2946159, 48.8873254]]}}, {"type": "Feature", "properties": {"highway": "footway", "footway": "sidewalk", "name": null, "surface": "asphalt", "lit": "yes", "length_m": 116.69, "type_element": "Way", "__fid": 18625}, "geometry": {"type": "LineString", "coordinates": [[2.2945044, 48.8844041], [2.2945137, 48.8844275], [2.2957822, 48.8850201]]}}, {"type": "Feature", "properties": {"highway": "footway", "footway": "sidewalk", "name": null, "surface": "asphalt", "lit": "yes", "length_m": 57.62, "type_element": "Way", "__fid": 18626}, "geometry": {"type": "LineString", "coordinates": [[2.2950203, 48.8840144], [2.2945228, 48.8843803], [2.2945044, 48.8844041]]}}, {"type": "Feature", "properties": {"highway": "footway", "footway": "sidewalk", "name": null, "surface": "asphalt", "lit": "yes", "length_m": 2.68, "type_element": "Way", "__fid": 18629}, "geometry": {"type": "LineString", "coordinates": [[2.2945115, 48.8845389], [2.2945478, 48.8845363]]}}, {"type": "Feature", "properties": {"highway": "footway", "footway": "crossing", "name": null, "surface": null, "lit": "yes", "length_m": 12.38, "type_element": "Way", "__fid": 18636}, "geometry": {"type": "LineString", "coordinates": [[2.2945771, 48.8862074], [2.2945007, 48.8863067]]}}, {"type": "Feature", "properties": {"highway": "footway", "footway": "crossing", "name": null, "surface": null, "lit": "yes", "length_m": 14.68, "type_element": "Way", "__fid": 18637}, "geometry": {"type": "LineString", "coordinates": [[2.2946837, 48.8863512], [2.2946562, 48.8863367], [2.2945362, 48.8863048], [2.2945007, 48.8863067]]}}, {"type": "Feature", "properties": {"highway": "footway", "footway": "crossing", "name": null, "surface": null, "lit": "yes", "length_m": 24.59, "type_element": "Way", "__fid": 18640}, "geometry": {"type": "LineString", "coordinates": [[2.2944865, 48.8876531], [2.2945904, 48.8877102], [2.2947317, 48.8878036]]}}, {"type": "Feature", "properties": {"highway": "footway", "footway": null, "name": null, "surface": "compacted", "lit": "yes", "length_m": 11.81, "type_element": "Way", "__fid": 18646}, "geometry": {"type": "LineString", "coordinates": [[2.2946796, 48.8835259], [2.2945547, 48.8834589]]}}, {"type": "Feature", "properties": {"highway": "footway", "footway": "sidewalk", "name": null, "surface": "asphalt", "lit": "yes", "length_m": 96.05, "type_element": "Way", "__fid": 18653}, "geometry": {"type": "LineString", "coordinates": [[2.2945478, 48.8845363], [2.2955569, 48.8850099], [2.2955514, 48.8850567]]}}, {"type": "Feature", "properties": {"highway": "footway", "footway": "crossing", "name": null, "surface": null, "lit": "yes", "length_m": 7.93, "type_element": "Way", "__fid": 18654}, "geometry": {"type": "LineString", "coordinates": [[2.2945478, 48.8845363], [2.294607033333469, 48.88447666666672]]}}, {"type": "Feature", "properties": {"highway": "footway", "footway": null, "name": "Promenade Rosemonde Pujol", "surface": "compacted", "lit": "yes", "length_m": 12.03, "type_element": "Way", "__fid": 18679}, "geometry": {"type": "LineString", "coordinates": [[2.2947091, 48.8836704], [2.2945825, 48.8836016]]}}, {"type": "Feature", "properties": {"highway": "footway", "footway": null, "name": null, "surface": "compacted", "lit": "yes", "length_m": 11.03, "type_element": "Way", "__fid": 18680}, "geometry": {"type": "LineString", "coordinates": [[2.2945825, 48.8836016], [2.2946796, 48.8835259]]}}, {"type": "Feature", "properties": {"highway": "footway", "footway": "sidewalk", "name": null, "surface": null, "lit": "yes", "length_m": 6.17, "type_element": "Way", "__fid": 18701}, "geometry": {"type": "LineString", "coordinates": [[2.2946428, 48.8861801], [2.2946288, 48.88619580000001], [2.2945989, 48.8862075], [2.2945771, 48.8862074]]}}, {"type": "Feature", "properties": {"highway": "footway", "footway": "sidewalk", "name": null, "surface": "asphalt", "lit": "yes", "length_m": 109.15, "type_element": "Way", "__fid": 18719}, "geometry": {"type": "LineString", "coordinates": [[2.2955871, 48.8869298], [2.2950503, 48.88745570000001], [2.2948835, 48.8873829], [2.2948456, 48.8874122], [2.2947062, 48.88734280000001], [2.2946159, 48.8873254]]}}, {"type": "Feature", "properties": {"highway": "footway", "footway": "sidewalk", "name": null, "surface": "asphalt", "lit": "yes", "length_m": 107.73, "type_element": "Way", "__fid": 18720}, "geometry": {"type": "LineString", "coordinates": [[2.2946159, 48.8873254], [2.2953835, 48.886560199999984], [2.2953783, 48.886509]]}}, {"type": "Feature", "properties": {"highway": "footway", "footway": "crossing", "name": null, "surface": null, "lit": "yes", "length_m": 17.72, "type_element": "Way", "__fid": 18726}, "geometry": {"type": "LineString", "coordinates": [[2.2946428, 48.8861801], [2.2948624, 48.8862465]]}}, {"type": "Feature", "properties": {"highway": "footway", "footway": null, "name": null, "surface": "compacted", "lit": "yes", "length_m": 12.05, "type_element": "Way", "__fid": 18727}, "geometry": {"type": "LineString", "coordinates": [[2.2948071, 48.8835942], [2.2946796, 48.8835259]]}}, {"type": "Feature", "properties": {"highway": "service", "footway": null, "name": null, "surface": null, "lit": "yes", "length_m": 7.29, "type_element": "Way", "__fid": 18732}, "geometry": {"type": "LineString", "coordinates": [[2.2946533, 48.8860495], [2.2947005, 48.8859918]]}}, {"type": "Feature", "properties": {"highway": "footway", "footway": null, "name": "Promenade Rosemonde Pujol", "surface": "compacted", "lit": "yes", "length_m": 12.07, "type_element": "Way", "__fid": 18744}, "geometry": {"type": "LineString", "coordinates": [[2.294836, 48.8837395], [2.2947091, 48.8836704]]}}, {"type": "Feature", "properties": {"highway": "footway", "footway": null, "name": null, "surface": "compacted", "lit": "yes", "length_m": 11.11, "type_element": "Way", "__fid": 18745}, "geometry": {"type": "LineString", "coordinates": [[2.2947091, 48.8836704], [2.2948071, 48.8835942]]}}, {"type": "Feature", "properties": {"highway": "footway", "footway": "sidewalk", "name": null, "surface": null, "lit": "yes", "length_m": 1.38, "type_element": "Way", "__fid": 18753}, "geometry": {"type": "LineString", "coordinates": [[2.2947015, 48.88634729999998], [2.2946837, 48.8863512]]}}, {"type": "Feature", "properties": {"highway": "footway", "footway": "traffic_island", "name": null, "surface": null, "lit": "yes", "length_m": 75.21, "type_element": "Way", "__fid": 18759}, "geometry": {"type": "LineString", "coordinates": [[2.2947005, 48.8859918], [2.2955967, 48.8863206]]}}, {"type": "Feature", "properties": {"highway": "service", "footway": null, "name": null, "surface": null, "lit": "yes", "length_m": 6.23, "type_element": "Way", "__fid": 18760}, "geometry": {"type": "LineString", "coordinates": [[2.2947005, 48.8859918], [2.2947408, 48.8859425]]}}, {"type": "Feature", "properties": {"highway": "footway", "footway": "crossing", "name": null, "surface": null, "lit": "yes", "length_m": 16.75, "type_element": "Way", "__fid": 18762}, "geometry": {"type": "LineString", "coordinates": [[2.2948624, 48.8862465], [2.2947976, 48.886271], [2.2947073, 48.8863307], [2.2947015, 48.88634729999998]]}}, {"type": "Feature", "properties": {"highway": "footway", "footway": "sidewalk", "name": null, "surface": null, "lit": "yes", "length_m": 54.13, "type_element": "Way", "__fid": 18763}, "geometry": {"type": "LineString", "coordinates": [[2.2953783, 48.886509], [2.2953314, 48.8864704], [2.2947457, 48.8863407], [2.2947015, 48.88634729999998]]}}, {"type": "Feature", "properties": {"highway": "service", "footway": null, "name": "Boulevard Berthier", "surface": "asphalt", "lit": "yes", "length_m": 75.16, "type_element": "Way", "__fid": 18773}, "geometry": {"type": "LineString", "coordinates": [[2.2947408, 48.8859425], [2.2956407, 48.886266]]}}, {"type": "Feature", "properties": {"highway": "footway", "footway": "sidewalk", "name": null, "surface": null, "lit": "yes", "length_m": 51.34, "type_element": "Way", "__fid": 18779}, "geometry": {"type": "LineString", "coordinates": [[2.2952462, 48.888116], [2.2948655, 48.8878721], [2.2947317, 48.8878036]]}}, {"type": "Feature", "properties": {"highway": "footway", "footway": "sidewalk", "name": null, "surface": "asphalt", "lit": "yes", "length_m": 15.59, "type_element": "Way", "__fid": 18780}, "geometry": {"type": "LineString", "coordinates": [[2.2947317, 48.8878036], [2.2948358, 48.8876814]]}}, {"type": "Feature", "properties": {"highway": "footway", "footway": null, "name": null, "surface": "compacted", "lit": "yes", "length_m": 11.76, "type_element": "Way", "__fid": 18798}, "geometry": {"type": "LineString", "coordinates": [[2.2949316, 48.88366090000001], [2.2948071, 48.8835942]]}}, {"type": "Feature", "properties": {"highway": "footway", "footway": null, "name": "Promenade Rosemonde Pujol", "surface": "compacted", "lit": "yes", "length_m": 20.2, "type_element": "Way", "__fid": 18820}, "geometry": {"type": "LineString", "coordinates": [[2.294836, 48.8837395], [2.2950486, 48.883855]]}}, {"type": "Feature", "properties": {"highway": "footway", "footway": null, "name": null, "surface": "compacted", "lit": "yes", "length_m": 11.2, "type_element": "Way", "__fid": 18821}, "geometry": {"type": "LineString", "coordinates": [[2.294836, 48.8837395], [2.2949316, 48.88366090000001]]}}, {"type": "Feature", "properties": {"highway": "footway", "footway": null, "name": null, "surface": null, "lit": "yes", "length_m": 57.36, "type_element": "Way", "__fid": 18855}, "geometry": {"type": "LineString", "coordinates": [[2.2948358, 48.8876814], [2.2949899, 48.8877569], [2.2954094, 48.8880307]]}}, {"type": "Feature", "properties": {"highway": "footway", "footway": "crossing", "name": null, "surface": "asphalt", "lit": "yes", "length_m": 18.86, "type_element": "Way", "__fid": 18856}, "geometry": {"type": "LineString", "coordinates": [[2.2948358, 48.8876814], [2.2949776, 48.887539900000014]]}}, {"type": "Feature", "properties": {"highway": "footway", "footway": "sidewalk", "name": null, "surface": null, "lit": "yes", "length_m": 50.24, "type_element": "Way", "__fid": 18858}, "geometry": {"type": "LineString", "coordinates": [[2.2948624, 48.8862465], [2.2952946, 48.886378], [2.2954659, 48.8864571]]}}, {"type": "Feature", "properties": {"highway": "footway", "footway": "sidewalk", "name": null, "surface": "asphalt", "lit": "yes", "length_m": 2.0, "type_element": "Way", "__fid": 18863}, "geometry": {"type": "LineString", "coordinates": [[2.2949117, 48.883967], [2.294907, 48.8839493]]}}, {"type": "Feature", "properties": {"highway": "footway", "footway": "crossing", "name": null, "surface": null, "lit": "yes", "length_m": 15.06, "type_element": "Way", "__fid": 18864}, "geometry": {"type": "LineString", "coordinates": [[2.294907, 48.8839493], [2.2949313, 48.88394530000002], [2.2950486, 48.883855]]}}, {"type": "Feature", "properties": {"highway": "footway", "footway": "crossing", "name": null, "surface": null, "lit": "yes", "length_m": 9.83, "type_element": "Way", "__fid": 18868}, "geometry": {"type": "LineString", "coordinates": [[2.2949117, 48.883967], [2.2949324, 48.88396719999999], [2.2950203, 48.8840144]]}}, {"type": "Feature", "properties": {"highway": "footway", "footway": null, "name": null, "surface": "compacted", "lit": "yes", "length_m": 5.03, "type_element": "Way", "__fid": 18875}, "geometry": {"type": "LineString", "coordinates": [[2.2949848, 48.8836895], [2.2949316, 48.88366090000001]]}}, {"type": "Feature", "properties": {"highway": "living_street", "footway": null, "name": "Rue Rennequin", "surface": "asphalt", "lit": "yes", "length_m": 9.84, "type_element": "Way", "__fid": 18923}, "geometry": {"type": "LineString", "coordinates": [[2.2951095, 48.8838878], [2.2950204, 48.883954]]}}, {"type": "Feature", "properties": {"highway": "footway", "footway": "sidewalk", "name": null, "surface": "asphalt", "lit": "yes", "length_m": 1.45, "type_element": "Way", "__fid": 18924}, "geometry": {"type": "LineString", "coordinates": [[2.2950203, 48.8840144], [2.29504, 48.8840152]]}}, {"type": "Feature", "properties": {"highway": "footway", "footway": "sidewalk", "name": null, "surface": "asphalt", "lit": "yes", "length_m": 138.28, "type_element": "Way", "__fid": 18931}, "geometry": {"type": "LineString", "coordinates": [[2.29504, 48.8840152], [2.2964968, 48.8848048]]}}, {"type": "Feature", "properties": {"highway": "footway", "footway": "crossing", "name": null, "surface": "asphalt", "lit": "yes", "length_m": 8.54, "type_element": "Way", "__fid": 18932}, "geometry": {"type": "LineString", "coordinates": [[2.29504, 48.8840152], [2.2951184, 48.8839584]]}}, {"type": "Feature", "properties": {"highway": "footway", "footway": "crossing", "name": null, "surface": "asphalt", "lit": "yes", "length_m": 5.77, "type_element": "Way", "__fid": 18940}, "geometry": {"type": "LineString", "coordinates": [[2.2950486, 48.883855], [2.2951095, 48.8838878]]}}, {"type": "Feature", "properties": {"highway": "footway", "footway": "sidewalk", "name": null, "surface": null, "lit": "yes", "length_m": 28.53, "type_element": "Way", "__fid": 18941}, "geometry": {"type": "LineString", "coordinates": [[2.2952581, 48.8836468], [2.2951934, 48.8837181], [2.2951929, 48.8837494], [2.2950486, 48.883855]]}}, {"type": "Feature", "properties": {"highway": "footway", "footway": "sidewalk", "name": "Promenade Gilberte Brossolette", "surface": "concrete", "lit": "yes", "length_m": 5.51, "type_element": "Way", "__fid": 18980}, "geometry": {"type": "LineString", "coordinates": [[2.2951095, 48.8838878], [2.2951677, 48.8839192]]}}, {"type": "Feature", "properties": {"highway": "living_street", "footway": null, "name": "Rue Rennequin", "surface": "asphalt", "lit": "yes", "length_m": 22.31, "type_element": "Way", "__fid": 18981}, "geometry": {"type": "LineString", "coordinates": [[2.2953062, 48.8837348], [2.2951095, 48.8838878]]}}, {"type": "Feature", "properties": {"highway": "footway", "footway": "sidewalk", "name": null, "surface": null, "lit": "yes", "length_m": 133.66, "type_element": "Way", "__fid": 18987}, "geometry": {"type": "LineString", "coordinates": [[2.2951184, 48.8839584], [2.2965217, 48.8847254]]}}, {"type": "Feature", "properties": {"highway": "footway", "footway": "sidewalk", "name": null, "surface": null, "lit": "yes", "length_m": 5.66, "type_element": "Way", "__fid": 18988}, "geometry": {"type": "LineString", "coordinates": [[2.2951184, 48.8839584], [2.2951677, 48.8839192]]}}, {"type": "Feature", "properties": {"highway": "footway", "footway": null, "name": "Promenade Gilberte Brossolette", "surface": "concrete", "lit": "yes", "length_m": 142.3, "type_element": "Way", "__fid": 19013}, "geometry": {"type": "LineString", "coordinates": [[2.2966534, 48.88459729999999], [2.2958383, 48.8841598], [2.295793, 48.8841954], [2.2955461, 48.8840618], [2.2955, 48.88409760000001], [2.2951677, 48.8839192]]}}, {"type": "Feature", "properties": {"highway": "footway", "footway": "sidewalk", "name": null, "surface": null, "lit": "yes", "length_m": 16.96, "type_element": "Way", "__fid": 19014}, "geometry": {"type": "LineString", "coordinates": [[2.2951677, 48.8839192], [2.2953204, 48.8838047]]}}, {"type": "Feature", "properties": {"highway": "footway", "footway": "crossing", "name": null, "surface": null, "lit": "yes", "length_m": 14.55, "type_element": "Way", "__fid": 19063}, "geometry": {"type": "LineString", "coordinates": [[2.2952581, 48.8836468], [2.2954073, 48.8837331]]}}, {"type": "Feature", "properties": {"highway": "footway", "footway": "sidewalk", "name": null, "surface": null, "lit": "yes", "length_m": 115.25, "type_element": "Way", "__fid": 19064}, "geometry": {"type": "LineString", "coordinates": [[2.2952581, 48.8836468], [2.2953173, 48.8836255], [2.2954777, 48.8835026], [2.2955704, 48.883483200000015], [2.2962415, 48.8829785], [2.2961965, 48.88288890000001]]}}, {"type": "Feature", "properties": {"highway": "footway", "footway": "sidewalk", "name": null, "surface": null, "lit": "yes", "length_m": 192.51, "type_element": "Way", "__fid": 19106}, "geometry": {"type": "LineString", "coordinates": [[2.2952462, 48.888116], [2.2961305, 48.888681900000016], [2.2969859, 48.8892114], [2.2970679, 48.8892691], [2.297099, 48.8893317]]}}, {"type": "Feature", "properties": {"highway": "footway", "footway": "crossing", "name": null, "surface": null, "lit": "yes", "length_m": 15.32, "type_element": "Way", "__fid": 19107}, "geometry": {"type": "LineString", "coordinates": [[2.2952462, 48.888116], [2.29534, 48.888060400000015], [2.2954094, 48.8880307]]}}, {"type": "Feature", "properties": {"highway": "footway", "footway": "sidewalk", "name": null, "surface": null, "lit": "yes", "length_m": 131.0, "type_element": "Way", "__fid": 19124}, "geometry": {"type": "LineString", "coordinates": [[2.2966973, 48.88455520000002], [2.2953204, 48.8838047]]}}, {"type": "Feature", "properties": {"highway": "footway", "footway": "crossing", "name": null, "surface": null, "lit": "yes", "length_m": 8.81, "type_element": "Way", "__fid": 19125}, "geometry": {"type": "LineString", "coordinates": [[2.2953204, 48.8838047], [2.2954084, 48.883750700000014]]}}, {"type": "Feature", "properties": {"highway": "footway", "footway": "sidewalk", "name": null, "surface": null, "lit": "yes", "length_m": 1.96, "type_element": "Way", "__fid": 19169}, "geometry": {"type": "LineString", "coordinates": [[2.2954073, 48.8837331], [2.2954084, 48.883750700000014]]}}, {"type": "Feature", "properties": {"highway": "footway", "footway": "sidewalk", "name": null, "surface": null, "lit": "yes", "length_m": 97.61, "type_element": "Way", "__fid": 19170}, "geometry": {"type": "LineString", "coordinates": [[2.2954073, 48.8837331], [2.295457, 48.8836817], [2.2962296, 48.883102600000015], [2.2962911, 48.88308209999999]]}}, {"type": "Feature", "properties": {"highway": "footway", "footway": "sidewalk", "name": null, "surface": null, "lit": "yes", "length_m": 130.21, "type_element": "Way", "__fid": 19179}, "geometry": {"type": "LineString", "coordinates": [[2.2967744, 48.8844987], [2.2954084, 48.883750700000014]]}}, {"type": "Feature", "properties": {"highway": "footway", "footway": "sidewalk", "name": null, "surface": null, "lit": "yes", "length_m": 8.64, "type_element": "Way", "__fid": 19183}, "geometry": {"type": "LineString", "coordinates": [[2.2953783, 48.886509], [2.2954659, 48.8864571]]}}, {"type": "Feature", "properties": {"highway": "pedestrian", "footway": null, "name": "Square du Thimerais", "surface": "asphalt", "lit": "yes", "length_m": 16.55, "type_element": "Way", "__fid": 19205}, "geometry": {"type": "LineString", "coordinates": [[2.2954143, 48.8868341], [2.2955871, 48.8869298]]}}, {"type": "Feature", "properties": {"highway": "service", "footway": null, "name": null, "surface": "asphalt", "lit": "yes", "length_m": 16.58, "type_element": "Way", "__fid": 19210}, "geometry": {"type": "LineString", "coordinates": [[2.2954244, 48.8868236], [2.2955995, 48.8869179]]}}, {"type": "Feature", "properties": {"highway": "footway", "footway": "sidewalk", "name": null, "surface": null, "lit": "yes", "length_m": 110.93, "type_element": "Way", "__fid": 19211}, "geometry": {"type": "LineString", "coordinates": [[2.2954094, 48.8880307], [2.2957907, 48.8878651], [2.2958727, 48.8878406], [2.2961149, 48.8877473], [2.2967414, 48.8875636]]}}, {"type": "Feature", "properties": {"highway": "footway", "footway": "crossing", "name": null, "surface": null, "lit": "yes", "length_m": 36.69, "type_element": "Way", "__fid": 19238}, "geometry": {"type": "LineString", "coordinates": [[2.2954659, 48.8864571], [2.2958764, 48.8866457]]}}, {"type": "Feature", "properties": {"highway": "footway", "footway": "crossing", "name": null, "surface": null, "lit": "yes", "length_m": 18.2, "type_element": "Way", "__fid": 19239}, "geometry": {"type": "LineString", "coordinates": [[2.2954659, 48.8864571], [2.295501, 48.88643930000001], [2.2955967, 48.8863206]]}}, {"type": "Feature", "properties": {"highway": "footway", "footway": "crossing", "name": null, "surface": null, "lit": "yes", "length_m": 21.84, "type_element": "Way", "__fid": 19280}, "geometry": {"type": "LineString", "coordinates": [[2.2955514, 48.8850567], [2.2955475, 48.8850895], [2.2955813, 48.8852515]]}}, {"type": "Feature", "properties": {"highway": "footway", "footway": "crossing", "name": null, "surface": null, "lit": "yes", "length_m": 17.41, "type_element": "Way", "__fid": 19281}, "geometry": {"type": "LineString", "coordinates": [[2.2955514, 48.8850567], [2.2957822, 48.8850201]]}}, {"type": "Feature", "properties": {"highway": "footway", "footway": "sidewalk", "name": null, "surface": null, "lit": "yes", "length_m": 1.47, "type_element": "Way", "__fid": 19304}, "geometry": {"type": "LineString", "coordinates": [[2.2955813, 48.8852515], [2.2956012, 48.8852501]]}}, {"type": "Feature", "properties": {"highway": "footway", "footway": "sidewalk", "name": null, "surface": "asphalt", "lit": "yes", "length_m": 107.54, "type_element": "Way", "__fid": 19321}, "geometry": {"type": "LineString", "coordinates": [[2.2956012, 48.8852501], [2.2957101, 48.8862145]]}}, {"type": "Feature", "properties": {"highway": "footway", "footway": "crossing", "name": null, "surface": "asphalt", "lit": "yes", "length_m": 10.38, "type_element": "Way", "__fid": 19322}, "geometry": {"type": "LineString", "coordinates": [[2.2956012, 48.8852501], [2.2957416, 48.88523829999998]]}}, {"type": "Feature", "properties": {"highway": "pedestrian", "footway": null, "name": "Square du Thimerais", "surface": "asphalt", "lit": "yes", "length_m": 87.96, "type_element": "Way", "__fid": 19326}, "geometry": {"type": "LineString", "coordinates": [[2.2955871, 48.8869298], [2.2964592, 48.8874172], [2.2964844, 48.88745039999998]]}}, {"type": "Feature", "properties": {"highway": "footway", "footway": "sidewalk", "name": null, "surface": "asphalt", "lit": "yes", "length_m": 1.61, "type_element": "Way", "__fid": 19327}, "geometry": {"type": "LineString", "coordinates": [[2.2955871, 48.8869298], [2.2955995, 48.8869179]]}}, {"type": "Feature", "properties": {"highway": "footway", "footway": "crossing", "name": null, "surface": null, "lit": "yes", "length_m": 6.88, "type_element": "Way", "__fid": 19331}, "geometry": {"type": "LineString", "coordinates": [[2.2955967, 48.8863206], [2.2956407, 48.886266]]}}, {"type": "Feature", "properties": {"highway": "service", "footway": null, "name": null, "surface": "asphalt", "lit": "yes", "length_m": 13.52, "type_element": "Way", "__fid": 19347}, "geometry": {"type": "LineString", "coordinates": [[2.2955995, 48.8869179], [2.2957423, 48.8869948]]}}, {"type": "Feature", "properties": {"highway": "footway", "footway": "sidewalk", "name": null, "surface": "asphalt", "lit": "yes", "length_m": 36.45, "type_element": "Way", "__fid": 19348}, "geometry": {"type": "LineString", "coordinates": [[2.2955995, 48.8869179], [2.2958764, 48.8866457]]}}, {"type": "Feature", "properties": {"highway": "service", "footway": null, "name": "Boulevard Berthier", "surface": "asphalt", "lit": "yes", "length_m": 24.11, "type_element": "Way", "__fid": 19375}, "geometry": {"type": "LineString", "coordinates": [[2.2956407, 48.886266], [2.2957668, 48.8864662]]}}, {"type": "Feature", "properties": {"highway": "footway", "footway": "crossing", "name": null, "surface": null, "lit": "yes", "length_m": 5.21, "type_element": "Way", "__fid": 19376}, "geometry": {"type": "LineString", "coordinates": [[2.2956407, 48.886266], [2.2956818, 48.8862278]]}}, {"type": "Feature", "properties": {"highway": "footway", "footway": "sidewalk", "name": null, "surface": null, "lit": "yes", "length_m": 2.55, "type_element": "Way", "__fid": 19407}, "geometry": {"type": "LineString", "coordinates": [[2.2957101, 48.8862145], [2.2956818, 48.8862278]]}}, {"type": "Feature", "properties": {"highway": "footway", "footway": "crossing", "name": null, "surface": null, "lit": "yes", "length_m": 9.94, "type_element": "Way", "__fid": 19429}, "geometry": {"type": "LineString", "coordinates": [[2.2958452, 48.886207], [2.2957101, 48.8862145]]}}, {"type": "Feature", "properties": {"highway": "footway", "footway": "sidewalk", "name": null, "surface": null, "lit": "yes", "length_m": 107.99, "type_element": "Way", "__fid": 19436}, "geometry": {"type": "LineString", "coordinates": [[2.2958452, 48.886207], [2.2957416, 48.88523829999998]]}}, {"type": "Feature", "properties": {"highway": "footway", "footway": "sidewalk", "name": null, "surface": "asphalt", "lit": "yes", "length_m": 50.63, "type_element": "Way", "__fid": 19437}, "geometry": {"type": "LineString", "coordinates": [[2.2957416, 48.88523829999998], [2.296153, 48.8851897], [2.2962207, 48.8851685], [2.2964133, 48.8851398]]}}, {"type": "Feature", "properties": {"highway": "footway", "footway": "sidewalk", "name": null, "surface": "asphalt", "lit": "yes", "length_m": 41.55, "type_element": "Way", "__fid": 19462}, "geometry": {"type": "LineString", "coordinates": [[2.2957822, 48.8850201], [2.2963394, 48.8849523]]}}, {"type": "Feature", "properties": {"highway": "footway", "footway": "sidewalk", "name": null, "surface": null, "lit": "yes", "length_m": 85.61, "type_element": "Way", "__fid": 19469}, "geometry": {"type": "LineString", "coordinates": [[2.2961965, 48.88288890000001], [2.2958301, 48.8821579]]}}, {"type": "Feature", "properties": {"highway": "footway", "footway": "sidewalk", "name": null, "surface": null, "lit": "yes", "length_m": 3.61, "type_element": "Way", "__fid": 19511}, "geometry": {"type": "LineString", "coordinates": [[2.2958872, 48.886224], [2.2958452, 48.886207]]}}, {"type": "Feature", "properties": {"highway": "footway", "footway": "sidewalk", "name": null, "surface": null, "lit": "yes", "length_m": 115.22, "type_element": "Way", "__fid": 19528}, "geometry": {"type": "LineString", "coordinates": [[2.2958764, 48.8866457], [2.2972555, 48.8871422]]}}, {"type": "Feature", "properties": {"highway": "footway", "footway": "crossing", "name": null, "surface": "asphalt", "lit": "yes", "length_m": 31.33, "type_element": "Way", "__fid": 19529}, "geometry": {"type": "LineString", "coordinates": [[2.2958764, 48.8866457], [2.2959087, 48.8865859], [2.2960353, 48.8864196], [2.2960406, 48.886387599999985]]}}, {"type": "Feature", "properties": {"highway": "footway", "footway": "crossing", "name": null, "surface": null, "lit": "yes", "length_m": 14.65, "type_element": "Way", "__fid": 19531}, "geometry": {"type": "LineString", "coordinates": [[2.2958872, 48.886224], [2.2960561, 48.8862943]]}}, {"type": "Feature", "properties": {"highway": "footway", "footway": "sidewalk", "name": null, "surface": "asphalt", "lit": "yes", "length_m": 104.36, "type_element": "Way", "__fid": 19532}, "geometry": {"type": "LineString", "coordinates": [[2.2966819, 48.8854455], [2.2958872, 48.886224]]}}, {"type": "Feature", "properties": {"highway": "footway", "footway": null, "name": null, "surface": "asphalt", "lit": "yes", "length_m": 33.81, "type_element": "Way", "__fid": 19537}, "geometry": {"type": "LineString", "coordinates": [[2.2958731, 48.88800220000002], [2.2958593, 48.8880166], [2.2961783, 48.8882118]]}}, {"type": "Feature", "properties": {"highway": "service", "footway": null, "name": "Boulevard de Reims", "surface": "asphalt", "lit": "yes", "length_m": 21.6, "type_element": "Way", "__fid": 19572}, "geometry": {"type": "LineString", "coordinates": [[2.2959325, 48.8881695], [2.2961488, 48.8883014]]}}, {"type": "Feature", "properties": {"highway": "footway", "footway": "sidewalk", "name": null, "surface": null, "lit": "yes", "length_m": 112.32, "type_element": "Way", "__fid": 19648}, "geometry": {"type": "LineString", "coordinates": [[2.2960406, 48.886387599999985], [2.2973848, 48.886871900000024]]}}, {"type": "Feature", "properties": {"highway": "footway", "footway": "sidewalk", "name": null, "surface": null, "lit": "yes", "length_m": 10.44, "type_element": "Way", "__fid": 19649}, "geometry": {"type": "LineString", "coordinates": [[2.2960561, 48.8862943], [2.2960406, 48.886387599999985]]}}, {"type": "Feature", "properties": {"highway": "footway", "footway": "sidewalk", "name": null, "surface": null, "lit": "yes", "length_m": 104.31, "type_element": "Way", "__fid": 19657}, "geometry": {"type": "LineString", "coordinates": [[2.2968539, 48.8855177], [2.2960561, 48.8862943]]}}, {"type": "Feature", "properties": {"highway": "footway", "footway": "crossing", "name": null, "surface": null, "lit": "yes", "length_m": 24.04, "type_element": "Way", "__fid": 19752}, "geometry": {"type": "LineString", "coordinates": [[2.2961965, 48.88288890000001], [2.2962594, 48.8828752], [2.2964186, 48.8827907], [2.2964723, 48.8827778]]}}, {"type": "Feature", "properties": {"highway": "service", "footway": null, "name": "Boulevard de Reims", "surface": "asphalt", "lit": "yes", "length_m": 139.78, "type_element": "Way", "__fid": 19765}, "geometry": {"type": "LineString", "coordinates": [[2.2961488, 48.8883014], [2.2975297, 48.889168]]}}, {"type": "Feature", "properties": {"highway": "service", "footway": null, "name": null, "surface": "asphalt", "lit": "yes", "length_m": 10.2, "type_element": "Way", "__fid": 19766}, "geometry": {"type": "LineString", "coordinates": [[2.2961783, 48.8882118], [2.2961488, 48.8883014]]}}, {"type": "Feature", "properties": {"highway": "footway", "footway": "crossing", "name": null, "surface": null, "lit": "yes", "length_m": 11.45, "type_element": "Way", "__fid": 19785}, "geometry": {"type": "LineString", "coordinates": [[2.296245699999794, 48.8829835666667], [2.2962911, 48.88308209999999]]}}, {"type": "Feature", "properties": {"highway": "footway", "footway": null, "name": null, "surface": "asphalt", "lit": "yes", "length_m": 130.82, "type_element": "Way", "__fid": 19789}, "geometry": {"type": "LineString", "coordinates": [[2.2961783, 48.8882118], [2.2966748, 48.88852219999998], [2.2966998, 48.8885536], [2.2974522, 48.88903280000001]]}}, {"type": "Feature", "properties": {"highway": "service", "footway": null, "name": null, "surface": "asphalt", "lit": "yes", "length_m": 14.14, "type_element": "Way", "__fid": 19790}, "geometry": {"type": "LineString", "coordinates": [[2.2962252, 48.8880885], [2.2961783, 48.8882118]]}}, {"type": "Feature", "properties": {"highway": "footway", "footway": "sidewalk", "name": null, "surface": null, "lit": "yes", "length_m": 3.44, "type_element": "Way", "__fid": 19805}, "geometry": {"type": "LineString", "coordinates": [[2.2962911, 48.88308209999999], [2.2963185, 48.88310719999998]]}}, {"type": "Feature", "properties": {"highway": "footway", "footway": "sidewalk", "name": null, "surface": null, "lit": "yes", "length_m": 154.08, "type_element": "Way", "__fid": 19814}, "geometry": {"type": "LineString", "coordinates": [[2.2963185, 48.88310719999998], [2.2963506, 48.88319579999999], [2.2967584, 48.88400270000002], [2.2967839, 48.884026700000014], [2.2969817, 48.8844203]]}}, {"type": "Feature", "properties": {"highway": "footway", "footway": "crossing", "name": null, "surface": null, "lit": "yes", "length_m": 26.58, "type_element": "Way", "__fid": 19815}, "geometry": {"type": "LineString", "coordinates": [[2.2963185, 48.88310719999998], [2.2963564, 48.8830832], [2.2965019, 48.882955199999984], [2.2965621, 48.88293539999999]]}}, {"type": "Feature", "properties": {"highway": "footway", "footway": "crossing", "name": null, "surface": null, "lit": "yes", "length_m": 11.78, "type_element": "Way", "__fid": 19844}, "geometry": {"type": "LineString", "coordinates": [[2.2963394, 48.8849523], [2.2963794, 48.8850549]]}}, {"type": "Feature", "properties": {"highway": "footway", "footway": "sidewalk", "name": null, "surface": "asphalt", "lit": "yes", "length_m": 24.4, "type_element": "Way", "__fid": 19845}, "geometry": {"type": "LineString", "coordinates": [[2.2964968, 48.8848048], [2.2964681, 48.88493660000001], [2.2963394, 48.8849523]]}}, {"type": "Feature", "properties": {"highway": "footway", "footway": "crossing", "name": null, "surface": null, "lit": "yes", "length_m": 9.76, "type_element": "Way", "__fid": 19871}, "geometry": {"type": "LineString", "coordinates": [[2.2963794, 48.8850549], [2.2964133, 48.8851398]]}}, {"type": "Feature", "properties": {"highway": "footway", "footway": "sidewalk", "name": null, "surface": "asphalt", "lit": "yes", "length_m": 131.78, "type_element": "Way", "__fid": 19872}, "geometry": {"type": "LineString", "coordinates": [[2.298107868814409, 48.88483519925707], [2.2980696, 48.8848401], [2.2978028, 48.8848327], [2.2968599, 48.8850391], [2.2967878, 48.8850111], [2.2963794, 48.8850549]]}}, {"type": "Feature", "properties": {"highway": "footway", "footway": "sidewalk", "name": null, "surface": "asphalt", "lit": "yes", "length_m": 51.61, "type_element": "Way", "__fid": 19894}, "geometry": {"type": "LineString", "coordinates": [[2.2964133, 48.8851398], [2.2965074, 48.8851263], [2.2965489, 48.885136], [2.2966294, 48.885196], [2.2967528, 48.8853115], [2.2967635, 48.885354700000015], [2.2967564, 48.8853725], [2.2966819, 48.8854455]]}}, {"type": "Feature", "properties": {"highway": "footway", "footway": "crossing", "name": null, "surface": null, "lit": "yes", "length_m": 11.86, "type_element": "Way", "__fid": 19916}, "geometry": {"type": "LineString", "coordinates": [[2.2964723, 48.8827778], [2.2965324, 48.8828768]]}}, {"type": "Feature", "properties": {"highway": "footway", "footway": "crossing", "name": null, "surface": "asphalt", "lit": "yes", "length_m": 9.02, "type_element": "Way", "__fid": 19951}, "geometry": {"type": "LineString", "coordinates": [[2.2965217, 48.8847254], [2.2964968, 48.8848048]]}}, {"type": "Feature", "properties": {"highway": "footway", "footway": "sidewalk", "name": null, "surface": null, "lit": "yes", "length_m": 6.87, "type_element": "Way", "__fid": 19962}, "geometry": {"type": "LineString", "coordinates": [[2.2965621, 48.88293539999999], [2.2965324, 48.8828768]]}}, {"type": "Feature", "properties": {"highway": "footway", "footway": "sidewalk", "name": null, "surface": null, "lit": "yes", "length_m": 59.31, "type_element": "Way", "__fid": 19963}, "geometry": {"type": "LineString", "coordinates": [[2.2965324, 48.8828768], [2.2970403, 48.8824964], [2.2970805, 48.8824968]]}}, {"type": "Feature", "properties": {"highway": "footway", "footway": "sidewalk", "name": "Promenade Gilberte Brossolette", "surface": null, "lit": "yes", "length_m": 17.21, "type_element": "Way", "__fid": 19975}, "geometry": {"type": "LineString", "coordinates": [[2.2966534, 48.88459729999999], [2.2965217, 48.8847254]]}}, {"type": "Feature", "properties": {"highway": "footway", "footway": "sidewalk", "name": null, "surface": null, "lit": "yes", "length_m": 21.87, "type_element": "Way", "__fid": 19985}, "geometry": {"type": "LineString", "coordinates": [[2.2966562, 48.883122], [2.2965621, 48.88293539999999]]}}, {"type": "Feature", "properties": {"highway": "footway", "footway": "crossing", "name": null, "surface": null, "lit": "yes", "length_m": 13.73, "type_element": "Way", "__fid": 20034}, "geometry": {"type": "LineString", "coordinates": [[2.2966562, 48.883122], [2.2967155, 48.8832391]]}}, {"type": "Feature", "properties": {"highway": "footway", "footway": "sidewalk", "name": null, "surface": null, "lit": "yes", "length_m": 74.63, "type_element": "Way", "__fid": 20035}, "geometry": {"type": "LineString", "coordinates": [[2.2973327, 48.88263160000001], [2.2973199, 48.8826582], [2.2967114, 48.88311140000002], [2.2966562, 48.883122]]}}, {"type": "Feature", "properties": {"highway": "footway", "footway": "sidewalk", "name": "Promenade Gilberte Brossolette", "surface": null, "lit": "yes", "length_m": 5.68, "type_element": "Way", "__fid": 20056}, "geometry": {"type": "LineString", "coordinates": [[2.2966973, 48.88455520000002], [2.2966534, 48.88459729999999]]}}, {"type": "Feature", "properties": {"highway": "footway", "footway": "traffic_island", "name": null, "surface": "asphalt", "lit": "yes", "length_m": 14.95, "type_element": "Way", "__fid": 20084}, "geometry": {"type": "LineString", "coordinates": [[2.2966819, 48.8854455], [2.2968539, 48.8855177]]}}, {"type": "Feature", "properties": {"highway": "footway", "footway": "crossing", "name": null, "surface": null, "lit": "yes", "length_m": 8.45, "type_element": "Way", "__fid": 20085}, "geometry": {"type": "LineString", "coordinates": [[2.2967744, 48.8844987], [2.2966973, 48.88455520000002]]}}, {"type": "Feature", "properties": {"highway": "footway", "footway": "sidewalk", "name": null, "surface": "asphalt", "lit": "yes", "length_m": 132.23, "type_element": "Way", "__fid": 20086}, "geometry": {"type": "LineString", "coordinates": [[2.2972843, 48.88436750000001], [2.2967155, 48.8832391]]}}, {"type": "Feature", "properties": {"highway": "footway", "footway": "sidewalk", "name": null, "surface": "asphalt", "lit": "yes", "length_m": 81.55, "type_element": "Way", "__fid": 20087}, "geometry": {"type": "LineString", "coordinates": [[2.2967155, 48.8832391], [2.2974562, 48.8826921]]}}, {"type": "Feature", "properties": {"highway": "pedestrian", "footway": null, "name": "Square du Thimerais", "surface": "asphalt", "lit": "yes", "length_m": 5.87, "type_element": "Way", "__fid": 20121}, "geometry": {"type": "LineString", "coordinates": [[2.2967123, 48.8875144], [2.2967414, 48.8875636]]}}, {"type": "Feature", "properties": {"highway": "footway", "footway": "sidewalk", "name": null, "surface": null, "lit": "yes", "length_m": 17.52, "type_element": "Way", "__fid": 20137}, "geometry": {"type": "LineString", "coordinates": [[2.2969817, 48.8844203], [2.2967744, 48.8844987]]}}, {"type": "Feature", "properties": {"highway": "pedestrian", "footway": null, "name": "Square du Thimerais", "surface": "asphalt", "lit": "yes", "length_m": 83.91, "type_element": "Way", "__fid": 20144}, "geometry": {"type": "LineString", "coordinates": [[2.2967414, 48.8875636], [2.296756, 48.88758840000002], [2.2973693, 48.88803439999999], [2.2975079, 48.888121]]}}, {"type": "Feature", "properties": {"highway": "footway", "footway": "sidewalk", "name": null, "surface": null, "lit": "yes", "length_m": 51.34, "type_element": "Way", "__fid": 20145}, "geometry": {"type": "LineString", "coordinates": [[2.2974084, 48.8874258], [2.2969866, 48.8874991], [2.2967414, 48.8875636]]}}, {"type": "Feature", "properties": {"highway": "footway", "footway": "sidewalk", "name": null, "surface": null, "lit": "yes", "length_m": 30.35, "type_element": "Way", "__fid": 20194}, "geometry": {"type": "LineString", "coordinates": [[2.297077, 48.8855593], [2.2970884, 48.8854869], [2.2969273, 48.88544620000002], [2.2968539, 48.8855177]]}}, {"type": "Feature", "properties": {"highway": "footway", "footway": "traffic_island", "name": null, "surface": "asphalt", "lit": "yes", "length_m": 22.95, "type_element": "Way", "__fid": 20289}, "geometry": {"type": "LineString", "coordinates": [[2.2969817, 48.8844203], [2.2972843, 48.88436750000001]]}}, {"type": "Feature", "properties": {"highway": "footway", "footway": "sidewalk", "name": null, "surface": null, "lit": "yes", "length_m": 44.42, "type_element": "Way", "__fid": 20367}, "geometry": {"type": "LineString", "coordinates": [[2.297077, 48.8855593], [2.2974122, 48.8855621], [2.2974202, 48.8854892], [2.2975736, 48.8854599]]}}, {"type": "Feature", "properties": {"highway": "footway", "footway": "sidewalk", "name": null, "surface": null, "lit": "yes", "length_m": 139.6, "type_element": "Way", "__fid": 20368}, "geometry": {"type": "LineString", "coordinates": [[2.297077, 48.8855593], [2.2971189, 48.88591910000001], [2.2972155, 48.886256900000014], [2.2975118, 48.8867719]]}}, {"type": "Feature", "properties": {"highway": "footway", "footway": null, "name": null, "surface": null, "lit": "yes", "length_m": 10.28, "type_element": "Way", "__fid": 20488}, "geometry": {"type": "LineString", "coordinates": [[2.2971893, 48.88731030000002], [2.2973171, 48.8872723]]}}, {"type": "Feature", "properties": {"highway": "footway", "footway": "sidewalk", "name": null, "surface": "asphalt", "lit": "yes", "length_m": 29.49, "type_element": "Way", "__fid": 20533}, "geometry": {"type": "LineString", "coordinates": [[2.2976646, 48.8844494], [2.2973813, 48.884401], [2.2972843, 48.88436750000001]]}}, {"type": "Feature", "properties": {"highway": "footway", "footway": "crossing", "name": null, "surface": null, "lit": "yes", "length_m": 15.39, "type_element": "Way", "__fid": 20540}, "geometry": {"type": "LineString", "coordinates": [[2.2972555, 48.8871422], [2.297259, 48.887187], [2.2973171, 48.8872723]]}}, {"type": "Feature", "properties": {"highway": "footway", "footway": "traffic_island", "name": null, "surface": null, "lit": "yes", "length_m": 31.9, "type_element": "Way", "__fid": 20541}, "geometry": {"type": "LineString", "coordinates": [[2.2975756, 48.88694939999998], [2.2974905, 48.88700410000001], [2.2973228, 48.8870902], [2.2972555, 48.8871422]]}}, {"type": "Feature", "properties": {"highway": "footway", "footway": "crossing", "name": null, "surface": null, "lit": "yes", "length_m": 18.36, "type_element": "Way", "__fid": 20588}, "geometry": {"type": "LineString", "coordinates": [[2.2973171, 48.8872723], [2.2973758, 48.8873585], [2.2974084, 48.8874258]]}}, {"type": "Feature", "properties": {"highway": "footway", "footway": "sidewalk", "name": null, "surface": null, "lit": "yes", "length_m": 16.43, "type_element": "Way", "__fid": 20633}, "geometry": {"type": "LineString", "coordinates": [[2.2973848, 48.886871900000024], [2.2975756, 48.88694939999998]]}}, {"type": "Feature", "properties": {"highway": "footway", "footway": "sidewalk", "name": null, "surface": null, "lit": "yes", "length_m": 14.5, "type_element": "Way", "__fid": 20634}, "geometry": {"type": "LineString", "coordinates": [[2.2973848, 48.886871900000024], [2.2975118, 48.8867719]]}}, {"type": "Feature", "properties": {"highway": "footway", "footway": "sidewalk", "name": null, "surface": null, "lit": "yes", "length_m": 49.85, "type_element": "Way", "__fid": 20659}, "geometry": {"type": "LineString", "coordinates": [[2.2980563, 48.88745560000001], [2.2978418, 48.88739], [2.2976931, 48.8873785], [2.2974084, 48.8874258]]}}, {"type": "Feature", "properties": {"highway": "footway", "footway": "sidewalk", "name": null, "surface": "asphalt", "lit": "yes", "length_m": 48.79, "type_element": "Way", "__fid": 20669}, "geometry": {"type": "LineString", "coordinates": [[2.2974881, 48.8826904], [2.2980301, 48.8829449]]}}, {"type": "Feature", "properties": {"highway": "footway", "footway": "sidewalk", "name": null, "surface": null, "lit": "yes", "length_m": 49.61, "type_element": "Way", "__fid": 20709}, "geometry": {"type": "LineString", "coordinates": [[2.2975509, 48.8826128], [2.2981021, 48.8828714]]}}, {"type": "Feature", "properties": {"highway": "footway", "footway": "sidewalk", "name": null, "surface": null, "lit": "yes", "length_m": 18.0, "type_element": "Way", "__fid": 20713}, "geometry": {"type": "LineString", "coordinates": [[2.2975118, 48.8867719], [2.2976259, 48.8869152]]}}, {"type": "Feature", "properties": {"highway": "footway", "footway": "sidewalk", "name": null, "surface": null, "lit": "yes", "length_m": 161.56, "type_element": "Way", "__fid": 20746}, "geometry": {"type": "LineString", "coordinates": [[2.2975736, 48.8854599], [2.2979724, 48.8856803], [2.2985265, 48.8859615], [2.2989658, 48.88616540000001], [2.2993458, 48.88632]]}}, {"type": "Feature", "properties": {"highway": "footway", "footway": "crossing", "name": null, "surface": "asphalt", "lit": "yes", "length_m": 15.16, "type_element": "Way", "__fid": 20747}, "geometry": {"type": "LineString", "coordinates": [[2.2975736, 48.8854599], [2.2977722, 48.8854219]]}}, {"type": "Feature", "properties": {"highway": "footway", "footway": null, "name": null, "surface": null, "lit": "24/7", "length_m": 32.77, "type_element": "Way", "__fid": 20761}, "geometry": {"type": "LineString", "coordinates": [[2.2976021, 48.8847018], [2.2976802, 48.8847427], [2.2980208, 48.8846987]]}}, {"type": "Feature", "properties": {"highway": "footway", "footway": "crossing", "name": null, "surface": null, "lit": "yes", "length_m": 49.94, "type_element": "Way", "__fid": 20768}, "geometry": {"type": "LineString", "coordinates": [[2.2975756, 48.88694939999998], [2.2977261, 48.8870219], [2.2978731, 48.887034100000015], [2.2979615, 48.8870488], [2.2981928, 48.8871202]]}}, {"type": "Feature", "properties": {"highway": "footway", "footway": "sidewalk", "name": null, "surface": null, "lit": "yes", "length_m": 5.3, "type_element": "Way", "__fid": 20769}, "geometry": {"type": "LineString", "coordinates": [[2.2975756, 48.88694939999998], [2.2976259, 48.8869152]]}}, {"type": "Feature", "properties": {"highway": "footway", "footway": "sidewalk", "name": null, "surface": "asphalt", "lit": "yes", "length_m": 65.27, "type_element": "Way", "__fid": 20796}, "geometry": {"type": "LineString", "coordinates": [[2.2976259, 48.8869152], [2.2976856, 48.8868884], [2.2979161, 48.8868239], [2.2982274, 48.8870828], [2.2981928, 48.8871202]]}}, {"type": "Feature", "properties": {"highway": "footway", "footway": "crossing", "name": null, "surface": null, "lit": "yes", "length_m": 15.16, "type_element": "Way", "__fid": 20798}, "geometry": {"type": "LineString", "coordinates": [[2.2976646, 48.8844494], [2.2978444, 48.88451660000001]]}}, {"type": "Feature", "properties": {"highway": "footway", "footway": "sidewalk", "name": null, "surface": "asphalt", "lit": "yes", "length_m": 149.69, "type_element": "Way", "__fid": 20799}, "geometry": {"type": "LineString", "coordinates": [[2.2987914, 48.8833269], [2.2976646, 48.8844494]]}}, {"type": "Feature", "properties": {"highway": "footway", "footway": "sidewalk", "name": null, "surface": null, "lit": "yes", "length_m": 151.62, "type_element": "Way", "__fid": 20855}, "geometry": {"type": "LineString", "coordinates": [[2.2977722, 48.8854219], [2.2978103, 48.8854641], [2.2986566, 48.8858799], [2.2990773, 48.88607440000002], [2.2994341, 48.8862254]]}}, {"type": "Feature", "properties": {"highway": "footway", "footway": "sidewalk", "name": null, "surface": "asphalt", "lit": "yes", "length_m": 27.2, "type_element": "Way", "__fid": 20856}, "geometry": {"type": "LineString", "coordinates": [[2.2977722, 48.8854219], [2.2980047, 48.88523129999999]]}}, {"type": "Feature", "properties": {"highway": "footway", "footway": "sidewalk", "name": null, "surface": "asphalt", "lit": "yes", "length_m": 14.47, "type_element": "Way", "__fid": 20889}, "geometry": {"type": "LineString", "coordinates": [[2.2979447, 48.8846259], [2.2978565, 48.88455079999997], [2.2978444, 48.88451660000001]]}}, {"type": "Feature", "properties": {"highway": "footway", "footway": "sidewalk", "name": null, "surface": "asphalt", "lit": "yes", "length_m": 147.81, "type_element": "Way", "__fid": 20890}, "geometry": {"type": "LineString", "coordinates": [[2.2978444, 48.88451660000001], [2.2989719, 48.8834148]]}}, {"type": "Feature", "properties": {"highway": "footway", "footway": "sidewalk", "name": null, "surface": "asphalt", "lit": "yes", "length_m": 29.03, "type_element": "Way", "__fid": 20945}, "geometry": {"type": "LineString", "coordinates": [[2.2982682, 48.88470250000001], [2.2981037, 48.8847229], [2.2979851, 48.8846267], [2.2979447, 48.8846259]]}}, {"type": "Feature", "properties": {"highway": "steps", "footway": null, "name": null, "surface": "concrete", "lit": "yes", "length_m": 9.83, "type_element": "Way", "__fid": 20946}, "geometry": {"type": "LineString", "coordinates": [[2.2979447, 48.8846259], [2.2980208, 48.8846987]]}}, {"type": "Feature", "properties": {"highway": "footway", "footway": "sidewalk", "name": null, "surface": "asphalt", "lit": "yes", "length_m": 67.51, "type_element": "Way", "__fid": 20971}, "geometry": {"type": "LineString", "coordinates": [[2.2980301, 48.8829449], [2.2987809, 48.88329619999998]]}}, {"type": "Feature", "properties": {"highway": "footway", "footway": "crossing", "name": null, "surface": null, "lit": "yes", "length_m": 9.73, "type_element": "Way", "__fid": 20972}, "geometry": {"type": "LineString", "coordinates": [[2.2980301, 48.8829449], [2.2981021, 48.8828714]]}}, {"type": "Feature", "properties": {"highway": "footway", "footway": "sidewalk", "name": null, "surface": null, "lit": "yes", "length_m": 63.03, "type_element": "Way", "__fid": 20975}, "geometry": {"type": "LineString", "coordinates": [[2.2980047, 48.88523129999999], [2.2986853, 48.8855775]]}}, {"type": "Feature", "properties": {"highway": "footway", "footway": "crossing", "name": null, "surface": "asphalt", "lit": "yes", "length_m": 10.81, "type_element": "Way", "__fid": 20976}, "geometry": {"type": "LineString", "coordinates": [[2.2980047, 48.88523129999999], [2.2980865, 48.8851504]]}}, {"type": "Feature", "properties": {"highway": "footway", "footway": null, "name": null, "surface": null, "lit": "24/7", "length_m": 16.47, "type_element": "Way", "__fid": 20980}, "geometry": {"type": "LineString", "coordinates": [[2.2980208, 48.8846987], [2.298107868814409, 48.88483519925707]]}}, {"type": "Feature", "properties": {"highway": "footway", "footway": "sidewalk", "name": null, "surface": null, "lit": "yes", "length_m": 3.7, "type_element": "Way", "__fid": 21010}, "geometry": {"type": "LineString", "coordinates": [[2.2981021, 48.8828714], [2.2981515, 48.8828646]]}}, {"type": "Feature", "properties": {"highway": "footway", "footway": "sidewalk", "name": null, "surface": "asphalt", "lit": "yes", "length_m": 27.33, "type_element": "Way", "__fid": 21016}, "geometry": {"type": "LineString", "coordinates": [[2.2983874, 48.8852948], [2.298341, 48.88527819999998], [2.2980865, 48.8851504]]}}, {"type": "Feature", "properties": {"highway": "footway", "footway": "sidewalk", "name": null, "surface": "asphalt", "lit": "yes", "length_m": 37.91, "type_element": "Way", "__fid": 21017}, "geometry": {"type": "LineString", "coordinates": [[2.2980865, 48.8851504], [2.2980827, 48.8851159], [2.298145, 48.8849402], [2.2983326, 48.8849167]]}}, {"type": "Feature", "properties": {"highway": "footway", "footway": "sidewalk", "name": null, "surface": null, "lit": "yes", "length_m": 120.89, "type_element": "Way", "__fid": 21018}, "geometry": {"type": "LineString", "coordinates": [[2.2980563, 48.88745560000001], [2.2993957, 48.88808940000001]]}}, {"type": "Feature", "properties": {"highway": "footway", "footway": "crossing", "name": null, "surface": null, "lit": "yes", "length_m": 36.44, "type_element": "Way", "__fid": 21019}, "geometry": {"type": "LineString", "coordinates": [[2.2980563, 48.88745560000001], [2.2981146, 48.8874324], [2.298364, 48.8872023]]}}, {"type": "Feature", "properties": {"highway": "footway", "footway": null, "name": null, "surface": null, "lit": "24/7", "length_m": 0.65, "type_element": "Way", "__fid": 21031}, "geometry": {"type": "LineString", "coordinates": [[2.298107868814409, 48.88483519925707], [2.2981113, 48.8848406]]}}, {"type": "Feature", "properties": {"highway": "footway", "footway": "sidewalk", "name": null, "surface": "asphalt", "lit": "yes", "length_m": 14.52, "type_element": "Way", "__fid": 21032}, "geometry": {"type": "LineString", "coordinates": [[2.2983023, 48.8848103], [2.298107868814409, 48.88483519925707]]}}, {"type": "Feature", "properties": {"highway": "footway", "footway": null, "name": null, "surface": null, "lit": "24/7", "length_m": 8.96, "type_element": "Way", "__fid": 21037}, "geometry": {"type": "LineString", "coordinates": [[2.2981401, 48.88491890000001], [2.2981113, 48.8848406]]}}, {"type": "Feature", "properties": {"highway": "footway", "footway": null, "name": null, "surface": null, "lit": "24/7", "length_m": 12.25, "type_element": "Way", "__fid": 21038}, "geometry": {"type": "LineString", "coordinates": [[2.2981113, 48.8848406], [2.2982736, 48.8848146]]}}, {"type": "Feature", "properties": {"highway": "footway", "footway": "crossing", "name": null, "surface": null, "lit": "yes", "length_m": 12.57, "type_element": "Way", "__fid": 21051}, "geometry": {"type": "LineString", "coordinates": [[2.2981515, 48.8828646], [2.2982878, 48.88293320000001]]}}, {"type": "Feature", "properties": {"highway": "footway", "footway": "sidewalk", "name": null, "surface": null, "lit": "yes", "length_m": 172.73, "type_element": "Way", "__fid": 21052}, "geometry": {"type": "LineString", "coordinates": [[2.2981515, 48.8828646], [2.2995099, 48.8815956]]}}, {"type": "Feature", "properties": {"highway": "footway", "footway": "crossing", "name": null, "surface": null, "lit": "yes", "length_m": 15.52, "type_element": "Way", "__fid": 21124}, "geometry": {"type": "LineString", "coordinates": [[2.2981928, 48.8871202], [2.298364, 48.8872023]]}}, {"type": "Feature", "properties": {"highway": "footway", "footway": "sidewalk", "name": null, "surface": "asphalt", "lit": "yes", "length_m": 53.85, "type_element": "Way", "__fid": 21142}, "geometry": {"type": "LineString", "coordinates": [[2.2988503, 48.8832305], [2.2982991, 48.8829687], [2.2982878, 48.88293320000001]]}}, {"type": "Feature", "properties": {"highway": "footway", "footway": "sidewalk", "name": null, "surface": "asphalt", "lit": "yes", "length_m": 177.6, "type_element": "Way", "__fid": 21143}, "geometry": {"type": "LineString", "coordinates": [[2.2982878, 48.88293320000001], [2.2996849, 48.881628599999985]]}}, {"type": "Feature", "properties": {"highway": "footway", "footway": "crossing", "name": null, "surface": null, "lit": "yes", "length_m": 12.25, "type_element": "Way", "__fid": 21149}, "geometry": {"type": "LineString", "coordinates": [[2.2983023, 48.8848103], [2.2982682, 48.88470250000001]]}}, {"type": "Feature", "properties": {"highway": "footway", "footway": "sidewalk", "name": null, "surface": "asphalt", "lit": "yes", "length_m": 10.11, "type_element": "Way", "__fid": 21150}, "geometry": {"type": "LineString", "coordinates": [[2.2984037, 48.8846858], [2.2982682, 48.88470250000001]]}}, {"type": "Feature", "properties": {"highway": "footway", "footway": "crossing", "name": null, "surface": null, "lit": "yes", "length_m": 12.04, "type_element": "Way", "__fid": 21176}, "geometry": {"type": "LineString", "coordinates": [[2.2983326, 48.8849167], [2.2983023, 48.8848103]]}}, {"type": "Feature", "properties": {"highway": "footway", "footway": "sidewalk", "name": null, "surface": "asphalt", "lit": "yes", "length_m": 73.1, "type_element": "Way", "__fid": 21193}, "geometry": {"type": "LineString", "coordinates": [[2.2983326, 48.8849167], [2.2993118, 48.88479370000001]]}}, {"type": "Feature", "properties": {"highway": "footway", "footway": "crossing", "name": null, "surface": "asphalt", "lit": "yes", "length_m": 30.83, "type_element": "Way", "__fid": 21230}, "geometry": {"type": "LineString", "coordinates": [[2.2983874, 48.8852948], [2.2984118, 48.8853194], [2.2987305, 48.88545079999999]]}}, {"type": "Feature", "properties": {"highway": "footway", "footway": "sidewalk", "name": null, "surface": "asphalt", "lit": "yes", "length_m": 230.17, "type_element": "Way", "__fid": 21231}, "geometry": {"type": "LineString", "coordinates": [[2.3015194, 48.885218], [2.2984809, 48.8852734], [2.2983874, 48.8852948]]}}, {"type": "Feature", "properties": {"highway": "footway", "footway": "sidewalk", "name": null, "surface": null, "lit": "yes", "length_m": 119.26, "type_element": "Way", "__fid": 21232}, "geometry": {"type": "LineString", "coordinates": [[2.298364, 48.8872023], [2.2985118, 48.8872888], [2.2996723, 48.8878384]]}}, {"type": "Feature", "properties": {"highway": "footway", "footway": "sidewalk", "name": null, "surface": "asphalt", "lit": "yes", "length_m": 64.7, "type_element": "Way", "__fid": 21237}, "geometry": {"type": "LineString", "coordinates": [[2.2984037, 48.8846858], [2.2984554, 48.884705], [2.2992624, 48.8845986]]}}, {"type": "Feature", "properties": {"highway": "footway", "footway": "sidewalk", "name": null, "surface": "asphalt", "lit": "yes", "length_m": 61.83, "type_element": "Way", "__fid": 21238}, "geometry": {"type": "LineString", "coordinates": [[2.2991087, 48.8843808], [2.2984037, 48.8846858]]}}, {"type": "Feature", "properties": {"highway": "footway", "footway": "sidewalk", "name": null, "surface": null, "lit": "yes", "length_m": 84.41, "type_element": "Way", "__fid": 21408}, "geometry": {"type": "LineString", "coordinates": [[2.2986853, 48.8855775], [2.2991697, 48.88581949999998], [2.2996231, 48.8860169]]}}, {"type": "Feature", "properties": {"highway": "footway", "footway": "crossing", "name": null, "surface": null, "lit": "yes", "length_m": 11.77, "type_element": "Way", "__fid": 21409}, "geometry": {"type": "LineString", "coordinates": [[2.2987537, 48.88548260000001], [2.2987032, 48.885564], [2.2986853, 48.8855775]]}}, {"type": "Feature", "properties": {"highway": "footway", "footway": "sidewalk", "name": null, "surface": "asphalt", "lit": "yes", "length_m": 3.92, "type_element": "Way", "__fid": 21428}, "geometry": {"type": "LineString", "coordinates": [[2.2987537, 48.88548260000001], [2.2987305, 48.88545079999999]]}}, {"type": "Feature", "properties": {"highway": "footway", "footway": "sidewalk", "name": null, "surface": "asphalt", "lit": "yes", "length_m": 207.45, "type_element": "Way", "__fid": 21429}, "geometry": {"type": "LineString", "coordinates": [[2.2987305, 48.88545079999999], [2.2987787, 48.885409], [2.3015267, 48.8853544]]}}, {"type": "Feature", "properties": {"highway": "footway", "footway": "sidewalk", "name": null, "surface": "asphalt", "lit": "yes", "length_m": 3.5, "type_element": "Way", "__fid": 21439}, "geometry": {"type": "LineString", "coordinates": [[2.2987809, 48.88329619999998], [2.2987914, 48.8833269]]}}, {"type": "Feature", "properties": {"highway": "footway", "footway": "crossing", "name": null, "surface": null, "lit": "yes", "length_m": 8.9, "type_element": "Way", "__fid": 21440}, "geometry": {"type": "LineString", "coordinates": [[2.2987809, 48.88329619999998], [2.2988503, 48.8832305]]}}, {"type": "Feature", "properties": {"highway": "footway", "footway": "sidewalk", "name": null, "surface": "asphalt", "lit": "yes", "length_m": 85.39, "type_element": "Way", "__fid": 21441}, "geometry": {"type": "LineString", "coordinates": [[2.2997243, 48.8859066], [2.2994269, 48.8857845], [2.2987537, 48.88548260000001]]}}, {"type": "Feature", "properties": {"highway": "footway", "footway": "crossing", "name": null, "surface": null, "lit": "yes", "length_m": 16.57, "type_element": "Way", "__fid": 21447}, "geometry": {"type": "LineString", "coordinates": [[2.2987914, 48.8833269], [2.2989634, 48.883405], [2.2989719, 48.8834148]]}}, {"type": "Feature", "properties": {"highway": "footway", "footway": "sidewalk", "name": null, "surface": "asphalt", "lit": "yes", "length_m": 3.77, "type_element": "Way", "__fid": 21496}, "geometry": {"type": "LineString", "coordinates": [[2.2989014, 48.8832267], [2.2988503, 48.8832305]]}}, {"type": "Feature", "properties": {"highway": "footway", "footway": "crossing", "name": null, "surface": null, "lit": "yes", "length_m": 15.83, "type_element": "Way", "__fid": 21528}, "geometry": {"type": "LineString", "coordinates": [[2.2989014, 48.8832267], [2.2989151, 48.88324260000002], [2.2990708, 48.8833123]]}}, {"type": "Feature", "properties": {"highway": "footway", "footway": "sidewalk", "name": null, "surface": "asphalt", "lit": "yes", "length_m": 53.67, "type_element": "Way", "__fid": 21529}, "geometry": {"type": "LineString", "coordinates": [[2.2993057, 48.88282440000001], [2.2989014, 48.8832267]]}}, {"type": "Feature", "properties": {"highway": "footway", "footway": "sidewalk", "name": null, "surface": "asphalt", "lit": "yes", "length_m": 2.93, "type_element": "Way", "__fid": 21578}, "geometry": {"type": "LineString", "coordinates": [[2.2989719, 48.8834148], [2.2990111, 48.8834095]]}}, {"type": "Feature", "properties": {"highway": "footway", "footway": "sidewalk", "name": null, "surface": "asphalt", "lit": "yes", "length_m": 92.41, "type_element": "Way", "__fid": 21605}, "geometry": {"type": "LineString", "coordinates": [[2.2990111, 48.8834095], [2.3000371, 48.883892]]}}, {"type": "Feature", "properties": {"highway": "footway", "footway": "crossing", "name": null, "surface": null, "lit": "yes", "length_m": 10.04, "type_element": "Way", "__fid": 21606}, "geometry": {"type": "LineString", "coordinates": [[2.2990111, 48.8834095], [2.2990782, 48.88333080000002]]}}, {"type": "Feature", "properties": {"highway": "footway", "footway": "sidewalk", "name": null, "surface": null, "lit": "yes", "length_m": 2.13, "type_element": "Way", "__fid": 21630}, "geometry": {"type": "LineString", "coordinates": [[2.2990782, 48.88333080000002], [2.2990708, 48.8833123]]}}, {"type": "Feature", "properties": {"highway": "footway", "footway": "sidewalk", "name": null, "surface": null, "lit": "yes", "length_m": 42.27, "type_element": "Way", "__fid": 21631}, "geometry": {"type": "LineString", "coordinates": [[2.2990708, 48.8833123], [2.2993949, 48.882998]]}}, {"type": "Feature", "properties": {"highway": "footway", "footway": "sidewalk", "name": null, "surface": null, "lit": "yes", "length_m": 92.26, "type_element": "Way", "__fid": 21632}, "geometry": {"type": "LineString", "coordinates": [[2.3001029, 48.88381110000002], [2.300062, 48.8837992], [2.2990782, 48.88333080000002]]}}, {"type": "Feature", "properties": {"highway": "footway", "footway": "crossing", "name": null, "surface": null, "lit": "yes", "length_m": 16.34, "type_element": "Way", "__fid": 21648}, "geometry": {"type": "LineString", "coordinates": [[2.2991087, 48.8843808], [2.299234, 48.8845023]]}}, {"type": "Feature", "properties": {"highway": "footway", "footway": "sidewalk", "name": null, "surface": "asphalt", "lit": "yes", "length_m": 85.26, "type_element": "Way", "__fid": 21649}, "geometry": {"type": "LineString", "coordinates": [[2.3000852, 48.8839646], [2.2991087, 48.8843808]]}}, {"type": "Feature", "properties": {"highway": "footway", "footway": "sidewalk", "name": null, "surface": "asphalt", "lit": "yes", "length_m": 10.91, "type_element": "Way", "__fid": 21720}, "geometry": {"type": "LineString", "coordinates": [[2.2992624, 48.8845986], [2.299234, 48.8845023]]}}, {"type": "Feature", "properties": {"highway": "footway", "footway": "sidewalk", "name": null, "surface": "asphalt", "lit": "yes", "length_m": 89.13, "type_element": "Way", "__fid": 21721}, "geometry": {"type": "LineString", "coordinates": [[2.299234, 48.8845023], [2.300255, 48.884067399999985]]}}, {"type": "Feature", "properties": {"highway": "footway", "footway": "crossing", "name": null, "surface": "asphalt", "lit": "yes", "length_m": 22.0, "type_element": "Way", "__fid": 21735}, "geometry": {"type": "LineString", "coordinates": [[2.2992624, 48.8845986], [2.2993118, 48.88479370000001]]}}, {"type": "Feature", "properties": {"highway": "footway", "footway": "sidewalk", "name": null, "surface": "asphalt", "lit": "yes", "length_m": 127.37, "type_element": "Way", "__fid": 21736}, "geometry": {"type": "LineString", "coordinates": [[2.3009595, 48.8843716], [2.2993366, 48.8845694], [2.2992624, 48.8845986]]}}, {"type": "Feature", "properties": {"highway": "footway", "footway": "crossing", "name": null, "surface": null, "lit": "yes", "length_m": 15.82, "type_element": "Way", "__fid": 21750}, "geometry": {"type": "LineString", "coordinates": [[2.2993057, 48.88282440000001], [2.2994827, 48.8829057]]}}, {"type": "Feature", "properties": {"highway": "footway", "footway": "sidewalk", "name": null, "surface": "asphalt", "lit": "yes", "length_m": 141.59, "type_element": "Way", "__fid": 21751}, "geometry": {"type": "LineString", "coordinates": [[2.3003643, 48.88176], [2.3003321, 48.8818034], [2.2993057, 48.88282440000001]]}}, {"type": "Feature", "properties": {"highway": "footway", "footway": "sidewalk", "name": null, "surface": "asphalt", "lit": "yes", "length_m": 127.3, "type_element": "Way", "__fid": 21771}, "geometry": {"type": "LineString", "coordinates": [[2.2993118, 48.88479370000001], [2.3010163, 48.8845772]]}}, {"type": "Feature", "properties": {"highway": "footway", "footway": "sidewalk", "name": null, "surface": "concrete", "lit": "yes", "length_m": 156.07, "type_element": "Way", "__fid": 21796}, "geometry": {"type": "LineString", "coordinates": [[2.2993458, 48.88632], [2.2998149, 48.88651009999999], [2.3003436, 48.8867009], [2.300418, 48.886739], [2.3012164, 48.88698439999998]]}}, {"type": "Feature", "properties": {"highway": "footway", "footway": "crossing", "name": null, "surface": null, "lit": "yes", "length_m": 12.35, "type_element": "Way", "__fid": 21797}, "geometry": {"type": "LineString", "coordinates": [[2.2993458, 48.88632], [2.2994341, 48.8862254]]}}, {"type": "Feature", "properties": {"highway": "footway", "footway": "crossing", "name": null, "surface": null, "lit": "yes", "length_m": 9.88, "type_element": "Way", "__fid": 21801}, "geometry": {"type": "LineString", "coordinates": [[2.2993949, 48.882998], [2.2994676, 48.882923200000015]]}}, {"type": "Feature", "properties": {"highway": "footway", "footway": "crossing", "name": null, "surface": null, "lit": "yes", "length_m": 62.77, "type_element": "Way", "__fid": 21838}, "geometry": {"type": "LineString", "coordinates": [[2.2993957, 48.88808940000001], [2.2997029, 48.8882273], [2.2999846, 48.8879674]]}}, {"type": "Feature", "properties": {"highway": "footway", "footway": "crossing", "name": null, "surface": null, "lit": "yes", "length_m": 34.5, "type_element": "Way", "__fid": 21839}, "geometry": {"type": "LineString", "coordinates": [[2.2993957, 48.88808940000001], [2.2996723, 48.8878384]]}}, {"type": "Feature", "properties": {"highway": "footway", "footway": "sidewalk", "name": null, "surface": null, "lit": "yes", "length_m": 2.24, "type_element": "Way", "__fid": 21840}, "geometry": {"type": "LineString", "coordinates": [[2.2994676, 48.882923200000015], [2.2994827, 48.8829057]]}}, {"type": "Feature", "properties": {"highway": "footway", "footway": "sidewalk", "name": null, "surface": null, "lit": "yes", "length_m": 158.27, "type_element": "Way", "__fid": 21845}, "geometry": {"type": "LineString", "coordinates": [[2.2994341, 48.8862254], [2.3005907, 48.8866583], [2.3010837, 48.8868104], [2.3011707, 48.8868272], [2.30134, 48.886889]]}}, {"type": "Feature", "properties": {"highway": "footway", "footway": null, "name": null, "surface": "asphalt", "lit": "yes", "length_m": 27.01, "type_element": "Way", "__fid": 21846}, "geometry": {"type": "LineString", "coordinates": [[2.2994341, 48.8862254], [2.2996231, 48.8860169]]}}, {"type": "Feature", "properties": {"highway": "footway", "footway": "sidewalk", "name": null, "surface": null, "lit": "yes", "length_m": 142.33, "type_element": "Way", "__fid": 21850}, "geometry": {"type": "LineString", "coordinates": [[2.2994827, 48.8829057], [2.300551, 48.881837099999984]]}}, {"type": "Feature", "properties": {"highway": "footway", "footway": "sidewalk", "name": null, "surface": null, "lit": "yes", "length_m": 85.35, "type_element": "Way", "__fid": 21952}, "geometry": {"type": "LineString", "coordinates": [[2.2996231, 48.8860169], [2.3001605, 48.886228500000016], [2.3006377, 48.886392399999984]]}}, {"type": "Feature", "properties": {"highway": "footway", "footway": "crossing", "name": null, "surface": null, "lit": "yes", "length_m": 14.34, "type_element": "Way", "__fid": 21953}, "geometry": {"type": "LineString", "coordinates": [[2.2996231, 48.8860169], [2.2997243, 48.8859066]]}}, {"type": "Feature", "properties": {"highway": "footway", "footway": "crossing", "name": null, "surface": null, "lit": "yes", "length_m": 27.2, "type_element": "Way", "__fid": 22002}, "geometry": {"type": "LineString", "coordinates": [[2.2996723, 48.8878384], [2.2997446, 48.8878727], [2.299818, 48.8878897], [2.2999846, 48.8879674]]}}]}