{"type": "FeatureCollection", "features": [{"type": "Feature", "properties": {"@id": "node/476886894", "amenity": "drinking_water", "check_date": "2024-04-21", "man_made": "water_tap", "type_element": "Fontaines à boire", "__fid": 35}, "geometry": {"type": "Point", "coordinates": [2.2964541, 48.8426769]}, "id": "node/476886894"}, {"type": "Feature", "properties": {"@id": "node/476886942", "amenity": "drinking_water", "check_date": "2024-06-13", "man_made": "water_tap", "type_element": "Fontaines à boire", "__fid": 39}, "geometry": {"type": "Point", "coordinates": [2.2973124, 48.8418917]}, "id": "node/476886942"}, {"type": "Feature", "properties": {"@id": "node/504200546", "amenity": "drinking_water", "artist_name": "Charles-Auguste Lebourg", "description": "Fontaine Wallace", "fountain": "wallace", "type_element": "Fontaines à boire", "__fid": 93}, "geometry": {"type": "Point", "coordinates": [2.2914435, 48.841564]}, "id": "node/504200546"}, {"type": "Feature", "properties": {"@id": "node/504253179", "amenity": "drinking_water", "artist_name": "Charles-Auguste Lebourg", "name": "Petite Fontaine Wallace", "note": "Petit modèle", "wikimedia_commons": "File:Fontaine Wallace commerce 15°.jpg", "type_element": "Fontaines à boire", "__fid": 96}, "geometry": {"type": "Point", "coordinates": [2.2934495, 48.8450063]}, "id": "node/504253179"}, {"type": "Feature", "properties": {"@id": "node/913173016", "amenity": "drinking_water", "check_date": "2024-08-01", "man_made": "water_tap", "source": "cadastre-dgi-fr source : Direction Générale des Impôts - Cadastre ; mise à jour : 2010", "type_element": "Fontaines à boire", "__fid": 158}, "geometry": {"type": "Point", "coordinates": [2.2978053, 48.84286]}, "id": "node/913173016"}, {"type": "Feature", "properties": {"@id": "node/4348624690", "amenity": "drinking_water", "man_made": "water_tap", "type_element": "Fontaines à boire", "__fid": 486}, "geometry": {"type": "Point", "coordinates": [2.2928545, 48.8449338]}, "id": "node/4348624690"}, {"type": "Feature", "properties": {"@id": "node/8128414588", "amenity": "drinking_water", "bottle": "yes", "fee": "no", "man_made": "water_tap", "wheelchair": "yes", "type_element": "Fontaines à boire", "__fid": 725}, "geometry": {"type": "Point", "coordinates": [2.2957072, 48.8469875]}, "id": "node/8128414588"}, {"type": "Feature", "geometry": {"type": "Point", "coordinates": [2.297385, 48.8416]}, "properties": {"id": 1768, "name": "Square Saint-Lambert", "categorie": "Parcs, jardins et bois", "photo_url": "https://cdn.paris.fr/eqpts-prod/2022/05/10/164a36153c2d2db13a9359d7300d68e0.jpg", "photo_credit": "Antoine Polez/ Ville de Paris", "photo_alt": null, "address_street": "2 rue Jean-Formigé", "address_postcode": "75015", "address_city": "Paris", "phone": null, "accessibility": "{\"handicaps\": [{\"name\": \"Personnes à mobilité réduite\", \"status\": \"accessible\"}, {\"name\": \"Personnes déficientes visuelles\", \"status\": \"undefined\"}, {\"name\": \"Personnes déficientes auditives\", \"status\": \"undefined\"}, {\"name\": \"Personnes déficientes mentales\", \"status\": \"undefined\"}, {\"name\": \"Accueil en langue des signes\", \"status\": \"undefined\"}]}", "latitude": 48.8416, "longitude": 2.297385, "url": "https://www.paris.fr/lieux/square-saint-lambert-1768", "type_element": "Parcs, Jardins et Bois", "__fid": 1183}}, {"type": "Feature", "geometry": {"type": "Point", "coordinates": [2.293528, 48.844553]}, "properties": {"id": 2526, "name": "Square Yvette Chauviré", "categorie": "Parcs, jardins et bois", "photo_url": "https://cdn.paris.fr/eqpts-prod/2022/05/10/9672eff4146c3067cd255dfbcfa670cd.jpg", "photo_credit": "Frédéric Combeau/ Ville de Paris", "photo_alt": null, "address_street": "18, place du Commerce", "address_postcode": "75015", "address_city": "PARIS", "phone": null, "accessibility": "{\"handicaps\": [{\"name\": \"Personnes à mobilité réduite\", \"status\": \"accessible\"}, {\"name\": \"Personnes déficientes visuelles\", \"status\": \"accessible\"}, {\"name\": \"Personnes déficientes auditives\", \"status\": \"undefined\"}, {\"name\": \"Personnes déficientes mentales\", \"status\": \"undefined\"}, {\"name\": \"Accueil en langue des signes\", \"status\": \"undefined\"}]}", "latitude": 48.844553, "longitude": 2.293528, "url": "https://www.paris.fr/lieux/square-yvette-chauvire-2526", "type_element": "Parcs, Jardins et Bois", "__fid": 1385}}, {"type": "Feature", "geometry": {"type": "Point", "coordinates": [2.292823, 48.843672]}, "properties": {"id": 2532, "name": "Square de la place Étienne Pernet", "categorie": "Parcs, jardins et bois", "photo_url": "https://cdn.paris.fr/eqpts-prod/2022/05/10/55cf2f06caa1f261a9cfeb307442ae2c.jpg", "photo_credit": "Frédéric Combeau/ Ville de Paris", "photo_alt": null, "address_street": "30 place Étienne-Pernet", "address_postcode": "75015", "address_city": "PARIS", "phone": null, "accessibility": "{\"handicaps\": [{\"name\": \"Personnes à mobilité réduite\", \"status\": \"accessible\"}, {\"name\": \"Personnes déficientes visuelles\", \"status\": \"undefined\"}, {\"name\": \"Personnes déficientes auditives\", \"status\": \"undefined\"}, {\"name\": \"Personnes déficientes mentales\", \"status\": \"undefined\"}, {\"name\": \"Accueil en langue des signes\", \"status\": \"undefined\"}]}", "latitude": 48.843672, "longitude": 2.292823, "url": "https://www.paris.fr/lieux/square-de-la-place-etienne-pernet-2532", "type_element": "Parcs, Jardins et Bois", "__fid": 1471}}, {"type": "Feature", "properties": {"highway": "footway", "footway": "sidewalk", "name": null, "surface": "asphalt", "lit": "yes", "length_m": 212.82, "type_element": "Way", "__fid": 15104}, "geometry": {"type": "LineString", "coordinates": [[2.288626233333154, 48.84391853333337], [2.2886221, 48.843914], [2.2911158, 48.84294770000001]]}}, {"type": "Feature", "properties": {"highway": "footway", "footway": "sidewalk", "name": null, "surface": "asphalt", "lit": "yes", "length_m": 176.48, "type_element": "Way", "__fid": 15304}, "geometry": {"type": "LineString", "coordinates": [[2.2891028, 48.8438219], [2.2911768, 48.8430188]]}}, {"type": "Feature", "properties": {"highway": "footway", "footway": "sidewalk", "name": null, "surface": "asphalt", "lit": "yes", "length_m": 230.28, "type_element": "Way", "__fid": 15332}, "geometry": {"type": "LineString", "coordinates": [[2.2921978, 48.8467974], [2.2913112, 48.84675], [2.2912778, 48.84670290000001], [2.2905187, 48.84665840000001], [2.2903912, 48.84669670000001], [2.2891267, 48.8466397]]}}, {"type": "Feature", "properties": {"highway": "footway", "footway": "sidewalk", "name": null, "surface": "asphalt", "lit": "yes", "length_m": 222.76, "type_element": "Way", "__fid": 15341}, "geometry": {"type": "LineString", "coordinates": [[2.2921586, 48.8469353], [2.289134799999981, 48.84676086666667]]}}, {"type": "Feature", "properties": {"highway": "footway", "footway": "sidewalk", "name": null, "surface": "asphalt", "lit": "yes", "length_m": 153.83, "type_element": "Way", "__fid": 15496}, "geometry": {"type": "LineString", "coordinates": [[2.2894774, 48.8451567], [2.2895281, 48.8451802], [2.2899477, 48.84565150000001], [2.2900386, 48.84568389999998], [2.2901352, 48.8456825], [2.2909599, 48.8453762], [2.2910193, 48.8453724]]}}, {"type": "Feature", "properties": {"highway": "footway", "footway": "sidewalk", "name": null, "surface": null, "lit": "yes", "length_m": 135.12, "type_element": "Way", "__fid": 15571}, "geometry": {"type": "LineString", "coordinates": [[2.28961303333344, 48.84508830000005], [2.290039, 48.8455587], [2.2901169, 48.8455701], [2.2908773, 48.8452822], [2.2909167, 48.8452574]]}}, {"type": "Feature", "properties": {"highway": "footway", "footway": "sidewalk", "name": null, "surface": "asphalt", "lit": "yes", "length_m": 99.43, "type_element": "Way", "__fid": 15922}, "geometry": {"type": "LineString", "coordinates": [[2.2915043, 48.8426934], [2.290391, 48.8421838]]}}, {"type": "Feature", "properties": {"highway": "footway", "footway": "sidewalk", "name": null, "surface": null, "lit": "yes", "length_m": 58.27, "type_element": "Way", "__fid": 15979}, "geometry": {"type": "LineString", "coordinates": [[2.2908785, 48.84519260000001], [2.290478, 48.84474009999999]]}}, {"type": "Feature", "properties": {"highway": "footway", "footway": "sidewalk", "name": null, "surface": "asphalt", "lit": "yes", "length_m": 99.36, "type_element": "Way", "__fid": 15981}, "geometry": {"type": "LineString", "coordinates": [[2.2916702, 48.8425332], [2.2905145, 48.8420678]]}}, {"type": "Feature", "properties": {"highway": "footway", "footway": "sidewalk", "name": null, "surface": null, "lit": "yes", "length_m": 59.07, "type_element": "Way", "__fid": 16026}, "geometry": {"type": "LineString", "coordinates": [[2.2909804, 48.8451558], [2.2906919, 48.8448217], [2.290701, 48.8448002], [2.2906107, 48.8446911]]}}, {"type": "Feature", "properties": {"highway": "footway", "footway": "sidewalk", "name": null, "surface": "asphalt", "lit": "yes", "length_m": 22.52, "type_element": "Way", "__fid": 16027}, "geometry": {"type": "LineString", "coordinates": [[2.2906107, 48.8446911], [2.2907882, 48.8446255], [2.2908055, 48.844598], [2.2908556, 48.8445784]]}}, {"type": "Feature", "properties": {"highway": "footway", "footway": "sidewalk", "name": null, "surface": "asphalt", "lit": "yes", "length_m": 14.23, "type_element": "Way", "__fid": 16042}, "geometry": {"type": "LineString", "coordinates": [[2.290667233333152, 48.84187876666676], [2.2906737, 48.8418817], [2.2907793, 48.8417865], [2.290773966666496, 48.84178316666673]]}}, {"type": "Feature", "properties": {"highway": "footway", "footway": "crossing", "name": null, "surface": "asphalt", "lit": "yes", "length_m": 9.95, "type_element": "Way", "__fid": 16043}, "geometry": {"type": "LineString", "coordinates": [[2.2906747, 48.8417222], [2.290773966666496, 48.84178316666673]]}}, {"type": "Feature", "properties": {"highway": "footway", "footway": "sidewalk", "name": null, "surface": "asphalt", "lit": "yes", "length_m": 54.62, "type_element": "Way", "__fid": 16044}, "geometry": {"type": "LineString", "coordinates": [[2.2910712, 48.8413071], [2.290797, 48.8416119], [2.2906747, 48.8417222]]}}, {"type": "Feature", "properties": {"highway": "service", "footway": null, "name": "Place Violet", "surface": "asphalt", "lit": "yes", "length_m": 3.76, "type_element": "Way", "__fid": 16081}, "geometry": {"type": "LineString", "coordinates": [[2.2907023, 48.84453780000002], [2.290728, 48.84456710000001]]}}, {"type": "Feature", "properties": {"highway": "footway", "footway": "crossing", "name": null, "surface": "asphalt", "lit": "yes", "length_m": 8.14, "type_element": "Way", "__fid": 16082}, "geometry": {"type": "LineString", "coordinates": [[2.290794866666468, 48.84450836666672], [2.2907906, 48.8445035], [2.2907023, 48.84453780000002]]}}, {"type": "Feature", "properties": {"highway": "footway", "footway": "sidewalk", "name": null, "surface": "asphalt", "lit": "yes", "length_m": 56.19, "type_element": "Way", "__fid": 16098}, "geometry": {"type": "LineString", "coordinates": [[2.290773966666496, 48.84178316666673], [2.2909392, 48.8416412], [2.2911922, 48.84136729999999], [2.291185866666443, 48.84136363333342]]}}, {"type": "Feature", "properties": {"highway": "footway", "footway": "crossing", "name": null, "surface": "asphalt", "lit": "yes", "length_m": 8.97, "type_element": "Way", "__fid": 16115}, "geometry": {"type": "LineString", "coordinates": [[2.2908556, 48.8445784], [2.290794866666468, 48.84450836666672]]}}, {"type": "Feature", "properties": {"highway": "footway", "footway": "sidewalk", "name": null, "surface": "asphalt", "lit": "yes", "length_m": 152.75, "type_element": "Way", "__fid": 16116}, "geometry": {"type": "LineString", "coordinates": [[2.290794866666468, 48.84450836666672], [2.2910806, 48.84439], [2.292585366666529, 48.84380813333336]]}}, {"type": "Feature", "properties": {"highway": "footway", "footway": "sidewalk", "name": null, "surface": "asphalt", "lit": null, "length_m": 125.03, "type_element": "Way", "__fid": 16151}, "geometry": {"type": "LineString", "coordinates": [[2.2908556, 48.8445784], [2.2923085, 48.8440113], [2.292324100000084, 48.84401250000004]]}}, {"type": "Feature", "properties": {"highway": "footway", "footway": "sidewalk", "name": null, "surface": null, "lit": "yes", "length_m": 7.73, "type_element": "Way", "__fid": 16164}, "geometry": {"type": "LineString", "coordinates": [[2.2908785, 48.84519260000001], [2.2909167, 48.8452574]]}}, {"type": "Feature", "properties": {"highway": "footway", "footway": "crossing", "name": null, "surface": null, "lit": "yes", "length_m": 8.52, "type_element": "Way", "__fid": 16165}, "geometry": {"type": "LineString", "coordinates": [[2.2909804, 48.8451558], [2.2908785, 48.84519260000001]]}}, {"type": "Feature", "properties": {"highway": "footway", "footway": "crossing", "name": null, "surface": null, "lit": "yes", "length_m": 14.84, "type_element": "Way", "__fid": 16192}, "geometry": {"type": "LineString", "coordinates": [[2.2909167, 48.8452574], [2.2910193, 48.8453724]]}}, {"type": "Feature", "properties": {"highway": "living_street", "footway": null, "name": "Passage des Écoliers", "surface": "asphalt", "lit": "yes", "length_m": 6.44, "type_element": "Way", "__fid": 16219}, "geometry": {"type": "LineString", "coordinates": [[2.2909723, 48.8452248], [2.2910479, 48.8451954]]}}, {"type": "Feature", "properties": {"highway": "footway", "footway": "sidewalk", "name": null, "surface": null, "lit": "yes", "length_m": 2.61, "type_element": "Way", "__fid": 16223}, "geometry": {"type": "LineString", "coordinates": [[2.2909804, 48.8451558], [2.2910158, 48.8451584]]}}, {"type": "Feature", "properties": {"highway": "footway", "footway": "sidewalk", "name": null, "surface": null, "lit": "yes", "length_m": 4.74, "type_element": "Way", "__fid": 16239}, "geometry": {"type": "LineString", "coordinates": [[2.2910158, 48.8451584], [2.2910479, 48.8451954]]}}, {"type": "Feature", "properties": {"highway": "footway", "footway": "sidewalk", "name": null, "surface": null, "lit": null, "length_m": 146.84, "type_element": "Way", "__fid": 16240}, "geometry": {"type": "LineString", "coordinates": [[2.292728933333242, 48.8445010666667], [2.291881, 48.8448364], [2.291847, 48.844824], [2.2910158, 48.8451584]]}}, {"type": "Feature", "properties": {"highway": "footway", "footway": "sidewalk", "name": null, "surface": "asphalt", "lit": null, "length_m": 23.31, "type_element": "Way", "__fid": 16244}, "geometry": {"type": "LineString", "coordinates": [[2.2910193, 48.8453724], [2.2910536, 48.8453957], [2.2911862, 48.8455497]]}}, {"type": "Feature", "properties": {"highway": "footway", "footway": "crossing", "name": null, "surface": null, "lit": "yes", "length_m": 1.87, "type_element": "Way", "__fid": 16255}, "geometry": {"type": "LineString", "coordinates": [[2.2910479, 48.8451954], [2.291060533333265, 48.845210033333345]]}}, {"type": "Feature", "properties": {"highway": "living_street", "footway": null, "name": "Passage des Écoliers", "surface": "asphalt", "lit": "yes", "length_m": 145.5, "type_element": "Way", "__fid": 16256}, "geometry": {"type": "LineString", "coordinates": [[2.2910479, 48.8451954], [2.2927483, 48.8445226]]}}, {"type": "Feature", "properties": {"highway": "footway", "footway": "sidewalk", "name": null, "surface": "asphalt", "lit": null, "length_m": 38.22, "type_element": "Way", "__fid": 16259}, "geometry": {"type": "LineString", "coordinates": [[2.291060533333265, 48.845210033333345], [2.2910538, 48.84522780000001], [2.2912506, 48.84544740000001], [2.2913158, 48.845503]]}}, {"type": "Feature", "properties": {"highway": "footway", "footway": "sidewalk", "name": null, "surface": "asphalt", "lit": null, "length_m": 145.53, "type_element": "Way", "__fid": 16260}, "geometry": {"type": "LineString", "coordinates": [[2.291060533333265, 48.845210033333345], [2.29276496666659, 48.84454116666668]]}}, {"type": "Feature", "properties": {"highway": "footway", "footway": "crossing", "name": null, "surface": null, "lit": "yes", "length_m": 9.09, "type_element": "Way", "__fid": 16269}, "geometry": {"type": "LineString", "coordinates": [[2.2911158, 48.84294770000001], [2.2911768, 48.8430188]]}}, {"type": "Feature", "properties": {"highway": "footway", "footway": "sidewalk", "name": null, "surface": "asphalt", "lit": null, "length_m": 43.32, "type_element": "Way", "__fid": 16270}, "geometry": {"type": "LineString", "coordinates": [[2.2911158, 48.84294770000001], [2.2915206, 48.84278740000001], [2.2915998, 48.8427295]]}}, {"type": "Feature", "properties": {"highway": "footway", "footway": "sidewalk", "name": null, "surface": "asphalt", "lit": null, "length_m": 49.96, "type_element": "Way", "__fid": 16295}, "geometry": {"type": "LineString", "coordinates": [[2.2917639, 48.84279140000001], [2.2911768, 48.8430188]]}}, {"type": "Feature", "properties": {"highway": "footway", "footway": "sidewalk", "name": null, "surface": "asphalt", "lit": null, "length_m": 159.04, "type_element": "Way", "__fid": 16312}, "geometry": {"type": "LineString", "coordinates": [[2.2911862, 48.8455497], [2.2922161, 48.84673160000001], [2.2921978, 48.8467974]]}}, {"type": "Feature", "properties": {"highway": "footway", "footway": "crossing", "name": null, "surface": null, "lit": "yes", "length_m": 10.84, "type_element": "Way", "__fid": 16313}, "geometry": {"type": "LineString", "coordinates": [[2.2911862, 48.8455497], [2.2913158, 48.845503]]}}, {"type": "Feature", "properties": {"highway": "living_street", "footway": null, "name": "Place du Commerce", "surface": "asphalt", "lit": "yes", "length_m": 6.19, "type_element": "Way", "__fid": 16348}, "geometry": {"type": "LineString", "coordinates": [[2.2912775, 48.8455684], [2.2913503, 48.8455402]]}}, {"type": "Feature", "properties": {"highway": "footway", "footway": "sidewalk", "name": null, "surface": "asphalt", "lit": null, "length_m": 4.85, "type_element": "Way", "__fid": 16368}, "geometry": {"type": "LineString", "coordinates": [[2.2913158, 48.845503], [2.2913503, 48.8455402]]}}, {"type": "Feature", "properties": {"highway": "footway", "footway": "sidewalk", "name": null, "surface": "asphalt", "lit": null, "length_m": 46.02, "type_element": "Way", "__fid": 16369}, "geometry": {"type": "LineString", "coordinates": [[2.2918593, 48.8452965], [2.2913158, 48.845503]]}}, {"type": "Feature", "properties": {"highway": "footway", "footway": "sidewalk", "name": null, "surface": null, "lit": null, "length_m": 106.68, "type_element": "Way", "__fid": 16371}, "geometry": {"type": "LineString", "coordinates": [[2.2912877, 48.8476214], [2.292548599999841, 48.847144]]}}, {"type": "Feature", "properties": {"highway": "footway", "footway": "sidewalk", "name": null, "surface": "asphalt", "lit": "yes", "length_m": 142.19, "type_element": "Way", "__fid": 16386}, "geometry": {"type": "LineString", "coordinates": [[2.2913822, 48.84139], [2.2914342, 48.84151319999999], [2.2915835, 48.8417007], [2.2922036, 48.8425459]]}}, {"type": "Feature", "properties": {"highway": "footway", "footway": "crossing", "name": null, "surface": null, "lit": "yes", "length_m": 3.23, "type_element": "Way", "__fid": 16403}, "geometry": {"type": "LineString", "coordinates": [[2.2913503, 48.8455402], [2.291370333333304, 48.84556606666667]]}}, {"type": "Feature", "properties": {"highway": "living_street", "footway": null, "name": "Place du Commerce", "surface": "asphalt", "lit": "yes", "length_m": 45.83, "type_element": "Way", "__fid": 16404}, "geometry": {"type": "LineString", "coordinates": [[2.2913503, 48.8455402], [2.2918912, 48.845334299999976]]}}, {"type": "Feature", "properties": {"highway": "footway", "footway": "sidewalk", "name": null, "surface": "asphalt", "lit": null, "length_m": 13.22, "type_element": "Way", "__fid": 16422}, "geometry": {"type": "LineString", "coordinates": [[2.291461666666613, 48.84566416666668], [2.2914383, 48.8456555], [2.2913801, 48.845594], [2.291370333333304, 48.84556606666667]]}}, {"type": "Feature", "properties": {"highway": "footway", "footway": "sidewalk", "name": null, "surface": "asphalt", "lit": null, "length_m": 45.96, "type_element": "Way", "__fid": 16423}, "geometry": {"type": "LineString", "coordinates": [[2.291370333333304, 48.84556606666667], [2.291908199999936, 48.84535436666669]]}}, {"type": "Feature", "properties": {"highway": "footway", "footway": "sidewalk", "name": null, "surface": "asphalt", "lit": null, "length_m": 106.47, "type_element": "Way", "__fid": 16429}, "geometry": {"type": "LineString", "coordinates": [[2.292605899999785, 48.847210266666714], [2.2913563, 48.8476967]]}}, {"type": "Feature", "properties": {"highway": "living_street", "footway": null, "name": "Place du Commerce", "surface": "asphalt", "lit": "yes", "length_m": 6.47, "type_element": "Way", "__fid": 16435}, "geometry": {"type": "LineString", "coordinates": [[2.2914718, 48.8456755], [2.2913949, 48.845704]]}}, {"type": "Feature", "properties": {"highway": "footway", "footway": "sidewalk", "name": null, "surface": "asphalt", "lit": "yes", "length_m": 147.15, "type_element": "Way", "__fid": 16465}, "geometry": {"type": "LineString", "coordinates": [[2.2914966, 48.8413471], [2.2915197, 48.8413797], [2.2915844, 48.841386], [2.2923447, 48.84241350000001], [2.2924215, 48.8425005]]}}, {"type": "Feature", "properties": {"highway": "footway", "footway": "crossing", "name": null, "surface": null, "lit": "yes", "length_m": 1.46, "type_element": "Way", "__fid": 16484}, "geometry": {"type": "LineString", "coordinates": [[2.291461666666613, 48.84566416666668], [2.2914718, 48.8456755]]}}, {"type": "Feature", "properties": {"highway": "footway", "footway": "sidewalk", "name": null, "surface": "asphalt", "lit": null, "length_m": 45.43, "type_element": "Way", "__fid": 16485}, "geometry": {"type": "LineString", "coordinates": [[2.291994166666562, 48.84545580000001], [2.291461666666613, 48.84566416666668]]}}, {"type": "Feature", "properties": {"highway": "footway", "footway": "sidewalk", "name": null, "surface": "asphalt", "lit": null, "length_m": 8.08, "type_element": "Way", "__fid": 16488}, "geometry": {"type": "LineString", "coordinates": [[2.2915998, 48.8427295], [2.2915043, 48.8426934]]}}, {"type": "Feature", "properties": {"highway": "footway", "footway": "sidewalk", "name": null, "surface": "asphalt", "lit": null, "length_m": 2.16, "type_element": "Way", "__fid": 16489}, "geometry": {"type": "LineString", "coordinates": [[2.2915043, 48.8426934], [2.2915205, 48.8426772]]}}, {"type": "Feature", "properties": {"highway": "footway", "footway": "crossing", "name": null, "surface": null, "lit": "yes", "length_m": 1.6, "type_element": "Way", "__fid": 16492}, "geometry": {"type": "LineString", "coordinates": [[2.2914718, 48.8456755], [2.29148289999989, 48.84568790000002]]}}, {"type": "Feature", "properties": {"highway": "living_street", "footway": null, "name": "Place du Commerce", "surface": "asphalt", "lit": "yes", "length_m": 45.41, "type_element": "Way", "__fid": 16493}, "geometry": {"type": "LineString", "coordinates": [[2.2920016, 48.845464499999984], [2.2914718, 48.8456755]]}}, {"type": "Feature", "properties": {"highway": "footway", "footway": null, "name": null, "surface": "asphalt", "lit": null, "length_m": 22.2, "type_element": "Way", "__fid": 16509}, "geometry": {"type": "LineString", "coordinates": [[2.2915205, 48.8426772], [2.291771813255087, 48.842788383345315]]}}, {"type": "Feature", "properties": {"highway": "footway", "footway": "crossing", "name": null, "surface": "asphalt", "lit": "yes", "length_m": 19.42, "type_element": "Way", "__fid": 16510}, "geometry": {"type": "LineString", "coordinates": [[2.2916702, 48.8425332], [2.2915205, 48.8426772]]}}, {"type": "Feature", "properties": {"highway": "footway", "footway": "sidewalk", "name": null, "surface": null, "lit": null, "length_m": 142.8, "type_element": "Way", "__fid": 16511}, "geometry": {"type": "LineString", "coordinates": [[2.29148289999989, 48.84568790000002], [2.2915011, 48.8457366], [2.2924275, 48.8468086]]}}, {"type": "Feature", "properties": {"highway": "footway", "footway": "sidewalk", "name": null, "surface": null, "lit": null, "length_m": 45.37, "type_element": "Way", "__fid": 16512}, "geometry": {"type": "LineString", "coordinates": [[2.292013566666567, 48.84547866666669], [2.29148289999989, 48.84568790000002]]}}, {"type": "Feature", "properties": {"highway": "footway", "footway": "crossing", "name": null, "surface": "asphalt", "lit": "yes", "length_m": 13.87, "type_element": "Way", "__fid": 16546}, "geometry": {"type": "LineString", "coordinates": [[2.2917639, 48.84279140000001], [2.2915998, 48.8427295]]}}, {"type": "Feature", "properties": {"highway": "footway", "footway": "sidewalk", "name": null, "surface": "asphalt", "lit": null, "length_m": 23.31, "type_element": "Way", "__fid": 16587}, "geometry": {"type": "LineString", "coordinates": [[2.2916702, 48.8425332], [2.2919429, 48.8426407]]}}, {"type": "Feature", "properties": {"highway": "steps", "footway": null, "name": null, "surface": null, "lit": null, "length_m": 8.37, "type_element": "Way", "__fid": 16626}, "geometry": {"type": "LineString", "coordinates": [[2.2918313, 48.842721], [2.2918116, 48.8427415], [2.2917463, 48.8427142]]}}, {"type": "Feature", "properties": {"highway": "footway", "footway": "sidewalk", "name": null, "surface": "asphalt", "lit": null, "length_m": 0.67, "type_element": "Way", "__fid": 16637}, "geometry": {"type": "LineString", "coordinates": [[2.291771813255087, 48.842788383345315], [2.2917639, 48.84279140000001]]}}, {"type": "Feature", "properties": {"highway": "footway", "footway": null, "name": null, "surface": "asphalt", "lit": null, "length_m": 2.98, "type_element": "Way", "__fid": 16640}, "geometry": {"type": "LineString", "coordinates": [[2.291771813255087, 48.842788383345315], [2.2918054, 48.8428034]]}}, {"type": "Feature", "properties": {"highway": "footway", "footway": "sidewalk", "name": null, "surface": "asphalt", "lit": null, "length_m": 3.54, "type_element": "Way", "__fid": 16641}, "geometry": {"type": "LineString", "coordinates": [[2.291811751194962, 48.84279846561738], [2.291782, 48.8427845], [2.291771813255087, 48.842788383345315]]}}, {"type": "Feature", "properties": {"highway": "steps", "footway": null, "name": null, "surface": null, "lit": null, "length_m": 9.53, "type_element": "Way", "__fid": 16654}, "geometry": {"type": "LineString", "coordinates": [[2.2918061, 48.8426626], [2.2918641, 48.8426869], [2.2918313, 48.842721]]}}, {"type": "Feature", "properties": {"highway": "steps", "footway": null, "name": null, "surface": null, "lit": null, "length_m": 14.01, "type_element": "Way", "__fid": 16655}, "geometry": {"type": "LineString", "coordinates": [[2.2919671, 48.8428677], [2.2919399, 48.84286440000001], [2.2918054, 48.8428034]]}}, {"type": "Feature", "properties": {"highway": "footway", "footway": null, "name": null, "surface": "asphalt", "lit": null, "length_m": 0.72, "type_element": "Way", "__fid": 16656}, "geometry": {"type": "LineString", "coordinates": [[2.291811751194962, 48.84279846561738], [2.2918054, 48.8428034]]}}, {"type": "Feature", "properties": {"highway": "footway", "footway": "sidewalk", "name": null, "surface": "asphalt", "lit": null, "length_m": 14.93, "type_element": "Way", "__fid": 16660}, "geometry": {"type": "LineString", "coordinates": [[2.2919671, 48.8428677], [2.2919601, 48.84284860000002], [2.2918876, 48.8428184], [2.2918621, 48.8428221], [2.291811751194962, 48.84279846561738]]}}, {"type": "Feature", "properties": {"highway": "footway", "footway": null, "name": null, "surface": "asphalt", "lit": null, "length_m": 8.12, "type_element": "Way", "__fid": 16661}, "geometry": {"type": "LineString", "coordinates": [[2.2918834, 48.84274280000001], [2.291811751194962, 48.84279846561738]]}}, {"type": "Feature", "properties": {"highway": "footway", "footway": "sidewalk", "name": null, "surface": "asphalt", "lit": "yes", "length_m": 126.92, "type_element": "Way", "__fid": 16669}, "geometry": {"type": "LineString", "coordinates": [[2.2932088, 48.8419537], [2.2929741, 48.8418372], [2.2929649, 48.8418243], [2.2919194, 48.84131749999999], [2.2918933, 48.8412874], [2.2918424, 48.8412615]]}}, {"type": "Feature", "properties": {"highway": "footway", "footway": null, "name": null, "surface": null, "lit": null, "length_m": 4.53, "type_element": "Way", "__fid": 16679}, "geometry": {"type": "LineString", "coordinates": [[2.2918834, 48.84274280000001], [2.2918313, 48.842721]]}}, {"type": "Feature", "properties": {"highway": "footway", "footway": null, "name": null, "surface": "asphalt", "lit": null, "length_m": 9.92, "type_element": "Way", "__fid": 16704}, "geometry": {"type": "LineString", "coordinates": [[2.2919708785642, 48.842674815513824], [2.2918834, 48.84274280000001]]}}, {"type": "Feature", "properties": {"highway": "footway", "footway": "sidewalk", "name": null, "surface": null, "lit": null, "length_m": 4.81, "type_element": "Way", "__fid": 16710}, "geometry": {"type": "LineString", "coordinates": [[2.2918912, 48.845334299999976], [2.2918593, 48.8452965]]}}, {"type": "Feature", "properties": {"highway": "footway", "footway": "sidewalk", "name": null, "surface": null, "lit": null, "length_m": 4.23, "type_element": "Way", "__fid": 16711}, "geometry": {"type": "LineString", "coordinates": [[2.2918593, 48.8452965], [2.291903, 48.8452717]]}}, {"type": "Feature", "properties": {"highway": "footway", "footway": "sidewalk", "name": null, "surface": null, "lit": "yes", "length_m": 125.93, "type_element": "Way", "__fid": 16724}, "geometry": {"type": "LineString", "coordinates": [[2.291937233333543, 48.84118153333339], [2.2933194, 48.8418525]]}}, {"type": "Feature", "properties": {"highway": "footway", "footway": "crossing", "name": null, "surface": null, "lit": "yes", "length_m": 2.56, "type_element": "Way", "__fid": 16735}, "geometry": {"type": "LineString", "coordinates": [[2.291908199999936, 48.84535436666669], [2.2918912, 48.845334299999976]]}}, {"type": "Feature", "properties": {"highway": "living_street", "footway": null, "name": "Place du Commerce", "surface": "asphalt", "lit": "yes", "length_m": 10.01, "type_element": "Way", "__fid": 16736}, "geometry": {"type": "LineString", "coordinates": [[2.2918912, 48.845334299999976], [2.2920075, 48.8452872]]}}, {"type": "Feature", "properties": {"highway": "footway", "footway": "sidewalk", "name": null, "surface": null, "lit": null, "length_m": 100.95, "type_element": "Way", "__fid": 16745}, "geometry": {"type": "LineString", "coordinates": [[2.291903, 48.8452717], [2.291914, 48.845187], [2.2929532, 48.8447812], [2.292977000000171, 48.84476063333344]]}}, {"type": "Feature", "properties": {"highway": "footway", "footway": "sidewalk", "name": null, "surface": null, "lit": null, "length_m": 6.26, "type_element": "Way", "__fid": 16746}, "geometry": {"type": "LineString", "coordinates": [[2.291903, 48.8452717], [2.2919845, 48.8452551]]}}, {"type": "Feature", "properties": {"highway": "footway", "footway": "sidewalk", "name": null, "surface": "asphalt", "lit": null, "length_m": 4.31, "type_element": "Way", "__fid": 16755}, "geometry": {"type": "LineString", "coordinates": [[2.2919429, 48.8426407], [2.2919708785642, 48.842674815513824]]}}, {"type": "Feature", "properties": {"highway": "footway", "footway": "sidewalk", "name": null, "surface": "asphalt", "lit": null, "length_m": 10.99, "type_element": "Way", "__fid": 16756}, "geometry": {"type": "LineString", "coordinates": [[2.2920741, 48.842593], [2.2919429, 48.8426407]]}}, {"type": "Feature", "properties": {"highway": "footway", "footway": "sidewalk", "name": null, "surface": null, "lit": null, "length_m": 12.92, "type_element": "Way", "__fid": 16758}, "geometry": {"type": "LineString", "coordinates": [[2.291994166666562, 48.84545580000001], [2.291908199999936, 48.84535436666669]]}}, {"type": "Feature", "properties": {"highway": "footway", "footway": "sidewalk", "name": null, "surface": "asphalt", "lit": null, "length_m": 1.57, "type_element": "Way", "__fid": 16772}, "geometry": {"type": "LineString", "coordinates": [[2.2919818, 48.8428779], [2.2919671, 48.8428677]]}}, {"type": "Feature", "properties": {"highway": "footway", "footway": "crossing", "name": null, "surface": "asphalt", "lit": "yes", "length_m": 18.63, "type_element": "Way", "__fid": 16773}, "geometry": {"type": "LineString", "coordinates": [[2.2919708785642, 48.842674815513824], [2.2920918, 48.8428221]]}}, {"type": "Feature", "properties": {"highway": "steps", "footway": null, "name": null, "surface": "asphalt", "lit": null, "length_m": 12.64, "type_element": "Way", "__fid": 16774}, "geometry": {"type": "LineString", "coordinates": [[2.2920741, 48.842593], [2.2920672, 48.8426232], [2.2920086, 48.8426455], [2.2919708785642, 48.842674815513824]]}}, {"type": "Feature", "properties": {"highway": "footway", "footway": "sidewalk", "name": null, "surface": "asphalt", "lit": null, "length_m": 105.84, "type_element": "Way", "__fid": 16778}, "geometry": {"type": "LineString", "coordinates": [[2.2926137, 48.843662], [2.2926245, 48.8436204], [2.2924511, 48.8434201], [2.2923674, 48.84341710000001], [2.2920475, 48.8430496], [2.292092, 48.8429985], [2.2919818, 48.8428779]]}}, {"type": "Feature", "properties": {"highway": "footway", "footway": "crossing", "name": null, "surface": "asphalt", "lit": "yes", "length_m": 10.06, "type_element": "Way", "__fid": 16779}, "geometry": {"type": "LineString", "coordinates": [[2.2921037, 48.84283649999998], [2.2919818, 48.8428779]]}}, {"type": "Feature", "properties": {"highway": "living_street", "footway": null, "name": "Place du Commerce", "surface": "asphalt", "lit": "yes", "length_m": 3.95, "type_element": "Way", "__fid": 16790}, "geometry": {"type": "LineString", "coordinates": [[2.2920075, 48.8452872], [2.2919845, 48.8452551]]}}, {"type": "Feature", "properties": {"highway": "living_street", "footway": null, "name": "Place du Commerce", "surface": "asphalt", "lit": "yes", "length_m": 97.32, "type_element": "Way", "__fid": 16791}, "geometry": {"type": "LineString", "coordinates": [[2.2919845, 48.8452551], [2.291964, 48.8452201], [2.2919783, 48.845185], [2.293025, 48.8447789]]}}, {"type": "Feature", "properties": {"highway": "footway", "footway": "sidewalk", "name": null, "surface": null, "lit": null, "length_m": 7.22, "type_element": "Way", "__fid": 16792}, "geometry": {"type": "LineString", "coordinates": [[2.2919845, 48.8452551], [2.2920782, 48.8452354]]}}, {"type": "Feature", "properties": {"highway": "footway", "footway": "crossing", "name": null, "surface": null, "lit": "yes", "length_m": 1.11, "type_element": "Way", "__fid": 16797}, "geometry": {"type": "LineString", "coordinates": [[2.2920016, 48.845464499999984], [2.291994166666562, 48.84545580000001]]}}, {"type": "Feature", "properties": {"highway": "footway", "footway": "crossing", "name": null, "surface": null, "lit": "yes", "length_m": 1.8, "type_element": "Way", "__fid": 16799}, "geometry": {"type": "LineString", "coordinates": [[2.292013566666567, 48.84547866666669], [2.2920016, 48.845464499999984]]}}, {"type": "Feature", "properties": {"highway": "living_street", "footway": null, "name": "Place du Commerce", "surface": "asphalt", "lit": "yes", "length_m": 11.19, "type_element": "Way", "__fid": 16800}, "geometry": {"type": "LineString", "coordinates": [[2.292133, 48.8454134], [2.2920016, 48.845464499999984]]}}, {"type": "Feature", "properties": {"highway": "living_street", "footway": null, "name": "Place du Commerce", "surface": "asphalt", "lit": "yes", "length_m": 16.79, "type_element": "Way", "__fid": 16801}, "geometry": {"type": "LineString", "coordinates": [[2.292133, 48.8454134], [2.2920075, 48.8452872]]}}, {"type": "Feature", "properties": {"highway": "footway", "footway": "sidewalk", "name": null, "surface": null, "lit": null, "length_m": 7.03, "type_element": "Way", "__fid": 16802}, "geometry": {"type": "LineString", "coordinates": [[2.292013566666567, 48.84547866666669], [2.2920729, 48.84546090000001], [2.2921035, 48.84546139999998]]}}, {"type": "Feature", "properties": {"highway": "footway", "footway": "sidewalk", "name": null, "surface": "asphalt", "lit": null, "length_m": 10.85, "type_element": "Way", "__fid": 16818}, "geometry": {"type": "LineString", "coordinates": [[2.2922036, 48.8425459], [2.2920741, 48.842593]]}}, {"type": "Feature", "properties": {"highway": "footway", "footway": "sidewalk", "name": null, "surface": "asphalt", "lit": null, "length_m": 1.82, "type_element": "Way", "__fid": 16825}, "geometry": {"type": "LineString", "coordinates": [[2.2920918, 48.8428221], [2.2921037, 48.84283649999998]]}}, {"type": "Feature", "properties": {"highway": "footway", "footway": "sidewalk", "name": null, "surface": "asphalt", "lit": null, "length_m": 11.11, "type_element": "Way", "__fid": 16826}, "geometry": {"type": "LineString", "coordinates": [[2.2922239, 48.842773399999984], [2.2920918, 48.8428221]]}}, {"type": "Feature", "properties": {"highway": "footway", "footway": "sidewalk", "name": null, "surface": "asphalt", "lit": null, "length_m": 12.53, "type_element": "Way", "__fid": 16839}, "geometry": {"type": "LineString", "coordinates": [[2.2921037, 48.84283649999998], [2.292185, 48.84293559999998]]}}, {"type": "Feature", "properties": {"highway": "footway", "footway": "sidewalk", "name": null, "surface": null, "lit": null, "length_m": 22.52, "type_element": "Way", "__fid": 16845}, "geometry": {"type": "LineString", "coordinates": [[2.2922348, 48.8454096], [2.2920782, 48.8452354]]}}, {"type": "Feature", "properties": {"highway": "footway", "footway": "sidewalk", "name": null, "surface": null, "lit": null, "length_m": 41.58, "type_element": "Way", "__fid": 16846}, "geometry": {"type": "LineString", "coordinates": [[2.2925007, 48.8450317], [2.2920549, 48.8452095], [2.2920782, 48.8452354]]}}, {"type": "Feature", "properties": {"highway": "footway", "footway": "sidewalk", "name": null, "surface": null, "lit": null, "length_m": 158.11, "type_element": "Way", "__fid": 16858}, "geometry": {"type": "LineString", "coordinates": [[2.2921035, 48.84546139999998], [2.2921911, 48.8455324], [2.2922788, 48.8455179], [2.2939435, 48.8448796]]}}, {"type": "Feature", "properties": {"highway": "footway", "footway": "crossing", "name": null, "surface": null, "lit": "yes", "length_m": 4.54, "type_element": "Way", "__fid": 16859}, "geometry": {"type": "LineString", "coordinates": [[2.2921035, 48.84546139999998], [2.2921565, 48.8454404]]}}, {"type": "Feature", "properties": {"highway": "living_street", "footway": null, "name": "Place du Commerce", "surface": "asphalt", "lit": "yes", "length_m": 3.46, "type_element": "Way", "__fid": 16879}, "geometry": {"type": "LineString", "coordinates": [[2.2921565, 48.8454404], [2.292133, 48.8454134]]}}, {"type": "Feature", "properties": {"highway": "footway", "footway": "sidewalk", "name": null, "surface": "asphalt", "lit": null, "length_m": 9.47, "type_element": "Way", "__fid": 16888}, "geometry": {"type": "LineString", "coordinates": [[2.292185, 48.84293559999998], [2.2922465, 48.8430105]]}}, {"type": "Feature", "properties": {"highway": "footway", "footway": null, "name": null, "surface": "paving_stones", "lit": null, "length_m": 7.33, "type_element": "Way", "__fid": 16889}, "geometry": {"type": "LineString", "coordinates": [[2.2922723, 48.8429035], [2.292185, 48.84293559999998]]}}, {"type": "Feature", "properties": {"highway": "living_street", "footway": null, "name": "Place du Commerce", "surface": "asphalt", "lit": "yes", "length_m": 152.59, "type_element": "Way", "__fid": 16895}, "geometry": {"type": "LineString", "coordinates": [[2.2939239, 48.844856], [2.2922534, 48.8455016], [2.2922003, 48.8454905], [2.2921565, 48.8454404]]}}, {"type": "Feature", "properties": {"highway": "footway", "footway": "sidewalk", "name": null, "surface": null, "lit": null, "length_m": 6.69, "type_element": "Way", "__fid": 16896}, "geometry": {"type": "LineString", "coordinates": [[2.2921565, 48.8454404], [2.2922348, 48.8454096]]}}, {"type": "Feature", "properties": {"highway": "footway", "footway": "sidewalk", "name": null, "surface": "asphalt", "lit": "yes", "length_m": 2.72, "type_element": "Way", "__fid": 16898}, "geometry": {"type": "LineString", "coordinates": [[2.2922036, 48.8425459], [2.2922202, 48.8425678]]}}, {"type": "Feature", "properties": {"highway": "footway", "footway": "sidewalk", "name": null, "surface": "asphalt", "lit": null, "length_m": 18.97, "type_element": "Way", "__fid": 16903}, "geometry": {"type": "LineString", "coordinates": [[2.2921586, 48.8469353], [2.2924164, 48.8469477]]}}, {"type": "Feature", "properties": {"highway": "footway", "footway": "crossing", "name": null, "surface": null, "lit": "yes", "length_m": 15.6, "type_element": "Way", "__fid": 16904}, "geometry": {"type": "LineString", "coordinates": [[2.2921978, 48.8467974], [2.2921586, 48.8469353]]}}, {"type": "Feature", "properties": {"highway": "footway", "footway": "crossing", "name": null, "surface": "asphalt", "lit": "yes", "length_m": 20.11, "type_element": "Way", "__fid": 16905}, "geometry": {"type": "LineString", "coordinates": [[2.2922202, 48.8425678], [2.2923432, 48.8427294]]}}, {"type": "Feature", "properties": {"highway": "footway", "footway": "sidewalk", "name": null, "surface": "asphalt", "lit": null, "length_m": 16.56, "type_element": "Way", "__fid": 16906}, "geometry": {"type": "LineString", "coordinates": [[2.2924215, 48.8425005], [2.2922202, 48.8425678]]}}, {"type": "Feature", "properties": {"highway": "footway", "footway": null, "name": null, "surface": "paving_stones", "lit": null, "length_m": 9.43, "type_element": "Way", "__fid": 16911}, "geometry": {"type": "LineString", "coordinates": [[2.2922239, 48.842773399999984], [2.2922864, 48.842847499999976]]}}, {"type": "Feature", "properties": {"highway": "footway", "footway": "sidewalk", "name": null, "surface": "asphalt", "lit": null, "length_m": 10.03, "type_element": "Way", "__fid": 16912}, "geometry": {"type": "LineString", "coordinates": [[2.2923432, 48.8427294], [2.2922239, 48.842773399999984]]}}, {"type": "Feature", "properties": {"highway": "footway", "footway": "sidewalk", "name": null, "surface": "asphalt", "lit": null, "length_m": 77.89, "type_element": "Way", "__fid": 16924}, "geometry": {"type": "LineString", "coordinates": [[2.2927775, 48.843617], [2.2922465, 48.8430105]]}}, {"type": "Feature", "properties": {"highway": "footway", "footway": "sidewalk", "name": null, "surface": "asphalt", "lit": null, "length_m": 7.32, "type_element": "Way", "__fid": 16925}, "geometry": {"type": "LineString", "coordinates": [[2.2922465, 48.8430105], [2.2923332, 48.842978]]}}, {"type": "Feature", "properties": {"highway": "footway", "footway": "crossing", "name": null, "surface": null, "lit": "yes", "length_m": 16.9, "type_element": "Way", "__fid": 16932}, "geometry": {"type": "LineString", "coordinates": [[2.2921978, 48.8467974], [2.2924275, 48.8468086]]}}, {"type": "Feature", "properties": {"highway": "footway", "footway": "sidewalk", "name": null, "surface": null, "lit": null, "length_m": 46.17, "type_element": "Way", "__fid": 16943}, "geometry": {"type": "LineString", "coordinates": [[2.2922348, 48.8454096], [2.2922715, 48.8454505], [2.2927514, 48.8452638]]}}, {"type": "Feature", "properties": {"highway": "footway", "footway": null, "name": null, "surface": "paving_stones", "lit": null, "length_m": 9.41, "type_element": "Way", "__fid": 16946}, "geometry": {"type": "LineString", "coordinates": [[2.2922723, 48.8429035], [2.2923332, 48.842978]]}}, {"type": "Feature", "properties": {"highway": "footway", "footway": null, "name": null, "surface": "paving_stones", "lit": null, "length_m": 8.79, "type_element": "Way", "__fid": 16947}, "geometry": {"type": "LineString", "coordinates": [[2.2922864, 48.842847499999976], [2.2922405, 48.84286449999998], [2.2922723, 48.8429035]]}}, {"type": "Feature", "properties": {"highway": "footway", "footway": null, "name": null, "surface": "paving_stones", "lit": null, "length_m": 8.43, "type_element": "Way", "__fid": 16951}, "geometry": {"type": "LineString", "coordinates": [[2.2922864, 48.842847499999976], [2.2923278, 48.8428322], [2.2923613, 48.8428708]]}}, {"type": "Feature", "properties": {"highway": "living_street", "footway": null, "name": "Passage des Entrepreneurs", "surface": "asphalt", "lit": "yes", "length_m": 6.12, "type_element": "Way", "__fid": 16983}, "geometry": {"type": "LineString", "coordinates": [[2.2923492, 48.8440029], [2.2923075, 48.84395519999999]]}}, {"type": "Feature", "properties": {"highway": "footway", "footway": "sidewalk", "name": null, "surface": "asphalt", "lit": null, "length_m": 7.52, "type_element": "Way", "__fid": 16993}, "geometry": {"type": "LineString", "coordinates": [[2.2923332, 48.842978], [2.2924224, 48.8429447]]}}, {"type": "Feature", "properties": {"highway": "footway", "footway": "sidewalk", "name": null, "surface": null, "lit": null, "length_m": 58.56, "type_element": "Way", "__fid": 16996}, "geometry": {"type": "LineString", "coordinates": [[2.292324100000084, 48.84401250000004], [2.292716966666771, 48.844470933333405]]}}, {"type": "Feature", "properties": {"highway": "footway", "footway": "crossing", "name": null, "surface": "asphalt", "lit": "yes", "length_m": 2.13, "type_element": "Way", "__fid": 16997}, "geometry": {"type": "LineString", "coordinates": [[2.2923492, 48.8440029], [2.292324100000084, 48.84401250000004]]}}, {"type": "Feature", "properties": {"highway": "footway", "footway": "sidewalk", "name": null, "surface": "asphalt", "lit": null, "length_m": 7.66, "type_element": "Way", "__fid": 16998}, "geometry": {"type": "LineString", "coordinates": [[2.2924136, 48.8427803], [2.2923432, 48.8427294]]}}, {"type": "Feature", "properties": {"highway": "footway", "footway": null, "name": null, "surface": "paving_stones", "lit": null, "length_m": 9.36, "type_element": "Way", "__fid": 17013}, "geometry": {"type": "LineString", "coordinates": [[2.2923613, 48.8428708], [2.2924224, 48.8429447]]}}, {"type": "Feature", "properties": {"highway": "footway", "footway": null, "name": null, "surface": "paving_stones", "lit": null, "length_m": 8.26, "type_element": "Way", "__fid": 17014}, "geometry": {"type": "LineString", "coordinates": [[2.2923613, 48.8428708], [2.2924596, 48.84283460000001]]}}, {"type": "Feature", "properties": {"highway": "living_street", "footway": null, "name": "Passage des Entrepreneurs", "surface": "asphalt", "lit": "yes", "length_m": 58.54, "type_element": "Way", "__fid": 17016}, "geometry": {"type": "LineString", "coordinates": [[2.2927418, 48.8444612], [2.2923492, 48.8440029]]}}, {"type": "Feature", "properties": {"highway": "footway", "footway": "crossing", "name": null, "surface": "asphalt", "lit": "yes", "length_m": 4.14, "type_element": "Way", "__fid": 17017}, "geometry": {"type": "LineString", "coordinates": [[2.292398, 48.8439843], [2.2923492, 48.8440029]]}}, {"type": "Feature", "properties": {"highway": "footway", "footway": "sidewalk", "name": null, "surface": "asphalt", "lit": null, "length_m": 6.92, "type_element": "Way", "__fid": 17034}, "geometry": {"type": "LineString", "coordinates": [[2.2924596, 48.84283460000001], [2.2924136, 48.8427803]]}}, {"type": "Feature", "properties": {"highway": "footway", "footway": "sidewalk", "name": null, "surface": "asphalt", "lit": null, "length_m": 14.54, "type_element": "Way", "__fid": 17035}, "geometry": {"type": "LineString", "coordinates": [[2.2925892, 48.8427198], [2.2924136, 48.8427803]]}}, {"type": "Feature", "properties": {"highway": "footway", "footway": "sidewalk", "name": null, "surface": null, "lit": null, "length_m": 59.09, "type_element": "Way", "__fid": 17036}, "geometry": {"type": "LineString", "coordinates": [[2.292398, 48.8439843], [2.2923934, 48.8440097], [2.292767966666839, 48.84445096666677]]}}, {"type": "Feature", "properties": {"highway": "footway", "footway": "sidewalk", "name": null, "surface": "asphalt", "lit": null, "length_m": 21.77, "type_element": "Way", "__fid": 17037}, "geometry": {"type": "LineString", "coordinates": [[2.292637399999781, 48.84386930000004], [2.2924579, 48.843949], [2.292398, 48.8439843]]}}, {"type": "Feature", "properties": {"highway": "footway", "footway": "sidewalk", "name": null, "surface": "asphalt", "lit": null, "length_m": 27.31, "type_element": "Way", "__fid": 17039}, "geometry": {"type": "LineString", "coordinates": [[2.2925892, 48.8427198], [2.2924215, 48.8425005]]}}, {"type": "Feature", "properties": {"highway": "footway", "footway": "sidewalk", "name": null, "surface": "asphalt", "lit": null, "length_m": 8.34, "type_element": "Way", "__fid": 17040}, "geometry": {"type": "LineString", "coordinates": [[2.2924224, 48.8429447], [2.2925213, 48.8429077]]}}, {"type": "Feature", "properties": {"highway": "footway", "footway": "sidewalk", "name": null, "surface": "asphalt", "lit": null, "length_m": 9.3, "type_element": "Way", "__fid": 17048}, "geometry": {"type": "LineString", "coordinates": [[2.2925213, 48.8429077], [2.2924596, 48.84283460000001]]}}, {"type": "Feature", "properties": {"highway": "footway", "footway": "crossing", "name": null, "surface": null, "lit": "yes", "length_m": 14.17, "type_element": "Way", "__fid": 17054}, "geometry": {"type": "LineString", "coordinates": [[2.2924164, 48.8469477], [2.2926082, 48.8469627]]}}, {"type": "Feature", "properties": {"highway": "footway", "footway": "sidewalk", "name": null, "surface": "asphalt", "lit": null, "length_m": 20.48, "type_element": "Way", "__fid": 17055}, "geometry": {"type": "LineString", "coordinates": [[2.2925589, 48.8471061], [2.2924164, 48.8469477]]}}, {"type": "Feature", "properties": {"highway": "footway", "footway": "sidewalk", "name": null, "surface": null, "lit": null, "length_m": 14.0, "type_element": "Way", "__fid": 17059}, "geometry": {"type": "LineString", "coordinates": [[2.2924275, 48.8468086], [2.2926178, 48.8468179]]}}, {"type": "Feature", "properties": {"highway": "footway", "footway": "sidewalk", "name": null, "surface": "asphalt", "lit": null, "length_m": 77.87, "type_element": "Way", "__fid": 17092}, "geometry": {"type": "LineString", "coordinates": [[2.2925213, 48.8429077], [2.2930481, 48.84351560000001]]}}, {"type": "Feature", "properties": {"highway": "footway", "footway": null, "name": null, "surface": "dirt", "lit": null, "length_m": 9.38, "type_element": "Way", "__fid": 17098}, "geometry": {"type": "LineString", "coordinates": [[2.2925678, 48.845103500000015], [2.2925007, 48.8450317]]}}, {"type": "Feature", "properties": {"highway": "footway", "footway": "sidewalk", "name": null, "surface": null, "lit": null, "length_m": 52.71, "type_element": "Way", "__fid": 17099}, "geometry": {"type": "LineString", "coordinates": [[2.2931154, 48.8447866], [2.2925007, 48.8450317]]}}, {"type": "Feature", "properties": {"highway": "footway", "footway": "sidewalk", "name": null, "surface": "asphalt", "lit": null, "length_m": 91.96, "type_element": "Way", "__fid": 17132}, "geometry": {"type": "LineString", "coordinates": [[2.2925892, 48.8427198], [2.2927461, 48.8429229], [2.2927111, 48.84296710000002], [2.2931065, 48.84341890000001], [2.2931448, 48.8434296]]}}, {"type": "Feature", "properties": {"highway": "footway", "footway": "crossing", "name": null, "surface": "asphalt", "lit": "yes", "length_m": 7.8, "type_element": "Way", "__fid": 17139}, "geometry": {"type": "LineString", "coordinates": [[2.292585366666529, 48.84380813333336], [2.292637399999781, 48.84386930000004]]}}, {"type": "Feature", "properties": {"highway": "footway", "footway": "sidewalk", "name": null, "surface": "asphalt", "lit": null, "length_m": 16.38, "type_element": "Way", "__fid": 17140}, "geometry": {"type": "LineString", "coordinates": [[2.2926137, 48.843662], [2.292585366666529, 48.84380813333336]]}}, {"type": "Feature", "properties": {"highway": "footway", "footway": null, "name": null, "surface": "dirt", "lit": null, "length_m": 13.06, "type_element": "Way", "__fid": 17141}, "geometry": {"type": "LineString", "coordinates": [[2.2926639, 48.8452024], [2.2925678, 48.845103500000015]]}}, {"type": "Feature", "properties": {"highway": "footway", "footway": null, "name": null, "surface": "dirt", "lit": null, "length_m": 22.74, "type_element": "Way", "__fid": 17142}, "geometry": {"type": "LineString", "coordinates": [[2.2925678, 48.845103500000015], [2.2928309, 48.8449954]]}}, {"type": "Feature", "properties": {"highway": "footway", "footway": "crossing", "name": null, "surface": null, "lit": "yes", "length_m": 8.48, "type_element": "Way", "__fid": 17150}, "geometry": {"type": "LineString", "coordinates": [[2.292605899999785, 48.847210266666714], [2.292548599999841, 48.847144]]}}, {"type": "Feature", "properties": {"highway": "footway", "footway": "sidewalk", "name": null, "surface": "asphalt", "lit": "yes", "length_m": 4.28, "type_element": "Way", "__fid": 17151}, "geometry": {"type": "LineString", "coordinates": [[2.292548599999841, 48.847144], [2.2925589, 48.8471061]]}}, {"type": "Feature", "properties": {"highway": "footway", "footway": null, "name": null, "surface": null, "lit": null, "length_m": 11.74, "type_element": "Way", "__fid": 17159}, "geometry": {"type": "LineString", "coordinates": [[2.2925589, 48.8471061], [2.292629, 48.8470856], [2.2927123, 48.84708550000002]]}}, {"type": "Feature", "properties": {"highway": "footway", "footway": "crossing", "name": null, "surface": "asphalt", "lit": "yes", "length_m": 13.43, "type_element": "Way", "__fid": 17161}, "geometry": {"type": "LineString", "coordinates": [[2.2927775, 48.843617], [2.292651, 48.84366449999999], [2.2926137, 48.843662]]}}, {"type": "Feature", "properties": {"highway": "footway", "footway": "sidewalk", "name": null, "surface": "asphalt", "lit": null, "length_m": 31.84, "type_element": "Way", "__fid": 17175}, "geometry": {"type": "LineString", "coordinates": [[2.292637399999781, 48.84386930000004], [2.2926418, 48.8438745], [2.292947, 48.8437517], [2.2930141, 48.8437552]]}}, {"type": "Feature", "properties": {"highway": "footway", "footway": null, "name": null, "surface": null, "lit": null, "length_m": 14.55, "type_element": "Way", "__fid": 17181}, "geometry": {"type": "LineString", "coordinates": [[2.2926082, 48.8469627], [2.292803, 48.84698709999998]]}}, {"type": "Feature", "properties": {"highway": "footway", "footway": null, "name": null, "surface": null, "lit": null, "length_m": 15.65, "type_element": "Way", "__fid": 17182}, "geometry": {"type": "LineString", "coordinates": [[2.2927123, 48.84708550000002], [2.2926082, 48.8469627]]}}, {"type": "Feature", "properties": {"highway": "footway", "footway": "crossing", "name": null, "surface": null, "lit": "yes", "length_m": 16.12, "type_element": "Way", "__fid": 17183}, "geometry": {"type": "LineString", "coordinates": [[2.2926178, 48.8468179], [2.2926082, 48.8469627]]}}, {"type": "Feature", "properties": {"highway": "footway", "footway": "sidewalk", "name": null, "surface": "asphalt", "lit": "yes", "length_m": 3.15, "type_element": "Way", "__fid": 17184}, "geometry": {"type": "LineString", "coordinates": [[2.292647400000094, 48.84721763333337], [2.292605899999785, 48.847210266666714]]}}, {"type": "Feature", "properties": {"highway": "footway", "footway": "sidewalk", "name": null, "surface": "asphalt", "lit": null, "length_m": 49.04, "type_element": "Way", "__fid": 17187}, "geometry": {"type": "LineString", "coordinates": [[2.2932842, 48.8468503], [2.2926178, 48.8468179]]}}, {"type": "Feature", "properties": {"highway": "footway", "footway": null, "name": null, "surface": "dirt", "lit": null, "length_m": 9.37, "type_element": "Way", "__fid": 17198}, "geometry": {"type": "LineString", "coordinates": [[2.2926639, 48.8452024], [2.2927514, 48.8452638]]}}, {"type": "Feature", "properties": {"highway": "footway", "footway": null, "name": null, "surface": "dirt", "lit": null, "length_m": 22.32, "type_element": "Way", "__fid": 17199}, "geometry": {"type": "LineString", "coordinates": [[2.2929265, 48.8451011], [2.2926639, 48.8452024]]}}, {"type": "Feature", "properties": {"highway": "footway", "footway": "sidewalk", "name": null, "surface": "asphalt", "lit": null, "length_m": 98.09, "type_element": "Way", "__fid": 17205}, "geometry": {"type": "LineString", "coordinates": [[2.2933177, 48.84797579999998], [2.2928881, 48.8474817], [2.292855, 48.8474712], [2.292647400000094, 48.84721763333337]]}}, {"type": "Feature", "properties": {"highway": "footway", "footway": "crossing", "name": null, "surface": null, "lit": "yes", "length_m": 9.38, "type_element": "Way", "__fid": 17206}, "geometry": {"type": "LineString", "coordinates": [[2.292647400000094, 48.84721763333337], [2.2927415, 48.8471606]]}}, {"type": "Feature", "properties": {"highway": "footway", "footway": "sidewalk", "name": null, "surface": null, "lit": "yes", "length_m": 3.46, "type_element": "Way", "__fid": 17227}, "geometry": {"type": "LineString", "coordinates": [[2.292716966666771, 48.844470933333405], [2.292728933333242, 48.8445010666667]]}}, {"type": "Feature", "properties": {"highway": "footway", "footway": "crossing", "name": null, "surface": null, "lit": "yes", "length_m": 2.12, "type_element": "Way", "__fid": 17228}, "geometry": {"type": "LineString", "coordinates": [[2.292716966666771, 48.844470933333405], [2.2927418, 48.8444612]]}}, {"type": "Feature", "properties": {"highway": "footway", "footway": "crossing", "name": null, "surface": null, "lit": "yes", "length_m": 2.78, "type_element": "Way", "__fid": 17231}, "geometry": {"type": "LineString", "coordinates": [[2.292728933333242, 48.8445010666667], [2.2927483, 48.8445226]]}}, {"type": "Feature", "properties": {"highway": "living_street", "footway": null, "name": "Passage des Entrepreneurs", "surface": "asphalt", "lit": "yes", "length_m": 6.12, "type_element": "Way", "__fid": 17236}, "geometry": {"type": "LineString", "coordinates": [[2.2927835, 48.8445089], [2.2927418, 48.8444612]]}}, {"type": "Feature", "properties": {"highway": "footway", "footway": "crossing", "name": null, "surface": null, "lit": "yes", "length_m": 2.23, "type_element": "Way", "__fid": 17237}, "geometry": {"type": "LineString", "coordinates": [[2.2927418, 48.8444612], [2.292767966666839, 48.84445096666677]]}}, {"type": "Feature", "properties": {"highway": "footway", "footway": "crossing", "name": null, "surface": null, "lit": null, "length_m": 7.78, "type_element": "Way", "__fid": 17241}, "geometry": {"type": "LineString", "coordinates": [[2.2927653, 48.84714610000001], [2.2927123, 48.84708550000002]]}}, {"type": "Feature", "properties": {"highway": "footway", "footway": null, "name": null, "surface": null, "lit": null, "length_m": 9.92, "type_element": "Way", "__fid": 17242}, "geometry": {"type": "LineString", "coordinates": [[2.292832, 48.8470441], [2.2927123, 48.84708550000002]]}}, {"type": "Feature", "properties": {"highway": "footway", "footway": "crossing", "name": null, "surface": null, "lit": "yes", "length_m": 2.4, "type_element": "Way", "__fid": 17244}, "geometry": {"type": "LineString", "coordinates": [[2.2927483, 48.8445226], [2.29276496666659, 48.84454116666668]]}}, {"type": "Feature", "properties": {"highway": "living_street", "footway": null, "name": "Passage des Écoliers", "surface": "asphalt", "lit": "yes", "length_m": 3.0, "type_element": "Way", "__fid": 17245}, "geometry": {"type": "LineString", "coordinates": [[2.2927483, 48.8445226], [2.2927835, 48.8445089]]}}, {"type": "Feature", "properties": {"highway": "footway", "footway": "sidewalk", "name": null, "surface": null, "lit": null, "length_m": 59.89, "type_element": "Way", "__fid": 17259}, "geometry": {"type": "LineString", "coordinates": [[2.2927514, 48.8452638], [2.2934545, 48.8449904]]}}, {"type": "Feature", "properties": {"highway": "footway", "footway": "sidewalk", "name": null, "surface": "asphalt", "lit": null, "length_m": 19.34, "type_element": "Way", "__fid": 17261}, "geometry": {"type": "LineString", "coordinates": [[2.2930066, 48.8435311], [2.2927775, 48.843617]]}}, {"type": "Feature", "properties": {"highway": "footway", "footway": "sidewalk", "name": null, "surface": "asphalt", "lit": null, "length_m": 29.45, "type_element": "Way", "__fid": 17262}, "geometry": {"type": "LineString", "coordinates": [[2.29276496666659, 48.84454116666668], [2.2927839, 48.844543], [2.2927973, 48.844556], [2.292977000000171, 48.84476063333344]]}}, {"type": "Feature", "properties": {"highway": "footway", "footway": "sidewalk", "name": null, "surface": null, "lit": null, "length_m": 38.28, "type_element": "Way", "__fid": 17263}, "geometry": {"type": "LineString", "coordinates": [[2.292767966666839, 48.84445096666677], [2.2927747, 48.8444483], [2.2928515, 48.844534899999985], [2.293025300000104, 48.8447442333334]]}}, {"type": "Feature", "properties": {"highway": "footway", "footway": "sidewalk", "name": null, "surface": "asphalt", "lit": "yes", "length_m": 99.79, "type_element": "Way", "__fid": 17274}, "geometry": {"type": "LineString", "coordinates": [[2.2927415, 48.8471606], [2.2934212, 48.84793790000001]]}}, {"type": "Feature", "properties": {"highway": "footway", "footway": "sidewalk", "name": null, "surface": null, "lit": null, "length_m": 2.38, "type_element": "Way", "__fid": 17275}, "geometry": {"type": "LineString", "coordinates": [[2.2927415, 48.8471606], [2.2927653, 48.84714610000001]]}}, {"type": "Feature", "properties": {"highway": "living_street", "footway": null, "name": "Passage des Entrepreneurs", "surface": "asphalt", "lit": "yes", "length_m": 31.44, "type_element": "Way", "__fid": 17279}, "geometry": {"type": "LineString", "coordinates": [[2.2930017, 48.8447522], [2.2927835, 48.8445089]]}}, {"type": "Feature", "properties": {"highway": "footway", "footway": "sidewalk", "name": null, "surface": "asphalt", "lit": null, "length_m": 34.36, "type_element": "Way", "__fid": 17283}, "geometry": {"type": "LineString", "coordinates": [[2.2931701, 48.8469908], [2.2927653, 48.84714610000001]]}}, {"type": "Feature", "properties": {"highway": "footway", "footway": null, "name": null, "surface": null, "lit": null, "length_m": 6.69, "type_element": "Way", "__fid": 17304}, "geometry": {"type": "LineString", "coordinates": [[2.292832, 48.8470441], [2.292803, 48.84698709999998]]}}, {"type": "Feature", "properties": {"highway": "footway", "footway": null, "name": null, "surface": null, "lit": null, "length_m": 15.66, "type_element": "Way", "__fid": 17305}, "geometry": {"type": "LineString", "coordinates": [[2.292803, 48.84698709999998], [2.2929077, 48.8469563], [2.2930013, 48.8469771]]}}, {"type": "Feature", "properties": {"highway": "footway", "footway": null, "name": null, "surface": "dirt", "lit": null, "length_m": 13.69, "type_element": "Way", "__fid": 17306}, "geometry": {"type": "LineString", "coordinates": [[2.2929265, 48.8451011], [2.2928309, 48.8449954]]}}, {"type": "Feature", "properties": {"highway": "footway", "footway": null, "name": null, "surface": "dirt", "lit": null, "length_m": 20.52, "type_element": "Way", "__fid": 17307}, "geometry": {"type": "LineString", "coordinates": [[2.2928309, 48.8449954], [2.2930721, 48.8449021]]}}, {"type": "Feature", "properties": {"highway": "footway", "footway": null, "name": null, "surface": null, "lit": null, "length_m": 14.49, "type_element": "Way", "__fid": 17322}, "geometry": {"type": "LineString", "coordinates": [[2.2930013, 48.8469771], [2.292832, 48.8470441]]}}, {"type": "Feature", "properties": {"highway": "footway", "footway": null, "name": null, "surface": "dirt", "lit": null, "length_m": 20.33, "type_element": "Way", "__fid": 17346}, "geometry": {"type": "LineString", "coordinates": [[2.2931638, 48.8450068], [2.2929265, 48.8451011]]}}, {"type": "Feature", "properties": {"highway": "footway", "footway": "crossing", "name": null, "surface": null, "lit": "yes", "length_m": 2.04, "type_element": "Way", "__fid": 17375}, "geometry": {"type": "LineString", "coordinates": [[2.292977000000171, 48.84476063333344], [2.2930017, 48.8447522]]}}, {"type": "Feature", "properties": {"highway": "footway", "footway": "crossing", "name": null, "surface": "asphalt", "lit": "yes", "length_m": 18.42, "type_element": "Way", "__fid": 17384}, "geometry": {"type": "LineString", "coordinates": [[2.2930066, 48.8435311], [2.293132299999786, 48.84367453333337]]}}, {"type": "Feature", "properties": {"highway": "footway", "footway": "sidewalk", "name": null, "surface": "asphalt", "lit": null, "length_m": 3.5, "type_element": "Way", "__fid": 17385}, "geometry": {"type": "LineString", "coordinates": [[2.2930066, 48.8435311], [2.2930481, 48.84351560000001]]}}, {"type": "Feature", "properties": {"highway": "living_street", "footway": null, "name": "Rue du Commerce", "surface": "asphalt", "lit": "yes", "length_m": 7.67, "type_element": "Way", "__fid": 17388}, "geometry": {"type": "LineString", "coordinates": [[2.2930588, 48.8437375], [2.293009, 48.8436769]]}}, {"type": "Feature", "properties": {"highway": "footway", "footway": "sidewalk", "name": null, "surface": "asphalt", "lit": "yes", "length_m": 92.84, "type_element": "Way", "__fid": 17393}, "geometry": {"type": "LineString", "coordinates": [[2.2930141, 48.8437552], [2.2931461, 48.8439135], [2.2931451, 48.8439309], [2.2932237, 48.8440221], [2.2932455, 48.8440302], [2.293579, 48.8444315], [2.2935992, 48.8444368], [2.293631, 48.8444747]]}}, {"type": "Feature", "properties": {"highway": "footway", "footway": "crossing", "name": null, "surface": "asphalt", "lit": "yes", "length_m": 3.83, "type_element": "Way", "__fid": 17394}, "geometry": {"type": "LineString", "coordinates": [[2.2930141, 48.8437552], [2.2930588, 48.8437375]]}}, {"type": "Feature", "properties": {"highway": "living_street", "footway": null, "name": "Passage des Entrepreneurs", "surface": "asphalt", "lit": "yes", "length_m": 3.43, "type_element": "Way", "__fid": 17395}, "geometry": {"type": "LineString", "coordinates": [[2.293025, 48.8447789], [2.2930017, 48.8447522]]}}, {"type": "Feature", "properties": {"highway": "footway", "footway": "crossing", "name": null, "surface": null, "lit": "yes", "length_m": 1.95, "type_element": "Way", "__fid": 17396}, "geometry": {"type": "LineString", "coordinates": [[2.2930017, 48.8447522], [2.293025300000104, 48.8447442333334]]}}, {"type": "Feature", "properties": {"highway": "footway", "footway": "sidewalk", "name": null, "surface": null, "lit": null, "length_m": 3.18, "type_element": "Way", "__fid": 17409}, "geometry": {"type": "LineString", "coordinates": [[2.293025300000104, 48.8447442333334], [2.2930661, 48.84473460000001]]}}, {"type": "Feature", "properties": {"highway": "living_street", "footway": null, "name": "Place du Commerce", "surface": "asphalt", "lit": "yes", "length_m": 5.17, "type_element": "Way", "__fid": 17412}, "geometry": {"type": "LineString", "coordinates": [[2.293025, 48.8447789], [2.2930853, 48.8447548]]}}, {"type": "Feature", "properties": {"highway": "footway", "footway": "crossing", "name": null, "surface": "asphalt", "lit": "yes", "length_m": 11.91, "type_element": "Way", "__fid": 17414}, "geometry": {"type": "LineString", "coordinates": [[2.2931448, 48.8434296], [2.2930481, 48.84351560000001]]}}, {"type": "Feature", "properties": {"highway": "footway", "footway": "crossing", "name": null, "surface": "asphalt", "lit": null, "length_m": 12.48, "type_element": "Way", "__fid": 17415}, "geometry": {"type": "LineString", "coordinates": [[2.2931701, 48.8469908], [2.2930013, 48.8469771]]}}, {"type": "Feature", "properties": {"highway": "footway", "footway": null, "name": null, "surface": "compacted", "lit": null, "length_m": 6.53, "type_element": "Way", "__fid": 17421}, "geometry": {"type": "LineString", "coordinates": [[2.2930396, 48.8449823], [2.2931155, 48.84495170000002]]}}, {"type": "Feature", "properties": {"highway": "living_street", "footway": null, "name": "Rue du Commerce", "surface": "asphalt", "lit": "yes", "length_m": 92.1, "type_element": "Way", "__fid": 17426}, "geometry": {"type": "LineString", "coordinates": [[2.2936796, 48.8444573], [2.2930588, 48.8437375]]}}, {"type": "Feature", "properties": {"highway": "footway", "footway": "sidewalk", "name": null, "surface": "asphalt", "lit": null, "length_m": 3.82, "type_element": "Way", "__fid": 17427}, "geometry": {"type": "LineString", "coordinates": [[2.2931034, 48.8437198], [2.2930588, 48.8437375]]}}, {"type": "Feature", "properties": {"highway": "footway", "footway": "crossing", "name": null, "surface": null, "lit": "yes", "length_m": 2.65, "type_element": "Way", "__fid": 17445}, "geometry": {"type": "LineString", "coordinates": [[2.2930661, 48.84473460000001], [2.2930853, 48.8447548]]}}, {"type": "Feature", "properties": {"highway": "footway", "footway": "sidewalk", "name": null, "surface": null, "lit": null, "length_m": 49.35, "type_element": "Way", "__fid": 17446}, "geometry": {"type": "LineString", "coordinates": [[2.2930661, 48.84473460000001], [2.2936425, 48.844506]]}}, {"type": "Feature", "properties": {"highway": "footway", "footway": null, "name": null, "surface": "dirt", "lit": null, "length_m": 6.37, "type_element": "Way", "__fid": 17447}, "geometry": {"type": "LineString", "coordinates": [[2.2931155, 48.84495170000002], [2.2930721, 48.8449021]]}}, {"type": "Feature", "properties": {"highway": "footway", "footway": null, "name": null, "surface": "dirt", "lit": null, "length_m": 19.59, "type_element": "Way", "__fid": 17448}, "geometry": {"type": "LineString", "coordinates": [[2.2930721, 48.8449021], [2.2933016, 48.8448121]]}}, {"type": "Feature", "properties": {"highway": "footway", "footway": "sidewalk", "name": null, "surface": null, "lit": null, "length_m": 4.17, "type_element": "Way", "__fid": 17460}, "geometry": {"type": "LineString", "coordinates": [[2.2931154, 48.8447866], [2.2930853, 48.8447548]]}}, {"type": "Feature", "properties": {"highway": "living_street", "footway": null, "name": "Place du Commerce", "surface": "asphalt", "lit": "yes", "length_m": 49.35, "type_element": "Way", "__fid": 17461}, "geometry": {"type": "LineString", "coordinates": [[2.2930853, 48.8447548], [2.2936603, 48.844524700000015]]}}, {"type": "Feature", "properties": {"highway": "footway", "footway": "sidewalk", "name": null, "surface": "asphalt", "lit": "yes", "length_m": 92.27, "type_element": "Way", "__fid": 17465}, "geometry": {"type": "LineString", "coordinates": [[2.2931034, 48.8437198], [2.2937267, 48.8444405]]}}, {"type": "Feature", "properties": {"highway": "footway", "footway": "sidewalk", "name": null, "surface": "asphalt", "lit": null, "length_m": 6.41, "type_element": "Way", "__fid": 17466}, "geometry": {"type": "LineString", "coordinates": [[2.293132299999786, 48.84367453333337], [2.2931367, 48.843679600000016], [2.2931013, 48.8436974], [2.2931034, 48.8437198]]}}, {"type": "Feature", "properties": {"highway": "footway", "footway": "sidewalk", "name": null, "surface": null, "lit": null, "length_m": 10.23, "type_element": "Way", "__fid": 17484}, "geometry": {"type": "LineString", "coordinates": [[2.2932347, 48.844739], [2.2931154, 48.8447866]]}}, {"type": "Feature", "properties": {"highway": "footway", "footway": "sidewalk", "name": null, "surface": "asphalt", "lit": null, "length_m": 23.91, "type_element": "Way", "__fid": 17485}, "geometry": {"type": "LineString", "coordinates": [[2.2934203, 48.8435741], [2.293132299999786, 48.84367453333337]]}}, {"type": "Feature", "properties": {"highway": "footway", "footway": null, "name": null, "surface": "dirt", "lit": null, "length_m": 7.08, "type_element": "Way", "__fid": 17487}, "geometry": {"type": "LineString", "coordinates": [[2.2931638, 48.8450068], [2.2931155, 48.84495170000002]]}}, {"type": "Feature", "properties": {"highway": "footway", "footway": "sidewalk", "name": null, "surface": "asphalt", "lit": null, "length_m": 3.55, "type_element": "Way", "__fid": 17500}, "geometry": {"type": "LineString", "coordinates": [[2.2931894, 48.843442], [2.2931448, 48.8434296]]}}, {"type": "Feature", "properties": {"highway": "footway", "footway": null, "name": null, "surface": "dirt", "lit": null, "length_m": 19.41, "type_element": "Way", "__fid": 17537}, "geometry": {"type": "LineString", "coordinates": [[2.2933904, 48.8449167], [2.2931638, 48.8450068]]}}, {"type": "Feature", "properties": {"highway": "footway", "footway": "sidewalk", "name": null, "surface": "asphalt", "lit": "yes", "length_m": 15.14, "type_element": "Way", "__fid": 17540}, "geometry": {"type": "LineString", "coordinates": [[2.2933732, 48.8420359], [2.2932088, 48.8419537]]}}, {"type": "Feature", "properties": {"highway": "footway", "footway": "crossing", "name": null, "surface": null, "lit": "yes", "length_m": 13.88, "type_element": "Way", "__fid": 17541}, "geometry": {"type": "LineString", "coordinates": [[2.2932088, 48.8419537], [2.2933194, 48.8418525]]}}, {"type": "Feature", "properties": {"highway": "footway", "footway": "crossing", "name": null, "surface": "asphalt", "lit": null, "length_m": 7.29, "type_element": "Way", "__fid": 17542}, "geometry": {"type": "LineString", "coordinates": [[2.2931894, 48.843442], [2.293217, 48.8434451], [2.293279033333269, 48.84346830000005]]}}, {"type": "Feature", "properties": {"highway": "footway", "footway": "sidewalk", "name": null, "surface": "asphalt", "lit": "yes", "length_m": 199.79, "type_element": "Way", "__fid": 17543}, "geometry": {"type": "LineString", "coordinates": [[2.2931894, 48.843442], [2.2940691, 48.8423843], [2.2940627, 48.8423549], [2.29386, 48.8422549], [2.2938034, 48.84225019999999], [2.2933732, 48.8420359]]}}, {"type": "Feature", "properties": {"highway": "footway", "footway": "sidewalk", "name": null, "surface": "asphalt", "lit": null, "length_m": 7.04, "type_element": "Way", "__fid": 17558}, "geometry": {"type": "LineString", "coordinates": [[2.2932633, 48.8469759], [2.2931701, 48.8469908]]}}, {"type": "Feature", "properties": {"highway": "footway", "footway": null, "name": null, "surface": null, "lit": null, "length_m": 9.5, "type_element": "Way", "__fid": 17574}, "geometry": {"type": "LineString", "coordinates": [[2.2933016, 48.8448121], [2.2932347, 48.844739]]}}, {"type": "Feature", "properties": {"highway": "footway", "footway": "sidewalk", "name": null, "surface": null, "lit": null, "length_m": 25.08, "type_element": "Way", "__fid": 17575}, "geometry": {"type": "LineString", "coordinates": [[2.2935272, 48.844622399999984], [2.2932347, 48.844739]]}}, {"type": "Feature", "properties": {"highway": "footway", "footway": "sidewalk", "name": null, "surface": "asphalt", "lit": null, "length_m": 7.19, "type_element": "Way", "__fid": 17586}, "geometry": {"type": "LineString", "coordinates": [[2.293362033333152, 48.84350270000003], [2.293279033333269, 48.84346830000005]]}}, {"type": "Feature", "properties": {"highway": "footway", "footway": "sidewalk", "name": null, "surface": "asphalt", "lit": null, "length_m": 135.4, "type_element": "Way", "__fid": 17587}, "geometry": {"type": "LineString", "coordinates": [[2.293279033333269, 48.84346830000005], [2.2941605, 48.8424308], [2.294200360000166, 48.84242056000004]]}}, {"type": "Feature", "properties": {"highway": "footway", "footway": "sidewalk", "name": null, "surface": null, "lit": "yes", "length_m": 4.0, "type_element": "Way", "__fid": 17595}, "geometry": {"type": "LineString", "coordinates": [[2.2933194, 48.8418525], [2.2933707, 48.8418647]]}}, {"type": "Feature", "properties": {"highway": "footway", "footway": "sidewalk", "name": null, "surface": "asphalt", "lit": null, "length_m": 23.35, "type_element": "Way", "__fid": 17606}, "geometry": {"type": "LineString", "coordinates": [[2.2935732, 48.84699629999999], [2.2935622, 48.84698620000001], [2.2932633, 48.8469759]]}}, {"type": "Feature", "properties": {"highway": "footway", "footway": "crossing", "name": null, "surface": null, "lit": "yes", "length_m": 14.05, "type_element": "Way", "__fid": 17607}, "geometry": {"type": "LineString", "coordinates": [[2.2932633, 48.8469759], [2.2932842, 48.8468503]]}}, {"type": "Feature", "properties": {"highway": "footway", "footway": null, "name": null, "surface": "dirt", "lit": null, "length_m": 27.0, "type_element": "Way", "__fid": 17614}, "geometry": {"type": "LineString", "coordinates": [[2.2933016, 48.8448121], [2.2935299, 48.8447226], [2.2936152, 48.84476]]}}, {"type": "Feature", "properties": {"highway": "footway", "footway": "sidewalk", "name": null, "surface": null, "lit": null, "length_m": 13.98, "type_element": "Way", "__fid": 17625}, "geometry": {"type": "LineString", "coordinates": [[2.2932842, 48.8468503], [2.2934742, 48.846859500000015]]}}, {"type": "Feature", "properties": {"highway": "footway", "footway": "crossing", "name": null, "surface": null, "lit": "yes", "length_m": 10.16, "type_element": "Way", "__fid": 17642}, "geometry": {"type": "LineString", "coordinates": [[2.293479, 48.841921633333335], [2.2933707, 48.8418647]]}}, {"type": "Feature", "properties": {"highway": "footway", "footway": "sidewalk", "name": null, "surface": null, "lit": "yes", "length_m": 101.97, "type_element": "Way", "__fid": 17643}, "geometry": {"type": "LineString", "coordinates": [[2.2933707, 48.8418647], [2.2941859, 48.8411221]]}}, {"type": "Feature", "properties": {"highway": "footway", "footway": "crossing", "name": null, "surface": null, "lit": "yes", "length_m": 13.29, "type_element": "Way", "__fid": 17645}, "geometry": {"type": "LineString", "coordinates": [[2.2933732, 48.8420359], [2.293476100000197, 48.84193760000008]]}}, {"type": "Feature", "properties": {"highway": "footway", "footway": "crossing", "name": null, "surface": "asphalt", "lit": "yes", "length_m": 9.02, "type_element": "Way", "__fid": 17649}, "geometry": {"type": "LineString", "coordinates": [[2.2934203, 48.8435741], [2.293362033333152, 48.84350270000003]]}}, {"type": "Feature", "properties": {"highway": "footway", "footway": "sidewalk", "name": null, "surface": "asphalt", "lit": null, "length_m": 23.19, "type_element": "Way", "__fid": 17650}, "geometry": {"type": "LineString", "coordinates": [[2.2936291, 48.84339120000001], [2.293362033333152, 48.84350270000003]]}}, {"type": "Feature", "properties": {"highway": "footway", "footway": null, "name": null, "surface": null, "lit": null, "length_m": 9.45, "type_element": "Way", "__fid": 17673}, "geometry": {"type": "LineString", "coordinates": [[2.2934545, 48.8449904], [2.2933904, 48.8449167]]}}, {"type": "Feature", "properties": {"highway": "footway", "footway": null, "name": null, "surface": "dirt", "lit": null, "length_m": 27.12, "type_element": "Way", "__fid": 17674}, "geometry": {"type": "LineString", "coordinates": [[2.2936152, 48.84476], [2.2936235, 48.844824], [2.2933904, 48.8449167]]}}, {"type": "Feature", "properties": {"highway": "footway", "footway": "sidewalk", "name": null, "surface": "asphalt", "lit": null, "length_m": 20.54, "type_element": "Way", "__fid": 17683}, "geometry": {"type": "LineString", "coordinates": [[2.2936996, 48.8435856], [2.2934203, 48.8435741]]}}, {"type": "Feature", "properties": {"highway": "footway", "footway": "sidewalk", "name": null, "surface": "asphalt", "lit": "yes", "length_m": 285.67, "type_element": "Way", "__fid": 17703}, "geometry": {"type": "LineString", "coordinates": [[2.293479, 48.841921633333335], [2.2934815, 48.8419338], [2.29414, 48.8422606], [2.2941737, 48.8422553], [2.2956356, 48.8405147]]}}, {"type": "Feature", "properties": {"highway": "footway", "footway": "sidewalk", "name": null, "surface": "asphalt", "lit": "yes", "length_m": 102.45, "type_element": "Way", "__fid": 17704}, "geometry": {"type": "LineString", "coordinates": [[2.2942897, 48.8411716], [2.293479, 48.841921633333335]]}}, {"type": "Feature", "properties": {"highway": "footway", "footway": "sidewalk", "name": null, "surface": null, "lit": null, "length_m": 25.77, "type_element": "Way", "__fid": 17713}, "geometry": {"type": "LineString", "coordinates": [[2.2934545, 48.8449904], [2.293757, 48.8448728]]}}, {"type": "Feature", "properties": {"highway": "footway", "footway": "crossing", "name": null, "surface": null, "lit": "yes", "length_m": 15.46, "type_element": "Way", "__fid": 17746}, "geometry": {"type": "LineString", "coordinates": [[2.2936844, 48.8468683], [2.2934742, 48.846859500000015]]}}, {"type": "Feature", "properties": {"highway": "footway", "footway": "sidewalk", "name": null, "surface": null, "lit": null, "length_m": 43.41, "type_element": "Way", "__fid": 17747}, "geometry": {"type": "LineString", "coordinates": [[2.2934742, 48.846859500000015], [2.2935177, 48.8467796], [2.2939152, 48.8466231]]}}, {"type": "Feature", "properties": {"highway": "footway", "footway": "sidewalk", "name": null, "surface": "asphalt", "lit": null, "length_m": 1.75, "type_element": "Way", "__fid": 17760}, "geometry": {"type": "LineString", "coordinates": [[2.2935272, 48.844622399999984], [2.2935408, 48.8446353]]}}, {"type": "Feature", "properties": {"highway": "footway", "footway": "sidewalk", "name": null, "surface": null, "lit": null, "length_m": 10.01, "type_element": "Way", "__fid": 17761}, "geometry": {"type": "LineString", "coordinates": [[2.2936439, 48.8445758], [2.2935272, 48.844622399999984]]}}, {"type": "Feature", "properties": {"highway": "steps", "footway": null, "name": null, "surface": "metal", "lit": null, "length_m": 9.09, "type_element": "Way", "__fid": 17776}, "geometry": {"type": "LineString", "coordinates": [[2.2935408, 48.8446353], [2.2935523, 48.8446462], [2.2936421, 48.8446119]]}}, {"type": "Feature", "properties": {"highway": "steps", "footway": null, "name": null, "surface": "concrete", "lit": null, "length_m": 7.74, "type_element": "Way", "__fid": 17777}, "geometry": {"type": "LineString", "coordinates": [[2.2935408, 48.8446353], [2.2936319, 48.84460029999999]]}}, {"type": "Feature", "properties": {"highway": "footway", "footway": "sidewalk", "name": null, "surface": "asphalt", "lit": null, "length_m": 194.74, "type_element": "Way", "__fid": 17781}, "geometry": {"type": "LineString", "coordinates": [[2.2935083, 48.8480104], [2.2936926, 48.8479409], [2.293738, 48.84794990000001], [2.2939545, 48.8478656], [2.293961, 48.8478384], [2.2950183, 48.847434], [2.2950499, 48.8474404], [2.2952542, 48.8473587], [2.2952583, 48.84733580000001], [2.2957142, 48.847159], [2.295736, 48.84713439999998]]}}, {"type": "Feature", "properties": {"highway": "footway", "footway": "crossing", "name": null, "surface": null, "lit": "yes", "length_m": 11.63, "type_element": "Way", "__fid": 17802}, "geometry": {"type": "LineString", "coordinates": [[2.2937315, 48.8470015], [2.2935732, 48.84699629999999]]}}, {"type": "Feature", "properties": {"highway": "footway", "footway": "sidewalk", "name": null, "surface": "asphalt", "lit": "yes", "length_m": 87.21, "type_element": "Way", "__fid": 17803}, "geometry": {"type": "LineString", "coordinates": [[2.2935732, 48.84699629999999], [2.2941533, 48.8476808]]}}, {"type": "Feature", "properties": {"highway": "footway", "footway": "crossing", "name": null, "surface": "asphalt", "lit": null, "length_m": 9.02, "type_element": "Way", "__fid": 17804}, "geometry": {"type": "LineString", "coordinates": [[2.2936291, 48.84339120000001], [2.293689933333185, 48.84346170000003]]}}, {"type": "Feature", "properties": {"highway": "footway", "footway": "sidewalk", "name": null, "surface": "asphalt", "lit": null, "length_m": 111.59, "type_element": "Way", "__fid": 17805}, "geometry": {"type": "LineString", "coordinates": [[2.2949326, 48.8428746], [2.2936291, 48.84339120000001]]}}, {"type": "Feature", "properties": {"highway": "footway", "footway": null, "name": null, "surface": "dirt", "lit": null, "length_m": 12.33, "type_element": "Way", "__fid": 17808}, "geometry": {"type": "LineString", "coordinates": [[2.2937601, 48.8447038], [2.2936152, 48.84476]]}}, {"type": "Feature", "properties": {"highway": "footway", "footway": "sidewalk", "name": null, "surface": "sett", "lit": null, "length_m": 3.58, "type_element": "Way", "__fid": 17817}, "geometry": {"type": "LineString", "coordinates": [[2.2936425, 48.844506], [2.293631, 48.8444747]]}}, {"type": "Feature", "properties": {"highway": "footway", "footway": "sidewalk", "name": null, "surface": "sett", "lit": null, "length_m": 4.06, "type_element": "Way", "__fid": 17818}, "geometry": {"type": "LineString", "coordinates": [[2.293631, 48.8444747], [2.2936796, 48.8444573]]}}, {"type": "Feature", "properties": {"highway": "footway", "footway": "crossing", "name": null, "surface": "sett", "lit": "yes", "length_m": 2.46, "type_element": "Way", "__fid": 17828}, "geometry": {"type": "LineString", "coordinates": [[2.2936603, 48.844524700000015], [2.2936425, 48.844506]]}}, {"type": "Feature", "properties": {"highway": "footway", "footway": "sidewalk", "name": null, "surface": "sett", "lit": null, "length_m": 16.76, "type_element": "Way", "__fid": 17830}, "geometry": {"type": "LineString", "coordinates": [[2.2936439, 48.8445758], [2.2937093, 48.8446674], [2.2937601, 48.8447038]]}}, {"type": "Feature", "properties": {"highway": "footway", "footway": "sidewalk", "name": null, "surface": "sett", "lit": null, "length_m": 4.14, "type_element": "Way", "__fid": 17831}, "geometry": {"type": "LineString", "coordinates": [[2.293686, 48.844551], [2.2936439, 48.8445758]]}}, {"type": "Feature", "properties": {"highway": "footway", "footway": "crossing", "name": null, "surface": "sett", "lit": "yes", "length_m": 3.48, "type_element": "Way", "__fid": 17836}, "geometry": {"type": "LineString", "coordinates": [[2.293686, 48.844551], [2.2936603, 48.844524700000015]]}}, {"type": "Feature", "properties": {"highway": "living_street", "footway": null, "name": "Place du Commerce", "surface": "asphalt", "lit": "yes", "length_m": 4.94, "type_element": "Way", "__fid": 17837}, "geometry": {"type": "LineString", "coordinates": [[2.2936603, 48.844524700000015], [2.2937179, 48.8445017]]}}, {"type": "Feature", "properties": {"highway": "footway", "footway": "sidewalk", "name": null, "surface": "asphalt", "lit": null, "length_m": 4.83, "type_element": "Way", "__fid": 17849}, "geometry": {"type": "LineString", "coordinates": [[2.293689933333185, 48.84346170000003], [2.293706166666681, 48.843503766666664]]}}, {"type": "Feature", "properties": {"highway": "footway", "footway": "sidewalk", "name": null, "surface": "asphalt", "lit": null, "length_m": 113.33, "type_element": "Way", "__fid": 17850}, "geometry": {"type": "LineString", "coordinates": [[2.2950175, 48.8429782], [2.2945989, 48.843135], [2.2945745, 48.8431175], [2.293689933333185, 48.84346170000003]]}}, {"type": "Feature", "properties": {"highway": "living_street", "footway": null, "name": "Rue du Commerce", "surface": "asphalt", "lit": "yes", "length_m": 5.68, "type_element": "Way", "__fid": 17851}, "geometry": {"type": "LineString", "coordinates": [[2.2937179, 48.8445017], [2.2936796, 48.8444573]]}}, {"type": "Feature", "properties": {"highway": "footway", "footway": "sidewalk", "name": null, "surface": "sett", "lit": null, "length_m": 3.93, "type_element": "Way", "__fid": 17852}, "geometry": {"type": "LineString", "coordinates": [[2.2936796, 48.8444573], [2.2937267, 48.8444405]]}}, {"type": "Feature", "properties": {"highway": "footway", "footway": "sidewalk", "name": null, "surface": "sett", "lit": null, "length_m": 17.37, "type_element": "Way", "__fid": 17855}, "geometry": {"type": "LineString", "coordinates": [[2.293807, 48.84468529999999], [2.293686, 48.844551]]}}, {"type": "Feature", "properties": {"highway": "footway", "footway": "sidewalk", "name": null, "surface": "asphalt", "lit": null, "length_m": 144.15, "type_element": "Way", "__fid": 17856}, "geometry": {"type": "LineString", "coordinates": [[2.2956609, 48.84365550000001], [2.2936996, 48.8435856]]}}, {"type": "Feature", "properties": {"highway": "footway", "footway": "crossing", "name": null, "surface": "asphalt", "lit": "yes", "length_m": 9.11, "type_element": "Way", "__fid": 17857}, "geometry": {"type": "LineString", "coordinates": [[2.293706166666681, 48.843503766666664], [2.2936996, 48.8435856]]}}, {"type": "Feature", "properties": {"highway": "footway", "footway": "sidewalk", "name": null, "surface": "asphalt", "lit": null, "length_m": 139.05, "type_element": "Way", "__fid": 17860}, "geometry": {"type": "LineString", "coordinates": [[2.293706166666681, 48.843503766666664], [2.2955982, 48.843569500000015]]}}, {"type": "Feature", "properties": {"highway": "footway", "footway": "sidewalk", "name": null, "surface": null, "lit": null, "length_m": 4.96, "type_element": "Way", "__fid": 17876}, "geometry": {"type": "LineString", "coordinates": [[2.293752, 48.8468698], [2.2936844, 48.8468683]]}}, {"type": "Feature", "properties": {"highway": "footway", "footway": "sidewalk", "name": null, "surface": null, "lit": null, "length_m": 32.81, "type_element": "Way", "__fid": 17877}, "geometry": {"type": "LineString", "coordinates": [[2.2936844, 48.8468683], [2.2937143, 48.84679770000001], [2.2940048, 48.8466862]]}}, {"type": "Feature", "properties": {"highway": "living_street", "footway": null, "name": "Rue du Commerce", "surface": "asphalt", "lit": "yes", "length_m": 20.9, "type_element": "Way", "__fid": 17878}, "geometry": {"type": "LineString", "coordinates": [[2.2938588, 48.844665], [2.2937179, 48.8445017]]}}, {"type": "Feature", "properties": {"highway": "footway", "footway": "sidewalk", "name": null, "surface": "asphalt", "lit": null, "length_m": 8.6, "type_element": "Way", "__fid": 17888}, "geometry": {"type": "LineString", "coordinates": [[2.2937267, 48.8444405], [2.293799899999882, 48.84450088000005]]}}, {"type": "Feature", "properties": {"highway": "steps", "footway": null, "name": null, "surface": "concrete", "lit": null, "length_m": 8.92, "type_element": "Way", "__fid": 17896}, "geometry": {"type": "LineString", "coordinates": [[2.293757, 48.8448728], [2.2937431, 48.844858], [2.2938255, 48.8448266]]}}, {"type": "Feature", "properties": {"highway": "footway", "footway": "sidewalk", "name": null, "surface": null, "lit": null, "length_m": 9.98, "type_element": "Way", "__fid": 17897}, "geometry": {"type": "LineString", "coordinates": [[2.293757, 48.8448728], [2.2938742, 48.8448272]]}}, {"type": "Feature", "properties": {"highway": "footway", "footway": "sidewalk", "name": null, "surface": "sett", "lit": null, "length_m": 16.07, "type_element": "Way", "__fid": 17898}, "geometry": {"type": "LineString", "coordinates": [[2.2937601, 48.8447038], [2.2938742, 48.8448272]]}}, {"type": "Feature", "properties": {"highway": "footway", "footway": "sidewalk", "name": null, "surface": null, "lit": null, "length_m": 4.01, "type_element": "Way", "__fid": 17899}, "geometry": {"type": "LineString", "coordinates": [[2.293807, 48.84468529999999], [2.2937601, 48.8447038]]}}, {"type": "Feature", "properties": {"highway": "footway", "footway": "sidewalk", "name": null, "surface": null, "lit": null, "length_m": 47.21, "type_element": "Way", "__fid": 17901}, "geometry": {"type": "LineString", "coordinates": [[2.2937315, 48.8470015], [2.2943345, 48.847037], [2.294371966666658, 48.84703313333343]]}}, {"type": "Feature", "properties": {"highway": "footway", "footway": "sidewalk", "name": null, "surface": "asphalt", "lit": "yes", "length_m": 81.61, "type_element": "Way", "__fid": 17902}, "geometry": {"type": "LineString", "coordinates": [[2.2937315, 48.8470015], [2.2942653, 48.8476061], [2.2943161, 48.8476129]]}}, {"type": "Feature", "properties": {"highway": "footway", "footway": "crossing", "name": null, "surface": null, "lit": "yes", "length_m": 14.72, "type_element": "Way", "__fid": 17903}, "geometry": {"type": "LineString", "coordinates": [[2.2937315, 48.8470015], [2.293752, 48.8468698]]}}, {"type": "Feature", "properties": {"highway": "footway", "footway": "sidewalk", "name": null, "surface": null, "lit": null, "length_m": 32.98, "type_element": "Way", "__fid": 17914}, "geometry": {"type": "LineString", "coordinates": [[2.2942, 48.8468927], [2.293752, 48.8468698]]}}, {"type": "Feature", "properties": {"highway": "footway", "footway": "crossing", "name": null, "surface": "sett", "lit": null, "length_m": 7.61, "type_element": "Way", "__fid": 17917}, "geometry": {"type": "LineString", "coordinates": [[2.293844933333196, 48.84456250000003], [2.293799899999882, 48.84450088000005]]}}, {"type": "Feature", "properties": {"highway": "footway", "footway": "sidewalk", "name": null, "surface": "asphalt", "lit": null, "length_m": 167.46, "type_element": "Way", "__fid": 17918}, "geometry": {"type": "LineString", "coordinates": [[2.293799899999882, 48.84450088000005], [2.2957647, 48.8437352]]}}, {"type": "Feature", "properties": {"highway": "footway", "footway": "sidewalk", "name": null, "surface": null, "lit": null, "length_m": 4.42, "type_element": "Way", "__fid": 17926}, "geometry": {"type": "LineString", "coordinates": [[2.2938588, 48.844665], [2.293807, 48.84468529999999]]}}, {"type": "Feature", "properties": {"highway": "footway", "footway": "sidewalk", "name": null, "surface": "sett", "lit": null, "length_m": 10.9, "type_element": "Way", "__fid": 17945}, "geometry": {"type": "LineString", "coordinates": [[2.2938959, 48.8446504], [2.2938405, 48.844588399999985], [2.293844933333196, 48.84456250000003]]}}, {"type": "Feature", "properties": {"highway": "footway", "footway": "sidewalk", "name": null, "surface": "asphalt", "lit": null, "length_m": 171.22, "type_element": "Way", "__fid": 17946}, "geometry": {"type": "LineString", "coordinates": [[2.293844933333196, 48.84456250000003], [2.295837, 48.8437896], [2.2958592, 48.8437901]]}}, {"type": "Feature", "properties": {"highway": "living_street", "footway": null, "name": "Rue du Commerce", "surface": "asphalt", "lit": "yes", "length_m": 20.62, "type_element": "Way", "__fid": 17952}, "geometry": {"type": "LineString", "coordinates": [[2.2939978, 48.8448262], [2.2938588, 48.844665]]}}, {"type": "Feature", "properties": {"highway": "footway", "footway": "crossing", "name": null, "surface": "sett", "lit": "yes", "length_m": 3.17, "type_element": "Way", "__fid": 17953}, "geometry": {"type": "LineString", "coordinates": [[2.2938959, 48.8446504], [2.2938588, 48.844665]]}}, {"type": "Feature", "properties": {"highway": "footway", "footway": "sidewalk", "name": null, "surface": "sett", "lit": null, "length_m": 4.98, "type_element": "Way", "__fid": 17963}, "geometry": {"type": "LineString", "coordinates": [[2.2938742, 48.8448272], [2.2939123, 48.8448431], [2.2939239, 48.844856]]}}, {"type": "Feature", "properties": {"highway": "footway", "footway": "sidewalk", "name": null, "surface": "sett", "lit": null, "length_m": 26.75, "type_element": "Way", "__fid": 17976}, "geometry": {"type": "LineString", "coordinates": [[2.2940813, 48.8448575], [2.2938959, 48.8446504]]}}, {"type": "Feature", "properties": {"highway": "footway", "footway": "crossing", "name": null, "surface": "sett", "lit": "yes", "length_m": 2.99, "type_element": "Way", "__fid": 17991}, "geometry": {"type": "LineString", "coordinates": [[2.2939239, 48.844856], [2.2939435, 48.8448796]]}}, {"type": "Feature", "properties": {"highway": "living_street", "footway": null, "name": "Place du Commerce", "surface": "asphalt", "lit": "yes", "length_m": 6.36, "type_element": "Way", "__fid": 17992}, "geometry": {"type": "LineString", "coordinates": [[2.2939978, 48.8448262], [2.2939239, 48.844856]]}}, {"type": "Feature", "properties": {"highway": "footway", "footway": "crossing", "name": null, "surface": null, "lit": "yes", "length_m": 9.62, "type_element": "Way", "__fid": 18003}, "geometry": {"type": "LineString", "coordinates": [[2.2940048, 48.8466862], [2.2939152, 48.8466231]]}}, {"type": "Feature", "properties": {"highway": "footway", "footway": "sidewalk", "name": null, "surface": null, "lit": null, "length_m": 98.01, "type_element": "Way", "__fid": 18004}, "geometry": {"type": "LineString", "coordinates": [[2.2939152, 48.8466231], [2.2950733, 48.84618420000001]]}}, {"type": "Feature", "properties": {"highway": "footway", "footway": "sidewalk", "name": null, "surface": "sett", "lit": null, "length_m": 3.62, "type_element": "Way", "__fid": 18007}, "geometry": {"type": "LineString", "coordinates": [[2.2939435, 48.8448796], [2.2939902, 48.8448902]]}}, {"type": "Feature", "properties": {"highway": "footway", "footway": "sidewalk", "name": null, "surface": "asphalt", "lit": null, "length_m": 75.45, "type_element": "Way", "__fid": 18032}, "geometry": {"type": "LineString", "coordinates": [[2.2939902, 48.8448902], [2.2940678, 48.8449776], [2.2940841, 48.8450162], [2.2944904, 48.8454816]]}}, {"type": "Feature", "properties": {"highway": "footway", "footway": "crossing", "name": null, "surface": "sett", "lit": "yes", "length_m": 4.0, "type_element": "Way", "__fid": 18033}, "geometry": {"type": "LineString", "coordinates": [[2.2939902, 48.8448902], [2.2940383, 48.8448732]]}}, {"type": "Feature", "properties": {"highway": "living_street", "footway": null, "name": "Rue du Commerce", "surface": "asphalt", "lit": "yes", "length_m": 6.01, "type_element": "Way", "__fid": 18039}, "geometry": {"type": "LineString", "coordinates": [[2.2940383, 48.8448732], [2.2939978, 48.8448262]]}}, {"type": "Feature", "properties": {"highway": "footway", "footway": "sidewalk", "name": null, "surface": null, "lit": null, "length_m": 3.55, "type_element": "Way", "__fid": 18059}, "geometry": {"type": "LineString", "coordinates": [[2.2940048, 48.8466862], [2.2940459, 48.84666940000002]]}}, {"type": "Feature", "properties": {"highway": "living_street", "footway": null, "name": "Rue du Commerce", "surface": "asphalt", "lit": "yes", "length_m": 75.25, "type_element": "Way", "__fid": 18063}, "geometry": {"type": "LineString", "coordinates": [[2.2945456, 48.84546130000001], [2.2940383, 48.8448732]]}}, {"type": "Feature", "properties": {"highway": "footway", "footway": "sidewalk", "name": null, "surface": "sett", "lit": null, "length_m": 3.61, "type_element": "Way", "__fid": 18064}, "geometry": {"type": "LineString", "coordinates": [[2.2940383, 48.8448732], [2.2940813, 48.8448575]]}}, {"type": "Feature", "properties": {"highway": "footway", "footway": "sidewalk", "name": null, "surface": null, "lit": null, "length_m": 27.82, "type_element": "Way", "__fid": 18085}, "geometry": {"type": "LineString", "coordinates": [[2.2940459, 48.84666940000002], [2.2941996, 48.8468476], [2.2942, 48.8468927]]}}, {"type": "Feature", "properties": {"highway": "footway", "footway": "crossing", "name": null, "surface": null, "lit": null, "length_m": 5.25, "type_element": "Way", "__fid": 18086}, "geometry": {"type": "LineString", "coordinates": [[2.2940459, 48.84666940000002], [2.2941078, 48.8466457]]}}, {"type": "Feature", "properties": {"highway": "footway", "footway": "sidewalk", "name": null, "surface": "asphalt", "lit": null, "length_m": 86.35, "type_element": "Way", "__fid": 18087}, "geometry": {"type": "LineString", "coordinates": [[2.2940813, 48.8448575], [2.2946408, 48.845503200000024], [2.2946859, 48.84551680000001]]}}, {"type": "Feature", "properties": {"highway": "footway", "footway": null, "name": "Impasse du Commerce", "surface": null, "lit": null, "length_m": 34.94, "type_element": "Way", "__fid": 18089}, "geometry": {"type": "LineString", "coordinates": [[2.2944904, 48.8454816], [2.2940747, 48.8456348]]}}, {"type": "Feature", "properties": {"highway": "footway", "footway": "sidewalk", "name": null, "surface": "asphalt", "lit": null, "length_m": 32.25, "type_element": "Way", "__fid": 18106}, "geometry": {"type": "LineString", "coordinates": [[2.294322033333315, 48.846898966666714], [2.2941078, 48.8466457]]}}, {"type": "Feature", "properties": {"highway": "footway", "footway": "sidewalk", "name": null, "surface": "asphalt", "lit": null, "length_m": 86.93, "type_element": "Way", "__fid": 18107}, "geometry": {"type": "LineString", "coordinates": [[2.2941078, 48.8466457], [2.29512793333313, 48.84624830000004]]}}, {"type": "Feature", "properties": {"highway": "footway", "footway": "sidewalk", "name": null, "surface": "asphalt", "lit": null, "length_m": 72.34, "type_element": "Way", "__fid": 18132}, "geometry": {"type": "LineString", "coordinates": [[2.294200360000166, 48.84242056000004], [2.2948285, 48.8427394], [2.2949347, 48.842846]]}}, {"type": "Feature", "properties": {"highway": "footway", "footway": "crossing", "name": null, "surface": "asphalt", "lit": "yes", "length_m": 10.82, "type_element": "Way", "__fid": 18133}, "geometry": {"type": "LineString", "coordinates": [[2.294270833333517, 48.84233506666669], [2.294200360000166, 48.84242056000004]]}}, {"type": "Feature", "properties": {"highway": "footway", "footway": "crossing", "name": null, "surface": null, "lit": null, "length_m": 8.98, "type_element": "Way", "__fid": 18175}, "geometry": {"type": "LineString", "coordinates": [[2.294322033333315, 48.846898966666714], [2.2942, 48.8468927]]}}, {"type": "Feature", "properties": {"highway": "footway", "footway": "sidewalk", "name": null, "surface": "asphalt", "lit": null, "length_m": 3.72, "type_element": "Way", "__fid": 18260}, "geometry": {"type": "LineString", "coordinates": [[2.2943721, 48.84689369999999], [2.294322033333315, 48.846898966666714]]}}, {"type": "Feature", "properties": {"highway": "footway", "footway": "sidewalk", "name": null, "surface": "asphalt", "lit": null, "length_m": 68.8, "type_element": "Way", "__fid": 18283}, "geometry": {"type": "LineString", "coordinates": [[2.2953071, 48.84693850000002], [2.2943721, 48.84689369999999]]}}, {"type": "Feature", "properties": {"highway": "footway", "footway": "crossing", "name": null, "surface": null, "lit": "yes", "length_m": 18.07, "type_element": "Way", "__fid": 18284}, "geometry": {"type": "LineString", "coordinates": [[2.2944769, 48.84703910000001], [2.2944662, 48.847003], [2.2943721, 48.84689369999999]]}}, {"type": "Feature", "properties": {"highway": "footway", "footway": "crossing", "name": null, "surface": null, "lit": "yes", "length_m": 7.73, "type_element": "Way", "__fid": 18285}, "geometry": {"type": "LineString", "coordinates": [[2.294371966666658, 48.84703313333343], [2.2944769, 48.84703910000001]]}}, {"type": "Feature", "properties": {"highway": "footway", "footway": "sidewalk", "name": null, "surface": "asphalt", "lit": null, "length_m": 54.86, "type_element": "Way", "__fid": 18286}, "geometry": {"type": "LineString", "coordinates": [[2.2947082, 48.8474658], [2.2947154, 48.8474418], [2.2943734, 48.8470488], [2.294371966666658, 48.84703313333343]]}}, {"type": "Feature", "properties": {"highway": "footway", "footway": "sidewalk", "name": null, "surface": "asphalt", "lit": null, "length_m": 84.53, "type_element": "Way", "__fid": 18331}, "geometry": {"type": "LineString", "coordinates": [[2.2944904, 48.8454816], [2.2950681, 48.8461393]]}}, {"type": "Feature", "properties": {"highway": "footway", "footway": null, "name": "Impasse du Commerce", "surface": null, "lit": null, "length_m": 4.64, "type_element": "Way", "__fid": 18332}, "geometry": {"type": "LineString", "coordinates": [[2.2945456, 48.84546130000001], [2.2944904, 48.8454816]]}}, {"type": "Feature", "properties": {"highway": "footway", "footway": "sidewalk", "name": null, "surface": null, "lit": null, "length_m": 59.82, "type_element": "Way", "__fid": 18341}, "geometry": {"type": "LineString", "coordinates": [[2.2952889, 48.847086], [2.2944769, 48.84703910000001]]}}, {"type": "Feature", "properties": {"highway": "footway", "footway": "sidewalk", "name": null, "surface": "asphalt", "lit": null, "length_m": 50.9, "type_element": "Way", "__fid": 18342}, "geometry": {"type": "LineString", "coordinates": [[2.2944769, 48.84703910000001], [2.2944918, 48.8470887], [2.2947774, 48.847423099999986], [2.2948118, 48.8474284]]}}, {"type": "Feature", "properties": {"highway": "living_street", "footway": null, "name": "Rue du Commerce", "surface": "asphalt", "lit": "yes", "length_m": 84.54, "type_element": "Way", "__fid": 18359}, "geometry": {"type": "LineString", "coordinates": [[2.2951157, 48.846122], [2.2945456, 48.84546130000001]]}}, {"type": "Feature", "properties": {"highway": "footway", "footway": "crossing", "name": null, "surface": "asphalt", "lit": "yes", "length_m": 9.43, "type_element": "Way", "__fid": 18435}, "geometry": {"type": "LineString", "coordinates": [[2.2946859, 48.84551680000001], [2.294740033333188, 48.84559373333335]]}}, {"type": "Feature", "properties": {"highway": "footway", "footway": "sidewalk", "name": null, "surface": "asphalt", "lit": null, "length_m": 300.46, "type_element": "Way", "__fid": 18436}, "geometry": {"type": "LineString", "coordinates": [[2.2958592, 48.8437901], [2.2959834, 48.843905], [2.2959753, 48.8439251], [2.2963899, 48.844291], [2.2967823, 48.8446047], [2.2967923, 48.844627], [2.2962801, 48.8448914], [2.2946859, 48.84551680000001]]}}, {"type": "Feature", "properties": {"highway": "footway", "footway": "sidewalk", "name": null, "surface": "asphalt", "lit": null, "length_m": 64.81, "type_element": "Way", "__fid": 18456}, "geometry": {"type": "LineString", "coordinates": [[2.294740033333188, 48.84559373333335], [2.2947585, 48.845628900000015], [2.2951609, 48.846105500000014]]}}, {"type": "Feature", "properties": {"highway": "footway", "footway": "sidewalk", "name": null, "surface": "asphalt", "lit": null, "length_m": 78.48, "type_element": "Way", "__fid": 18457}, "geometry": {"type": "LineString", "coordinates": [[2.294740033333188, 48.84559373333335], [2.2956589, 48.8452327]]}}, {"type": "Feature", "properties": {"highway": "footway", "footway": "sidewalk", "name": null, "surface": "asphalt", "lit": null, "length_m": 68.4, "type_element": "Way", "__fid": 18515}, "geometry": {"type": "LineString", "coordinates": [[2.2948118, 48.8474284], [2.2955685, 48.8471334], [2.2955916, 48.8471018]]}}, {"type": "Feature", "properties": {"highway": "footway", "footway": "crossing", "name": null, "surface": "asphalt", "lit": null, "length_m": 13.17, "type_element": "Way", "__fid": 18551}, "geometry": {"type": "LineString", "coordinates": [[2.2950175, 48.8429782], [2.295003, 48.8429487], [2.2949326, 48.8428746]]}}, {"type": "Feature", "properties": {"highway": "footway", "footway": "sidewalk", "name": null, "surface": "asphalt", "lit": null, "length_m": 3.18, "type_element": "Way", "__fid": 18552}, "geometry": {"type": "LineString", "coordinates": [[2.2949347, 48.842846], [2.2949326, 48.8428746]]}}, {"type": "Feature", "properties": {"highway": "footway", "footway": "crossing", "name": null, "surface": "asphalt", "lit": "yes", "length_m": 11.07, "type_element": "Way", "__fid": 18555}, "geometry": {"type": "LineString", "coordinates": [[2.2950489, 48.842781], [2.2949347, 48.842846]]}}, {"type": "Feature", "properties": {"highway": "footway", "footway": "sidewalk", "name": null, "surface": "asphalt", "lit": null, "length_m": 8.57, "type_element": "Way", "__fid": 18599}, "geometry": {"type": "LineString", "coordinates": [[2.2950929, 48.843037], [2.2950175, 48.8429782]]}}, {"type": "Feature", "properties": {"highway": "footway", "footway": "sidewalk", "name": null, "surface": "asphalt", "lit": "yes", "length_m": 396.47, "type_element": "Way", "__fid": 18614}, "geometry": {"type": "LineString", "coordinates": [[2.2950489, 48.842781], [2.2950292, 48.84274119999998], [2.2949261, 48.8426445], [2.2942749, 48.84233039999998], [2.2942644, 48.8423028], [2.2957427, 48.8405453], [2.2957794, 48.8405399], [2.2966459, 48.84082650000002], [2.2966594, 48.8408679], [2.296811, 48.840947]]}}, {"type": "Feature", "properties": {"highway": "footway", "footway": "sidewalk", "name": null, "surface": "asphalt", "lit": null, "length_m": 5.31, "type_element": "Way", "__fid": 18615}, "geometry": {"type": "LineString", "coordinates": [[2.2951213, 48.84278], [2.2950489, 48.842781]]}}, {"type": "Feature", "properties": {"highway": "footway", "footway": "sidewalk", "name": null, "surface": "asphalt", "lit": null, "length_m": 68.07, "type_element": "Way", "__fid": 18642}, "geometry": {"type": "LineString", "coordinates": [[2.2956061, 48.8435415], [2.2952728, 48.8431925], [2.2952131, 48.8431681], [2.2950929, 48.843037]]}}, {"type": "Feature", "properties": {"highway": "footway", "footway": "crossing", "name": null, "surface": "asphalt", "lit": "yes", "length_m": 13.81, "type_element": "Way", "__fid": 18643}, "geometry": {"type": "LineString", "coordinates": [[2.2950929, 48.843037], [2.2952523, 48.842971]]}}, {"type": "Feature", "properties": {"highway": "footway", "footway": "sidewalk", "name": null, "surface": "asphalt", "lit": null, "length_m": 5.01, "type_element": "Way", "__fid": 18655}, "geometry": {"type": "LineString", "coordinates": [[2.2950681, 48.8461393], [2.2950733, 48.84618420000001]]}}, {"type": "Feature", "properties": {"highway": "footway", "footway": "crossing", "name": null, "surface": "sett", "lit": "yes", "length_m": 3.99, "type_element": "Way", "__fid": 18656}, "geometry": {"type": "LineString", "coordinates": [[2.2951157, 48.846122], [2.2950681, 48.8461393]]}}, {"type": "Feature", "properties": {"highway": "footway", "footway": "crossing", "name": null, "surface": "sett", "lit": "yes", "length_m": 8.18, "type_element": "Way", "__fid": 18662}, "geometry": {"type": "LineString", "coordinates": [[2.2950733, 48.84618420000001], [2.29512793333313, 48.84624830000004]]}}, {"type": "Feature", "properties": {"highway": "footway", "footway": "crossing", "name": null, "surface": "asphalt", "lit": null, "length_m": 19.15, "type_element": "Way", "__fid": 18666}, "geometry": {"type": "LineString", "coordinates": [[2.2952471, 48.8429309], [2.2951213, 48.84278]]}}, {"type": "Feature", "properties": {"highway": "footway", "footway": "sidewalk", "name": null, "surface": "asphalt", "lit": "yes", "length_m": 19.0, "type_element": "Way", "__fid": 18667}, "geometry": {"type": "LineString", "coordinates": [[2.2952788, 48.8426464], [2.2951943, 48.8427365], [2.2951213, 48.84278]]}}, {"type": "Feature", "properties": {"highway": "living_street", "footway": null, "name": "Rue du Commerce", "surface": "asphalt", "lit": "yes", "length_m": 16.23, "type_element": "Way", "__fid": 18697}, "geometry": {"type": "LineString", "coordinates": [[2.2952251, 48.846248899999985], [2.2951157, 48.846122]]}}, {"type": "Feature", "properties": {"highway": "footway", "footway": "sidewalk", "name": null, "surface": "asphalt", "lit": null, "length_m": 3.79, "type_element": "Way", "__fid": 18698}, "geometry": {"type": "LineString", "coordinates": [[2.2951157, 48.846122], [2.2951609, 48.846105500000014]]}}, {"type": "Feature", "properties": {"highway": "footway", "footway": "sidewalk", "name": null, "surface": "asphalt", "lit": null, "length_m": 3.97, "type_element": "Way", "__fid": 18703}, "geometry": {"type": "LineString", "coordinates": [[2.2951748, 48.8462662], [2.29512793333313, 48.84624830000004]]}}, {"type": "Feature", "properties": {"highway": "footway", "footway": "sidewalk", "name": null, "surface": "asphalt", "lit": null, "length_m": 4.7, "type_element": "Way", "__fid": 18714}, "geometry": {"type": "LineString", "coordinates": [[2.2951609, 48.846105500000014], [2.2952172, 48.8461256]]}}, {"type": "Feature", "properties": {"highway": "footway", "footway": "sidewalk", "name": null, "surface": "asphalt", "lit": null, "length_m": 87.82, "type_element": "Way", "__fid": 18722}, "geometry": {"type": "LineString", "coordinates": [[2.2951748, 48.8462662], [2.295713, 48.84690009999998], [2.2957518, 48.8469578]]}}, {"type": "Feature", "properties": {"highway": "footway", "footway": "crossing", "name": null, "surface": "sett", "lit": "yes", "length_m": 4.16, "type_element": "Way", "__fid": 18723}, "geometry": {"type": "LineString", "coordinates": [[2.2951748, 48.8462662], [2.2952251, 48.846248899999985]]}}, {"type": "Feature", "properties": {"highway": "footway", "footway": "sidewalk", "name": null, "surface": "asphalt", "lit": null, "length_m": 4.48, "type_element": "Way", "__fid": 18737}, "geometry": {"type": "LineString", "coordinates": [[2.2952471, 48.8429309], [2.2952523, 48.842971]]}}, {"type": "Feature", "properties": {"highway": "footway", "footway": "sidewalk", "name": null, "surface": "asphalt", "lit": null, "length_m": 17.55, "type_element": "Way", "__fid": 18738}, "geometry": {"type": "LineString", "coordinates": [[2.2954647, 48.8428917], [2.2953417, 48.842886700000015], [2.2952471, 48.8429309]]}}, {"type": "Feature", "properties": {"highway": "footway", "footway": "sidewalk", "name": null, "surface": "asphalt", "lit": null, "length_m": 68.54, "type_element": "Way", "__fid": 18740}, "geometry": {"type": "LineString", "coordinates": [[2.2952523, 48.842971], [2.2955912, 48.84332520000001], [2.295579, 48.8433545], [2.2957234, 48.8434917]]}}, {"type": "Feature", "properties": {"highway": "footway", "footway": "crossing", "name": null, "surface": "sett", "lit": "yes", "length_m": 9.86, "type_element": "Way", "__fid": 18742}, "geometry": {"type": "LineString", "coordinates": [[2.295278, 48.8462047], [2.2952172, 48.8461256]]}}, {"type": "Feature", "properties": {"highway": "footway", "footway": "sidewalk", "name": null, "surface": "asphalt", "lit": null, "length_m": 274.75, "type_element": "Way", "__fid": 18743}, "geometry": {"type": "LineString", "coordinates": [[2.2968778, 48.8446953], [2.2969169, 48.84471219999999], [2.2975286, 48.8452024], [2.2975395, 48.8452325], [2.296804, 48.845523], [2.2952172, 48.8461256]]}}, {"type": "Feature", "properties": {"highway": "living_street", "footway": null, "name": "Rue du Commerce", "surface": "asphalt", "lit": "yes", "length_m": 88.4, "type_element": "Way", "__fid": 18751}, "geometry": {"type": "LineString", "coordinates": [[2.295821, 48.8469398], [2.2952251, 48.846248899999985]]}}, {"type": "Feature", "properties": {"highway": "footway", "footway": "crossing", "name": null, "surface": "sett", "lit": "yes", "length_m": 3.98, "type_element": "Way", "__fid": 18752}, "geometry": {"type": "LineString", "coordinates": [[2.2952251, 48.846248899999985], [2.2952733, 48.8462324]]}}, {"type": "Feature", "properties": {"highway": "footway", "footway": "crossing", "name": null, "surface": "asphalt", "lit": "yes", "length_m": 12.33, "type_element": "Way", "__fid": 18754}, "geometry": {"type": "LineString", "coordinates": [[2.2954231, 48.8427031], [2.2952788, 48.8426464]]}}, {"type": "Feature", "properties": {"highway": "footway", "footway": "sidewalk", "name": null, "surface": "asphalt", "lit": "yes", "length_m": 160.5, "type_element": "Way", "__fid": 18755}, "geometry": {"type": "LineString", "coordinates": [[2.2964297, 48.841419], [2.2952788, 48.8426464]]}}, {"type": "Feature", "properties": {"highway": "steps", "footway": null, "name": null, "surface": null, "lit": null, "length_m": 6.24, "type_element": "Way", "__fid": 18756}, "geometry": {"type": "LineString", "coordinates": [[2.2952199, 48.8470732], [2.2952904, 48.847076600000015], [2.2952889, 48.847086]]}}, {"type": "Feature", "properties": {"highway": "steps", "footway": null, "name": null, "surface": null, "lit": null, "length_m": 7.06, "type_element": "Way", "__fid": 18761}, "geometry": {"type": "LineString", "coordinates": [[2.2953071, 48.84693850000002], [2.2953042, 48.8469552], [2.2952337, 48.846951]]}}, {"type": "Feature", "properties": {"highway": "footway", "footway": "sidewalk", "name": null, "surface": "asphalt", "lit": null, "length_m": 88.16, "type_element": "Way", "__fid": 18770}, "geometry": {"type": "LineString", "coordinates": [[2.2958712, 48.8469201], [2.2952733, 48.8462324]]}}, {"type": "Feature", "properties": {"highway": "footway", "footway": "sidewalk", "name": null, "surface": "asphalt", "lit": null, "length_m": 3.1, "type_element": "Way", "__fid": 18771}, "geometry": {"type": "LineString", "coordinates": [[2.2952733, 48.8462324], [2.295278, 48.8462047]]}}, {"type": "Feature", "properties": {"highway": "footway", "footway": "sidewalk", "name": null, "surface": "asphalt", "lit": null, "length_m": 223.32, "type_element": "Way", "__fid": 18772}, "geometry": {"type": "LineString", "coordinates": [[2.295278, 48.8462047], [2.2976244, 48.84529730000001], [2.2976626, 48.845305], [2.297859, 48.8454399]]}}, {"type": "Feature", "properties": {"highway": "footway", "footway": "sidewalk", "name": null, "surface": null, "lit": null, "length_m": 22.28, "type_element": "Way", "__fid": 18789}, "geometry": {"type": "LineString", "coordinates": [[2.2955916, 48.8471018], [2.2952889, 48.847086]]}}, {"type": "Feature", "properties": {"highway": "footway", "footway": "sidewalk", "name": null, "surface": "asphalt", "lit": null, "length_m": 22.43, "type_element": "Way", "__fid": 18802}, "geometry": {"type": "LineString", "coordinates": [[2.2956117, 48.8469555], [2.2953071, 48.84693850000002]]}}, {"type": "Feature", "properties": {"highway": "footway", "footway": "sidewalk", "name": null, "surface": "asphalt", "lit": "yes", "length_m": 10.6, "type_element": "Way", "__fid": 18837}, "geometry": {"type": "LineString", "coordinates": [[2.2954231, 48.8427031], [2.2954425, 48.842743700000014], [2.295479, 48.84277740000001], [2.2954954, 48.8427806]]}}, {"type": "Feature", "properties": {"highway": "footway", "footway": "sidewalk", "name": null, "surface": "asphalt", "lit": null, "length_m": 4.85, "type_element": "Way", "__fid": 18838}, "geometry": {"type": "LineString", "coordinates": [[2.2954423, 48.8426614], [2.2954231, 48.8427031]]}}, {"type": "Feature", "properties": {"highway": "footway", "footway": null, "name": null, "surface": "concrete", "lit": null, "length_m": 9.24, "type_element": "Way", "__fid": 18850}, "geometry": {"type": "LineString", "coordinates": [[2.2954423, 48.8426614], [2.2955066, 48.842675], [2.295535, 48.8427087]]}}, {"type": "Feature", "properties": {"highway": "footway", "footway": "sidewalk", "name": null, "surface": "asphalt", "lit": "yes", "length_m": 155.03, "type_element": "Way", "__fid": 18851}, "geometry": {"type": "LineString", "coordinates": [[2.2965839, 48.8414971], [2.2964995, 48.84152930000002], [2.2954423, 48.8426614]]}}, {"type": "Feature", "properties": {"highway": "footway", "footway": "sidewalk", "name": null, "surface": "asphalt", "lit": null, "length_m": 70.38, "type_element": "Way", "__fid": 18865}, "geometry": {"type": "LineString", "coordinates": [[2.2963988, 48.84296040000001], [2.2963571, 48.8429276], [2.2954647, 48.8428917]]}}, {"type": "Feature", "properties": {"highway": "footway", "footway": "crossing", "name": null, "surface": "concrete", "lit": "yes", "length_m": 12.68, "type_element": "Way", "__fid": 18866}, "geometry": {"type": "LineString", "coordinates": [[2.2954647, 48.8428917], [2.2954756, 48.8428114], [2.2954954, 48.8427806]]}}, {"type": "Feature", "properties": {"highway": "footway", "footway": "sidewalk", "name": null, "surface": "asphalt", "lit": "yes", "length_m": 3.71, "type_element": "Way", "__fid": 18882}, "geometry": {"type": "LineString", "coordinates": [[2.2954954, 48.8427806], [2.2955439, 48.84279]]}}, {"type": "Feature", "properties": {"highway": "footway", "footway": null, "name": null, "surface": "concrete", "lit": null, "length_m": 4.79, "type_element": "Way", "__fid": 18902}, "geometry": {"type": "LineString", "coordinates": [[2.295535, 48.8427087], [2.2955667, 48.84274640000002]]}}, {"type": "Feature", "properties": {"highway": "steps", "footway": null, "name": null, "surface": "concrete:plates", "lit": null, "length_m": 5.33, "type_element": "Way", "__fid": 18903}, "geometry": {"type": "LineString", "coordinates": [[2.2955996, 48.84268679999999], [2.295535, 48.8427087]]}}, {"type": "Feature", "properties": {"highway": "footway", "footway": "sidewalk", "name": null, "surface": "asphalt", "lit": "yes", "length_m": 82.92, "type_element": "Way", "__fid": 18910}, "geometry": {"type": "LineString", "coordinates": [[2.2955439, 48.84279], [2.2966715, 48.8428365]]}}, {"type": "Feature", "properties": {"highway": "footway", "footway": null, "name": null, "surface": "concrete", "lit": null, "length_m": 5.13, "type_element": "Way", "__fid": 18911}, "geometry": {"type": "LineString", "coordinates": [[2.2955439, 48.84279], [2.2955667, 48.84274640000002]]}}, {"type": "Feature", "properties": {"highway": "footway", "footway": null, "name": null, "surface": "paving_stones", "lit": null, "length_m": 54.99, "type_element": "Way", "__fid": 18919}, "geometry": {"type": "LineString", "coordinates": [[2.2962931, 48.8427095], [2.2961945, 48.84275610000002], [2.2955667, 48.84274640000002]]}}, {"type": "Feature", "properties": {"highway": "steps", "footway": null, "name": null, "surface": "concrete:plates", "lit": null, "length_m": 19.23, "type_element": "Way", "__fid": 18933}, "geometry": {"type": "LineString", "coordinates": [[2.2955996, 48.84268679999999], [2.2956866, 48.8427194], [2.2958302, 48.84267]]}}, {"type": "Feature", "properties": {"highway": "steps", "footway": null, "name": null, "surface": "concrete", "lit": null, "length_m": 20.33, "type_element": "Way", "__fid": 18934}, "geometry": {"type": "LineString", "coordinates": [[2.295747, 48.8425573], [2.2955953, 48.8426247], [2.2955996, 48.84268679999999]]}}, {"type": "Feature", "properties": {"highway": "footway", "footway": "crossing", "name": null, "surface": "asphalt", "lit": "yes", "length_m": 10.7, "type_element": "Way", "__fid": 18945}, "geometry": {"type": "LineString", "coordinates": [[2.2956609, 48.84365550000001], [2.2956529, 48.8436323], [2.2955982, 48.843569500000015]]}}, {"type": "Feature", "properties": {"highway": "footway", "footway": "sidewalk", "name": null, "surface": "asphalt", "lit": null, "length_m": 3.17, "type_element": "Way", "__fid": 18946}, "geometry": {"type": "LineString", "coordinates": [[2.2955982, 48.843569500000015], [2.2956061, 48.8435415]]}}, {"type": "Feature", "properties": {"highway": "footway", "footway": "crossing", "name": null, "surface": "asphalt", "lit": "yes", "length_m": 10.24, "type_element": "Way", "__fid": 18947}, "geometry": {"type": "LineString", "coordinates": [[2.2956061, 48.8435415], [2.2957234, 48.8434917]]}}, {"type": "Feature", "properties": {"highway": "footway", "footway": "crossing", "name": "Place Ousmane Sow", "surface": "asphalt", "lit": "yes", "length_m": 11.28, "type_element": "Way", "__fid": 18969}, "geometry": {"type": "LineString", "coordinates": [[2.2955916, 48.8471018], [2.295642, 48.8471194], [2.295736, 48.84713439999998]]}}, {"type": "Feature", "properties": {"highway": "footway", "footway": "crossing", "name": null, "surface": "asphalt", "lit": "yes", "length_m": 16.33, "type_element": "Way", "__fid": 18970}, "geometry": {"type": "LineString", "coordinates": [[2.2955916, 48.8471018], [2.2956117, 48.8469555]]}}, {"type": "Feature", "properties": {"highway": "steps", "footway": null, "name": "Cité Thuré", "surface": "asphalt", "lit": null, "length_m": 5.43, "type_element": "Way", "__fid": 18971}, "geometry": {"type": "LineString", "coordinates": [[2.295618, 48.845192], [2.2956589, 48.8452327]]}}, {"type": "Feature", "properties": {"highway": "footway", "footway": "sidewalk", "name": null, "surface": "asphalt", "lit": null, "length_m": 10.28, "type_element": "Way", "__fid": 18983}, "geometry": {"type": "LineString", "coordinates": [[2.2956117, 48.8469555], [2.2957518, 48.8469578]]}}, {"type": "Feature", "properties": {"highway": "footway", "footway": "sidewalk", "name": null, "surface": "asphalt", "lit": null, "length_m": 13.67, "type_element": "Way", "__fid": 18984}, "geometry": {"type": "LineString", "coordinates": [[2.2957647, 48.8437352], [2.2957615, 48.8436999], [2.2957126, 48.8436573], [2.2956609, 48.84365550000001]]}}, {"type": "Feature", "properties": {"highway": "steps", "footway": null, "name": "Cité Thuré", "surface": "asphalt", "lit": null, "length_m": 6.27, "type_element": "Way", "__fid": 18998}, "geometry": {"type": "LineString", "coordinates": [[2.2956589, 48.8452327], [2.2957062, 48.8452797]]}}, {"type": "Feature", "properties": {"highway": "footway", "footway": "sidewalk", "name": null, "surface": "asphalt", "lit": null, "length_m": 107.8, "type_element": "Way", "__fid": 18999}, "geometry": {"type": "LineString", "coordinates": [[2.2956589, 48.8452327], [2.2963655, 48.8449582], [2.2968778, 48.8446953]]}}, {"type": "Feature", "properties": {"highway": "footway", "footway": "sidewalk", "name": null, "surface": "asphalt", "lit": null, "length_m": 10.26, "type_element": "Way", "__fid": 19018}, "geometry": {"type": "LineString", "coordinates": [[2.2957234, 48.8434917], [2.2957395, 48.8435078], [2.2958388, 48.84354]]}}, {"type": "Feature", "properties": {"highway": "footway", "footway": null, "name": null, "surface": "compacted", "lit": null, "length_m": 13.94, "type_element": "Way", "__fid": 19023}, "geometry": {"type": "LineString", "coordinates": [[2.2958302, 48.84267], [2.295747, 48.8425573]]}}, {"type": "Feature", "properties": {"highway": "footway", "footway": null, "name": null, "surface": "compacted", "lit": null, "length_m": 23.52, "type_element": "Way", "__fid": 19024}, "geometry": {"type": "LineString", "coordinates": [[2.295747, 48.8425573], [2.2957831, 48.842546], [2.2958168, 48.8424999], [2.2958662, 48.84237]]}}, {"type": "Feature", "properties": {"highway": "footway", "footway": "crossing", "name": null, "surface": "asphalt", "lit": null, "length_m": 7.66, "type_element": "Way", "__fid": 19043}, "geometry": {"type": "LineString", "coordinates": [[2.2958325999998, 48.84378486666671], [2.2957918, 48.843744], [2.2957647, 48.8437352]]}}, {"type": "Feature", "properties": {"highway": "footway", "footway": "sidewalk", "name": null, "surface": "asphalt", "lit": null, "length_m": 8.97, "type_element": "Way", "__fid": 19055}, "geometry": {"type": "LineString", "coordinates": [[2.295736, 48.84713439999998], [2.2958581, 48.8471312]]}}, {"type": "Feature", "properties": {"highway": "footway", "footway": "crossing", "name": "Place Ousmane Sow", "surface": "asphalt", "lit": "yes", "length_m": 21.41, "type_element": "Way", "__fid": 19059}, "geometry": {"type": "LineString", "coordinates": [[2.2958581, 48.8471312], [2.2958679, 48.84710960000002], [2.2957518, 48.8469578]]}}, {"type": "Feature", "properties": {"highway": "footway", "footway": "sidewalk", "name": null, "surface": "asphalt", "lit": null, "length_m": 5.46, "type_element": "Way", "__fid": 19060}, "geometry": {"type": "LineString", "coordinates": [[2.2957518, 48.8469578], [2.295821, 48.8469398]]}}, {"type": "Feature", "properties": {"highway": "footway", "footway": null, "name": null, "surface": "compacted", "lit": null, "length_m": 23.19, "type_element": "Way", "__fid": 19079}, "geometry": {"type": "LineString", "coordinates": [[2.2961437, 48.8426939], [2.2959536, 48.84267410000002], [2.2958302, 48.84267]]}}, {"type": "Feature", "properties": {"highway": "footway", "footway": "sidewalk", "name": null, "surface": "asphalt", "lit": null, "length_m": 38.19, "type_element": "Way", "__fid": 19094}, "geometry": {"type": "LineString", "coordinates": [[2.2958388, 48.84354], [2.2960542, 48.8435524], [2.2962917, 48.84355639999998], [2.2963553, 48.84354349999999]]}}, {"type": "Feature", "properties": {"highway": "footway", "footway": "crossing", "name": null, "surface": "asphalt", "lit": null, "length_m": 16.88, "type_element": "Way", "__fid": 19095}, "geometry": {"type": "LineString", "coordinates": [[2.2958388, 48.84354], [2.2958689, 48.8435954], [2.2959194, 48.84364830000001], [2.2959536, 48.8436687]]}}, {"type": "Feature", "properties": {"highway": "footway", "footway": null, "name": null, "surface": "compacted", "lit": null, "length_m": 19.74, "type_element": "Way", "__fid": 19108}, "geometry": {"type": "LineString", "coordinates": [[2.2958662, 48.84237], [2.2961127, 48.8424411]]}}, {"type": "Feature", "properties": {"highway": "footway", "footway": null, "name": null, "surface": "compacted", "lit": null, "length_m": 36.3, "type_element": "Way", "__fid": 19109}, "geometry": {"type": "LineString", "coordinates": [[2.2958662, 48.84237], [2.295943, 48.84229650000001], [2.2962267, 48.842151]]}}, {"type": "Feature", "properties": {"highway": "footway", "footway": "crossing", "name": null, "surface": null, "lit": "yes", "length_m": 10.74, "type_element": "Way", "__fid": 19118}, "geometry": {"type": "LineString", "coordinates": [[2.2958592, 48.8437901], [2.2959786, 48.8437342]]}}, {"type": "Feature", "properties": {"highway": "living_street", "footway": null, "name": "Rue du Commerce", "surface": "asphalt", "lit": "yes", "length_m": 34.14, "type_element": "Way", "__fid": 19126}, "geometry": {"type": "LineString", "coordinates": [[2.2960507, 48.8472068], [2.295821, 48.8469398]]}}, {"type": "Feature", "properties": {"highway": "footway", "footway": "sidewalk", "name": null, "surface": "asphalt", "lit": null, "length_m": 4.29, "type_element": "Way", "__fid": 19127}, "geometry": {"type": "LineString", "coordinates": [[2.2958712, 48.8469201], [2.295821, 48.8469398]]}}, {"type": "Feature", "properties": {"highway": "footway", "footway": "sidewalk", "name": null, "surface": "asphalt", "lit": null, "length_m": 14.79, "type_element": "Way", "__fid": 19149}, "geometry": {"type": "LineString", "coordinates": [[2.2958581, 48.8471312], [2.2960074, 48.847220600000014]]}}, {"type": "Feature", "properties": {"highway": "footway", "footway": "sidewalk", "name": null, "surface": "asphalt", "lit": null, "length_m": 11.97, "type_element": "Way", "__fid": 19159}, "geometry": {"type": "LineString", "coordinates": [[2.2959849, 48.8469845], [2.2959202, 48.8469753], [2.2958712, 48.8469201]]}}, {"type": "Feature", "properties": {"highway": "footway", "footway": "sidewalk", "name": null, "surface": "asphalt", "lit": null, "length_m": 54.09, "type_element": "Way", "__fid": 19181}, "geometry": {"type": "LineString", "coordinates": [[2.2959536, 48.8436687], [2.2966896, 48.8436944]]}}, {"type": "Feature", "properties": {"highway": "footway", "footway": "sidewalk", "name": null, "surface": null, "lit": null, "length_m": 8.37, "type_element": "Way", "__fid": 19182}, "geometry": {"type": "LineString", "coordinates": [[2.2959786, 48.8437342], [2.2959393, 48.8436979], [2.2959536, 48.8436687]]}}, {"type": "Feature", "properties": {"highway": "footway", "footway": "sidewalk", "name": null, "surface": null, "lit": null, "length_m": 113.72, "type_element": "Way", "__fid": 19198}, "geometry": {"type": "LineString", "coordinates": [[2.2969247, 48.8445431], [2.29648, 48.8441955], [2.2959786, 48.8437342]]}}, {"type": "Feature", "properties": {"highway": "footway", "footway": "sidewalk", "name": null, "surface": "asphalt", "lit": null, "length_m": 11.8, "type_element": "Way", "__fid": 19223}, "geometry": {"type": "LineString", "coordinates": [[2.296102, 48.8470519], [2.2960149, 48.8470194], [2.2959849, 48.8469845]]}}, {"type": "Feature", "properties": {"highway": "footway", "footway": "sidewalk", "name": null, "surface": "asphalt", "lit": null, "length_m": 226.87, "type_element": "Way", "__fid": 19224}, "geometry": {"type": "LineString", "coordinates": [[2.2985807, 48.8459723], [2.2985501, 48.8459919], [2.2970628, 48.846557099999984], [2.296987, 48.846535], [2.2963753, 48.846769500000015], [2.2963695, 48.846830300000015], [2.2959849, 48.8469845]]}}, {"type": "Feature", "properties": {"highway": "footway", "footway": "sidewalk", "name": null, "surface": "asphalt", "lit": null, "length_m": 69.93, "type_element": "Way", "__fid": 19243}, "geometry": {"type": "LineString", "coordinates": [[2.2960074, 48.847220600000014], [2.2964786, 48.8477672]]}}, {"type": "Feature", "properties": {"highway": "footway", "footway": "sidewalk", "name": null, "surface": "asphalt", "lit": null, "length_m": 3.53, "type_element": "Way", "__fid": 19244}, "geometry": {"type": "LineString", "coordinates": [[2.2960074, 48.847220600000014], [2.2960507, 48.8472068]]}}, {"type": "Feature", "properties": {"highway": "footway", "footway": null, "name": null, "surface": "compacted", "lit": null, "length_m": 28.5, "type_element": "Way", "__fid": 19266}, "geometry": {"type": "LineString", "coordinates": [[2.2961127, 48.8424411], [2.2961601, 48.842636100000014], [2.2961437, 48.8426939]]}}, {"type": "Feature", "properties": {"highway": "footway", "footway": null, "name": null, "surface": "compacted", "lit": null, "length_m": 30.4, "type_element": "Way", "__fid": 19267}, "geometry": {"type": "LineString", "coordinates": [[2.2964203, 48.842258], [2.2961127, 48.8424411]]}}, {"type": "Feature", "properties": {"highway": "living_street", "footway": null, "name": "Rue du Commerce", "surface": "asphalt", "lit": "yes", "length_m": 69.87, "type_element": "Way", "__fid": 19271}, "geometry": {"type": "LineString", "coordinates": [[2.2965191, 48.8477539], [2.2960507, 48.8472068]]}}, {"type": "Feature", "properties": {"highway": "footway", "footway": "sidewalk", "name": null, "surface": "asphalt", "lit": null, "length_m": 6.06, "type_element": "Way", "__fid": 19272}, "geometry": {"type": "LineString", "coordinates": [[2.2960507, 48.8472068], [2.2961251, 48.8471832]]}}, {"type": "Feature", "properties": {"highway": "footway", "footway": null, "name": null, "surface": "compacted", "lit": null, "length_m": 11.1, "type_element": "Way", "__fid": 19291}, "geometry": {"type": "LineString", "coordinates": [[2.2962931, 48.8427095], [2.2961437, 48.8426939]]}}, {"type": "Feature", "properties": {"highway": "footway", "footway": "sidewalk", "name": null, "surface": null, "lit": null, "length_m": 120.59, "type_element": "Way", "__fid": 19308}, "geometry": {"type": "LineString", "coordinates": [[2.296102, 48.8470519], [2.297709, 48.84727840000002]]}}, {"type": "Feature", "properties": {"highway": "footway", "footway": "crossing", "name": "Place Ousmane Sow", "surface": "asphalt", "lit": null, "length_m": 12.92, "type_element": "Way", "__fid": 19309}, "geometry": {"type": "LineString", "coordinates": [[2.2961289, 48.8471644], [2.296133, 48.8471469], [2.2960993, 48.8470759], [2.296102, 48.8470519]]}}, {"type": "Feature", "properties": {"highway": "footway", "footway": "sidewalk", "name": null, "surface": "asphalt", "lit": null, "length_m": 138.65, "type_element": "Way", "__fid": 19310}, "geometry": {"type": "LineString", "coordinates": [[2.296102, 48.8470519], [2.2961684, 48.8469871], [2.2976922, 48.846391699999984]]}}, {"type": "Feature", "properties": {"highway": "footway", "footway": "sidewalk", "name": null, "surface": "asphalt", "lit": null, "length_m": 69.65, "type_element": "Way", "__fid": 19328}, "geometry": {"type": "LineString", "coordinates": [[2.2965808, 48.84773250000003], [2.2962898, 48.8473926], [2.2961251, 48.8471832]]}}, {"type": "Feature", "properties": {"highway": "footway", "footway": "sidewalk", "name": null, "surface": "asphalt", "lit": null, "length_m": 2.11, "type_element": "Way", "__fid": 19329}, "geometry": {"type": "LineString", "coordinates": [[2.2961251, 48.8471832], [2.2961289, 48.8471644]]}}, {"type": "Feature", "properties": {"highway": "footway", "footway": "sidewalk", "name": null, "surface": "asphalt", "lit": null, "length_m": 101.53, "type_element": "Way", "__fid": 19334}, "geometry": {"type": "LineString", "coordinates": [[2.2961289, 48.8471644], [2.2964113, 48.8472], [2.2964667, 48.8472371], [2.2973962, 48.8473728], [2.2974139, 48.8474141]]}}, {"type": "Feature", "properties": {"highway": "footway", "footway": null, "name": null, "surface": "compacted", "lit": null, "length_m": 7.24, "type_element": "Way", "__fid": 19364}, "geometry": {"type": "LineString", "coordinates": [[2.2963023, 48.8421928], [2.2962267, 48.842151]]}}, {"type": "Feature", "properties": {"highway": "footway", "footway": null, "name": null, "surface": "compacted", "lit": null, "length_m": 31.13, "type_element": "Way", "__fid": 19365}, "geometry": {"type": "LineString", "coordinates": [[2.2962267, 48.842151], [2.2962146, 48.8420869], [2.2962389, 48.8419672], [2.2962605, 48.8419267], [2.2963059, 48.8418846]]}}, {"type": "Feature", "properties": {"highway": "footway", "footway": null, "name": null, "surface": "paving_stones", "lit": null, "length_m": 15.93, "type_element": "Way", "__fid": 19421}, "geometry": {"type": "LineString", "coordinates": [[2.2965094, 48.84272090000001], [2.2962931, 48.8427095]]}}, {"type": "Feature", "properties": {"highway": "footway", "footway": null, "name": null, "surface": "concrete", "lit": null, "length_m": 9.19, "type_element": "Way", "__fid": 19422}, "geometry": {"type": "LineString", "coordinates": [[2.2963059, 48.8418846], [2.2964005, 48.8419388]]}}, {"type": "Feature", "properties": {"highway": "footway", "footway": null, "name": null, "surface": "compacted", "lit": null, "length_m": 26.51, "type_element": "Way", "__fid": 19423}, "geometry": {"type": "LineString", "coordinates": [[2.2963059, 48.8418846], [2.296423, 48.8418192], [2.2966262, 48.8417907]]}}, {"type": "Feature", "properties": {"highway": "footway", "footway": null, "name": null, "surface": "compacted", "lit": null, "length_m": 11.29, "type_element": "Way", "__fid": 19426}, "geometry": {"type": "LineString", "coordinates": [[2.2964203, 48.842258], [2.2963023, 48.8421928]]}}, {"type": "Feature", "properties": {"highway": "steps", "footway": null, "name": null, "surface": "concrete", "lit": null, "length_m": 7.48, "type_element": "Way", "__fid": 19427}, "geometry": {"type": "LineString", "coordinates": [[2.2963843, 48.8421529], [2.2963023, 48.8421928]]}}, {"type": "Feature", "properties": {"highway": "footway", "footway": "crossing", "name": null, "surface": "asphalt", "lit": null, "length_m": 19.67, "type_element": "Way", "__fid": 19472}, "geometry": {"type": "LineString", "coordinates": [[2.2963553, 48.84354349999999], [2.296382, 48.8435508], [2.2965799, 48.8435561], [2.2966149, 48.843542]]}}, {"type": "Feature", "properties": {"highway": "footway", "footway": "sidewalk", "name": null, "surface": "asphalt", "lit": null, "length_m": 66.85, "type_element": "Way", "__fid": 19473}, "geometry": {"type": "LineString", "coordinates": [[2.2963553, 48.84354349999999], [2.296403, 48.8434867], [2.2964381, 48.8429915], [2.2963988, 48.84296040000001]]}}, {"type": "Feature", "properties": {"highway": "steps", "footway": null, "name": null, "surface": "sett", "lit": null, "length_m": 18.71, "type_element": "Way", "__fid": 19482}, "geometry": {"type": "LineString", "coordinates": [[2.2963843, 48.8421529], [2.2964622, 48.84220340000001], [2.2965427, 48.84222530000001], [2.2965847, 48.8422523]]}}, {"type": "Feature", "properties": {"highway": "footway", "footway": null, "name": null, "surface": "compacted", "lit": null, "length_m": 25.76, "type_element": "Way", "__fid": 19483}, "geometry": {"type": "LineString", "coordinates": [[2.2964005, 48.8419388], [2.2963482, 48.8419958], [2.2963362, 48.8420815], [2.2963617, 48.84213230000001], [2.2963843, 48.8421529]]}}, {"type": "Feature", "properties": {"highway": "footway", "footway": null, "name": null, "surface": "compacted", "lit": null, "length_m": 26.17, "type_element": "Way", "__fid": 19487}, "geometry": {"type": "LineString", "coordinates": [[2.2967314, 48.8419032], [2.2966205, 48.8418838], [2.2965043, 48.841893], [2.2964005, 48.8419388]]}}, {"type": "Feature", "properties": {"highway": "footway", "footway": "crossing", "name": null, "surface": "sett", "lit": null, "length_m": 17.17, "type_element": "Way", "__fid": 19493}, "geometry": {"type": "LineString", "coordinates": [[2.2966188, 48.84296650000002], [2.296427, 48.8429428], [2.2963988, 48.84296040000001]]}}, {"type": "Feature", "properties": {"highway": "footway", "footway": "crossing", "name": null, "surface": "asphalt", "lit": "yes", "length_m": 14.61, "type_element": "Way", "__fid": 19501}, "geometry": {"type": "LineString", "coordinates": [[2.2965839, 48.8414971], [2.2965594, 48.8414696], [2.2964297, 48.841419]]}}, {"type": "Feature", "properties": {"highway": "footway", "footway": null, "name": null, "surface": "compacted", "lit": null, "length_m": 51.89, "type_element": "Way", "__fid": 19503}, "geometry": {"type": "LineString", "coordinates": [[2.2965094, 48.84272090000001], [2.2964203, 48.842258]]}}, {"type": "Feature", "properties": {"highway": "footway", "footway": null, "name": null, "surface": "compacted", "lit": null, "length_m": 29.85, "type_element": "Way", "__fid": 19552}, "geometry": {"type": "LineString", "coordinates": [[2.2969157, 48.8427326], [2.2965094, 48.84272090000001]]}}, {"type": "Feature", "properties": {"highway": "footway", "footway": "sidewalk", "name": null, "surface": "asphalt", "lit": "yes", "length_m": 3.27, "type_element": "Way", "__fid": 19591}, "geometry": {"type": "LineString", "coordinates": [[2.2966242, 48.8414846], [2.2965839, 48.8414971]]}}, {"type": "Feature", "properties": {"highway": "footway", "footway": null, "name": null, "surface": "compacted", "lit": null, "length_m": 62.21, "type_element": "Way", "__fid": 19596}, "geometry": {"type": "LineString", "coordinates": [[2.2969215, 48.842634], [2.29664, 48.842623899999985], [2.2965847, 48.8422523]]}}, {"type": "Feature", "properties": {"highway": "footway", "footway": null, "name": null, "surface": "sett", "lit": null, "length_m": 19.28, "type_element": "Way", "__fid": 19597}, "geometry": {"type": "LineString", "coordinates": [[2.2965847, 48.8422523], [2.2966492, 48.84225], [2.296717, 48.8422374], [2.2968224, 48.8421898]]}}, {"type": "Feature", "properties": {"highway": "footway", "footway": null, "name": null, "surface": "compacted", "lit": null, "length_m": 11.3, "type_element": "Way", "__fid": 19629}, "geometry": {"type": "LineString", "coordinates": [[2.2966242, 48.8414846], [2.2966, 48.8415196], [2.2966651, 48.8415659]]}}, {"type": "Feature", "properties": {"highway": "footway", "footway": "sidewalk", "name": null, "surface": "asphalt", "lit": "yes", "length_m": 2.25, "type_element": "Way", "__fid": 19630}, "geometry": {"type": "LineString", "coordinates": [[2.2966528, 48.8414774], [2.2966242, 48.8414846]]}}, {"type": "Feature", "properties": {"highway": "footway", "footway": null, "name": null, "surface": "compacted", "lit": null, "length_m": 12.58, "type_element": "Way", "__fid": 19638}, "geometry": {"type": "LineString", "coordinates": [[2.2966262, 48.8417907], [2.2967905, 48.8418228]]}}, {"type": "Feature", "properties": {"highway": "footway", "footway": null, "name": null, "surface": "compacted", "lit": null, "length_m": 15.54, "type_element": "Way", "__fid": 19639}, "geometry": {"type": "LineString", "coordinates": [[2.2967271, 48.8416746], [2.2966399, 48.8417355], [2.2966262, 48.8417907]]}}, {"type": "Feature", "properties": {"highway": "footway", "footway": "sidewalk", "name": null, "surface": "asphalt", "lit": null, "length_m": 65.91, "type_element": "Way", "__fid": 19640}, "geometry": {"type": "LineString", "coordinates": [[2.2966188, 48.84296650000002], [2.2966028, 48.8429992], [2.2965602, 48.8435055], [2.2966149, 48.843542]]}}, {"type": "Feature", "properties": {"highway": "footway", "footway": "sidewalk", "name": null, "surface": "asphalt", "lit": null, "length_m": 4.46, "type_element": "Way", "__fid": 19641}, "geometry": {"type": "LineString", "coordinates": [[2.2966701, 48.842945], [2.2966188, 48.84296650000002]]}}, {"type": "Feature", "properties": {"highway": "footway", "footway": "sidewalk", "name": null, "surface": "asphalt", "lit": null, "length_m": 78.04, "type_element": "Way", "__fid": 19642}, "geometry": {"type": "LineString", "coordinates": [[2.2966149, 48.843542], [2.2966627, 48.8435769], [2.2966931, 48.8435792], [2.2976532, 48.843613]]}}, {"type": "Feature", "properties": {"highway": "footway", "footway": "crossing", "name": null, "surface": "asphalt", "lit": "yes", "length_m": 19.71, "type_element": "Way", "__fid": 19654}, "geometry": {"type": "LineString", "coordinates": [[2.2966528, 48.8414774], [2.2966462, 48.8414459], [2.2967453, 48.8413358], [2.2967683, 48.8413273]]}}, {"type": "Feature", "properties": {"highway": "footway", "footway": "sidewalk", "name": null, "surface": "asphalt", "lit": "yes", "length_m": 116.91, "type_element": "Way", "__fid": 19655}, "geometry": {"type": "LineString", "coordinates": [[2.2980952, 48.841898], [2.2967678, 48.8414699], [2.2966528, 48.8414774]]}}, {"type": "Feature", "properties": {"highway": "steps", "footway": null, "name": null, "surface": "concrete:plates", "lit": null, "length_m": 4.58, "type_element": "Way", "__fid": 19668}, "geometry": {"type": "LineString", "coordinates": [[2.2966651, 48.8415659], [2.2966853, 48.8416049]]}}, {"type": "Feature", "properties": {"highway": "steps", "footway": null, "name": null, "surface": "concrete:plates", "lit": null, "length_m": 14.03, "type_element": "Way", "__fid": 19691}, "geometry": {"type": "LineString", "coordinates": [[2.2966853, 48.8416049], [2.2967416, 48.8415935], [2.2967581, 48.841632], [2.2967271, 48.8416746]]}}, {"type": "Feature", "properties": {"highway": "footway", "footway": "sidewalk", "name": null, "surface": "asphalt", "lit": "yes", "length_m": 86.97, "type_element": "Way", "__fid": 19694}, "geometry": {"type": "LineString", "coordinates": [[2.2966715, 48.8428365], [2.2978549, 48.8428762]]}}, {"type": "Feature", "properties": {"highway": "footway", "footway": "crossing", "name": null, "surface": "sett", "lit": "yes", "length_m": 12.06, "type_element": "Way", "__fid": 19695}, "geometry": {"type": "LineString", "coordinates": [[2.2966715, 48.8428365], [2.2966701, 48.842945]]}}, {"type": "Feature", "properties": {"highway": "footway", "footway": "sidewalk", "name": null, "surface": "asphalt", "lit": null, "length_m": 86.08, "type_element": "Way", "__fid": 19696}, "geometry": {"type": "LineString", "coordinates": [[2.2978359, 48.8429759], [2.2973441, 48.8429582], [2.2973196, 48.8429484], [2.2971691, 48.8429442], [2.2971129, 48.8429509], [2.2967307, 48.8429389], [2.2966701, 48.842945]]}}, {"type": "Feature", "properties": {"highway": "footway", "footway": "sidewalk", "name": null, "surface": "asphalt", "lit": null, "length_m": 70.25, "type_element": "Way", "__fid": 19728}, "geometry": {"type": "LineString", "coordinates": [[2.2966896, 48.8436944], [2.297341, 48.843720200000014], [2.2973843, 48.8437589], [2.2976154, 48.8437698]]}}, {"type": "Feature", "properties": {"highway": "footway", "footway": "crossing", "name": null, "surface": "asphalt", "lit": null, "length_m": 12.18, "type_element": "Way", "__fid": 19729}, "geometry": {"type": "LineString", "coordinates": [[2.296693966666621, 48.84358486666667], [2.2966896, 48.8436944]]}}, {"type": "Feature", "properties": {"highway": "footway", "footway": null, "name": null, "surface": "compacted", "lit": null, "length_m": 18.25, "type_element": "Way", "__fid": 19736}, "geometry": {"type": "LineString", "coordinates": [[2.2967271, 48.8416746], [2.2969616, 48.8417291]]}}, {"type": "Feature", "properties": {"highway": "steps", "footway": null, "name": null, "surface": "sett", "lit": null, "length_m": 18.7, "type_element": "Way", "__fid": 19741}, "geometry": {"type": "LineString", "coordinates": [[2.2967314, 48.8419032], [2.296826, 48.841955699999986], [2.2968598, 48.84200339999999], [2.2969014, 48.842023400000016]]}}, {"type": "Feature", "properties": {"highway": "steps", "footway": null, "name": null, "surface": "concrete:plates", "lit": null, "length_m": 9.94, "type_element": "Way", "__fid": 19742}, "geometry": {"type": "LineString", "coordinates": [[2.2967314, 48.8419032], [2.2967905, 48.8418228]]}}, {"type": "Feature", "properties": {"highway": "footway", "footway": "sidewalk", "name": null, "surface": "asphalt", "lit": "yes", "length_m": 118.08, "type_element": "Way", "__fid": 19757}, "geometry": {"type": "LineString", "coordinates": [[2.2967683, 48.8413273], [2.2968193, 48.84137470000001], [2.2981893, 48.8418104]]}}, {"type": "Feature", "properties": {"highway": "footway", "footway": null, "name": null, "surface": "compacted", "lit": null, "length_m": 33.64, "type_element": "Way", "__fid": 19773}, "geometry": {"type": "LineString", "coordinates": [[2.2967905, 48.8418228], [2.29696, 48.84192], [2.2971934, 48.841929]]}}, {"type": "Feature", "properties": {"highway": "footway", "footway": "crossing", "name": null, "surface": "asphalt", "lit": "yes", "length_m": 11.85, "type_element": "Way", "__fid": 19796}, "geometry": {"type": "LineString", "coordinates": [[2.296789166666904, 48.844601100000105], [2.2969247, 48.8445431]]}}, {"type": "Feature", "properties": {"highway": "footway", "footway": null, "name": null, "surface": "compacted", "lit": null, "length_m": 55.32, "type_element": "Way", "__fid": 19797}, "geometry": {"type": "LineString", "coordinates": [[2.2968224, 48.8421898], [2.297374, 48.84252890000001]]}}, {"type": "Feature", "properties": {"highway": "footway", "footway": null, "name": null, "surface": "sett", "lit": null, "length_m": 20.04, "type_element": "Way", "__fid": 19798}, "geometry": {"type": "LineString", "coordinates": [[2.2968224, 48.8421898], [2.2968628, 48.842154499999985], [2.2968889, 48.8421174], [2.2969038, 48.8420738], [2.2969014, 48.842023400000016]]}}, {"type": "Feature", "properties": {"highway": "footway", "footway": "crossing", "name": null, "surface": "asphalt", "lit": "yes", "length_m": 9.39, "type_element": "Way", "__fid": 19801}, "geometry": {"type": "LineString", "coordinates": [[2.296796699999876, 48.844629933333366], [2.2968778, 48.8446953]]}}, {"type": "Feature", "properties": {"highway": "footway", "footway": null, "name": null, "surface": "compacted", "lit": null, "length_m": 63.26, "type_element": "Way", "__fid": 19835}, "geometry": {"type": "LineString", "coordinates": [[2.2969014, 48.842023400000016], [2.2974788, 48.8420426], [2.2975064, 48.842229]]}}, {"type": "Feature", "properties": {"highway": "footway", "footway": null, "name": null, "surface": "compacted", "lit": null, "length_m": 47.94, "type_element": "Way", "__fid": 19846}, "geometry": {"type": "LineString", "coordinates": [[2.2974823, 48.8426043], [2.2972673, 48.84274349999998], [2.2969157, 48.8427326]]}}, {"type": "Feature", "properties": {"highway": "steps", "footway": null, "name": null, "surface": "concrete", "lit": null, "length_m": 10.97, "type_element": "Way", "__fid": 19847}, "geometry": {"type": "LineString", "coordinates": [[2.2969157, 48.8427326], [2.2969215, 48.842634]]}}, {"type": "Feature", "properties": {"highway": "footway", "footway": null, "name": null, "surface": "compacted", "lit": null, "length_m": 39.27, "type_element": "Way", "__fid": 19852}, "geometry": {"type": "LineString", "coordinates": [[2.297374, 48.84252890000001], [2.2972217, 48.8426464], [2.2969215, 48.842634]]}}, {"type": "Feature", "properties": {"highway": "footway", "footway": null, "name": null, "surface": "compacted", "lit": null, "length_m": 26.19, "type_element": "Way", "__fid": 19866}, "geometry": {"type": "LineString", "coordinates": [[2.2969616, 48.8417291], [2.2969556, 48.8417761], [2.2970301, 48.84183530000002], [2.2971984, 48.8418438]]}}, {"type": "Feature", "properties": {"highway": "footway", "footway": null, "name": null, "surface": "compacted", "lit": null, "length_m": 53.36, "type_element": "Way", "__fid": 19867}, "geometry": {"type": "LineString", "coordinates": [[2.2969616, 48.8417291], [2.2970301, 48.8416964], [2.2971306, 48.8416826], [2.2975921, 48.8418184], [2.2975846, 48.8418407]]}}, {"type": "Feature", "properties": {"highway": "footway", "footway": "sidewalk", "name": null, "surface": null, "lit": null, "length_m": 56.57, "type_element": "Way", "__fid": 19868}, "geometry": {"type": "LineString", "coordinates": [[2.2974149, 48.8449357], [2.2969247, 48.8445431]]}}, {"type": "Feature", "properties": {"highway": "footway", "footway": null, "name": null, "surface": "compacted", "lit": null, "length_m": 35.8, "type_element": "Way", "__fid": 20023}, "geometry": {"type": "LineString", "coordinates": [[2.2971934, 48.841929], [2.2975902, 48.8419486], [2.297604, 48.8420072]]}}, {"type": "Feature", "properties": {"highway": "footway", "footway": null, "name": null, "surface": "compacted", "lit": null, "length_m": 9.48, "type_element": "Way", "__fid": 20024}, "geometry": {"type": "LineString", "coordinates": [[2.2971984, 48.8418438], [2.2971934, 48.841929]]}}, {"type": "Feature", "properties": {"highway": "footway", "footway": null, "name": null, "surface": "compacted", "lit": null, "length_m": 30.32, "type_element": "Way", "__fid": 20025}, "geometry": {"type": "LineString", "coordinates": [[2.2975846, 48.8418407], [2.2975774, 48.841862], [2.2971984, 48.8418438]]}}, {"type": "Feature", "properties": {"highway": "footway", "footway": "crossing", "name": null, "surface": null, "lit": "yes", "length_m": 11.86, "type_element": "Way", "__fid": 20127}, "geometry": {"type": "LineString", "coordinates": [[2.297292100000193, 48.84500496666675], [2.2974149, 48.8449357]]}}, {"type": "Feature", "properties": {"highway": "steps", "footway": null, "name": null, "surface": "concrete", "lit": null, "length_m": 11.55, "type_element": "Way", "__fid": 20161}, "geometry": {"type": "LineString", "coordinates": [[2.297374, 48.84252890000001], [2.2974823, 48.8426043]]}}, {"type": "Feature", "properties": {"highway": "footway", "footway": null, "name": null, "surface": "compacted", "lit": null, "length_m": 38.38, "type_element": "Way", "__fid": 20162}, "geometry": {"type": "LineString", "coordinates": [[2.2975064, 48.842229], [2.2975411, 48.8424121], [2.297374, 48.84252890000001]]}}, {"type": "Feature", "properties": {"highway": "footway", "footway": "sidewalk", "name": null, "surface": null, "lit": null, "length_m": 2.37, "type_element": "Way", "__fid": 20205}, "geometry": {"type": "LineString", "coordinates": [[2.2974411, 48.8449481], [2.2974149, 48.8449357]]}}, {"type": "Feature", "properties": {"highway": "footway", "footway": "traffic_island", "name": null, "surface": null, "lit": null, "length_m": 29.4, "type_element": "Way", "__fid": 20224}, "geometry": {"type": "LineString", "coordinates": [[2.2974411, 48.8449481], [2.297599, 48.845079], [2.2977004, 48.8451493]]}}, {"type": "Feature", "properties": {"highway": "footway", "footway": "sidewalk", "name": null, "surface": null, "lit": null, "length_m": 7.79, "type_element": "Way", "__fid": 20225}, "geometry": {"type": "LineString", "coordinates": [[2.2975428, 48.844928], [2.2974411, 48.8449481]]}}, {"type": "Feature", "properties": {"highway": "footway", "footway": null, "name": null, "surface": "compacted", "lit": null, "length_m": 43.1, "type_element": "Way", "__fid": 20239}, "geometry": {"type": "LineString", "coordinates": [[2.2974823, 48.8426043], [2.2977986, 48.8427818], [2.297914, 48.842866]]}}, {"type": "Feature", "properties": {"highway": "footway", "footway": null, "name": null, "surface": "compacted", "lit": null, "length_m": 50.26, "type_element": "Way", "__fid": 20240}, "geometry": {"type": "LineString", "coordinates": [[2.2976492, 48.8422103], [2.2976921, 48.8424627], [2.2974823, 48.8426043]]}}, {"type": "Feature", "properties": {"highway": "steps", "footway": null, "name": null, "surface": "concrete:plates", "lit": null, "length_m": 10.68, "type_element": "Way", "__fid": 20253}, "geometry": {"type": "LineString", "coordinates": [[2.2975064, 48.842229], [2.2976492, 48.8422103]]}}, {"type": "Feature", "properties": {"highway": "footway", "footway": "crossing", "name": null, "surface": null, "lit": null, "length_m": 13.01, "type_element": "Way", "__fid": 20320}, "geometry": {"type": "LineString", "coordinates": [[2.2977188, 48.8449419], [2.2975428, 48.844928]]}}, {"type": "Feature", "properties": {"highway": "footway", "footway": "sidewalk", "name": null, "surface": null, "lit": null, "length_m": 127.16, "type_element": "Way", "__fid": 20321}, "geometry": {"type": "LineString", "coordinates": [[2.2976376, 48.8437891], [2.2976555, 48.843827], [2.2975568, 48.8448818], [2.2975428, 48.844928]]}}, {"type": "Feature", "properties": {"highway": "footway", "footway": null, "name": null, "surface": "compacted", "lit": null, "length_m": 36.23, "type_element": "Way", "__fid": 20322}, "geometry": {"type": "LineString", "coordinates": [[2.2975846, 48.8418407], [2.2978905, 48.841900699999975], [2.2979414, 48.8419298], [2.2979967, 48.841990400000014]]}}, {"type": "Feature", "properties": {"highway": "footway", "footway": null, "name": null, "surface": "compacted", "lit": null, "length_m": 30.61, "type_element": "Way", "__fid": 20331}, "geometry": {"type": "LineString", "coordinates": [[2.2979967, 48.841990400000014], [2.2979059, 48.8420308], [2.2977498, 48.8420341], [2.297604, 48.8420072]]}}, {"type": "Feature", "properties": {"highway": "footway", "footway": null, "name": null, "surface": "compacted", "lit": null, "length_m": 22.83, "type_element": "Way", "__fid": 20332}, "geometry": {"type": "LineString", "coordinates": [[2.297604, 48.8420072], [2.2976492, 48.8422103]]}}, {"type": "Feature", "properties": {"highway": "footway", "footway": "sidewalk", "name": null, "surface": "asphalt", "lit": "yes", "length_m": 2.69, "type_element": "Way", "__fid": 20351}, "geometry": {"type": "LineString", "coordinates": [[2.2976154, 48.8437698], [2.2976376, 48.8437891]]}}, {"type": "Feature", "properties": {"highway": "footway", "footway": "crossing", "name": null, "surface": "asphalt", "lit": "yes", "length_m": 17.65, "type_element": "Way", "__fid": 20352}, "geometry": {"type": "LineString", "coordinates": [[2.2976532, 48.843613], [2.2976154, 48.8437698]]}}, {"type": "Feature", "properties": {"highway": "footway", "footway": "crossing", "name": null, "surface": "asphalt", "lit": "yes", "length_m": 14.64, "type_element": "Way", "__fid": 20363}, "geometry": {"type": "LineString", "coordinates": [[2.2976376, 48.8437891], [2.2977019, 48.843776900000016], [2.2978091, 48.8437772], [2.2978316, 48.843785]]}}, {"type": "Feature", "properties": {"highway": "footway", "footway": "sidewalk", "name": null, "surface": "asphalt", "lit": null, "length_m": 5.47, "type_element": "Way", "__fid": 20380}, "geometry": {"type": "LineString", "coordinates": [[2.2976532, 48.843613], [2.2977163, 48.84358690000001]]}}, {"type": "Feature", "properties": {"highway": "footway", "footway": null, "name": "Villa Fondary", "surface": null, "lit": null, "length_m": 2.84, "type_element": "Way", "__fid": 20421}, "geometry": {"type": "LineString", "coordinates": [[2.2976725, 48.8463697], [2.2976922, 48.846391699999984]]}}, {"type": "Feature", "properties": {"highway": "footway", "footway": "crossing", "name": null, "surface": "asphalt", "lit": "yes", "length_m": 13.01, "type_element": "Way", "__fid": 20426}, "geometry": {"type": "LineString", "coordinates": [[2.2978898, 48.8435993], [2.2978568, 48.8436051], [2.2977163, 48.84358690000001]]}}, {"type": "Feature", "properties": {"highway": "footway", "footway": "sidewalk", "name": null, "surface": "asphalt", "lit": null, "length_m": 66.33, "type_element": "Way", "__fid": 20427}, "geometry": {"type": "LineString", "coordinates": [[2.2977163, 48.84358690000001], [2.2978638, 48.8429984]]}}, {"type": "Feature", "properties": {"highway": "footway", "footway": "sidewalk", "name": null, "surface": null, "lit": null, "length_m": 15.52, "type_element": "Way", "__fid": 20431}, "geometry": {"type": "LineString", "coordinates": [[2.2977004, 48.8451493], [2.297777, 48.84510619999999], [2.297872, 48.8450686]]}}, {"type": "Feature", "properties": {"highway": "footway", "footway": "crossing", "name": null, "surface": null, "lit": null, "length_m": 13.95, "type_element": "Way", "__fid": 20439}, "geometry": {"type": "LineString", "coordinates": [[2.297709, 48.84727840000002], [2.2976774, 48.8474021]]}}, {"type": "Feature", "properties": {"highway": "footway", "footway": null, "name": "Villa Fondary", "surface": null, "lit": null, "length_m": 149.41, "type_element": "Way", "__fid": 20442}, "geometry": {"type": "LineString", "coordinates": [[2.2976922, 48.846391699999984], [2.2980644, 48.8468084], [2.298797, 48.8464458], [2.2989193, 48.8464286], [2.2991146, 48.8463131]]}}, {"type": "Feature", "properties": {"highway": "footway", "footway": "sidewalk", "name": null, "surface": "asphalt", "lit": null, "length_m": 82.14, "type_element": "Way", "__fid": 20443}, "geometry": {"type": "LineString", "coordinates": [[2.2976922, 48.846391699999984], [2.2986677, 48.8460295]]}}, {"type": "Feature", "properties": {"highway": "footway", "footway": "sidewalk", "name": null, "surface": "asphalt", "lit": null, "length_m": 8.0, "type_element": "Way", "__fid": 20444}, "geometry": {"type": "LineString", "coordinates": [[2.297801239999759, 48.844988960000066], [2.2977188, 48.8449419]]}}, {"type": "Feature", "properties": {"highway": "footway", "footway": "sidewalk", "name": null, "surface": "asphalt", "lit": null, "length_m": 128.91, "type_element": "Way", "__fid": 20445}, "geometry": {"type": "LineString", "coordinates": [[2.2977188, 48.8449419], [2.2978316, 48.843785]]}}, {"type": "Feature", "properties": {"highway": "footway", "footway": "sidewalk", "name": null, "surface": null, "lit": null, "length_m": 11.21, "type_element": "Way", "__fid": 20470}, "geometry": {"type": "LineString", "coordinates": [[2.297709, 48.84727840000002], [2.2978613, 48.84728659999998]]}}, {"type": "Feature", "properties": {"highway": "footway", "footway": "crossing", "name": null, "surface": null, "lit": "yes", "length_m": 10.27, "type_element": "Way", "__fid": 20523}, "geometry": {"type": "LineString", "coordinates": [[2.297801239999759, 48.844988960000066], [2.297872, 48.8450686]]}}, {"type": "Feature", "properties": {"highway": "footway", "footway": "sidewalk", "name": null, "surface": "asphalt", "lit": "yes", "length_m": 164.1, "type_element": "Way", "__fid": 20524}, "geometry": {"type": "LineString", "coordinates": [[2.29837983333324, 48.84377550000015], [2.2983694, 48.84483360000004], [2.2983413, 48.844848], [2.2982263, 48.844842], [2.2981392, 48.8448635], [2.2978374, 48.84498210000001], [2.297801239999759, 48.844988960000066]]}}, {"type": "Feature", "properties": {"highway": "footway", "footway": "sidewalk", "name": null, "surface": "asphalt", "lit": null, "length_m": 3.23, "type_element": "Way", "__fid": 20529}, "geometry": {"type": "LineString", "coordinates": [[2.2978638, 48.8429984], [2.2978359, 48.8429759]]}}, {"type": "Feature", "properties": {"highway": "footway", "footway": "crossing", "name": null, "surface": "asphalt", "lit": "yes", "length_m": 11.17, "type_element": "Way", "__fid": 20530}, "geometry": {"type": "LineString", "coordinates": [[2.2978549, 48.8428762], [2.2978359, 48.8429759]]}}, {"type": "Feature", "properties": {"highway": "footway", "footway": "sidewalk", "name": null, "surface": "asphalt", "lit": "yes", "length_m": 7.45, "type_element": "Way", "__fid": 20534}, "geometry": {"type": "LineString", "coordinates": [[2.2978316, 48.843785], [2.2979137, 48.843745599999984]]}}, {"type": "Feature", "properties": {"highway": "footway", "footway": "sidewalk", "name": null, "surface": "asphalt", "lit": "yes", "length_m": 4.48, "type_element": "Way", "__fid": 20542}, "geometry": {"type": "LineString", "coordinates": [[2.2978549, 48.8428762], [2.297914, 48.842866]]}}, {"type": "Feature", "properties": {"highway": "footway", "footway": "crossing", "name": null, "surface": "asphalt", "lit": "yes", "length_m": 15.13, "type_element": "Way", "__fid": 20553}, "geometry": {"type": "LineString", "coordinates": [[2.2978638, 48.8429984], [2.2979272, 48.8429959], [2.2980454, 48.8430061], [2.2980654, 48.8430142]]}}, {"type": "Feature", "properties": {"highway": "footway", "footway": "crossing", "name": null, "surface": null, "lit": "yes", "length_m": 14.23, "type_element": "Way", "__fid": 20563}, "geometry": {"type": "LineString", "coordinates": [[2.297851866666536, 48.84526693333338], [2.2979867, 48.84535889999999]]}}, {"type": "Feature", "properties": {"highway": "footway", "footway": "sidewalk", "name": null, "surface": "asphalt", "lit": null, "length_m": 80.43, "type_element": "Way", "__fid": 20572}, "geometry": {"type": "LineString", "coordinates": [[2.297859, 48.8454399], [2.2985594, 48.8459283], [2.2985872, 48.8459512], [2.2985807, 48.8459723]]}}, {"type": "Feature", "properties": {"highway": "footway", "footway": "crossing", "name": null, "surface": null, "lit": "yes", "length_m": 13.13, "type_element": "Way", "__fid": 20573}, "geometry": {"type": "LineString", "coordinates": [[2.2979867, 48.84535889999999], [2.2979658, 48.84538159999999], [2.297859, 48.8454399]]}}, {"type": "Feature", "properties": {"highway": "footway", "footway": "sidewalk", "name": null, "surface": "asphalt", "lit": "yes", "length_m": 4.36, "type_element": "Way", "__fid": 20576}, "geometry": {"type": "LineString", "coordinates": [[2.2979345, 48.8436251], [2.2978898, 48.8435993]]}}, {"type": "Feature", "properties": {"highway": "footway", "footway": "sidewalk", "name": null, "surface": "asphalt", "lit": "yes", "length_m": 66.32, "type_element": "Way", "__fid": 20577}, "geometry": {"type": "LineString", "coordinates": [[2.2978898, 48.8435993], [2.2980654, 48.8430142]]}}, {"type": "Feature", "properties": {"highway": "footway", "footway": "sidewalk", "name": null, "surface": "asphalt", "lit": "yes", "length_m": 4.27, "type_element": "Way", "__fid": 20587}, "geometry": {"type": "LineString", "coordinates": [[2.297914, 48.842866], [2.2979441, 48.8428331]]}}, {"type": "Feature", "properties": {"highway": "footway", "footway": "crossing", "name": null, "surface": null, "lit": "yes", "length_m": 15.27, "type_element": "Way", "__fid": 20589}, "geometry": {"type": "LineString", "coordinates": [[2.2978613, 48.84728659999998], [2.2980617, 48.8473236]]}}, {"type": "Feature", "properties": {"highway": "footway", "footway": "sidewalk", "name": null, "surface": "asphalt", "lit": null, "length_m": 143.1, "type_element": "Way", "__fid": 20590}, "geometry": {"type": "LineString", "coordinates": [[2.2995295, 48.8466249], [2.2979317, 48.8472386], [2.2978613, 48.84728659999998]]}}, {"type": "Feature", "properties": {"highway": "footway", "footway": "sidewalk", "name": null, "surface": "asphalt", "lit": "yes", "length_m": 31.97, "type_element": "Way", "__fid": 20594}, "geometry": {"type": "LineString", "coordinates": [[2.2979137, 48.843745599999984], [2.2983491, 48.8437547]]}}, {"type": "Feature", "properties": {"highway": "footway", "footway": "crossing", "name": null, "surface": "asphalt", "lit": "yes", "length_m": 13.56, "type_element": "Way", "__fid": 20595}, "geometry": {"type": "LineString", "coordinates": [[2.2979137, 48.843745599999984], [2.2979099, 48.84372720000001], [2.2979345, 48.8436251]]}}, {"type": "Feature", "properties": {"highway": "footway", "footway": "crossing", "name": null, "surface": "asphalt", "lit": "yes", "length_m": 12.78, "type_element": "Way", "__fid": 20609}, "geometry": {"type": "LineString", "coordinates": [[2.298117, 48.842836300000016], [2.2980864, 48.8428408], [2.2979441, 48.8428331]]}}, {"type": "Feature", "properties": {"highway": "footway", "footway": "sidewalk", "name": null, "surface": "asphalt", "lit": "yes", "length_m": 99.29, "type_element": "Way", "__fid": 20610}, "geometry": {"type": "LineString", "coordinates": [[2.2979441, 48.8428331], [2.2981572, 48.8419768], [2.2981445, 48.8419531]]}}, {"type": "Feature", "properties": {"highway": "footway", "footway": "sidewalk", "name": null, "surface": "asphalt", "lit": "yes", "length_m": 34.14, "type_element": "Way", "__fid": 20611}, "geometry": {"type": "LineString", "coordinates": [[2.2983994, 48.8436353], [2.2979345, 48.8436251]]}}, {"type": "Feature", "properties": {"highway": "footway", "footway": null, "name": null, "surface": "compacted", "lit": null, "length_m": 12.05, "type_element": "Way", "__fid": 20639}, "geometry": {"type": "LineString", "coordinates": [[2.2981312, 48.8419282], [2.2979967, 48.841990400000014]]}}, {"type": "Feature", "properties": {"highway": "footway", "footway": "sidewalk", "name": null, "surface": "asphalt", "lit": "yes", "length_m": 70.92, "type_element": "Way", "__fid": 20665}, "geometry": {"type": "LineString", "coordinates": [[2.2986548, 48.8458197], [2.2979867, 48.84535889999999]]}}, {"type": "Feature", "properties": {"highway": "footway", "footway": "sidewalk", "name": null, "surface": "asphalt", "lit": null, "length_m": 53.41, "type_element": "Way", "__fid": 20666}, "geometry": {"type": "LineString", "coordinates": [[2.2979867, 48.84535889999999], [2.298025, 48.8453107], [2.298425, 48.845142400000015], [2.2984909, 48.8450887], [2.2985123, 48.8450473]]}}, {"type": "Feature", "properties": {"highway": "footway", "footway": "sidewalk", "name": null, "surface": "asphalt", "lit": "yes", "length_m": 57.66, "type_element": "Way", "__fid": 20681}, "geometry": {"type": "LineString", "coordinates": [[2.2980645, 48.8413361], [2.2987743, 48.841558300000024]]}}, {"type": "Feature", "properties": {"highway": "footway", "footway": "sidewalk", "name": null, "surface": "asphalt", "lit": "yes", "length_m": 3.4, "type_element": "Way", "__fid": 20696}, "geometry": {"type": "LineString", "coordinates": [[2.2980654, 48.8430142], [2.2981027, 48.8429961]]}}, {"type": "Feature", "properties": {"highway": "footway", "footway": "sidewalk", "name": null, "surface": "asphalt", "lit": "yes", "length_m": 4.27, "type_element": "Way", "__fid": 20703}, "geometry": {"type": "LineString", "coordinates": [[2.2981312, 48.8419282], [2.2980952, 48.841898]]}}, {"type": "Feature", "properties": {"highway": "footway", "footway": "crossing", "name": null, "surface": "asphalt", "lit": "yes", "length_m": 12.06, "type_element": "Way", "__fid": 20704}, "geometry": {"type": "LineString", "coordinates": [[2.2980952, 48.841898], [2.2981202, 48.84188489999999], [2.2981893, 48.8418104]]}}, {"type": "Feature", "properties": {"highway": "footway", "footway": "crossing", "name": null, "surface": "asphalt", "lit": "yes", "length_m": 15.43, "type_element": "Way", "__fid": 20714}, "geometry": {"type": "LineString", "coordinates": [[2.2981027, 48.8429961], [2.2981288, 48.8428781], [2.2981436, 48.8428612]]}}, {"type": "Feature", "properties": {"highway": "footway", "footway": "sidewalk", "name": null, "surface": "asphalt", "lit": "yes", "length_m": 36.05, "type_element": "Way", "__fid": 20715}, "geometry": {"type": "LineString", "coordinates": [[2.2981027, 48.8429961], [2.2981386, 48.8429923], [2.2985209, 48.8430062], [2.2985831, 48.8430301]]}}, {"type": "Feature", "properties": {"highway": "footway", "footway": "sidewalk", "name": null, "surface": "asphalt", "lit": "yes", "length_m": 3.39, "type_element": "Way", "__fid": 20725}, "geometry": {"type": "LineString", "coordinates": [[2.298117, 48.842836300000016], [2.2981436, 48.8428612]]}}, {"type": "Feature", "properties": {"highway": "footway", "footway": "sidewalk", "name": null, "surface": "asphalt", "lit": "yes", "length_m": 103.86, "type_element": "Way", "__fid": 20726}, "geometry": {"type": "LineString", "coordinates": [[2.2983337, 48.8419149], [2.2981093, 48.8428035], [2.298117, 48.842836300000016]]}}, {"type": "Feature", "properties": {"highway": "footway", "footway": "sidewalk", "name": null, "surface": "asphalt", "lit": "yes", "length_m": 2.94, "type_element": "Way", "__fid": 20728}, "geometry": {"type": "LineString", "coordinates": [[2.2981445, 48.8419531], [2.2981312, 48.8419282]]}}, {"type": "Feature", "properties": {"highway": "footway", "footway": "sidewalk", "name": null, "surface": "asphalt", "lit": null, "length_m": 5.07, "type_element": "Way", "__fid": 20734}, "geometry": {"type": "LineString", "coordinates": [[2.2981284, 48.8473354], [2.2980617, 48.8473236]]}}, {"type": "Feature", "properties": {"highway": "footway", "footway": "sidewalk", "name": null, "surface": "asphalt", "lit": "yes", "length_m": 136.62, "type_element": "Way", "__fid": 20735}, "geometry": {"type": "LineString", "coordinates": [[2.299599, 48.8466756], [2.29806, 48.8472736], [2.2980617, 48.8473236]]}}, {"type": "Feature", "properties": {"highway": "footway", "footway": "crossing", "name": null, "surface": "asphalt", "lit": "yes", "length_m": 14.52, "type_element": "Way", "__fid": 20741}, "geometry": {"type": "LineString", "coordinates": [[2.2981445, 48.8419531], [2.2983337, 48.8419149]]}}, {"type": "Feature", "properties": {"highway": "footway", "footway": "sidewalk", "name": null, "surface": "asphalt", "lit": "yes", "length_m": 36.48, "type_element": "Way", "__fid": 20745}, "geometry": {"type": "LineString", "coordinates": [[2.2981436, 48.8428612], [2.2981946, 48.8428735], [2.2985901, 48.84288690000001], [2.2986338, 48.84287590000002]]}}, {"type": "Feature", "properties": {"highway": "footway", "footway": "crossing", "name": null, "surface": "asphalt", "lit": null, "length_m": 14.25, "type_element": "Way", "__fid": 20754}, "geometry": {"type": "LineString", "coordinates": [[2.2981284, 48.8473354], [2.298095, 48.8474616]]}}, {"type": "Feature", "properties": {"highway": "footway", "footway": "sidewalk", "name": null, "surface": "asphalt", "lit": "yes", "length_m": 9.37, "type_element": "Way", "__fid": 20774}, "geometry": {"type": "LineString", "coordinates": [[2.2982987, 48.8418539], [2.2981893, 48.8418104]]}}, {"type": "Feature", "properties": {"highway": "footway", "footway": "sidewalk", "name": null, "surface": "asphalt", "lit": null, "length_m": 115.89, "type_element": "Way", "__fid": 20784}, "geometry": {"type": "LineString", "coordinates": [[2.2996703, 48.8475607], [2.2981284, 48.8473354]]}}, {"type": "Feature", "properties": {"highway": "pedestrian", "footway": null, "name": "Rue Léon Séché", "surface": "sett", "lit": "yes", "length_m": 6.82, "type_element": "Way", "__fid": 20794}, "geometry": {"type": "LineString", "coordinates": [[2.2982987, 48.8418539], [2.2982215, 48.841888]]}}, {"type": "Feature", "properties": {"highway": "footway", "footway": "sidewalk", "name": null, "surface": "asphalt", "lit": "yes", "length_m": 7.25, "type_element": "Way", "__fid": 20830}, "geometry": {"type": "LineString", "coordinates": [[2.2983337, 48.8419149], [2.2982987, 48.8418539]]}}, {"type": "Feature", "properties": {"highway": "pedestrian", "footway": null, "name": "Rue Léon Séché", "surface": "sett", "lit": "yes", "length_m": 39.71, "type_element": "Way", "__fid": 20831}, "geometry": {"type": "LineString", "coordinates": [[2.2987812, 48.8416923], [2.2982987, 48.8418539]]}}, {"type": "Feature", "properties": {"highway": "footway", "footway": "sidewalk", "name": null, "surface": "asphalt", "lit": "yes", "length_m": 50.16, "type_element": "Way", "__fid": 20834}, "geometry": {"type": "LineString", "coordinates": [[2.2983241, 48.8412495], [2.2983299, 48.8412659], [2.2989254, 48.8414506]]}}, {"type": "Feature", "properties": {"highway": "footway", "footway": "sidewalk", "name": null, "surface": "asphalt", "lit": "yes", "length_m": 3.23, "type_element": "Way", "__fid": 20865}, "geometry": {"type": "LineString", "coordinates": [[2.2983491, 48.8437547], [2.29837983333324, 48.84377550000015]]}}, {"type": "Feature", "properties": {"highway": "footway", "footway": "crossing", "name": null, "surface": "asphalt", "lit": "yes", "length_m": 13.93, "type_element": "Way", "__fid": 20866}, "geometry": {"type": "LineString", "coordinates": [[2.2983994, 48.8436353], [2.2984021, 48.8436518], [2.2983491, 48.8437547]]}}, {"type": "Feature", "properties": {"highway": "footway", "footway": "sidewalk", "name": null, "surface": "asphalt", "lit": "yes", "length_m": 10.14, "type_element": "Way", "__fid": 20881}, "geometry": {"type": "LineString", "coordinates": [[2.29837983333324, 48.84377550000015], [2.2984435, 48.8437786], [2.2985137, 48.84379459999999]]}}, {"type": "Feature", "properties": {"highway": "footway", "footway": "sidewalk", "name": null, "surface": "asphalt", "lit": "yes", "length_m": 7.63, "type_element": "Way", "__fid": 20893}, "geometry": {"type": "LineString", "coordinates": [[2.2984819, 48.843593599999984], [2.2983994, 48.8436353]]}}, {"type": "Feature", "properties": {"highway": "footway", "footway": null, "name": "Rue Jean Fourastié", "surface": "asphalt", "lit": null, "length_m": 3.91, "type_element": "Way", "__fid": 20933}, "geometry": {"type": "LineString", "coordinates": [[2.2985123, 48.8450473], [2.2984591, 48.8450458]]}}, {"type": "Feature", "properties": {"highway": "footway", "footway": "sidewalk", "name": null, "surface": "asphalt", "lit": "yes", "length_m": 60.26, "type_element": "Way", "__fid": 20934}, "geometry": {"type": "LineString", "coordinates": [[2.2986171, 48.8430606], [2.2986237, 48.8430893], [2.2984819, 48.843593599999984]]}}, {"type": "Feature", "properties": {"highway": "footway", "footway": "crossing", "name": null, "surface": "asphalt", "lit": "yes", "length_m": 13.92, "type_element": "Way", "__fid": 20935}, "geometry": {"type": "LineString", "coordinates": [[2.2986711, 48.843602], [2.2984819, 48.843593599999984]]}}, {"type": "Feature", "properties": {"highway": "footway", "footway": "sidewalk", "name": null, "surface": "asphalt", "lit": null, "length_m": 140.32, "type_element": "Way", "__fid": 20955}, "geometry": {"type": "LineString", "coordinates": [[2.2985123, 48.8450473], [2.2985185, 48.8449866], [2.2984866, 48.844897500000016], [2.2984794, 48.8438297], [2.2985137, 48.84379459999999]]}}, {"type": "Feature", "properties": {"highway": "footway", "footway": "sidewalk", "name": null, "surface": "asphalt", "lit": "yes", "length_m": 11.86, "type_element": "Way", "__fid": 20956}, "geometry": {"type": "LineString", "coordinates": [[2.2985137, 48.84379459999999], [2.2986462, 48.8437336]]}}, {"type": "Feature", "properties": {"highway": "footway", "footway": null, "name": "Rue Jean Fourastié", "surface": "asphalt", "lit": null, "length_m": 48.24, "type_element": "Way", "__fid": 20965}, "geometry": {"type": "LineString", "coordinates": [[2.299169, 48.8450655], [2.2985123, 48.8450473]]}}, {"type": "Feature", "properties": {"highway": "footway", "footway": "sidewalk", "name": null, "surface": "asphalt", "lit": "yes", "length_m": 4.21, "type_element": "Way", "__fid": 20981}, "geometry": {"type": "LineString", "coordinates": [[2.2985831, 48.8430301], [2.2986171, 48.8430606]]}}, {"type": "Feature", "properties": {"highway": "footway", "footway": "crossing", "name": null, "surface": "asphalt", "lit": "yes", "length_m": 19.23, "type_element": "Way", "__fid": 20982}, "geometry": {"type": "LineString", "coordinates": [[2.2985831, 48.8430301], [2.2986081, 48.843018], [2.2986558, 48.84288849999999], [2.2986338, 48.84287590000002]]}}, {"type": "Feature", "properties": {"highway": "footway", "footway": "crossing", "name": null, "surface": null, "lit": "yes", "length_m": 13.37, "type_element": "Way", "__fid": 20986}, "geometry": {"type": "LineString", "coordinates": [[2.298560433333474, 48.845922600000044], [2.2986548, 48.8458197]]}}, {"type": "Feature", "properties": {"highway": "footway", "footway": "crossing", "name": null, "surface": "asphalt", "lit": "yes", "length_m": 14.06, "type_element": "Way", "__fid": 20997}, "geometry": {"type": "LineString", "coordinates": [[2.2986171, 48.8430606], [2.2988073, 48.8430758]]}}, {"type": "Feature", "properties": {"highway": "footway", "footway": "crossing", "name": null, "surface": "asphalt", "lit": "yes", "length_m": 9.01, "type_element": "Way", "__fid": 20999}, "geometry": {"type": "LineString", "coordinates": [[2.2985807, 48.8459723], [2.2986677, 48.8460295]]}}, {"type": "Feature", "properties": {"highway": "footway", "footway": "sidewalk", "name": null, "surface": "asphalt", "lit": "yes", "length_m": 5.57, "type_element": "Way", "__fid": 21004}, "geometry": {"type": "LineString", "coordinates": [[2.2986338, 48.84287590000002], [2.2986882, 48.842841]]}}, {"type": "Feature", "properties": {"highway": "footway", "footway": "crossing", "name": null, "surface": "asphalt", "lit": "yes", "length_m": 13.22, "type_element": "Way", "__fid": 21020}, "geometry": {"type": "LineString", "coordinates": [[2.2986462, 48.8437336], [2.2986838, 48.843617299999984]]}}, {"type": "Feature", "properties": {"highway": "footway", "footway": "sidewalk", "name": null, "surface": "asphalt", "lit": "yes", "length_m": 90.26, "type_element": "Way", "__fid": 21021}, "geometry": {"type": "LineString", "coordinates": [[2.2986462, 48.8437336], [2.2998016, 48.8434556]]}}, {"type": "Feature", "properties": {"highway": "footway", "footway": "sidewalk", "name": null, "surface": "asphalt", "lit": "yes", "length_m": 1.94, "type_element": "Way", "__fid": 21039}, "geometry": {"type": "LineString", "coordinates": [[2.2986838, 48.843617299999984], [2.2986711, 48.843602]]}}, {"type": "Feature", "properties": {"highway": "footway", "footway": "sidewalk", "name": null, "surface": "asphalt", "lit": "yes", "length_m": 59.36, "type_element": "Way", "__fid": 21040}, "geometry": {"type": "LineString", "coordinates": [[2.2988073, 48.8430758], [2.2986711, 48.843602]]}}, {"type": "Feature", "properties": {"highway": "footway", "footway": "crossing", "name": null, "surface": "asphalt", "lit": "yes", "length_m": 13.01, "type_element": "Way", "__fid": 21049}, "geometry": {"type": "LineString", "coordinates": [[2.2986882, 48.842841], [2.2988626, 48.842862]]}}, {"type": "Feature", "properties": {"highway": "footway", "footway": "sidewalk", "name": null, "surface": "asphalt", "lit": "yes", "length_m": 128.24, "type_element": "Way", "__fid": 21050}, "geometry": {"type": "LineString", "coordinates": [[2.2986882, 48.842841], [2.2989825, 48.8417042]]}}, {"type": "Feature", "properties": {"highway": "footway", "footway": "sidewalk", "name": null, "surface": "asphalt", "lit": "yes", "length_m": 88.78, "type_element": "Way", "__fid": 21060}, "geometry": {"type": "LineString", "coordinates": [[2.2986838, 48.843617299999984], [2.2988015, 48.8436033], [2.2998227, 48.843351700000014]]}}, {"type": "Feature", "properties": {"highway": "footway", "footway": "sidewalk", "name": null, "surface": "asphalt", "lit": "yes", "length_m": 2.77, "type_element": "Way", "__fid": 21061}, "geometry": {"type": "LineString", "coordinates": [[2.2986926, 48.8458197], [2.2986548, 48.8458197]]}}, {"type": "Feature", "properties": {"highway": "footway", "footway": "sidewalk", "name": null, "surface": "asphalt", "lit": null, "length_m": 45.88, "type_element": "Way", "__fid": 21067}, "geometry": {"type": "LineString", "coordinates": [[2.2986677, 48.8460295], [2.2987257, 48.84604450000001], [2.2991146, 48.8463131]]}}, {"type": "Feature", "properties": {"highway": "footway", "footway": "crossing", "name": null, "surface": "asphalt", "lit": null, "length_m": 17.54, "type_element": "Way", "__fid": 21078}, "geometry": {"type": "LineString", "coordinates": [[2.2986926, 48.8458197], [2.2987029, 48.8458574], [2.298829, 48.84594309999998]]}}, {"type": "Feature", "properties": {"highway": "footway", "footway": "sidewalk", "name": null, "surface": "asphalt", "lit": "yes", "length_m": 95.51, "type_element": "Way", "__fid": 21079}, "geometry": {"type": "LineString", "coordinates": [[2.299169, 48.8450655], [2.2991286, 48.8452025], [2.2991021, 48.8452462], [2.2991375, 48.8452687], [2.298974, 48.84551], [2.2989243, 48.84551730000001], [2.2987301, 48.8457996], [2.2986926, 48.8458197]]}}, {"type": "Feature", "properties": {"highway": "pedestrian", "footway": null, "name": "Rue Léon Séché", "surface": "sett", "lit": "yes", "length_m": 7.37, "type_element": "Way", "__fid": 21083}, "geometry": {"type": "LineString", "coordinates": [[2.2987592, 48.8414928], [2.2987743, 48.841558300000024]]}}, {"type": "Feature", "properties": {"highway": "footway", "footway": "sidewalk", "name": null, "surface": "asphalt", "lit": "yes", "length_m": 6.11, "type_element": "Way", "__fid": 21092}, "geometry": {"type": "LineString", "coordinates": [[2.298851, 48.8415797], [2.2987743, 48.841558300000024]]}}, {"type": "Feature", "properties": {"highway": "pedestrian", "footway": null, "name": "Rue Léon Séché", "surface": "sett", "lit": "yes", "length_m": 15.05, "type_element": "Way", "__fid": 21093}, "geometry": {"type": "LineString", "coordinates": [[2.2987743, 48.841558300000024], [2.2987922, 48.8416294], [2.2987812, 48.8416923]]}}, {"type": "Feature", "properties": {"highway": "pedestrian", "footway": null, "name": "Rue Léon Séché", "surface": "asphalt", "lit": "yes", "length_m": 14.83, "type_element": "Way", "__fid": 21101}, "geometry": {"type": "LineString", "coordinates": [[2.2989825, 48.8417042], [2.2987812, 48.8416923]]}}, {"type": "Feature", "properties": {"highway": "footway", "footway": "crossing", "name": null, "surface": "asphalt", "lit": "yes", "length_m": 10.89, "type_element": "Way", "__fid": 21111}, "geometry": {"type": "LineString", "coordinates": [[2.298732833333571, 48.84604103333345], [2.2988401, 48.84597340000001]]}}, {"type": "Feature", "properties": {"highway": "footway", "footway": "sidewalk", "name": null, "surface": "asphalt", "lit": "yes", "length_m": 24.12, "type_element": "Way", "__fid": 21133}, "geometry": {"type": "LineString", "coordinates": [[2.2988626, 48.842862], [2.2988073, 48.8430758]]}}, {"type": "Feature", "properties": {"highway": "footway", "footway": "sidewalk", "name": null, "surface": "asphalt", "lit": "yes", "length_m": 16.54, "type_element": "Way", "__fid": 21151}, "geometry": {"type": "LineString", "coordinates": [[2.298851, 48.8415797], [2.2989897, 48.841612699999985], [2.2989838, 48.841664]]}}, {"type": "Feature", "properties": {"highway": "footway", "footway": "crossing", "name": null, "surface": "asphalt", "lit": "yes", "length_m": 15.36, "type_element": "Way", "__fid": 21152}, "geometry": {"type": "LineString", "coordinates": [[2.2989254, 48.8414506], [2.298851, 48.8415797]]}}, {"type": "Feature", "properties": {"highway": "footway", "footway": "sidewalk", "name": null, "surface": "asphalt", "lit": "yes", "length_m": 74.23, "type_element": "Way", "__fid": 21172}, "geometry": {"type": "LineString", "coordinates": [[2.299313, 48.8422723], [2.2992783, 48.84228249999999], [2.2988715, 48.8428276], [2.2988626, 48.842862]]}}, {"type": "Feature", "properties": {"highway": "footway", "footway": "sidewalk", "name": null, "surface": null, "lit": "yes", "length_m": 3.47, "type_element": "Way", "__fid": 21178}, "geometry": {"type": "LineString", "coordinates": [[2.298829, 48.84594309999998], [2.2988401, 48.84597340000001]]}}, {"type": "Feature", "properties": {"highway": "footway", "footway": "sidewalk", "name": null, "surface": "asphalt", "lit": "yes", "length_m": 88.49, "type_element": "Way", "__fid": 21179}, "geometry": {"type": "LineString", "coordinates": [[2.2993179, 48.8452156], [2.298829, 48.84594309999998]]}}, {"type": "Feature", "properties": {"highway": "footway", "footway": "sidewalk", "name": null, "surface": null, "lit": "yes", "length_m": 43.39, "type_element": "Way", "__fid": 21182}, "geometry": {"type": "LineString", "coordinates": [[2.2988401, 48.84597340000001], [2.2992521, 48.8462533]]}}, {"type": "Feature", "properties": {"highway": "footway", "footway": "sidewalk", "name": null, "surface": "asphalt", "lit": "yes", "length_m": 12.17, "type_element": "Way", "__fid": 21201}, "geometry": {"type": "LineString", "coordinates": [[2.2989254, 48.8414506], [2.2990402, 48.8414862], [2.2990767, 48.841477199999986]]}}, {"type": "Feature", "properties": {"highway": "pedestrian", "footway": null, "name": "Rue Léon Séché", "surface": "asphalt", "lit": "yes", "length_m": 6.14, "type_element": "Way", "__fid": 21239}, "geometry": {"type": "LineString", "coordinates": [[2.299065, 48.8417135], [2.2989825, 48.8417042]]}}, {"type": "Feature", "properties": {"highway": "footway", "footway": "sidewalk", "name": null, "surface": "asphalt", "lit": "yes", "length_m": 4.47, "type_element": "Way", "__fid": 21240}, "geometry": {"type": "LineString", "coordinates": [[2.2989838, 48.841664], [2.2989825, 48.8417042]]}}, {"type": "Feature", "properties": {"highway": "footway", "footway": "crossing", "name": null, "surface": "asphalt", "lit": "yes", "length_m": 14.05, "type_element": "Way", "__fid": 21242}, "geometry": {"type": "LineString", "coordinates": [[2.2991707, 48.8416912], [2.2989838, 48.841664]]}}, {"type": "Feature", "properties": {"highway": "footway", "footway": "crossing", "name": null, "surface": "asphalt", "lit": "yes", "length_m": 11.27, "type_element": "Way", "__fid": 21286}, "geometry": {"type": "LineString", "coordinates": [[2.2992234, 48.841507], [2.2990767, 48.841477199999986]]}}, {"type": "Feature", "properties": {"highway": "footway", "footway": "sidewalk", "name": null, "surface": "asphalt", "lit": "yes", "length_m": 100.59, "type_element": "Way", "__fid": 21287}, "geometry": {"type": "LineString", "coordinates": [[2.2990767, 48.841477199999986], [2.2991032, 48.8414575], [2.2993722, 48.840597299999985]]}}, {"type": "Feature", "properties": {"highway": "footway", "footway": "sidewalk", "name": null, "surface": "asphalt", "lit": "yes", "length_m": 52.58, "type_element": "Way", "__fid": 21301}, "geometry": {"type": "LineString", "coordinates": [[2.2991707, 48.8416912], [2.2990561, 48.8421382], [2.2990846, 48.8421435]]}}, {"type": "Feature", "properties": {"highway": "steps", "footway": null, "name": null, "surface": "concrete", "lit": "yes", "length_m": 6.61, "type_element": "Way", "__fid": 21302}, "geometry": {"type": "LineString", "coordinates": [[2.2990846, 48.8421435], [2.299128899999957, 48.84212565000003], [2.2991203, 48.8421502]]}}, {"type": "Feature", "properties": {"highway": "footway", "footway": "sidewalk", "name": null, "surface": "asphalt", "lit": "yes", "length_m": 1.2, "type_element": "Way", "__fid": 21315}, "geometry": {"type": "LineString", "coordinates": [[2.2991203, 48.8421502], [2.2991361, 48.8421529]]}}, {"type": "Feature", "properties": {"highway": "steps", "footway": null, "name": null, "surface": "concrete", "lit": "yes", "length_m": 6.31, "type_element": "Way", "__fid": 21326}, "geometry": {"type": "LineString", "coordinates": [[2.2991361, 48.8421529], [2.29914895, 48.84212945000003], [2.2991673, 48.8421589]]}}, {"type": "Feature", "properties": {"highway": "footway", "footway": "sidewalk", "name": null, "surface": "asphalt", "lit": "yes", "length_m": 5.33, "type_element": "Way", "__fid": 21338}, "geometry": {"type": "LineString", "coordinates": [[2.2992055, 48.8416525], [2.2991764, 48.841668699999985], [2.2991707, 48.8416912]]}}, {"type": "Feature", "properties": {"highway": "footway", "footway": "sidewalk", "name": null, "surface": "asphalt", "lit": "yes", "length_m": 5.33, "type_element": "Way", "__fid": 21339}, "geometry": {"type": "LineString", "coordinates": [[2.2991673, 48.8421589], [2.2992003, 48.8421651], [2.2992177, 48.8421426]]}}, {"type": "Feature", "properties": {"highway": "footway", "footway": "sidewalk", "name": null, "surface": "asphalt", "lit": null, "length_m": 46.78, "type_element": "Way", "__fid": 21340}, "geometry": {"type": "LineString", "coordinates": [[2.2991146, 48.8463131], [2.2995258, 48.8465972], [2.2995295, 48.8466249]]}}, {"type": "Feature", "properties": {"highway": "footway", "footway": null, "name": "Villa Fondary", "surface": null, "lit": null, "length_m": 5.86, "type_element": "Way", "__fid": 21341}, "geometry": {"type": "LineString", "coordinates": [[2.2991146, 48.8463131], [2.299173, 48.8462771]]}}, {"type": "Feature", "properties": {"highway": "footway", "footway": "sidewalk", "name": null, "surface": "asphalt", "lit": "yes", "length_m": 22.65, "type_element": "Way", "__fid": 21359}, "geometry": {"type": "LineString", "coordinates": [[2.2994821, 48.841736], [2.2994571, 48.8417193], [2.2992328, 48.841653], [2.2992055, 48.8416525]]}}, {"type": "Feature", "properties": {"highway": "footway", "footway": "crossing", "name": null, "surface": "paving_stones", "lit": "yes", "length_m": 13.79, "type_element": "Way", "__fid": 21360}, "geometry": {"type": "LineString", "coordinates": [[2.2992055, 48.8416525], [2.2992025, 48.8416382], [2.2992476, 48.8415327]]}}, {"type": "Feature", "properties": {"highway": "footway", "footway": null, "name": "Rue Jean Fourastié", "surface": "asphalt", "lit": null, "length_m": 9.01, "type_element": "Way", "__fid": 21362}, "geometry": {"type": "LineString", "coordinates": [[2.2992917, 48.845068900000015], [2.299169, 48.8450655]]}}, {"type": "Feature", "properties": {"highway": "footway", "footway": "sidewalk", "name": null, "surface": "asphalt", "lit": "yes", "length_m": 6.34, "type_element": "Way", "__fid": 21363}, "geometry": {"type": "LineString", "coordinates": [[2.2991855, 48.8450095], [2.299169, 48.8450655]]}}, {"type": "Feature", "properties": {"highway": "footway", "footway": "sidewalk", "name": null, "surface": "asphalt", "lit": "yes", "length_m": 3.36, "type_element": "Way", "__fid": 21370}, "geometry": {"type": "LineString", "coordinates": [[2.2992234, 48.841507], [2.2992476, 48.8415327]]}}, {"type": "Feature", "properties": {"highway": "footway", "footway": "sidewalk", "name": null, "surface": "asphalt", "lit": "yes", "length_m": 99.4, "type_element": "Way", "__fid": 21371}, "geometry": {"type": "LineString", "coordinates": [[2.299506, 48.8406327], [2.2992234, 48.841507]]}}, {"type": "Feature", "properties": {"highway": "footway", "footway": "crossing", "name": null, "surface": "asphalt", "lit": "yes", "length_m": 11.0, "type_element": "Way", "__fid": 21376}, "geometry": {"type": "LineString", "coordinates": [[2.2993534, 48.8421847], [2.2992177, 48.8421426]]}}, {"type": "Feature", "properties": {"highway": "footway", "footway": "sidewalk", "name": null, "surface": "asphalt", "lit": "yes", "length_m": 49.25, "type_element": "Way", "__fid": 21377}, "geometry": {"type": "LineString", "coordinates": [[2.2992177, 48.8421426], [2.2993138, 48.8420182], [2.2994821, 48.841736]]}}, {"type": "Feature", "properties": {"highway": "footway", "footway": "crossing", "name": null, "surface": null, "lit": null, "length_m": 14.05, "type_element": "Way", "__fid": 21383}, "geometry": {"type": "LineString", "coordinates": [[2.2991855, 48.8450095], [2.2993754, 48.8450253]]}}, {"type": "Feature", "properties": {"highway": "footway", "footway": "sidewalk", "name": null, "surface": "asphalt", "lit": "yes", "length_m": 51.01, "type_element": "Way", "__fid": 21384}, "geometry": {"type": "LineString", "coordinates": [[2.2993182, 48.8445592], [2.2991855, 48.8450095]]}}, {"type": "Feature", "properties": {"highway": "footway", "footway": "sidewalk", "name": null, "surface": "asphalt", "lit": "yes", "length_m": 25.17, "type_element": "Way", "__fid": 21393}, "geometry": {"type": "LineString", "coordinates": [[2.2992476, 48.8415327], [2.2995688, 48.841612]]}}, {"type": "Feature", "properties": {"highway": "footway", "footway": null, "name": null, "surface": "paving_stones", "lit": null, "length_m": 4.46, "type_element": "Way", "__fid": 21419}, "geometry": {"type": "LineString", "coordinates": [[2.2992603, 48.84520290000001], [2.2993179, 48.8452156]]}}, {"type": "Feature", "properties": {"highway": "footway", "footway": "crossing", "name": null, "surface": null, "lit": null, "length_m": 9.93, "type_element": "Way", "__fid": 21425}, "geometry": {"type": "LineString", "coordinates": [[2.2992521, 48.8462533], [2.2992713, 48.84627349999999], [2.2993524, 48.84631119999999]]}}, {"type": "Feature", "properties": {"highway": "footway", "footway": "sidewalk", "name": null, "surface": null, "lit": "yes", "length_m": 119.9, "type_element": "Way", "__fid": 21426}, "geometry": {"type": "LineString", "coordinates": [[2.2992521, 48.8462533], [2.2999737, 48.8457894], [2.3000449, 48.8457259], [2.3001001, 48.8456337], [2.3001276, 48.8455249], [2.3001656, 48.8454418], [2.3001966, 48.8454095]]}}, {"type": "Feature", "properties": {"highway": "footway", "footway": "sidewalk", "name": null, "surface": "asphalt", "lit": "yes", "length_m": 75.79, "type_element": "Way", "__fid": 21431}, "geometry": {"type": "LineString", "coordinates": [[2.3002579, 48.8425472], [2.299313, 48.8422723]]}}, {"type": "Feature", "properties": {"highway": "footway", "footway": "crossing", "name": null, "surface": "asphalt", "lit": "yes", "length_m": 8.31, "type_element": "Way", "__fid": 21432}, "geometry": {"type": "LineString", "coordinates": [[2.2993611, 48.8422046], [2.299313, 48.8422723]]}}, {"type": "Feature", "properties": {"highway": "footway", "footway": "sidewalk", "name": null, "surface": "asphalt", "lit": null, "length_m": 12.0, "type_element": "Way", "__fid": 21452}, "geometry": {"type": "LineString", "coordinates": [[2.2993182, 48.8445592], [2.2994802, 48.8445741]]}}, {"type": "Feature", "properties": {"highway": "footway", "footway": "sidewalk", "name": null, "surface": "asphalt", "lit": "yes", "length_m": 127.78, "type_element": "Way", "__fid": 21453}, "geometry": {"type": "LineString", "coordinates": [[2.2998124, 48.84346690000002], [2.2994434, 48.844267], [2.2993981, 48.8442881], [2.2993182, 48.8445592]]}}, {"type": "Feature", "properties": {"highway": "footway", "footway": "sidewalk", "name": null, "surface": "asphalt", "lit": "yes", "length_m": 2.28, "type_element": "Way", "__fid": 21456}, "geometry": {"type": "LineString", "coordinates": [[2.2993611, 48.8422046], [2.2993534, 48.8421847]]}}, {"type": "Feature", "properties": {"highway": "footway", "footway": "sidewalk", "name": null, "surface": "asphalt", "lit": "yes", "length_m": 49.76, "type_element": "Way", "__fid": 21457}, "geometry": {"type": "LineString", "coordinates": [[2.2993534, 48.8421847], [2.2996292, 48.8418049], [2.2996587, 48.8417872]]}}, {"type": "Feature", "properties": {"highway": "footway", "footway": null, "name": null, "surface": "paving_stones", "lit": null, "length_m": 68.0, "type_element": "Way", "__fid": 21462}, "geometry": {"type": "LineString", "coordinates": [[2.2993179, 48.8452156], [2.3001966, 48.8454095]]}}, {"type": "Feature", "properties": {"highway": "footway", "footway": "sidewalk", "name": null, "surface": "asphalt", "lit": "yes", "length_m": 21.58, "type_element": "Way", "__fid": 21463}, "geometry": {"type": "LineString", "coordinates": [[2.2993754, 48.8450253], [2.2993179, 48.8452156]]}}, {"type": "Feature", "properties": {"highway": "footway", "footway": "sidewalk", "name": null, "surface": "asphalt", "lit": "yes", "length_m": 74.95, "type_element": "Way", "__fid": 21470}, "geometry": {"type": "LineString", "coordinates": [[2.3002942, 48.8424785], [2.2993611, 48.8422046]]}}, {"type": "Feature", "properties": {"highway": "footway", "footway": "sidewalk", "name": null, "surface": "asphalt", "lit": "yes", "length_m": 20.62, "type_element": "Way", "__fid": 21501}, "geometry": {"type": "LineString", "coordinates": [[2.2993524, 48.84631119999999], [2.2993527, 48.8463263], [2.2995329, 48.8464482]]}}, {"type": "Feature", "properties": {"highway": "footway", "footway": "sidewalk", "name": null, "surface": null, "lit": null, "length_m": 56.15, "type_element": "Way", "__fid": 21502}, "geometry": {"type": "LineString", "coordinates": [[2.2998973, 48.8459567], [2.2993524, 48.84631119999999]]}}, {"type": "Feature", "properties": {"highway": "footway", "footway": "sidewalk", "name": null, "surface": "asphalt", "lit": "yes", "length_m": 51.36, "type_element": "Way", "__fid": 21505}, "geometry": {"type": "LineString", "coordinates": [[2.2994802, 48.8445741], [2.299465, 48.8446325], [2.2994848, 48.8446629], [2.2993754, 48.8450253]]}}, {"type": "Feature", "properties": {"highway": "footway", "footway": "sidewalk", "name": null, "surface": "asphalt", "lit": "yes", "length_m": 14.16, "type_element": "Way", "__fid": 21545}, "geometry": {"type": "LineString", "coordinates": [[2.2994821, 48.841736], [2.2996587, 48.8417872]]}}, {"type": "Feature", "properties": {"highway": "service", "footway": null, "name": null, "surface": "asphalt", "lit": null, "length_m": 9.45, "type_element": "Way", "__fid": 21569}, "geometry": {"type": "LineString", "coordinates": [[2.2995188, 48.84169030000001], [2.2995688, 48.841612]]}}, {"type": "Feature", "properties": {"highway": "footway", "footway": "sidewalk", "name": null, "surface": "asphalt", "lit": "yes", "length_m": 132.83, "type_element": "Way", "__fid": 21570}, "geometry": {"type": "LineString", "coordinates": [[2.2999782, 48.843428399999986], [2.299562, 48.8442589], [2.2994802, 48.8445741]]}}, {"type": "Feature", "properties": {"highway": "pedestrian", "footway": null, "name": "Passage Ribet", "surface": "asphalt", "lit": null, "length_m": 5.72, "type_element": "Way", "__fid": 21586}, "geometry": {"type": "LineString", "coordinates": [[2.2995329, 48.8464482], [2.2994835, 48.846488]]}}, {"type": "Feature", "properties": {"highway": "footway", "footway": "sidewalk", "name": null, "surface": "asphalt", "lit": "yes", "length_m": 16.69, "type_element": "Way", "__fid": 21599}, "geometry": {"type": "LineString", "coordinates": [[2.2995688, 48.841612], [2.2997704, 48.8416815]]}}, {"type": "Feature", "properties": {"highway": "service", "footway": null, "name": null, "surface": "asphalt", "lit": null, "length_m": 17.9, "type_element": "Way", "__fid": 21600}, "geometry": {"type": "LineString", "coordinates": [[2.2995688, 48.841612], [2.2996634, 48.8414636]]}}, {"type": "Feature", "properties": {"highway": "footway", "footway": "crossing", "name": null, "surface": null, "lit": "yes", "length_m": 7.74, "type_element": "Way", "__fid": 21615}, "geometry": {"type": "LineString", "coordinates": [[2.2995295, 48.8466249], [2.2995938, 48.8466646], [2.299599, 48.8466756]]}}, {"type": "Feature", "properties": {"highway": "footway", "footway": "sidewalk", "name": null, "surface": "asphalt", "lit": "yes", "length_m": 25.13, "type_element": "Way", "__fid": 21616}, "geometry": {"type": "LineString", "coordinates": [[2.2995329, 48.8464482], [2.299772, 48.84661]]}}, {"type": "Feature", "properties": {"highway": "pedestrian", "footway": null, "name": "Passage Ribet", "surface": "asphalt", "lit": null, "length_m": 80.89, "type_element": "Way", "__fid": 21617}, "geometry": {"type": "LineString", "coordinates": [[2.2998973, 48.8459567], [2.3001071, 48.8460109], [2.2997231, 48.84629489999998], [2.2995329, 48.8464482]]}}, {"type": "Feature", "properties": {"highway": "footway", "footway": "sidewalk", "name": null, "surface": "asphalt", "lit": "yes", "length_m": 2.42, "type_element": "Way", "__fid": 21642}, "geometry": {"type": "LineString", "coordinates": [[2.2996587, 48.8417872], [2.2996905, 48.8417929]]}}, {"type": "Feature", "properties": {"highway": "footway", "footway": "sidewalk", "name": null, "surface": "asphalt", "lit": "yes", "length_m": 3.98, "type_element": "Way", "__fid": 21645}, "geometry": {"type": "LineString", "coordinates": [[2.2996515, 48.8466846], [2.299599, 48.8466756]]}}, {"type": "Feature", "properties": {"highway": "footway", "footway": "sidewalk", "name": null, "surface": "asphalt", "lit": "yes", "length_m": 165.38, "type_element": "Way", "__fid": 21671}, "geometry": {"type": "LineString", "coordinates": [[2.3012187, 48.8477533], [2.2996515, 48.8466846]]}}, {"type": "Feature", "properties": {"highway": "footway", "footway": "crossing", "name": null, "surface": null, "lit": "yes", "length_m": 12.12, "type_element": "Way", "__fid": 21672}, "geometry": {"type": "LineString", "coordinates": [[2.2996515, 48.8466846], [2.299772, 48.84661]]}}]}