{"type": "FeatureCollection", "features": [{"type": "Feature", "properties": {"@id": "node/497728465", "amenity": "drinking_water", "artist_name": "Charles-Auguste Lebourg", "description": "Fontaine Wallace", "fountain": "wallace", "wikimedia_commons": "File:Fontaine Wallace 75 place du Docteur-Félix-Lobligeois.jpg", "type_element": "Fontaines à boire", "__fid": 86}, "geometry": {"type": "Point", "coordinates": [2.3174741, 48.8868265]}, "id": "node/497728465"}, {"type": "Feature", "properties": {"@id": "node/497730042", "amenity": "drinking_water", "bottle": "only", "description": "Fontaine Wallace", "fountain": "wallace", "name": "Fontaine de la place Lévis", "wikimedia_commons": "File:Fontaine Wallace 3 place de Lévis.jpg", "type_element": "Fontaines à boire", "__fid": 87}, "geometry": {"type": "Point", "coordinates": [2.3135853, 48.8835986]}, "id": "node/497730042"}, {"type": "Feature", "properties": {"@id": "node/1867790945", "amenity": "drinking_water", "check_date": "2022-09-10", "fountain": "drinking", "type_element": "Fontaines à boire", "__fid": 320}, "geometry": {"type": "Point", "coordinates": [2.3153097, 48.8879169]}, "id": "node/1867790945"}, {"type": "Feature", "properties": {"@id": "node/1867790949", "amenity": "drinking_water", "check_date": "2022-09-07", "man_made": "water_tap", "type_element": "Fontaines à boire", "__fid": 321}, "geometry": {"type": "Point", "coordinates": [2.3155854, 48.8879452]}, "id": "node/1867790949"}, {"type": "Feature", "properties": {"@id": "node/2477782119", "amenity": "drinking_water", "man_made": "water_tap", "type_element": "Fontaines à boire", "__fid": 360}, "geometry": {"type": "Point", "coordinates": [2.3169337, 48.8870052]}, "id": "node/2477782119"}, {"type": "Feature", "properties": {"@id": "node/5147264423", "amenity": "drinking_water", "man_made": "water_tap", "type_element": "Fontaines à boire", "__fid": 533}, "geometry": {"type": "Point", "coordinates": [2.3107194, 48.8851218]}, "id": "node/5147264423"}, {"type": "Feature", "properties": {"@id": "node/13801067665", "amenity": "drinking_water", "type_element": "Fontaines à boire", "__fid": 1066}, "geometry": {"type": "Point", "coordinates": [2.3102926, 48.8882309]}, "id": "node/13801067665"}, {"type": "Feature", "geometry": {"type": "Point", "coordinates": [2.313719, 48.887241]}, "properties": {"id": 1761, "name": "Square des Batignolles", "categorie": "Parcs, jardins et bois", "photo_url": "https://cdn.paris.fr/eqpts-prod/2022/05/10/9616beb9ea4b255af61d7fddafcdf8fb.jpg", "photo_credit": "Jean-Pierre Viguié/ Ville de Paris", "photo_alt": null, "address_street": "144 bis, rue Cardinet", "address_postcode": "75017", "address_city": "PARIS", "phone": null, "accessibility": "{\"handicaps\": [{\"name\": \"Personnes déficientes auditives\", \"status\": \"accessible\"}, {\"name\": \"Personnes déficientes visuelles\", \"status\": \"undefined\"}, {\"name\": \"Personnes déficientes mentales\", \"status\": \"undefined\"}, {\"name\": \"Personnes à mobilité réduite\", \"status\": \"undefined\"}, {\"name\": \"Accueil en langue des signes\", \"status\": \"undefined\"}]}", "latitude": 48.887241, "longitude": 2.313719, "url": "https://www.paris.fr/lieux/square-des-batignolles-1761", "type_element": "Parcs, Jardins et Bois", "__fid": 1099}}, {"type": "Feature", "geometry": {"type": "Point", "coordinates": [2.315256, 48.888353]}, "properties": {"id": 2817, "name": "Parc Clichy Batignolles - Martin Luther King", "categorie": "Parcs, jardins et bois", "photo_url": "https://cdn.paris.fr/eqpts-prod/2026/05/28/eef7bcab4e5ec17ee44922a8ab551266.jpg", "photo_credit": "Guillaume Bontemps / Ville de Paris", "photo_alt": "Fin de journée dans le parc Martin Luther King Clichy Batignolles", "address_street": "147 rue Cardinet", "address_postcode": "75017", "address_city": "PARIS", "phone": null, "accessibility": "{\"handicaps\": [{\"name\": \"Personnes à mobilité réduite\", \"status\": \"accessible\"}, {\"name\": \"Personnes déficientes visuelles\", \"status\": \"undefined\"}, {\"name\": \"Personnes déficientes auditives\", \"status\": \"undefined\"}, {\"name\": \"Personnes déficientes mentales\", \"status\": \"undefined\"}, {\"name\": \"Accueil en langue des signes\", \"status\": \"undefined\"}]}", "latitude": 48.888353, "longitude": 2.315256, "url": "https://www.paris.fr/lieux/parc-clichy-batignolles-martin-luther-king-2817", "type_element": "Parcs, Jardins et Bois", "__fid": 1452}}, {"type": "Feature", "geometry": {"type": "Point", "coordinates": [2.309991, 48.888232]}, "properties": {"id": 19531, "name": "Petite Ceinture du 17e (PC 17)", "categorie": "Parcs, jardins et bois", "photo_url": "https://cdn.paris.fr/eqpts-prod/2022/05/10/aed2649b92c3abdfdd387349c1c3c92d.jpg", "photo_credit": "Jean-Pierre Viguié /Ville de Paris", "photo_alt": null, "address_street": "2 boulevard Pereire", "address_postcode": "75017", "address_city": "Paris", "phone": null, "accessibility": "{\"handicaps\": [{\"name\": \"Personnes déficientes visuelles\", \"status\": \"undefined\"}, {\"name\": \"Personnes déficientes auditives\", \"status\": \"undefined\"}, {\"name\": \"Personnes déficientes mentales\", \"status\": \"undefined\"}, {\"name\": \"Personnes à mobilité réduite\", \"status\": \"undefined\"}, {\"name\": \"Accueil en langue des signes\", \"status\": \"undefined\"}]}", "latitude": 48.888232, "longitude": 2.309991, "url": "https://www.paris.fr/lieux/petite-ceinture-du-17e-pc-17-19531", "type_element": "Parcs, Jardins et Bois", "__fid": 1489}}, {"type": "Feature", "properties": {"highway": "footway", "footway": "sidewalk", "name": null, "surface": "asphalt", "lit": "yes", "length_m": 221.0, "type_element": "Way", "__fid": 26445}, "geometry": {"type": "LineString", "coordinates": [[2.3102745, 48.8880882], [2.3095462, 48.8880518], [2.308931, 48.887994], [2.3073172, 48.8878094], [2.3073056, 48.88779549999999]]}}, {"type": "Feature", "properties": {"highway": "footway", "footway": null, "name": "Ligne de Pont-Cardinet à Auteuil-Boulogne (Petite Ceinture)", "surface": null, "lit": "no", "length_m": 238.37, "type_element": "Way", "__fid": 26466}, "geometry": {"type": "LineString", "coordinates": [[2.307366097595275, 48.88771212497119], [2.3090778, 48.8879153], [2.3099611, 48.8879865], [2.3104669, 48.8880183], [2.3104733, 48.888093]]}}, {"type": "Feature", "properties": {"highway": "footway", "footway": "sidewalk", "name": null, "surface": "asphalt", "lit": "yes", "length_m": 123.58, "type_element": "Way", "__fid": 26573}, "geometry": {"type": "LineString", "coordinates": [[2.3075472, 48.8876017], [2.3092036, 48.8878064]]}}, {"type": "Feature", "properties": {"highway": "footway", "footway": "sidewalk", "name": null, "surface": "asphalt", "lit": "yes", "length_m": 133.93, "type_element": "Way", "__fid": 26672}, "geometry": {"type": "LineString", "coordinates": [[2.3076957, 48.8879638], [2.3094748, 48.88816280000001], [2.309492, 48.8881717]]}}, {"type": "Feature", "properties": {"highway": "footway", "footway": "sidewalk", "name": null, "surface": "asphalt", "lit": "yes", "length_m": 86.18, "type_element": "Way", "__fid": 26680}, "geometry": {"type": "LineString", "coordinates": [[2.3088618, 48.88762850000001], [2.3077049, 48.887492]]}}, {"type": "Feature", "properties": {"highway": "footway", "footway": "sidewalk", "name": null, "surface": "asphalt", "lit": "yes", "length_m": 199.88, "type_element": "Way", "__fid": 26768}, "geometry": {"type": "LineString", "coordinates": [[2.3102531, 48.88825479999998], [2.309432, 48.8885268], [2.3093776, 48.8884974], [2.3078313, 48.889018600000014]]}}, {"type": "Feature", "properties": {"highway": "footway", "footway": "sidewalk", "name": null, "surface": "asphalt", "lit": "yes", "length_m": 105.37, "type_element": "Way", "__fid": 26910}, "geometry": {"type": "LineString", "coordinates": [[2.309401, 48.88598660000001], [2.308099, 48.8855858]]}}, {"type": "Feature", "properties": {"highway": "footway", "footway": "sidewalk", "name": null, "surface": "asphalt", "lit": "yes", "length_m": 65.11, "type_element": "Way", "__fid": 26961}, "geometry": {"type": "LineString", "coordinates": [[2.3081733, 48.8845888], [2.3087473, 48.8841421]]}}, {"type": "Feature", "properties": {"highway": "footway", "footway": "sidewalk", "name": null, "surface": "asphalt", "lit": "yes", "length_m": 110.52, "type_element": "Way", "__fid": 26970}, "geometry": {"type": "LineString", "coordinates": [[2.308177, 48.8854476], [2.3095338, 48.8858803]]}}, {"type": "Feature", "properties": {"highway": "footway", "footway": "sidewalk", "name": null, "surface": "asphalt", "lit": "yes", "length_m": 78.51, "type_element": "Way", "__fid": 26980}, "geometry": {"type": "LineString", "coordinates": [[2.3081638, 48.8871268], [2.3082011, 48.8871311], [2.3088777, 48.8875855], [2.3088618, 48.88762850000001]]}}, {"type": "Feature", "properties": {"highway": "footway", "footway": "sidewalk", "name": null, "surface": "asphalt", "lit": "yes", "length_m": 43.12, "type_element": "Way", "__fid": 26999}, "geometry": {"type": "LineString", "coordinates": [[2.3088157, 48.8828301], [2.3082582, 48.8829533]]}}, {"type": "Feature", "properties": {"highway": "footway", "footway": "sidewalk", "name": null, "surface": "asphalt", "lit": "yes", "length_m": 97.98, "type_element": "Way", "__fid": 27036}, "geometry": {"type": "LineString", "coordinates": [[2.3092033, 48.887674699999984], [2.3082817, 48.8870639], [2.3082728, 48.8870453]]}}, {"type": "Feature", "properties": {"highway": "footway", "footway": "traffic_island", "name": null, "surface": "asphalt", "lit": "yes", "length_m": 25.17, "type_element": "Way", "__fid": 27118}, "geometry": {"type": "LineString", "coordinates": [[2.3084659, 48.8840143], [2.3085557, 48.8840431], [2.3087473, 48.8841421]]}}, {"type": "Feature", "properties": {"highway": "footway", "footway": "sidewalk", "name": null, "surface": "asphalt", "lit": "yes", "length_m": 96.76, "type_element": "Way", "__fid": 27159}, "geometry": {"type": "LineString", "coordinates": [[2.3085157, 48.8866802], [2.309389, 48.886027900000016]]}}, {"type": "Feature", "properties": {"highway": "steps", "footway": null, "name": null, "surface": "metal", "lit": "yes", "length_m": 11.13, "type_element": "Way", "__fid": 27175}, "geometry": {"type": "LineString", "coordinates": [[2.3086009, 48.8831309], [2.3085937, 48.883114699999986], [2.3087147, 48.8830912]]}}, {"type": "Feature", "properties": {"highway": "footway", "footway": "sidewalk", "name": null, "surface": "asphalt", "lit": "yes", "length_m": 25.28, "type_element": "Way", "__fid": 27176}, "geometry": {"type": "LineString", "coordinates": [[2.3086009, 48.8831309], [2.3089264, 48.8830561]]}}, {"type": "Feature", "properties": {"highway": "footway", "footway": "sidewalk", "name": null, "surface": "asphalt", "lit": "yes", "length_m": 73.5, "type_element": "Way", "__fid": 27192}, "geometry": {"type": "LineString", "coordinates": [[2.3092125, 48.8843404], [2.3086373, 48.8848482], [2.3086018, 48.884862]]}}, {"type": "Feature", "properties": {"highway": "footway", "footway": "traffic_island", "name": null, "surface": "asphalt", "lit": "yes", "length_m": 24.65, "type_element": "Way", "__fid": 27205}, "geometry": {"type": "LineString", "coordinates": [[2.3086551, 48.8838607], [2.308921, 48.8839963]]}}, {"type": "Feature", "properties": {"highway": "footway", "footway": "sidewalk", "name": null, "surface": "asphalt", "lit": "yes", "length_m": 64.34, "type_element": "Way", "__fid": 27206}, "geometry": {"type": "LineString", "coordinates": [[2.3092035, 48.8834091], [2.3086551, 48.8838607]]}}, {"type": "Feature", "properties": {"highway": "footway", "footway": "sidewalk", "name": null, "surface": "asphalt", "lit": "yes", "length_m": 82.92, "type_element": "Way", "__fid": 27207}, "geometry": {"type": "LineString", "coordinates": [[2.309318033333187, 48.88438510000008], [2.308640459999896, 48.88498208000018]]}}, {"type": "Feature", "properties": {"highway": "footway", "footway": "sidewalk", "name": null, "surface": "asphalt", "lit": "yes", "length_m": 153.02, "type_element": "Way", "__fid": 27221}, "geometry": {"type": "LineString", "coordinates": [[2.3086405, 48.8867727], [2.3086786, 48.8867824], [2.3100436, 48.8876867], [2.3100845, 48.88775480000001]]}}, {"type": "Feature", "properties": {"highway": "footway", "footway": "crossing", "name": null, "surface": "asphalt", "lit": "yes", "length_m": 11.06, "type_element": "Way", "__fid": 27222}, "geometry": {"type": "LineString", "coordinates": [[2.3087457, 48.8867014], [2.3086405, 48.8867727]]}}, {"type": "Feature", "properties": {"highway": "footway", "footway": "sidewalk", "name": null, "surface": "asphalt", "lit": "yes", "length_m": 2.38, "type_element": "Way", "__fid": 27258}, "geometry": {"type": "LineString", "coordinates": [[2.3087473, 48.8841421], [2.3087792, 48.88413829999998]]}}, {"type": "Feature", "properties": {"highway": "footway", "footway": "sidewalk", "name": null, "surface": "asphalt", "lit": "yes", "length_m": 40.97, "type_element": "Way", "__fid": 27273}, "geometry": {"type": "LineString", "coordinates": [[2.3087792, 48.88413829999998], [2.3088369, 48.88414520000001], [2.3089613, 48.8842076], [2.3090001, 48.8842057], [2.3092004, 48.88430649999999], [2.3092125, 48.8843404]]}}, {"type": "Feature", "properties": {"highway": "footway", "footway": "crossing", "name": null, "surface": "asphalt", "lit": "yes", "length_m": 14.27, "type_element": "Way", "__fid": 27274}, "geometry": {"type": "LineString", "coordinates": [[2.3087792, 48.88413829999998], [2.308888, 48.88404709999998], [2.3089058, 48.8840434]]}}, {"type": "Feature", "properties": {"highway": "footway", "footway": "sidewalk", "name": null, "surface": "asphalt", "lit": "yes", "length_m": 168.03, "type_element": "Way", "__fid": 27275}, "geometry": {"type": "LineString", "coordinates": [[2.3103598, 48.8877739], [2.3087457, 48.8867014]]}}, {"type": "Feature", "properties": {"highway": "footway", "footway": "sidewalk", "name": null, "surface": "asphalt", "lit": "yes", "length_m": 51.58, "type_element": "Way", "__fid": 27276}, "geometry": {"type": "LineString", "coordinates": [[2.3087457, 48.8867014], [2.3087471, 48.8866772], [2.309191840000212, 48.88634972000008]]}}, {"type": "Feature", "properties": {"highway": "footway", "footway": "sidewalk", "name": null, "surface": "asphalt", "lit": "yes", "length_m": 7.57, "type_element": "Way", "__fid": 27277}, "geometry": {"type": "LineString", "coordinates": [[2.3088072, 48.8827676], [2.3088288, 48.8827867], [2.3088157, 48.8828301]]}}, {"type": "Feature", "properties": {"highway": "footway", "footway": "crossing", "name": null, "surface": "asphalt", "lit": "yes", "length_m": 26.41, "type_element": "Way", "__fid": 27286}, "geometry": {"type": "LineString", "coordinates": [[2.3088157, 48.8828301], [2.3089264, 48.8830561]]}}, {"type": "Feature", "properties": {"highway": "footway", "footway": "sidewalk", "name": null, "surface": "asphalt", "lit": "yes", "length_m": 48.56, "type_element": "Way", "__fid": 27351}, "geometry": {"type": "LineString", "coordinates": [[2.3089058, 48.8840434], [2.308923, 48.8840611], [2.3094259, 48.8843117]]}}, {"type": "Feature", "properties": {"highway": "footway", "footway": "sidewalk", "name": null, "surface": "asphalt", "lit": "yes", "length_m": 5.35, "type_element": "Way", "__fid": 27352}, "geometry": {"type": "LineString", "coordinates": [[2.308921, 48.8839963], [2.3089058, 48.8840434]]}}, {"type": "Feature", "properties": {"highway": "footway", "footway": "crossing", "name": null, "surface": null, "lit": "yes", "length_m": 25.56, "type_element": "Way", "__fid": 27354}, "geometry": {"type": "LineString", "coordinates": [[2.3092033, 48.887674699999984], [2.3088618, 48.88762850000001]]}}, {"type": "Feature", "properties": {"highway": "footway", "footway": "sidewalk", "name": null, "surface": "asphalt", "lit": "yes", "length_m": 2.92, "type_element": "Way", "__fid": 27358}, "geometry": {"type": "LineString", "coordinates": [[2.3089264, 48.8830561], [2.3089656, 48.88305149999998]]}}, {"type": "Feature", "properties": {"highway": "footway", "footway": "sidewalk", "name": null, "surface": "asphalt", "lit": "yes", "length_m": 32.33, "type_element": "Way", "__fid": 27361}, "geometry": {"type": "LineString", "coordinates": [[2.3092005, 48.883771500000016], [2.308921, 48.8839963]]}}, {"type": "Feature", "properties": {"highway": "footway", "footway": "sidewalk", "name": null, "surface": "asphalt", "lit": "yes", "length_m": 14.3, "type_element": "Way", "__fid": 27375}, "geometry": {"type": "LineString", "coordinates": [[2.3089656, 48.88305149999998], [2.3090789, 48.883156200000016]]}}, {"type": "Feature", "properties": {"highway": "footway", "footway": "crossing", "name": null, "surface": "asphalt", "lit": "yes", "length_m": 23.1, "type_element": "Way", "__fid": 27376}, "geometry": {"type": "LineString", "coordinates": [[2.3089656, 48.88305149999998], [2.3090524, 48.8830086], [2.3092511, 48.8829716]]}}, {"type": "Feature", "properties": {"highway": "footway", "footway": "sidewalk", "name": null, "surface": "concrete", "lit": "yes", "length_m": 112.79, "type_element": "Way", "__fid": 27434}, "geometry": {"type": "LineString", "coordinates": [[2.3099896, 48.889226500000014], [2.3097681, 48.8890788], [2.3094639, 48.8886841], [2.3094105, 48.8886612], [2.3089697, 48.8887994]]}}, {"type": "Feature", "properties": {"highway": "service", "footway": null, "name": null, "surface": "sett", "lit": "yes", "length_m": 12.02, "type_element": "Way", "__fid": 27463}, "geometry": {"type": "LineString", "coordinates": [[2.3092005, 48.883771500000016], [2.3090706, 48.88370559999998]]}}, {"type": "Feature", "properties": {"highway": "footway", "footway": "sidewalk", "name": null, "surface": "asphalt", "lit": "yes", "length_m": 24.06, "type_element": "Way", "__fid": 27467}, "geometry": {"type": "LineString", "coordinates": [[2.3090789, 48.883156200000016], [2.3092695, 48.8833323]]}}, {"type": "Feature", "properties": {"highway": "steps", "footway": null, "name": null, "surface": "concrete", "lit": "yes", "length_m": 9.55, "type_element": "Way", "__fid": 27468}, "geometry": {"type": "LineString", "coordinates": [[2.3090789, 48.883156200000016], [2.3091282, 48.8831332], [2.3090879, 48.8830956]]}}, {"type": "Feature", "properties": {"highway": "footway", "footway": "crossing", "name": null, "surface": "asphalt", "lit": "yes", "length_m": 21.65, "type_element": "Way", "__fid": 27502}, "geometry": {"type": "LineString", "coordinates": [[2.3092837, 48.8829648], [2.3091475, 48.8827921]]}}, {"type": "Feature", "properties": {"highway": "footway", "footway": "traffic_island", "name": null, "surface": "asphalt", "lit": "yes", "length_m": 26.0, "type_element": "Way", "__fid": 27568}, "geometry": {"type": "LineString", "coordinates": [[2.3092035, 48.8834091], [2.3092568, 48.8834418], [2.3092994, 48.8834931], [2.3094302, 48.88358680000001]]}}, {"type": "Feature", "properties": {"highway": "footway", "footway": "sidewalk", "name": null, "surface": "asphalt", "lit": "yes", "length_m": 9.88, "type_element": "Way", "__fid": 27569}, "geometry": {"type": "LineString", "coordinates": [[2.3092695, 48.8833323], [2.309247, 48.8833685], [2.3092035, 48.8834091]]}}, {"type": "Feature", "properties": {"highway": "service", "footway": null, "name": null, "surface": "sett", "lit": "yes", "length_m": 22.39, "type_element": "Way", "__fid": 27570}, "geometry": {"type": "LineString", "coordinates": [[2.309445, 48.88389210000001], [2.3092005, 48.883771500000016]]}}, {"type": "Feature", "properties": {"highway": "footway", "footway": "sidewalk", "name": null, "surface": "asphalt", "lit": "yes", "length_m": 26.56, "type_element": "Way", "__fid": 27571}, "geometry": {"type": "LineString", "coordinates": [[2.3094302, 48.88358680000001], [2.3092005, 48.883771500000016]]}}, {"type": "Feature", "properties": {"highway": "footway", "footway": "crossing", "name": null, "surface": "asphalt", "lit": "yes", "length_m": 9.49, "type_element": "Way", "__fid": 27580}, "geometry": {"type": "LineString", "coordinates": [[2.3092125, 48.8843404], [2.3092287, 48.8843393], [2.309318033333187, 48.88438510000008]]}}, {"type": "Feature", "properties": {"highway": "footway", "footway": "sidewalk", "name": null, "surface": "asphalt", "lit": "yes", "length_m": 218.88, "type_element": "Way", "__fid": 27585}, "geometry": {"type": "LineString", "coordinates": [[2.309191840000212, 48.88634972000008], [2.3102613, 48.8870302], [2.3102417, 48.8870457], [2.3103102, 48.8870911], [2.3103406, 48.88708639999998], [2.3113047, 48.8876999]]}}, {"type": "Feature", "properties": {"highway": "footway", "footway": "crossing", "name": null, "surface": "asphalt", "lit": "yes", "length_m": 6.05, "type_element": "Way", "__fid": 27586}, "geometry": {"type": "LineString", "coordinates": [[2.3092478, 48.88630980000002], [2.309191840000212, 48.88634972000008]]}}, {"type": "Feature", "properties": {"highway": "footway", "footway": "sidewalk", "name": null, "surface": "asphalt", "lit": "yes", "length_m": 30.89, "type_element": "Way", "__fid": 27592}, "geometry": {"type": "LineString", "coordinates": [[2.309489649999988, 48.883200600000144], [2.3092511, 48.8829716]]}}, {"type": "Feature", "properties": {"highway": "footway", "footway": "sidewalk", "name": null, "surface": "asphalt", "lit": "yes", "length_m": 2.51, "type_element": "Way", "__fid": 27593}, "geometry": {"type": "LineString", "coordinates": [[2.3092511, 48.8829716], [2.3092837, 48.8829648]]}}, {"type": "Feature", "properties": {"highway": "footway", "footway": "sidewalk", "name": null, "surface": "asphalt", "lit": "yes", "length_m": 2.84, "type_element": "Way", "__fid": 27603}, "geometry": {"type": "LineString", "coordinates": [[2.3092415, 48.8876788], [2.3092033, 48.887674699999984]]}}, {"type": "Feature", "properties": {"highway": "footway", "footway": "sidewalk", "name": null, "surface": "asphalt", "lit": "yes", "length_m": 117.29, "type_element": "Way", "__fid": 27604}, "geometry": {"type": "LineString", "coordinates": [[2.3092036, 48.8878064], [2.3095797, 48.8878476], [2.3100438, 48.88788310000001], [2.3107941, 48.8879047]]}}, {"type": "Feature", "properties": {"highway": "footway", "footway": "crossing", "name": null, "surface": null, "lit": "yes", "length_m": 14.46, "type_element": "Way", "__fid": 27605}, "geometry": {"type": "LineString", "coordinates": [[2.3092036, 48.8878064], [2.3092415, 48.8876788]]}}, {"type": "Feature", "properties": {"highway": "footway", "footway": "crossing", "name": null, "surface": "asphalt", "lit": "yes", "length_m": 22.14, "type_element": "Way", "__fid": 27610}, "geometry": {"type": "LineString", "coordinates": [[2.309489649999988, 48.883200600000144], [2.3094628, 48.8832351], [2.3092695, 48.8833323]]}}, {"type": "Feature", "properties": {"highway": "footway", "footway": "sidewalk", "name": null, "surface": "asphalt", "lit": "yes", "length_m": 49.76, "type_element": "Way", "__fid": 27617}, "geometry": {"type": "LineString", "coordinates": [[2.3092837, 48.8829648], [2.3099284, 48.8828253]]}}, {"type": "Feature", "properties": {"highway": "footway", "footway": "sidewalk", "name": null, "surface": "asphalt", "lit": "yes", "length_m": 221.2, "type_element": "Way", "__fid": 27623}, "geometry": {"type": "LineString", "coordinates": [[2.3092478, 48.88630980000002], [2.3095445, 48.8865029], [2.3095742, 48.8864996], [2.3098642, 48.88668850000001], [2.3098669, 48.8867151], [2.3102808, 48.8869763], [2.3103181, 48.8869757], [2.3103904, 48.8870168], [2.310392, 48.8870475], [2.3104666, 48.8870971], [2.3105091, 48.8870981], [2.3105997, 48.8871524], [2.3106073, 48.8871849], [2.3113598, 48.8876664]]}}, {"type": "Feature", "properties": {"highway": "footway", "footway": "sidewalk", "name": null, "surface": "asphalt", "lit": "yes", "length_m": 34.3, "type_element": "Way", "__fid": 27624}, "geometry": {"type": "LineString", "coordinates": [[2.309548, 48.8860733], [2.3092478, 48.88630980000002]]}}, {"type": "Feature", "properties": {"highway": "footway", "footway": "sidewalk", "name": null, "surface": "asphalt", "lit": "yes", "length_m": 62.41, "type_element": "Way", "__fid": 27637}, "geometry": {"type": "LineString", "coordinates": [[2.3100845, 48.88775480000001], [2.3096015, 48.88771710000001], [2.3092415, 48.8876788]]}}, {"type": "Feature", "properties": {"highway": "footway", "footway": "sidewalk", "name": null, "surface": "asphalt", "lit": "yes", "length_m": 2.96, "type_element": "Way", "__fid": 27663}, "geometry": {"type": "LineString", "coordinates": [[2.309356800000178, 48.88437760000004], [2.309318033333187, 48.88438510000008]]}}, {"type": "Feature", "properties": {"highway": "footway", "footway": "sidewalk", "name": null, "surface": "asphalt", "lit": "yes", "length_m": 115.79, "type_element": "Way", "__fid": 27686}, "geometry": {"type": "LineString", "coordinates": [[2.310615100000218, 48.885006666666726], [2.309356800000178, 48.88437760000004]]}}, {"type": "Feature", "properties": {"highway": "footway", "footway": "crossing", "name": null, "surface": "asphalt", "lit": "yes", "length_m": 8.91, "type_element": "Way", "__fid": 27687}, "geometry": {"type": "LineString", "coordinates": [[2.3094259, 48.8843117], [2.309356800000178, 48.88437760000004]]}}, {"type": "Feature", "properties": {"highway": "footway", "footway": "crossing", "name": null, "surface": "asphalt", "lit": "yes", "length_m": 12.71, "type_element": "Way", "__fid": 27710}, "geometry": {"type": "LineString", "coordinates": [[2.309389, 48.886027900000016], [2.309548, 48.8860733]]}}, {"type": "Feature", "properties": {"highway": "footway", "footway": "sidewalk", "name": null, "surface": "asphalt", "lit": "yes", "length_m": 4.68, "type_element": "Way", "__fid": 27711}, "geometry": {"type": "LineString", "coordinates": [[2.309389, 48.886027900000016], [2.309401, 48.88598660000001]]}}, {"type": "Feature", "properties": {"highway": "footway", "footway": "sidewalk", "name": null, "surface": "asphalt", "lit": "yes", "length_m": 32.27, "type_element": "Way", "__fid": 27716}, "geometry": {"type": "LineString", "coordinates": [[2.3094302, 48.88358680000001], [2.3095506, 48.8835095], [2.3097742, 48.8834074]]}}, {"type": "Feature", "properties": {"highway": "footway", "footway": "crossing", "name": null, "surface": "asphalt", "lit": "yes", "length_m": 15.32, "type_element": "Way", "__fid": 27719}, "geometry": {"type": "LineString", "coordinates": [[2.3095338, 48.8858803], [2.309401, 48.88598660000001]]}}, {"type": "Feature", "properties": {"highway": "footway", "footway": "sidewalk", "name": null, "surface": "asphalt", "lit": "yes", "length_m": 116.88, "type_element": "Way", "__fid": 27720}, "geometry": {"type": "LineString", "coordinates": [[2.3094259, 48.8843117], [2.3098797, 48.8845379], [2.3099314, 48.8845453], [2.310217, 48.8846862], [2.3102251, 48.8847107], [2.3106855, 48.884940399999984]]}}, {"type": "Feature", "properties": {"highway": "footway", "footway": "traffic_island", "name": null, "surface": "asphalt", "lit": "yes", "length_m": 21.13, "type_element": "Way", "__fid": 27747}, "geometry": {"type": "LineString", "coordinates": [[2.309489649999988, 48.883200600000144], [2.309619, 48.8832647], [2.3096965, 48.8833305]]}}, {"type": "Feature", "properties": {"highway": "footway", "footway": "sidewalk", "name": null, "surface": "asphalt", "lit": "yes", "length_m": 51.68, "type_element": "Way", "__fid": 27748}, "geometry": {"type": "LineString", "coordinates": [[2.3099366, 48.8828413], [2.309489649999988, 48.883200600000144]]}}, {"type": "Feature", "properties": {"highway": "footway", "footway": "sidewalk", "name": null, "surface": "asphalt", "lit": "yes", "length_m": 93.17, "type_element": "Way", "__fid": 27787}, "geometry": {"type": "LineString", "coordinates": [[2.309492, 48.8881717], [2.3094667, 48.8883445], [2.3095683, 48.8883514], [2.309596, 48.8881784], [2.3102361, 48.8882046]]}}, {"type": "Feature", "properties": {"highway": "footway", "footway": "crossing", "name": null, "surface": "asphalt", "lit": "yes", "length_m": 3.98, "type_element": "Way", "__fid": 27788}, "geometry": {"type": "LineString", "coordinates": [[2.309492, 48.8881717], [2.3095462, 48.888173100000024]]}}, {"type": "Feature", "properties": {"highway": "footway", "footway": "sidewalk", "name": null, "surface": "asphalt", "lit": "yes", "length_m": 3.42, "type_element": "Way", "__fid": 27794}, "geometry": {"type": "LineString", "coordinates": [[2.3095338, 48.8858803], [2.30958, 48.8858843]]}}, {"type": "Feature", "properties": {"highway": "footway", "footway": "sidewalk", "name": null, "surface": "asphalt", "lit": "yes", "length_m": 5.46, "type_element": "Way", "__fid": 27813}, "geometry": {"type": "LineString", "coordinates": [[2.3096218, 48.88606650000001], [2.309548, 48.8860733]]}}, {"type": "Feature", "properties": {"highway": "service", "footway": null, "name": "Voie F/17", "surface": null, "lit": "yes", "length_m": 18.29, "type_element": "Way", "__fid": 27816}, "geometry": {"type": "LineString", "coordinates": [[2.3095214, 48.8883368], [2.3095462, 48.888173100000024]]}}, {"type": "Feature", "properties": {"highway": "footway", "footway": "crossing", "name": null, "surface": "asphalt", "lit": "yes", "length_m": 3.18, "type_element": "Way", "__fid": 27826}, "geometry": {"type": "LineString", "coordinates": [[2.3095462, 48.888173100000024], [2.309589266666563, 48.888176800000096]]}}, {"type": "Feature", "properties": {"highway": "service", "footway": null, "name": "Voie F/17", "surface": null, "lit": "yes", "length_m": 6.86, "type_element": "Way", "__fid": 27827}, "geometry": {"type": "LineString", "coordinates": [[2.3095462, 48.888173100000024], [2.3095568, 48.8881118]]}}, {"type": "Feature", "properties": {"highway": "footway", "footway": "crossing", "name": null, "surface": "asphalt", "lit": "yes", "length_m": 12.23, "type_element": "Way", "__fid": 27831}, "geometry": {"type": "LineString", "coordinates": [[2.30958, 48.8858843], [2.309729933333171, 48.88593253333346]]}}, {"type": "Feature", "properties": {"highway": "footway", "footway": "sidewalk", "name": null, "surface": "asphalt", "lit": "yes", "length_m": 40.42, "type_element": "Way", "__fid": 27832}, "geometry": {"type": "LineString", "coordinates": [[2.30958, 48.8858843], [2.3099454, 48.8856121]]}}, {"type": "Feature", "properties": {"highway": "footway", "footway": "sidewalk", "name": null, "surface": "asphalt", "lit": "yes", "length_m": 68.67, "type_element": "Way", "__fid": 27846}, "geometry": {"type": "LineString", "coordinates": [[2.3104698, 48.8863284], [2.3096218, 48.88606650000001]]}}, {"type": "Feature", "properties": {"highway": "footway", "footway": "crossing", "name": null, "surface": "asphalt", "lit": "yes", "length_m": 16.78, "type_element": "Way", "__fid": 27847}, "geometry": {"type": "LineString", "coordinates": [[2.3096218, 48.88606650000001], [2.3097682, 48.8859505]]}}, {"type": "Feature", "properties": {"highway": "footway", "footway": "crossing", "name": null, "surface": "asphalt", "lit": "yes", "length_m": 10.28, "type_element": "Way", "__fid": 27872}, "geometry": {"type": "LineString", "coordinates": [[2.3097742, 48.8834074], [2.3096965, 48.8833305]]}}, {"type": "Feature", "properties": {"highway": "footway", "footway": "sidewalk", "name": null, "surface": "asphalt", "lit": "yes", "length_m": 15.16, "type_element": "Way", "__fid": 27873}, "geometry": {"type": "LineString", "coordinates": [[2.3098505, 48.8832395], [2.3096965, 48.8833305]]}}, {"type": "Feature", "properties": {"highway": "footway", "footway": "sidewalk", "name": null, "surface": "asphalt", "lit": "yes", "length_m": 59.71, "type_element": "Way", "__fid": 27952}, "geometry": {"type": "LineString", "coordinates": [[2.3097742, 48.8834074], [2.3104021, 48.88312509999998], [2.3104549, 48.883117]]}}, {"type": "Feature", "properties": {"highway": "footway", "footway": "sidewalk", "name": null, "surface": "asphalt", "lit": "yes", "length_m": 65.11, "type_element": "Way", "__fid": 27985}, "geometry": {"type": "LineString", "coordinates": [[2.3105634, 48.8862109], [2.3097682, 48.8859505]]}}, {"type": "Feature", "properties": {"highway": "footway", "footway": "sidewalk", "name": null, "surface": "asphalt", "lit": "yes", "length_m": 28.75, "type_element": "Way", "__fid": 27986}, "geometry": {"type": "LineString", "coordinates": [[2.3097682, 48.8859505], [2.3097374, 48.8859348], [2.3099343, 48.88578349999998], [2.309976080000099, 48.88576438000004]]}}, {"type": "Feature", "properties": {"highway": "footway", "footway": "crossing", "name": null, "surface": "asphalt", "lit": "yes", "length_m": 21.91, "type_element": "Way", "__fid": 28003}, "geometry": {"type": "LineString", "coordinates": [[2.3098361, 48.8826379], [2.3099284, 48.8828253]]}}, {"type": "Feature", "properties": {"highway": "footway", "footway": "sidewalk", "name": null, "surface": "asphalt", "lit": "yes", "length_m": 56.4, "type_element": "Way", "__fid": 28032}, "geometry": {"type": "LineString", "coordinates": [[2.3104885, 48.8829765], [2.3098889, 48.8832489], [2.3098505, 48.8832395]]}}, {"type": "Feature", "properties": {"highway": "footway", "footway": "sidewalk", "name": null, "surface": "asphalt", "lit": "yes", "length_m": 39.34, "type_element": "Way", "__fid": 28033}, "geometry": {"type": "LineString", "coordinates": [[2.3098505, 48.8832395], [2.3098587, 48.8832059], [2.3101637, 48.8829573]]}}, {"type": "Feature", "properties": {"highway": "footway", "footway": "sidewalk", "name": null, "surface": "asphalt", "lit": "yes", "length_m": 1.88, "type_element": "Way", "__fid": 28102}, "geometry": {"type": "LineString", "coordinates": [[2.3099284, 48.8828253], [2.3099366, 48.8828413]]}}, {"type": "Feature", "properties": {"highway": "footway", "footway": "crossing", "name": null, "surface": "asphalt", "lit": "yes", "length_m": 21.15, "type_element": "Way", "__fid": 28105}, "geometry": {"type": "LineString", "coordinates": [[2.3099366, 48.8828413], [2.309974, 48.8828528], [2.3101637, 48.8829573]]}}, {"type": "Feature", "properties": {"highway": "footway", "footway": "crossing", "name": null, "surface": "asphalt", "lit": "yes", "length_m": 11.34, "type_element": "Way", "__fid": 28132}, "geometry": {"type": "LineString", "coordinates": [[2.31005763333312, 48.88568226666676], [2.3099454, 48.8856121]]}}, {"type": "Feature", "properties": {"highway": "footway", "footway": "sidewalk", "name": null, "surface": "asphalt", "lit": "yes", "length_m": 80.37, "type_element": "Way", "__fid": 28133}, "geometry": {"type": "LineString", "coordinates": [[2.3099454, 48.8856121], [2.3102292, 48.8854007], [2.3106081, 48.885038]]}}, {"type": "Feature", "properties": {"highway": "footway", "footway": "sidewalk", "name": null, "surface": "asphalt", "lit": "yes", "length_m": 67.8, "type_element": "Way", "__fid": 28170}, "geometry": {"type": "LineString", "coordinates": [[2.309976080000099, 48.88576438000004], [2.3105641, 48.886143500000024], [2.3105634, 48.8862109]]}}, {"type": "Feature", "properties": {"highway": "footway", "footway": "crossing", "name": null, "surface": "asphalt", "lit": "yes", "length_m": 8.94, "type_element": "Way", "__fid": 28171}, "geometry": {"type": "LineString", "coordinates": [[2.310059666666722, 48.885705833333354], [2.309976080000099, 48.88576438000004]]}}, {"type": "Feature", "properties": {"highway": "footway", "footway": "crossing", "name": null, "surface": null, "lit": "yes", "length_m": 20.3, "type_element": "Way", "__fid": 28267}, "geometry": {"type": "LineString", "coordinates": [[2.3103598, 48.8877739], [2.3100845, 48.88775480000001]]}}, {"type": "Feature", "properties": {"highway": "footway", "footway": "sidewalk", "name": null, "surface": "asphalt", "lit": "yes", "length_m": 31.71, "type_element": "Way", "__fid": 28277}, "geometry": {"type": "LineString", "coordinates": [[2.3101637, 48.8829573], [2.3102594, 48.88287930000001], [2.3104946, 48.8827788]]}}, {"type": "Feature", "properties": {"highway": "footway", "footway": "sidewalk", "name": null, "surface": "asphalt", "lit": "yes", "length_m": 139.21, "type_element": "Way", "__fid": 28287}, "geometry": {"type": "LineString", "coordinates": [[2.3100875, 48.88916840000001], [2.3098895, 48.8890254], [2.3096675, 48.88878359999999], [2.3095563, 48.8886142], [2.3103438, 48.888332]]}}, {"type": "Feature", "properties": {"highway": "footway", "footway": null, "name": null, "surface": null, "lit": null, "length_m": 45.11, "type_element": "Way", "__fid": 28331}, "geometry": {"type": "LineString", "coordinates": [[2.3106348, 48.8886272], [2.3101762, 48.8888976]]}}, {"type": "Feature", "properties": {"highway": "footway", "footway": "sidewalk", "name": null, "surface": "concrete", "lit": "yes", "length_m": 144.9, "type_element": "Way", "__fid": 28349}, "geometry": {"type": "LineString", "coordinates": [[2.3116902, 48.888445800000014], [2.3115955, 48.8884767], [2.3102083, 48.889304]]}}, {"type": "Feature", "properties": {"highway": "footway", "footway": "sidewalk", "name": null, "surface": "asphalt", "lit": "yes", "length_m": 5.72, "type_element": "Way", "__fid": 28357}, "geometry": {"type": "LineString", "coordinates": [[2.3102361, 48.8882046], [2.3102531, 48.88825479999998]]}}, {"type": "Feature", "properties": {"highway": "footway", "footway": "crossing", "name": null, "surface": "asphalt", "lit": "yes", "length_m": 13.77, "type_element": "Way", "__fid": 28358}, "geometry": {"type": "LineString", "coordinates": [[2.3102361, 48.8882046], [2.3102736, 48.8881674], [2.3102745, 48.8880882]]}}, {"type": "Feature", "properties": {"highway": "footway", "footway": "crossing", "name": null, "surface": "asphalt", "lit": "yes", "length_m": 11.42, "type_element": "Way", "__fid": 28366}, "geometry": {"type": "LineString", "coordinates": [[2.3102531, 48.88825479999998], [2.3103017, 48.8882715], [2.3103438, 48.888332]]}}, {"type": "Feature", "properties": {"highway": "footway", "footway": "sidewalk", "name": null, "surface": "asphalt", "lit": "yes", "length_m": 14.59, "type_element": "Way", "__fid": 28377}, "geometry": {"type": "LineString", "coordinates": [[2.3104733, 48.888093], [2.3102745, 48.8880882]]}}, {"type": "Feature", "properties": {"highway": "footway", "footway": "sidewalk", "name": null, "surface": "asphalt", "lit": "yes", "length_m": 4.45, "type_element": "Way", "__fid": 28419}, "geometry": {"type": "LineString", "coordinates": [[2.3103438, 48.888332], [2.3103971, 48.88831290000002]]}}, {"type": "Feature", "properties": {"highway": "footway", "footway": "sidewalk", "name": null, "surface": "asphalt", "lit": "yes", "length_m": 170.27, "type_element": "Way", "__fid": 28424}, "geometry": {"type": "LineString", "coordinates": [[2.3109165, 48.8877789], [2.3102507, 48.88733040000001], [2.3101903, 48.8873689], [2.3107554, 48.8877501], [2.3107835, 48.88778050000001], [2.3103598, 48.8877739]]}}, {"type": "Feature", "properties": {"highway": "footway", "footway": "sidewalk", "name": null, "surface": "asphalt", "lit": "yes", "length_m": 152.5, "type_element": "Way", "__fid": 28434}, "geometry": {"type": "LineString", "coordinates": [[2.3125164, 48.88329689999998], [2.3104549, 48.883117]]}}, {"type": "Feature", "properties": {"highway": "footway", "footway": "crossing", "name": null, "surface": "asphalt", "lit": "yes", "length_m": 17.63, "type_element": "Way", "__fid": 28435}, "geometry": {"type": "LineString", "coordinates": [[2.3104549, 48.883117], [2.3106343, 48.8830324], [2.3106542, 48.883032]]}}, {"type": "Feature", "properties": {"highway": "footway", "footway": null, "name": null, "surface": null, "lit": null, "length_m": 39.05, "type_element": "Way", "__fid": 28440}, "geometry": {"type": "LineString", "coordinates": [[2.3103971, 48.88831290000002], [2.3106348, 48.8886272]]}}, {"type": "Feature", "properties": {"highway": "footway", "footway": "sidewalk", "name": null, "surface": "asphalt", "lit": "yes", "length_m": 46.91, "type_element": "Way", "__fid": 28441}, "geometry": {"type": "LineString", "coordinates": [[2.3103971, 48.88831290000002], [2.3105181, 48.8882695], [2.3108946, 48.8880505]]}}, {"type": "Feature", "properties": {"highway": "footway", "footway": "sidewalk", "name": null, "surface": "asphalt", "lit": "yes", "length_m": 21.99, "type_element": "Way", "__fid": 28449}, "geometry": {"type": "LineString", "coordinates": [[2.3104946, 48.8827788], [2.3104885, 48.8829765]]}}, {"type": "Feature", "properties": {"highway": "footway", "footway": "sidewalk", "name": null, "surface": "asphalt", "lit": "yes", "length_m": 6.53, "type_element": "Way", "__fid": 28450}, "geometry": {"type": "LineString", "coordinates": [[2.3105629, 48.8829442], [2.3104885, 48.8829765]]}}, {"type": "Feature", "properties": {"highway": "footway", "footway": "sidewalk", "name": null, "surface": "asphalt", "lit": "yes", "length_m": 74.42, "type_element": "Way", "__fid": 28461}, "geometry": {"type": "LineString", "coordinates": [[2.3113679, 48.8866362], [2.3112169, 48.886563], [2.3104698, 48.8863284]]}}, {"type": "Feature", "properties": {"highway": "footway", "footway": "crossing", "name": null, "surface": "asphalt", "lit": "yes", "length_m": 14.76, "type_element": "Way", "__fid": 28462}, "geometry": {"type": "LineString", "coordinates": [[2.3104698, 48.8863284], [2.3105634, 48.8862109]]}}, {"type": "Feature", "properties": {"highway": "footway", "footway": "sidewalk", "name": null, "surface": "asphalt", "lit": "yes", "length_m": 138.29, "type_element": "Way", "__fid": 28474}, "geometry": {"type": "LineString", "coordinates": [[2.3104989, 48.8853493], [2.3103993, 48.88544], [2.3100639, 48.8856858], [2.3100626, 48.8857039], [2.3106151, 48.8860576], [2.3106194, 48.8860863], [2.3108875, 48.88625769999999]]}}, {"type": "Feature", "properties": {"highway": "footway", "footway": "sidewalk", "name": null, "surface": "asphalt", "lit": "yes", "length_m": 31.79, "type_element": "Way", "__fid": 28475}, "geometry": {"type": "LineString", "coordinates": [[2.3107494, 48.885116], [2.3104989, 48.8853493]]}}, {"type": "Feature", "properties": {"highway": "footway", "footway": "sidewalk", "name": null, "surface": "asphalt", "lit": "yes", "length_m": 32.53, "type_element": "Way", "__fid": 28476}, "geometry": {"type": "LineString", "coordinates": [[2.3108629, 48.8851821], [2.3104989, 48.8853493]]}}, {"type": "Feature", "properties": {"highway": "footway", "footway": "sidewalk", "name": null, "surface": "asphalt", "lit": "yes", "length_m": 33.9, "type_element": "Way", "__fid": 28484}, "geometry": {"type": "LineString", "coordinates": [[2.3108063, 48.88792389999998], [2.3108053, 48.8879576], [2.310569, 48.8880954], [2.3104733, 48.888093]]}}, {"type": "Feature", "properties": {"highway": "footway", "footway": "crossing", "name": null, "surface": "asphalt", "lit": "yes", "length_m": 10.41, "type_element": "Way", "__fid": 28495}, "geometry": {"type": "LineString", "coordinates": [[2.3106562, 48.8830147], [2.3105629, 48.8829442]]}}, {"type": "Feature", "properties": {"highway": "footway", "footway": "sidewalk", "name": null, "surface": "asphalt", "lit": "yes", "length_m": 82.69, "type_element": "Way", "__fid": 28496}, "geometry": {"type": "LineString", "coordinates": [[2.3105629, 48.8829442], [2.3114568, 48.8825417], [2.3114547, 48.8825119]]}}, {"type": "Feature", "properties": {"highway": "footway", "footway": "crossing", "name": null, "surface": "asphalt", "lit": "yes", "length_m": 25.38, "type_element": "Way", "__fid": 28524}, "geometry": {"type": "LineString", "coordinates": [[2.3105634, 48.8862109], [2.3106528, 48.88624309999999], [2.3107614, 48.886271], [2.3108875, 48.88625769999999]]}}, {"type": "Feature", "properties": {"highway": "footway", "footway": "crossing", "name": null, "surface": "asphalt", "lit": "yes", "length_m": 13.51, "type_element": "Way", "__fid": 28541}, "geometry": {"type": "LineString", "coordinates": [[2.3106081, 48.885038], [2.3107494, 48.885116]]}}, {"type": "Feature", "properties": {"highway": "footway", "footway": "sidewalk", "name": null, "surface": "asphalt", "lit": "yes", "length_m": 3.52, "type_element": "Way", "__fid": 28542}, "geometry": {"type": "LineString", "coordinates": [[2.3106081, 48.885038], [2.310615100000218, 48.885006666666726]]}}, {"type": "Feature", "properties": {"highway": "footway", "footway": "crossing", "name": null, "surface": "asphalt", "lit": "yes", "length_m": 9.0, "type_element": "Way", "__fid": 28548}, "geometry": {"type": "LineString", "coordinates": [[2.310615100000218, 48.885006666666726], [2.3106855, 48.884940399999984]]}}, {"type": "Feature", "properties": {"highway": "footway", "footway": "sidewalk", "name": null, "surface": "asphalt", "lit": "yes", "length_m": 137.84, "type_element": "Way", "__fid": 28556}, "geometry": {"type": "LineString", "coordinates": [[2.3106542, 48.883032], [2.3106715, 48.883047300000015], [2.3124396, 48.8832014], [2.312506675000122, 48.88320087500004]]}}, {"type": "Feature", "properties": {"highway": "footway", "footway": "sidewalk", "name": null, "surface": "asphalt", "lit": "yes", "length_m": 1.93, "type_element": "Way", "__fid": 28557}, "geometry": {"type": "LineString", "coordinates": [[2.3106562, 48.8830147], [2.3106542, 48.883032]]}}, {"type": "Feature", "properties": {"highway": "footway", "footway": "sidewalk", "name": null, "surface": "asphalt", "lit": "yes", "length_m": 98.7, "type_element": "Way", "__fid": 28558}, "geometry": {"type": "LineString", "coordinates": [[2.3117655, 48.88251309999998], [2.3117307, 48.8825226], [2.3106562, 48.8830147]]}}, {"type": "Feature", "properties": {"highway": "footway", "footway": null, "name": null, "surface": null, "lit": null, "length_m": 24.66, "type_element": "Way", "__fid": 28584}, "geometry": {"type": "LineString", "coordinates": [[2.3106348, 48.8886272], [2.3107858, 48.8888254]]}}, {"type": "Feature", "properties": {"highway": "footway", "footway": "sidewalk", "name": null, "surface": "asphalt", "lit": "yes", "length_m": 2.12, "type_element": "Way", "__fid": 28586}, "geometry": {"type": "LineString", "coordinates": [[2.3106855, 48.884940399999984], [2.310711533333193, 48.88494876666672]]}}, {"type": "Feature", "properties": {"highway": "footway", "footway": "crossing", "name": null, "surface": "asphalt", "lit": "yes", "length_m": 11.18, "type_element": "Way", "__fid": 28609}, "geometry": {"type": "LineString", "coordinates": [[2.310711533333193, 48.88494876666672], [2.3108247, 48.8850161]]}}, {"type": "Feature", "properties": {"highway": "footway", "footway": "sidewalk", "name": null, "surface": "asphalt", "lit": "yes", "length_m": 69.61, "type_element": "Way", "__fid": 28610}, "geometry": {"type": "LineString", "coordinates": [[2.310711533333193, 48.88494876666672], [2.3112439, 48.8844305]]}}, {"type": "Feature", "properties": {"highway": "footway", "footway": "sidewalk", "name": null, "surface": "asphalt", "lit": "yes", "length_m": 11.1, "type_element": "Way", "__fid": 28637}, "geometry": {"type": "LineString", "coordinates": [[2.3108629, 48.8851821], [2.3107494, 48.885116]]}}, {"type": "Feature", "properties": {"highway": "footway", "footway": "crossing", "name": null, "surface": "asphalt", "lit": "yes", "length_m": 9.08, "type_element": "Way", "__fid": 28638}, "geometry": {"type": "LineString", "coordinates": [[2.3108322, 48.8850553], [2.3107494, 48.885116]]}}, {"type": "Feature", "properties": {"highway": "footway", "footway": "sidewalk", "name": null, "surface": "asphalt", "lit": "yes", "length_m": 4.39, "type_element": "Way", "__fid": 28687}, "geometry": {"type": "LineString", "coordinates": [[2.3108322, 48.8850553], [2.3108247, 48.8850161]]}}, {"type": "Feature", "properties": {"highway": "footway", "footway": "sidewalk", "name": null, "surface": "asphalt", "lit": "yes", "length_m": 68.44, "type_element": "Way", "__fid": 28688}, "geometry": {"type": "LineString", "coordinates": [[2.3114465, 48.88455709999999], [2.3108247, 48.8850161]]}}, {"type": "Feature", "properties": {"highway": "footway", "footway": "sidewalk", "name": null, "surface": "asphalt", "lit": "yes", "length_m": 2.31, "type_element": "Way", "__fid": 28694}, "geometry": {"type": "LineString", "coordinates": [[2.3107941, 48.8879047], [2.3108063, 48.88792389999998]]}}, {"type": "Feature", "properties": {"highway": "footway", "footway": "sidewalk", "name": null, "surface": null, "lit": "yes", "length_m": 22.93, "type_element": "Way", "__fid": 28695}, "geometry": {"type": "LineString", "coordinates": [[2.3109165, 48.8877789], [2.310791599999981, 48.88778087500009], [2.3107941, 48.8879047]]}}, {"type": "Feature", "properties": {"highway": "footway", "footway": "sidewalk", "name": null, "surface": "asphalt", "lit": "yes", "length_m": 7.8, "type_element": "Way", "__fid": 28696}, "geometry": {"type": "LineString", "coordinates": [[2.3109253, 48.8850711], [2.3109047, 48.88508009999999], [2.3108322, 48.8850553]]}}, {"type": "Feature", "properties": {"highway": "footway", "footway": "sidewalk", "name": null, "surface": "asphalt", "lit": "yes", "length_m": 77.4, "type_element": "Way", "__fid": 28702}, "geometry": {"type": "LineString", "coordinates": [[2.3115772, 48.88836480000001], [2.3107858, 48.8888254]]}}, {"type": "Feature", "properties": {"highway": "footway", "footway": "crossing", "name": null, "surface": "asphalt", "lit": "yes", "length_m": 16.62, "type_element": "Way", "__fid": 28709}, "geometry": {"type": "LineString", "coordinates": [[2.3110063, 48.88798519999999], [2.310972, 48.88796240000001], [2.3109207, 48.8879458], [2.3108446, 48.8879248], [2.3108063, 48.88792389999998]]}}, {"type": "Feature", "properties": {"highway": "footway", "footway": "sidewalk", "name": null, "surface": "asphalt", "lit": "yes", "length_m": 2.52, "type_element": "Way", "__fid": 28727}, "geometry": {"type": "LineString", "coordinates": [[2.3108884, 48.8851973], [2.3108629, 48.8851821]]}}, {"type": "Feature", "properties": {"highway": "footway", "footway": "sidewalk", "name": null, "surface": "asphalt", "lit": "yes", "length_m": 221.01, "type_element": "Way", "__fid": 28739}, "geometry": {"type": "LineString", "coordinates": [[2.3129328, 48.886622], [2.3129243, 48.8865967], [2.3120368, 48.8859855], [2.3120069, 48.8859785], [2.3117614, 48.8858122], [2.3117551, 48.8857924], [2.3116578, 48.8857238], [2.3116201, 48.8857203], [2.3115259, 48.88565620000002], [2.3115169, 48.8856286], [2.311237, 48.8854366], [2.3111893, 48.8854265], [2.3110974, 48.8853612], [2.3110874, 48.88533539999999], [2.3108884, 48.8851973]]}}, {"type": "Feature", "properties": {"highway": "footway", "footway": "crossing", "name": null, "surface": "concrete", "lit": "yes", "length_m": 9.02, "type_element": "Way", "__fid": 28740}, "geometry": {"type": "LineString", "coordinates": [[2.310988800000217, 48.88515043333342], [2.3108884, 48.8851973]]}}, {"type": "Feature", "properties": {"highway": "footway", "footway": "sidewalk", "name": null, "surface": "asphalt", "lit": "yes", "length_m": 79.62, "type_element": "Way", "__fid": 28748}, "geometry": {"type": "LineString", "coordinates": [[2.3118242, 48.8866068], [2.3110583, 48.88636680000001], [2.3108875, 48.88625769999999]]}}, {"type": "Feature", "properties": {"highway": "footway", "footway": "crossing", "name": null, "surface": "asphalt", "lit": "yes", "length_m": 7.48, "type_element": "Way", "__fid": 28761}, "geometry": {"type": "LineString", "coordinates": [[2.3109253, 48.8850711], [2.310991266666518, 48.885122366666714]]}}, {"type": "Feature", "properties": {"highway": "footway", "footway": "sidewalk", "name": null, "surface": "asphalt", "lit": "yes", "length_m": 235.63, "type_element": "Way", "__fid": 28762}, "geometry": {"type": "LineString", "coordinates": [[2.3109253, 48.8850711], [2.3135178, 48.8838193]]}}, {"type": "Feature", "properties": {"highway": "footway", "footway": "sidewalk", "name": null, "surface": "asphalt", "lit": "yes", "length_m": 10.95, "type_element": "Way", "__fid": 28766}, "geometry": {"type": "LineString", "coordinates": [[2.3110063, 48.88798519999999], [2.3108946, 48.8880505]]}}, {"type": "Feature", "properties": {"highway": "footway", "footway": null, "name": "Rue Severiano de Heredia", "surface": "asphalt", "lit": "yes", "length_m": 15.5, "type_element": "Way", "__fid": 28767}, "geometry": {"type": "LineString", "coordinates": [[2.3108946, 48.8880505], [2.311106, 48.8880486]]}}, {"type": "Feature", "properties": {"highway": "footway", "footway": "sidewalk", "name": null, "surface": "asphalt", "lit": "yes", "length_m": 28.53, "type_element": "Way", "__fid": 28774}, "geometry": {"type": "LineString", "coordinates": [[2.3113039, 48.887755], [2.3109165, 48.8877789]]}}, {"type": "Feature", "properties": {"highway": "footway", "footway": "sidewalk", "name": null, "surface": "asphalt", "lit": "yes", "length_m": 221.85, "type_element": "Way", "__fid": 28794}, "geometry": {"type": "LineString", "coordinates": [[2.310988800000217, 48.88515043333342], [2.313097333333589, 48.88658110000011]]}}, {"type": "Feature", "properties": {"highway": "footway", "footway": "sidewalk", "name": null, "surface": "asphalt", "lit": "yes", "length_m": 3.13, "type_element": "Way", "__fid": 28795}, "geometry": {"type": "LineString", "coordinates": [[2.310991266666518, 48.885122366666714], [2.310988800000217, 48.88515043333342]]}}, {"type": "Feature", "properties": {"highway": "footway", "footway": "sidewalk", "name": null, "surface": "asphalt", "lit": "yes", "length_m": 237.59, "type_element": "Way", "__fid": 28800}, "geometry": {"type": "LineString", "coordinates": [[2.313611, 48.8838653], [2.310991266666518, 48.885122366666714]]}}, {"type": "Feature", "properties": {"highway": "footway", "footway": null, "name": null, "surface": "asphalt", "lit": "yes", "length_m": 10.16, "type_element": "Way", "__fid": 28826}, "geometry": {"type": "LineString", "coordinates": [[2.3110063, 48.88798519999999], [2.311106, 48.8880486]]}}, {"type": "Feature", "properties": {"highway": "footway", "footway": "sidewalk", "name": null, "surface": "asphalt", "lit": "yes", "length_m": 25.73, "type_element": "Way", "__fid": 28827}, "geometry": {"type": "LineString", "coordinates": [[2.3113158, 48.88790189999999], [2.3111297, 48.88791410000001], [2.3110063, 48.88798519999999]]}}, {"type": "Feature", "properties": {"highway": "footway", "footway": null, "name": "Rue Severiano de Heredia", "surface": "asphalt", "lit": "yes", "length_m": 22.02, "type_element": "Way", "__fid": 28888}, "geometry": {"type": "LineString", "coordinates": [[2.311106, 48.8880486], [2.3114062, 48.8880459]]}}, {"type": "Feature", "properties": {"highway": "footway", "footway": "crossing", "name": null, "surface": "asphalt", "lit": "yes", "length_m": 11.9, "type_element": "Way", "__fid": 28961}, "geometry": {"type": "LineString", "coordinates": [[2.3112439, 48.8844305], [2.3113759, 48.88449270000001]]}}, {"type": "Feature", "properties": {"highway": "footway", "footway": "sidewalk", "name": null, "surface": "asphalt", "lit": "yes", "length_m": 95.85, "type_element": "Way", "__fid": 28962}, "geometry": {"type": "LineString", "coordinates": [[2.3112439, 48.8844305], [2.3119441, 48.8837631], [2.311999666666539, 48.88372846666672]]}}, {"type": "Feature", "properties": {"highway": "footway", "footway": "crossing", "name": null, "surface": "asphalt", "lit": "yes", "length_m": 16.36, "type_element": "Way", "__fid": 29016}, "geometry": {"type": "LineString", "coordinates": [[2.3113158, 48.88790189999999], [2.3113039, 48.887755]]}}, {"type": "Feature", "properties": {"highway": "footway", "footway": "sidewalk", "name": null, "surface": "asphalt", "lit": "yes", "length_m": 6.13, "type_element": "Way", "__fid": 29017}, "geometry": {"type": "LineString", "coordinates": [[2.3113047, 48.8876999], [2.3113039, 48.887755]]}}, {"type": "Feature", "properties": {"highway": "footway", "footway": "crossing", "name": null, "surface": "asphalt", "lit": "yes", "length_m": 12.99, "type_element": "Way", "__fid": 29018}, "geometry": {"type": "LineString", "coordinates": [[2.3114805, 48.88774629999999], [2.3113039, 48.887755]]}}, {"type": "Feature", "properties": {"highway": "footway", "footway": "crossing", "name": null, "surface": "asphalt", "lit": "yes", "length_m": 5.5, "type_element": "Way", "__fid": 29019}, "geometry": {"type": "LineString", "coordinates": [[2.3113598, 48.8876664], [2.3113047, 48.8876999]]}}, {"type": "Feature", "properties": {"highway": "footway", "footway": "sidewalk", "name": null, "surface": "asphalt", "lit": "yes", "length_m": 8.05, "type_element": "Way", "__fid": 29027}, "geometry": {"type": "LineString", "coordinates": [[2.3114251, 48.8878947], [2.3113158, 48.88790189999999]]}}, {"type": "Feature", "properties": {"highway": "footway", "footway": "crossing", "name": null, "surface": "asphalt", "lit": "yes", "length_m": 8.95, "type_element": "Way", "__fid": 29041}, "geometry": {"type": "LineString", "coordinates": [[2.3113759, 48.88449270000001], [2.3113957, 48.884502], [2.3114465, 48.88455709999999]]}}, {"type": "Feature", "properties": {"highway": "footway", "footway": null, "name": null, "surface": "asphalt", "lit": "yes", "length_m": 93.11, "type_element": "Way", "__fid": 29042}, "geometry": {"type": "LineString", "coordinates": [[2.3121277, 48.8838345], [2.3120472, 48.8838936], [2.3118133, 48.884116], [2.3118267, 48.884139699999984], [2.3115683, 48.884326], [2.3113759, 48.88449270000001]]}}, {"type": "Feature", "properties": {"highway": "footway", "footway": "sidewalk", "name": null, "surface": "asphalt", "lit": "yes", "length_m": 82.85, "type_element": "Way", "__fid": 29055}, "geometry": {"type": "LineString", "coordinates": [[2.312150940000144, 48.88717276000006], [2.3116424, 48.886840700000015], [2.3113679, 48.8866362]]}}, {"type": "Feature", "properties": {"highway": "footway", "footway": "crossing", "name": null, "surface": "asphalt", "lit": "yes", "length_m": 21.1, "type_element": "Way", "__fid": 29056}, "geometry": {"type": "LineString", "coordinates": [[2.3113679, 48.8866362], [2.311421, 48.8866292], [2.3115485, 48.88665840000002], [2.3116351, 48.8866895]]}}, {"type": "Feature", "properties": {"highway": "footway", "footway": "sidewalk", "name": null, "surface": "asphalt", "lit": "yes", "length_m": 2.51, "type_element": "Way", "__fid": 29059}, "geometry": {"type": "LineString", "coordinates": [[2.3113598, 48.8876664], [2.3113915, 48.8876578]]}}, {"type": "Feature", "properties": {"highway": "pedestrian", "footway": null, "name": "Rue de Saussure", "surface": "asphalt", "lit": "yes", "length_m": 4.85, "type_element": "Way", "__fid": 29074}, "geometry": {"type": "LineString", "coordinates": [[2.3114289, 48.8876811], [2.3113823, 48.887712]]}}, {"type": "Feature", "properties": {"highway": "footway", "footway": "sidewalk", "name": null, "surface": "asphalt", "lit": "yes", "length_m": 3.77, "type_element": "Way", "__fid": 29080}, "geometry": {"type": "LineString", "coordinates": [[2.3113915, 48.8876578], [2.3114289, 48.8876811]]}}, {"type": "Feature", "properties": {"highway": "footway", "footway": "sidewalk", "name": null, "surface": "concrete", "lit": "yes", "length_m": 77.72, "type_element": "Way", "__fid": 29081}, "geometry": {"type": "LineString", "coordinates": [[2.3113915, 48.8876578], [2.3121284, 48.8872013], [2.312150940000144, 48.88717276000006]]}}, {"type": "Feature", "properties": {"highway": "footway", "footway": "sidewalk", "name": null, "surface": "asphalt", "lit": "yes", "length_m": 95.34, "type_element": "Way", "__fid": 29089}, "geometry": {"type": "LineString", "coordinates": [[2.312341933333215, 48.88393583333338], [2.311738, 48.8843411], [2.3114465, 48.88455709999999]]}}, {"type": "Feature", "properties": {"highway": "footway", "footway": null, "name": "Rue Mère Teresa", "surface": "paving_stones", "lit": "yes", "length_m": 33.26, "type_element": "Way", "__fid": 29093}, "geometry": {"type": "LineString", "coordinates": [[2.3114062, 48.8880459], [2.311285, 48.888146200000016], [2.3113205, 48.8881709], [2.3114887, 48.8880908]]}}, {"type": "Feature", "properties": {"highway": "footway", "footway": null, "name": "Rue Severiano de Heredia", "surface": "asphalt", "lit": "yes", "length_m": 3.19, "type_element": "Way", "__fid": 29094}, "geometry": {"type": "LineString", "coordinates": [[2.3114062, 48.8880459], [2.3114496, 48.8880438]]}}, {"type": "Feature", "properties": {"highway": "footway", "footway": null, "name": null, "surface": "concrete:plates", "lit": "yes", "length_m": 16.68, "type_element": "Way", "__fid": 29106}, "geometry": {"type": "LineString", "coordinates": [[2.3114251, 48.8878947], [2.3114496, 48.8880438]]}}, {"type": "Feature", "properties": {"highway": "footway", "footway": "sidewalk", "name": null, "surface": "asphalt", "lit": "yes", "length_m": 6.18, "type_element": "Way", "__fid": 29107}, "geometry": {"type": "LineString", "coordinates": [[2.311509, 48.8878893], [2.3114251, 48.8878947]]}}, {"type": "Feature", "properties": {"highway": "footway", "footway": "crossing", "name": null, "surface": "asphalt", "lit": "yes", "length_m": 4.04, "type_element": "Way", "__fid": 29110}, "geometry": {"type": "LineString", "coordinates": [[2.3114289, 48.8876811], [2.3114606, 48.8877108]]}}, {"type": "Feature", "properties": {"highway": "pedestrian", "footway": null, "name": "Rue de Saussure", "surface": "asphalt", "lit": "yes", "length_m": 81.29, "type_element": "Way", "__fid": 29111}, "geometry": {"type": "LineString", "coordinates": [[2.3122344, 48.8871788], [2.3114289, 48.8876811]]}}, {"type": "Feature", "properties": {"highway": "steps", "footway": null, "name": "Rue Mère Teresa", "surface": "concrete:plates", "lit": "yes", "length_m": 5.96, "type_element": "Way", "__fid": 29130}, "geometry": {"type": "LineString", "coordinates": [[2.3114887, 48.8880908], [2.3114496, 48.8880438]]}}, {"type": "Feature", "properties": {"highway": "footway", "footway": null, "name": "Rue Severiano de Heredia", "surface": "asphalt", "lit": "yes", "length_m": 56.48, "type_element": "Way", "__fid": 29131}, "geometry": {"type": "LineString", "coordinates": [[2.3114496, 48.8880438], [2.3122166, 48.8879974]]}}, {"type": "Feature", "properties": {"highway": "footway", "footway": "sidewalk", "name": null, "surface": "asphalt", "lit": "yes", "length_m": 4.21, "type_element": "Way", "__fid": 29135}, "geometry": {"type": "LineString", "coordinates": [[2.3114805, 48.88774629999999], [2.3114606, 48.8877108]]}}, {"type": "Feature", "properties": {"highway": "footway", "footway": "sidewalk", "name": null, "surface": "asphalt", "lit": "yes", "length_m": 115.13, "type_element": "Way", "__fid": 29136}, "geometry": {"type": "LineString", "coordinates": [[2.3114606, 48.8877108], [2.312612, 48.8870069]]}}, {"type": "Feature", "properties": {"highway": "footway", "footway": "crossing", "name": null, "surface": "asphalt", "lit": "yes", "length_m": 16.04, "type_element": "Way", "__fid": 29151}, "geometry": {"type": "LineString", "coordinates": [[2.3114805, 48.88774629999999], [2.311509, 48.8878893]]}}, {"type": "Feature", "properties": {"highway": "footway", "footway": "sidewalk", "name": null, "surface": "asphalt", "lit": "yes", "length_m": 60.11, "type_element": "Way", "__fid": 29152}, "geometry": {"type": "LineString", "coordinates": [[2.3122915, 48.8876677], [2.3114805, 48.88774629999999]]}}, {"type": "Feature", "properties": {"highway": "footway", "footway": null, "name": "Rue Mère Teresa", "surface": "paving_stones", "lit": "yes", "length_m": 4.16, "type_element": "Way", "__fid": 29159}, "geometry": {"type": "LineString", "coordinates": [[2.3115259, 48.888119], [2.3114887, 48.8880908]]}}, {"type": "Feature", "properties": {"highway": "footway", "footway": "sidewalk", "name": null, "surface": "asphalt", "lit": "yes", "length_m": 61.11, "type_element": "Way", "__fid": 29166}, "geometry": {"type": "LineString", "coordinates": [[2.311509, 48.8878893], [2.3118762, 48.8878652], [2.3123302, 48.8878011]]}}, {"type": "Feature", "properties": {"highway": "footway", "footway": null, "name": "Rue Mère Teresa", "surface": "paving_stones", "lit": "yes", "length_m": 33.52, "type_element": "Way", "__fid": 29178}, "geometry": {"type": "LineString", "coordinates": [[2.3115259, 48.888119], [2.3113929, 48.8882198], [2.3114218, 48.88824490000001], [2.3115891, 48.888164799999984]]}}, {"type": "Feature", "properties": {"highway": "footway", "footway": "crossing", "name": null, "surface": "paving_stones", "lit": "yes", "length_m": 12.24, "type_element": "Way", "__fid": 29205}, "geometry": {"type": "LineString", "coordinates": [[2.3116902, 48.888445800000014], [2.3115772, 48.88836480000001]]}}, {"type": "Feature", "properties": {"highway": "footway", "footway": "sidewalk", "name": null, "surface": "asphalt", "lit": "yes", "length_m": 15.16, "type_element": "Way", "__fid": 29206}, "geometry": {"type": "LineString", "coordinates": [[2.3117322, 48.88827460000001], [2.3115772, 48.88836480000001]]}}, {"type": "Feature", "properties": {"highway": "footway", "footway": null, "name": "Rue Mère Teresa", "surface": "paving_stones", "lit": "yes", "length_m": 3.01, "type_element": "Way", "__fid": 29211}, "geometry": {"type": "LineString", "coordinates": [[2.311615, 48.8881858], [2.3115891, 48.888164799999984]]}}, {"type": "Feature", "properties": {"highway": "footway", "footway": null, "name": "Rue Mère Teresa", "surface": "paving_stones", "lit": "yes", "length_m": 34.62, "type_element": "Way", "__fid": 29223}, "geometry": {"type": "LineString", "coordinates": [[2.311615, 48.8881858], [2.3114855, 48.888293], [2.3115163, 48.88832120000002], [2.3116858, 48.8882377]]}}, {"type": "Feature", "properties": {"highway": "footway", "footway": "sidewalk", "name": null, "surface": "asphalt", "lit": "yes", "length_m": 8.55, "type_element": "Way", "__fid": 29226}, "geometry": {"type": "LineString", "coordinates": [[2.3116351, 48.8866895], [2.3117496, 48.8867041]]}}, {"type": "Feature", "properties": {"highway": "footway", "footway": "sidewalk", "name": null, "surface": "asphalt", "lit": "yes", "length_m": 13.99, "type_element": "Way", "__fid": 29227}, "geometry": {"type": "LineString", "coordinates": [[2.3117457, 48.886792], [2.3116351, 48.8866895]]}}, {"type": "Feature", "properties": {"highway": "footway", "footway": null, "name": "Rue Mère Teresa", "surface": "paving_stones", "lit": "yes", "length_m": 5.33, "type_element": "Way", "__fid": 29255}, "geometry": {"type": "LineString", "coordinates": [[2.3117322, 48.88827460000001], [2.3116858, 48.8882377]]}}, {"type": "Feature", "properties": {"highway": "footway", "footway": "sidewalk", "name": null, "surface": "asphalt", "lit": "yes", "length_m": 172.19, "type_element": "Way", "__fid": 29263}, "geometry": {"type": "LineString", "coordinates": [[2.3116902, 48.888445800000014], [2.3118237, 48.8885325], [2.3129457, 48.8893801], [2.3132208, 48.8896188]]}}, {"type": "Feature", "properties": {"highway": "footway", "footway": "crossing", "name": null, "surface": "paving_stones", "lit": "yes", "length_m": 16.95, "type_element": "Way", "__fid": 29264}, "geometry": {"type": "LineString", "coordinates": [[2.3118627, 48.888346], [2.3118423, 48.8883669], [2.3116902, 48.888445800000014]]}}, {"type": "Feature", "properties": {"highway": "footway", "footway": "sidewalk", "name": null, "surface": "asphalt", "lit": "yes", "length_m": 91.98, "type_element": "Way", "__fid": 29286}, "geometry": {"type": "LineString", "coordinates": [[2.312506675000122, 48.88320087500004], [2.3118005, 48.8825173]]}}, {"type": "Feature", "properties": {"highway": "footway", "footway": "sidewalk", "name": null, "surface": "asphalt", "lit": "yes", "length_m": 51.04, "type_element": "Way", "__fid": 29288}, "geometry": {"type": "LineString", "coordinates": [[2.312247, 48.8871104], [2.3117457, 48.886792]]}}, {"type": "Feature", "properties": {"highway": "footway", "footway": "sidewalk", "name": null, "surface": "asphalt", "lit": "yes", "length_m": 5.33, "type_element": "Way", "__fid": 29289}, "geometry": {"type": "LineString", "coordinates": [[2.3117902, 48.8867541], [2.3117457, 48.886792]]}}, {"type": "Feature", "properties": {"highway": "footway", "footway": "sidewalk", "name": null, "surface": "asphalt", "lit": "yes", "length_m": 7.19, "type_element": "Way", "__fid": 29292}, "geometry": {"type": "LineString", "coordinates": [[2.3117496, 48.8867041], [2.311785, 48.886715600000024], [2.3117902, 48.8867541]]}}, {"type": "Feature", "properties": {"highway": "footway", "footway": "crossing", "name": null, "surface": "asphalt", "lit": "yes", "length_m": 12.12, "type_element": "Way", "__fid": 29293}, "geometry": {"type": "LineString", "coordinates": [[2.3117496, 48.8867041], [2.3118242, 48.8866068]]}}, {"type": "Feature", "properties": {"highway": "footway", "footway": "sidewalk", "name": null, "surface": "asphalt", "lit": "yes", "length_m": 4.23, "type_element": "Way", "__fid": 29295}, "geometry": {"type": "LineString", "coordinates": [[2.311776, 48.8882498], [2.3117322, 48.88827460000001]]}}, {"type": "Feature", "properties": {"highway": "footway", "footway": "sidewalk", "name": null, "surface": "asphalt", "lit": "yes", "length_m": 50.54, "type_element": "Way", "__fid": 29326}, "geometry": {"type": "LineString", "coordinates": [[2.3117902, 48.8867541], [2.3124114, 48.886951]]}}, {"type": "Feature", "properties": {"highway": "footway", "footway": "crossing", "name": null, "surface": "paving_stones", "lit": "yes", "length_m": 11.23, "type_element": "Way", "__fid": 29331}, "geometry": {"type": "LineString", "coordinates": [[2.311776, 48.8882498], [2.3118741, 48.8883274]]}}, {"type": "Feature", "properties": {"highway": "footway", "footway": "sidewalk", "name": null, "surface": "asphalt", "lit": "yes", "length_m": 42.8, "type_element": "Way", "__fid": 29332}, "geometry": {"type": "LineString", "coordinates": [[2.3122166, 48.8879974], [2.311776, 48.8882498]]}}, {"type": "Feature", "properties": {"highway": "footway", "footway": "sidewalk", "name": null, "surface": "asphalt", "lit": "yes", "length_m": 25.13, "type_element": "Way", "__fid": 29345}, "geometry": {"type": "LineString", "coordinates": [[2.3121347, 48.8867024], [2.3118242, 48.8866068]]}}, {"type": "Feature", "properties": {"highway": "footway", "footway": "sidewalk", "name": null, "surface": "asphalt", "lit": "yes", "length_m": 141.78, "type_element": "Way", "__fid": 29376}, "geometry": {"type": "LineString", "coordinates": [[2.3118627, 48.888346], [2.3119462, 48.888461], [2.3130953, 48.8893228]]}}, {"type": "Feature", "properties": {"highway": "footway", "footway": "sidewalk", "name": null, "surface": "paving_stones", "lit": "yes", "length_m": 2.23, "type_element": "Way", "__fid": 29377}, "geometry": {"type": "LineString", "coordinates": [[2.3118741, 48.8883274], [2.3118627, 48.888346]]}}, {"type": "Feature", "properties": {"highway": "footway", "footway": "sidewalk", "name": null, "surface": "concrete", "lit": "yes", "length_m": 91.89, "type_element": "Way", "__fid": 29378}, "geometry": {"type": "LineString", "coordinates": [[2.3118741, 48.8883274], [2.3126708, 48.8878749], [2.3127091, 48.8877443]]}}, {"type": "Feature", "properties": {"highway": "footway", "footway": "sidewalk", "name": null, "surface": "paving_stones", "lit": "yes", "length_m": 97.74, "type_element": "Way", "__fid": 29379}, "geometry": {"type": "LineString", "coordinates": [[2.3127276, 48.8831566], [2.3119549, 48.8824404]]}}, {"type": "Feature", "properties": {"highway": "footway", "footway": "crossing", "name": null, "surface": "asphalt", "lit": "yes", "length_m": 11.89, "type_element": "Way", "__fid": 29419}, "geometry": {"type": "LineString", "coordinates": [[2.311999666666539, 48.88372846666672], [2.3121173, 48.883802]]}}, {"type": "Feature", "properties": {"highway": "footway", "footway": "sidewalk", "name": null, "surface": "asphalt", "lit": "yes", "length_m": 60.81, "type_element": "Way", "__fid": 29420}, "geometry": {"type": "LineString", "coordinates": [[2.311999666666539, 48.88372846666672], [2.312547, 48.8833177]]}}, {"type": "Feature", "properties": {"highway": "footway", "footway": "sidewalk", "name": null, "surface": "asphalt", "lit": "yes", "length_m": 5.06, "type_element": "Way", "__fid": 29494}, "geometry": {"type": "LineString", "coordinates": [[2.3121277, 48.8838345], [2.3120984, 48.8838158], [2.3121173, 48.883802]]}}, {"type": "Feature", "properties": {"highway": "footway", "footway": "sidewalk", "name": null, "surface": "asphalt", "lit": "yes", "length_m": 66.63, "type_element": "Way", "__fid": 29495}, "geometry": {"type": "LineString", "coordinates": [[2.3127233, 48.883355600000016], [2.3121173, 48.883802]]}}, {"type": "Feature", "properties": {"highway": "footway", "footway": "sidewalk", "name": null, "surface": "asphalt", "lit": "yes", "length_m": 13.66, "type_element": "Way", "__fid": 29506}, "geometry": {"type": "LineString", "coordinates": [[2.3121277, 48.8838345], [2.3122264, 48.8838969], [2.312274866666484, 48.883890300000054]]}}, {"type": "Feature", "properties": {"highway": "footway", "footway": "sidewalk", "name": null, "surface": "asphalt", "lit": "yes", "length_m": 35.74, "type_element": "Way", "__fid": 29531}, "geometry": {"type": "LineString", "coordinates": [[2.312575, 48.8868402], [2.3121347, 48.8867024]]}}, {"type": "Feature", "properties": {"highway": "steps", "footway": null, "name": null, "surface": "concrete", "lit": "no", "length_m": 6.58, "type_element": "Way", "__fid": 29532}, "geometry": {"type": "LineString", "coordinates": [[2.3121719, 48.8866486], [2.3121347, 48.8867024]]}}, {"type": "Feature", "properties": {"highway": "footway", "footway": "crossing", "name": null, "surface": "asphalt", "lit": "yes", "length_m": 9.88, "type_element": "Way", "__fid": 29546}, "geometry": {"type": "LineString", "coordinates": [[2.312150940000144, 48.88717276000006], [2.312247, 48.8871104]]}}, {"type": "Feature", "properties": {"highway": "footway", "footway": "sidewalk", "name": null, "surface": "asphalt", "lit": "yes", "length_m": 32.21, "type_element": "Way", "__fid": 29600}, "geometry": {"type": "LineString", "coordinates": [[2.312446, 48.8877848], [2.312464, 48.8878607], [2.3122166, 48.8879974]]}}, {"type": "Feature", "properties": {"highway": "footway", "footway": "crossing", "name": null, "surface": "asphalt", "lit": "yes", "length_m": 7.06, "type_element": "Way", "__fid": 29604}, "geometry": {"type": "LineString", "coordinates": [[2.312274866666484, 48.883890300000054], [2.312341933333215, 48.88393583333338]]}}, {"type": "Feature", "properties": {"highway": "footway", "footway": "sidewalk", "name": null, "surface": "asphalt", "lit": "yes", "length_m": 67.6, "type_element": "Way", "__fid": 29605}, "geometry": {"type": "LineString", "coordinates": [[2.312274866666484, 48.883890300000054], [2.312937333333248, 48.883467566666724]]}}, {"type": "Feature", "properties": {"highway": "footway", "footway": "sidewalk", "name": null, "surface": "asphalt", "lit": "yes", "length_m": 22.24, "type_element": "Way", "__fid": 29615}, "geometry": {"type": "LineString", "coordinates": [[2.3124631, 48.8869775], [2.3124431, 48.8870055], [2.3122895, 48.8871018], [2.312247, 48.8871104]]}}, {"type": "Feature", "properties": {"highway": "footway", "footway": "crossing", "name": null, "surface": "asphalt", "lit": "yes", "length_m": 15.1, "type_element": "Way", "__fid": 29656}, "geometry": {"type": "LineString", "coordinates": [[2.3122915, 48.8876677], [2.3123302, 48.8878011]]}}, {"type": "Feature", "properties": {"highway": "footway", "footway": "sidewalk", "name": null, "surface": "asphalt", "lit": "yes", "length_m": 33.37, "type_element": "Way", "__fid": 29657}, "geometry": {"type": "LineString", "coordinates": [[2.3127333, 48.88759560000001], [2.3122915, 48.8876677]]}}, {"type": "Feature", "properties": {"highway": "footway", "footway": "sidewalk", "name": null, "surface": "asphalt", "lit": "yes", "length_m": 68.25, "type_element": "Way", "__fid": 29662}, "geometry": {"type": "LineString", "coordinates": [[2.313023466666531, 48.88351783333336], [2.312341933333215, 48.88393583333338]]}}, {"type": "Feature", "properties": {"highway": "footway", "footway": "sidewalk", "name": null, "surface": "asphalt", "lit": "yes", "length_m": 8.68, "type_element": "Way", "__fid": 29685}, "geometry": {"type": "LineString", "coordinates": [[2.3123302, 48.8878011], [2.312446, 48.8877848]]}}, {"type": "Feature", "properties": {"highway": "footway", "footway": "sidewalk", "name": null, "surface": "asphalt", "lit": "yes", "length_m": 4.8, "type_element": "Way", "__fid": 29726}, "geometry": {"type": "LineString", "coordinates": [[2.3124114, 48.886951], [2.3124631, 48.8869775]]}}, {"type": "Feature", "properties": {"highway": "footway", "footway": "crossing", "name": null, "surface": "asphalt", "lit": "yes", "length_m": 17.2, "type_element": "Way", "__fid": 29727}, "geometry": {"type": "LineString", "coordinates": [[2.312575, 48.8868402], [2.3124114, 48.886951]]}}, {"type": "Feature", "properties": {"highway": "footway", "footway": "crossing", "name": null, "surface": "asphalt", "lit": "yes", "length_m": 19.81, "type_element": "Way", "__fid": 29764}, "geometry": {"type": "LineString", "coordinates": [[2.312446, 48.8877848], [2.3127091, 48.8877443]]}}, {"type": "Feature", "properties": {"highway": "footway", "footway": "crossing", "name": null, "surface": "asphalt", "lit": "yes", "length_m": 10.7, "type_element": "Way", "__fid": 29765}, "geometry": {"type": "LineString", "coordinates": [[2.312506675000122, 48.88320087500004], [2.3125164, 48.88329689999998]]}}, {"type": "Feature", "properties": {"highway": "footway", "footway": "crossing", "name": null, "surface": "sett", "lit": "yes", "length_m": 16.93, "type_element": "Way", "__fid": 29766}, "geometry": {"type": "LineString", "coordinates": [[2.312506675000122, 48.88320087500004], [2.3127276, 48.8831566]]}}, {"type": "Feature", "properties": {"highway": "footway", "footway": "crossing", "name": null, "surface": "asphalt", "lit": "yes", "length_m": 11.79, "type_element": "Way", "__fid": 29770}, "geometry": {"type": "LineString", "coordinates": [[2.312612, 48.8870069], [2.312525, 48.886976], [2.3124631, 48.8869775]]}}, {"type": "Feature", "properties": {"highway": "footway", "footway": "sidewalk", "name": null, "surface": "asphalt", "lit": "yes", "length_m": 3.22, "type_element": "Way", "__fid": 29775}, "geometry": {"type": "LineString", "coordinates": [[2.312547, 48.8833177], [2.3125164, 48.88329689999998]]}}, {"type": "Feature", "properties": {"highway": "footway", "footway": "crossing", "name": null, "surface": "asphalt", "lit": "yes", "length_m": 13.6, "type_element": "Way", "__fid": 29784}, "geometry": {"type": "LineString", "coordinates": [[2.312547, 48.8833177], [2.3127233, 48.883355600000016]]}}, {"type": "Feature", "properties": {"highway": "footway", "footway": "sidewalk", "name": null, "surface": "asphalt", "lit": "yes", "length_m": 2.74, "type_element": "Way", "__fid": 29845}, "geometry": {"type": "LineString", "coordinates": [[2.3126123, 48.88683829999999], [2.312575, 48.8868402]]}}, {"type": "Feature", "properties": {"highway": "footway", "footway": "crossing", "name": null, "surface": "asphalt", "lit": "yes", "length_m": 15.05, "type_element": "Way", "__fid": 29862}, "geometry": {"type": "LineString", "coordinates": [[2.3127971, 48.8868946], [2.3126328, 48.886851], [2.3126123, 48.88683829999999]]}}, {"type": "Feature", "properties": {"highway": "footway", "footway": "sidewalk", "name": null, "surface": "asphalt", "lit": "yes", "length_m": 31.27, "type_element": "Way", "__fid": 29863}, "geometry": {"type": "LineString", "coordinates": [[2.3129249, 48.8866484], [2.3126622, 48.8868187], [2.3126123, 48.88683829999999]]}}, {"type": "Feature", "properties": {"highway": "footway", "footway": "sidewalk", "name": null, "surface": "asphalt", "lit": "yes", "length_m": 5.12, "type_element": "Way", "__fid": 29865}, "geometry": {"type": "LineString", "coordinates": [[2.312612, 48.8870069], [2.3126752, 48.8870264]]}}, {"type": "Feature", "properties": {"highway": "footway", "footway": "sidewalk", "name": null, "surface": "asphalt", "lit": "yes", "length_m": 3.13, "type_element": "Way", "__fid": 29899}, "geometry": {"type": "LineString", "coordinates": [[2.3127233, 48.883355600000016], [2.312760133333444, 48.88334143333337]]}}, {"type": "Feature", "properties": {"highway": "footway", "footway": "sidewalk", "name": null, "surface": "asphalt", "lit": "yes", "length_m": 74.19, "type_element": "Way", "__fid": 29900}, "geometry": {"type": "LineString", "coordinates": [[2.3126752, 48.8870264], [2.3135913, 48.8873096]]}}, {"type": "Feature", "properties": {"highway": "footway", "footway": "crossing", "name": null, "surface": "asphalt", "lit": "yes", "length_m": 15.9, "type_element": "Way", "__fid": 29901}, "geometry": {"type": "LineString", "coordinates": [[2.3126752, 48.8870264], [2.3128107, 48.8869148]]}}, {"type": "Feature", "properties": {"highway": "footway", "footway": "sidewalk", "name": null, "surface": "asphalt", "lit": "yes", "length_m": 4.82, "type_element": "Way", "__fid": 29902}, "geometry": {"type": "LineString", "coordinates": [[2.3127912, 48.8831457], [2.3127276, 48.8831566]]}}, {"type": "Feature", "properties": {"highway": "footway", "footway": "sidewalk", "name": null, "surface": "asphalt", "lit": "yes", "length_m": 19.47, "type_element": "Way", "__fid": 29917}, "geometry": {"type": "LineString", "coordinates": [[2.312760133333444, 48.88334143333337], [2.3129259, 48.8834423], [2.312937333333248, 48.883467566666724]]}}, {"type": "Feature", "properties": {"highway": "footway", "footway": "crossing", "name": null, "surface": "sett", "lit": "yes", "length_m": 16.19, "type_element": "Way", "__fid": 29918}, "geometry": {"type": "LineString", "coordinates": [[2.312760133333444, 48.88334143333337], [2.3129093, 48.88323410000002]]}}, {"type": "Feature", "properties": {"highway": "footway", "footway": "sidewalk", "name": null, "surface": "concrete", "lit": "yes", "length_m": 5.4, "type_element": "Way", "__fid": 29930}, "geometry": {"type": "LineString", "coordinates": [[2.3127091, 48.8877443], [2.3127803, 48.8877318]]}}, {"type": "Feature", "properties": {"highway": "footway", "footway": "crossing", "name": null, "surface": "sett", "lit": "yes", "length_m": 12.07, "type_element": "Way", "__fid": 29941}, "geometry": {"type": "LineString", "coordinates": [[2.3129159, 48.8832165], [2.3127912, 48.8831457]]}}, {"type": "Feature", "properties": {"highway": "footway", "footway": "sidewalk", "name": null, "surface": "asphalt", "lit": "yes", "length_m": 129.81, "type_element": "Way", "__fid": 29942}, "geometry": {"type": "LineString", "coordinates": [[2.3139762, 48.8822785], [2.3127912, 48.8831457]]}}, {"type": "Feature", "properties": {"highway": "footway", "footway": "crossing", "name": null, "surface": "asphalt", "lit": "yes", "length_m": 15.53, "type_element": "Way", "__fid": 29943}, "geometry": {"type": "LineString", "coordinates": [[2.3127333, 48.88759560000001], [2.3127803, 48.8877318]]}}, {"type": "Feature", "properties": {"highway": "footway", "footway": "sidewalk", "name": null, "surface": "asphalt", "lit": "yes", "length_m": 74.07, "type_element": "Way", "__fid": 29944}, "geometry": {"type": "LineString", "coordinates": [[2.3136829, 48.88737719999999], [2.3135959, 48.8874171], [2.3127333, 48.88759560000001]]}}, {"type": "Feature", "properties": {"highway": "footway", "footway": "sidewalk", "name": null, "surface": "concrete", "lit": "yes", "length_m": 76.43, "type_element": "Way", "__fid": 29971}, "geometry": {"type": "LineString", "coordinates": [[2.3127803, 48.8877318], [2.3131008, 48.8876758], [2.3137695, 48.887517]]}}, {"type": "Feature", "properties": {"highway": "footway", "footway": "sidewalk", "name": null, "surface": "asphalt", "lit": "yes", "length_m": 2.46, "type_element": "Way", "__fid": 29974}, "geometry": {"type": "LineString", "coordinates": [[2.3127971, 48.8868946], [2.3128107, 48.8869148]]}}, {"type": "Feature", "properties": {"highway": "footway", "footway": "sidewalk", "name": null, "surface": "asphalt", "lit": "yes", "length_m": 26.79, "type_element": "Way", "__fid": 29975}, "geometry": {"type": "LineString", "coordinates": [[2.3130508, 48.886724], [2.3128073, 48.886876], [2.3127971, 48.8868946]]}}, {"type": "Feature", "properties": {"highway": "footway", "footway": "sidewalk", "name": null, "surface": "asphalt", "lit": "yes", "length_m": 68.89, "type_element": "Way", "__fid": 29983}, "geometry": {"type": "LineString", "coordinates": [[2.3128107, 48.8869148], [2.3135446, 48.8871501], [2.3136593, 48.88718]]}}, {"type": "Feature", "properties": {"highway": "footway", "footway": "sidewalk", "name": null, "surface": "asphalt", "lit": "yes", "length_m": 32.13, "type_element": "Way", "__fid": 30025}, "geometry": {"type": "LineString", "coordinates": [[2.3129093, 48.88323410000002], [2.3132402, 48.883423499999985]]}}, {"type": "Feature", "properties": {"highway": "footway", "footway": "sidewalk", "name": null, "surface": "asphalt", "lit": "yes", "length_m": 2.02, "type_element": "Way", "__fid": 30026}, "geometry": {"type": "LineString", "coordinates": [[2.3129159, 48.8832165], [2.3129093, 48.88323410000002]]}}, {"type": "Feature", "properties": {"highway": "footway", "footway": "sidewalk", "name": null, "surface": "asphalt", "lit": "yes", "length_m": 130.41, "type_element": "Way", "__fid": 30043}, "geometry": {"type": "LineString", "coordinates": [[2.3141082, 48.88234640000002], [2.3129159, 48.8832165]]}}, {"type": "Feature", "properties": {"highway": "footway", "footway": "crossing", "name": null, "surface": "asphalt", "lit": "yes", "length_m": 8.43, "type_element": "Way", "__fid": 30064}, "geometry": {"type": "LineString", "coordinates": [[2.312937333333248, 48.883467566666724], [2.313023466666531, 48.88351783333336]]}}, {"type": "Feature", "properties": {"highway": "footway", "footway": "crossing", "name": null, "surface": "asphalt", "lit": "yes", "length_m": 12.65, "type_element": "Way", "__fid": 30087}, "geometry": {"type": "LineString", "coordinates": [[2.3129249, 48.8866484], [2.3129444, 48.8866523], [2.3130508, 48.886724]]}}, {"type": "Feature", "properties": {"highway": "footway", "footway": "sidewalk", "name": null, "surface": "asphalt", "lit": "yes", "length_m": 2.99, "type_element": "Way", "__fid": 30088}, "geometry": {"type": "LineString", "coordinates": [[2.3129249, 48.8866484], [2.3129328, 48.886622]]}}, {"type": "Feature", "properties": {"highway": "footway", "footway": "crossing", "name": null, "surface": "asphalt", "lit": "yes", "length_m": 12.89, "type_element": "Way", "__fid": 30090}, "geometry": {"type": "LineString", "coordinates": [[2.3129328, 48.886622], [2.313097333333589, 48.88658110000011]]}}, {"type": "Feature", "properties": {"highway": "footway", "footway": "sidewalk", "name": null, "surface": "asphalt", "lit": "yes", "length_m": 5.21, "type_element": "Way", "__fid": 30133}, "geometry": {"type": "LineString", "coordinates": [[2.313023466666531, 48.88351783333336], [2.3130815, 48.8835334], [2.313087233333553, 48.88352940000006]]}}, {"type": "Feature", "properties": {"highway": "footway", "footway": "sidewalk", "name": null, "surface": "asphalt", "lit": "yes", "length_m": 40.87, "type_element": "Way", "__fid": 30176}, "geometry": {"type": "LineString", "coordinates": [[2.3135049, 48.8837728], [2.313087233333553, 48.88352940000006]]}}, {"type": "Feature", "properties": {"highway": "footway", "footway": "crossing", "name": null, "surface": "sett", "lit": "yes", "length_m": 11.98, "type_element": "Way", "__fid": 30177}, "geometry": {"type": "LineString", "coordinates": [[2.3132031, 48.8834535], [2.313087233333553, 48.88352940000006]]}}, {"type": "Feature", "properties": {"highway": "footway", "footway": "sidewalk", "name": null, "surface": "asphalt", "lit": "yes", "length_m": 3.4, "type_element": "Way", "__fid": 30183}, "geometry": {"type": "LineString", "coordinates": [[2.3130508, 48.886724], [2.3130959, 48.886717]]}}, {"type": "Feature", "properties": {"highway": "footway", "footway": "sidewalk", "name": null, "surface": "asphalt", "lit": "yes", "length_m": 2.94, "type_element": "Way", "__fid": 30222}, "geometry": {"type": "LineString", "coordinates": [[2.313137466666517, 48.886580400000035], [2.313097333333589, 48.88658110000011]]}}, {"type": "Feature", "properties": {"highway": "footway", "footway": "sidewalk", "name": null, "surface": "asphalt", "lit": "yes", "length_m": 61.46, "type_element": "Way", "__fid": 30223}, "geometry": {"type": "LineString", "coordinates": [[2.3136865, 48.8871053], [2.3131329, 48.8867254], [2.3130959, 48.886717]]}}, {"type": "Feature", "properties": {"highway": "footway", "footway": "crossing", "name": null, "surface": "asphalt", "lit": "yes", "length_m": 11.3, "type_element": "Way", "__fid": 30224}, "geometry": {"type": "LineString", "coordinates": [[2.3132233, 48.8866598], [2.3130959, 48.886717]]}}, {"type": "Feature", "properties": {"highway": "footway", "footway": "crossing", "name": null, "surface": "asphalt", "lit": "yes", "length_m": 8.03, "type_element": "Way", "__fid": 30265}, "geometry": {"type": "LineString", "coordinates": [[2.313137466666517, 48.886580400000035], [2.313211766666447, 48.8866334000001]]}}, {"type": "Feature", "properties": {"highway": "footway", "footway": "sidewalk", "name": null, "surface": "asphalt", "lit": "yes", "length_m": 49.16, "type_element": "Way", "__fid": 30266}, "geometry": {"type": "LineString", "coordinates": [[2.313137466666517, 48.886580400000035], [2.3136257, 48.8862774]]}}, {"type": "Feature", "properties": {"highway": "footway", "footway": "sidewalk", "name": null, "surface": "asphalt", "lit": "yes", "length_m": 35.51, "type_element": "Way", "__fid": 30284}, "geometry": {"type": "LineString", "coordinates": [[2.3132031, 48.8834535], [2.3135725, 48.88366]]}}, {"type": "Feature", "properties": {"highway": "footway", "footway": "sidewalk", "name": null, "surface": "asphalt", "lit": "yes", "length_m": 4.3, "type_element": "Way", "__fid": 30285}, "geometry": {"type": "LineString", "coordinates": [[2.3132402, 48.883423499999985], [2.3132031, 48.8834535]]}}, {"type": "Feature", "properties": {"highway": "footway", "footway": "sidewalk", "name": null, "surface": "paving_stones", "lit": "yes", "length_m": 35.48, "type_element": "Way", "__fid": 30316}, "geometry": {"type": "LineString", "coordinates": [[2.3132402, 48.883423499999985], [2.3136106, 48.8836287]]}}, {"type": "Feature", "properties": {"highway": "footway", "footway": "sidewalk", "name": null, "surface": "asphalt", "lit": "yes", "length_m": 3.06, "type_element": "Way", "__fid": 30333}, "geometry": {"type": "LineString", "coordinates": [[2.313211766666447, 48.8866334000001], [2.3132233, 48.8866598]]}}, {"type": "Feature", "properties": {"highway": "footway", "footway": "sidewalk", "name": null, "surface": "asphalt", "lit": "yes", "length_m": 49.51, "type_element": "Way", "__fid": 30334}, "geometry": {"type": "LineString", "coordinates": [[2.313211766666447, 48.8866334000001], [2.3137057, 48.8863298]]}}, {"type": "Feature", "properties": {"highway": "footway", "footway": "sidewalk", "name": null, "surface": "asphalt", "lit": "yes", "length_m": 57.21, "type_element": "Way", "__fid": 30350}, "geometry": {"type": "LineString", "coordinates": [[2.3137638, 48.8870236], [2.3137458, 48.8870255], [2.3132233, 48.8866598]]}}, {"type": "Feature", "properties": {"highway": "footway", "footway": "sidewalk", "name": null, "surface": "asphalt", "lit": "yes", "length_m": 5.37, "type_element": "Way", "__fid": 30535}, "geometry": {"type": "LineString", "coordinates": [[2.3135178, 48.8838193], [2.31352, 48.8837999], [2.3135049, 48.8837728]]}}, {"type": "Feature", "properties": {"highway": "footway", "footway": "sidewalk", "name": null, "surface": "asphalt", "lit": "yes", "length_m": 16.66, "type_element": "Way", "__fid": 30536}, "geometry": {"type": "LineString", "coordinates": [[2.3135049, 48.8837728], [2.313576, 48.8837227], [2.313612, 48.8836821], [2.3135725, 48.88366]]}}, {"type": "Feature", "properties": {"highway": "footway", "footway": "crossing", "name": null, "surface": "asphalt", "lit": "yes", "length_m": 8.54, "type_element": "Way", "__fid": 30546}, "geometry": {"type": "LineString", "coordinates": [[2.3135178, 48.8838193], [2.313611, 48.8838653]]}}, {"type": "Feature", "properties": {"highway": "footway", "footway": "sidewalk", "name": null, "surface": "asphalt", "lit": "yes", "length_m": 4.46, "type_element": "Way", "__fid": 30573}, "geometry": {"type": "LineString", "coordinates": [[2.3135725, 48.88366], [2.3136106, 48.8836287]]}}, {"type": "Feature", "properties": {"highway": "footway", "footway": "sidewalk", "name": null, "surface": "paving_stones", "lit": "yes", "length_m": 15.64, "type_element": "Way", "__fid": 30611}, "geometry": {"type": "LineString", "coordinates": [[2.3136106, 48.8836287], [2.3136919, 48.8836718], [2.3138008, 48.8836732]]}}, {"type": "Feature", "properties": {"highway": "footway", "footway": "sidewalk", "name": null, "surface": "asphalt", "lit": "yes", "length_m": 5.15, "type_element": "Way", "__fid": 30616}, "geometry": {"type": "LineString", "coordinates": [[2.3136803, 48.8838727], [2.313611, 48.8838653]]}}, {"type": "Feature", "properties": {"highway": "footway", "footway": "sidewalk", "name": null, "surface": "asphalt", "lit": "yes", "length_m": 10.08, "type_element": "Way", "__fid": 30636}, "geometry": {"type": "LineString", "coordinates": [[2.3135913, 48.8873096], [2.3136829, 48.88737719999999]]}}, {"type": "Feature", "properties": {"highway": "footway", "footway": "crossing", "name": null, "surface": "asphalt", "lit": "yes", "length_m": 15.25, "type_element": "Way", "__fid": 30637}, "geometry": {"type": "LineString", "coordinates": [[2.3136593, 48.88718], [2.3135913, 48.8873096]]}}, {"type": "Feature", "properties": {"highway": "pedestrian", "footway": null, "name": "Rue de Lévis", "surface": "asphalt", "lit": "yes", "length_m": 5.06, "type_element": "Way", "__fid": 30644}, "geometry": {"type": "LineString", "coordinates": [[2.3136474, 48.88380569999999], [2.3136893, 48.8837695]]}}, {"type": "Feature", "properties": {"highway": "footway", "footway": "crossing", "name": null, "surface": "asphalt", "lit": "yes", "length_m": 8.27, "type_element": "Way", "__fid": 30653}, "geometry": {"type": "LineString", "coordinates": [[2.3136257, 48.8862774], [2.3137057, 48.8863298]]}}, {"type": "Feature", "properties": {"highway": "footway", "footway": "sidewalk", "name": null, "surface": "asphalt", "lit": "yes", "length_m": 35.98, "type_element": "Way", "__fid": 30654}, "geometry": {"type": "LineString", "coordinates": [[2.3136257, 48.8862774], [2.3139382, 48.886028]]}}, {"type": "Feature", "properties": {"highway": "footway", "footway": "sidewalk", "name": null, "surface": "asphalt", "lit": "yes", "length_m": 75.66, "type_element": "Way", "__fid": 30687}, "geometry": {"type": "LineString", "coordinates": [[2.3144393, 48.88433340000001], [2.3140192, 48.884085], [2.3136803, 48.8838727]]}}, {"type": "Feature", "properties": {"highway": "footway", "footway": "crossing", "name": null, "surface": "asphalt", "lit": "yes", "length_m": 8.99, "type_element": "Way", "__fid": 30688}, "geometry": {"type": "LineString", "coordinates": [[2.3136803, 48.8838727], [2.3137686, 48.88381660000001]]}}, {"type": "Feature", "properties": {"highway": "footway", "footway": "sidewalk", "name": null, "surface": "asphalt", "lit": "yes", "length_m": 7.83, "type_element": "Way", "__fid": 30706}, "geometry": {"type": "LineString", "coordinates": [[2.3136893, 48.8837695], [2.3137686, 48.88381660000001]]}}, {"type": "Feature", "properties": {"highway": "pedestrian", "footway": null, "name": "Rue de Lévis", "surface": "paving_stones", "lit": "yes", "length_m": 13.47, "type_element": "Way", "__fid": 30707}, "geometry": {"type": "LineString", "coordinates": [[2.3136893, 48.8837695], [2.3138008, 48.8836732]]}}, {"type": "Feature", "properties": {"highway": "footway", "footway": "sidewalk", "name": null, "surface": "asphalt", "lit": "yes", "length_m": 8.54, "type_element": "Way", "__fid": 30729}, "geometry": {"type": "LineString", "coordinates": [[2.3136593, 48.88718], [2.3136865, 48.8871053]]}}, {"type": "Feature", "properties": {"highway": "footway", "footway": "crossing", "name": null, "surface": "asphalt", "lit": "yes", "length_m": 16.79, "type_element": "Way", "__fid": 30746}, "geometry": {"type": "LineString", "coordinates": [[2.3136829, 48.88737719999999], [2.3137695, 48.887517]]}}, {"type": "Feature", "properties": {"highway": "footway", "footway": null, "name": null, "surface": "asphalt", "lit": "yes", "length_m": 36.1, "type_element": "Way", "__fid": 30747}, "geometry": {"type": "LineString", "coordinates": [[2.3141183, 48.8872314], [2.3140708, 48.8872618], [2.3138852, 48.88732490000001], [2.3136829, 48.88737719999999]]}}, {"type": "Feature", "properties": {"highway": "footway", "footway": "crossing", "name": null, "surface": "asphalt", "lit": "yes", "length_m": 9.61, "type_element": "Way", "__fid": 30748}, "geometry": {"type": "LineString", "coordinates": [[2.3136865, 48.8871053], [2.313743533333377, 48.88702750000003]]}}, {"type": "Feature", "properties": {"highway": "steps", "footway": null, "name": null, "surface": null, "lit": "yes", "length_m": 14.83, "type_element": "Way", "__fid": 30756}, "geometry": {"type": "LineString", "coordinates": [[2.3136849, 48.8876302], [2.313873, 48.8875813]]}}, {"type": "Feature", "properties": {"highway": "footway", "footway": "sidewalk", "name": null, "surface": "asphalt", "lit": "yes", "length_m": 17.43, "type_element": "Way", "__fid": 30759}, "geometry": {"type": "LineString", "coordinates": [[2.3137057, 48.8863298], [2.3137287, 48.88631560000001], [2.3138929, 48.886366], [2.3139054, 48.88638029999998]]}}, {"type": "Feature", "properties": {"highway": "steps", "footway": null, "name": null, "surface": null, "lit": "yes", "length_m": 14.52, "type_element": "Way", "__fid": 30780}, "geometry": {"type": "LineString", "coordinates": [[2.313709, 48.8876429], [2.3138931, 48.88759480000002]]}}, {"type": "Feature", "properties": {"highway": "footway", "footway": "sidewalk", "name": null, "surface": "asphalt", "lit": "yes", "length_m": 74.55, "type_element": "Way", "__fid": 30785}, "geometry": {"type": "LineString", "coordinates": [[2.3137686, 48.88381660000001], [2.3145215, 48.8842671]]}}, {"type": "Feature", "properties": {"highway": "pedestrian", "footway": null, "name": "Rue de Lévis", "surface": "paving_stones", "lit": "yes", "length_m": 113.03, "type_element": "Way", "__fid": 30814}, "geometry": {"type": "LineString", "coordinates": [[2.3138008, 48.8836732], [2.3147358, 48.88286509999998]]}}, {"type": "Feature", "properties": {"highway": "footway", "footway": "crossing", "name": null, "surface": "asphalt", "lit": "yes", "length_m": 9.8, "type_element": "Way", "__fid": 30818}, "geometry": {"type": "LineString", "coordinates": [[2.3137638, 48.8870236], [2.313871259999798, 48.88707598000014]]}}, {"type": "Feature", "properties": {"highway": "footway", "footway": "sidewalk", "name": null, "surface": "asphalt", "lit": "yes", "length_m": 72.28, "type_element": "Way", "__fid": 30819}, "geometry": {"type": "LineString", "coordinates": [[2.3139054, 48.88638029999998], [2.3137638, 48.8870236]]}}, {"type": "Feature", "properties": {"highway": "footway", "footway": null, "name": null, "surface": "paving_stones", "lit": "yes", "length_m": 9.47, "type_element": "Way", "__fid": 30832}, "geometry": {"type": "LineString", "coordinates": [[2.313766, 48.887571], [2.3138313, 48.8875539], [2.313873, 48.8875813]]}}, {"type": "Feature", "properties": {"highway": "footway", "footway": "sidewalk", "name": null, "surface": "concrete", "lit": "yes", "length_m": 15.46, "type_element": "Way", "__fid": 30833}, "geometry": {"type": "LineString", "coordinates": [[2.3137695, 48.887517], [2.3139677, 48.8874695]]}}, {"type": "Feature", "properties": {"highway": "steps", "footway": null, "name": null, "surface": null, "lit": "yes", "length_m": 14.31, "type_element": "Way", "__fid": 30866}, "geometry": {"type": "LineString", "coordinates": [[2.313813, 48.887925299999985], [2.3139592, 48.88784]]}}, {"type": "Feature", "properties": {"highway": "footway", "footway": "sidewalk", "name": null, "surface": "asphalt", "lit": "yes", "length_m": 259.9, "type_element": "Way", "__fid": 30922}, "geometry": {"type": "LineString", "coordinates": [[2.3161157, 48.8853423], [2.3139679, 48.8871099], [2.313871259999798, 48.88707598000014]]}}, {"type": "Feature", "properties": {"highway": "footway", "footway": "sidewalk", "name": null, "surface": "asphalt", "lit": "yes", "length_m": 77.26, "type_element": "Way", "__fid": 30923}, "geometry": {"type": "LineString", "coordinates": [[2.313871259999798, 48.88707598000014], [2.3140148, 48.8863877]]}}, {"type": "Feature", "properties": {"highway": "footway", "footway": null, "name": null, "surface": "paving_stones", "lit": "yes", "length_m": 2.1, "type_element": "Way", "__fid": 30929}, "geometry": {"type": "LineString", "coordinates": [[2.3138931, 48.88759480000002], [2.313873, 48.8875813]]}}, {"type": "Feature", "properties": {"highway": "footway", "footway": "crossing", "name": null, "surface": "asphalt", "lit": "yes", "length_m": 8.06, "type_element": "Way", "__fid": 30940}, "geometry": {"type": "LineString", "coordinates": [[2.3140148, 48.8863877], [2.3139054, 48.88638029999998]]}}, {"type": "Feature", "properties": {"highway": "footway", "footway": null, "name": null, "surface": null, "lit": "yes", "length_m": 24.85, "type_element": "Way", "__fid": 30946}, "geometry": {"type": "LineString", "coordinates": [[2.3138931, 48.88759480000002], [2.3141274, 48.8877562]]}}, {"type": "Feature", "properties": {"highway": "footway", "footway": null, "name": null, "surface": "asphalt", "lit": "yes", "length_m": 5.78, "type_element": "Way", "__fid": 30965}, "geometry": {"type": "LineString", "coordinates": [[2.3139021, 48.8878523], [2.3139429, 48.8878283], [2.3139592, 48.88784]]}}, {"type": "Feature", "properties": {"highway": "footway", "footway": "crossing", "name": null, "surface": "asphalt", "lit": "yes", "length_m": 11.44, "type_element": "Way", "__fid": 30974}, "geometry": {"type": "LineString", "coordinates": [[2.3139382, 48.886028], [2.3140902, 48.88605119999998]]}}, {"type": "Feature", "properties": {"highway": "footway", "footway": "sidewalk", "name": null, "surface": "asphalt", "lit": "yes", "length_m": 180.85, "type_element": "Way", "__fid": 30975}, "geometry": {"type": "LineString", "coordinates": [[2.3139382, 48.886028], [2.314052, 48.8858749], [2.3143017, 48.885342500000014], [2.3147234, 48.8845331], [2.3147302, 48.88451730000001], [2.3147103, 48.8844945]]}}, {"type": "Feature", "properties": {"highway": "steps", "footway": null, "name": null, "surface": null, "lit": "yes", "length_m": 15.43, "type_element": "Way", "__fid": 31006}, "geometry": {"type": "LineString", "coordinates": [[2.3139451, 48.8880108], [2.3140748, 48.88793660000001], [2.3140712, 48.887911199999984]]}}, {"type": "Feature", "properties": {"highway": "footway", "footway": null, "name": null, "surface": "paving_stones", "lit": "yes", "length_m": 6.84, "type_element": "Way", "__fid": 31011}, "geometry": {"type": "LineString", "coordinates": [[2.3140517, 48.8878318], [2.3139592, 48.88784]]}}, {"type": "Feature", "properties": {"highway": "footway", "footway": null, "name": null, "surface": null, "lit": "yes", "length_m": 28.94, "type_element": "Way", "__fid": 31012}, "geometry": {"type": "LineString", "coordinates": [[2.3142451, 48.8876546], [2.3139677, 48.8874695]]}}, {"type": "Feature", "properties": {"highway": "footway", "footway": "sidewalk", "name": null, "surface": "asphalt", "lit": "yes", "length_m": 16.68, "type_element": "Way", "__fid": 31013}, "geometry": {"type": "LineString", "coordinates": [[2.3141881, 48.8874789], [2.3141316, 48.887460599999976], [2.3139677, 48.8874695]]}}, {"type": "Feature", "properties": {"highway": "footway", "footway": "crossing", "name": null, "surface": "asphalt", "lit": "yes", "length_m": 7.7, "type_element": "Way", "__fid": 31016}, "geometry": {"type": "LineString", "coordinates": [[2.313973166666476, 48.887113700000064], [2.314039679999838, 48.88716728000007]]}}, {"type": "Feature", "properties": {"highway": "steps", "footway": null, "name": null, "surface": null, "lit": "yes", "length_m": 14.48, "type_element": "Way", "__fid": 31028}, "geometry": {"type": "LineString", "coordinates": [[2.3139734, 48.8878326], [2.3140927, 48.8877601], [2.3141274, 48.8877562]]}}, {"type": "Feature", "properties": {"highway": "footway", "footway": "sidewalk", "name": null, "surface": "asphalt", "lit": "yes", "length_m": 22.21, "type_element": "Way", "__fid": 31041}, "geometry": {"type": "LineString", "coordinates": [[2.3140148, 48.8863877], [2.3140294, 48.8863146], [2.3141375, 48.8862107]]}}, {"type": "Feature", "properties": {"highway": "footway", "footway": "sidewalk", "name": null, "surface": "asphalt", "lit": "yes", "length_m": 100.65, "type_element": "Way", "__fid": 31049}, "geometry": {"type": "LineString", "coordinates": [[2.3139793, 48.8892065], [2.3144621, 48.8889253], [2.3141496, 48.8884914]]}}, {"type": "Feature", "properties": {"highway": "footway", "footway": "sidewalk", "name": null, "surface": "asphalt", "lit": "yes", "length_m": 9.17, "type_element": "Way", "__fid": 31077}, "geometry": {"type": "LineString", "coordinates": [[2.314039679999838, 48.88716728000007], [2.3141183, 48.8872314]]}}, {"type": "Feature", "properties": {"highway": "footway", "footway": "sidewalk", "name": null, "surface": "asphalt", "lit": "yes", "length_m": 300.77, "type_element": "Way", "__fid": 31078}, "geometry": {"type": "LineString", "coordinates": [[2.3166886, 48.8856532], [2.3162465, 48.885387], [2.3162098, 48.885385], [2.314039679999838, 48.88716728000007]]}}, {"type": "Feature", "properties": {"highway": "footway", "footway": null, "name": null, "surface": "asphalt", "lit": "yes", "length_m": 4.17, "type_element": "Way", "__fid": 31080}, "geometry": {"type": "LineString", "coordinates": [[2.31403, 48.88793709999999], [2.3140712, 48.887911199999984]]}}, {"type": "Feature", "properties": {"highway": "footway", "footway": null, "name": null, "surface": "paving_stones", "lit": "yes", "length_m": 7.29, "type_element": "Way", "__fid": 31100}, "geometry": {"type": "LineString", "coordinates": [[2.3140517, 48.8878318], [2.314118, 48.8878807]]}}, {"type": "Feature", "properties": {"highway": "footway", "footway": null, "name": null, "surface": "paving_stones", "lit": "yes", "length_m": 9.76, "type_element": "Way", "__fid": 31101}, "geometry": {"type": "LineString", "coordinates": [[2.3141522, 48.8877743], [2.3140517, 48.8878318]]}}, {"type": "Feature", "properties": {"highway": "footway", "footway": "sidewalk", "name": null, "surface": "asphalt", "lit": "yes", "length_m": 3.29, "type_element": "Way", "__fid": 31112}, "geometry": {"type": "LineString", "coordinates": [[2.3140902, 48.88605119999998], [2.3140977, 48.8860804]]}}, {"type": "Feature", "properties": {"highway": "footway", "footway": "sidewalk", "name": null, "surface": "asphalt", "lit": "yes", "length_m": 69.67, "type_element": "Way", "__fid": 31113}, "geometry": {"type": "LineString", "coordinates": [[2.3143716, 48.88545280000001], [2.3140902, 48.88605119999998]]}}, {"type": "Feature", "properties": {"highway": "steps", "footway": null, "name": null, "surface": null, "lit": "yes", "length_m": 15.84, "type_element": "Way", "__fid": 31114}, "geometry": {"type": "LineString", "coordinates": [[2.3140653, 48.8880924], [2.3141897, 48.888014400000024], [2.3142002, 48.887986]]}}, {"type": "Feature", "properties": {"highway": "footway", "footway": null, "name": null, "surface": "paving_stones", "lit": "yes", "length_m": 4.82, "type_element": "Way", "__fid": 31121}, "geometry": {"type": "LineString", "coordinates": [[2.314118, 48.8878807], [2.3140712, 48.887911199999984]]}}, {"type": "Feature", "properties": {"highway": "footway", "footway": "sidewalk", "name": null, "surface": "asphalt", "lit": "yes", "length_m": 222.29, "type_element": "Way", "__fid": 31124}, "geometry": {"type": "LineString", "coordinates": [[2.3140977, 48.8860804], [2.3141581, 48.88608770000001], [2.3147886, 48.8854978], [2.3147854, 48.885473099999984], [2.3152528, 48.8850345], [2.3153069, 48.8850115], [2.3154068, 48.884918200000016], [2.3153911, 48.8848874], [2.3148704, 48.88458319999999], [2.3148284, 48.8845789]]}}, {"type": "Feature", "properties": {"highway": "footway", "footway": "sidewalk", "name": null, "surface": "asphalt", "lit": "yes", "length_m": 15.86, "type_element": "Way", "__fid": 31125}, "geometry": {"type": "LineString", "coordinates": [[2.3140977, 48.8860804], [2.3140826, 48.8861445], [2.3140945, 48.8861782], [2.3141375, 48.8862107]]}}, {"type": "Feature", "properties": {"highway": "pedestrian", "footway": null, "name": "Villa de la Terrasse", "surface": "asphalt", "lit": "yes", "length_m": 43.7, "type_element": "Way", "__fid": 31148}, "geometry": {"type": "LineString", "coordinates": [[2.3141638, 48.88281219999999], [2.3145275, 48.8825009]]}}, {"type": "Feature", "properties": {"highway": "steps", "footway": null, "name": null, "surface": null, "lit": "yes", "length_m": 2.91, "type_element": "Way", "__fid": 31155}, "geometry": {"type": "LineString", "coordinates": [[2.3141032, 48.8879088], [2.314132890474061, 48.88789137591387]]}}, {"type": "Feature", "properties": {"highway": "footway", "footway": "sidewalk", "name": null, "surface": "asphalt", "lit": "yes", "length_m": 4.93, "type_element": "Way", "__fid": 31160}, "geometry": {"type": "LineString", "coordinates": [[2.3141183, 48.8872314], [2.3141846, 48.8872387]]}}, {"type": "Feature", "properties": {"highway": "footway", "footway": "sidewalk", "name": null, "surface": "asphalt", "lit": "yes", "length_m": 11.73, "type_element": "Way", "__fid": 31165}, "geometry": {"type": "LineString", "coordinates": [[2.3141375, 48.8862107], [2.3142306, 48.886124899999984]]}}, {"type": "Feature", "properties": {"highway": "footway", "footway": null, "name": null, "surface": "paving_stones", "lit": "yes", "length_m": 1.61, "type_element": "Way", "__fid": 31167}, "geometry": {"type": "LineString", "coordinates": [[2.314118, 48.8878807], [2.314132890474061, 48.88789137591387]]}}, {"type": "Feature", "properties": {"highway": "footway", "footway": null, "name": null, "surface": "paving_stones", "lit": "yes", "length_m": 9.78, "type_element": "Way", "__fid": 31168}, "geometry": {"type": "LineString", "coordinates": [[2.3142125, 48.88781860000001], [2.314118, 48.8878807]]}}, {"type": "Feature", "properties": {"highway": "footway", "footway": null, "name": null, "surface": null, "lit": "yes", "length_m": 2.71, "type_element": "Way", "__fid": 31174}, "geometry": {"type": "LineString", "coordinates": [[2.3141274, 48.8877562], [2.3141522, 48.8877743]]}}, {"type": "Feature", "properties": {"highway": "footway", "footway": null, "name": null, "surface": null, "lit": "yes", "length_m": 8.2, "type_element": "Way", "__fid": 31175}, "geometry": {"type": "LineString", "coordinates": [[2.3141274, 48.8877562], [2.3141676, 48.8877302], [2.3141761, 48.887694]]}}, {"type": "Feature", "properties": {"highway": "footway", "footway": null, "name": null, "surface": "paving_stones", "lit": "yes", "length_m": 8.8, "type_element": "Way", "__fid": 31179}, "geometry": {"type": "LineString", "coordinates": [[2.314132890474061, 48.88789137591387], [2.3142141, 48.8879496]]}}, {"type": "Feature", "properties": {"highway": "steps", "footway": null, "name": null, "surface": null, "lit": "yes", "length_m": 9.77, "type_element": "Way", "__fid": 31180}, "geometry": {"type": "LineString", "coordinates": [[2.314132890474061, 48.88789137591387], [2.3142328, 48.8878333]]}}, {"type": "Feature", "properties": {"highway": "footway", "footway": null, "name": null, "surface": null, "lit": "yes", "length_m": 3.38, "type_element": "Way", "__fid": 31183}, "geometry": {"type": "LineString", "coordinates": [[2.3141365, 48.8877095], [2.3141761, 48.887694]]}}, {"type": "Feature", "properties": {"highway": "footway", "footway": "crossing", "name": null, "surface": "asphalt", "lit": "yes", "length_m": 6.35, "type_element": "Way", "__fid": 31188}, "geometry": {"type": "LineString", "coordinates": [[2.314162566666585, 48.88608963333338], [2.3142306, 48.886124899999984]]}}, {"type": "Feature", "properties": {"highway": "footway", "footway": null, "name": null, "surface": "asphalt", "lit": "yes", "length_m": 5.12, "type_element": "Way", "__fid": 31200}, "geometry": {"type": "LineString", "coordinates": [[2.3141485, 48.8880169], [2.3142002, 48.887986]]}}, {"type": "Feature", "properties": {"highway": "footway", "footway": null, "name": null, "surface": null, "lit": "yes", "length_m": 6.62, "type_element": "Way", "__fid": 31201}, "geometry": {"type": "LineString", "coordinates": [[2.3141522, 48.8877743], [2.3142125, 48.88781860000001]]}}, {"type": "Feature", "properties": {"highway": "footway", "footway": null, "name": null, "surface": null, "lit": "yes", "length_m": 6.69, "type_element": "Way", "__fid": 31214}, "geometry": {"type": "LineString", "coordinates": [[2.3141761, 48.887694], [2.3142451, 48.8876546]]}}, {"type": "Feature", "properties": {"highway": "footway", "footway": "crossing", "name": null, "surface": "asphalt", "lit": "yes", "length_m": 16.39, "type_element": "Way", "__fid": 31218}, "geometry": {"type": "LineString", "coordinates": [[2.3141846, 48.8872387], [2.3143345, 48.887348]]}}, {"type": "Feature", "properties": {"highway": "footway", "footway": "sidewalk", "name": null, "surface": "asphalt", "lit": "yes", "length_m": 255.22, "type_element": "Way", "__fid": 31219}, "geometry": {"type": "LineString", "coordinates": [[2.3141846, 48.8872387], [2.3147441, 48.887012800000015], [2.3153292, 48.8867161], [2.3156699, 48.886514699999985], [2.3160291, 48.886264], [2.3164272, 48.8859373], [2.3166854, 48.8856782]]}}, {"type": "Feature", "properties": {"highway": "footway", "footway": "sidewalk", "name": null, "surface": "concrete", "lit": "yes", "length_m": 17.28, "type_element": "Way", "__fid": 31220}, "geometry": {"type": "LineString", "coordinates": [[2.3143509, 48.88759120000002], [2.3141881, 48.8874789]]}}, {"type": "Feature", "properties": {"highway": "footway", "footway": "crossing", "name": null, "surface": "asphalt", "lit": "yes", "length_m": 16.17, "type_element": "Way", "__fid": 31221}, "geometry": {"type": "LineString", "coordinates": [[2.3141881, 48.8874789], [2.3143464, 48.8873777]]}}, {"type": "Feature", "properties": {"highway": "footway", "footway": null, "name": null, "surface": "paving_stones", "lit": "yes", "length_m": 4.17, "type_element": "Way", "__fid": 31233}, "geometry": {"type": "LineString", "coordinates": [[2.3142141, 48.8879496], [2.3142002, 48.887986]]}}, {"type": "Feature", "properties": {"highway": "steps", "footway": null, "name": null, "surface": null, "lit": "yes", "length_m": 17.48, "type_element": "Way", "__fid": 31243}, "geometry": {"type": "LineString", "coordinates": [[2.3142044, 48.8879974], [2.3143464, 48.8879129], [2.3143141, 48.8878903]]}}, {"type": "Feature", "properties": {"highway": "footway", "footway": "sidewalk", "name": null, "surface": "asphalt", "lit": "yes", "length_m": 216.78, "type_element": "Way", "__fid": 31249}, "geometry": {"type": "LineString", "coordinates": [[2.3142306, 48.886124899999984], [2.3154738, 48.88496090000001], [2.315503, 48.8849578], [2.31608, 48.88529170000001]]}}, {"type": "Feature", "properties": {"highway": "footway", "footway": null, "name": null, "surface": null, "lit": "yes", "length_m": 2.21, "type_element": "Way", "__fid": 31250}, "geometry": {"type": "LineString", "coordinates": [[2.3142125, 48.88781860000001], [2.3142328, 48.8878333]]}}, {"type": "Feature", "properties": {"highway": "footway", "footway": null, "name": null, "surface": "paving_stones", "lit": "yes", "length_m": 9.86, "type_element": "Way", "__fid": 31255}, "geometry": {"type": "LineString", "coordinates": [[2.3143141, 48.8878903], [2.3142141, 48.8879496]]}}, {"type": "Feature", "properties": {"highway": "footway", "footway": null, "name": null, "surface": null, "lit": "yes", "length_m": 8.7, "type_element": "Way", "__fid": 31266}, "geometry": {"type": "LineString", "coordinates": [[2.3142328, 48.8878333], [2.3143141, 48.8878903]]}}, {"type": "Feature", "properties": {"highway": "footway", "footway": "crossing", "name": null, "surface": "asphalt", "lit": "yes", "length_m": 7.98, "type_element": "Way", "__fid": 31268}, "geometry": {"type": "LineString", "coordinates": [[2.314267499999984, 48.88543203333335], [2.3143716, 48.88545280000001]]}}, {"type": "Feature", "properties": {"highway": "footway", "footway": null, "name": null, "surface": null, "lit": "yes", "length_m": 10.48, "type_element": "Way", "__fid": 31274}, "geometry": {"type": "LineString", "coordinates": [[2.3142451, 48.8876546], [2.3143509, 48.88759120000002]]}}, {"type": "Feature", "properties": {"highway": "footway", "footway": "sidewalk", "name": null, "surface": "asphalt", "lit": "yes", "length_m": 3.42, "type_element": "Way", "__fid": 31341}, "geometry": {"type": "LineString", "coordinates": [[2.3143345, 48.887348], [2.3143464, 48.8873777]]}}, {"type": "Feature", "properties": {"highway": "footway", "footway": "sidewalk", "name": null, "surface": "asphalt", "lit": "yes", "length_m": 257.55, "type_element": "Way", "__fid": 31342}, "geometry": {"type": "LineString", "coordinates": [[2.3168594, 48.8857714], [2.3165243, 48.88609119999998], [2.3161959, 48.886357], [2.3158118, 48.886623], [2.3153876, 48.88687320000001], [2.3149037, 48.8871117], [2.3143345, 48.887348]]}}, {"type": "Feature", "properties": {"highway": "footway", "footway": "sidewalk", "name": null, "surface": "asphalt", "lit": "yes", "length_m": 102.94, "type_element": "Way", "__fid": 31348}, "geometry": {"type": "LineString", "coordinates": [[2.3148284, 48.8845789], [2.3148091, 48.8845945], [2.3145172, 48.8851432], [2.3143716, 48.88545280000001]]}}, {"type": "Feature", "properties": {"highway": "footway", "footway": "sidewalk", "name": null, "surface": "asphalt", "lit": "yes", "length_m": 66.16, "type_element": "Way", "__fid": 31349}, "geometry": {"type": "LineString", "coordinates": [[2.3143464, 48.8873777], [2.3149773, 48.887803]]}}, {"type": "Feature", "properties": {"highway": "footway", "footway": "sidewalk", "name": null, "surface": "asphalt", "lit": "yes", "length_m": 48.89, "type_element": "Way", "__fid": 31354}, "geometry": {"type": "LineString", "coordinates": [[2.3143509, 48.88759120000002], [2.3148204, 48.8879033]]}}, {"type": "Feature", "properties": {"highway": "footway", "footway": "sidewalk", "name": null, "surface": "asphalt", "lit": "yes", "length_m": 26.76, "type_element": "Way", "__fid": 31385}, "geometry": {"type": "LineString", "coordinates": [[2.3147103, 48.8844945], [2.3144393, 48.88433340000001]]}}, {"type": "Feature", "properties": {"highway": "footway", "footway": "crossing", "name": null, "surface": "asphalt", "lit": "yes", "length_m": 9.52, "type_element": "Way", "__fid": 31386}, "geometry": {"type": "LineString", "coordinates": [[2.3145215, 48.8842671], [2.3144393, 48.88433340000001]]}}, {"type": "Feature", "properties": {"highway": "footway", "footway": "sidewalk", "name": null, "surface": "asphalt", "lit": "yes", "length_m": 3.36, "type_element": "Way", "__fid": 31450}, "geometry": {"type": "LineString", "coordinates": [[2.3145215, 48.8842671], [2.3145669, 48.8842712]]}}, {"type": "Feature", "properties": {"highway": "footway", "footway": "crossing", "name": null, "surface": "asphalt", "lit": "yes", "length_m": 9.8, "type_element": "Way", "__fid": 31484}, "geometry": {"type": "LineString", "coordinates": [[2.3145669, 48.8842712], [2.3145707, 48.88428120000001], [2.3146638, 48.884329]]}}, {"type": "Feature", "properties": {"highway": "footway", "footway": "sidewalk", "name": null, "surface": "asphalt", "lit": "yes", "length_m": 137.17, "type_element": "Way", "__fid": 31485}, "geometry": {"type": "LineString", "coordinates": [[2.3145669, 48.8842712], [2.3145927, 48.884263], [2.3156201, 48.8833102], [2.315617500000091, 48.88329325000002], [2.3156433, 48.8832704]]}}, {"type": "Feature", "properties": {"highway": "footway", "footway": "sidewalk", "name": null, "surface": "asphalt", "lit": "yes", "length_m": 15.21, "type_element": "Way", "__fid": 31544}, "geometry": {"type": "LineString", "coordinates": [[2.3146638, 48.884329], [2.314676, 48.8843533], [2.3148001, 48.8844286]]}}, {"type": "Feature", "properties": {"highway": "footway", "footway": "sidewalk", "name": null, "surface": "asphalt", "lit": "yes", "length_m": 133.6, "type_element": "Way", "__fid": 31545}, "geometry": {"type": "LineString", "coordinates": [[2.315711, 48.8833473], [2.3146713, 48.88431090000001], [2.3146638, 48.884329]]}}, {"type": "Feature", "properties": {"highway": "footway", "footway": "crossing", "name": null, "surface": "asphalt", "lit": "yes", "length_m": 9.85, "type_element": "Way", "__fid": 31576}, "geometry": {"type": "LineString", "coordinates": [[2.3147103, 48.8844945], [2.3148001, 48.8844286]]}}, {"type": "Feature", "properties": {"highway": "pedestrian", "footway": null, "name": "Rue Lebouteux", "surface": "asphalt", "lit": "yes", "length_m": 80.38, "type_element": "Way", "__fid": 31583}, "geometry": {"type": "LineString", "coordinates": [[2.3147358, 48.88286509999998], [2.3156433, 48.8832704]]}}, {"type": "Feature", "properties": {"highway": "pedestrian", "footway": null, "name": "Rue de Lévis", "surface": "paving_stones", "lit": "yes", "length_m": 21.94, "type_element": "Way", "__fid": 31584}, "geometry": {"type": "LineString", "coordinates": [[2.3147358, 48.88286509999998], [2.3149155, 48.88270739999998]]}}, {"type": "Feature", "properties": {"highway": "footway", "footway": "crossing", "name": null, "surface": "asphalt", "lit": "yes", "length_m": 9.55, "type_element": "Way", "__fid": 31603}, "geometry": {"type": "LineString", "coordinates": [[2.314738133333207, 48.884518966666796], [2.3148089, 48.8845559], [2.3148284, 48.8845789]]}}, {"type": "Feature", "properties": {"highway": "footway", "footway": "sidewalk", "name": null, "surface": "asphalt", "lit": "yes", "length_m": 64.12, "type_element": "Way", "__fid": 31662}, "geometry": {"type": "LineString", "coordinates": [[2.3148001, 48.8844286], [2.3154552, 48.8848105]]}}, {"type": "Feature", "properties": {"highway": "footway", "footway": "sidewalk", "name": null, "surface": "asphalt", "lit": "yes", "length_m": 85.05, "type_element": "Way", "__fid": 31728}, "geometry": {"type": "LineString", "coordinates": [[2.3148204, 48.8879033], [2.3149052, 48.8879596], [2.3154699, 48.8885351]]}}, {"type": "Feature", "properties": {"highway": "footway", "footway": "crossing", "name": null, "surface": "asphalt", "lit": "yes", "length_m": 16.02, "type_element": "Way", "__fid": 31729}, "geometry": {"type": "LineString", "coordinates": [[2.3149773, 48.887803], [2.3148204, 48.8879033]]}}, {"type": "Feature", "properties": {"highway": "steps", "footway": null, "name": null, "surface": "paving_stones", "lit": "yes", "length_m": 35.39, "type_element": "Way", "__fid": 31785}, "geometry": {"type": "LineString", "coordinates": [[2.31489, 48.8886591], [2.315191, 48.8884926], [2.3152665, 48.8884606]]}}, {"type": "Feature", "properties": {"highway": "steps", "footway": null, "name": null, "surface": "metal", "lit": "yes", "length_m": 28.55, "type_element": "Way", "__fid": 31809}, "geometry": {"type": "LineString", "coordinates": [[2.3149243, 48.8886866], [2.315237249999757, 48.88853390000007]]}}, {"type": "Feature", "properties": {"highway": "steps", "footway": null, "name": null, "surface": "metal", "lit": "yes", "length_m": 28.65, "type_element": "Way", "__fid": 31813}, "geometry": {"type": "LineString", "coordinates": [[2.315237249999757, 48.88853390000007], [2.3149327, 48.8886953]]}}, {"type": "Feature", "properties": {"highway": "footway", "footway": "sidewalk", "name": null, "surface": "concrete", "lit": "yes", "length_m": 45.42, "type_element": "Way", "__fid": 31838}, "geometry": {"type": "LineString", "coordinates": [[2.3149773, 48.887803], [2.3150437, 48.8878413], [2.3153263, 48.8881379]]}}, {"type": "Feature", "properties": {"highway": "footway", "footway": null, "name": null, "surface": "concrete", "lit": "no", "length_m": 25.38, "type_element": "Way", "__fid": 31839}, "geometry": {"type": "LineString", "coordinates": [[2.3149773, 48.887803], [2.3152134, 48.8876361]]}}, {"type": "Feature", "properties": {"highway": "footway", "footway": null, "name": null, "surface": "concrete:plates", "lit": "no", "length_m": 28.88, "type_element": "Way", "__fid": 32053}, "geometry": {"type": "LineString", "coordinates": [[2.3152134, 48.8876361], [2.3153791, 48.8877275], [2.3154482, 48.8876803], [2.3154844, 48.8876662], [2.3155206, 48.887665]]}}, {"type": "Feature", "properties": {"highway": "footway", "footway": null, "name": null, "surface": "concrete", "lit": "no", "length_m": 39.84, "type_element": "Way", "__fid": 32054}, "geometry": {"type": "LineString", "coordinates": [[2.3152134, 48.8876361], [2.3154279, 48.8874862], [2.3154642, 48.8874837], [2.3155191, 48.88749470000001], [2.3156556, 48.88748780000002]]}}, {"type": "Feature", "properties": {"highway": "footway", "footway": null, "name": null, "surface": "paving_stones", "lit": "yes", "length_m": 8.43, "type_element": "Way", "__fid": 32070}, "geometry": {"type": "LineString", "coordinates": [[2.315237249999757, 48.88853390000007], [2.3152665, 48.8884606]]}}, {"type": "Feature", "properties": {"highway": "service", "footway": null, "name": null, "surface": "asphalt", "lit": "yes", "length_m": 6.84, "type_element": "Way", "__fid": 32071}, "geometry": {"type": "LineString", "coordinates": [[2.3152825, 48.8887591], [2.3152371, 48.8887054]]}}, {"type": "Feature", "properties": {"highway": "footway", "footway": "sidewalk", "name": null, "surface": "asphalt", "lit": "yes", "length_m": 138.84, "type_element": "Way", "__fid": 32075}, "geometry": {"type": "LineString", "coordinates": [[2.3157249, 48.8832698], [2.314854, 48.882883], [2.3148449, 48.8828484], [2.3153228, 48.8824336]]}}, {"type": "Feature", "properties": {"highway": "footway", "footway": null, "name": null, "surface": "paving_stones", "lit": "yes", "length_m": 12.49, "type_element": "Way", "__fid": 32099}, "geometry": {"type": "LineString", "coordinates": [[2.3152665, 48.8884606], [2.315383, 48.8885425]]}}, {"type": "Feature", "properties": {"highway": "footway", "footway": "sidewalk", "name": null, "surface": "asphalt", "lit": "yes", "length_m": 17.76, "type_element": "Way", "__fid": 32114}, "geometry": {"type": "LineString", "coordinates": [[2.315464342594824, 48.88865363819797], [2.3152825, 48.8887591]]}}, {"type": "Feature", "properties": {"highway": "footway", "footway": "sidewalk", "name": null, "surface": "asphalt", "lit": "yes", "length_m": 45.02, "type_element": "Way", "__fid": 32154}, "geometry": {"type": "LineString", "coordinates": [[2.3156545, 48.8884801], [2.3153263, 48.8881379]]}}, {"type": "Feature", "properties": {"highway": "footway", "footway": null, "name": null, "surface": "asphalt", "lit": "no", "length_m": 3.31, "type_element": "Way", "__fid": 32155}, "geometry": {"type": "LineString", "coordinates": [[2.3153263, 48.8881379], [2.3153635, 48.88812110000001]]}}, {"type": "Feature", "properties": {"highway": "footway", "footway": null, "name": null, "surface": "asphalt", "lit": "no", "length_m": 4.79, "type_element": "Way", "__fid": 32162}, "geometry": {"type": "LineString", "coordinates": [[2.3153306, 48.8880839], [2.3153635, 48.88812110000001]]}}, {"type": "Feature", "properties": {"highway": "footway", "footway": "crossing", "name": null, "surface": "asphalt", "lit": "yes", "length_m": 9.15, "type_element": "Way", "__fid": 32187}, "geometry": {"type": "LineString", "coordinates": [[2.3154552, 48.8848105], [2.315396500000221, 48.8848831333334]]}}, {"type": "Feature", "properties": {"highway": "footway", "footway": null, "name": null, "surface": "asphalt", "lit": "no", "length_m": 4.37, "type_element": "Way", "__fid": 32197}, "geometry": {"type": "LineString", "coordinates": [[2.3153635, 48.88812110000001], [2.3153936, 48.888155]]}}, {"type": "Feature", "properties": {"highway": "footway", "footway": null, "name": null, "surface": "asphalt", "lit": "no", "length_m": 17.9, "type_element": "Way", "__fid": 32198}, "geometry": {"type": "LineString", "coordinates": [[2.3153635, 48.88812110000001], [2.3155671, 48.88803230000001]]}}, {"type": "Feature", "properties": {"highway": "steps", "footway": null, "name": null, "surface": null, "lit": "24/7", "length_m": 13.74, "type_element": "Way", "__fid": 32233}, "geometry": {"type": "LineString", "coordinates": [[2.315383, 48.8885425], [2.3154175, 48.888547899999985], [2.315503638328221, 48.8886303814479]]}}, {"type": "Feature", "properties": {"highway": "steps", "footway": null, "name": null, "surface": null, "lit": "24/7", "length_m": 13.31, "type_element": "Way", "__fid": 32234}, "geometry": {"type": "LineString", "coordinates": [[2.315383, 48.8885425], [2.315486006671483, 48.888641073808316]]}}, {"type": "Feature", "properties": {"highway": "steps", "footway": null, "name": null, "surface": null, "lit": "24/7", "length_m": 14.46, "type_element": "Way", "__fid": 32235}, "geometry": {"type": "LineString", "coordinates": [[2.315383, 48.8885425], [2.315375, 48.8885682], [2.315464342594824, 48.88865363819797]]}}, {"type": "Feature", "properties": {"highway": "footway", "footway": "sidewalk", "name": null, "surface": "asphalt", "lit": "yes", "length_m": 6.43, "type_element": "Way", "__fid": 32236}, "geometry": {"type": "LineString", "coordinates": [[2.3154699, 48.8885351], [2.315383, 48.8885425]]}}, {"type": "Feature", "properties": {"highway": "footway", "footway": "sidewalk", "name": null, "surface": "asphalt", "lit": "yes", "length_m": 2.35, "type_element": "Way", "__fid": 32255}, "geometry": {"type": "LineString", "coordinates": [[2.3154552, 48.8848105], [2.3154873, 48.88481110000002]]}}, {"type": "Feature", "properties": {"highway": "footway", "footway": "crossing", "name": null, "surface": "asphalt", "lit": "yes", "length_m": 7.88, "type_element": "Way", "__fid": 32288}, "geometry": {"type": "LineString", "coordinates": [[2.3154873, 48.88481110000002], [2.315571299999843, 48.88485526666674]]}}, {"type": "Feature", "properties": {"highway": "footway", "footway": "sidewalk", "name": null, "surface": "asphalt", "lit": "yes", "length_m": 145.06, "type_element": "Way", "__fid": 32289}, "geometry": {"type": "LineString", "coordinates": [[2.3154873, 48.88481110000002], [2.3160042, 48.88432379999998], [2.3160485, 48.88431210000001], [2.3161194, 48.8842479], [2.3161125, 48.8842198], [2.3166089, 48.8837526]]}}, {"type": "Feature", "properties": {"highway": "footway", "footway": "crossing", "name": null, "surface": "asphalt", "lit": "yes", "length_m": 9.1, "type_element": "Way", "__fid": 32321}, "geometry": {"type": "LineString", "coordinates": [[2.3155794, 48.8848871], [2.315506933333495, 48.884953533333366]]}}, {"type": "Feature", "properties": {"highway": "steps", "footway": null, "name": null, "surface": null, "lit": "24/7", "length_m": 13.02, "type_element": "Way", "__fid": 32329}, "geometry": {"type": "LineString", "coordinates": [[2.315464342594824, 48.88865363819797], [2.3155489, 48.8887345], [2.3155723, 48.8887236]]}}, {"type": "Feature", "properties": {"highway": "footway", "footway": "sidewalk", "name": null, "surface": "asphalt", "lit": "yes", "length_m": 2.12, "type_element": "Way", "__fid": 32330}, "geometry": {"type": "LineString", "coordinates": [[2.315486006671483, 48.888641073808316], [2.315464342594824, 48.88865363819797]]}}, {"type": "Feature", "properties": {"highway": "footway", "footway": "crossing", "name": null, "surface": "asphalt", "lit": "yes", "length_m": 15.5, "type_element": "Way", "__fid": 32341}, "geometry": {"type": "LineString", "coordinates": [[2.3156545, 48.8884801], [2.315515, 48.8885392], [2.3154699, 48.8885351]]}}, {"type": "Feature", "properties": {"highway": "footway", "footway": "sidewalk", "name": null, "surface": "asphalt", "lit": "yes", "length_m": 12.58, "type_element": "Way", "__fid": 32342}, "geometry": {"type": "LineString", "coordinates": [[2.3154699, 48.8885351], [2.3155304, 48.8885998], [2.3155263, 48.888616], [2.315503638328221, 48.8886303814479]]}}, {"type": "Feature", "properties": {"highway": "steps", "footway": null, "name": null, "surface": null, "lit": "24/7", "length_m": 11.15, "type_element": "Way", "__fid": 32363}, "geometry": {"type": "LineString", "coordinates": [[2.315486006671483, 48.888641073808316], [2.3155723, 48.8887236]]}}, {"type": "Feature", "properties": {"highway": "footway", "footway": "sidewalk", "name": null, "surface": "asphalt", "lit": "yes", "length_m": 0.89, "type_element": "Way", "__fid": 32364}, "geometry": {"type": "LineString", "coordinates": [[2.3154951, 48.88863580000001], [2.315486006671483, 48.888641073808316]]}}, {"type": "Feature", "properties": {"highway": "footway", "footway": "crossing", "name": null, "surface": "asphalt", "lit": "yes", "length_m": 11.25, "type_element": "Way", "__fid": 32374}, "geometry": {"type": "LineString", "coordinates": [[2.315581926667964, 48.888719255658316], [2.3154951, 48.88863580000001]]}}, {"type": "Feature", "properties": {"highway": "footway", "footway": "sidewalk", "name": null, "surface": "asphalt", "lit": "yes", "length_m": 0.87, "type_element": "Way", "__fid": 32375}, "geometry": {"type": "LineString", "coordinates": [[2.315503638328221, 48.8886303814479], [2.3154951, 48.88863580000001]]}}, {"type": "Feature", "properties": {"highway": "steps", "footway": null, "name": null, "surface": null, "lit": "24/7", "length_m": 12.28, "type_element": "Way", "__fid": 32385}, "geometry": {"type": "LineString", "coordinates": [[2.315503638328221, 48.8886303814479], [2.3155918, 48.88871480000001], [2.315581926667964, 48.888719255658316]]}}, {"type": "Feature", "properties": {"highway": "footway", "footway": null, "name": null, "surface": "compacted", "lit": "no", "length_m": 31.63, "type_element": "Way", "__fid": 32390}, "geometry": {"type": "LineString", "coordinates": [[2.3155206, 48.887665], [2.3154895, 48.8877954], [2.3154907, 48.88784540000002], [2.3155272, 48.887945]]}}, {"type": "Feature", "properties": {"highway": "footway", "footway": null, "name": null, "surface": "compacted", "lit": "no", "length_m": 22.05, "type_element": "Way", "__fid": 32391}, "geometry": {"type": "LineString", "coordinates": [[2.3156556, 48.88748780000002], [2.3155206, 48.887665]]}}, {"type": "Feature", "properties": {"highway": "footway", "footway": null, "name": null, "surface": "compacted", "lit": "no", "length_m": 10.14, "type_element": "Way", "__fid": 32406}, "geometry": {"type": "LineString", "coordinates": [[2.3155272, 48.887945], [2.3155671, 48.88803230000001]]}}, {"type": "Feature", "properties": {"highway": "footway", "footway": null, "name": "Allée Barbara", "surface": "compacted", "lit": "yes", "length_m": 73.83, "type_element": "Way", "__fid": 32407}, "geometry": {"type": "LineString", "coordinates": [[2.3162543, 48.8875053], [2.3160891, 48.8876428], [2.3158003, 48.8877419], [2.3156451, 48.8878301], [2.3155272, 48.887945]]}}, {"type": "Feature", "properties": {"highway": "footway", "footway": "sidewalk", "name": null, "surface": "asphalt", "lit": "yes", "length_m": 202.66, "type_element": "Way", "__fid": 32419}, "geometry": {"type": "LineString", "coordinates": [[2.3173042, 48.88419840000002], [2.316212, 48.8852446], [2.3161795, 48.8852403], [2.3155794, 48.8848871]]}}, {"type": "Feature", "properties": {"highway": "footway", "footway": "sidewalk", "name": null, "surface": "asphalt", "lit": "yes", "length_m": 148.98, "type_element": "Way", "__fid": 32420}, "geometry": {"type": "LineString", "coordinates": [[2.3155794, 48.8848871], [2.3155769, 48.8848582], [2.3161809, 48.884286], [2.316229, 48.8842747], [2.316321, 48.8841933], [2.3163134, 48.8841647], [2.3167044, 48.88379670000001]]}}, {"type": "Feature", "properties": {"highway": "footway", "footway": "crossing", "name": null, "surface": "asphalt", "lit": "yes", "length_m": 7.35, "type_element": "Way", "__fid": 32456}, "geometry": {"type": "LineString", "coordinates": [[2.315625899999878, 48.883312400000065], [2.315711, 48.8833473]]}}, {"type": "Feature", "properties": {"highway": "footway", "footway": null, "name": null, "surface": "compacted", "lit": "no", "length_m": 84.13, "type_element": "Way", "__fid": 32461}, "geometry": {"type": "LineString", "coordinates": [[2.3155671, 48.88803230000001], [2.3156864, 48.8880994], [2.3159755, 48.8881168], [2.3161559, 48.88804120000001], [2.3163318, 48.88792350000002], [2.3164591, 48.8877926]]}}, {"type": "Feature", "properties": {"highway": "pedestrian", "footway": null, "name": "Rue Lebouteux", "surface": "asphalt", "lit": "yes", "length_m": 8.3, "type_element": "Way", "__fid": 32474}, "geometry": {"type": "LineString", "coordinates": [[2.3156433, 48.8832704], [2.3156987, 48.883295], [2.3157249, 48.8832698]]}}, {"type": "Feature", "properties": {"highway": "footway", "footway": "crossing", "name": null, "surface": "asphalt", "lit": "yes", "length_m": 2.96, "type_element": "Way", "__fid": 32475}, "geometry": {"type": "LineString", "coordinates": [[2.315667300000122, 48.8832489666667], [2.3156433, 48.8832704]]}}, {"type": "Feature", "properties": {"highway": "footway", "footway": "sidewalk", "name": null, "surface": "asphalt", "lit": "yes", "length_m": 160.31, "type_element": "Way", "__fid": 32480}, "geometry": {"type": "LineString", "coordinates": [[2.3156613, 48.8821798], [2.3160348, 48.8823386], [2.3164059, 48.8825184], [2.3166392, 48.8826077], [2.3169389, 48.8827095], [2.3175638, 48.8828765]]}}, {"type": "Feature", "properties": {"highway": "living_street", "footway": null, "name": "Rue des Dames", "surface": "asphalt", "lit": "yes", "length_m": 160.53, "type_element": "Way", "__fid": 32514}, "geometry": {"type": "LineString", "coordinates": [[2.3175753, 48.8828471], [2.3169701, 48.88268759999998], [2.3164401, 48.8824998], [2.3163653, 48.8824371], [2.3156877, 48.882139]]}}, {"type": "Feature", "properties": {"highway": "footway", "footway": null, "name": null, "surface": "compacted", "lit": "no", "length_m": 45.41, "type_element": "Way", "__fid": 32536}, "geometry": {"type": "LineString", "coordinates": [[2.3160868, 48.887197], [2.3159893, 48.887284], [2.3158094, 48.88738570000001], [2.3156556, 48.88748780000002]]}}, {"type": "Feature", "properties": {"highway": "footway", "footway": "sidewalk", "name": null, "surface": "asphalt", "lit": "yes", "length_m": 78.14, "type_element": "Way", "__fid": 32537}, "geometry": {"type": "LineString", "coordinates": [[2.3165995, 48.8837312], [2.3157583, 48.8833541], [2.315711, 48.8833473]]}}, {"type": "Feature", "properties": {"highway": "footway", "footway": "crossing", "name": null, "surface": "concrete", "lit": "yes", "length_m": 18.24, "type_element": "Way", "__fid": 32545}, "geometry": {"type": "LineString", "coordinates": [[2.3156545, 48.8884801], [2.3157291, 48.888530400000015], [2.3157922, 48.8886143]]}}, {"type": "Feature", "properties": {"highway": "footway", "footway": "sidewalk", "name": null, "surface": "asphalt", "lit": "yes", "length_m": 87.3, "type_element": "Way", "__fid": 32546}, "geometry": {"type": "LineString", "coordinates": [[2.3165505, 48.8879677], [2.3157377, 48.8884562], [2.3156545, 48.8884801]]}}, {"type": "Feature", "properties": {"highway": "footway", "footway": "sidewalk", "name": null, "surface": "asphalt", "lit": "yes", "length_m": 84.37, "type_element": "Way", "__fid": 32550}, "geometry": {"type": "LineString", "coordinates": [[2.3166822, 48.8836906], [2.3157249, 48.8832698]]}}, {"type": "Feature", "properties": {"highway": "service", "footway": null, "name": null, "surface": "asphalt", "lit": "yes", "length_m": 0.71, "type_element": "Way", "__fid": 32551}, "geometry": {"type": "LineString", "coordinates": [[2.3157304, 48.8832646], [2.3157249, 48.8832698]]}}, {"type": "Feature", "properties": {"highway": "footway", "footway": "crossing", "name": null, "surface": "asphalt", "lit": "yes", "length_m": 11.74, "type_element": "Way", "__fid": 32603}, "geometry": {"type": "LineString", "coordinates": [[2.315687033333537, 48.888753966666805], [2.3158247, 48.888700100000015]]}}, {"type": "Feature", "properties": {"highway": "footway", "footway": "sidewalk", "name": null, "surface": "asphalt", "lit": "yes", "length_m": 10.81, "type_element": "Way", "__fid": 32677}, "geometry": {"type": "LineString", "coordinates": [[2.3158247, 48.888700100000015], [2.3157747, 48.8886471], [2.3157922, 48.8886143]]}}, {"type": "Feature", "properties": {"highway": "footway", "footway": "sidewalk", "name": null, "surface": "asphalt", "lit": "yes", "length_m": 88.75, "type_element": "Way", "__fid": 32678}, "geometry": {"type": "LineString", "coordinates": [[2.3157922, 48.8886143], [2.3166911, 48.8880799]]}}, {"type": "Feature", "properties": {"highway": "footway", "footway": "sidewalk", "name": null, "surface": "asphalt", "lit": "yes", "length_m": 44.79, "type_element": "Way", "__fid": 32700}, "geometry": {"type": "LineString", "coordinates": [[2.3161745, 48.8890156], [2.3161155, 48.88900860000001], [2.3158247, 48.888700100000015]]}}, {"type": "Feature", "properties": {"highway": "footway", "footway": "sidewalk", "name": null, "surface": "asphalt", "lit": "yes", "length_m": 6.74, "type_element": "Way", "__fid": 32808}, "geometry": {"type": "LineString", "coordinates": [[2.31608, 48.88529170000001], [2.3161136, 48.88531120000001], [2.3161157, 48.8853423]]}}, {"type": "Feature", "properties": {"highway": "footway", "footway": "crossing", "name": null, "surface": "asphalt", "lit": "yes", "length_m": 8.71, "type_element": "Way", "__fid": 32809}, "geometry": {"type": "LineString", "coordinates": [[2.31608, 48.88529170000001], [2.316174366666859, 48.885244166666745]]}}, {"type": "Feature", "properties": {"highway": "footway", "footway": null, "name": null, "surface": "compacted", "lit": "no", "length_m": 37.65, "type_element": "Way", "__fid": 32821}, "geometry": {"type": "LineString", "coordinates": [[2.3162543, 48.8875053], [2.3160895, 48.887325200000014], [2.3160868, 48.887197]]}}, {"type": "Feature", "properties": {"highway": "footway", "footway": null, "name": null, "surface": "compacted", "lit": "no", "length_m": 20.25, "type_element": "Way", "__fid": 32822}, "geometry": {"type": "LineString", "coordinates": [[2.3162476, 48.887049], [2.3160868, 48.887197]]}}, {"type": "Feature", "properties": {"highway": "footway", "footway": "crossing", "name": null, "surface": "asphalt", "lit": "yes", "length_m": 7.83, "type_element": "Way", "__fid": 32825}, "geometry": {"type": "LineString", "coordinates": [[2.3161157, 48.8853423], [2.316204199999826, 48.88538173333339]]}}, {"type": "Feature", "properties": {"highway": "footway", "footway": "sidewalk", "name": null, "surface": "asphalt", "lit": "yes", "length_m": 96.29, "type_element": "Way", "__fid": 32900}, "geometry": {"type": "LineString", "coordinates": [[2.3171417, 48.888431], [2.3171192, 48.8884529], [2.3161745, 48.8890156]]}}, {"type": "Feature", "properties": {"highway": "footway", "footway": null, "name": null, "surface": "compacted", "lit": "no", "length_m": 21.78, "type_element": "Way", "__fid": 32918}, "geometry": {"type": "LineString", "coordinates": [[2.3162476, 48.887049], [2.3164495, 48.8870891], [2.316535, 48.88709590000002]]}}, {"type": "Feature", "properties": {"highway": "footway", "footway": null, "name": null, "surface": "compacted", "lit": "no", "length_m": 21.68, "type_element": "Way", "__fid": 32919}, "geometry": {"type": "LineString", "coordinates": [[2.3164612, 48.8869142], [2.3162476, 48.887049]]}}, {"type": "Feature", "properties": {"highway": "footway", "footway": null, "name": null, "surface": "compacted", "lit": "no", "length_m": 35.53, "type_element": "Way", "__fid": 32923}, "geometry": {"type": "LineString", "coordinates": [[2.3164591, 48.8877926], [2.3163919, 48.8876563], [2.3162543, 48.8875053]]}}, {"type": "Feature", "properties": {"highway": "footway", "footway": null, "name": "Allée Barbara", "surface": "compacted", "lit": "yes", "length_m": 84.37, "type_element": "Way", "__fid": 32924}, "geometry": {"type": "LineString", "coordinates": [[2.317009, 48.8870228], [2.3169435, 48.88701840000002], [2.3167058, 48.8870867], [2.316666, 48.8871271], [2.3166455, 48.887267], [2.3165744, 48.887325], [2.3163577, 48.8874191], [2.3162543, 48.8875053]]}}, {"type": "Feature", "properties": {"highway": "footway", "footway": "sidewalk", "name": null, "surface": "asphalt", "lit": "yes", "length_m": 97.1, "type_element": "Way", "__fid": 32931}, "geometry": {"type": "LineString", "coordinates": [[2.3162422, 48.8890854], [2.3172293, 48.8885033]]}}, {"type": "Feature", "properties": {"highway": "footway", "footway": null, "name": null, "surface": "compacted", "lit": "no", "length_m": 29.97, "type_element": "Way", "__fid": 33026}, "geometry": {"type": "LineString", "coordinates": [[2.3168664, 48.88691630000002], [2.3166344, 48.8868976], [2.3164612, 48.8869142]]}}, {"type": "Feature", "properties": {"highway": "footway", "footway": null, "name": null, "surface": "compacted", "lit": "no", "length_m": 18.98, "type_element": "Way", "__fid": 33035}, "geometry": {"type": "LineString", "coordinates": [[2.3166137, 48.88792950000003], [2.3164591, 48.8877926]]}}, {"type": "Feature", "properties": {"highway": "footway", "footway": null, "name": null, "surface": "compacted", "lit": "no", "length_m": 71.1, "type_element": "Way", "__fid": 33036}, "geometry": {"type": "LineString", "coordinates": [[2.3164591, 48.8877926], [2.3167062, 48.8877172], [2.3169178, 48.8875816], [2.317039, 48.8874592], [2.3170817, 48.8873435]]}}, {"type": "Feature", "properties": {"highway": "footway", "footway": null, "name": null, "surface": "compacted", "lit": "no", "length_m": 19.96, "type_element": "Way", "__fid": 33083}, "geometry": {"type": "LineString", "coordinates": [[2.316535, 48.88709590000002], [2.3165557, 48.88701339999999], [2.3166107, 48.88700630000001], [2.3166943, 48.8870272]]}}, {"type": "Feature", "properties": {"highway": "footway", "footway": "sidewalk", "name": null, "surface": "asphalt", "lit": "yes", "length_m": 2.48, "type_element": "Way", "__fid": 33100}, "geometry": {"type": "LineString", "coordinates": [[2.3166089, 48.8837526], [2.3165995, 48.8837312]]}}, {"type": "Feature", "properties": {"highway": "footway", "footway": "crossing", "name": null, "surface": "asphalt", "lit": "yes", "length_m": 7.56, "type_element": "Way", "__fid": 33101}, "geometry": {"type": "LineString", "coordinates": [[2.3165995, 48.8837312], [2.3166822, 48.8836906]]}}, {"type": "Feature", "properties": {"highway": "footway", "footway": "crossing", "name": null, "surface": "asphalt", "lit": "yes", "length_m": 16.33, "type_element": "Way", "__fid": 33105}, "geometry": {"type": "LineString", "coordinates": [[2.3165505, 48.8879677], [2.3166752, 48.8880555], [2.3166911, 48.8880799]]}}, {"type": "Feature", "properties": {"highway": "footway", "footway": "sidewalk", "name": null, "surface": "asphalt", "lit": "yes", "length_m": 6.29, "type_element": "Way", "__fid": 33106}, "geometry": {"type": "LineString", "coordinates": [[2.3166137, 48.88792950000003], [2.3165505, 48.8879677]]}}, {"type": "Feature", "properties": {"highway": "footway", "footway": "crossing", "name": null, "surface": "asphalt", "lit": "yes", "length_m": 8.55, "type_element": "Way", "__fid": 33107}, "geometry": {"type": "LineString", "coordinates": [[2.3166089, 48.8837526], [2.3167044, 48.88379670000001]]}}, {"type": "Feature", "properties": {"highway": "footway", "footway": null, "name": null, "surface": "sett", "lit": "yes", "length_m": 9.81, "type_element": "Way", "__fid": 33143}, "geometry": {"type": "LineString", "coordinates": [[2.3166963, 48.8879989], [2.3166137, 48.88792950000003]]}}, {"type": "Feature", "properties": {"highway": "footway", "footway": "sidewalk", "name": null, "surface": "asphalt", "lit": "yes", "length_m": 6.94, "type_element": "Way", "__fid": 33144}, "geometry": {"type": "LineString", "coordinates": [[2.3166834, 48.8878873], [2.3166137, 48.88792950000003]]}}, {"type": "Feature", "properties": {"highway": "footway", "footway": "sidewalk", "name": null, "surface": "asphalt", "lit": "yes", "length_m": 112.21, "type_element": "Way", "__fid": 33150}, "geometry": {"type": "LineString", "coordinates": [[2.3175638, 48.8828765], [2.3175549, 48.8829031], [2.31673, 48.8836804], [2.3166822, 48.8836906]]}}, {"type": "Feature", "properties": {"highway": "footway", "footway": "sidewalk", "name": null, "surface": "asphalt", "lit": "yes", "length_m": 12.52, "type_element": "Way", "__fid": 33164}, "geometry": {"type": "LineString", "coordinates": [[2.3167044, 48.88379670000001], [2.3168024, 48.883704500000015]]}}, {"type": "Feature", "properties": {"highway": "footway", "footway": "crossing", "name": null, "surface": "asphalt", "lit": "yes", "length_m": 16.44, "type_element": "Way", "__fid": 33173}, "geometry": {"type": "LineString", "coordinates": [[2.3166854, 48.8856782], [2.3168594, 48.8857714]]}}, {"type": "Feature", "properties": {"highway": "footway", "footway": "sidewalk", "name": null, "surface": "asphalt", "lit": "yes", "length_m": 2.79, "type_element": "Way", "__fid": 33174}, "geometry": {"type": "LineString", "coordinates": [[2.3166854, 48.8856782], [2.3166886, 48.8856532]]}}, {"type": "Feature", "properties": {"highway": "footway", "footway": "crossing", "name": null, "surface": "asphalt", "lit": "yes", "length_m": 10.59, "type_element": "Way", "__fid": 33177}, "geometry": {"type": "LineString", "coordinates": [[2.3167707, 48.8855748], [2.3166886, 48.8856532]]}}, {"type": "Feature", "properties": {"highway": "footway", "footway": "crossing", "name": null, "surface": "asphalt", "lit": "yes", "length_m": 5.44, "type_element": "Way", "__fid": 33187}, "geometry": {"type": "LineString", "coordinates": [[2.316736266666548, 48.88368240000007], [2.3168024, 48.883704500000015]]}}, {"type": "Feature", "properties": {"highway": "footway", "footway": null, "name": null, "surface": "compacted", "lit": "no", "length_m": 20.88, "type_element": "Way", "__fid": 33188}, "geometry": {"type": "LineString", "coordinates": [[2.3166943, 48.8870272], [2.3167064, 48.8869969], [2.3167672, 48.8869701], [2.3168495, 48.886958499999984], [2.3169291, 48.88696310000001]]}}, {"type": "Feature", "properties": {"highway": "footway", "footway": "crossing", "name": null, "surface": "asphalt", "lit": "yes", "length_m": 16.28, "type_element": "Way", "__fid": 33189}, "geometry": {"type": "LineString", "coordinates": [[2.3166834, 48.8878873], [2.3168385, 48.887992]]}}, {"type": "Feature", "properties": {"highway": "footway", "footway": "sidewalk", "name": null, "surface": "asphalt", "lit": "yes", "length_m": 94.48, "type_element": "Way", "__fid": 33190}, "geometry": {"type": "LineString", "coordinates": [[2.3176334, 48.887313300000024], [2.3166834, 48.8878873]]}}, {"type": "Feature", "properties": {"highway": "footway", "footway": "sidewalk", "name": null, "surface": "asphalt", "lit": "yes", "length_m": 2.57, "type_element": "Way", "__fid": 33205}, "geometry": {"type": "LineString", "coordinates": [[2.3166911, 48.8880799], [2.3167257, 48.8880834]]}}, {"type": "Feature", "properties": {"highway": "pedestrian", "footway": null, "name": "Place Charles Fillion", "surface": "asphalt", "lit": "yes", "length_m": 19.75, "type_element": "Way", "__fid": 33235}, "geometry": {"type": "LineString", "coordinates": [[2.3169343, 48.8866256], [2.3167447, 48.8864994]]}}, {"type": "Feature", "properties": {"highway": "footway", "footway": "sidewalk", "name": null, "surface": "asphalt", "lit": "yes", "length_m": 46.94, "type_element": "Way", "__fid": 33237}, "geometry": {"type": "LineString", "coordinates": [[2.3167257, 48.8880834], [2.3171372, 48.88840669999998]]}}, {"type": "Feature", "properties": {"highway": "footway", "footway": "crossing", "name": null, "surface": "asphalt", "lit": "yes", "length_m": 12.71, "type_element": "Way", "__fid": 33238}, "geometry": {"type": "LineString", "coordinates": [[2.316857, 48.8880088], [2.3167257, 48.8880834]]}}, {"type": "Feature", "properties": {"highway": "footway", "footway": "sidewalk", "name": null, "surface": "concrete", "lit": "yes", "length_m": 1.59, "type_element": "Way", "__fid": 33243}, "geometry": {"type": "LineString", "coordinates": [[2.3167707, 48.8855748], [2.3167924, 48.88557460000001]]}}, {"type": "Feature", "properties": {"highway": "footway", "footway": "sidewalk", "name": null, "surface": "asphalt", "lit": "yes", "length_m": 108.7, "type_element": "Way", "__fid": 33249}, "geometry": {"type": "LineString", "coordinates": [[2.3168024, 48.883704500000015], [2.317653633333458, 48.88290420000004]]}}, {"type": "Feature", "properties": {"highway": "footway", "footway": "crossing", "name": null, "surface": "asphalt", "lit": "yes", "length_m": 16.5, "type_element": "Way", "__fid": 33253}, "geometry": {"type": "LineString", "coordinates": [[2.3167924, 48.88557460000001], [2.316963, 48.8856714]]}}, {"type": "Feature", "properties": {"highway": "footway", "footway": "sidewalk", "name": null, "surface": "asphalt", "lit": "yes", "length_m": 138.36, "type_element": "Way", "__fid": 33300}, "geometry": {"type": "LineString", "coordinates": [[2.3168594, 48.8857714], [2.3168829, 48.8857604], [2.3169098, 48.8857741], [2.3176188, 48.8861947], [2.3176198, 48.8862103], [2.3169964, 48.8865881]]}}, {"type": "Feature", "properties": {"highway": "footway", "footway": "sidewalk", "name": null, "surface": "asphalt", "lit": "yes", "length_m": 2.31, "type_element": "Way", "__fid": 33303}, "geometry": {"type": "LineString", "coordinates": [[2.316857, 48.8880088], [2.3168385, 48.887992]]}}, {"type": "Feature", "properties": {"highway": "footway", "footway": "sidewalk", "name": null, "surface": "asphalt", "lit": "yes", "length_m": 99.36, "type_element": "Way", "__fid": 33304}, "geometry": {"type": "LineString", "coordinates": [[2.3168385, 48.887992], [2.3178396, 48.8873899]]}}, {"type": "Feature", "properties": {"highway": "footway", "footway": null, "name": null, "surface": "compacted", "lit": "no", "length_m": 6.94, "type_element": "Way", "__fid": 33324}, "geometry": {"type": "LineString", "coordinates": [[2.3169291, 48.88696310000001], [2.3168664, 48.88691630000002]]}}, {"type": "Feature", "properties": {"highway": "footway", "footway": "sidewalk", "name": null, "surface": "asphalt", "lit": "yes", "length_m": 46.26, "type_element": "Way", "__fid": 33328}, "geometry": {"type": "LineString", "coordinates": [[2.3172856, 48.888314], [2.316857, 48.8880088]]}}, {"type": "Feature", "properties": {"highway": "footway", "footway": "crossing", "name": null, "surface": "asphalt", "lit": "yes", "length_m": 9.6, "type_element": "Way", "__fid": 33329}, "geometry": {"type": "LineString", "coordinates": [[2.316886766666802, 48.88575673333337], [2.3169632, 48.8856866]]}}, {"type": "Feature", "properties": {"highway": "footway", "footway": null, "name": null, "surface": "compacted", "lit": "no", "length_m": 8.85, "type_element": "Way", "__fid": 33360}, "geometry": {"type": "LineString", "coordinates": [[2.317009, 48.8870228], [2.3169291, 48.88696310000001]]}}, {"type": "Feature", "properties": {"highway": "pedestrian", "footway": null, "name": "Place Charles Fillion", "surface": "asphalt", "lit": "yes", "length_m": 7.51, "type_element": "Way", "__fid": 33362}, "geometry": {"type": "LineString", "coordinates": [[2.3170292, 48.886651100000016], [2.3169343, 48.8866256]]}}, {"type": "Feature", "properties": {"highway": "footway", "footway": "sidewalk", "name": null, "surface": "asphalt", "lit": "yes", "length_m": 38.68, "type_element": "Way", "__fid": 33363}, "geometry": {"type": "LineString", "coordinates": [[2.3169343, 48.8866256], [2.3169571, 48.8867055], [2.3172246, 48.8869053]]}}, {"type": "Feature", "properties": {"highway": "footway", "footway": "sidewalk", "name": null, "surface": "asphalt", "lit": "yes", "length_m": 6.17, "type_element": "Way", "__fid": 33364}, "geometry": {"type": "LineString", "coordinates": [[2.3169964, 48.8865881], [2.3169343, 48.8866256]]}}, {"type": "Feature", "properties": {"highway": "footway", "footway": "sidewalk", "name": null, "surface": "asphalt", "lit": "yes", "length_m": 46.9, "type_element": "Way", "__fid": 33369}, "geometry": {"type": "LineString", "coordinates": [[2.3175844, 48.8828178], [2.3169921, 48.8826587]]}}, {"type": "Feature", "properties": {"highway": "footway", "footway": "sidewalk", "name": null, "surface": "asphalt", "lit": "yes", "length_m": 1.69, "type_element": "Way", "__fid": 33375}, "geometry": {"type": "LineString", "coordinates": [[2.316963, 48.8856714], [2.3169632, 48.8856866]]}}, {"type": "Feature", "properties": {"highway": "footway", "footway": "sidewalk", "name": null, "surface": "asphalt", "lit": "yes", "length_m": 283.85, "type_element": "Way", "__fid": 33376}, "geometry": {"type": "LineString", "coordinates": [[2.3194131, 48.884467500000014], [2.3186173, 48.8841174], [2.3185906, 48.88410990000001], [2.318558, 48.884112], [2.316963, 48.8856714]]}}, {"type": "Feature", "properties": {"highway": "footway", "footway": "sidewalk", "name": null, "surface": "asphalt", "lit": "yes", "length_m": 74.32, "type_element": "Way", "__fid": 33377}, "geometry": {"type": "LineString", "coordinates": [[2.3169632, 48.8856866], [2.317391, 48.885932], [2.317463, 48.88599030000002], [2.3177147, 48.8861335]]}}, {"type": "Feature", "properties": {"highway": "footway", "footway": "crossing", "name": null, "surface": "asphalt", "lit": "yes", "length_m": 10.55, "type_element": "Way", "__fid": 33415}, "geometry": {"type": "LineString", "coordinates": [[2.3169964, 48.8865881], [2.3171201, 48.8866366]]}}, {"type": "Feature", "properties": {"highway": "footway", "footway": null, "name": null, "surface": "compacted", "lit": "no", "length_m": 20.86, "type_element": "Way", "__fid": 33439}, "geometry": {"type": "LineString", "coordinates": [[2.3170893, 48.8871969], [2.3170774, 48.88709330000001], [2.317009, 48.8870228]]}}, {"type": "Feature", "properties": {"highway": "footway", "footway": null, "name": null, "surface": "compacted", "lit": "no", "length_m": 13.19, "type_element": "Way", "__fid": 33440}, "geometry": {"type": "LineString", "coordinates": [[2.317154, 48.8869539], [2.3171193, 48.8869778], [2.317009, 48.8870228]]}}, {"type": "Feature", "properties": {"highway": "footway", "footway": null, "name": null, "surface": "compacted", "lit": "no", "length_m": 16.31, "type_element": "Way", "__fid": 33525}, "geometry": {"type": "LineString", "coordinates": [[2.3170817, 48.8873435], [2.3170893, 48.8871969]]}}, {"type": "Feature", "properties": {"highway": "footway", "footway": "sidewalk", "name": null, "surface": "asphalt", "lit": "yes", "length_m": 18.31, "type_element": "Way", "__fid": 33556}, "geometry": {"type": "LineString", "coordinates": [[2.3171201, 48.8866366], [2.317135, 48.8866694], [2.31729, 48.8867504]]}}, {"type": "Feature", "properties": {"highway": "footway", "footway": "sidewalk", "name": null, "surface": "asphalt", "lit": "yes", "length_m": 60.33, "type_element": "Way", "__fid": 33557}, "geometry": {"type": "LineString", "coordinates": [[2.3177276, 48.8862724], [2.3171297, 48.8866232], [2.3171201, 48.8866366]]}}, {"type": "Feature", "properties": {"highway": "footway", "footway": "sidewalk", "name": null, "surface": "asphalt", "lit": "yes", "length_m": 53.23, "type_element": "Way", "__fid": 33587}, "geometry": {"type": "LineString", "coordinates": [[2.317154, 48.8869539], [2.3176334, 48.887313300000024]]}}, {"type": "Feature", "properties": {"highway": "footway", "footway": "sidewalk", "name": null, "surface": "asphalt", "lit": "yes", "length_m": 7.48, "type_element": "Way", "__fid": 33588}, "geometry": {"type": "LineString", "coordinates": [[2.3172246, 48.8869053], [2.317154, 48.8869539]]}}, {"type": "Feature", "properties": {"highway": "footway", "footway": "sidewalk", "name": null, "surface": "asphalt", "lit": "yes", "length_m": 2.72, "type_element": "Way", "__fid": 33591}, "geometry": {"type": "LineString", "coordinates": [[2.3171372, 48.88840669999998], [2.3171417, 48.888431]]}}, {"type": "Feature", "properties": {"highway": "footway", "footway": "crossing", "name": null, "surface": "asphalt", "lit": "yes", "length_m": 15.2, "type_element": "Way", "__fid": 33592}, "geometry": {"type": "LineString", "coordinates": [[2.3172856, 48.888314], [2.317274, 48.8883321], [2.3171372, 48.88840669999998]]}}, {"type": "Feature", "properties": {"highway": "footway", "footway": "crossing", "name": null, "surface": "asphalt", "lit": "yes", "length_m": 10.5, "type_element": "Way", "__fid": 33593}, "geometry": {"type": "LineString", "coordinates": [[2.3171417, 48.888431], [2.3172272, 48.88849220000002], [2.3172293, 48.8885033]]}}, {"type": "Feature", "properties": {"highway": "footway", "footway": "crossing", "name": null, "surface": "asphalt", "lit": "yes", "length_m": 16.81, "type_element": "Way", "__fid": 33659}, "geometry": {"type": "LineString", "coordinates": [[2.3173507, 48.8867871], [2.3173337, 48.8868398], [2.3172246, 48.8869053]]}}, {"type": "Feature", "properties": {"highway": "footway", "footway": "sidewalk", "name": null, "surface": "asphalt", "lit": "yes", "length_m": 2.84, "type_element": "Way", "__fid": 33688}, "geometry": {"type": "LineString", "coordinates": [[2.3172293, 48.8885033], [2.3172669, 48.888509499999984]]}}, {"type": "Feature", "properties": {"highway": "footway", "footway": "crossing", "name": null, "surface": "asphalt", "lit": "yes", "length_m": 6.55, "type_element": "Way", "__fid": 33707}, "geometry": {"type": "LineString", "coordinates": [[2.3173042, 48.88419840000002], [2.317378, 48.8842315]]}}, {"type": "Feature", "properties": {"highway": "footway", "footway": "sidewalk", "name": null, "surface": "asphalt", "lit": "yes", "length_m": 144.72, "type_element": "Way", "__fid": 33708}, "geometry": {"type": "LineString", "coordinates": [[2.3184191, 48.8831245], [2.3173042, 48.88419840000002]]}}, {"type": "Feature", "properties": {"highway": "pedestrian", "footway": null, "name": "Place du Docteur Félix Lobligeois", "surface": "asphalt", "lit": "yes", "length_m": 7.62, "type_element": "Way", "__fid": 33712}, "geometry": {"type": "LineString", "coordinates": [[2.3172769, 48.88683540000001], [2.3173507, 48.8867871]]}}, {"type": "Feature", "properties": {"highway": "footway", "footway": "sidewalk", "name": null, "surface": "asphalt", "lit": "yes", "length_m": 62.04, "type_element": "Way", "__fid": 33720}, "geometry": {"type": "LineString", "coordinates": [[2.3172669, 48.888509499999984], [2.3178245, 48.8889291]]}}, {"type": "Feature", "properties": {"highway": "footway", "footway": "crossing", "name": null, "surface": "asphalt", "lit": "yes", "length_m": 15.64, "type_element": "Way", "__fid": 33721}, "geometry": {"type": "LineString", "coordinates": [[2.3174245, 48.8884147], [2.3172669, 48.888509499999984]]}}, {"type": "Feature", "properties": {"highway": "footway", "footway": "sidewalk", "name": null, "surface": "asphalt", "lit": "yes", "length_m": 6.04, "type_element": "Way", "__fid": 33722}, "geometry": {"type": "LineString", "coordinates": [[2.31729, 48.8867504], [2.3173507, 48.8867871]]}}, {"type": "Feature", "properties": {"highway": "footway", "footway": "sidewalk", "name": null, "surface": "asphalt", "lit": "yes", "length_m": 62.5, "type_element": "Way", "__fid": 33723}, "geometry": {"type": "LineString", "coordinates": [[2.3179158, 48.8863688], [2.31729, 48.8867504]]}}, {"type": "Feature", "properties": {"highway": "footway", "footway": "sidewalk", "name": null, "surface": "asphalt", "lit": "yes", "length_m": 3.43, "type_element": "Way", "__fid": 33739}, "geometry": {"type": "LineString", "coordinates": [[2.3173305, 48.8883226], [2.3172856, 48.888314]]}}, {"type": "Feature", "properties": {"highway": "footway", "footway": "sidewalk", "name": null, "surface": "asphalt", "lit": "yes", "length_m": 134.08, "type_element": "Way", "__fid": 33788}, "geometry": {"type": "LineString", "coordinates": [[2.3183628, 48.8840311], [2.3177954, 48.8845868], [2.3173056, 48.88434880000001], [2.3172979, 48.8843391], [2.3173659, 48.8842703], [2.3173647, 48.88424430000001], [2.317378, 48.8842315]]}}, {"type": "Feature", "properties": {"highway": "footway", "footway": "sidewalk", "name": null, "surface": "asphalt", "lit": "yes", "length_m": 61.86, "type_element": "Way", "__fid": 33789}, "geometry": {"type": "LineString", "coordinates": [[2.317378, 48.8842315], [2.3178362, 48.88379360000002], [2.3178694, 48.8837831]]}}, {"type": "Feature", "properties": {"highway": "footway", "footway": "crossing", "name": null, "surface": "asphalt", "lit": "yes", "length_m": 10.38, "type_element": "Way", "__fid": 33796}, "geometry": {"type": "LineString", "coordinates": [[2.3173305, 48.8883226], [2.3173304, 48.888335200000014], [2.3174175, 48.888391900000016]]}}, {"type": "Feature", "properties": {"highway": "footway", "footway": "sidewalk", "name": null, "surface": "asphalt", "lit": "yes", "length_m": 91.56, "type_element": "Way", "__fid": 33797}, "geometry": {"type": "LineString", "coordinates": [[2.3182653, 48.8877768], [2.3173305, 48.8883226]]}}, {"type": "Feature", "properties": {"highway": "footway", "footway": "sidewalk", "name": null, "surface": "asphalt", "lit": "yes", "length_m": 12.35, "type_element": "Way", "__fid": 33798}, "geometry": {"type": "LineString", "coordinates": [[2.3173507, 48.8867871], [2.3174782, 48.8868597]]}}, {"type": "Feature", "properties": {"highway": "pedestrian", "footway": null, "name": "Place du Docteur Félix Lobligeois", "surface": "asphalt", "lit": "yes", "length_m": 62.59, "type_element": "Way", "__fid": 33799}, "geometry": {"type": "LineString", "coordinates": [[2.3173507, 48.8867871], [2.3179793, 48.8864063]]}}, {"type": "Feature", "properties": {"highway": "footway", "footway": "sidewalk", "name": null, "surface": "concrete", "lit": "yes", "length_m": 2.59, "type_element": "Way", "__fid": 33865}, "geometry": {"type": "LineString", "coordinates": [[2.3174245, 48.8884147], [2.3174175, 48.888391900000016]]}}, {"type": "Feature", "properties": {"highway": "footway", "footway": "sidewalk", "name": null, "surface": "concrete", "lit": "yes", "length_m": 90.54, "type_element": "Way", "__fid": 33866}, "geometry": {"type": "LineString", "coordinates": [[2.3174175, 48.888391900000016], [2.3183345, 48.8878467]]}}, {"type": "Feature", "properties": {"highway": "footway", "footway": "sidewalk", "name": null, "surface": "concrete", "lit": "yes", "length_m": 62.18, "type_element": "Way", "__fid": 33877}, "geometry": {"type": "LineString", "coordinates": [[2.3179813, 48.8888364], [2.3174245, 48.8884147]]}}, {"type": "Feature", "properties": {"highway": "footway", "footway": "sidewalk", "name": null, "surface": "asphalt", "lit": "yes", "length_m": 25.77, "type_element": "Way", "__fid": 33898}, "geometry": {"type": "LineString", "coordinates": [[2.3174782, 48.8868597], [2.3177182, 48.887029]]}}, {"type": "Feature", "properties": {"highway": "footway", "footway": "sidewalk", "name": null, "surface": "asphalt", "lit": "yes", "length_m": 58.29, "type_element": "Way", "__fid": 33899}, "geometry": {"type": "LineString", "coordinates": [[2.3180633, 48.886504899999984], [2.3174782, 48.8868597]]}}, {"type": "Feature", "properties": {"highway": "footway", "footway": "crossing", "name": null, "surface": "asphalt", "lit": "yes", "length_m": 3.38, "type_element": "Way", "__fid": 33923}, "geometry": {"type": "LineString", "coordinates": [[2.3175753, 48.8828471], [2.3175638, 48.8828765]]}}, {"type": "Feature", "properties": {"highway": "footway", "footway": "crossing", "name": null, "surface": "asphalt", "lit": "yes", "length_m": 6.21, "type_element": "Way", "__fid": 33929}, "geometry": {"type": "LineString", "coordinates": [[2.317571666666652, 48.88289016666673], [2.317653633333458, 48.88290420000004]]}}, {"type": "Feature", "properties": {"highway": "living_street", "footway": null, "name": "Rue des Dames", "surface": "asphalt", "lit": "yes", "length_m": 5.13, "type_element": "Way", "__fid": 33938}, "geometry": {"type": "LineString", "coordinates": [[2.3176391, 48.882866], [2.3175753, 48.8828471]]}}, {"type": "Feature", "properties": {"highway": "footway", "footway": "crossing", "name": null, "surface": "asphalt", "lit": "yes", "length_m": 3.33, "type_element": "Way", "__fid": 33939}, "geometry": {"type": "LineString", "coordinates": [[2.3175844, 48.8828178], [2.3175753, 48.8828471]]}}, {"type": "Feature", "properties": {"highway": "footway", "footway": "sidewalk", "name": null, "surface": "asphalt", "lit": "yes", "length_m": 9.88, "type_element": "Way", "__fid": 33949}, "geometry": {"type": "LineString", "coordinates": [[2.3177093, 48.882851], [2.3175844, 48.8828178]]}}, {"type": "Feature", "properties": {"highway": "footway", "footway": "crossing", "name": null, "surface": "paving_stones", "lit": "yes", "length_m": 9.25, "type_element": "Way", "__fid": 34019}, "geometry": {"type": "LineString", "coordinates": [[2.317624733333497, 48.88619183333341], [2.3177147, 48.8861335]]}}, {"type": "Feature", "properties": {"highway": "footway", "footway": "crossing", "name": null, "surface": "sett", "lit": "yes", "length_m": 9.91, "type_element": "Way", "__fid": 34021}, "geometry": {"type": "LineString", "coordinates": [[2.317626399999805, 48.886213366666766], [2.3177276, 48.8862724]]}}, {"type": "Feature", "properties": {"highway": "footway", "footway": "crossing", "name": null, "surface": "asphalt", "lit": "yes", "length_m": 17.39, "type_element": "Way", "__fid": 34040}, "geometry": {"type": "LineString", "coordinates": [[2.3176334, 48.887313300000024], [2.3177085, 48.8873469], [2.3178396, 48.8873899]]}}]}