{"type": "FeatureCollection", "features": [{"type": "Feature", "geometry": {"type": "Point", "coordinates": [2.322435, 48.8781]}, "properties": {"id": 18324, "name": "Bains-douches Rome", "categorie": "Bains-douches", "photo_url": "https://cdn.paris.fr/eqpts-prod/2022/05/10/465e62b4b1447f7e59e3f7cb32bfd2f0.jpg", "photo_credit": null, "photo_alt": null, "address_street": "43, rue de Rome", "address_postcode": "75008", "address_city": "Paris", "phone": "01 42 93 70 05", "accessibility": "{\"handicaps\": [{\"name\": \"Personnes à mobilité réduite\", \"status\": \"accessible\"}, {\"name\": \"Personnes déficientes visuelles\", \"status\": \"undefined\"}, {\"name\": \"Personnes déficientes auditives\", \"status\": \"undefined\"}, {\"name\": \"Personnes déficientes mentales\", \"status\": \"undefined\"}, {\"name\": \"Accueil en langue des signes\", \"status\": \"undefined\"}]}", "latitude": 48.8781, "longitude": 2.322435, "url": "https://www.paris.fr/lieux/bains-douches-rome-18324", "type_element": "Bains-douches", "__fid": 13}}, {"type": "Feature", "properties": {"@id": "node/568275935", "amenity": "drinking_water", "artist_name": "Charles-Auguste Lebourg", "description": "Fontaine Wallace", "fountain": "wallace", "source": "Local survey", "source:date": "22 November 2009", "tourism": "artwork", "wikimedia_commons": "File:Fontaine Wallace Rue de Saint-Pétersbourg, rue de Turin.jpg", "type_element": "Fontaines à boire", "__fid": 114}, "geometry": {"type": "Point", "coordinates": [2.3247765, 48.8805363]}, "id": "node/568275935"}, {"type": "Feature", "geometry": {"type": "Point", "coordinates": [2.321676, 48.882562]}, "properties": {"id": 20434, "name": "Espace canin du boulevard des Batignolles", "categorie": "Parcs, jardins et bois", "photo_url": "https://cdn.paris.fr/eqpts-prod/2024/09/27/21fb6116bd4117a1621c81df3d2702d3.jpg", "photo_credit": "Projet, Ville de Paris", "photo_alt": "Vue sur la jardinière depuis le boulevard avec des passants et des cyclistes", "address_street": "56 boulevard des Batignolles", "address_postcode": "75017", "address_city": "Paris", "phone": null, "accessibility": "{\"handicaps\": [{\"name\": \"Personnes déficientes visuelles\", \"status\": \"undefined\"}, {\"name\": \"Personnes déficientes auditives\", \"status\": \"undefined\"}, {\"name\": \"Personnes déficientes mentales\", \"status\": \"undefined\"}, {\"name\": \"Accueil en langue des signes\", \"status\": \"undefined\"}, {\"name\": \"Personnes à mobilité réduite\", \"status\": \"accessible\"}]}", "latitude": 48.882562, "longitude": 2.321676, "url": "https://www.paris.fr/lieux/espace-canin-du-boulevard-des-batignolles-20434", "type_element": "Parcs, Jardins et Bois", "__fid": 1216}}, {"type": "Feature", "properties": {"highway": "footway", "footway": "sidewalk", "name": null, "surface": "paving_stones", "lit": "yes", "length_m": 113.36, "type_element": "Way", "__fid": 32980}, "geometry": {"type": "LineString", "coordinates": [[2.3164914, 48.8778441], [2.3180341, 48.877907]]}}, {"type": "Feature", "properties": {"highway": "footway", "footway": "sidewalk", "name": null, "surface": "paving_stones", "lit": "yes", "length_m": 131.47, "type_element": "Way", "__fid": 33066}, "geometry": {"type": "LineString", "coordinates": [[2.3177723, 48.8767881], [2.3166359, 48.87770250000001]]}}, {"type": "Feature", "properties": {"highway": "footway", "footway": "sidewalk", "name": null, "surface": "paving_stones", "lit": "yes", "length_m": 105.78, "type_element": "Way", "__fid": 33068}, "geometry": {"type": "LineString", "coordinates": [[2.3166444, 48.87772549999998], [2.3166799, 48.8777421], [2.3180758, 48.8778013]]}}, {"type": "Feature", "properties": {"highway": "footway", "footway": "sidewalk", "name": null, "surface": "asphalt", "lit": "yes", "length_m": 84.9, "type_element": "Way", "__fid": 33078}, "geometry": {"type": "LineString", "coordinates": [[2.3166041, 48.8815023], [2.3177107, 48.88172650000001]]}}, {"type": "Feature", "properties": {"highway": "footway", "footway": "sidewalk", "name": null, "surface": null, "lit": "yes", "length_m": 151.75, "type_element": "Way", "__fid": 33286}, "geometry": {"type": "LineString", "coordinates": [[2.3188644, 48.8817825], [2.3169087, 48.8813839], [2.3169031, 48.8813697]]}}, {"type": "Feature", "properties": {"highway": "footway", "footway": "sidewalk", "name": null, "surface": "asphalt", "lit": "yes", "length_m": 98.02, "type_element": "Way", "__fid": 33318}, "geometry": {"type": "LineString", "coordinates": [[2.3169416, 48.8810082], [2.317016, 48.8810251], [2.3181137, 48.8806638], [2.3181345, 48.880648600000015]]}}, {"type": "Feature", "properties": {"highway": "footway", "footway": "sidewalk", "name": null, "surface": "asphalt", "lit": "yes", "length_m": 138.04, "type_element": "Way", "__fid": 33354}, "geometry": {"type": "LineString", "coordinates": [[2.3169965, 48.881186], [2.3171183, 48.8812431], [2.3187495, 48.88157369999998], [2.3187756, 48.8815719]]}}, {"type": "Feature", "properties": {"highway": "pedestrian", "footway": null, "name": "Passage Geffroy Didelot", "surface": "sett", "lit": "yes", "length_m": 116.29, "type_element": "Way", "__fid": 33370}, "geometry": {"type": "LineString", "coordinates": [[2.3177107, 48.88172650000001], [2.3169921, 48.8826587]]}}, {"type": "Feature", "properties": {"highway": "footway", "footway": "sidewalk", "name": null, "surface": "asphalt", "lit": "yes", "length_m": 57.93, "type_element": "Way", "__fid": 33652}, "geometry": {"type": "LineString", "coordinates": [[2.3180752, 48.8795445], [2.3180235, 48.8795303], [2.3173076, 48.879424]]}}, {"type": "Feature", "properties": {"highway": "footway", "footway": "sidewalk", "name": null, "surface": "paving_stones", "lit": "yes", "length_m": 83.4, "type_element": "Way", "__fid": 33676}, "geometry": {"type": "LineString", "coordinates": [[2.3173415, 48.8793237], [2.3173762, 48.8792516], [2.3177724, 48.8786299]]}}, {"type": "Feature", "properties": {"highway": "footway", "footway": "sidewalk", "name": null, "surface": "asphalt", "lit": "yes", "length_m": 60.9, "type_element": "Way", "__fid": 33693}, "geometry": {"type": "LineString", "coordinates": [[2.3173535, 48.8793389], [2.317378, 48.8793487], [2.3181613, 48.8794615]]}}, {"type": "Feature", "properties": {"highway": "footway", "footway": "sidewalk", "name": null, "surface": "asphalt", "lit": "yes", "length_m": 97.77, "type_element": "Way", "__fid": 33727}, "geometry": {"type": "LineString", "coordinates": [[2.3173797, 48.8803136], [2.3180829, 48.8795666]]}}, {"type": "Feature", "properties": {"highway": "footway", "footway": "sidewalk", "name": null, "surface": "asphalt", "lit": "yes", "length_m": 56.89, "type_element": "Way", "__fid": 33786}, "geometry": {"type": "LineString", "coordinates": [[2.3181345, 48.880648600000015], [2.3181142, 48.8806201], [2.3174249, 48.8804657]]}}, {"type": "Feature", "properties": {"highway": "footway", "footway": "sidewalk", "name": null, "surface": "paving_stones", "lit": "yes", "length_m": 63.25, "type_element": "Way", "__fid": 33851}, "geometry": {"type": "LineString", "coordinates": [[2.3174942, 48.88037759999999], [2.3175181, 48.8803972], [2.3182434, 48.8805573], [2.3182805, 48.8805879]]}}, {"type": "Feature", "properties": {"highway": "footway", "footway": "sidewalk", "name": null, "surface": "asphalt", "lit": "yes", "length_m": 103.0, "type_element": "Way", "__fid": 33852}, "geometry": {"type": "LineString", "coordinates": [[2.3182121, 48.8795868], [2.31812, 48.87969660000001], [2.3174902, 48.8803579], [2.3174942, 48.88037759999999]]}}, {"type": "Feature", "properties": {"highway": "footway", "footway": "crossing", "name": null, "surface": null, "lit": "yes", "length_m": 12.01, "type_element": "Way", "__fid": 33927}, "geometry": {"type": "LineString", "coordinates": [[2.3176224, 48.87858659999998], [2.3177724, 48.8786299]]}}, {"type": "Feature", "properties": {"highway": "footway", "footway": "sidewalk", "name": null, "surface": "paving_stones", "lit": "yes", "length_m": 77.37, "type_element": "Way", "__fid": 33928}, "geometry": {"type": "LineString", "coordinates": [[2.3180405, 48.8779478], [2.3176224, 48.87858659999998]]}}, {"type": "Feature", "properties": {"highway": "footway", "footway": "sidewalk", "name": null, "surface": "asphalt", "lit": "yes", "length_m": 101.96, "type_element": "Way", "__fid": 33943}, "geometry": {"type": "LineString", "coordinates": [[2.3189048, 48.8812836], [2.3188753, 48.8812683], [2.3176037, 48.8809641]]}}, {"type": "Feature", "properties": {"highway": "footway", "footway": "crossing", "name": null, "surface": "asphalt", "lit": "yes", "length_m": 16.83, "type_element": "Way", "__fid": 33944}, "geometry": {"type": "LineString", "coordinates": [[2.3176037, 48.8809641], [2.3177744, 48.8809024], [2.3178082, 48.8808967]]}}, {"type": "Feature", "properties": {"highway": "footway", "footway": "sidewalk", "name": null, "surface": "asphalt", "lit": "yes", "length_m": 41.53, "type_element": "Way", "__fid": 34045}, "geometry": {"type": "LineString", "coordinates": [[2.3177107, 48.88172650000001], [2.3182518, 48.8818365]]}}, {"type": "Feature", "properties": {"highway": "footway", "footway": "sidewalk", "name": null, "surface": "paving_stones", "lit": "yes", "length_m": 79.69, "type_element": "Way", "__fid": 34073}, "geometry": {"type": "LineString", "coordinates": [[2.3177724, 48.8786299], [2.3181767, 48.8779954], [2.3182011, 48.877972]]}}, {"type": "Feature", "properties": {"highway": "footway", "footway": "sidewalk", "name": null, "surface": "asphalt", "lit": "yes", "length_m": 91.89, "type_element": "Way", "__fid": 34147}, "geometry": {"type": "LineString", "coordinates": [[2.3178082, 48.8808967], [2.3178227, 48.880937500000016], [2.3189114, 48.8811986], [2.3189424, 48.8811986]]}}, {"type": "Feature", "properties": {"highway": "footway", "footway": "sidewalk", "name": null, "surface": "asphalt", "lit": "yes", "length_m": 48.35, "type_element": "Way", "__fid": 34148}, "geometry": {"type": "LineString", "coordinates": [[2.3183906, 48.8806978], [2.3178386, 48.8808739], [2.3178082, 48.8808967]]}}, {"type": "Feature", "properties": {"highway": "service", "footway": null, "name": "Square Monceau", "surface": "sett", "lit": null, "length_m": 63.05, "type_element": "Way", "__fid": 34288}, "geometry": {"type": "LineString", "coordinates": [[2.3182518, 48.8818365], [2.3180936, 48.8821462], [2.3179437, 48.8823651]]}}, {"type": "Feature", "properties": {"highway": "footway", "footway": "sidewalk", "name": null, "surface": "paving_stones", "lit": "yes", "length_m": 4.56, "type_element": "Way", "__fid": 34332}, "geometry": {"type": "LineString", "coordinates": [[2.3180341, 48.877907], [2.3180405, 48.8779478]]}}, {"type": "Feature", "properties": {"highway": "footway", "footway": "crossing", "name": null, "surface": "asphalt", "lit": "yes", "length_m": 12.27, "type_element": "Way", "__fid": 34333}, "geometry": {"type": "LineString", "coordinates": [[2.3180341, 48.877907], [2.3180782, 48.8778173], [2.3180758, 48.8778013]]}}, {"type": "Feature", "properties": {"highway": "footway", "footway": "crossing", "name": null, "surface": "sett", "lit": "yes", "length_m": 12.4, "type_element": "Way", "__fid": 34336}, "geometry": {"type": "LineString", "coordinates": [[2.3180405, 48.8779478], [2.3180724, 48.877958], [2.3181881, 48.8779642], [2.3182011, 48.877972]]}}, {"type": "Feature", "properties": {"highway": "footway", "footway": "sidewalk", "name": null, "surface": "paving_stones", "lit": "yes", "length_m": 1.92, "type_element": "Way", "__fid": 34367}, "geometry": {"type": "LineString", "coordinates": [[2.3180758, 48.8778013], [2.3180969, 48.8777911]]}}, {"type": "Feature", "properties": {"highway": "footway", "footway": "crossing", "name": null, "surface": "sett", "lit": "yes", "length_m": 16.94, "type_element": "Way", "__fid": 34387}, "geometry": {"type": "LineString", "coordinates": [[2.3180969, 48.8777911], [2.3181153, 48.8778024], [2.3183094, 48.87784760000001]]}}, {"type": "Feature", "properties": {"highway": "footway", "footway": "sidewalk", "name": null, "surface": "paving_stones", "lit": "yes", "length_m": 124.37, "type_element": "Way", "__fid": 34388}, "geometry": {"type": "LineString", "coordinates": [[2.3180969, 48.8777911], [2.318803, 48.8768366], [2.3188205, 48.8767814]]}}, {"type": "Feature", "properties": {"highway": "footway", "footway": "sidewalk", "name": null, "surface": "asphalt", "lit": "yes", "length_m": 2.52, "type_element": "Way", "__fid": 34391}, "geometry": {"type": "LineString", "coordinates": [[2.3180829, 48.8795666], [2.3180752, 48.8795445]]}}, {"type": "Feature", "properties": {"highway": "footway", "footway": "crossing", "name": null, "surface": "asphalt", "lit": "yes", "length_m": 11.18, "type_element": "Way", "__fid": 34392}, "geometry": {"type": "LineString", "coordinates": [[2.3180752, 48.8795445], [2.3181613, 48.8794615]]}}, {"type": "Feature", "properties": {"highway": "footway", "footway": "crossing", "name": null, "surface": "asphalt", "lit": "yes", "length_m": 9.74, "type_element": "Way", "__fid": 34396}, "geometry": {"type": "LineString", "coordinates": [[2.3180829, 48.8795666], [2.3182121, 48.8795868]]}}, {"type": "Feature", "properties": {"highway": "footway", "footway": "crossing", "name": null, "surface": "asphalt", "lit": "yes", "length_m": 12.77, "type_element": "Way", "__fid": 34438}, "geometry": {"type": "LineString", "coordinates": [[2.3181345, 48.880648600000015], [2.3182477, 48.8806094], [2.3182805, 48.8805879]]}}, {"type": "Feature", "properties": {"highway": "footway", "footway": "sidewalk", "name": null, "surface": "asphalt", "lit": "yes", "length_m": 38.17, "type_element": "Way", "__fid": 34447}, "geometry": {"type": "LineString", "coordinates": [[2.3181613, 48.8794615], [2.318218, 48.879454500000016], [2.3185033, 48.8792142]]}}, {"type": "Feature", "properties": {"highway": "footway", "footway": "sidewalk", "name": null, "surface": "asphalt", "lit": "yes", "length_m": 121.63, "type_element": "Way", "__fid": 34465}, "geometry": {"type": "LineString", "coordinates": [[2.318813066666598, 48.88196003333342], [2.3181317, 48.8829573]]}}, {"type": "Feature", "properties": {"highway": "footway", "footway": "sidewalk", "name": null, "surface": "paving_stones", "lit": "yes", "length_m": 1.69, "type_element": "Way", "__fid": 34469}, "geometry": {"type": "LineString", "coordinates": [[2.3182011, 48.877972], [2.3182235, 48.8779684]]}}, {"type": "Feature", "properties": {"highway": "footway", "footway": "sidewalk", "name": null, "surface": "paving_stones", "lit": "yes", "length_m": 108.5, "type_element": "Way", "__fid": 34485}, "geometry": {"type": "LineString", "coordinates": [[2.3182235, 48.8779684], [2.3196324, 48.878266]]}}, {"type": "Feature", "properties": {"highway": "footway", "footway": "crossing", "name": null, "surface": "sett", "lit": "yes", "length_m": 14.84, "type_element": "Way", "__fid": 34486}, "geometry": {"type": "LineString", "coordinates": [[2.3182235, 48.8779684], [2.3183094, 48.87784760000001]]}}, {"type": "Feature", "properties": {"highway": "footway", "footway": "sidewalk", "name": null, "surface": "asphalt", "lit": "yes", "length_m": 5.95, "type_element": "Way", "__fid": 34498}, "geometry": {"type": "LineString", "coordinates": [[2.3182857, 48.8795643], [2.3182121, 48.8795868]]}}, {"type": "Feature", "properties": {"highway": "footway", "footway": "sidewalk", "name": null, "surface": "asphalt", "lit": "yes", "length_m": 81.67, "type_element": "Way", "__fid": 34537}, "geometry": {"type": "LineString", "coordinates": [[2.3182145, 48.88297619999999], [2.3186688, 48.8823056]]}}, {"type": "Feature", "properties": {"highway": "footway", "footway": "sidewalk", "name": null, "surface": "asphalt", "lit": "yes", "length_m": 41.28, "type_element": "Way", "__fid": 34555}, "geometry": {"type": "LineString", "coordinates": [[2.3182518, 48.8818365], [2.3187897, 48.8819459]]}}, {"type": "Feature", "properties": {"highway": "service", "footway": null, "name": null, "surface": null, "lit": "yes", "length_m": 4.94, "type_element": "Way", "__fid": 34556}, "geometry": {"type": "LineString", "coordinates": [[2.3182518, 48.8818365], [2.3182733, 48.88179440000002]]}}, {"type": "Feature", "properties": {"highway": "footway", "footway": "sidewalk", "name": null, "surface": "asphalt", "lit": "yes", "length_m": 161.79, "type_element": "Way", "__fid": 34562}, "geometry": {"type": "LineString", "coordinates": [[2.3204039, 48.8799093], [2.3203848, 48.8798757], [2.3182857, 48.8795643]]}}, {"type": "Feature", "properties": {"highway": "footway", "footway": "crossing", "name": null, "surface": "asphalt", "lit": "yes", "length_m": 17.55, "type_element": "Way", "__fid": 34563}, "geometry": {"type": "LineString", "coordinates": [[2.3182857, 48.8795643], [2.3184204, 48.8794339]]}}, {"type": "Feature", "properties": {"highway": "footway", "footway": "sidewalk", "name": null, "surface": null, "lit": "yes", "length_m": 1.73, "type_element": "Way", "__fid": 34564}, "geometry": {"type": "LineString", "coordinates": [[2.3183303, 48.8778549], [2.3183094, 48.87784760000001]]}}, {"type": "Feature", "properties": {"highway": "footway", "footway": "sidewalk", "name": null, "surface": "paving_stones", "lit": "yes", "length_m": 2.83, "type_element": "Way", "__fid": 34575}, "geometry": {"type": "LineString", "coordinates": [[2.3182805, 48.8805879], [2.3183186, 48.880592]]}}, {"type": "Feature", "properties": {"highway": "footway", "footway": "sidewalk", "name": null, "surface": "paving_stones", "lit": "yes", "length_m": 105.54, "type_element": "Way", "__fid": 34594}, "geometry": {"type": "LineString", "coordinates": [[2.3183303, 48.8778549], [2.3183651, 48.877883], [2.3196812, 48.8781653]]}}, {"type": "Feature", "properties": {"highway": "footway", "footway": "sidewalk", "name": null, "surface": "paving_stones", "lit": "yes", "length_m": 127.56, "type_element": "Way", "__fid": 34595}, "geometry": {"type": "LineString", "coordinates": [[2.3190813, 48.8768206], [2.3183525, 48.87781130000001], [2.3183303, 48.8778549]]}}, {"type": "Feature", "properties": {"highway": "footway", "footway": "crossing", "name": null, "surface": "asphalt", "lit": "yes", "length_m": 12.9, "type_element": "Way", "__fid": 34618}, "geometry": {"type": "LineString", "coordinates": [[2.3183186, 48.880592], [2.3183906, 48.8806978]]}}, {"type": "Feature", "properties": {"highway": "footway", "footway": "sidewalk", "name": null, "surface": "asphalt", "lit": "yes", "length_m": 57.74, "type_element": "Way", "__fid": 34619}, "geometry": {"type": "LineString", "coordinates": [[2.3183186, 48.880592], [2.3183763, 48.88058090000001], [2.3190281, 48.8803682]]}}, {"type": "Feature", "properties": {"highway": "footway", "footway": "sidewalk", "name": null, "surface": "asphalt", "lit": "yes", "length_m": 57.34, "type_element": "Way", "__fid": 34696}, "geometry": {"type": "LineString", "coordinates": [[2.3190944, 48.8804732], [2.3183906, 48.8806978]]}}, {"type": "Feature", "properties": {"highway": "footway", "footway": "sidewalk", "name": null, "surface": "asphalt", "lit": "yes", "length_m": 173.75, "type_element": "Way", "__fid": 34717}, "geometry": {"type": "LineString", "coordinates": [[2.3206605, 48.87982920000001], [2.3185053, 48.8795145], [2.3184469, 48.87949310000001], [2.3184285, 48.8794697], [2.3184204, 48.8794339]]}}, {"type": "Feature", "properties": {"highway": "footway", "footway": "sidewalk", "name": null, "surface": "paving_stones", "lit": "yes", "length_m": 8.51, "type_element": "Way", "__fid": 34718}, "geometry": {"type": "LineString", "coordinates": [[2.3184204, 48.8794339], [2.3184368, 48.8794034], [2.3184885, 48.8793753]]}}, {"type": "Feature", "properties": {"highway": "footway", "footway": "crossing", "name": null, "surface": "asphalt", "lit": "yes", "length_m": 14.34, "type_element": "Way", "__fid": 34799}, "geometry": {"type": "LineString", "coordinates": [[2.3184885, 48.8793753], [2.3186129, 48.8792758]]}}, {"type": "Feature", "properties": {"highway": "footway", "footway": "sidewalk", "name": null, "surface": "paving_stones", "lit": "yes", "length_m": 226.63, "type_element": "Way", "__fid": 34800}, "geometry": {"type": "LineString", "coordinates": [[2.3184885, 48.8793753], [2.3185457, 48.8793676], [2.3215271, 48.879504400000016], [2.3215589, 48.8795236]]}}, {"type": "Feature", "properties": {"highway": "footway", "footway": "crossing", "name": null, "surface": "asphalt", "lit": "yes", "length_m": 9.61, "type_element": "Way", "__fid": 34811}, "geometry": {"type": "LineString", "coordinates": [[2.3185033, 48.8792142], [2.3186086, 48.8792657]]}}, {"type": "Feature", "properties": {"highway": "footway", "footway": "sidewalk", "name": null, "surface": "asphalt", "lit": "yes", "length_m": 136.53, "type_element": "Way", "__fid": 34812}, "geometry": {"type": "LineString", "coordinates": [[2.3185033, 48.8792142], [2.3188095, 48.8789688], [2.319718657216782, 48.87828428543814]]}}, {"type": "Feature", "properties": {"highway": "footway", "footway": "sidewalk", "name": null, "surface": "paving_stones", "lit": "yes", "length_m": 1.17, "type_element": "Way", "__fid": 34897}, "geometry": {"type": "LineString", "coordinates": [[2.3186129, 48.8792758], [2.3186086, 48.8792657]]}}, {"type": "Feature", "properties": {"highway": "footway", "footway": "sidewalk", "name": null, "surface": "paving_stones", "lit": "yes", "length_m": 139.8, "type_element": "Way", "__fid": 34898}, "geometry": {"type": "LineString", "coordinates": [[2.3186086, 48.8792657], [2.319851217305015, 48.8783123863522]]}}, {"type": "Feature", "properties": {"highway": "footway", "footway": "sidewalk", "name": null, "surface": "paving_stones", "lit": "yes", "length_m": 74.56, "type_element": "Way", "__fid": 34901}, "geometry": {"type": "LineString", "coordinates": [[2.3196232, 48.87933169999999], [2.3186509, 48.8792875], [2.3186129, 48.8792758]]}}, {"type": "Feature", "properties": {"highway": "living_street", "footway": null, "name": "Rue Léon Droux", "surface": null, "lit": "yes", "length_m": 3.2, "type_element": "Way", "__fid": 34950}, "geometry": {"type": "LineString", "coordinates": [[2.3186286, 48.8822943], [2.3186688, 48.8823056]]}}, {"type": "Feature", "properties": {"highway": "living_street", "footway": null, "name": "Rue Léon Droux", "surface": null, "lit": "yes", "length_m": 61.8, "type_element": "Way", "__fid": 34972}, "geometry": {"type": "LineString", "coordinates": [[2.3186688, 48.8823056], [2.3189023, 48.882374], [2.3191595, 48.882025900000016]]}}, {"type": "Feature", "properties": {"highway": "footway", "footway": "sidewalk", "name": null, "surface": "asphalt", "lit": "yes", "length_m": 40.28, "type_element": "Way", "__fid": 34973}, "geometry": {"type": "LineString", "coordinates": [[2.3186688, 48.8823056], [2.318892799999917, 48.88197483333343]]}}, {"type": "Feature", "properties": {"highway": "footway", "footway": "crossing", "name": null, "surface": "asphalt", "lit": "yes", "length_m": 10.48, "type_element": "Way", "__fid": 35068}, "geometry": {"type": "LineString", "coordinates": [[2.3187756, 48.8815719], [2.3188936, 48.881599500000014], [2.318911100000099, 48.88159766666669]]}}, {"type": "Feature", "properties": {"highway": "footway", "footway": "sidewalk", "name": null, "surface": "paving_stones", "lit": "yes", "length_m": 33.65, "type_element": "Way", "__fid": 35069}, "geometry": {"type": "LineString", "coordinates": [[2.3187756, 48.8815719], [2.3187949, 48.8815524], [2.3189062, 48.8813009], [2.3189048, 48.8812836]]}}, {"type": "Feature", "properties": {"highway": "footway", "footway": "sidewalk", "name": null, "surface": "asphalt", "lit": "yes", "length_m": 2.33, "type_element": "Way", "__fid": 35092}, "geometry": {"type": "LineString", "coordinates": [[2.3187897, 48.8819459], [2.318813066666598, 48.88196003333342]]}}, {"type": "Feature", "properties": {"highway": "footway", "footway": "crossing", "name": null, "surface": "asphalt", "lit": "yes", "length_m": 18.98, "type_element": "Way", "__fid": 35093}, "geometry": {"type": "LineString", "coordinates": [[2.3187897, 48.8819459], [2.3188644, 48.8817825]]}}, {"type": "Feature", "properties": {"highway": "footway", "footway": "crossing", "name": null, "surface": "asphalt", "lit": "yes", "length_m": 6.07, "type_element": "Way", "__fid": 35121}, "geometry": {"type": "LineString", "coordinates": [[2.318813066666598, 48.88196003333342], [2.318892799999917, 48.88197483333343]]}}, {"type": "Feature", "properties": {"highway": "footway", "footway": "sidewalk", "name": null, "surface": "asphalt", "lit": "yes", "length_m": 108.09, "type_element": "Way", "__fid": 35147}, "geometry": {"type": "LineString", "coordinates": [[2.3202717, 48.8820714], [2.3188644, 48.8817825]]}}, {"type": "Feature", "properties": {"highway": "footway", "footway": "crossing", "name": null, "surface": "asphalt", "lit": "yes", "length_m": 19.41, "type_element": "Way", "__fid": 35148}, "geometry": {"type": "LineString", "coordinates": [[2.3188644, 48.8817825], [2.3189424, 48.8816157]]}}, {"type": "Feature", "properties": {"highway": "footway", "footway": "sidewalk", "name": null, "surface": "asphalt", "lit": "yes", "length_m": 124.09, "type_element": "Way", "__fid": 35167}, "geometry": {"type": "LineString", "coordinates": [[2.3195437, 48.8821093], [2.3195456, 48.8821213], [2.3188733, 48.8831322]]}}, {"type": "Feature", "properties": {"highway": "footway", "footway": "sidewalk", "name": null, "surface": "asphalt", "lit": "yes", "length_m": 20.37, "type_element": "Way", "__fid": 35169}, "geometry": {"type": "LineString", "coordinates": [[2.318892799999917, 48.88197483333343], [2.3191595, 48.882025900000016]]}}, {"type": "Feature", "properties": {"highway": "footway", "footway": "crossing", "name": null, "surface": "asphalt", "lit": "yes", "length_m": 9.85, "type_element": "Way", "__fid": 35173}, "geometry": {"type": "LineString", "coordinates": [[2.3189048, 48.8812836], [2.3189424, 48.8811986]]}}, {"type": "Feature", "properties": {"highway": "footway", "footway": "sidewalk", "name": null, "surface": "asphalt", "lit": "yes", "length_m": 3.42, "type_element": "Way", "__fid": 35180}, "geometry": {"type": "LineString", "coordinates": [[2.3189424, 48.8816157], [2.3189089, 48.8816024], [2.318911100000099, 48.88159766666669]]}}, {"type": "Feature", "properties": {"highway": "footway", "footway": "sidewalk", "name": null, "surface": "paving_stones", "lit": "yes", "length_m": 112.5, "type_element": "Way", "__fid": 35181}, "geometry": {"type": "LineString", "coordinates": [[2.318911100000099, 48.88159766666669], [2.3193618, 48.88063060000002]]}}, {"type": "Feature", "properties": {"highway": "footway", "footway": "sidewalk", "name": null, "surface": "paving_stones", "lit": "yes", "length_m": 69.09, "type_element": "Way", "__fid": 35201}, "geometry": {"type": "LineString", "coordinates": [[2.3189424, 48.8811986], [2.3189675, 48.8811787], [2.319226, 48.8806082]]}}, {"type": "Feature", "properties": {"highway": "footway", "footway": "sidewalk", "name": null, "surface": "asphalt", "lit": "yes", "length_m": 113.5, "type_element": "Way", "__fid": 35205}, "geometry": {"type": "LineString", "coordinates": [[2.320423, 48.8819128], [2.3189424, 48.8816157]]}}, {"type": "Feature", "properties": {"highway": "footway", "footway": "sidewalk", "name": null, "surface": "asphalt", "lit": "yes", "length_m": 138.66, "type_element": "Way", "__fid": 35248}, "geometry": {"type": "LineString", "coordinates": [[2.3189714, 48.88315], [2.3189955, 48.883174899999986], [2.3191839, 48.88322359999999], [2.3192076, 48.8832082], [2.3201021, 48.8823251]]}}, {"type": "Feature", "properties": {"highway": "footway", "footway": "sidewalk", "name": null, "surface": "asphalt", "lit": "yes", "length_m": 123.8, "type_element": "Way", "__fid": 35249}, "geometry": {"type": "LineString", "coordinates": [[2.319652, 48.8821312], [2.3189714, 48.88315]]}}, {"type": "Feature", "properties": {"highway": "footway", "footway": "crossing", "name": null, "surface": "asphalt", "lit": "yes", "length_m": 12.65, "type_element": "Way", "__fid": 35259}, "geometry": {"type": "LineString", "coordinates": [[2.3190944, 48.8804732], [2.3190281, 48.8803682]]}}, {"type": "Feature", "properties": {"highway": "footway", "footway": "sidewalk", "name": null, "surface": "asphalt", "lit": "yes", "length_m": 24.42, "type_element": "Way", "__fid": 35260}, "geometry": {"type": "LineString", "coordinates": [[2.3190281, 48.8803682], [2.3193265, 48.8802708]]}}, {"type": "Feature", "properties": {"highway": "footway", "footway": "sidewalk", "name": null, "surface": "paving_stones", "lit": "yes", "length_m": 2.49, "type_element": "Way", "__fid": 35309}, "geometry": {"type": "LineString", "coordinates": [[2.3191279, 48.8804767], [2.3190944, 48.8804732]]}}, {"type": "Feature", "properties": {"highway": "footway", "footway": "sidewalk", "name": null, "surface": "paving_stones", "lit": "yes", "length_m": 16.3, "type_element": "Way", "__fid": 35346}, "geometry": {"type": "LineString", "coordinates": [[2.319226, 48.8806082], [2.3191279, 48.8804767]]}}, {"type": "Feature", "properties": {"highway": "footway", "footway": "crossing", "name": null, "surface": "asphalt", "lit": "yes", "length_m": 18.15, "type_element": "Way", "__fid": 35347}, "geometry": {"type": "LineString", "coordinates": [[2.3191279, 48.8804767], [2.319147, 48.8804636], [2.3193475, 48.8804041]]}}, {"type": "Feature", "properties": {"highway": "footway", "footway": "sidewalk", "name": null, "surface": "asphalt", "lit": "yes", "length_m": 29.81, "type_element": "Way", "__fid": 35391}, "geometry": {"type": "LineString", "coordinates": [[2.3191595, 48.882025900000016], [2.3195311, 48.882101], [2.3195437, 48.8821093]]}}, {"type": "Feature", "properties": {"highway": "living_street", "footway": null, "name": "Rue Léon Droux", "surface": null, "lit": "yes", "length_m": 6.09, "type_element": "Way", "__fid": 35392}, "geometry": {"type": "LineString", "coordinates": [[2.3191595, 48.882025900000016], [2.3191894, 48.8819748]]}}, {"type": "Feature", "properties": {"highway": "footway", "footway": "crossing", "name": null, "surface": "asphalt", "lit": "yes", "length_m": 10.27, "type_element": "Way", "__fid": 35432}, "geometry": {"type": "LineString", "coordinates": [[2.319226, 48.8806082], [2.3193618, 48.88063060000002]]}}, {"type": "Feature", "properties": {"highway": "footway", "footway": "crossing", "name": null, "surface": "asphalt", "lit": "yes", "length_m": 12.25, "type_element": "Way", "__fid": 35562}, "geometry": {"type": "LineString", "coordinates": [[2.3193265, 48.8802708], [2.3193915, 48.8803723]]}}, {"type": "Feature", "properties": {"highway": "footway", "footway": "sidewalk", "name": null, "surface": "asphalt", "lit": "yes", "length_m": 44.82, "type_element": "Way", "__fid": 35563}, "geometry": {"type": "LineString", "coordinates": [[2.3193265, 48.8802708], [2.3198743, 48.8800921]]}}, {"type": "Feature", "properties": {"highway": "footway", "footway": "sidewalk", "name": null, "surface": "asphalt", "lit": "yes", "length_m": 12.93, "type_element": "Way", "__fid": 35593}, "geometry": {"type": "LineString", "coordinates": [[2.3193475, 48.8804041], [2.3194308, 48.8805066]]}}, {"type": "Feature", "properties": {"highway": "footway", "footway": "sidewalk", "name": null, "surface": "asphalt", "lit": "yes", "length_m": 4.79, "type_element": "Way", "__fid": 35594}, "geometry": {"type": "LineString", "coordinates": [[2.3193915, 48.8803723], [2.3193475, 48.8804041]]}}, {"type": "Feature", "properties": {"highway": "footway", "footway": "sidewalk", "name": null, "surface": "paving_stones", "lit": "yes", "length_m": 151.09, "type_element": "Way", "__fid": 35598}, "geometry": {"type": "LineString", "coordinates": [[2.3197133, 48.8781651], [2.3197316, 48.8781249], [2.3193956, 48.8768269]]}}, {"type": "Feature", "properties": {"highway": "footway", "footway": "sidewalk", "name": null, "surface": "paving_stones", "lit": "yes", "length_m": 3.33, "type_element": "Way", "__fid": 35615}, "geometry": {"type": "LineString", "coordinates": [[2.3193618, 48.88063060000002], [2.3193985, 48.880613]]}}, {"type": "Feature", "properties": {"highway": "footway", "footway": "sidewalk", "name": null, "surface": "asphalt", "lit": "yes", "length_m": 45.2, "type_element": "Way", "__fid": 35636}, "geometry": {"type": "LineString", "coordinates": [[2.3199418, 48.8801892], [2.3193915, 48.8803723]]}}, {"type": "Feature", "properties": {"highway": "footway", "footway": "crossing", "name": null, "surface": "asphalt", "lit": "yes", "length_m": 12.17, "type_element": "Way", "__fid": 35651}, "geometry": {"type": "LineString", "coordinates": [[2.3194308, 48.8805066], [2.3193954, 48.8806001], [2.3193985, 48.880613]]}}, {"type": "Feature", "properties": {"highway": "footway", "footway": "sidewalk", "name": null, "surface": "paving_stones", "lit": "yes", "length_m": 118.78, "type_element": "Way", "__fid": 35652}, "geometry": {"type": "LineString", "coordinates": [[2.3193985, 48.880613], [2.3194447, 48.880611], [2.3209477, 48.8809178]]}}, {"type": "Feature", "properties": {"highway": "footway", "footway": "sidewalk", "name": null, "surface": "asphalt", "lit": "yes", "length_m": 120.82, "type_element": "Way", "__fid": 35686}, "geometry": {"type": "LineString", "coordinates": [[2.3194308, 48.8805066], [2.3195019, 48.8805292], [2.3209319, 48.8808213], [2.3210033, 48.8808192]]}}, {"type": "Feature", "properties": {"highway": "footway", "footway": "sidewalk", "name": null, "surface": "asphalt", "lit": "yes", "length_m": 115.49, "type_element": "Way", "__fid": 35719}, "geometry": {"type": "LineString", "coordinates": [[2.3203046, 48.882411], [2.3194178, 48.88326929999999]]}}, {"type": "Feature", "properties": {"highway": "footway", "footway": "sidewalk", "name": null, "surface": "paving_stones", "lit": "yes", "length_m": 125.06, "type_element": "Way", "__fid": 35799}, "geometry": {"type": "LineString", "coordinates": [[2.3195707, 48.8768124], [2.3195712, 48.87685889999999], [2.319835, 48.8779229]]}}, {"type": "Feature", "properties": {"highway": "footway", "footway": "crossing", "name": null, "surface": "asphalt", "lit": "yes", "length_m": 8.45, "type_element": "Way", "__fid": 35879}, "geometry": {"type": "LineString", "coordinates": [[2.3195437, 48.8821093], [2.3195633, 48.8821078], [2.319652, 48.8821312]]}}, {"type": "Feature", "properties": {"highway": "footway", "footway": "sidewalk", "name": null, "surface": "paving_stones", "lit": "yes", "length_m": 6.65, "type_element": "Way", "__fid": 35935}, "geometry": {"type": "LineString", "coordinates": [[2.3196324, 48.878266], [2.319718657216782, 48.87828428543814]]}}, {"type": "Feature", "properties": {"highway": "footway", "footway": "crossing", "name": null, "surface": "asphalt", "lit": "yes", "length_m": 11.76, "type_element": "Way", "__fid": 35936}, "geometry": {"type": "LineString", "coordinates": [[2.3196324, 48.878266], [2.3196812, 48.8781653]]}}, {"type": "Feature", "properties": {"highway": "footway", "footway": "sidewalk", "name": null, "surface": "paving_stones", "lit": "yes", "length_m": 151.98, "type_element": "Way", "__fid": 35945}, "geometry": {"type": "LineString", "coordinates": [[2.3216905, 48.8794257], [2.3196232, 48.87933169999999]]}}, {"type": "Feature", "properties": {"highway": "footway", "footway": null, "name": null, "surface": null, "lit": null, "length_m": 30.14, "type_element": "Way", "__fid": 35946}, "geometry": {"type": "LineString", "coordinates": [[2.3196232, 48.87933169999999], [2.3196913, 48.8791424], [2.3197275, 48.87911760000003], [2.3197838, 48.8790978]]}}, {"type": "Feature", "properties": {"highway": "footway", "footway": "sidewalk", "name": null, "surface": "paving_stones", "lit": "yes", "length_m": 2.35, "type_element": "Way", "__fid": 36030}, "geometry": {"type": "LineString", "coordinates": [[2.3196812, 48.8781653], [2.3197133, 48.8781651]]}}, {"type": "Feature", "properties": {"highway": "footway", "footway": "sidewalk", "name": null, "surface": "asphalt", "lit": "yes", "length_m": 36.2, "type_element": "Way", "__fid": 36062}, "geometry": {"type": "LineString", "coordinates": [[2.3201228, 48.8822205], [2.3196742, 48.8821269], [2.319652, 48.8821312]]}}, {"type": "Feature", "properties": {"highway": "footway", "footway": "crossing", "name": null, "surface": "asphalt", "lit": "yes", "length_m": 10.38, "type_element": "Way", "__fid": 36083}, "geometry": {"type": "LineString", "coordinates": [[2.3197133, 48.8781651], [2.319848114684135, 48.878193360988135]]}}, {"type": "Feature", "properties": {"highway": "footway", "footway": "sidewalk", "name": null, "surface": "paving_stones", "lit": "yes", "length_m": 10.21, "type_element": "Way", "__fid": 36103}, "geometry": {"type": "LineString", "coordinates": [[2.319718657216782, 48.87828428543814], [2.319851217305015, 48.8783123863522]]}}, {"type": "Feature", "properties": {"highway": "footway", "footway": "sidewalk", "name": null, "surface": "asphalt", "lit": "yes", "length_m": 13.87, "type_element": "Way", "__fid": 36104}, "geometry": {"type": "LineString", "coordinates": [[2.319718657216782, 48.87828428543814], [2.319848114684135, 48.878193360988135]]}}, {"type": "Feature", "properties": {"highway": "footway", "footway": null, "name": null, "surface": null, "lit": null, "length_m": 29.22, "type_element": "Way", "__fid": 36235}, "geometry": {"type": "LineString", "coordinates": [[2.3197838, 48.8790978], [2.320031, 48.87901470000001], [2.3200957, 48.87900410000001], [2.3201495, 48.879008800000015]]}}, {"type": "Feature", "properties": {"highway": "footway", "footway": "sidewalk", "name": null, "surface": "paving_stones", "lit": "yes", "length_m": 26.48, "type_element": "Way", "__fid": 36291}, "geometry": {"type": "LineString", "coordinates": [[2.319835, 48.8779229], [2.319899554850813, 48.87815723185886]]}}, {"type": "Feature", "properties": {"highway": "steps", "footway": null, "name": null, "surface": "sett", "lit": "yes", "length_m": 25.98, "type_element": "Way", "__fid": 36292}, "geometry": {"type": "LineString", "coordinates": [[2.319835, 48.8779229], [2.3198535, 48.8779209], [2.3199029, 48.8781026], [2.3199505, 48.8781215]]}}, {"type": "Feature", "properties": {"highway": "footway", "footway": "sidewalk", "name": null, "surface": "asphalt", "lit": "yes", "length_m": 4.98, "type_element": "Way", "__fid": 36314}, "geometry": {"type": "LineString", "coordinates": [[2.319848114684135, 48.878193360988135], [2.3199131, 48.87820640000001]]}}, {"type": "Feature", "properties": {"highway": "footway", "footway": "sidewalk", "name": null, "surface": "asphalt", "lit": "yes", "length_m": 5.51, "type_element": "Way", "__fid": 36315}, "geometry": {"type": "LineString", "coordinates": [[2.319848114684135, 48.878193360988135], [2.319899554850813, 48.87815723185886]]}}, {"type": "Feature", "properties": {"highway": "footway", "footway": "sidewalk", "name": null, "surface": "paving_stones", "lit": "yes", "length_m": 5.64, "type_element": "Way", "__fid": 36324}, "geometry": {"type": "LineString", "coordinates": [[2.319851217305015, 48.8783123863522], [2.3199244, 48.8783279]]}}, {"type": "Feature", "properties": {"highway": "footway", "footway": "sidewalk", "name": null, "surface": "asphalt", "lit": "yes", "length_m": 9.11, "type_element": "Way", "__fid": 36325}, "geometry": {"type": "LineString", "coordinates": [[2.319851217305015, 48.8783123863522], [2.319936779053442, 48.87825298041197]]}}, {"type": "Feature", "properties": {"highway": "footway", "footway": "sidewalk", "name": null, "surface": "paving_stones", "lit": "yes", "length_m": 5.56, "type_element": "Way", "__fid": 36387}, "geometry": {"type": "LineString", "coordinates": [[2.319899554850813, 48.87815723185886], [2.3199131, 48.87820640000001]]}}, {"type": "Feature", "properties": {"highway": "footway", "footway": "sidewalk", "name": null, "surface": "asphalt", "lit": "yes", "length_m": 5.45, "type_element": "Way", "__fid": 36388}, "geometry": {"type": "LineString", "coordinates": [[2.319899554850813, 48.87815723185886], [2.3199505, 48.8781215]]}}, {"type": "Feature", "properties": {"highway": "footway", "footway": "crossing", "name": null, "surface": "asphalt", "lit": "yes", "length_m": 11.88, "type_element": "Way", "__fid": 36389}, "geometry": {"type": "LineString", "coordinates": [[2.3198743, 48.8800921], [2.3199418, 48.8801892]]}}, {"type": "Feature", "properties": {"highway": "footway", "footway": "sidewalk", "name": null, "surface": "asphalt", "lit": "yes", "length_m": 42.92, "type_element": "Way", "__fid": 36390}, "geometry": {"type": "LineString", "coordinates": [[2.3198743, 48.8800921], [2.3203988, 48.8799209]]}}, {"type": "Feature", "properties": {"highway": "footway", "footway": "sidewalk", "name": null, "surface": "paving_stones", "lit": "yes", "length_m": 2.72, "type_element": "Way", "__fid": 36403}, "geometry": {"type": "LineString", "coordinates": [[2.3199131, 48.87820640000001], [2.319942, 48.87822180000001]]}}, {"type": "Feature", "properties": {"highway": "footway", "footway": "sidewalk", "name": null, "surface": "paving_stones", "lit": "yes", "length_m": 166.48, "type_element": "Way", "__fid": 36417}, "geometry": {"type": "LineString", "coordinates": [[2.3199244, 48.8783279], [2.3220855, 48.87878580000001]]}}, {"type": "Feature", "properties": {"highway": "footway", "footway": "crossing", "name": null, "surface": "asphalt", "lit": "yes", "length_m": 8.38, "type_element": "Way", "__fid": 36418}, "geometry": {"type": "LineString", "coordinates": [[2.3199244, 48.8783279], [2.319936779053442, 48.87825298041197]]}}, {"type": "Feature", "properties": {"highway": "footway", "footway": "sidewalk", "name": null, "surface": "asphalt", "lit": "yes", "length_m": 3.49, "type_element": "Way", "__fid": 36438}, "geometry": {"type": "LineString", "coordinates": [[2.319942, 48.87822180000001], [2.319936779053442, 48.87825298041197]]}}, {"type": "Feature", "properties": {"highway": "footway", "footway": "sidewalk", "name": null, "surface": "asphalt", "lit": "yes", "length_m": 3.8, "type_element": "Way", "__fid": 36439}, "geometry": {"type": "LineString", "coordinates": [[2.319936779053442, 48.87825298041197], [2.319972478713454, 48.87822819390439]]}}, {"type": "Feature", "properties": {"highway": "footway", "footway": "sidewalk", "name": null, "surface": "paving_stones", "lit": "yes", "length_m": 2.35, "type_element": "Way", "__fid": 36446}, "geometry": {"type": "LineString", "coordinates": [[2.319942, 48.87822180000001], [2.319972478713454, 48.87822819390439]]}}, {"type": "Feature", "properties": {"highway": "footway", "footway": "crossing", "name": null, "surface": "asphalt", "lit": "yes", "length_m": 9.34, "type_element": "Way", "__fid": 36472}, "geometry": {"type": "LineString", "coordinates": [[2.3199505, 48.8781215], [2.320042, 48.8781799]]}}, {"type": "Feature", "properties": {"highway": "footway", "footway": "sidewalk", "name": null, "surface": "asphalt", "lit": "yes", "length_m": 180.01, "type_element": "Way", "__fid": 36473}, "geometry": {"type": "LineString", "coordinates": [[2.3215412, 48.8768908], [2.3206859, 48.8776078], [2.3199505, 48.8781215]]}}, {"type": "Feature", "properties": {"highway": "footway", "footway": "sidewalk", "name": null, "surface": "asphalt", "lit": "yes", "length_m": 3.51, "type_element": "Way", "__fid": 36507}, "geometry": {"type": "LineString", "coordinates": [[2.3199894, 48.8801924], [2.3199418, 48.8801892]]}}, {"type": "Feature", "properties": {"highway": "footway", "footway": "sidewalk", "name": null, "surface": "paving_stones", "lit": "yes", "length_m": 166.85, "type_element": "Way", "__fid": 36513}, "geometry": {"type": "LineString", "coordinates": [[2.319972478713454, 48.87822819390439], [2.3221407, 48.87868249999999]]}}, {"type": "Feature", "properties": {"highway": "footway", "footway": "sidewalk", "name": null, "surface": "asphalt", "lit": "yes", "length_m": 7.41, "type_element": "Way", "__fid": 36514}, "geometry": {"type": "LineString", "coordinates": [[2.319972478713454, 48.87822819390439], [2.320042, 48.8781799]]}}, {"type": "Feature", "properties": {"highway": "footway", "footway": "sidewalk", "name": null, "surface": "paving_stones", "lit": "yes", "length_m": 94.44, "type_element": "Way", "__fid": 36577}, "geometry": {"type": "LineString", "coordinates": [[2.3211983, 48.88048170000001], [2.3211625, 48.8804649], [2.3199894, 48.8801924]]}}, {"type": "Feature", "properties": {"highway": "footway", "footway": "crossing", "name": null, "surface": "sett", "lit": "yes", "length_m": 20.24, "type_element": "Way", "__fid": 36578}, "geometry": {"type": "LineString", "coordinates": [[2.3202323, 48.880106], [2.3199894, 48.8801924]]}}, {"type": "Feature", "properties": {"highway": "footway", "footway": "sidewalk", "name": null, "surface": "asphalt", "lit": "yes", "length_m": 83.02, "type_element": "Way", "__fid": 36617}, "geometry": {"type": "LineString", "coordinates": [[2.3208401, 48.8776554], [2.3207563, 48.87772509999998], [2.320579, 48.8778034], [2.320042, 48.8781799]]}}, {"type": "Feature", "properties": {"highway": "footway", "footway": null, "name": null, "surface": null, "lit": null, "length_m": 11.36, "type_element": "Way", "__fid": 36624}, "geometry": {"type": "LineString", "coordinates": [[2.3200378, 48.878905], [2.3201852, 48.8789364]]}}, {"type": "Feature", "properties": {"highway": "footway", "footway": null, "name": null, "surface": null, "lit": null, "length_m": 2.71, "type_element": "Way", "__fid": 36751}, "geometry": {"type": "LineString", "coordinates": [[2.3201384, 48.879032], [2.3201495, 48.879008800000015]]}}, {"type": "Feature", "properties": {"highway": "footway", "footway": "crossing", "name": null, "surface": "asphalt", "lit": "yes", "length_m": 17.66, "type_element": "Way", "__fid": 36755}, "geometry": {"type": "LineString", "coordinates": [[2.3201021, 48.8823251], [2.3203046, 48.882411]]}}, {"type": "Feature", "properties": {"highway": "footway", "footway": "sidewalk", "name": null, "surface": "asphalt", "lit": "yes", "length_m": 13.05, "type_element": "Way", "__fid": 36756}, "geometry": {"type": "LineString", "coordinates": [[2.3201021, 48.8823251], [2.3201509, 48.882277], [2.3201228, 48.8822205]]}}, {"type": "Feature", "properties": {"highway": "footway", "footway": null, "name": null, "surface": null, "lit": null, "length_m": 8.47, "type_element": "Way", "__fid": 36762}, "geometry": {"type": "LineString", "coordinates": [[2.3201495, 48.879008800000015], [2.3201852, 48.8789364]]}}, {"type": "Feature", "properties": {"highway": "footway", "footway": "crossing", "name": null, "surface": "asphalt", "lit": "yes", "length_m": 19.98, "type_element": "Way", "__fid": 36773}, "geometry": {"type": "LineString", "coordinates": [[2.3201228, 48.8822205], [2.3202241, 48.88213720000001], [2.3202717, 48.8820714]]}}, {"type": "Feature", "properties": {"highway": "footway", "footway": null, "name": null, "surface": null, "lit": null, "length_m": 12.61, "type_element": "Way", "__fid": 36792}, "geometry": {"type": "LineString", "coordinates": [[2.3201852, 48.8789364], [2.3203488, 48.8789712]]}}, {"type": "Feature", "properties": {"highway": "footway", "footway": "sidewalk", "name": null, "surface": "paving_stones", "lit": "yes", "length_m": 83.93, "type_element": "Way", "__fid": 36887}, "geometry": {"type": "LineString", "coordinates": [[2.3202323, 48.880106], [2.3202388, 48.8801594], [2.3212019, 48.88038429999999], [2.3212433, 48.88038609999999]]}}, {"type": "Feature", "properties": {"highway": "footway", "footway": "sidewalk", "name": null, "surface": "asphalt", "lit": "yes", "length_m": 20.82, "type_element": "Way", "__fid": 36888}, "geometry": {"type": "LineString", "coordinates": [[2.3204732, 48.8800164], [2.3202321, 48.880097], [2.3202323, 48.880106]]}}, {"type": "Feature", "properties": {"highway": "footway", "footway": "traffic_island", "name": null, "surface": "asphalt", "lit": "yes", "length_m": 22.82, "type_element": "Way", "__fid": 36985}, "geometry": {"type": "LineString", "coordinates": [[2.3202717, 48.8820714], [2.3203967, 48.88209720000001], [2.3204323, 48.8821276], [2.3205423, 48.8821623]]}}, {"type": "Feature", "properties": {"highway": "footway", "footway": "crossing", "name": null, "surface": "asphalt", "lit": "yes", "length_m": 20.94, "type_element": "Way", "__fid": 36986}, "geometry": {"type": "LineString", "coordinates": [[2.3202717, 48.8820714], [2.3203239, 48.8819994], [2.320423, 48.8819128]]}}, {"type": "Feature", "properties": {"highway": "footway", "footway": "sidewalk", "name": null, "surface": "asphalt", "lit": "yes", "length_m": 17.55, "type_element": "Way", "__fid": 37042}, "geometry": {"type": "LineString", "coordinates": [[2.3204685, 48.8823054], [2.3203952, 48.8823229], [2.3203046, 48.882411]]}}, {"type": "Feature", "properties": {"highway": "footway", "footway": "crossing", "name": null, "surface": "asphalt", "lit": "yes", "length_m": 11.94, "type_element": "Way", "__fid": 37116}, "geometry": {"type": "LineString", "coordinates": [[2.3203988, 48.8799209], [2.3204732, 48.8800164]]}}, {"type": "Feature", "properties": {"highway": "footway", "footway": "sidewalk", "name": null, "surface": "asphalt", "lit": "yes", "length_m": 1.34, "type_element": "Way", "__fid": 37117}, "geometry": {"type": "LineString", "coordinates": [[2.3203988, 48.8799209], [2.3204039, 48.8799093]]}}, {"type": "Feature", "properties": {"highway": "footway", "footway": "crossing", "name": null, "surface": "asphalt", "lit": "yes", "length_m": 20.91, "type_element": "Way", "__fid": 37122}, "geometry": {"type": "LineString", "coordinates": [[2.3204039, 48.8799093], [2.3204313, 48.8799065], [2.3206605, 48.87982920000001]]}}, {"type": "Feature", "properties": {"highway": "footway", "footway": "sidewalk", "name": null, "surface": "asphalt", "lit": "yes", "length_m": 11.98, "type_element": "Way", "__fid": 37172}, "geometry": {"type": "LineString", "coordinates": [[2.3204962, 48.8818165], [2.320423, 48.8819128]]}}, {"type": "Feature", "properties": {"highway": "footway", "footway": "sidewalk", "name": null, "surface": "asphalt", "lit": "yes", "length_m": 23.35, "type_element": "Way", "__fid": 37190}, "geometry": {"type": "LineString", "coordinates": [[2.320761, 48.8799357], [2.3207332, 48.87993179999999], [2.3204732, 48.8800164]]}}, {"type": "Feature", "properties": {"highway": "footway", "footway": "sidewalk", "name": null, "surface": "asphalt", "lit": "yes", "length_m": 29.83, "type_element": "Way", "__fid": 37216}, "geometry": {"type": "LineString", "coordinates": [[2.3208497, 48.8823913], [2.320803, 48.882367], [2.3204685, 48.8823054]]}}, {"type": "Feature", "properties": {"highway": "footway", "footway": "crossing", "name": null, "surface": "asphalt", "lit": "yes", "length_m": 16.86, "type_element": "Way", "__fid": 37217}, "geometry": {"type": "LineString", "coordinates": [[2.3205423, 48.8821623], [2.3205162, 48.8821964], [2.3204685, 48.8823054]]}}, {"type": "Feature", "properties": {"highway": "footway", "footway": "sidewalk", "name": null, "surface": "asphalt", "lit": "yes", "length_m": 130.24, "type_element": "Way", "__fid": 37228}, "geometry": {"type": "LineString", "coordinates": [[2.3204654, 48.88353330000002], [2.3209868, 48.8824557], [2.3209898, 48.88241559999997]]}}, {"type": "Feature", "properties": {"highway": "footway", "footway": "crossing", "name": null, "surface": "asphalt", "lit": "yes", "length_m": 16.63, "type_element": "Way", "__fid": 37235}, "geometry": {"type": "LineString", "coordinates": [[2.3204962, 48.8818165], [2.3206797, 48.8818602], [2.3207113, 48.881862]]}}, {"type": "Feature", "properties": {"highway": "footway", "footway": "sidewalk", "name": null, "surface": "asphalt", "lit": "yes", "length_m": 102.59, "type_element": "Way", "__fid": 37236}, "geometry": {"type": "LineString", "coordinates": [[2.3209617, 48.8809465], [2.3204962, 48.8818165]]}}, {"type": "Feature", "properties": {"highway": "footway", "footway": "crossing", "name": null, "surface": "asphalt", "lit": "yes", "length_m": 26.75, "type_element": "Way", "__fid": 37275}, "geometry": {"type": "LineString", "coordinates": [[2.3207145, 48.8819505], [2.3206183, 48.8820584], [2.3205423, 48.8821623]]}}, {"type": "Feature", "properties": {"highway": "footway", "footway": "sidewalk", "name": null, "surface": "asphalt", "lit": "yes", "length_m": 42.96, "type_element": "Way", "__fid": 37276}, "geometry": {"type": "LineString", "coordinates": [[2.3211055, 48.8822612], [2.3205802, 48.8821593], [2.3205423, 48.8821623]]}}, {"type": "Feature", "properties": {"highway": "footway", "footway": "sidewalk", "name": null, "surface": "asphalt", "lit": "yes", "length_m": 61.4, "type_element": "Way", "__fid": 37328}, "geometry": {"type": "LineString", "coordinates": [[2.3206006, 48.8829185], [2.3208497, 48.8823913]]}}, {"type": "Feature", "properties": {"highway": "footway", "footway": "sidewalk", "name": null, "surface": "asphalt", "lit": "yes", "length_m": 21.3, "type_element": "Way", "__fid": 37349}, "geometry": {"type": "LineString", "coordinates": [[2.3209218, 48.8797456], [2.3206605, 48.87982920000001]]}}, {"type": "Feature", "properties": {"highway": "footway", "footway": "sidewalk", "name": null, "surface": "paving_stones", "lit": "yes", "length_m": 10.35, "type_element": "Way", "__fid": 37396}, "geometry": {"type": "LineString", "coordinates": [[2.3207113, 48.881862], [2.3206941, 48.8819272], [2.3207145, 48.8819505]]}}, {"type": "Feature", "properties": {"highway": "footway", "footway": "sidewalk", "name": null, "surface": "paving_stones", "lit": "yes", "length_m": 103.83, "type_element": "Way", "__fid": 37397}, "geometry": {"type": "LineString", "coordinates": [[2.3211792, 48.8809807], [2.3207113, 48.881862]]}}, {"type": "Feature", "properties": {"highway": "service", "footway": null, "name": "Impasse Dany", "surface": "paving_stones", "lit": null, "length_m": 6.47, "type_element": "Way", "__fid": 37404}, "geometry": {"type": "LineString", "coordinates": [[2.3207707, 48.87761949999999], [2.3208401, 48.8776554]]}}, {"type": "Feature", "properties": {"highway": "footway", "footway": "sidewalk", "name": null, "surface": "paving_stones", "lit": "yes", "length_m": 41.08, "type_element": "Way", "__fid": 37405}, "geometry": {"type": "LineString", "coordinates": [[2.3207145, 48.8819505], [2.3207403, 48.8819802], [2.3212267, 48.8820775]]}}, {"type": "Feature", "properties": {"highway": "footway", "footway": "sidewalk", "name": null, "surface": "asphalt", "lit": "yes", "length_m": 50.49, "type_element": "Way", "__fid": 37415}, "geometry": {"type": "LineString", "coordinates": [[2.3214298, 48.8800375], [2.3214023, 48.8800259], [2.320761, 48.8799357]]}}, {"type": "Feature", "properties": {"highway": "footway", "footway": "crossing", "name": null, "surface": "sett", "lit": "yes", "length_m": 18.84, "type_element": "Way", "__fid": 37416}, "geometry": {"type": "LineString", "coordinates": [[2.320761, 48.8799357], [2.3209876, 48.8798558]]}}, {"type": "Feature", "properties": {"highway": "service", "footway": null, "name": "Impasse Dany", "surface": "paving_stones", "lit": null, "length_m": 36.56, "type_element": "Way", "__fid": 37448}, "geometry": {"type": "LineString", "coordinates": [[2.3208401, 48.8776554], [2.3212324, 48.8778583]]}}, {"type": "Feature", "properties": {"highway": "footway", "footway": "sidewalk", "name": null, "surface": "asphalt", "lit": "yes", "length_m": 92.28, "type_element": "Way", "__fid": 37449}, "geometry": {"type": "LineString", "coordinates": [[2.3216352, 48.8770142], [2.3215739, 48.877045], [2.3208401, 48.8776554]]}}, {"type": "Feature", "properties": {"highway": "footway", "footway": "crossing", "name": null, "surface": null, "lit": "yes", "length_m": 10.75, "type_element": "Way", "__fid": 37496}, "geometry": {"type": "LineString", "coordinates": [[2.3208497, 48.8823913], [2.3209067, 48.8823937], [2.3209898, 48.88241559999997]]}}, {"type": "Feature", "properties": {"highway": "footway", "footway": "crossing", "name": null, "surface": "asphalt", "lit": "yes", "length_m": 12.44, "type_element": "Way", "__fid": 37526}, "geometry": {"type": "LineString", "coordinates": [[2.3209218, 48.8797456], [2.3209968, 48.8798459]]}}, {"type": "Feature", "properties": {"highway": "footway", "footway": "sidewalk", "name": null, "surface": "asphalt", "lit": "yes", "length_m": 50.96, "type_element": "Way", "__fid": 37527}, "geometry": {"type": "LineString", "coordinates": [[2.3215471, 48.8795457], [2.3209218, 48.8797456]]}}, {"type": "Feature", "properties": {"highway": "footway", "footway": "sidewalk", "name": null, "surface": "paving_stones", "lit": "yes", "length_m": 3.35, "type_element": "Way", "__fid": 37545}, "geometry": {"type": "LineString", "coordinates": [[2.3209477, 48.8809178], [2.3209617, 48.8809465]]}}, {"type": "Feature", "properties": {"highway": "footway", "footway": "crossing", "name": null, "surface": "asphalt", "lit": "yes", "length_m": 11.7, "type_element": "Way", "__fid": 37546}, "geometry": {"type": "LineString", "coordinates": [[2.3209477, 48.8809178], [2.3210033, 48.8808192]]}}, {"type": "Feature", "properties": {"highway": "footway", "footway": "crossing", "name": null, "surface": "asphalt", "lit": "yes", "length_m": 16.4, "type_element": "Way", "__fid": 37551}, "geometry": {"type": "LineString", "coordinates": [[2.3209617, 48.8809465], [2.3211792, 48.8809807]]}}, {"type": "Feature", "properties": {"highway": "footway", "footway": "sidewalk", "name": null, "surface": "asphalt", "lit": "yes", "length_m": 37.93, "type_element": "Way", "__fid": 37561}, "geometry": {"type": "LineString", "coordinates": [[2.3209876, 48.8798558], [2.3210295, 48.8798841], [2.3214391, 48.879944500000015], [2.3214766, 48.8799439]]}}, {"type": "Feature", "properties": {"highway": "footway", "footway": "sidewalk", "name": null, "surface": "asphalt", "lit": "yes", "length_m": 1.29, "type_element": "Way", "__fid": 37562}, "geometry": {"type": "LineString", "coordinates": [[2.3209968, 48.8798459], [2.3209876, 48.8798558]]}}, {"type": "Feature", "properties": {"highway": "footway", "footway": "sidewalk", "name": null, "surface": "asphalt", "lit": "yes", "length_m": 50.58, "type_element": "Way", "__fid": 37565}, "geometry": {"type": "LineString", "coordinates": [[2.3216165, 48.8796463], [2.3209968, 48.8798459]]}}, {"type": "Feature", "properties": {"highway": "footway", "footway": "sidewalk", "name": null, "surface": "paving_stones", "lit": "yes", "length_m": 40.92, "type_element": "Way", "__fid": 37570}, "geometry": {"type": "LineString", "coordinates": [[2.3210033, 48.8808192], [2.3210556, 48.88078440000001], [2.3212027, 48.8805], [2.3211983, 48.88048170000001]]}}, {"type": "Feature", "properties": {"highway": "footway", "footway": "sidewalk", "name": null, "surface": "asphalt", "lit": "yes", "length_m": 2.19, "type_element": "Way", "__fid": 37581}, "geometry": {"type": "LineString", "coordinates": [[2.3209898, 48.88241559999997], [2.3210154, 48.8824054]]}}, {"type": "Feature", "properties": {"highway": "footway", "footway": "sidewalk", "name": null, "surface": "asphalt", "lit": "yes", "length_m": 75.49, "type_element": "Way", "__fid": 37598}, "geometry": {"type": "LineString", "coordinates": [[2.3210154, 48.8824054], [2.32198, 48.8826051], [2.3219889, 48.8826157]]}}, {"type": "Feature", "properties": {"highway": "footway", "footway": "crossing", "name": null, "surface": "asphalt", "lit": "yes", "length_m": 13.55, "type_element": "Way", "__fid": 37599}, "geometry": {"type": "LineString", "coordinates": [[2.3210154, 48.8824054], [2.3210887, 48.88229349999999]]}}, {"type": "Feature", "properties": {"highway": "footway", "footway": "sidewalk", "name": null, "surface": "asphalt", "lit": "yes", "length_m": 81.75, "type_element": "Way", "__fid": 37643}, "geometry": {"type": "LineString", "coordinates": [[2.3221544, 48.8825091], [2.3210887, 48.88229349999999]]}}, {"type": "Feature", "properties": {"highway": "footway", "footway": "sidewalk", "name": null, "surface": null, "lit": "yes", "length_m": 3.8, "type_element": "Way", "__fid": 37644}, "geometry": {"type": "LineString", "coordinates": [[2.3210887, 48.88229349999999], [2.3211055, 48.8822612]]}}, {"type": "Feature", "properties": {"highway": "footway", "footway": "sidewalk", "name": null, "surface": null, "lit": "yes", "length_m": 12.24, "type_element": "Way", "__fid": 37651}, "geometry": {"type": "LineString", "coordinates": [[2.3211055, 48.8822612], [2.321267, 48.882289]]}}, {"type": "Feature", "properties": {"highway": "footway", "footway": "sidewalk", "name": null, "surface": "asphalt", "lit": "yes", "length_m": 64.72, "type_element": "Way", "__fid": 37652}, "geometry": {"type": "LineString", "coordinates": [[2.3218718, 48.8823344], [2.3215826, 48.882270700000014], [2.321141, 48.8821869], [2.3211055, 48.8822612]]}}, {"type": "Feature", "properties": {"highway": "footway", "footway": "sidewalk", "name": null, "surface": "paving_stones", "lit": "yes", "length_m": 156.64, "type_element": "Way", "__fid": 37702}, "geometry": {"type": "LineString", "coordinates": [[2.3218851, 48.879651199999984], [2.3211792, 48.8809807]]}}, {"type": "Feature", "properties": {"highway": "service", "footway": null, "name": "Accès Parking du Pont de l'Europe", "surface": "asphalt", "lit": "yes", "length_m": 6.49, "type_element": "Way", "__fid": 37709}, "geometry": {"type": "LineString", "coordinates": [[2.3211766, 48.8821256], [2.3212267, 48.8820775]]}}, {"type": "Feature", "properties": {"highway": "footway", "footway": "crossing", "name": null, "surface": "asphalt", "lit": "yes", "length_m": 11.24, "type_element": "Way", "__fid": 37710}, "geometry": {"type": "LineString", "coordinates": [[2.3211983, 48.88048170000001], [2.3212122, 48.8804692], [2.3212433, 48.88038609999999]]}}, {"type": "Feature", "properties": {"highway": "footway", "footway": "sidewalk", "name": null, "surface": "paving_stones", "lit": "yes", "length_m": 41.7, "type_element": "Way", "__fid": 37727}, "geometry": {"type": "LineString", "coordinates": [[2.3212433, 48.88038609999999], [2.3212752, 48.8803628], [2.3214365, 48.880051], [2.3214298, 48.8800375]]}}, {"type": "Feature", "properties": {"highway": "footway", "footway": "sidewalk", "name": null, "surface": "paving_stones", "lit": "yes", "length_m": 39.5, "type_element": "Way", "__fid": 37733}, "geometry": {"type": "LineString", "coordinates": [[2.3212267, 48.8820775], [2.3216987, 48.882172], [2.3217425, 48.882164199999984]]}}, {"type": "Feature", "properties": {"highway": "service", "footway": null, "name": "Accès Parking du Pont de l'Europe", "surface": null, "lit": "yes", "length_m": 101.5, "type_element": "Way", "__fid": 37734}, "geometry": {"type": "LineString", "coordinates": [[2.3212267, 48.8820775], [2.3220105, 48.8813252]]}}, {"type": "Feature", "properties": {"highway": "footway", "footway": "crossing", "name": null, "surface": "asphalt", "lit": "yes", "length_m": 11.14, "type_element": "Way", "__fid": 37854}, "geometry": {"type": "LineString", "coordinates": [[2.3214298, 48.8800375], [2.3214788, 48.8799611], [2.3214766, 48.8799439]]}}, {"type": "Feature", "properties": {"highway": "footway", "footway": "sidewalk", "name": null, "surface": "paving_stones", "lit": "yes", "length_m": 34.68, "type_element": "Way", "__fid": 37877}, "geometry": {"type": "LineString", "coordinates": [[2.3214766, 48.8799439], [2.3215084, 48.8799258], [2.3216372, 48.8796839], [2.3216391, 48.8796561]]}}, {"type": "Feature", "properties": {"highway": "footway", "footway": "sidewalk", "name": null, "surface": "asphalt", "lit": "yes", "length_m": 135.63, "type_element": "Way", "__fid": 37887}, "geometry": {"type": "LineString", "coordinates": [[2.3219889, 48.8826157], [2.3214582, 48.8837618], [2.3214415, 48.8837801]]}}, {"type": "Feature", "properties": {"highway": "footway", "footway": "crossing", "name": null, "surface": "asphalt", "lit": "yes", "length_m": 15.36, "type_element": "Way", "__fid": 37894}, "geometry": {"type": "LineString", "coordinates": [[2.3215412, 48.8768908], [2.3216352, 48.8770142]]}}, {"type": "Feature", "properties": {"highway": "footway", "footway": "crossing", "name": null, "surface": "asphalt", "lit": "yes", "length_m": 12.4, "type_element": "Way", "__fid": 37916}, "geometry": {"type": "LineString", "coordinates": [[2.3215471, 48.8795457], [2.3216133, 48.87962860000001], [2.3216165, 48.8796463]]}}, {"type": "Feature", "properties": {"highway": "footway", "footway": "sidewalk", "name": null, "surface": "paving_stones", "lit": "yes", "length_m": 2.61, "type_element": "Way", "__fid": 37917}, "geometry": {"type": "LineString", "coordinates": [[2.3215589, 48.8795236], [2.3215471, 48.8795457]]}}, {"type": "Feature", "properties": {"highway": "footway", "footway": "crossing", "name": null, "surface": "asphalt", "lit": "yes", "length_m": 14.87, "type_element": "Way", "__fid": 37925}, "geometry": {"type": "LineString", "coordinates": [[2.3215589, 48.8795236], [2.3215855, 48.87951790000002], [2.3216905, 48.8794257]]}}, {"type": "Feature", "properties": {"highway": "footway", "footway": "sidewalk", "name": null, "surface": "paving_stones", "lit": "yes", "length_m": 21.19, "type_element": "Way", "__fid": 37951}, "geometry": {"type": "LineString", "coordinates": [[2.3218058, 48.87715810000001], [2.3217103, 48.8770381], [2.3216352, 48.8770142]]}}, {"type": "Feature", "properties": {"highway": "footway", "footway": "sidewalk", "name": null, "surface": "paving_stones", "lit": "yes", "length_m": 1.98, "type_element": "Way", "__fid": 37961}, "geometry": {"type": "LineString", "coordinates": [[2.3216391, 48.8796561], [2.3216165, 48.8796463]]}}, {"type": "Feature", "properties": {"highway": "footway", "footway": "crossing", "name": null, "surface": "asphalt", "lit": "yes", "length_m": 18.47, "type_element": "Way", "__fid": 37980}, "geometry": {"type": "LineString", "coordinates": [[2.3216391, 48.8796561], [2.3216662, 48.879644100000014], [2.3218851, 48.879651199999984]]}}, {"type": "Feature", "properties": {"highway": "footway", "footway": "sidewalk", "name": null, "surface": "paving_stones", "lit": "yes", "length_m": 14.32, "type_element": "Way", "__fid": 38002}, "geometry": {"type": "LineString", "coordinates": [[2.3218189, 48.8793471], [2.3217952, 48.8793914], [2.3217555, 48.879419599999984], [2.3216905, 48.8794257]]}}, {"type": "Feature", "properties": {"highway": "footway", "footway": "sidewalk", "name": null, "surface": "asphalt", "lit": "yes", "length_m": 17.84, "type_element": "Way", "__fid": 38033}, "geometry": {"type": "LineString", "coordinates": [[2.321769239999788, 48.876844220000066], [2.3217566, 48.8768629], [2.321836, 48.87696480000001], [2.3218656, 48.876981]]}}, {"type": "Feature", "properties": {"highway": "footway", "footway": "sidewalk", "name": null, "surface": "paving_stones", "lit": "yes", "length_m": 108.25, "type_element": "Way", "__fid": 38047}, "geometry": {"type": "LineString", "coordinates": [[2.3224914, 48.8780202], [2.3218058, 48.87715810000001]]}}, {"type": "Feature", "properties": {"highway": "footway", "footway": "crossing", "name": null, "surface": "asphalt", "lit": "yes", "length_m": 12.22, "type_element": "Way", "__fid": 38048}, "geometry": {"type": "LineString", "coordinates": [[2.3218058, 48.87715810000001], [2.3219557, 48.8771102]]}}, {"type": "Feature", "properties": {"highway": "footway", "footway": "crossing", "name": null, "surface": "asphalt", "lit": "yes", "length_m": 14.7, "type_element": "Way", "__fid": 38051}, "geometry": {"type": "LineString", "coordinates": [[2.3217425, 48.882164199999984], [2.3217583, 48.88217920000001], [2.3219013, 48.8822062], [2.3219252, 48.8822052]]}}, {"type": "Feature", "properties": {"highway": "footway", "footway": "sidewalk", "name": null, "surface": "paving_stones", "lit": "yes", "length_m": 64.26, "type_element": "Way", "__fid": 38052}, "geometry": {"type": "LineString", "coordinates": [[2.3217425, 48.882164199999984], [2.3217653, 48.8821601], [2.3221777, 48.88194], [2.3223454, 48.8817586]]}}, {"type": "Feature", "properties": {"highway": "footway", "footway": "crossing", "name": null, "surface": "asphalt", "lit": "yes", "length_m": 17.05, "type_element": "Way", "__fid": 38076}, "geometry": {"type": "LineString", "coordinates": [[2.3218189, 48.8793471], [2.3220497, 48.8793285]]}}, {"type": "Feature", "properties": {"highway": "footway", "footway": "sidewalk", "name": null, "surface": "paving_stones", "lit": "yes", "length_m": 63.71, "type_element": "Way", "__fid": 38077}, "geometry": {"type": "LineString", "coordinates": [[2.3221078, 48.8788068], [2.3218189, 48.8793471]]}}, {"type": "Feature", "properties": {"highway": "footway", "footway": "sidewalk", "name": null, "surface": "asphalt", "lit": "yes", "length_m": 86.11, "type_element": "Way", "__fid": 38090}, "geometry": {"type": "LineString", "coordinates": [[2.3218656, 48.876981], [2.3219546, 48.876985], [2.3229786, 48.8771482], [2.3229965, 48.8771312]]}}, {"type": "Feature", "properties": {"highway": "footway", "footway": "crossing", "name": null, "surface": "asphalt", "lit": "yes", "length_m": 14.64, "type_element": "Way", "__fid": 38091}, "geometry": {"type": "LineString", "coordinates": [[2.3218656, 48.876981], [2.3219617, 48.8770964]]}}, {"type": "Feature", "properties": {"highway": "footway", "footway": "sidewalk", "name": null, "surface": "asphalt", "lit": "yes", "length_m": 61.11, "type_element": "Way", "__fid": 38121}, "geometry": {"type": "LineString", "coordinates": [[2.3218304, 48.8831576], [2.3220738, 48.882632]]}}, {"type": "Feature", "properties": {"highway": "footway", "footway": "sidewalk", "name": null, "surface": "paving_stones", "lit": "yes", "length_m": 16.75, "type_element": "Way", "__fid": 38122}, "geometry": {"type": "LineString", "coordinates": [[2.3219913, 48.87952030000001], [2.3219354, 48.87956290000001], [2.3218851, 48.879651199999984]]}}, {"type": "Feature", "properties": {"highway": "footway", "footway": "sidewalk", "name": null, "surface": "asphalt", "lit": "yes", "length_m": 37.96, "type_element": "Way", "__fid": 38125}, "geometry": {"type": "LineString", "coordinates": [[2.3221544, 48.8825091], [2.3222068, 48.8824054], [2.3218718, 48.8823344]]}}, {"type": "Feature", "properties": {"highway": "footway", "footway": "crossing", "name": null, "surface": "asphalt", "lit": "yes", "length_m": 13.54, "type_element": "Way", "__fid": 38126}, "geometry": {"type": "LineString", "coordinates": [[2.3218718, 48.8823344], [2.3219453, 48.882222700000014]]}}, {"type": "Feature", "properties": {"highway": "footway", "footway": "sidewalk", "name": null, "surface": "asphalt", "lit": "yes", "length_m": 98.25, "type_element": "Way", "__fid": 38130}, "geometry": {"type": "LineString", "coordinates": [[2.3226066, 48.87786], [2.3225891, 48.87786890000002], [2.3225398, 48.8778378], [2.3219633, 48.8771309], [2.3219557, 48.8771102]]}}, {"type": "Feature", "properties": {"highway": "footway", "footway": "sidewalk", "name": null, "surface": "paving_stones", "lit": "yes", "length_m": 1.6, "type_element": "Way", "__fid": 38131}, "geometry": {"type": "LineString", "coordinates": [[2.3219557, 48.8771102], [2.3219617, 48.8770964]]}}, {"type": "Feature", "properties": {"highway": "footway", "footway": "sidewalk", "name": null, "surface": "paving_stones", "lit": "yes", "length_m": 74.3, "type_element": "Way", "__fid": 38137}, "geometry": {"type": "LineString", "coordinates": [[2.3219617, 48.8770964], [2.3220001, 48.8770825], [2.3229423, 48.8772324]]}}, {"type": "Feature", "properties": {"highway": "footway", "footway": "sidewalk", "name": null, "surface": "sett", "lit": "yes", "length_m": 2.44, "type_element": "Way", "__fid": 38148}, "geometry": {"type": "LineString", "coordinates": [[2.3219453, 48.882222700000014], [2.3219252, 48.8822052]]}}, {"type": "Feature", "properties": {"highway": "footway", "footway": "sidewalk", "name": null, "surface": "sett", "lit": "yes", "length_m": 58.34, "type_element": "Way", "__fid": 38149}, "geometry": {"type": "LineString", "coordinates": [[2.3219252, 48.8822052], [2.3219365, 48.88218289999999], [2.3225274, 48.8818678]]}}, {"type": "Feature", "properties": {"highway": "footway", "footway": "sidewalk", "name": null, "surface": "sett", "lit": "yes", "length_m": 104.5, "type_element": "Way", "__fid": 38161}, "geometry": {"type": "LineString", "coordinates": [[2.3233073, 48.8824989], [2.3219453, 48.882222700000014]]}}, {"type": "Feature", "properties": {"highway": "footway", "footway": "crossing", "name": null, "surface": "asphalt", "lit": "yes", "length_m": 19.81, "type_element": "Way", "__fid": 38170}, "geometry": {"type": "LineString", "coordinates": [[2.3220657, 48.8793528], [2.3219827, 48.8795092], [2.3219913, 48.87952030000001]]}}, {"type": "Feature", "properties": {"highway": "footway", "footway": "sidewalk", "name": null, "surface": "paving_stones", "lit": "yes", "length_m": 87.7, "type_element": "Way", "__fid": 38171}, "geometry": {"type": "LineString", "coordinates": [[2.3230714, 48.8791822], [2.322489, 48.8793568], [2.3219913, 48.87952030000001]]}}, {"type": "Feature", "properties": {"highway": "footway", "footway": "crossing", "name": null, "surface": "asphalt", "lit": "yes", "length_m": 6.48, "type_element": "Way", "__fid": 38187}, "geometry": {"type": "LineString", "coordinates": [[2.3219889, 48.8826157], [2.3220738, 48.882632]]}}, {"type": "Feature", "properties": {"highway": "footway", "footway": "sidewalk", "name": null, "surface": "sett", "lit": "yes", "length_m": 2.95, "type_element": "Way", "__fid": 38199}, "geometry": {"type": "LineString", "coordinates": [[2.3220657, 48.8793528], [2.3220497, 48.8793285]]}}, {"type": "Feature", "properties": {"highway": "footway", "footway": "sidewalk", "name": null, "surface": "sett", "lit": "yes", "length_m": 56.14, "type_element": "Way", "__fid": 38200}, "geometry": {"type": "LineString", "coordinates": [[2.3220497, 48.8793285], [2.3223037, 48.8788522]]}}, {"type": "Feature", "properties": {"highway": "footway", "footway": "sidewalk", "name": null, "surface": "asphalt", "lit": "yes", "length_m": 75.48, "type_element": "Way", "__fid": 38204}, "geometry": {"type": "LineString", "coordinates": [[2.3229867, 48.8790699], [2.3221179, 48.879362], [2.3220657, 48.8793528]]}}, {"type": "Feature", "properties": {"highway": "footway", "footway": "sidewalk", "name": null, "surface": "paving_stones", "lit": "yes", "length_m": 2.85, "type_element": "Way", "__fid": 38217}, "geometry": {"type": "LineString", "coordinates": [[2.3220855, 48.87878580000001], [2.3221078, 48.8788068]]}}, {"type": "Feature", "properties": {"highway": "footway", "footway": "crossing", "name": null, "surface": "asphalt", "lit": "yes", "length_m": 12.18, "type_element": "Way", "__fid": 38218}, "geometry": {"type": "LineString", "coordinates": [[2.3220855, 48.87878580000001], [2.3221407, 48.87868249999999]]}}, {"type": "Feature", "properties": {"highway": "footway", "footway": "crossing", "name": null, "surface": "asphalt", "lit": "yes", "length_m": 15.39, "type_element": "Way", "__fid": 38229}, "geometry": {"type": "LineString", "coordinates": [[2.3221078, 48.8788068], [2.3222884, 48.8788423], [2.3223037, 48.8788522]]}}, {"type": "Feature", "properties": {"highway": "footway", "footway": "sidewalk", "name": null, "surface": "asphalt", "lit": "yes", "length_m": 2.22, "type_element": "Way", "__fid": 38238}, "geometry": {"type": "LineString", "coordinates": [[2.3220738, 48.882632], [2.3221039, 48.8826344]]}}, {"type": "Feature", "properties": {"highway": "footway", "footway": "sidewalk", "name": null, "surface": "paving_stones", "lit": "yes", "length_m": 2.33, "type_element": "Way", "__fid": 38250}, "geometry": {"type": "LineString", "coordinates": [[2.3221407, 48.87868249999999], [2.3221698, 48.878674]]}}, {"type": "Feature", "properties": {"highway": "footway", "footway": "sidewalk", "name": null, "surface": "asphalt", "lit": "yes", "length_m": 80.17, "type_element": "Way", "__fid": 38264}, "geometry": {"type": "LineString", "coordinates": [[2.3221039, 48.8826344], [2.3231516, 48.88284010000001]]}}, {"type": "Feature", "properties": {"highway": "footway", "footway": "crossing", "name": null, "surface": "concrete", "lit": "yes", "length_m": 14.5, "type_element": "Way", "__fid": 38265}, "geometry": {"type": "LineString", "coordinates": [[2.3221039, 48.8826344], [2.3221049, 48.88261090000001], [2.3221544, 48.8825091]]}}, {"type": "Feature", "properties": {"highway": "footway", "footway": "crossing", "name": null, "surface": "asphalt", "lit": "yes", "length_m": 16.75, "type_element": "Way", "__fid": 38273}, "geometry": {"type": "LineString", "coordinates": [[2.3221698, 48.878674], [2.3221935, 48.87868270000002], [2.3223901, 48.87871109999997]]}}, {"type": "Feature", "properties": {"highway": "footway", "footway": "sidewalk", "name": null, "surface": "paving_stones", "lit": "yes", "length_m": 65.45, "type_element": "Way", "__fid": 38274}, "geometry": {"type": "LineString", "coordinates": [[2.3221698, 48.878674], [2.3224696, 48.8781196]]}}, {"type": "Feature", "properties": {"highway": "footway", "footway": "sidewalk", "name": null, "surface": "asphalt", "lit": "yes", "length_m": 80.58, "type_element": "Way", "__fid": 38294}, "geometry": {"type": "LineString", "coordinates": [[2.3232088, 48.882713], [2.3221544, 48.8825091]]}}, {"type": "Feature", "properties": {"highway": "pedestrian", "footway": null, "name": "Rue de Madrid", "surface": "asphalt", "lit": "yes", "length_m": 10.33, "type_element": "Way", "__fid": 38313}, "geometry": {"type": "LineString", "coordinates": [[2.3222401, 48.8787659], [2.3223076, 48.87881249999999], [2.3223475, 48.8788232]]}}, {"type": "Feature", "properties": {"highway": "pedestrian", "footway": null, "name": "Rue de Madrid", "surface": "asphalt", "lit": "yes", "length_m": 10.48, "type_element": "Way", "__fid": 38328}, "geometry": {"type": "LineString", "coordinates": [[2.3222585, 48.8787317], [2.322396, 48.8787573]]}}, {"type": "Feature", "properties": {"highway": "footway", "footway": "sidewalk", "name": null, "surface": "asphalt", "lit": "yes", "length_m": 2.62, "type_element": "Way", "__fid": 38357}, "geometry": {"type": "LineString", "coordinates": [[2.3223037, 48.8788522], [2.3223379, 48.8788455]]}}, {"type": "Feature", "properties": {"highway": "footway", "footway": "sidewalk", "name": null, "surface": "asphalt", "lit": "yes", "length_m": 48.7, "type_element": "Way", "__fid": 38379}, "geometry": {"type": "LineString", "coordinates": [[2.3223379, 48.8788455], [2.3229708, 48.878978]]}}, {"type": "Feature", "properties": {"highway": "footway", "footway": "sidewalk", "name": null, "surface": "asphalt", "lit": "yes", "length_m": 2.58, "type_element": "Way", "__fid": 38380}, "geometry": {"type": "LineString", "coordinates": [[2.3223379, 48.8788455], [2.3223475, 48.8788232]]}}, {"type": "Feature", "properties": {"highway": "pedestrian", "footway": null, "name": "Rue de Madrid", "surface": "asphalt", "lit": "yes", "length_m": 48.47, "type_element": "Way", "__fid": 38388}, "geometry": {"type": "LineString", "coordinates": [[2.3223475, 48.8788232], [2.3229762, 48.8789575]]}}, {"type": "Feature", "properties": {"highway": "footway", "footway": "sidewalk", "name": null, "surface": "asphalt", "lit": "yes", "length_m": 8.15, "type_element": "Way", "__fid": 38389}, "geometry": {"type": "LineString", "coordinates": [[2.3223475, 48.8788232], [2.322396, 48.8787573]]}}, {"type": "Feature", "properties": {"highway": "footway", "footway": "crossing", "name": null, "surface": "asphalt", "lit": "yes", "length_m": 9.24, "type_element": "Way", "__fid": 38413}, "geometry": {"type": "LineString", "coordinates": [[2.3223454, 48.8817586], [2.3224476, 48.8818072]]}}, {"type": "Feature", "properties": {"highway": "footway", "footway": "sidewalk", "name": null, "surface": "paving_stones", "lit": "yes", "length_m": 236.71, "type_element": "Way", "__fid": 38414}, "geometry": {"type": "LineString", "coordinates": [[2.3223454, 48.8817586], [2.3240258, 48.87994110000001]]}}, {"type": "Feature", "properties": {"highway": "footway", "footway": "sidewalk", "name": null, "surface": "asphalt", "lit": "yes", "length_m": 3.33, "type_element": "Way", "__fid": 38420}, "geometry": {"type": "LineString", "coordinates": [[2.3223901, 48.87871109999997], [2.3224122, 48.8787373]]}}, {"type": "Feature", "properties": {"highway": "footway", "footway": "sidewalk", "name": null, "surface": "asphalt", "lit": "yes", "length_m": 52.41, "type_element": "Way", "__fid": 38421}, "geometry": {"type": "LineString", "coordinates": [[2.3226284, 48.8782681], [2.3226092, 48.8782835], [2.3223901, 48.87871109999997]]}}, {"type": "Feature", "properties": {"highway": "pedestrian", "footway": null, "name": "Rue de Madrid", "surface": "asphalt", "lit": "yes", "length_m": 47.62, "type_element": "Way", "__fid": 38425}, "geometry": {"type": "LineString", "coordinates": [[2.322396, 48.8787573], [2.3230139, 48.8788888]]}}, {"type": "Feature", "properties": {"highway": "footway", "footway": "sidewalk", "name": null, "surface": "asphalt", "lit": "yes", "length_m": 2.52, "type_element": "Way", "__fid": 38426}, "geometry": {"type": "LineString", "coordinates": [[2.3224122, 48.8787373], [2.322396, 48.8787573]]}}, {"type": "Feature", "properties": {"highway": "footway", "footway": "sidewalk", "name": null, "surface": "asphalt", "lit": "yes", "length_m": 47.3, "type_element": "Way", "__fid": 38441}, "geometry": {"type": "LineString", "coordinates": [[2.3224122, 48.8787373], [2.3230277, 48.87886420000001]]}}, {"type": "Feature", "properties": {"highway": "footway", "footway": "crossing", "name": null, "surface": "asphalt", "lit": "yes", "length_m": 20.47, "type_element": "Way", "__fid": 38473}, "geometry": {"type": "LineString", "coordinates": [[2.3224696, 48.8781196], [2.3224937, 48.8781325], [2.3226215, 48.8782481], [2.3226284, 48.8782681]]}}, {"type": "Feature", "properties": {"highway": "footway", "footway": "sidewalk", "name": null, "surface": "paving_stones", "lit": "yes", "length_m": 11.4, "type_element": "Way", "__fid": 38474}, "geometry": {"type": "LineString", "coordinates": [[2.3224696, 48.8781196], [2.322496, 48.8780707], [2.3224914, 48.8780202]]}}, {"type": "Feature", "properties": {"highway": "footway", "footway": "crossing", "name": null, "surface": "asphalt", "lit": "yes", "length_m": 17.68, "type_element": "Way", "__fid": 38480}, "geometry": {"type": "LineString", "coordinates": [[2.3224914, 48.8780202], [2.322584900000191, 48.87787363333337]]}}, {"type": "Feature", "properties": {"highway": "footway", "footway": "crossing", "name": null, "surface": null, "lit": "yes", "length_m": 8.93, "type_element": "Way", "__fid": 38489}, "geometry": {"type": "LineString", "coordinates": [[2.3224476, 48.8818072], [2.3225274, 48.8818678]]}}, {"type": "Feature", "properties": {"highway": "footway", "footway": "sidewalk", "name": null, "surface": "asphalt", "lit": "yes", "length_m": 18.76, "type_element": "Way", "__fid": 38490}, "geometry": {"type": "LineString", "coordinates": [[2.3226086, 48.8816761], [2.3224476, 48.8818072]]}}, {"type": "Feature", "properties": {"highway": "footway", "footway": "sidewalk", "name": null, "surface": "sett", "lit": "yes", "length_m": 186.74, "type_element": "Way", "__fid": 38537}, "geometry": {"type": "LineString", "coordinates": [[2.3225274, 48.8818678], [2.3245077, 48.88081219999999]]}}, {"type": "Feature", "properties": {"highway": "footway", "footway": "crossing", "name": null, "surface": "asphalt", "lit": "yes", "length_m": 16.57, "type_element": "Way", "__fid": 38556}, "geometry": {"type": "LineString", "coordinates": [[2.3226066, 48.87786], [2.322801, 48.877936]]}}, {"type": "Feature", "properties": {"highway": "footway", "footway": "sidewalk", "name": null, "surface": "asphalt", "lit": "yes", "length_m": 72.34, "type_element": "Way", "__fid": 38557}, "geometry": {"type": "LineString", "coordinates": [[2.3229356, 48.8772467], [2.3226066, 48.87786]]}}, {"type": "Feature", "properties": {"highway": "footway", "footway": "sidewalk", "name": null, "surface": "asphalt", "lit": "yes", "length_m": 3.25, "type_element": "Way", "__fid": 38573}, "geometry": {"type": "LineString", "coordinates": [[2.3226718, 48.8782622], [2.3226284, 48.8782681]]}}, {"type": "Feature", "properties": {"highway": "footway", "footway": "sidewalk", "name": null, "surface": "paving_stones", "lit": "yes", "length_m": 173.74, "type_element": "Way", "__fid": 38589}, "geometry": {"type": "LineString", "coordinates": [[2.3244517, 48.880734099999984], [2.3226427, 48.88169590000001], [2.3226086, 48.8816761]]}}, {"type": "Feature", "properties": {"highway": "footway", "footway": "sidewalk", "name": null, "surface": "paving_stones", "lit": "yes", "length_m": 214.41, "type_element": "Way", "__fid": 38590}, "geometry": {"type": "LineString", "coordinates": [[2.3226086, 48.8816761], [2.3225856, 48.881662700000014], [2.3240525, 48.8800859], [2.3240822, 48.880056400000015], [2.324116, 48.8800529]]}}, {"type": "Feature", "properties": {"highway": "footway", "footway": "sidewalk", "name": null, "surface": "asphalt", "lit": "yes", "length_m": 68.42, "type_element": "Way", "__fid": 38599}, "geometry": {"type": "LineString", "coordinates": [[2.323119, 48.878800099999985], [2.3227098, 48.8782856], [2.3226718, 48.8782622]]}}, {"type": "Feature", "properties": {"highway": "footway", "footway": "crossing", "name": null, "surface": "asphalt", "lit": "yes", "length_m": 15.46, "type_element": "Way", "__fid": 38600}, "geometry": {"type": "LineString", "coordinates": [[2.3226718, 48.8782622], [2.3226719, 48.8782449], [2.322779700000097, 48.87814613333343]]}}, {"type": "Feature", "properties": {"highway": "footway", "footway": "sidewalk", "name": null, "surface": "asphalt", "lit": "yes", "length_m": 23.07, "type_element": "Way", "__fid": 38614}, "geometry": {"type": "LineString", "coordinates": [[2.3226962, 48.87885830000001], [2.3229958, 48.87892140000001]]}}, {"type": "Feature", "properties": {"highway": "footway", "footway": "sidewalk", "name": null, "surface": "asphalt", "lit": "yes", "length_m": 23.96, "type_element": "Way", "__fid": 38665}, "geometry": {"type": "LineString", "coordinates": [[2.322779700000097, 48.87814613333343], [2.3227559, 48.87804110000001], [2.322801, 48.877936]]}}, {"type": "Feature", "properties": {"highway": "footway", "footway": "sidewalk", "name": null, "surface": "asphalt", "lit": "yes", "length_m": 76.75, "type_element": "Way", "__fid": 38666}, "geometry": {"type": "LineString", "coordinates": [[2.3232714, 48.878751], [2.3227863, 48.8781446], [2.322779700000097, 48.87814613333343]]}}, {"type": "Feature", "properties": {"highway": "footway", "footway": "sidewalk", "name": null, "surface": "asphalt", "lit": "yes", "length_m": 76.02, "type_element": "Way", "__fid": 38676}, "geometry": {"type": "LineString", "coordinates": [[2.322801, 48.877936], [2.3230187, 48.8775165], [2.3230806, 48.8774439], [2.32316, 48.8772959]]}}, {"type": "Feature", "properties": {"highway": "footway", "footway": "crossing", "name": null, "surface": "asphalt", "lit": "yes", "length_m": 17.34, "type_element": "Way", "__fid": 38768}, "geometry": {"type": "LineString", "coordinates": [[2.3229356, 48.8772467], [2.32316, 48.8772959]]}}, {"type": "Feature", "properties": {"highway": "footway", "footway": "sidewalk", "name": null, "surface": "asphalt", "lit": "yes", "length_m": 1.66, "type_element": "Way", "__fid": 38769}, "geometry": {"type": "LineString", "coordinates": [[2.3229423, 48.8772324], [2.3229356, 48.8772467]]}}, {"type": "Feature", "properties": {"highway": "footway", "footway": "crossing", "name": null, "surface": "asphalt", "lit": "yes", "length_m": 9.28, "type_element": "Way", "__fid": 38770}, "geometry": {"type": "LineString", "coordinates": [[2.3229423, 48.8772324], [2.322976866666733, 48.87715213333335]]}}, {"type": "Feature", "properties": {"highway": "footway", "footway": "sidewalk", "name": null, "surface": "asphalt", "lit": "yes", "length_m": 11.8, "type_element": "Way", "__fid": 38812}, "geometry": {"type": "LineString", "coordinates": [[2.3229708, 48.878978], [2.3229932, 48.8789879], [2.3230017, 48.87906490000002], [2.3229867, 48.8790699]]}}, {"type": "Feature", "properties": {"highway": "footway", "footway": "crossing", "name": null, "surface": "asphalt", "lit": "yes", "length_m": 2.31, "type_element": "Way", "__fid": 38813}, "geometry": {"type": "LineString", "coordinates": [[2.3229708, 48.878978], [2.3229762, 48.8789575]]}}, {"type": "Feature", "properties": {"highway": "footway", "footway": "crossing", "name": null, "surface": "asphalt", "lit": "yes", "length_m": 17.14, "type_element": "Way", "__fid": 38818}, "geometry": {"type": "LineString", "coordinates": [[2.3229965, 48.8771312], [2.3232172, 48.877182]]}}, {"type": "Feature", "properties": {"highway": "footway", "footway": "sidewalk", "name": null, "surface": "asphalt", "lit": "yes", "length_m": 129.62, "type_element": "Way", "__fid": 38819}, "geometry": {"type": "LineString", "coordinates": [[2.3229965, 48.8771312], [2.3235857, 48.8760322]]}}, {"type": "Feature", "properties": {"highway": "pedestrian", "footway": null, "name": "Rue de Madrid", "surface": "asphalt", "lit": "yes", "length_m": 16.17, "type_element": "Way", "__fid": 38823}, "geometry": {"type": "LineString", "coordinates": [[2.3229762, 48.8789575], [2.3231766, 48.8790181]]}}, {"type": "Feature", "properties": {"highway": "footway", "footway": "sidewalk", "name": null, "surface": "asphalt", "lit": "yes", "length_m": 4.26, "type_element": "Way", "__fid": 38824}, "geometry": {"type": "LineString", "coordinates": [[2.3229958, 48.87892140000001], [2.3229762, 48.8789575]]}}, {"type": "Feature", "properties": {"highway": "footway", "footway": "crossing", "name": null, "surface": null, "lit": "yes", "length_m": 13.95, "type_element": "Way", "__fid": 38836}, "geometry": {"type": "LineString", "coordinates": [[2.3229867, 48.8790699], [2.3230714, 48.8791822]]}}, {"type": "Feature", "properties": {"highway": "footway", "footway": "sidewalk", "name": null, "surface": "asphalt", "lit": "yes", "length_m": 3.86, "type_element": "Way", "__fid": 38845}, "geometry": {"type": "LineString", "coordinates": [[2.3230139, 48.8788888], [2.3229958, 48.87892140000001]]}}, {"type": "Feature", "properties": {"highway": "pedestrian", "footway": null, "name": "Rue de Madrid", "surface": "asphalt", "lit": "yes", "length_m": 14.66, "type_element": "Way", "__fid": 38867}, "geometry": {"type": "LineString", "coordinates": [[2.3230139, 48.8788888], [2.323207, 48.87892270000001]]}}, {"type": "Feature", "properties": {"highway": "footway", "footway": "sidewalk", "name": null, "surface": "asphalt", "lit": "yes", "length_m": 2.92, "type_element": "Way", "__fid": 38868}, "geometry": {"type": "LineString", "coordinates": [[2.3230277, 48.87886420000001], [2.3230139, 48.8788888]]}}, {"type": "Feature", "properties": {"highway": "footway", "footway": "sidewalk", "name": null, "surface": "asphalt", "lit": "yes", "length_m": 10.49, "type_element": "Way", "__fid": 38879}, "geometry": {"type": "LineString", "coordinates": [[2.3230277, 48.87886420000001], [2.3230532, 48.8788605], [2.3231194, 48.8788117], [2.323119, 48.878800099999985]]}}, {"type": "Feature", "properties": {"highway": "footway", "footway": null, "name": null, "surface": null, "lit": null, "length_m": 94.47, "type_element": "Way", "__fid": 38895}, "geometry": {"type": "LineString", "coordinates": [[2.3230679, 48.878141], [2.323074, 48.8779624], [2.3231001, 48.877812], [2.3231792, 48.87759729999997], [2.323302699624379, 48.87731005325455]]}}, {"type": "Feature", "properties": {"highway": "footway", "footway": null, "name": null, "surface": null, "lit": null, "length_m": 21.79, "type_element": "Way", "__fid": 38896}, "geometry": {"type": "LineString", "coordinates": [[2.323071, 48.8781614], [2.3230733, 48.8781868], [2.3231836, 48.8781923], [2.3231992, 48.8780953]]}}, {"type": "Feature", "properties": {"highway": "footway", "footway": null, "name": null, "surface": "asphalt", "lit": "yes", "length_m": 2.23, "type_element": "Way", "__fid": 38901}, "geometry": {"type": "LineString", "coordinates": [[2.3231166, 48.8774517], [2.323087733333229, 48.877445433333435]]}}, {"type": "Feature", "properties": {"highway": "footway", "footway": "sidewalk", "name": null, "surface": "paving_stones", "lit": "yes", "length_m": 32.09, "type_element": "Way", "__fid": 38904}, "geometry": {"type": "LineString", "coordinates": [[2.3234781, 48.8792563], [2.3234383, 48.8792337], [2.3231125, 48.8791699], [2.3230714, 48.8791822]]}}, {"type": "Feature", "properties": {"highway": "footway", "footway": null, "name": null, "surface": "asphalt", "lit": "yes", "length_m": 1.48, "type_element": "Way", "__fid": 38928}, "geometry": {"type": "LineString", "coordinates": [[2.3231358, 48.87745589999999], [2.3231166, 48.8774517]]}}, {"type": "Feature", "properties": {"highway": "steps", "footway": null, "name": null, "surface": null, "lit": null, "length_m": 15.08, "type_element": "Way", "__fid": 38929}, "geometry": {"type": "LineString", "coordinates": [[2.3231873, 48.8773244], [2.3231166, 48.8774517]]}}, {"type": "Feature", "properties": {"highway": "steps", "footway": null, "name": null, "surface": null, "lit": null, "length_m": 16.52, "type_element": "Way", "__fid": 38948}, "geometry": {"type": "LineString", "coordinates": [[2.3232204, 48.87733210000001], [2.3231551, 48.87746020000002], [2.3231358, 48.87745589999999]]}}, {"type": "Feature", "properties": {"highway": "steps", "footway": null, "name": null, "surface": null, "lit": null, "length_m": 23.38, "type_element": "Way", "__fid": 38949}, "geometry": {"type": "LineString", "coordinates": [[2.323302699624379, 48.87731005325455], [2.3232275, 48.8773081], [2.3232047, 48.8773283], [2.3231358, 48.87745589999999]]}}, {"type": "Feature", "properties": {"highway": "footway", "footway": "crossing", "name": null, "surface": "asphalt", "lit": "yes", "length_m": 12.44, "type_element": "Way", "__fid": 38952}, "geometry": {"type": "LineString", "coordinates": [[2.3232714, 48.878751], [2.323119, 48.878800099999985]]}}, {"type": "Feature", "properties": {"highway": "footway", "footway": "sidewalk", "name": null, "surface": "asphalt", "lit": "yes", "length_m": 4.79, "type_element": "Way", "__fid": 38959}, "geometry": {"type": "LineString", "coordinates": [[2.32316, 48.8772959], [2.3231806, 48.877255]]}}, {"type": "Feature", "properties": {"highway": "footway", "footway": null, "name": null, "surface": "asphalt", "lit": null, "length_m": 10.3, "type_element": "Way", "__fid": 38963}, "geometry": {"type": "LineString", "coordinates": [[2.3231806, 48.877255], [2.3233136, 48.8772847]]}}, {"type": "Feature", "properties": {"highway": "footway", "footway": "sidewalk", "name": null, "surface": "asphalt", "lit": "yes", "length_m": 8.55, "type_element": "Way", "__fid": 38964}, "geometry": {"type": "LineString", "coordinates": [[2.3231806, 48.877255], [2.3232172, 48.877182]]}}, {"type": "Feature", "properties": {"highway": "footway", "footway": null, "name": null, "surface": null, "lit": null, "length_m": 9.21, "type_element": "Way", "__fid": 38988}, "geometry": {"type": "LineString", "coordinates": [[2.3231992, 48.8780953], [2.3233241, 48.8781041]]}}, {"type": "Feature", "properties": {"highway": "footway", "footway": null, "name": null, "surface": null, "lit": null, "length_m": 72.74, "type_element": "Way", "__fid": 38989}, "geometry": {"type": "LineString", "coordinates": [[2.3231992, 48.8780953], [2.3232651, 48.8777939], [2.3233187, 48.8776378], [2.323402, 48.8774564]]}}, {"type": "Feature", "properties": {"highway": "footway", "footway": "sidewalk", "name": null, "surface": "asphalt", "lit": "yes", "length_m": 107.9, "type_element": "Way", "__fid": 38994}, "geometry": {"type": "LineString", "coordinates": [[2.3232172, 48.877182], [2.3233308, 48.8769785], [2.3233988, 48.876794], [2.3236849, 48.87626290000002]]}}, {"type": "Feature", "properties": {"highway": "footway", "footway": "crossing", "name": null, "surface": "asphalt", "lit": "yes", "length_m": 14.85, "type_element": "Way", "__fid": 38998}, "geometry": {"type": "LineString", "coordinates": [[2.3231516, 48.88284010000001], [2.3231508, 48.8828236], [2.3232088, 48.882713]]}}, {"type": "Feature", "properties": {"highway": "footway", "footway": "traffic_island", "name": null, "surface": "concrete", "lit": "yes", "length_m": 7.36, "type_element": "Way", "__fid": 39033}, "geometry": {"type": "LineString", "coordinates": [[2.3232432, 48.882650800000015], [2.3232088, 48.882713]]}}, {"type": "Feature", "properties": {"highway": "footway", "footway": "sidewalk", "name": null, "surface": "asphalt", "lit": "yes", "length_m": 33.05, "type_element": "Way", "__fid": 39045}, "geometry": {"type": "LineString", "coordinates": [[2.3236802, 48.87886920000002], [2.3234271, 48.8787949], [2.3232798, 48.8787613], [2.3232714, 48.878751]]}}, {"type": "Feature", "properties": {"highway": "footway", "footway": null, "name": null, "surface": "asphalt", "lit": "yes", "length_m": 6.56, "type_element": "Way", "__fid": 39056}, "geometry": {"type": "LineString", "coordinates": [[2.3233921, 48.87731], [2.323302699624379, 48.87731005325455]]}}, {"type": "Feature", "properties": {"highway": "footway", "footway": null, "name": null, "surface": null, "lit": null, "length_m": 2.93, "type_element": "Way", "__fid": 39057}, "geometry": {"type": "LineString", "coordinates": [[2.323302699624379, 48.87731005325455], [2.3233136, 48.8772847]]}}, {"type": "Feature", "properties": {"highway": "footway", "footway": "traffic_island", "name": null, "surface": "concrete", "lit": "yes", "length_m": 31.8, "type_element": "Way", "__fid": 39061}, "geometry": {"type": "LineString", "coordinates": [[2.3232973, 48.8828716], [2.3233745, 48.8826877], [2.3233582, 48.8826778], [2.3232432, 48.882650800000015]]}}, {"type": "Feature", "properties": {"highway": "footway", "footway": "crossing", "name": null, "surface": "asphalt", "lit": "yes", "length_m": 17.7, "type_element": "Way", "__fid": 39062}, "geometry": {"type": "LineString", "coordinates": [[2.3232432, 48.882650800000015], [2.3233108, 48.882514], [2.3233073, 48.8824989]]}}, {"type": "Feature", "properties": {"highway": "footway", "footway": null, "name": null, "surface": null, "lit": null, "length_m": 10.1, "type_element": "Way", "__fid": 39063}, "geometry": {"type": "LineString", "coordinates": [[2.3233136, 48.8772847], [2.323359456091031, 48.8771990668277]]}}, {"type": "Feature", "properties": {"highway": "footway", "footway": null, "name": null, "surface": null, "lit": null, "length_m": 8.45, "type_element": "Way", "__fid": 39085}, "geometry": {"type": "LineString", "coordinates": [[2.3233241, 48.8781041], [2.3234384, 48.8781136]]}}, {"type": "Feature", "properties": {"highway": "footway", "footway": null, "name": null, "surface": null, "lit": null, "length_m": 78.32, "type_element": "Way", "__fid": 39086}, "geometry": {"type": "LineString", "coordinates": [[2.3233241, 48.8781041], [2.3233992, 48.877808], [2.3235494, 48.8774162]]}}, {"type": "Feature", "properties": {"highway": "footway", "footway": null, "name": null, "surface": "asphalt", "lit": null, "length_m": 12.72, "type_element": "Way", "__fid": 39104}, "geometry": {"type": "LineString", "coordinates": [[2.3233921, 48.87731], [2.3233948, 48.87727790000001], [2.323359456091031, 48.8771990668277]]}}, {"type": "Feature", "properties": {"highway": "footway", "footway": null, "name": null, "surface": null, "lit": null, "length_m": 14.65, "type_element": "Way", "__fid": 39105}, "geometry": {"type": "LineString", "coordinates": [[2.323359456091031, 48.8771990668277], [2.323426, 48.87707480000001]]}}, {"type": "Feature", "properties": {"highway": "footway", "footway": "sidewalk", "name": null, "surface": "sett", "lit": "yes", "length_m": 4.07, "type_element": "Way", "__fid": 39127}, "geometry": {"type": "LineString", "coordinates": [[2.3233591, 48.8824857], [2.3233073, 48.8824989]]}}, {"type": "Feature", "properties": {"highway": "footway", "footway": null, "name": null, "surface": "asphalt", "lit": "yes", "length_m": 4.77, "type_element": "Way", "__fid": 39138}, "geometry": {"type": "LineString", "coordinates": [[2.3234571, 48.877308], [2.3233921, 48.87731]]}}, {"type": "Feature", "properties": {"highway": "steps", "footway": null, "name": null, "surface": null, "lit": null, "length_m": 17.72, "type_element": "Way", "__fid": 39142}, "geometry": {"type": "LineString", "coordinates": [[2.323402, 48.8774564], [2.3233926, 48.87745489999999], [2.3234571, 48.877308]]}}, {"type": "Feature", "properties": {"highway": "footway", "footway": null, "name": null, "surface": null, "lit": null, "length_m": 17.34, "type_element": "Way", "__fid": 39143}, "geometry": {"type": "LineString", "coordinates": [[2.323402, 48.8774564], [2.323471486894323, 48.87730734345741]]}}, {"type": "Feature", "properties": {"highway": "footway", "footway": null, "name": null, "surface": null, "lit": null, "length_m": 84.34, "type_element": "Way", "__fid": 39155}, "geometry": {"type": "LineString", "coordinates": [[2.323426, 48.87707480000001], [2.3235588, 48.8768334], [2.3238727, 48.8764495], [2.3239342, 48.8763981]]}}, {"type": "Feature", "properties": {"highway": "footway", "footway": "crossing", "name": null, "surface": "asphalt", "lit": "yes", "length_m": 10.85, "type_element": "Way", "__fid": 39162}, "geometry": {"type": "LineString", "coordinates": [[2.3233591, 48.8824857], [2.3233749, 48.8824947], [2.3234966, 48.88251870000001]]}}, {"type": "Feature", "properties": {"highway": "footway", "footway": "sidewalk", "name": null, "surface": "sett", "lit": "yes", "length_m": 171.21, "type_element": "Way", "__fid": 39163}, "geometry": {"type": "LineString", "coordinates": [[2.3243639, 48.8810959], [2.3233591, 48.8824857]]}}, {"type": "Feature", "properties": {"highway": "footway", "footway": null, "name": null, "surface": null, "lit": null, "length_m": 8.39, "type_element": "Way", "__fid": 39188}, "geometry": {"type": "LineString", "coordinates": [[2.3234384, 48.8781136], [2.3235521, 48.8781216]]}}, {"type": "Feature", "properties": {"highway": "steps", "footway": null, "name": null, "surface": null, "lit": null, "length_m": 1.05, "type_element": "Way", "__fid": 39189}, "geometry": {"type": "LineString", "coordinates": [[2.3234384, 48.8781136], [2.3234411, 48.8781043]]}}, {"type": "Feature", "properties": {"highway": "steps", "footway": null, "name": null, "surface": null, "lit": null, "length_m": 14.15, "type_element": "Way", "__fid": 39201}, "geometry": {"type": "LineString", "coordinates": [[2.3234571, 48.877308], [2.3235088, 48.87719520000001], [2.3235226, 48.87719769999999]]}}, {"type": "Feature", "properties": {"highway": "footway", "footway": null, "name": null, "surface": "asphalt", "lit": "yes", "length_m": 1.06, "type_element": "Way", "__fid": 39202}, "geometry": {"type": "LineString", "coordinates": [[2.323471486894323, 48.87730734345741], [2.3234571, 48.877308]]}}, {"type": "Feature", "properties": {"highway": "footway", "footway": null, "name": null, "surface": null, "lit": null, "length_m": 12.76, "type_element": "Way", "__fid": 39219}, "geometry": {"type": "LineString", "coordinates": [[2.323471486894323, 48.87730734345741], [2.3235226, 48.87719769999999]]}}, {"type": "Feature", "properties": {"highway": "footway", "footway": null, "name": null, "surface": "asphalt", "lit": "yes", "length_m": 9.77, "type_element": "Way", "__fid": 39220}, "geometry": {"type": "LineString", "coordinates": [[2.3236047, 48.877309], [2.323471486894323, 48.87730734345741]]}}, {"type": "Feature", "properties": {"highway": "footway", "footway": "sidewalk", "name": null, "surface": "paving_stones", "lit": "yes", "length_m": 82.84, "type_element": "Way", "__fid": 39252}, "geometry": {"type": "LineString", "coordinates": [[2.3240172, 48.8799108], [2.323727, 48.8795445], [2.3234781, 48.8792563]]}}, {"type": "Feature", "properties": {"highway": "footway", "footway": "crossing", "name": null, "surface": "asphalt", "lit": "yes", "length_m": 14.24, "type_element": "Way", "__fid": 39253}, "geometry": {"type": "LineString", "coordinates": [[2.3236487, 48.8791963], [2.3235672, 48.8792315], [2.3234781, 48.8792563]]}}, {"type": "Feature", "properties": {"highway": "footway", "footway": null, "name": null, "surface": null, "lit": null, "length_m": 96.51, "type_element": "Way", "__fid": 39270}, "geometry": {"type": "LineString", "coordinates": [[2.3235226, 48.87719769999999], [2.3235896, 48.8770601], [2.3237331, 48.8768484], [2.324047, 48.876481100000014], [2.3240811, 48.876415]]}}, {"type": "Feature", "properties": {"highway": "footway", "footway": null, "name": null, "surface": null, "lit": null, "length_m": 50.28, "type_element": "Way", "__fid": 39276}, "geometry": {"type": "LineString", "coordinates": [[2.3237076, 48.87742150000001], [2.3235252, 48.8778574]]}}, {"type": "Feature", "properties": {"highway": "footway", "footway": null, "name": null, "surface": null, "lit": null, "length_m": 12.36, "type_element": "Way", "__fid": 39289}, "geometry": {"type": "LineString", "coordinates": [[2.323604925742508, 48.87731124488451], [2.3235494, 48.8774162]]}}, {"type": "Feature", "properties": {"highway": "footway", "footway": null, "name": null, "surface": null, "lit": null, "length_m": 78.52, "type_element": "Way", "__fid": 39301}, "geometry": {"type": "LineString", "coordinates": [[2.3235521, 48.8781216], [2.3236835, 48.8778204], [2.3238746, 48.87744849999998]]}}, {"type": "Feature", "properties": {"highway": "footway", "footway": null, "name": null, "surface": null, "lit": null, "length_m": 8.64, "type_element": "Way", "__fid": 39302}, "geometry": {"type": "LineString", "coordinates": [[2.3235521, 48.8781216], [2.3236694, 48.878128400000016]]}}, {"type": "Feature", "properties": {"highway": "footway", "footway": "sidewalk", "name": null, "surface": "concrete", "lit": "yes", "length_m": 52.28, "type_element": "Way", "__fid": 39303}, "geometry": {"type": "LineString", "coordinates": [[2.3241586, 48.8826685], [2.3241392, 48.882670900000015], [2.3235223, 48.8825449], [2.3234966, 48.88251870000001]]}}, {"type": "Feature", "properties": {"highway": "footway", "footway": "sidewalk", "name": null, "surface": "concrete", "lit": "yes", "length_m": 167.77, "type_element": "Way", "__fid": 39304}, "geometry": {"type": "LineString", "coordinates": [[2.3234966, 48.88251870000001], [2.324453, 48.88118], [2.3244847, 48.8811601]]}}, {"type": "Feature", "properties": {"highway": "footway", "footway": null, "name": null, "surface": "asphalt", "lit": "yes", "length_m": 0.1, "type_element": "Way", "__fid": 39330}, "geometry": {"type": "LineString", "coordinates": [[2.323606052602528, 48.87730911488172], [2.3236047, 48.877309]]}}, {"type": "Feature", "properties": {"highway": "footway", "footway": null, "name": null, "surface": "asphalt", "lit": null, "length_m": 0.25, "type_element": "Way", "__fid": 39331}, "geometry": {"type": "LineString", "coordinates": [[2.323604925742508, 48.87731124488451], [2.3236047, 48.877309]]}}, {"type": "Feature", "properties": {"highway": "steps", "footway": null, "name": null, "surface": null, "lit": null, "length_m": 12.76, "type_element": "Way", "__fid": 39332}, "geometry": {"type": "LineString", "coordinates": [[2.3236047, 48.877309], [2.3236032, 48.8772944], [2.3236416, 48.8772165], [2.3236473, 48.877207], [2.3236587, 48.8772096]]}}, {"type": "Feature", "properties": {"highway": "footway", "footway": null, "name": null, "surface": null, "lit": null, "length_m": 0.25, "type_element": "Way", "__fid": 39333}, "geometry": {"type": "LineString", "coordinates": [[2.323606052602528, 48.87730911488172], [2.323604925742508, 48.87731124488451]]}}, {"type": "Feature", "properties": {"highway": "footway", "footway": null, "name": null, "surface": "asphalt", "lit": "yes", "length_m": 11.53, "type_element": "Way", "__fid": 39335}, "geometry": {"type": "LineString", "coordinates": [[2.32376197779609, 48.87732235810082], [2.323606052602528, 48.87730911488172]]}}, {"type": "Feature", "properties": {"highway": "footway", "footway": null, "name": null, "surface": null, "lit": null, "length_m": 11.72, "type_element": "Way", "__fid": 39336}, "geometry": {"type": "LineString", "coordinates": [[2.3236587, 48.8772096], [2.323606052602528, 48.87730911488172]]}}, {"type": "Feature", "properties": {"highway": "footway", "footway": null, "name": null, "surface": null, "lit": null, "length_m": 97.93, "type_element": "Way", "__fid": 39363}, "geometry": {"type": "LineString", "coordinates": [[2.3243031, 48.8764398], [2.3239343, 48.8768369], [2.3237298, 48.87709709999998], [2.3236587, 48.8772096]]}}, {"type": "Feature", "properties": {"highway": "footway", "footway": null, "name": null, "surface": null, "lit": null, "length_m": 72.42, "type_element": "Way", "__fid": 39367}, "geometry": {"type": "LineString", "coordinates": [[2.324153896537301, 48.87824737976501], [2.3236473, 48.8788064]]}}, {"type": "Feature", "properties": {"highway": "footway", "footway": "sidewalk", "name": null, "surface": "asphalt", "lit": "yes", "length_m": 82.75, "type_element": "Way", "__fid": 39374}, "geometry": {"type": "LineString", "coordinates": [[2.3241677, 48.8798571], [2.3236487, 48.8791963]]}}, {"type": "Feature", "properties": {"highway": "footway", "footway": "sidewalk", "name": null, "surface": "asphalt", "lit": "yes", "length_m": 9.95, "type_element": "Way", "__fid": 39375}, "geometry": {"type": "LineString", "coordinates": [[2.3236487, 48.8791963], [2.3237243, 48.87914], [2.3237456, 48.8791423]]}}, {"type": "Feature", "properties": {"highway": "footway", "footway": null, "name": null, "surface": null, "lit": null, "length_m": 8.42, "type_element": "Way", "__fid": 39386}, "geometry": {"type": "LineString", "coordinates": [[2.3236694, 48.878128400000016], [2.3237824, 48.87814160000001]]}}, {"type": "Feature", "properties": {"highway": "footway", "footway": null, "name": null, "surface": null, "lit": null, "length_m": 75.73, "type_element": "Way", "__fid": 39387}, "geometry": {"type": "LineString", "coordinates": [[2.3236694, 48.878128400000016], [2.3238364, 48.8778107], [2.3240268, 48.8774896]]}}, {"type": "Feature", "properties": {"highway": "footway", "footway": "crossing", "name": null, "surface": "asphalt", "lit": "yes", "length_m": 11.34, "type_element": "Way", "__fid": 39394}, "geometry": {"type": "LineString", "coordinates": [[2.3236802, 48.87886920000002], [2.3236873, 48.8788806], [2.3237677, 48.8789274], [2.3237701, 48.8789463]]}}, {"type": "Feature", "properties": {"highway": "footway", "footway": "sidewalk", "name": null, "surface": "asphalt", "lit": "yes", "length_m": 183.71, "type_element": "Way", "__fid": 39395}, "geometry": {"type": "LineString", "coordinates": [[2.3236802, 48.87886920000002], [2.323689, 48.878859], [2.3247652, 48.878491799999985], [2.3259131, 48.8781253]]}}, {"type": "Feature", "properties": {"highway": "steps", "footway": null, "name": null, "surface": null, "lit": null, "length_m": 13.12, "type_element": "Way", "__fid": 39407}, "geometry": {"type": "LineString", "coordinates": [[2.3237076, 48.87742150000001], [2.3237227, 48.877425], [2.3237766, 48.8773236]]}}, {"type": "Feature", "properties": {"highway": "footway", "footway": null, "name": null, "surface": null, "lit": null, "length_m": 11.72, "type_element": "Way", "__fid": 39408}, "geometry": {"type": "LineString", "coordinates": [[2.32376197779609, 48.87732235810082], [2.3237076, 48.87742150000001]]}}, {"type": "Feature", "properties": {"highway": "footway", "footway": null, "name": null, "surface": "asphalt", "lit": "yes", "length_m": 1.08, "type_element": "Way", "__fid": 39457}, "geometry": {"type": "LineString", "coordinates": [[2.3237766, 48.8773236], [2.32376197779609, 48.87732235810082]]}}, {"type": "Feature", "properties": {"highway": "footway", "footway": null, "name": null, "surface": null, "lit": null, "length_m": 12.06, "type_element": "Way", "__fid": 39458}, "geometry": {"type": "LineString", "coordinates": [[2.3238179, 48.8772204], [2.32376197779609, 48.87732235810082]]}}, {"type": "Feature", "properties": {"highway": "footway", "footway": "sidewalk", "name": null, "surface": "asphalt", "lit": "yes", "length_m": 125.69, "type_element": "Way", "__fid": 39464}, "geometry": {"type": "LineString", "coordinates": [[2.3237456, 48.8791423], [2.3242321, 48.879247], [2.3242604, 48.8792423], [2.3253953, 48.8794374]]}}, {"type": "Feature", "properties": {"highway": "footway", "footway": "crossing", "name": null, "surface": "asphalt", "lit": "yes", "length_m": 12.11, "type_element": "Way", "__fid": 39465}, "geometry": {"type": "LineString", "coordinates": [[2.3237925, 48.8790379], [2.3237456, 48.8791423]]}}, {"type": "Feature", "properties": {"highway": "footway", "footway": null, "name": null, "surface": "asphalt", "lit": "yes", "length_m": 10.17, "type_element": "Way", "__fid": 39473}, "geometry": {"type": "LineString", "coordinates": [[2.3239142, 48.877335], [2.3237766, 48.8773236]]}}, {"type": "Feature", "properties": {"highway": "steps", "footway": null, "name": null, "surface": null, "lit": null, "length_m": 13.07, "type_element": "Way", "__fid": 39474}, "geometry": {"type": "LineString", "coordinates": [[2.3237766, 48.8773236], [2.3238344, 48.877225], [2.3238179, 48.8772204]]}}, {"type": "Feature", "properties": {"highway": "footway", "footway": "sidewalk", "name": null, "surface": "asphalt", "lit": "yes", "length_m": 10.41, "type_element": "Way", "__fid": 39486}, "geometry": {"type": "LineString", "coordinates": [[2.3237701, 48.8789463], [2.3237811, 48.8790216], [2.3237925, 48.8790379]]}}, {"type": "Feature", "properties": {"highway": "footway", "footway": "sidewalk", "name": null, "surface": "asphalt", "lit": "yes", "length_m": 210.4, "type_element": "Way", "__fid": 39487}, "geometry": {"type": "LineString", "coordinates": [[2.3263374, 48.878102100000014], [2.3237701, 48.8789463]]}}, {"type": "Feature", "properties": {"highway": "footway", "footway": null, "name": null, "surface": null, "lit": null, "length_m": 74.15, "type_element": "Way", "__fid": 39491}, "geometry": {"type": "LineString", "coordinates": [[2.3237824, 48.87814160000001], [2.3240376, 48.87773390000001], [2.3241824, 48.877529299999985]]}}, {"type": "Feature", "properties": {"highway": "footway", "footway": null, "name": null, "surface": null, "lit": null, "length_m": 10.2, "type_element": "Way", "__fid": 39492}, "geometry": {"type": "LineString", "coordinates": [[2.3237824, 48.87814160000001], [2.3238029, 48.8781365], [2.3238082, 48.8781277], [2.3239006, 48.878157499999986]]}}, {"type": "Feature", "properties": {"highway": "footway", "footway": "sidewalk", "name": null, "surface": "sett", "lit": "yes", "length_m": 126.27, "type_element": "Way", "__fid": 39506}, "geometry": {"type": "LineString", "coordinates": [[2.3237925, 48.8790379], [2.3244008, 48.8791616], [2.3254551, 48.8793311]]}}, {"type": "Feature", "properties": {"highway": "footway", "footway": null, "name": null, "surface": null, "lit": null, "length_m": 96.86, "type_element": "Way", "__fid": 39507}, "geometry": {"type": "LineString", "coordinates": [[2.3244469, 48.8764571], [2.3244117, 48.876529], [2.3240469, 48.8769163], [2.3238179, 48.8772204]]}}, {"type": "Feature", "properties": {"highway": "footway", "footway": null, "name": null, "surface": null, "lit": null, "length_m": 24.92, "type_element": "Way", "__fid": 39532}, "geometry": {"type": "LineString", "coordinates": [[2.324022474713031, 48.87820300426101], [2.3238495, 48.8783959]]}}, {"type": "Feature", "properties": {"highway": "steps", "footway": null, "name": null, "surface": null, "lit": null, "length_m": 14.58, "type_element": "Way", "__fid": 39543}, "geometry": {"type": "LineString", "coordinates": [[2.3238746, 48.87744849999998], [2.3238525, 48.8774432], [2.3239142, 48.877335]]}}, {"type": "Feature", "properties": {"highway": "footway", "footway": null, "name": null, "surface": null, "lit": null, "length_m": 12.97, "type_element": "Way", "__fid": 39544}, "geometry": {"type": "LineString", "coordinates": [[2.323937158463732, 48.87733935887572], [2.3238746, 48.87744849999998]]}}, {"type": "Feature", "properties": {"highway": "footway", "footway": null, "name": null, "surface": null, "lit": null, "length_m": 10.27, "type_element": "Way", "__fid": 39561}, "geometry": {"type": "LineString", "coordinates": [[2.3239006, 48.878157499999986], [2.324022474713031, 48.87820300426101]]}}, {"type": "Feature", "properties": {"highway": "footway", "footway": null, "name": null, "surface": null, "lit": null, "length_m": 74.51, "type_element": "Way", "__fid": 39562}, "geometry": {"type": "LineString", "coordinates": [[2.3239006, 48.878157499999986], [2.3243634, 48.877561]]}}, {"type": "Feature", "properties": {"highway": "footway", "footway": null, "name": null, "surface": "asphalt", "lit": "yes", "length_m": 1.75, "type_element": "Way", "__fid": 39563}, "geometry": {"type": "LineString", "coordinates": [[2.323937158463732, 48.87733935887572], [2.3239142, 48.877335]]}}, {"type": "Feature", "properties": {"highway": "steps", "footway": null, "name": null, "surface": null, "lit": null, "length_m": 14.8, "type_element": "Way", "__fid": 39564}, "geometry": {"type": "LineString", "coordinates": [[2.3239142, 48.877335], [2.3239809, 48.8772241], [2.3240003, 48.8772292]]}}, {"type": "Feature", "properties": {"highway": "footway", "footway": null, "name": null, "surface": "asphalt", "lit": "yes", "length_m": 11.19, "type_element": "Way", "__fid": 39594}, "geometry": {"type": "LineString", "coordinates": [[2.3240838, 48.8773672], [2.323937158463732, 48.87733935887572]]}}, {"type": "Feature", "properties": {"highway": "footway", "footway": null, "name": null, "surface": null, "lit": null, "length_m": 13.1, "type_element": "Way", "__fid": 39595}, "geometry": {"type": "LineString", "coordinates": [[2.3240003, 48.8772292], [2.323937158463732, 48.87733935887572]]}}, {"type": "Feature", "properties": {"highway": "footway", "footway": null, "name": null, "surface": null, "lit": null, "length_m": 126.51, "type_element": "Way", "__fid": 39647}, "geometry": {"type": "LineString", "coordinates": [[2.3239799, 48.8787147], [2.324981, 48.8777882]]}}, {"type": "Feature", "properties": {"highway": "footway", "footway": null, "name": null, "surface": null, "lit": null, "length_m": 95.93, "type_element": "Way", "__fid": 39648}, "geometry": {"type": "LineString", "coordinates": [[2.3246338, 48.8764786], [2.3246058, 48.8765445], [2.3242186, 48.8769331], [2.3240003, 48.8772292]]}}, {"type": "Feature", "properties": {"highway": "footway", "footway": "traffic_island", "name": null, "surface": "asphalt", "lit": "yes", "length_m": 40.87, "type_element": "Way", "__fid": 39667}, "geometry": {"type": "LineString", "coordinates": [[2.3239441, 48.8830032], [2.3240748, 48.882763799999985], [2.3241588, 48.8826867], [2.3241586, 48.8826685]]}}, {"type": "Feature", "properties": {"highway": "steps", "footway": null, "name": null, "surface": null, "lit": null, "length_m": 15.47, "type_element": "Way", "__fid": 39673}, "geometry": {"type": "LineString", "coordinates": [[2.3240268, 48.8774896], [2.3240114, 48.87748650000001], [2.3240838, 48.8773672]]}}, {"type": "Feature", "properties": {"highway": "footway", "footway": null, "name": null, "surface": null, "lit": null, "length_m": 14.36, "type_element": "Way", "__fid": 39674}, "geometry": {"type": "LineString", "coordinates": [[2.324105129921092, 48.8773712608484], [2.3240268, 48.8774896]]}}, {"type": "Feature", "properties": {"highway": "footway", "footway": null, "name": null, "surface": null, "lit": null, "length_m": 10.91, "type_element": "Way", "__fid": 39676}, "geometry": {"type": "LineString", "coordinates": [[2.324022474713031, 48.87820300426101], [2.3241237, 48.8782425], [2.324153896537301, 48.87824737976501]]}}, {"type": "Feature", "properties": {"highway": "footway", "footway": null, "name": null, "surface": null, "lit": null, "length_m": 74.93, "type_element": "Way", "__fid": 39677}, "geometry": {"type": "LineString", "coordinates": [[2.3245592, 48.8776298], [2.3242897, 48.877905], [2.324022474713031, 48.87820300426101]]}}, {"type": "Feature", "properties": {"highway": "footway", "footway": "sidewalk", "name": null, "surface": "paving_stones", "lit": "yes", "length_m": 3.43, "type_element": "Way", "__fid": 39689}, "geometry": {"type": "LineString", "coordinates": [[2.3240258, 48.87994110000001], [2.3240172, 48.8799108]]}}, {"type": "Feature", "properties": {"highway": "footway", "footway": "crossing", "name": null, "surface": "asphalt", "lit": "yes", "length_m": 12.55, "type_element": "Way", "__fid": 39690}, "geometry": {"type": "LineString", "coordinates": [[2.3240172, 48.8799108], [2.3241677, 48.8798571]]}}, {"type": "Feature", "properties": {"highway": "footway", "footway": "crossing", "name": null, "surface": "asphalt", "lit": "yes", "length_m": 14.37, "type_element": "Way", "__fid": 39696}, "geometry": {"type": "LineString", "coordinates": [[2.3240258, 48.87994110000001], [2.3240415, 48.8799489], [2.3241158, 48.88004080000001], [2.324116, 48.8800529]]}}, {"type": "Feature", "properties": {"highway": "footway", "footway": null, "name": null, "surface": "asphalt", "lit": "yes", "length_m": 1.63, "type_element": "Way", "__fid": 39712}, "geometry": {"type": "LineString", "coordinates": [[2.324105129921092, 48.8773712608484], [2.3240838, 48.8773672]]}}, {"type": "Feature", "properties": {"highway": "steps", "footway": null, "name": null, "surface": null, "lit": null, "length_m": 17.21, "type_element": "Way", "__fid": 39713}, "geometry": {"type": "LineString", "coordinates": [[2.3240838, 48.8773672], [2.3241676, 48.877239], [2.3241891, 48.8772444]]}}, {"type": "Feature", "properties": {"highway": "footway", "footway": null, "name": null, "surface": "asphalt", "lit": "yes", "length_m": 11.35, "type_element": "Way", "__fid": 39734}, "geometry": {"type": "LineString", "coordinates": [[2.3242537, 48.8773997], [2.324105129921092, 48.8773712608484]]}}, {"type": "Feature", "properties": {"highway": "footway", "footway": null, "name": null, "surface": null, "lit": null, "length_m": 15.39, "type_element": "Way", "__fid": 39735}, "geometry": {"type": "LineString", "coordinates": [[2.3241891, 48.8772444], [2.324105129921092, 48.8773712608484]]}}, {"type": "Feature", "properties": {"highway": "footway", "footway": "sidewalk", "name": null, "surface": "paving_stones", "lit": "yes", "length_m": 2.4, "type_element": "Way", "__fid": 39764}, "geometry": {"type": "LineString", "coordinates": [[2.324116, 48.8800529], [2.3241462, 48.8800613]]}}, {"type": "Feature", "properties": {"highway": "footway", "footway": null, "name": null, "surface": null, "lit": null, "length_m": 10.56, "type_element": "Way", "__fid": 39775}, "geometry": {"type": "LineString", "coordinates": [[2.324153896537301, 48.87824737976501], [2.3241862, 48.87825260000001], [2.324278, 48.8782935]]}}, {"type": "Feature", "properties": {"highway": "footway", "footway": null, "name": null, "surface": null, "lit": null, "length_m": 73.98, "type_element": "Way", "__fid": 39776}, "geometry": {"type": "LineString", "coordinates": [[2.3246947, 48.877685800000016], [2.324153896537301, 48.87824737976501]]}}, {"type": "Feature", "properties": {"highway": "footway", "footway": null, "name": null, "surface": null, "lit": null, "length_m": 114.57, "type_element": "Way", "__fid": 39792}, "geometry": {"type": "LineString", "coordinates": [[2.3250876, 48.8778327], [2.3241636, 48.8786635]]}}, {"type": "Feature", "properties": {"highway": "footway", "footway": "sidewalk", "name": null, "surface": "paving_stones", "lit": "yes", "length_m": 74.47, "type_element": "Way", "__fid": 39793}, "geometry": {"type": "LineString", "coordinates": [[2.3241462, 48.8800613], [2.3245684, 48.8805918], [2.3245286, 48.88065730000002]]}}, {"type": "Feature", "properties": {"highway": "footway", "footway": "crossing", "name": null, "surface": "asphalt", "lit": "yes", "length_m": 11.34, "type_element": "Way", "__fid": 39794}, "geometry": {"type": "LineString", "coordinates": [[2.3241462, 48.8800613], [2.324280933333508, 48.88001126666681]]}}, {"type": "Feature", "properties": {"highway": "steps", "footway": null, "name": null, "surface": null, "lit": null, "length_m": 16.48, "type_element": "Way", "__fid": 39795}, "geometry": {"type": "LineString", "coordinates": [[2.3241824, 48.877529299999985], [2.3241675, 48.8775247], [2.3242537, 48.8773997]]}}, {"type": "Feature", "properties": {"highway": "footway", "footway": null, "name": null, "surface": null, "lit": null, "length_m": 15.45, "type_element": "Way", "__fid": 39796}, "geometry": {"type": "LineString", "coordinates": [[2.324269735696233, 48.87740284027072], [2.3241824, 48.877529299999985]]}}, {"type": "Feature", "properties": {"highway": "footway", "footway": null, "name": null, "surface": null, "lit": null, "length_m": 96.14, "type_element": "Way", "__fid": 39801}, "geometry": {"type": "LineString", "coordinates": [[2.3248187, 48.87649990000001], [2.3248261, 48.876555], [2.3243943, 48.8769701], [2.3241891, 48.8772444]]}}, {"type": "Feature", "properties": {"highway": "footway", "footway": "sidewalk", "name": null, "surface": "asphalt", "lit": "yes", "length_m": 78.06, "type_element": "Way", "__fid": 39811}, "geometry": {"type": "LineString", "coordinates": [[2.3247285, 48.8804282], [2.3246196, 48.880409600000014], [2.3241677, 48.8798571]]}}, {"type": "Feature", "properties": {"highway": "footway", "footway": "sidewalk", "name": null, "surface": "concrete", "lit": "yes", "length_m": 2.24, "type_element": "Way", "__fid": 39834}, "geometry": {"type": "LineString", "coordinates": [[2.3241887, 48.8826649], [2.3241586, 48.8826685]]}}, {"type": "Feature", "properties": {"highway": "footway", "footway": null, "name": null, "surface": "asphalt", "lit": "yes", "length_m": 1.23, "type_element": "Way", "__fid": 39855}, "geometry": {"type": "LineString", "coordinates": [[2.324269735696233, 48.87740284027072], [2.3242537, 48.8773997]]}}, {"type": "Feature", "properties": {"highway": "steps", "footway": null, "name": null, "surface": null, "lit": null, "length_m": 16.34, "type_element": "Way", "__fid": 39856}, "geometry": {"type": "LineString", "coordinates": [[2.3242537, 48.8773997], [2.3243433, 48.8772749], [2.3243554, 48.87727880000001]]}}, {"type": "Feature", "properties": {"highway": "footway", "footway": "crossing", "name": null, "surface": "asphalt", "lit": "yes", "length_m": 14.75, "type_element": "Way", "__fid": 39859}, "geometry": {"type": "LineString", "coordinates": [[2.3241887, 48.8826649], [2.324383, 48.8826992]]}}, {"type": "Feature", "properties": {"highway": "footway", "footway": "sidewalk", "name": null, "surface": "concrete", "lit": "yes", "length_m": 71.57, "type_element": "Way", "__fid": 39860}, "geometry": {"type": "LineString", "coordinates": [[2.3243599, 48.88203559999999], [2.3242139, 48.8826479], [2.3241887, 48.8826649]]}}, {"type": "Feature", "properties": {"highway": "footway", "footway": null, "name": null, "surface": "asphalt", "lit": "yes", "length_m": 11.09, "type_element": "Way", "__fid": 39868}, "geometry": {"type": "LineString", "coordinates": [[2.3244096, 48.877439], [2.324364, 48.8774213], [2.324269735696233, 48.87740284027072]]}}, {"type": "Feature", "properties": {"highway": "footway", "footway": null, "name": null, "surface": null, "lit": null, "length_m": 15.16, "type_element": "Way", "__fid": 39869}, "geometry": {"type": "LineString", "coordinates": [[2.3243554, 48.87727880000001], [2.324269735696233, 48.87740284027072]]}}, {"type": "Feature", "properties": {"highway": "footway", "footway": null, "name": null, "surface": null, "lit": null, "length_m": 7.35, "type_element": "Way", "__fid": 39887}, "geometry": {"type": "LineString", "coordinates": [[2.324278, 48.8782935], [2.324361, 48.8783305]]}}, {"type": "Feature", "properties": {"highway": "footway", "footway": null, "name": null, "surface": null, "lit": null, "length_m": 74.1, "type_element": "Way", "__fid": 39888}, "geometry": {"type": "LineString", "coordinates": [[2.324278, 48.8782935], [2.3248389, 48.8777392]]}}, {"type": "Feature", "properties": {"highway": "footway", "footway": null, "name": null, "surface": null, "lit": null, "length_m": 98.8, "type_element": "Way", "__fid": 39970}, "geometry": {"type": "LineString", "coordinates": [[2.3250759, 48.8765295], [2.3245351, 48.8770521], [2.3243554, 48.87727880000001]]}}, {"type": "Feature", "properties": {"highway": "steps", "footway": null, "name": null, "surface": null, "lit": null, "length_m": 16.92, "type_element": "Way", "__fid": 39980}, "geometry": {"type": "LineString", "coordinates": [[2.3243634, 48.877561], [2.3243239, 48.87754850000001], [2.3244096, 48.877439]]}}, {"type": "Feature", "properties": {"highway": "footway", "footway": null, "name": null, "surface": null, "lit": null, "length_m": 13.44, "type_element": "Way", "__fid": 39981}, "geometry": {"type": "LineString", "coordinates": [[2.324444805223819, 48.87745266871089], [2.3243634, 48.877561]]}}, {"type": "Feature", "properties": {"highway": "footway", "footway": null, "name": null, "surface": "asphalt", "lit": "yes", "length_m": 3.0, "type_element": "Way", "__fid": 40029}, "geometry": {"type": "LineString", "coordinates": [[2.324444805223819, 48.87745266871089], [2.3244096, 48.877439]]}}, {"type": "Feature", "properties": {"highway": "steps", "footway": null, "name": null, "surface": null, "lit": null, "length_m": 16.63, "type_element": "Way", "__fid": 40030}, "geometry": {"type": "LineString", "coordinates": [[2.3244096, 48.877439], [2.3245049, 48.8773264], [2.3245324, 48.8773361]]}}, {"type": "Feature", "properties": {"highway": "footway", "footway": "crossing", "name": null, "surface": null, "lit": "yes", "length_m": 11.38, "type_element": "Way", "__fid": 40034}, "geometry": {"type": "LineString", "coordinates": [[2.3243639, 48.8810959], [2.3244847, 48.8811601]]}}, {"type": "Feature", "properties": {"highway": "footway", "footway": "sidewalk", "name": null, "surface": "sett", "lit": "yes", "length_m": 31.68, "type_element": "Way", "__fid": 40035}, "geometry": {"type": "LineString", "coordinates": [[2.3245498, 48.8808387], [2.3243639, 48.8810959]]}}, {"type": "Feature", "properties": {"highway": "footway", "footway": "traffic_island", "name": null, "surface": "asphalt", "lit": "yes", "length_m": 24.21, "type_element": "Way", "__fid": 40039}, "geometry": {"type": "LineString", "coordinates": [[2.3243413, 48.8829365], [2.3244444, 48.8827297]]}}, {"type": "Feature", "properties": {"highway": "footway", "footway": "crossing", "name": null, "surface": null, "lit": "yes", "length_m": 11.2, "type_element": "Way", "__fid": 40051}, "geometry": {"type": "LineString", "coordinates": [[2.3243599, 48.88203559999999], [2.3245096, 48.8820556]]}}, {"type": "Feature", "properties": {"highway": "footway", "footway": "sidewalk", "name": null, "surface": "concrete", "lit": "yes", "length_m": 17.37, "type_element": "Way", "__fid": 40052}, "geometry": {"type": "LineString", "coordinates": [[2.324395, 48.88188109999999], [2.3243599, 48.88203559999999]]}}, {"type": "Feature", "properties": {"highway": "footway", "footway": null, "name": null, "surface": "asphalt", "lit": "yes", "length_m": 15.7, "type_element": "Way", "__fid": 40099}, "geometry": {"type": "LineString", "coordinates": [[2.3246293, 48.8775243], [2.324444805223819, 48.87745266871089]]}}, {"type": "Feature", "properties": {"highway": "footway", "footway": null, "name": null, "surface": null, "lit": null, "length_m": 14.47, "type_element": "Way", "__fid": 40100}, "geometry": {"type": "LineString", "coordinates": [[2.3245324, 48.8773361], [2.324444805223819, 48.87745266871089]]}}, {"type": "Feature", "properties": {"highway": "footway", "footway": "sidewalk", "name": null, "surface": "concrete", "lit": "yes", "length_m": 5.64, "type_element": "Way", "__fid": 40106}, "geometry": {"type": "LineString", "coordinates": [[2.324383, 48.8826992], [2.3244444, 48.8827297]]}}, {"type": "Feature", "properties": {"highway": "footway", "footway": "sidewalk", "name": null, "surface": "concrete", "lit": "yes", "length_m": 72.41, "type_element": "Way", "__fid": 40107}, "geometry": {"type": "LineString", "coordinates": [[2.3245096, 48.8820556], [2.3243724, 48.8826754], [2.324383, 48.8826992]]}}, {"type": "Feature", "properties": {"highway": "footway", "footway": "crossing", "name": null, "surface": "asphalt", "lit": "yes", "length_m": 11.19, "type_element": "Way", "__fid": 40112}, "geometry": {"type": "LineString", "coordinates": [[2.3245455, 48.88189790000003], [2.324395, 48.88188109999999]]}}, {"type": "Feature", "properties": {"highway": "footway", "footway": "sidewalk", "name": null, "surface": "concrete", "lit": "yes", "length_m": 79.13, "type_element": "Way", "__fid": 40113}, "geometry": {"type": "LineString", "coordinates": [[2.3245558, 48.8811774], [2.324395, 48.88188109999999]]}}, {"type": "Feature", "properties": {"highway": "footway", "footway": null, "name": null, "surface": null, "lit": null, "length_m": 93.77, "type_element": "Way", "__fid": 40123}, "geometry": {"type": "LineString", "coordinates": [[2.3252206, 48.8778905], [2.3250903, 48.8780206], [2.324452, 48.8785639]]}}, {"type": "Feature", "properties": {"highway": "footway", "footway": "crossing", "name": null, "surface": "asphalt", "lit": "yes", "length_m": 9.7, "type_element": "Way", "__fid": 40150}, "geometry": {"type": "LineString", "coordinates": [[2.3244517, 48.880734099999984], [2.3244915, 48.8808004], [2.3245077, 48.88081219999999]]}}, {"type": "Feature", "properties": {"highway": "footway", "footway": "sidewalk", "name": null, "surface": "paving_stones", "lit": "yes", "length_m": 10.67, "type_element": "Way", "__fid": 40151}, "geometry": {"type": "LineString", "coordinates": [[2.3245286, 48.88065730000002], [2.324493, 48.8807161], [2.3244517, 48.880734099999984]]}}, {"type": "Feature", "properties": {"highway": "footway", "footway": "sidewalk", "name": null, "surface": "concrete", "lit": "yes", "length_m": 72.76, "type_element": "Way", "__fid": 40166}, "geometry": {"type": "LineString", "coordinates": [[2.3244444, 48.8827297], [2.3253927, 48.8829221]]}}, {"type": "Feature", "properties": {"highway": "pedestrian", "footway": null, "name": "Rue de Florence", "surface": "asphalt", "lit": "yes", "length_m": 5.14, "type_element": "Way", "__fid": 40171}, "geometry": {"type": "LineString", "coordinates": [[2.3244589, 48.8819694], [2.3245263, 48.8819821]]}}, {"type": "Feature", "properties": {"highway": "footway", "footway": null, "name": null, "surface": null, "lit": null, "length_m": 102.45, "type_element": "Way", "__fid": 40177}, "geometry": {"type": "LineString", "coordinates": [[2.3252575, 48.87655039999998], [2.3252204, 48.8766048], [2.3247658, 48.8770495], [2.3245324, 48.8773361]]}}, {"type": "Feature", "properties": {"highway": "footway", "footway": "sidewalk", "name": null, "surface": "concrete", "lit": "yes", "length_m": 5.56, "type_element": "Way", "__fid": 40183}, "geometry": {"type": "LineString", "coordinates": [[2.3244847, 48.8811601], [2.3245558, 48.8811774]]}}, {"type": "Feature", "properties": {"highway": "footway", "footway": "sidewalk", "name": null, "surface": "sett", "lit": "yes", "length_m": 4.27, "type_element": "Way", "__fid": 40197}, "geometry": {"type": "LineString", "coordinates": [[2.3245077, 48.88081219999999], [2.3245498, 48.8808387]]}}, {"type": "Feature", "properties": {"highway": "steps", "footway": null, "name": null, "surface": null, "lit": null, "length_m": 14.73, "type_element": "Way", "__fid": 40213}, "geometry": {"type": "LineString", "coordinates": [[2.3245592, 48.8776298], [2.3245358, 48.877621], [2.3246293, 48.8775243]]}}, {"type": "Feature", "properties": {"highway": "footway", "footway": null, "name": null, "surface": null, "lit": null, "length_m": 12.72, "type_element": "Way", "__fid": 40214}, "geometry": {"type": "LineString", "coordinates": [[2.324650424105004, 48.87753249792988], [2.3245592, 48.8776298]]}}, {"type": "Feature", "properties": {"highway": "footway", "footway": "sidewalk", "name": null, "surface": "concrete", "lit": "yes", "length_m": 2.45, "type_element": "Way", "__fid": 40226}, "geometry": {"type": "LineString", "coordinates": [[2.3245096, 48.8820556], [2.3245145, 48.8820338]]}}, {"type": "Feature", "properties": {"highway": "footway", "footway": "sidewalk", "name": null, "surface": "asphalt", "lit": "yes", "length_m": 6.81, "type_element": "Way", "__fid": 40227}, "geometry": {"type": "LineString", "coordinates": [[2.3245286, 48.88065730000002], [2.3246089, 48.88068810000002]]}}, {"type": "Feature", "properties": {"highway": "footway", "footway": "sidewalk", "name": null, "surface": "concrete", "lit": "yes", "length_m": 114.36, "type_element": "Way", "__fid": 40228}, "geometry": {"type": "LineString", "coordinates": [[2.3259957, 48.8823554], [2.3245145, 48.8820338]]}}, {"type": "Feature", "properties": {"highway": "footway", "footway": "sidewalk", "name": null, "surface": "concrete", "lit": "yes", "length_m": 5.81, "type_element": "Way", "__fid": 40229}, "geometry": {"type": "LineString", "coordinates": [[2.3245145, 48.8820338], [2.3245263, 48.8819821]]}}, {"type": "Feature", "properties": {"highway": "pedestrian", "footway": null, "name": "Rue de Florence", "surface": "asphalt", "lit": "yes", "length_m": 107.86, "type_element": "Way", "__fid": 40237}, "geometry": {"type": "LineString", "coordinates": [[2.3245263, 48.8819821], [2.3258572, 48.8822734], [2.325924, 48.8822635]]}}, {"type": "Feature", "properties": {"highway": "footway", "footway": "sidewalk", "name": null, "surface": "concrete", "lit": "yes", "length_m": 3.6, "type_element": "Way", "__fid": 40238}, "geometry": {"type": "LineString", "coordinates": [[2.3245263, 48.8819821], [2.3245336, 48.8819501]]}}, {"type": "Feature", "properties": {"highway": "footway", "footway": "sidewalk", "name": null, "surface": null, "lit": null, "length_m": 104.77, "type_element": "Way", "__fid": 40245}, "geometry": {"type": "LineString", "coordinates": [[2.3258912, 48.882218299999984], [2.3258282, 48.8822308], [2.3245336, 48.8819501]]}}, {"type": "Feature", "properties": {"highway": "footway", "footway": "sidewalk", "name": null, "surface": "concrete", "lit": "yes", "length_m": 5.87, "type_element": "Way", "__fid": 40246}, "geometry": {"type": "LineString", "coordinates": [[2.3245336, 48.8819501], [2.3245455, 48.88189790000003]]}}, {"type": "Feature", "properties": {"highway": "footway", "footway": "crossing", "name": null, "surface": "asphalt", "lit": "yes", "length_m": 8.96, "type_element": "Way", "__fid": 40247}, "geometry": {"type": "LineString", "coordinates": [[2.3245498, 48.8808387], [2.3245791, 48.8808529], [2.3246648, 48.8808553]]}}, {"type": "Feature", "properties": {"highway": "footway", "footway": "sidewalk", "name": null, "surface": "asphalt", "lit": "yes", "length_m": 78.22, "type_element": "Way", "__fid": 40254}, "geometry": {"type": "LineString", "coordinates": [[2.3245455, 48.88189790000003], [2.3247166, 48.8812036]]}}, {"type": "Feature", "properties": {"highway": "footway", "footway": "crossing", "name": null, "surface": "asphalt", "lit": "yes", "length_m": 12.15, "type_element": "Way", "__fid": 40255}, "geometry": {"type": "LineString", "coordinates": [[2.3247166, 48.8812036], [2.3245558, 48.8811774]]}}, {"type": "Feature", "properties": {"highway": "footway", "footway": null, "name": null, "surface": "asphalt", "lit": "yes", "length_m": 1.8, "type_element": "Way", "__fid": 40280}, "geometry": {"type": "LineString", "coordinates": [[2.324650424105004, 48.87753249792988], [2.3246293, 48.8775243]]}}, {"type": "Feature", "properties": {"highway": "steps", "footway": null, "name": null, "surface": null, "lit": null, "length_m": 13.67, "type_element": "Way", "__fid": 40281}, "geometry": {"type": "LineString", "coordinates": [[2.3246293, 48.8775243], [2.3247185, 48.8774329], [2.3247363, 48.8774409]]}}, {"type": "Feature", "properties": {"highway": "footway", "footway": "crossing", "name": null, "surface": "asphalt", "lit": "yes", "length_m": 15.88, "type_element": "Way", "__fid": 40322}, "geometry": {"type": "LineString", "coordinates": [[2.3246089, 48.88068810000002], [2.3246843, 48.88078510000001], [2.3246926, 48.8808185]]}}, {"type": "Feature", "properties": {"highway": "footway", "footway": null, "name": null, "surface": null, "lit": null, "length_m": 16.88, "type_element": "Way", "__fid": 40323}, "geometry": {"type": "LineString", "coordinates": [[2.3246089, 48.88068810000002], [2.3247136, 48.880667899999985], [2.3248177, 48.8806272]]}}, {"type": "Feature", "properties": {"highway": "footway", "footway": null, "name": null, "surface": "asphalt", "lit": "yes", "length_m": 12.52, "type_element": "Way", "__fid": 40327}, "geometry": {"type": "LineString", "coordinates": [[2.324797540629518, 48.87758959134139], [2.324650424105004, 48.87753249792988]]}}, {"type": "Feature", "properties": {"highway": "footway", "footway": null, "name": null, "surface": null, "lit": null, "length_m": 11.98, "type_element": "Way", "__fid": 40328}, "geometry": {"type": "LineString", "coordinates": [[2.3247363, 48.8774409], [2.324650424105004, 48.87753249792988]]}}, {"type": "Feature", "properties": {"highway": "steps", "footway": null, "name": null, "surface": null, "lit": null, "length_m": 15.23, "type_element": "Way", "__fid": 40395}, "geometry": {"type": "LineString", "coordinates": [[2.3246947, 48.877685800000016], [2.3247182, 48.877695799999984], [2.3248223, 48.8775992]]}}, {"type": "Feature", "properties": {"highway": "footway", "footway": null, "name": null, "surface": null, "lit": null, "length_m": 13.09, "type_element": "Way", "__fid": 40396}, "geometry": {"type": "LineString", "coordinates": [[2.324797540629518, 48.87758959134139], [2.3246947, 48.877685800000016]]}}, {"type": "Feature", "properties": {"highway": "footway", "footway": "traffic_island", "name": null, "surface": null, "lit": "yes", "length_m": 4.57, "type_element": "Way", "__fid": 40408}, "geometry": {"type": "LineString", "coordinates": [[2.3246926, 48.8808185], [2.3246648, 48.8808553]]}}, {"type": "Feature", "properties": {"highway": "footway", "footway": "traffic_island", "name": null, "surface": "sett", "lit": "yes", "length_m": 2.71, "type_element": "Way", "__fid": 40409}, "geometry": {"type": "LineString", "coordinates": [[2.3246648, 48.8808553], [2.3247017, 48.8808553]]}}, {"type": "Feature", "properties": {"highway": "footway", "footway": null, "name": null, "surface": null, "lit": null, "length_m": 86.45, "type_element": "Way", "__fid": 40415}, "geometry": {"type": "LineString", "coordinates": [[2.3254403, 48.877883900000015], [2.3247034, 48.8784907]]}}, {"type": "Feature", "properties": {"highway": "footway", "footway": null, "name": null, "surface": null, "lit": null, "length_m": 110.98, "type_element": "Way", "__fid": 40430}, "geometry": {"type": "LineString", "coordinates": [[2.325494, 48.8765776], [2.3254565, 48.8766365], [2.3247363, 48.8774409]]}}, {"type": "Feature", "properties": {"highway": "footway", "footway": "traffic_island", "name": null, "surface": "sett", "lit": "yes", "length_m": 4.15, "type_element": "Way", "__fid": 40431}, "geometry": {"type": "LineString", "coordinates": [[2.3246926, 48.8808185], [2.3247017, 48.8808553]]}}, {"type": "Feature", "properties": {"highway": "footway", "footway": "crossing", "name": null, "surface": "asphalt", "lit": "yes", "length_m": 11.1, "type_element": "Way", "__fid": 40437}, "geometry": {"type": "LineString", "coordinates": [[2.3247993, 48.8809316], [2.3247017, 48.8808553]]}}, {"type": "Feature", "properties": {"highway": "footway", "footway": "sidewalk", "name": null, "surface": "sett", "lit": "yes", "length_m": 31.12, "type_element": "Way", "__fid": 40449}, "geometry": {"type": "LineString", "coordinates": [[2.3247166, 48.8812036], [2.3247766, 48.8809526], [2.3247993, 48.8809316]]}}, {"type": "Feature", "properties": {"highway": "footway", "footway": "sidewalk", "name": null, "surface": "asphalt", "lit": "yes", "length_m": 9.44, "type_element": "Way", "__fid": 40450}, "geometry": {"type": "LineString", "coordinates": [[2.3248452, 48.8804291], [2.3248211, 48.880444], [2.3247285, 48.8804282]]}}, {"type": "Feature", "properties": {"highway": "footway", "footway": "traffic_island", "name": null, "surface": null, "lit": "yes", "length_m": 20.52, "type_element": "Way", "__fid": 40451}, "geometry": {"type": "LineString", "coordinates": [[2.3248008, 48.8806048], [2.324764, 48.8805569], [2.3247285, 48.8804282]]}}, {"type": "Feature", "properties": {"highway": "living_street", "footway": null, "name": "Rue de Moscou", "surface": "asphalt", "lit": "yes", "length_m": 8.63, "type_element": "Way", "__fid": 40481}, "geometry": {"type": "LineString", "coordinates": [[2.3248486, 48.880673], [2.3247427, 48.8807069]]}}, {"type": "Feature", "properties": {"highway": "footway", "footway": null, "name": null, "surface": "asphalt", "lit": "yes", "length_m": 2.11, "type_element": "Way", "__fid": 40489}, "geometry": {"type": "LineString", "coordinates": [[2.3248223, 48.8775992], [2.324797540629518, 48.87758959134139]]}}, {"type": "Feature", "properties": {"highway": "footway", "footway": null, "name": null, "surface": null, "lit": null, "length_m": 13.75, "type_element": "Way", "__fid": 40490}, "geometry": {"type": "LineString", "coordinates": [[2.3249056, 48.87748850000001], [2.324797540629518, 48.87758959134139]]}}, {"type": "Feature", "properties": {"highway": "footway", "footway": null, "name": null, "surface": "asphalt", "lit": "yes", "length_m": 10.53, "type_element": "Way", "__fid": 40516}, "geometry": {"type": "LineString", "coordinates": [[2.324946033126404, 48.87764725944742], [2.3248223, 48.8775992]]}}, {"type": "Feature", "properties": {"highway": "steps", "footway": null, "name": null, "surface": null, "lit": null, "length_m": 15.37, "type_element": "Way", "__fid": 40517}, "geometry": {"type": "LineString", "coordinates": [[2.3248223, 48.8775992], [2.324926, 48.8774997], [2.3249056, 48.87748850000001]]}}, {"type": "Feature", "properties": {"highway": "footway", "footway": "traffic_island", "name": null, "surface": null, "lit": "yes", "length_m": 2.78, "type_element": "Way", "__fid": 40538}, "geometry": {"type": "LineString", "coordinates": [[2.3248008, 48.8806048], [2.3248177, 48.8806272]]}}, {"type": "Feature", "properties": {"highway": "footway", "footway": "traffic_island", "name": null, "surface": null, "lit": "yes", "length_m": 8.81, "type_element": "Way", "__fid": 40539}, "geometry": {"type": "LineString", "coordinates": [[2.3249138, 48.8805778], [2.3248008, 48.8806048]]}}, {"type": "Feature", "properties": {"highway": "steps", "footway": null, "name": null, "surface": null, "lit": null, "length_m": 14.43, "type_element": "Way", "__fid": 40542}, "geometry": {"type": "LineString", "coordinates": [[2.3248389, 48.8777392], [2.3248539, 48.8777467], [2.3249621, 48.8776535]]}}, {"type": "Feature", "properties": {"highway": "footway", "footway": null, "name": null, "surface": null, "lit": null, "length_m": 12.89, "type_element": "Way", "__fid": 40543}, "geometry": {"type": "LineString", "coordinates": [[2.324946033126404, 48.87764725944742], [2.3248389, 48.8777392]]}}, {"type": "Feature", "properties": {"highway": "footway", "footway": "sidewalk", "name": null, "surface": "sett", "lit": "yes", "length_m": 4.68, "type_element": "Way", "__fid": 40544}, "geometry": {"type": "LineString", "coordinates": [[2.3247993, 48.8809316], [2.3248574, 48.880949]]}}, {"type": "Feature", "properties": {"highway": "footway", "footway": "crossing", "name": null, "surface": null, "lit": "yes", "length_m": 5.57, "type_element": "Way", "__fid": 40554}, "geometry": {"type": "LineString", "coordinates": [[2.3248486, 48.880673], [2.3248177, 48.8806272]]}}, {"type": "Feature", "properties": {"highway": "footway", "footway": "crossing", "name": null, "surface": null, "lit": "yes", "length_m": 4.6, "type_element": "Way", "__fid": 40567}, "geometry": {"type": "LineString", "coordinates": [[2.3248452, 48.8804291], [2.3249036, 48.8804442]]}}, {"type": "Feature", "properties": {"highway": "footway", "footway": "sidewalk", "name": null, "surface": "asphalt", "lit": "yes", "length_m": 117.56, "type_element": "Way", "__fid": 40568}, "geometry": {"type": "LineString", "coordinates": [[2.3253953, 48.8794374], [2.3253914, 48.8794694], [2.3248452, 48.8804291]]}}, {"type": "Feature", "properties": {"highway": "footway", "footway": "crossing", "name": null, "surface": null, "lit": "yes", "length_m": 7.13, "type_element": "Way", "__fid": 40578}, "geometry": {"type": "LineString", "coordinates": [[2.3248486, 48.880673], [2.3248941, 48.8807297]]}}, {"type": "Feature", "properties": {"highway": "living_street", "footway": null, "name": "Rue de Moscou", "surface": "asphalt", "lit": "yes", "length_m": 7.95, "type_element": "Way", "__fid": 40579}, "geometry": {"type": "LineString", "coordinates": [[2.3249345, 48.8806294], [2.3248486, 48.880673]]}}, {"type": "Feature", "properties": {"highway": "footway", "footway": "sidewalk", "name": null, "surface": "asphalt", "lit": "yes", "length_m": 156.33, "type_element": "Way", "__fid": 40601}, "geometry": {"type": "LineString", "coordinates": [[2.3248574, 48.880949], [2.3258677, 48.8821869]]}}, {"type": "Feature", "properties": {"highway": "footway", "footway": "crossing", "name": null, "surface": "asphalt", "lit": "yes", "length_m": 13.13, "type_element": "Way", "__fid": 40602}, "geometry": {"type": "LineString", "coordinates": [[2.3250103, 48.8808875], [2.3248574, 48.880949]]}}, {"type": "Feature", "properties": {"highway": "footway", "footway": null, "name": null, "surface": null, "lit": null, "length_m": 112.0, "type_element": "Way", "__fid": 40608}, "geometry": {"type": "LineString", "coordinates": [[2.3256901, 48.8766274], [2.3256747, 48.8766735], [2.3249056, 48.87748850000001]]}}, {"type": "Feature", "properties": {"highway": "footway", "footway": "sidewalk", "name": null, "surface": "concrete", "lit": "yes", "length_m": 20.02, "type_element": "Way", "__fid": 40677}, "geometry": {"type": "LineString", "coordinates": [[2.3250103, 48.8808875], [2.3248866, 48.8807413], [2.3248941, 48.8807297]]}}, {"type": "Feature", "properties": {"highway": "footway", "footway": "sidewalk", "name": null, "surface": "concrete", "lit": "yes", "length_m": 26.49, "type_element": "Way", "__fid": 40678}, "geometry": {"type": "LineString", "coordinates": [[2.3248941, 48.8807297], [2.325176, 48.8805807]]}}, {"type": "Feature", "properties": {"highway": "footway", "footway": "crossing", "name": null, "surface": null, "lit": "yes", "length_m": 5.31, "type_element": "Way", "__fid": 40681}, "geometry": {"type": "LineString", "coordinates": [[2.3249036, 48.8804442], [2.324971, 48.88046160000001]]}}, {"type": "Feature", "properties": {"highway": "living_street", "footway": null, "name": "Rue de Turin", "surface": "asphalt", "lit": "yes", "length_m": 15.25, "type_element": "Way", "__fid": 40682}, "geometry": {"type": "LineString", "coordinates": [[2.3249036, 48.8804442], [2.32489, 48.88046840000001], [2.3248884, 48.880505099999986], [2.3249138, 48.8805778]]}}, {"type": "Feature", "properties": {"highway": "living_street", "footway": null, "name": "Rue de Turin", "surface": "asphalt", "lit": "yes", "length_m": 4.62, "type_element": "Way", "__fid": 40683}, "geometry": {"type": "LineString", "coordinates": [[2.3249261, 48.880405400000015], [2.3249036, 48.8804442]]}}, {"type": "Feature", "properties": {"highway": "footway", "footway": null, "name": null, "surface": "asphalt", "lit": "yes", "length_m": 1.37, "type_element": "Way", "__fid": 40684}, "geometry": {"type": "LineString", "coordinates": [[2.3249621, 48.8776535], [2.324946033126404, 48.87764725944742]]}}, {"type": "Feature", "properties": {"highway": "footway", "footway": null, "name": null, "surface": null, "lit": null, "length_m": 13.33, "type_element": "Way", "__fid": 40685}, "geometry": {"type": "LineString", "coordinates": [[2.3250568, 48.87755220000001], [2.324946033126404, 48.87764725944742]]}}, {"type": "Feature", "properties": {"highway": "living_street", "footway": null, "name": "Rue de Turin", "surface": "asphalt", "lit": "yes", "length_m": 5.94, "type_element": "Way", "__fid": 40690}, "geometry": {"type": "LineString", "coordinates": [[2.3249138, 48.8805778], [2.3249345, 48.8806294]]}}, {"type": "Feature", "properties": {"highway": "footway", "footway": "crossing", "name": null, "surface": null, "lit": "yes", "length_m": 4.59, "type_element": "Way", "__fid": 40691}, "geometry": {"type": "LineString", "coordinates": [[2.324973100000117, 48.8805646666668], [2.3249138, 48.8805778]]}}, {"type": "Feature", "properties": {"highway": "footway", "footway": null, "name": null, "surface": "asphalt", "lit": "yes", "length_m": 8.4, "type_element": "Way", "__fid": 40700}, "geometry": {"type": "LineString", "coordinates": [[2.3250589, 48.8776938], [2.3249621, 48.8776535]]}}, {"type": "Feature", "properties": {"highway": "steps", "footway": null, "name": null, "surface": null, "lit": null, "length_m": 14.43, "type_element": "Way", "__fid": 40701}, "geometry": {"type": "LineString", "coordinates": [[2.3249621, 48.8776535], [2.3250707, 48.8775602], [2.3250568, 48.87755220000001]]}}, {"type": "Feature", "properties": {"highway": "pedestrian", "footway": null, "name": "Rue de Moscou", "surface": "asphalt", "lit": "yes", "length_m": 27.67, "type_element": "Way", "__fid": 40711}, "geometry": {"type": "LineString", "coordinates": [[2.3249345, 48.8806294], [2.3252431, 48.8804862]]}}, {"type": "Feature", "properties": {"highway": "steps", "footway": null, "name": null, "surface": null, "lit": null, "length_m": 12.63, "type_element": "Way", "__fid": 40729}, "geometry": {"type": "LineString", "coordinates": [[2.324981, 48.8777882], [2.3249881, 48.8777914], [2.3250881, 48.877706]]}}, {"type": "Feature", "properties": {"highway": "footway", "footway": null, "name": null, "surface": null, "lit": null, "length_m": 11.98, "type_element": "Way", "__fid": 40730}, "geometry": {"type": "LineString", "coordinates": [[2.324981, 48.8777882], [2.32508063126887, 48.87770287950399]]}}, {"type": "Feature", "properties": {"highway": "footway", "footway": "sidewalk", "name": null, "surface": "paving_stones", "lit": "yes", "length_m": 29.85, "type_element": "Way", "__fid": 40747}, "geometry": {"type": "LineString", "coordinates": [[2.3251862, 48.8804762], [2.3250159, 48.8805592], [2.3249805, 48.880563], [2.324955, 48.880508], [2.324971, 48.88046160000001]]}}, {"type": "Feature", "properties": {"highway": "footway", "footway": "sidewalk", "name": null, "surface": "paving_stones", "lit": "yes", "length_m": 119.49, "type_element": "Way", "__fid": 40748}, "geometry": {"type": "LineString", "coordinates": [[2.324971, 48.88046160000001], [2.3255554, 48.8794585]]}}, {"type": "Feature", "properties": {"highway": "footway", "footway": "sidewalk", "name": null, "surface": "concrete", "lit": "yes", "length_m": 157.06, "type_element": "Way", "__fid": 40810}, "geometry": {"type": "LineString", "coordinates": [[2.3260146, 48.882135], [2.3250103, 48.8808875]]}}, {"type": "Feature", "properties": {"highway": "footway", "footway": null, "name": null, "surface": null, "lit": null, "length_m": 115.38, "type_element": "Way", "__fid": 40815}, "geometry": {"type": "LineString", "coordinates": [[2.3258654, 48.8766721], [2.3258559, 48.8767315], [2.3256938, 48.8768942], [2.3252217, 48.8774287], [2.3250568, 48.87755220000001]]}}, {"type": "Feature", "properties": {"highway": "footway", "footway": null, "name": null, "surface": "asphalt", "lit": "yes", "length_m": 1.89, "type_element": "Way", "__fid": 40816}, "geometry": {"type": "LineString", "coordinates": [[2.32508063126887, 48.87770287950399], [2.3250589, 48.8776938]]}}, {"type": "Feature", "properties": {"highway": "footway", "footway": null, "name": null, "surface": null, "lit": null, "length_m": 3.78, "type_element": "Way", "__fid": 40817}, "geometry": {"type": "LineString", "coordinates": [[2.325096178885598, 48.87768956507265], [2.3250737, 48.8776804], [2.3250589, 48.8776938]]}}, {"type": "Feature", "properties": {"highway": "footway", "footway": null, "name": null, "surface": "asphalt", "lit": "yes", "length_m": 0.65, "type_element": "Way", "__fid": 40844}, "geometry": {"type": "LineString", "coordinates": [[2.3250881, 48.877706], [2.32508063126887, 48.87770287950399]]}}, {"type": "Feature", "properties": {"highway": "footway", "footway": null, "name": null, "surface": null, "lit": null, "length_m": 1.87, "type_element": "Way", "__fid": 40845}, "geometry": {"type": "LineString", "coordinates": [[2.32508063126887, 48.87770287950399], [2.325096178885598, 48.87768956507265]]}}, {"type": "Feature", "properties": {"highway": "footway", "footway": null, "name": null, "surface": "asphalt", "lit": "yes", "length_m": 7.82, "type_element": "Way", "__fid": 40852}, "geometry": {"type": "LineString", "coordinates": [[2.3251797, 48.877742], [2.3250881, 48.877706]]}}, {"type": "Feature", "properties": {"highway": "steps", "footway": null, "name": null, "surface": null, "lit": null, "length_m": 13.01, "type_element": "Way", "__fid": 40855}, "geometry": {"type": "LineString", "coordinates": [[2.3250876, 48.8778327], [2.3250779, 48.8778279], [2.3251797, 48.877742]]}}, {"type": "Feature", "properties": {"highway": "footway", "footway": null, "name": null, "surface": null, "lit": null, "length_m": 12.23, "type_element": "Way", "__fid": 40856}, "geometry": {"type": "LineString", "coordinates": [[2.325191180643334, 48.877746472613616], [2.3250876, 48.8778327]]}}, {"type": "Feature", "properties": {"highway": "footway", "footway": null, "name": null, "surface": null, "lit": null, "length_m": 0.89, "type_element": "Way", "__fid": 40860}, "geometry": {"type": "LineString", "coordinates": [[2.325108333333445, 48.87768986666671], [2.325096178885598, 48.87768956507265]]}}, {"type": "Feature", "properties": {"highway": "footway", "footway": null, "name": null, "surface": null, "lit": null, "length_m": 10.42, "type_element": "Way", "__fid": 40861}, "geometry": {"type": "LineString", "coordinates": [[2.325096178885598, 48.87768956507265], [2.3251829, 48.8776153]]}}, {"type": "Feature", "properties": {"highway": "footway", "footway": null, "name": null, "surface": "asphalt", "lit": "yes", "length_m": 8.71, "type_element": "Way", "__fid": 40877}, "geometry": {"type": "LineString", "coordinates": [[2.325108333333445, 48.87768986666671], [2.325208105235703, 48.87773238342593]]}}, {"type": "Feature", "properties": {"highway": "steps", "footway": null, "name": null, "surface": null, "lit": null, "length_m": 10.54, "type_element": "Way", "__fid": 40878}, "geometry": {"type": "LineString", "coordinates": [[2.325108333333445, 48.87768986666671], [2.3251899, 48.877619400000015], [2.3251829, 48.8776153]]}}, {"type": "Feature", "properties": {"highway": "footway", "footway": null, "name": null, "surface": "asphalt", "lit": "yes", "length_m": 0.98, "type_element": "Way", "__fid": 40983}, "geometry": {"type": "LineString", "coordinates": [[2.325191180643334, 48.877746472613616], [2.3251797, 48.877742]]}}, {"type": "Feature", "properties": {"highway": "footway", "footway": null, "name": null, "surface": null, "lit": null, "length_m": 115.72, "type_element": "Way", "__fid": 40987}, "geometry": {"type": "LineString", "coordinates": [[2.3251829, 48.8776153], [2.3253599, 48.8774711], [2.3258547, 48.8769189], [2.3260338, 48.87674079999998]]}}, {"type": "Feature", "properties": {"highway": "footway", "footway": null, "name": null, "surface": "asphalt", "lit": "yes", "length_m": 5.89, "type_element": "Way", "__fid": 41002}, "geometry": {"type": "LineString", "coordinates": [[2.3252603, 48.8777734], [2.325191180643334, 48.877746472613616]]}}, {"type": "Feature", "properties": {"highway": "footway", "footway": null, "name": null, "surface": null, "lit": null, "length_m": 2.0, "type_element": "Way", "__fid": 41003}, "geometry": {"type": "LineString", "coordinates": [[2.325208105235703, 48.87773238342593], [2.325191180643334, 48.877746472613616]]}}, {"type": "Feature", "properties": {"highway": "steps", "footway": null, "name": null, "surface": null, "lit": null, "length_m": 11.33, "type_element": "Way", "__fid": 41015}, "geometry": {"type": "LineString", "coordinates": [[2.325202233333473, 48.87772570000005], [2.3252901, 48.87765159999998], [2.3252995, 48.8776563]]}}, {"type": "Feature", "properties": {"highway": "footway", "footway": null, "name": null, "surface": "asphalt", "lit": "yes", "length_m": 5.64, "type_element": "Way", "__fid": 41020}, "geometry": {"type": "LineString", "coordinates": [[2.325208105235703, 48.87773238342593], [2.3252756, 48.87775660000002]]}}, {"type": "Feature", "properties": {"highway": "footway", "footway": null, "name": null, "surface": null, "lit": null, "length_m": 10.79, "type_element": "Way", "__fid": 41021}, "geometry": {"type": "LineString", "coordinates": [[2.3252995, 48.8776563], [2.325208105235703, 48.87773238342593]]}}, {"type": "Feature", "properties": {"highway": "footway", "footway": "sidewalk", "name": null, "surface": "concrete", "lit": "yes", "length_m": 136.22, "type_element": "Way", "__fid": 41026}, "geometry": {"type": "LineString", "coordinates": [[2.325176, 48.8805807], [2.3269902, 48.88084340000001]]}}, {"type": "Feature", "properties": {"highway": "footway", "footway": "crossing", "name": null, "surface": "paving_stones", "lit": "yes", "length_m": 14.71, "type_element": "Way", "__fid": 41027}, "geometry": {"type": "LineString", "coordinates": [[2.3253417, 48.8805061], [2.325176, 48.8805807]]}}, {"type": "Feature", "properties": {"highway": "footway", "footway": "crossing", "name": null, "surface": null, "lit": "yes", "length_m": 4.32, "type_element": "Way", "__fid": 41032}, "geometry": {"type": "LineString", "coordinates": [[2.3252431, 48.8804862], [2.3251862, 48.8804762]]}}, {"type": "Feature", "properties": {"highway": "footway", "footway": "sidewalk", "name": null, "surface": "sett", "lit": "yes", "length_m": 145.73, "type_element": "Way", "__fid": 41033}, "geometry": {"type": "LineString", "coordinates": [[2.3267614, 48.8796774], [2.3257786, 48.8801678], [2.3251862, 48.8804762]]}}, {"type": "Feature", "properties": {"highway": "steps", "footway": null, "name": null, "surface": null, "lit": null, "length_m": 14.01, "type_element": "Way", "__fid": 41034}, "geometry": {"type": "LineString", "coordinates": [[2.3252206, 48.8778905], [2.3252336, 48.87789650000001], [2.3253343, 48.877802]]}}, {"type": "Feature", "properties": {"highway": "footway", "footway": null, "name": null, "surface": null, "lit": null, "length_m": 12.77, "type_element": "Way", "__fid": 41035}, "geometry": {"type": "LineString", "coordinates": [[2.32532336177981, 48.877797772530634], [2.3252206, 48.8778905]]}}, {"type": "Feature", "properties": {"highway": "footway", "footway": null, "name": null, "surface": "asphalt", "lit": "yes", "length_m": 5.36, "type_element": "Way", "__fid": 41078}, "geometry": {"type": "LineString", "coordinates": [[2.32532336177981, 48.877797772530634], [2.3252603, 48.8777734]]}}, {"type": "Feature", "properties": {"highway": "footway", "footway": null, "name": null, "surface": "asphalt", "lit": "yes", "length_m": 2.18, "type_element": "Way", "__fid": 41079}, "geometry": {"type": "LineString", "coordinates": [[2.3252603, 48.8777734], [2.3252756, 48.87775660000002]]}}, {"type": "Feature", "properties": {"highway": "footway", "footway": null, "name": null, "surface": "asphalt", "lit": "yes", "length_m": 5.57, "type_element": "Way", "__fid": 41091}, "geometry": {"type": "LineString", "coordinates": [[2.3252756, 48.87775660000002], [2.325341595029054, 48.87778135246938]]}}, {"type": "Feature", "properties": {"highway": "footway", "footway": "crossing", "name": null, "surface": null, "lit": "yes", "length_m": 7.56, "type_element": "Way", "__fid": 41092}, "geometry": {"type": "LineString", "coordinates": [[2.3253417, 48.8805061], [2.3252431, 48.8804862]]}}, {"type": "Feature", "properties": {"highway": "pedestrian", "footway": null, "name": "Rue de Moscou", "surface": "asphalt", "lit": "yes", "length_m": 145.68, "type_element": "Way", "__fid": 41093}, "geometry": {"type": "LineString", "coordinates": [[2.3268094, 48.8796914], [2.3261256, 48.8800358], [2.3260634, 48.88009009999998], [2.3258807, 48.880195], [2.325739, 48.8802316], [2.3252431, 48.8804862]]}}, {"type": "Feature", "properties": {"highway": "footway", "footway": null, "name": null, "surface": null, "lit": null, "length_m": 114.2, "type_element": "Way", "__fid": 41118}, "geometry": {"type": "LineString", "coordinates": [[2.3261535, 48.8768015], [2.3261001, 48.8768298], [2.3254913, 48.8774922], [2.3252995, 48.8776563]]}}, {"type": "Feature", "properties": {"highway": "footway", "footway": null, "name": null, "surface": "asphalt", "lit": "yes", "length_m": 0.93, "type_element": "Way", "__fid": 41152}, "geometry": {"type": "LineString", "coordinates": [[2.3253343, 48.877802], [2.32532336177981, 48.877797772530634]]}}, {"type": "Feature", "properties": {"highway": "footway", "footway": null, "name": null, "surface": null, "lit": null, "length_m": 2.26, "type_element": "Way", "__fid": 41153}, "geometry": {"type": "LineString", "coordinates": [[2.325341595029054, 48.87778135246938], [2.32532336177981, 48.877797772530634]]}}, {"type": "Feature", "properties": {"highway": "footway", "footway": null, "name": null, "surface": "asphalt", "lit": "yes", "length_m": 4.14, "type_element": "Way", "__fid": 41162}, "geometry": {"type": "LineString", "coordinates": [[2.3253831, 48.8778207], [2.3253343, 48.877802]]}}, {"type": "Feature", "properties": {"highway": "footway", "footway": null, "name": null, "surface": "asphalt", "lit": "yes", "length_m": 7.37, "type_element": "Way", "__fid": 41168}, "geometry": {"type": "LineString", "coordinates": [[2.325341595029054, 48.87778135246938], [2.325425060000244, 48.87781820000008]]}}, {"type": "Feature", "properties": {"highway": "footway", "footway": null, "name": null, "surface": null, "lit": null, "length_m": 10.68, "type_element": "Way", "__fid": 41169}, "geometry": {"type": "LineString", "coordinates": [[2.3254276, 48.8777039], [2.325341595029054, 48.87778135246938]]}}, {"type": "Feature", "properties": {"highway": "steps", "footway": null, "name": null, "surface": null, "lit": null, "length_m": 11.21, "type_element": "Way", "__fid": 41189}, "geometry": {"type": "LineString", "coordinates": [[2.325358966666723, 48.8777843], [2.3254387, 48.8777088], [2.3254276, 48.8777039]]}}, {"type": "Feature", "properties": {"highway": "footway", "footway": "sidewalk", "name": null, "surface": "asphalt", "lit": "yes", "length_m": 225.98, "type_element": "Way", "__fid": 41203}, "geometry": {"type": "LineString", "coordinates": [[2.3269586, 48.8798293], [2.326994, 48.88072460000002], [2.3269766, 48.88075109999998], [2.3269263, 48.8807517], [2.325401, 48.8805245], [2.3253417, 48.8805061]]}}, {"type": "Feature", "properties": {"highway": "footway", "footway": "sidewalk", "name": null, "surface": "asphalt", "lit": "yes", "length_m": 144.0, "type_element": "Way", "__fid": 41204}, "geometry": {"type": "LineString", "coordinates": [[2.3253417, 48.8805061], [2.3253558, 48.8804867], [2.3268922, 48.87971540000002]]}}, {"type": "Feature", "properties": {"highway": "steps", "footway": null, "name": null, "surface": null, "lit": null, "length_m": 7.6, "type_element": "Way", "__fid": 41211}, "geometry": {"type": "LineString", "coordinates": [[2.325471230520998, 48.87785671430142], [2.3253831, 48.8778207]]}}, {"type": "Feature", "properties": {"highway": "steps", "footway": null, "name": null, "surface": null, "lit": null, "length_m": 7.94, "type_element": "Way", "__fid": 41212}, "geometry": {"type": "LineString", "coordinates": [[2.3253831, 48.8778207], [2.3253987, 48.8778427], [2.325460855200334, 48.8778658334646]]}}, {"type": "Feature", "properties": {"highway": "footway", "footway": null, "name": null, "surface": "asphalt", "lit": "yes", "length_m": 3.09, "type_element": "Way", "__fid": 41213}, "geometry": {"type": "LineString", "coordinates": [[2.325425060000244, 48.87781820000008], [2.3253831, 48.8778207]]}}, {"type": "Feature", "properties": {"highway": "footway", "footway": "crossing", "name": null, "surface": "asphalt", "lit": "yes", "length_m": 11.97, "type_element": "Way", "__fid": 41243}, "geometry": {"type": "LineString", "coordinates": [[2.3253953, 48.8794374], [2.3255554, 48.8794585]]}}, {"type": "Feature", "properties": {"highway": "footway", "footway": "crossing", "name": null, "surface": "asphalt", "lit": "yes", "length_m": 12.61, "type_element": "Way", "__fid": 41244}, "geometry": {"type": "LineString", "coordinates": [[2.3253953, 48.8794374], [2.3254551, 48.8793311]]}}, {"type": "Feature", "properties": {"highway": "steps", "footway": null, "name": null, "surface": null, "lit": null, "length_m": 5.36, "type_element": "Way", "__fid": 41256}, "geometry": {"type": "LineString", "coordinates": [[2.325425060000244, 48.87781820000008], [2.325490007914552, 48.87784021030784]]}}, {"type": "Feature", "properties": {"highway": "steps", "footway": null, "name": null, "surface": null, "lit": null, "length_m": 5.29, "type_element": "Way", "__fid": 41257}, "geometry": {"type": "LineString", "coordinates": [[2.325425060000244, 48.87781820000008], [2.325485571623425, 48.87784410949349]]}}, {"type": "Feature", "properties": {"highway": "footway", "footway": null, "name": null, "surface": null, "lit": null, "length_m": 112.33, "type_element": "Way", "__fid": 41258}, "geometry": {"type": "LineString", "coordinates": [[2.3262682, 48.8768607], [2.3256502, 48.8775156], [2.3254276, 48.8777039]]}}, {"type": "Feature", "properties": {"highway": "footway", "footway": null, "name": null, "surface": null, "lit": null, "length_m": 13.48, "type_element": "Way", "__fid": 41284}, "geometry": {"type": "LineString", "coordinates": [[2.3256107, 48.8779008], [2.3255547, 48.8779141], [2.3255311, 48.8779123], [2.3254403, 48.877883900000015]]}}, {"type": "Feature", "properties": {"highway": "footway", "footway": null, "name": null, "surface": null, "lit": null, "length_m": 2.51, "type_element": "Way", "__fid": 41285}, "geometry": {"type": "LineString", "coordinates": [[2.325460855200334, 48.8778658334646], [2.3254403, 48.877883900000015]]}}, {"type": "Feature", "properties": {"highway": "steps", "footway": null, "name": null, "surface": null, "lit": null, "length_m": 11.97, "type_element": "Way", "__fid": 41323}, "geometry": {"type": "LineString", "coordinates": [[2.325460855200334, 48.8778658334646], [2.3255577, 48.87790050000001], [2.3256107, 48.8779008]]}}, {"type": "Feature", "properties": {"highway": "footway", "footway": null, "name": null, "surface": null, "lit": null, "length_m": 1.27, "type_element": "Way", "__fid": 41324}, "geometry": {"type": "LineString", "coordinates": [[2.325471230520998, 48.87785671430142], [2.325460855200334, 48.8778658334646]]}}, {"type": "Feature", "properties": {"highway": "steps", "footway": null, "name": null, "surface": null, "lit": null, "length_m": 11.42, "type_element": "Way", "__fid": 41354}, "geometry": {"type": "LineString", "coordinates": [[2.325471230520998, 48.87785671430142], [2.3255658, 48.8778926], [2.3256107, 48.8779008]]}}, {"type": "Feature", "properties": {"highway": "footway", "footway": null, "name": null, "surface": null, "lit": null, "length_m": 1.75, "type_element": "Way", "__fid": 41355}, "geometry": {"type": "LineString", "coordinates": [[2.325485571623425, 48.87784410949349], [2.325471230520998, 48.87785671430142]]}}, {"type": "Feature", "properties": {"highway": "footway", "footway": "sidewalk", "name": null, "surface": "sett", "lit": "yes", "length_m": 41.12, "type_element": "Way", "__fid": 41358}, "geometry": {"type": "LineString", "coordinates": [[2.3254551, 48.8793311], [2.3259998, 48.8794186]]}}, {"type": "Feature", "properties": {"highway": "steps", "footway": null, "name": null, "surface": null, "lit": null, "length_m": 11.13, "type_element": "Way", "__fid": 41365}, "geometry": {"type": "LineString", "coordinates": [[2.325485571623425, 48.87784410949349], [2.3256107, 48.8779008]]}}, {"type": "Feature", "properties": {"highway": "footway", "footway": null, "name": null, "surface": null, "lit": null, "length_m": 0.54, "type_element": "Way", "__fid": 41366}, "geometry": {"type": "LineString", "coordinates": [[2.325490007914552, 48.87784021030784], [2.325485571623425, 48.87784410949349]]}}, {"type": "Feature", "properties": {"highway": "steps", "footway": null, "name": null, "surface": null, "lit": null, "length_m": 11.43, "type_element": "Way", "__fid": 41369}, "geometry": {"type": "LineString", "coordinates": [[2.325490007914552, 48.87784021030784], [2.3255855, 48.8778746], [2.3256107, 48.8779008]]}}, {"type": "Feature", "properties": {"highway": "footway", "footway": null, "name": null, "surface": null, "lit": null, "length_m": 4.42, "type_element": "Way", "__fid": 41370}, "geometry": {"type": "LineString", "coordinates": [[2.3255262, 48.8778084], [2.325490007914552, 48.87784021030784]]}}, {"type": "Feature", "properties": {"highway": "footway", "footway": null, "name": null, "surface": null, "lit": null, "length_m": 12.46, "type_element": "Way", "__fid": 41404}, "geometry": {"type": "LineString", "coordinates": [[2.3255262, 48.8778084], [2.3255904, 48.8778493], [2.3256107, 48.8779008]]}}, {"type": "Feature", "properties": {"highway": "footway", "footway": null, "name": null, "surface": null, "lit": null, "length_m": 90.29, "type_element": "Way", "__fid": 41405}, "geometry": {"type": "LineString", "coordinates": [[2.3262005, 48.8771291], [2.3255262, 48.8778084]]}}, {"type": "Feature", "properties": {"highway": "footway", "footway": "sidewalk", "name": null, "surface": "paving_stones", "lit": "yes", "length_m": 90.23, "type_element": "Way", "__fid": 41441}, "geometry": {"type": "LineString", "coordinates": [[2.3255554, 48.8794585], [2.3265494, 48.879618100000016], [2.3267038, 48.8796486], [2.3267438, 48.8796637]]}}, {"type": "Feature", "properties": {"highway": "footway", "footway": null, "name": null, "surface": null, "lit": null, "length_m": 9.36, "type_element": "Way", "__fid": 41482}, "geometry": {"type": "LineString", "coordinates": [[2.3256107, 48.8779008], [2.3257265, 48.8779362]]}}, {"type": "Feature", "properties": {"highway": "footway", "footway": null, "name": null, "surface": null, "lit": null, "length_m": 3.81, "type_element": "Way", "__fid": 41630}, "geometry": {"type": "LineString", "coordinates": [[2.3257265, 48.8779362], [2.3257736, 48.8779507]]}}, {"type": "Feature", "properties": {"highway": "footway", "footway": null, "name": null, "surface": null, "lit": null, "length_m": 21.79, "type_element": "Way", "__fid": 41631}, "geometry": {"type": "LineString", "coordinates": [[2.3257265, 48.8779362], [2.32580259999948, 48.87806016666677], [2.3258874, 48.8780874]]}}, {"type": "Feature", "properties": {"highway": "steps", "footway": null, "name": null, "surface": null, "lit": null, "length_m": 17.46, "type_element": "Way", "__fid": 41668}, "geometry": {"type": "LineString", "coordinates": [[2.3257736, 48.8779507], [2.3258464, 48.8780551], [2.3258874, 48.8780874]]}}, {"type": "Feature", "properties": {"highway": "footway", "footway": null, "name": null, "surface": null, "lit": null, "length_m": 4.62, "type_element": "Way", "__fid": 41765}, "geometry": {"type": "LineString", "coordinates": [[2.3258874, 48.8780874], [2.3259131, 48.8781253]]}}, {"type": "Feature", "properties": {"highway": "footway", "footway": "sidewalk", "name": null, "surface": "paving_stones", "lit": "yes", "length_m": 28.58, "type_element": "Way", "__fid": 41801}, "geometry": {"type": "LineString", "coordinates": [[2.3259131, 48.8781253], [2.3262622, 48.87801109999998]]}}, {"type": "Feature", "properties": {"highway": "footway", "footway": "sidewalk", "name": null, "surface": "asphalt", "lit": null, "length_m": 3.89, "type_element": "Way", "__fid": 41804}, "geometry": {"type": "LineString", "coordinates": [[2.3258677, 48.8821869], [2.3258912, 48.882218299999984]]}}, {"type": "Feature", "properties": {"highway": "footway", "footway": "crossing", "name": null, "surface": "asphalt", "lit": "yes", "length_m": 12.22, "type_element": "Way", "__fid": 41805}, "geometry": {"type": "LineString", "coordinates": [[2.3260146, 48.882135], [2.3258677, 48.8821869]]}}, {"type": "Feature", "properties": {"highway": "footway", "footway": "crossing", "name": null, "surface": null, "lit": "yes", "length_m": 5.57, "type_element": "Way", "__fid": 41828}, "geometry": {"type": "LineString", "coordinates": [[2.3258912, 48.882218299999984], [2.325924, 48.8822635]]}}, {"type": "Feature", "properties": {"highway": "footway", "footway": "sidewalk", "name": null, "surface": "asphalt", "lit": "yes", "length_m": 11.49, "type_element": "Way", "__fid": 41886}, "geometry": {"type": "LineString", "coordinates": [[2.3259957, 48.8823554], [2.325924, 48.8822635]]}}, {"type": "Feature", "properties": {"highway": "pedestrian", "footway": null, "name": "Rue de Florence", "surface": "asphalt", "lit": "yes", "length_m": 5.71, "type_element": "Way", "__fid": 41887}, "geometry": {"type": "LineString", "coordinates": [[2.325924, 48.8822635], [2.3259936, 48.8822404]]}}, {"type": "Feature", "properties": {"highway": "footway", "footway": "sidewalk", "name": null, "surface": "asphalt", "lit": "yes", "length_m": 64.63, "type_element": "Way", "__fid": 41974}, "geometry": {"type": "LineString", "coordinates": [[2.3259998, 48.8794186], [2.3268557, 48.87955679999999]]}}, {"type": "Feature", "properties": {"highway": "service", "footway": null, "name": "Voie E/8", "surface": null, "lit": "yes", "length_m": 6.3, "type_element": "Way", "__fid": 41975}, "geometry": {"type": "LineString", "coordinates": [[2.3260058, 48.879475099999986], [2.3259998, 48.8794186]]}}, {"type": "Feature", "properties": {"highway": "service", "footway": null, "name": "Voie E/8", "surface": null, "lit": "yes", "length_m": 78.7, "type_element": "Way", "__fid": 41976}, "geometry": {"type": "LineString", "coordinates": [[2.3259998, 48.8794186], [2.3259421, 48.8789922], [2.3263656, 48.8790054]]}}, {"type": "Feature", "properties": {"highway": "footway", "footway": "sidewalk", "name": null, "surface": "concrete", "lit": "yes", "length_m": 3.92, "type_element": "Way", "__fid": 42023}, "geometry": {"type": "LineString", "coordinates": [[2.3260233, 48.8823856], [2.3259957, 48.8823554]]}}, {"type": "Feature", "properties": {"highway": "footway", "footway": "sidewalk", "name": null, "surface": "concrete", "lit": "yes", "length_m": 24.71, "type_element": "Way", "__fid": 42043}, "geometry": {"type": "LineString", "coordinates": [[2.3261746, 48.88233059999999], [2.3260146, 48.882135]]}}, {"type": "Feature", "properties": {"highway": "pedestrian", "footway": null, "name": "Cours Paul-Ricard", "surface": "asphalt", "lit": null, "length_m": 11.56, "type_element": "Way", "__fid": 42049}, "geometry": {"type": "LineString", "coordinates": [[2.3260777, 48.8777723], [2.3261626, 48.8776847]]}}, {"type": "Feature", "properties": {"highway": "footway", "footway": "sidewalk", "name": null, "surface": "concrete", "lit": "yes", "length_m": 96.24, "type_element": "Way", "__fid": 42062}, "geometry": {"type": "LineString", "coordinates": [[2.3266279, 48.8831515], [2.3266211, 48.8831184], [2.3260233, 48.8823856]]}}, {"type": "Feature", "properties": {"highway": "footway", "footway": "crossing", "name": null, "surface": "asphalt", "lit": "yes", "length_m": 12.67, "type_element": "Way", "__fid": 42063}, "geometry": {"type": "LineString", "coordinates": [[2.3261746, 48.88233059999999], [2.3260233, 48.8823856]]}}, {"type": "Feature", "properties": {"highway": "service", "footway": null, "name": "Impasse d'Amsterdam", "surface": "paving_stones", "lit": "yes", "length_m": 47.35, "type_element": "Way", "__fid": 42117}, "geometry": {"type": "LineString", "coordinates": [[2.3267773, 48.8778081], [2.3262919, 48.87772860000002], [2.3261626, 48.8776847]]}}, {"type": "Feature", "properties": {"highway": "pedestrian", "footway": null, "name": "Cours Paul-Ricard", "surface": "asphalt", "lit": null, "length_m": 79.13, "type_element": "Way", "__fid": 42118}, "geometry": {"type": "LineString", "coordinates": [[2.3261626, 48.8776847], [2.3266483, 48.8772063], [2.3268542, 48.8772017]]}}, {"type": "Feature", "properties": {"highway": "footway", "footway": null, "name": null, "surface": null, "lit": null, "length_m": 1.66, "type_element": "Way", "__fid": 42155}, "geometry": {"type": "LineString", "coordinates": [[2.3262005, 48.8771291], [2.3262196, 48.8771371]]}}, {"type": "Feature", "properties": {"highway": "footway", "footway": null, "name": null, "surface": null, "lit": null, "length_m": 36.85, "type_element": "Way", "__fid": 42156}, "geometry": {"type": "LineString", "coordinates": [[2.3264432, 48.8768446], [2.3264388, 48.876888500000014], [2.3262005, 48.8771291]]}}, {"type": "Feature", "properties": {"highway": "footway", "footway": "sidewalk", "name": null, "surface": "concrete", "lit": "yes", "length_m": 108.88, "type_element": "Way", "__fid": 42204}, "geometry": {"type": "LineString", "coordinates": [[2.3268712, 48.8831953], [2.3261746, 48.88233059999999]]}}, {"type": "Feature", "properties": {"highway": "footway", "footway": "crossing", "name": null, "surface": "sett", "lit": "yes", "length_m": 11.52, "type_element": "Way", "__fid": 42267}, "geometry": {"type": "LineString", "coordinates": [[2.3262622, 48.87801109999998], [2.3263374, 48.878102100000014]]}}, {"type": "Feature", "properties": {"highway": "footway", "footway": "sidewalk", "name": null, "surface": "paving_stones", "lit": "yes", "length_m": 39.09, "type_element": "Way", "__fid": 42268}, "geometry": {"type": "LineString", "coordinates": [[2.3262622, 48.87801109999998], [2.3267413, 48.877857100000014]]}}, {"type": "Feature", "properties": {"highway": "service", "footway": null, "name": null, "surface": "asphalt", "lit": "yes", "length_m": 35.6, "type_element": "Way", "__fid": 42355}, "geometry": {"type": "LineString", "coordinates": [[2.3268005, 48.8777791], [2.326331, 48.8776979]]}}, {"type": "Feature", "properties": {"highway": "footway", "footway": "sidewalk", "name": null, "surface": "asphalt", "lit": "yes", "length_m": 39.39, "type_element": "Way", "__fid": 42371}, "geometry": {"type": "LineString", "coordinates": [[2.3268227, 48.8779504], [2.3263374, 48.878102100000014]]}}, {"type": "Feature", "properties": {"highway": "footway", "footway": null, "name": null, "surface": null, "lit": null, "length_m": 23.9, "type_element": "Way", "__fid": 42456}, "geometry": {"type": "LineString", "coordinates": [[2.3264432, 48.8768446], [2.326539, 48.8768896], [2.3266391, 48.87701]]}}, {"type": "Feature", "properties": {"highway": "footway", "footway": null, "name": null, "surface": null, "lit": null, "length_m": 6.84, "type_element": "Way", "__fid": 42557}, "geometry": {"type": "LineString", "coordinates": [[2.3266391, 48.87701], [2.3265756, 48.8770443], [2.3265754, 48.87705169999998]]}}]}