{"type": "FeatureCollection", "features": [{"type": "Feature", "properties": {"@id": "node/478535379", "amenity": "drinking_water", "fountain": "bottle_refill", "type_element": "Fontaines à boire", "__fid": 42}, "geometry": {"type": "Point", "coordinates": [2.3428143, 48.8513729]}, "id": "node/478535379"}, {"type": "Feature", "properties": {"@id": "node/765709631", "amenity": "drinking_water", "man_made": "water_tap", "wheelchair": "yes", "type_element": "Fontaines à boire", "__fid": 130}, "geometry": {"type": "Point", "coordinates": [2.336507, 48.8475085]}, "id": "node/765709631"}, {"type": "Feature", "properties": {"@id": "node/5966228685", "access": "yes", "amenity": "drinking_water", "bottle": "yes", "fee": "no", "man_made": "water_tap", "type_element": "Fontaines à boire", "__fid": 590}, "geometry": {"type": "Point", "coordinates": [2.3379507, 48.8474692]}, "id": "node/5966228685"}, {"type": "Feature", "properties": {"@id": "node/7227338803", "amenity": "drinking_water", "man_made": "water_tap", "type_element": "Fontaines à boire", "__fid": 675}, "geometry": {"type": "Point", "coordinates": [2.3443684, 48.8502152]}, "id": "node/7227338803"}, {"type": "Feature", "properties": {"@id": "node/13827520923", "amenity": "drinking_water", "man_made": "water_tap", "type_element": "Fontaines à boire", "__fid": 1069}, "geometry": {"type": "Point", "coordinates": [2.3441465, 48.8507451]}, "id": "node/13827520923"}, {"type": "Feature", "geometry": {"type": "Point", "coordinates": [2.344039, 48.851027]}, "properties": {"id": 2443, "name": "Jardin médiéval du musée de Cluny", "categorie": "Parcs, jardins et bois", "photo_url": "https://cdn.paris.fr/eqpts-prod/2025/07/10/23d01750b8b015cd4d60eb9c301e8b3a.jpg", "photo_credit": "Marius Genin / Ville de Paris", "photo_alt": "Ruines", "address_street": "73 bis boulevard Saint Germain", "address_postcode": "75005", "address_city": "PARIS", "phone": null, "accessibility": "{\"handicaps\": [{\"name\": \"Personnes à mobilité réduite\", \"status\": \"accessible\"}, {\"name\": \"Personnes déficientes visuelles\", \"status\": \"undefined\"}, {\"name\": \"Personnes déficientes auditives\", \"status\": \"undefined\"}, {\"name\": \"Personnes déficientes mentales\", \"status\": \"undefined\"}, {\"name\": \"Accueil en langue des signes\", \"status\": \"undefined\"}], \"additional_info\": \"<p>Espace vert accessible aux personnes à mobilité réduite, mais certaines zones restent difficiles d’accès.</p>\"}", "latitude": 48.851027, "longitude": 2.344039, "url": "https://www.paris.fr/lieux/jardin-medieval-du-musee-de-cluny-2443", "type_element": "Parcs, Jardins et Bois", "__fid": 1117}}, {"type": "Feature", "geometry": {"type": "Point", "coordinates": [2.344327, 48.850337]}, "properties": {"id": 2444, "name": "Square Samuel Paty", "categorie": "Parcs, jardins et bois", "photo_url": "https://cdn.paris.fr/eqpts-prod/2026/04/29/4f18a1ee46f3e95d6e44a950d79f638c.jpg", "photo_credit": "Frédéric Combeau / Ville de Paris", "photo_alt": null, "address_street": "2, place Paul-Painlevé", "address_postcode": "75005", "address_city": "PARIS", "phone": null, "accessibility": "{\"handicaps\": [{\"name\": \"Personnes à mobilité réduite\", \"status\": \"accessible\"}, {\"name\": \"Personnes déficientes visuelles\", \"status\": \"undefined\"}, {\"name\": \"Personnes déficientes auditives\", \"status\": \"undefined\"}, {\"name\": \"Personnes déficientes mentales\", \"status\": \"undefined\"}, {\"name\": \"Accueil en langue des signes\", \"status\": \"undefined\"}]}", "latitude": 48.850337, "longitude": 2.344327, "url": "https://www.paris.fr/lieux/square-samuel-paty-2444", "type_element": "Parcs, Jardins et Bois", "__fid": 1596}}, {"type": "Feature", "geometry": {"type": "Point", "coordinates": [2.335896, 48.851783]}, "properties": {"id": 2919, "name": "Piscine Saint-Germain", "categorie": "Piscines", "photo_url": "https://cdn.paris.fr/eqpts-prod/2023/07/05/242a9434ebf30e27f508d05a21ed9a45.jpg", "photo_credit": "DERECLENNE Baptiste", "photo_alt": null, "address_street": "12, rue Lobineau", "address_postcode": "75006", "address_city": "PARIS", "phone": "0156812540", "accessibility": "{\"handicaps\": [{\"name\": \"Personnes à mobilité réduite\", \"status\": \"accessible\"}, {\"name\": \"Personnes déficientes visuelles\", \"status\": \"undefined\"}, {\"name\": \"Personnes déficientes auditives\", \"status\": \"undefined\"}, {\"name\": \"Personnes déficientes mentales\", \"status\": \"undefined\"}, {\"name\": \"Accueil en langue des signes\", \"status\": \"undefined\"}]}", "latitude": 48.851783, "longitude": 2.335896, "url": "https://www.paris.fr/lieux/piscine-saint-germain-2919", "type_element": "Piscines", "__fid": 1672}}, {"type": "Feature", "properties": {"highway": "footway", "footway": "sidewalk", "name": null, "surface": "asphalt", "lit": "yes", "length_m": 64.49, "type_element": "Way", "__fid": 50076}, "geometry": {"type": "LineString", "coordinates": [[2.3348254, 48.8506493], [2.3348904, 48.8506562], [2.3349226, 48.8506509], [2.3356978, 48.8507069]]}}, {"type": "Feature", "properties": {"highway": "footway", "footway": "path", "name": null, "surface": "concrete", "lit": "no", "length_m": 57.79, "type_element": "Way", "__fid": 50112}, "geometry": {"type": "LineString", "coordinates": [[2.3349113, 48.84761049999999], [2.335698, 48.84758750000002]]}}, {"type": "Feature", "properties": {"highway": "footway", "footway": "path", "name": null, "surface": "compacted", "lit": "no", "length_m": 122.69, "type_element": "Way", "__fid": 50136}, "geometry": {"type": "LineString", "coordinates": [[2.3349428, 48.8481639], [2.3361647, 48.848133800000014], [2.3361727, 48.8480524], [2.3362053, 48.8479712], [2.3362781, 48.847891], [2.336318, 48.8478645]]}}, {"type": "Feature", "properties": {"highway": "footway", "footway": "sidewalk", "name": null, "surface": "asphalt", "lit": "yes", "length_m": 67.12, "type_element": "Way", "__fid": 50186}, "geometry": {"type": "LineString", "coordinates": [[2.3358889, 48.84930910000001], [2.3354088, 48.849272], [2.3349897, 48.8492049]]}}, {"type": "Feature", "properties": {"highway": "footway", "footway": "sidewalk", "name": null, "surface": "paving_stones", "lit": "yes", "length_m": 52.37, "type_element": "Way", "__fid": 50193}, "geometry": {"type": "LineString", "coordinates": [[2.3356777, 48.85081679999998], [2.3349742, 48.8507374]]}}, {"type": "Feature", "properties": {"highway": "living_street", "footway": null, "name": "Rue Palatine", "surface": "asphalt", "lit": "yes", "length_m": 52.45, "type_element": "Way", "__fid": 50203}, "geometry": {"type": "LineString", "coordinates": [[2.3349831, 48.850698], [2.3356931, 48.850752]]}}, {"type": "Feature", "properties": {"highway": "footway", "footway": "sidewalk", "name": null, "surface": "paving_stones", "lit": "yes", "length_m": 65.21, "type_element": "Way", "__fid": 50218}, "geometry": {"type": "LineString", "coordinates": [[2.3358956, 48.8492244], [2.3354557, 48.849197900000014], [2.3350319, 48.8491043]]}}, {"type": "Feature", "properties": {"highway": "footway", "footway": "path", "name": null, "surface": "asphalt", "lit": "no", "length_m": 45.32, "type_element": "Way", "__fid": 50360}, "geometry": {"type": "LineString", "coordinates": [[2.335698, 48.84758750000002], [2.3352784, 48.84728850000002]]}}, {"type": "Feature", "properties": {"highway": "footway", "footway": "sidewalk", "name": null, "surface": "asphalt", "lit": "yes", "length_m": 37.64, "type_element": "Way", "__fid": 50369}, "geometry": {"type": "LineString", "coordinates": [[2.3356906, 48.852955], [2.3356617, 48.8529387], [2.3352198, 48.8528239]]}}, {"type": "Feature", "properties": {"highway": "footway", "footway": "sidewalk", "name": null, "surface": "paving_stones", "lit": "yes", "length_m": 38.96, "type_element": "Way", "__fid": 50403}, "geometry": {"type": "LineString", "coordinates": [[2.3352639, 48.85240379999998], [2.3357931, 48.8524326]]}}, {"type": "Feature", "properties": {"highway": "footway", "footway": "sidewalk", "name": null, "surface": "paving_stones", "lit": "yes", "length_m": 39.53, "type_element": "Way", "__fid": 50417}, "geometry": {"type": "LineString", "coordinates": [[2.3358114, 48.8525127], [2.3353387, 48.852491], [2.3352817, 48.85251139999998]]}}, {"type": "Feature", "properties": {"highway": "footway", "footway": null, "name": null, "surface": "paving_stones", "lit": "yes", "length_m": 35.45, "type_element": "Way", "__fid": 50438}, "geometry": {"type": "LineString", "coordinates": [[2.3357967, 48.8524007], [2.335315, 48.852376499999984]]}}, {"type": "Feature", "properties": {"highway": "footway", "footway": "sidewalk", "name": null, "surface": null, "lit": "yes", "length_m": 37.51, "type_element": "Way", "__fid": 50445}, "geometry": {"type": "LineString", "coordinates": [[2.3358553, 48.8517341], [2.3353455, 48.8517098]]}}, {"type": "Feature", "properties": {"highway": "living_street", "footway": null, "name": "Rue Lobineau", "surface": "asphalt", "lit": "yes", "length_m": 37.36, "type_element": "Way", "__fid": 50452}, "geometry": {"type": "LineString", "coordinates": [[2.3358575, 48.851708], [2.3353502, 48.8516792]]}}, {"type": "Feature", "properties": {"highway": "footway", "footway": "sidewalk", "name": null, "surface": null, "lit": "yes", "length_m": 119.36, "type_element": "Way", "__fid": 50466}, "geometry": {"type": "LineString", "coordinates": [[2.3369785, 48.851734], [2.3367921, 48.8517191], [2.33535760000008, 48.8516453]]}}, {"type": "Feature", "properties": {"highway": "footway", "footway": null, "name": null, "surface": null, "lit": null, "length_m": 33.84, "type_element": "Way", "__fid": 50494}, "geometry": {"type": "LineString", "coordinates": [[2.3353925, 48.8517461], [2.3358522, 48.85177020000001]]}}, {"type": "Feature", "properties": {"highway": "corridor", "footway": null, "name": null, "surface": null, "lit": null, "length_m": 29.05, "type_element": "Way", "__fid": 50508}, "geometry": {"type": "LineString", "coordinates": [[2.3354081, 48.8523111], [2.335802970914431, 48.85232967316504]]}}, {"type": "Feature", "properties": {"highway": "footway", "footway": "sidewalk", "name": null, "surface": null, "lit": "yes", "length_m": 22.65, "type_element": "Way", "__fid": 50518}, "geometry": {"type": "LineString", "coordinates": [[2.3354329, 48.8513423], [2.3357414, 48.85134939999999]]}}, {"type": "Feature", "properties": {"highway": "footway", "footway": "sidewalk", "name": null, "surface": "paving_stones", "lit": "yes", "length_m": 17.08, "type_element": "Way", "__fid": 50526}, "geometry": {"type": "LineString", "coordinates": [[2.3354394, 48.8512621], [2.335671899999986, 48.85126910000011]]}}, {"type": "Feature", "properties": {"highway": "corridor", "footway": null, "name": null, "surface": null, "lit": null, "length_m": 28.66, "type_element": "Way", "__fid": 50527}, "geometry": {"type": "LineString", "coordinates": [[2.335818221024082, 48.85215666928444], [2.3354283, 48.8521411]]}}, {"type": "Feature", "properties": {"highway": "footway", "footway": null, "name": null, "surface": null, "lit": null, "length_m": 29.25, "type_element": "Way", "__fid": 50531}, "geometry": {"type": "LineString", "coordinates": [[2.335429750187523, 48.85212887329938], [2.3358241, 48.8520904]]}}, {"type": "Feature", "properties": {"highway": "footway", "footway": "crossing", "name": null, "surface": "asphalt", "lit": "yes", "length_m": 22.93, "type_element": "Way", "__fid": 50591}, "geometry": {"type": "LineString", "coordinates": [[2.3356656, 48.8533131], [2.3355345, 48.8531836], [2.3354805, 48.8531478]]}}, {"type": "Feature", "properties": {"highway": "footway", "footway": "crossing", "name": null, "surface": "asphalt", "lit": "yes", "length_m": 21.97, "type_element": "Way", "__fid": 50596}, "geometry": {"type": "LineString", "coordinates": [[2.3354852, 48.853094699999986], [2.3355335, 48.8530761], [2.3355965, 48.853026], [2.3357068, 48.8529641]]}}, {"type": "Feature", "properties": {"highway": "footway", "footway": null, "name": null, "surface": "paving_stones", "lit": "yes", "length_m": 14.05, "type_element": "Way", "__fid": 50608}, "geometry": {"type": "LineString", "coordinates": [[2.3356696, 48.8512458], [2.3355261, 48.8511622]]}}, {"type": "Feature", "properties": {"highway": "footway", "footway": "path", "name": null, "surface": "asphalt", "lit": "no", "length_m": 59.45, "type_element": "Way", "__fid": 50716}, "geometry": {"type": "LineString", "coordinates": [[2.336318, 48.8478645], [2.3361765, 48.8477788], [2.3359607, 48.84778810000001], [2.335698, 48.84758750000002]]}}, {"type": "Feature", "properties": {"highway": "footway", "footway": "path", "name": null, "surface": "fine_gravel", "lit": "no", "length_m": 136.69, "type_element": "Way", "__fid": 50717}, "geometry": {"type": "LineString", "coordinates": [[2.335698, 48.84758750000002], [2.336463, 48.84756869999999], [2.3364544, 48.847431], [2.3363268, 48.84740679999998], [2.3362018, 48.847366], [2.336094, 48.8473131], [2.3360187, 48.847261900000014], [2.3359362, 48.8471827], [2.3358865, 48.8471106], [2.3358572, 48.847042]]}}, {"type": "Feature", "properties": {"highway": "footway", "footway": "sidewalk", "name": null, "surface": null, "lit": "yes", "length_m": 2.6, "type_element": "Way", "__fid": 50733}, "geometry": {"type": "LineString", "coordinates": [[2.335671899999986, 48.85126910000011], [2.3356696, 48.8512458]]}}, {"type": "Feature", "properties": {"highway": "footway", "footway": "sidewalk", "name": null, "surface": null, "lit": "yes", "length_m": 47.29, "type_element": "Way", "__fid": 50734}, "geometry": {"type": "LineString", "coordinates": [[2.3356696, 48.8512458], [2.3357139, 48.8508565], [2.3356991, 48.850823]]}}, {"type": "Feature", "properties": {"highway": "footway", "footway": "crossing", "name": null, "surface": "asphalt", "lit": "yes", "length_m": 4.84, "type_element": "Way", "__fid": 50735}, "geometry": {"type": "LineString", "coordinates": [[2.3357373, 48.8512746], [2.335671899999986, 48.85126910000011]]}}, {"type": "Feature", "properties": {"highway": "footway", "footway": "sidewalk", "name": null, "surface": "asphalt", "lit": "yes", "length_m": 1.72, "type_element": "Way", "__fid": 50736}, "geometry": {"type": "LineString", "coordinates": [[2.3356991, 48.850823], [2.3356777, 48.85081679999998]]}}, {"type": "Feature", "properties": {"highway": "footway", "footway": "crossing", "name": null, "surface": "asphalt", "lit": "yes", "length_m": 7.29, "type_element": "Way", "__fid": 50737}, "geometry": {"type": "LineString", "coordinates": [[2.3356777, 48.85081679999998], [2.3356931, 48.850752]]}}, {"type": "Feature", "properties": {"highway": "living_street", "footway": null, "name": "Rue Palatine", "surface": "asphalt", "lit": "yes", "length_m": 7.22, "type_element": "Way", "__fid": 50747}, "geometry": {"type": "LineString", "coordinates": [[2.3356931, 48.850752], [2.3357909, 48.8507594]]}}, {"type": "Feature", "properties": {"highway": "footway", "footway": "crossing", "name": null, "surface": "asphalt", "lit": "yes", "length_m": 5.03, "type_element": "Way", "__fid": 50748}, "geometry": {"type": "LineString", "coordinates": [[2.3356978, 48.8507069], [2.3356931, 48.850752]]}}, {"type": "Feature", "properties": {"highway": "footway", "footway": "sidewalk", "name": null, "surface": "asphalt", "lit": "yes", "length_m": 2.35, "type_element": "Way", "__fid": 50750}, "geometry": {"type": "LineString", "coordinates": [[2.3356978, 48.8507069], [2.335729766666584, 48.85070576666675]]}}, {"type": "Feature", "properties": {"highway": "footway", "footway": "crossing", "name": null, "surface": "asphalt", "lit": "yes", "length_m": 9.84, "type_element": "Way", "__fid": 50754}, "geometry": {"type": "LineString", "coordinates": [[2.3356991, 48.850823], [2.3357105, 48.8508164], [2.335829233333296, 48.85082020000008]]}}, {"type": "Feature", "properties": {"highway": "footway", "footway": "sidewalk", "name": null, "surface": "asphalt", "lit": "yes", "length_m": 1.56, "type_element": "Way", "__fid": 50764}, "geometry": {"type": "LineString", "coordinates": [[2.3357068, 48.8529641], [2.3356906, 48.852955]]}}, {"type": "Feature", "properties": {"highway": "footway", "footway": "sidewalk", "name": null, "surface": "asphalt", "lit": null, "length_m": 1.87, "type_element": "Way", "__fid": 50765}, "geometry": {"type": "LineString", "coordinates": [[2.3356906, 48.852955], [2.3357109, 48.8529449]]}}, {"type": "Feature", "properties": {"highway": "footway", "footway": "crossing", "name": null, "surface": "asphalt", "lit": "yes", "length_m": 7.96, "type_element": "Way", "__fid": 50779}, "geometry": {"type": "LineString", "coordinates": [[2.335729766666584, 48.85070576666675], [2.335837, 48.850716766666814]]}}, {"type": "Feature", "properties": {"highway": "footway", "footway": "sidewalk", "name": null, "surface": "asphalt", "lit": "yes", "length_m": 62.27, "type_element": "Way", "__fid": 50780}, "geometry": {"type": "LineString", "coordinates": [[2.335729766666584, 48.85070576666675], [2.335813599999968, 48.85014850000006]]}}, {"type": "Feature", "properties": {"highway": "footway", "footway": "sidewalk", "name": null, "surface": "asphalt", "lit": "yes", "length_m": 1.57, "type_element": "Way", "__fid": 50785}, "geometry": {"type": "LineString", "coordinates": [[2.3357068, 48.8529641], [2.3357277, 48.852960900000014]]}}, {"type": "Feature", "properties": {"highway": "footway", "footway": "sidewalk", "name": null, "surface": "asphalt", "lit": null, "length_m": 2.16, "type_element": "Way", "__fid": 50788}, "geometry": {"type": "LineString", "coordinates": [[2.3357109, 48.8529449], [2.3357277, 48.852960900000014]]}}, {"type": "Feature", "properties": {"highway": "steps", "footway": null, "name": null, "surface": "asphalt", "lit": null, "length_m": 4.97, "type_element": "Way", "__fid": 50789}, "geometry": {"type": "LineString", "coordinates": [[2.3357109, 48.8529449], [2.3357677, 48.8529205]]}}, {"type": "Feature", "properties": {"highway": "footway", "footway": "sidewalk", "name": null, "surface": "asphalt", "lit": "yes", "length_m": 1.51, "type_element": "Way", "__fid": 50793}, "geometry": {"type": "LineString", "coordinates": [[2.3357373, 48.8512746], [2.3357558, 48.8512805]]}}, {"type": "Feature", "properties": {"highway": "footway", "footway": "sidewalk", "name": null, "surface": null, "lit": "yes", "length_m": 51.86, "type_element": "Way", "__fid": 50794}, "geometry": {"type": "LineString", "coordinates": [[2.335829233333296, 48.85082020000008], [2.3358279, 48.8508823], [2.3357806, 48.8509225], [2.3357762, 48.8509382], [2.3357373, 48.8512746]]}}, {"type": "Feature", "properties": {"highway": "footway", "footway": "sidewalk", "name": null, "surface": null, "lit": "yes", "length_m": 90.84, "type_element": "Way", "__fid": 50800}, "geometry": {"type": "LineString", "coordinates": [[2.3357414, 48.85134939999999], [2.3369604, 48.8514919]]}}, {"type": "Feature", "properties": {"highway": "footway", "footway": "crossing", "name": null, "surface": "asphalt", "lit": "yes", "length_m": 7.73, "type_element": "Way", "__fid": 50801}, "geometry": {"type": "LineString", "coordinates": [[2.3357414, 48.85134939999999], [2.3357558, 48.8512805]]}}, {"type": "Feature", "properties": {"highway": "footway", "footway": "sidewalk", "name": null, "surface": "asphalt", "lit": "yes", "length_m": 2.87, "type_element": "Way", "__fid": 50805}, "geometry": {"type": "LineString", "coordinates": [[2.3357277, 48.852960900000014], [2.3357658, 48.852955]]}}, {"type": "Feature", "properties": {"highway": "footway", "footway": "sidewalk", "name": null, "surface": null, "lit": "yes", "length_m": 90.76, "type_element": "Way", "__fid": 50806}, "geometry": {"type": "LineString", "coordinates": [[2.3357558, 48.8512805], [2.3369732, 48.8514244]]}}, {"type": "Feature", "properties": {"highway": "footway", "footway": "crossing", "name": null, "surface": "asphalt", "lit": "yes", "length_m": 12.48, "type_element": "Way", "__fid": 50834}, "geometry": {"type": "LineString", "coordinates": [[2.3357658, 48.852955], [2.3357846, 48.8529733], [2.3358313, 48.8529893], [2.3359124, 48.8530035]]}}, {"type": "Feature", "properties": {"highway": "footway", "footway": "sidewalk", "name": null, "surface": "asphalt", "lit": "yes", "length_m": 48.89, "type_element": "Way", "__fid": 50835}, "geometry": {"type": "LineString", "coordinates": [[2.3358218, 48.85252219999998], [2.3358242, 48.852585], [2.3357917, 48.8529345], [2.3357658, 48.852955]]}}, {"type": "Feature", "properties": {"highway": "footway", "footway": "crossing", "name": null, "surface": null, "lit": null, "length_m": 7.24, "type_element": "Way", "__fid": 50843}, "geometry": {"type": "LineString", "coordinates": [[2.335813599999968, 48.85014850000006], [2.335911033333315, 48.850158633333415]]}}, {"type": "Feature", "properties": {"highway": "footway", "footway": "sidewalk", "name": null, "surface": "asphalt", "lit": "yes", "length_m": 90.03, "type_element": "Way", "__fid": 50844}, "geometry": {"type": "LineString", "coordinates": [[2.335813599999968, 48.85014850000006], [2.335909, 48.8493413]]}}, {"type": "Feature", "properties": {"highway": "service", "footway": null, "name": null, "surface": "asphalt", "lit": null, "length_m": 5.2, "type_element": "Way", "__fid": 50845}, "geometry": {"type": "LineString", "coordinates": [[2.3357879, 48.8524792], [2.3357931, 48.8524326]]}}, {"type": "Feature", "properties": {"highway": "footway", "footway": "sidewalk", "name": null, "surface": "paving_stones", "lit": "yes", "length_m": 3.43, "type_element": "Way", "__fid": 50848}, "geometry": {"type": "LineString", "coordinates": [[2.3357931, 48.8524326], [2.3358397, 48.8524351]]}}, {"type": "Feature", "properties": {"highway": "service", "footway": null, "name": null, "surface": "asphalt", "lit": null, "length_m": 3.56, "type_element": "Way", "__fid": 50849}, "geometry": {"type": "LineString", "coordinates": [[2.3357931, 48.8524326], [2.3357967, 48.8524007]]}}, {"type": "Feature", "properties": {"highway": "footway", "footway": null, "name": null, "surface": "paving_stones", "lit": "yes", "length_m": 8.09, "type_element": "Way", "__fid": 50850}, "geometry": {"type": "LineString", "coordinates": [[2.3359066, 48.8524062], [2.3357967, 48.8524007]]}}, {"type": "Feature", "properties": {"highway": "service", "footway": null, "name": null, "surface": "asphalt", "lit": null, "length_m": 7.91, "type_element": "Way", "__fid": 50851}, "geometry": {"type": "LineString", "coordinates": [[2.3357967, 48.8524007], [2.335802970914431, 48.85232967316504]]}}, {"type": "Feature", "properties": {"highway": "corridor", "footway": null, "name": null, "surface": null, "lit": null, "length_m": 8.18, "type_element": "Way", "__fid": 50854}, "geometry": {"type": "LineString", "coordinates": [[2.335802970914431, 48.85232967316504], [2.3359141, 48.8523349]]}}, {"type": "Feature", "properties": {"highway": "service", "footway": null, "name": null, "surface": "asphalt", "lit": null, "length_m": 19.27, "type_element": "Way", "__fid": 50855}, "geometry": {"type": "LineString", "coordinates": [[2.335802970914431, 48.85232967316504], [2.335818221024082, 48.85215666928444]]}}, {"type": "Feature", "properties": {"highway": "footway", "footway": "sidewalk", "name": null, "surface": "asphalt", "lit": "yes", "length_m": 11.52, "type_element": "Way", "__fid": 50861}, "geometry": {"type": "LineString", "coordinates": [[2.335837, 48.850716766666814], [2.335829233333296, 48.85082020000008]]}}, {"type": "Feature", "properties": {"highway": "footway", "footway": "sidewalk", "name": null, "surface": "paving_stones", "lit": "yes", "length_m": 1.3, "type_element": "Way", "__fid": 50868}, "geometry": {"type": "LineString", "coordinates": [[2.3358218, 48.85252219999998], [2.3358114, 48.8525127]]}}, {"type": "Feature", "properties": {"highway": "footway", "footway": "crossing", "name": null, "surface": "asphalt", "lit": "yes", "length_m": 8.88, "type_element": "Way", "__fid": 50869}, "geometry": {"type": "LineString", "coordinates": [[2.3358114, 48.8525127], [2.3358397, 48.8524351]]}}, {"type": "Feature", "properties": {"highway": "corridor", "footway": null, "name": null, "surface": null, "lit": null, "length_m": 8.53, "type_element": "Way", "__fid": 50873}, "geometry": {"type": "LineString", "coordinates": [[2.3359342, 48.8521613], [2.335818221024082, 48.85215666928444]]}}, {"type": "Feature", "properties": {"highway": "service", "footway": null, "name": null, "surface": "asphalt", "lit": null, "length_m": 7.38, "type_element": "Way", "__fid": 50874}, "geometry": {"type": "LineString", "coordinates": [[2.335818221024082, 48.85215666928444], [2.3358241, 48.8520904]]}}, {"type": "Feature", "properties": {"highway": "footway", "footway": "sidewalk", "name": null, "surface": "asphalt", "lit": "yes", "length_m": 64.95, "type_element": "Way", "__fid": 50875}, "geometry": {"type": "LineString", "coordinates": [[2.335911033333315, 48.850158633333415], [2.3358949, 48.8503239], [2.3358467, 48.8503608], [2.3358195, 48.85059660000001], [2.3358567, 48.85063349999998], [2.3358446, 48.8507171], [2.335837, 48.850716766666814]]}}, {"type": "Feature", "properties": {"highway": "service", "footway": null, "name": null, "surface": null, "lit": null, "length_m": 8.71, "type_element": "Way", "__fid": 50879}, "geometry": {"type": "LineString", "coordinates": [[2.3358241, 48.8520904], [2.335940800514747, 48.85210451223851]]}}, {"type": "Feature", "properties": {"highway": "service", "footway": null, "name": null, "surface": "asphalt", "lit": null, "length_m": 35.66, "type_element": "Way", "__fid": 50880}, "geometry": {"type": "LineString", "coordinates": [[2.3358241, 48.8520904], [2.3358522, 48.85177020000001]]}}, {"type": "Feature", "properties": {"highway": "service", "footway": null, "name": null, "surface": null, "lit": null, "length_m": 8.7, "type_element": "Way", "__fid": 50881}, "geometry": {"type": "LineString", "coordinates": [[2.3358241, 48.8520904], [2.335942658585363, 48.85208852623949]]}}, {"type": "Feature", "properties": {"highway": "footway", "footway": "crossing", "name": null, "surface": "asphalt", "lit": "yes", "length_m": 8.68, "type_element": "Way", "__fid": 50883}, "geometry": {"type": "LineString", "coordinates": [[2.3358218, 48.85252219999998], [2.335938733333196, 48.852534100000085]]}}, {"type": "Feature", "properties": {"highway": "footway", "footway": "sidewalk", "name": null, "surface": "paving_stones", "lit": "yes", "length_m": 4.67, "type_element": "Way", "__fid": 50906}, "geometry": {"type": "LineString", "coordinates": [[2.3358397, 48.8524351], [2.3359031, 48.8524385]]}}, {"type": "Feature", "properties": {"highway": "footway", "footway": null, "name": null, "surface": null, "lit": null, "length_m": 11.12, "type_element": "Way", "__fid": 50909}, "geometry": {"type": "LineString", "coordinates": [[2.3358522, 48.85177020000001], [2.3360033, 48.8517781]]}}, {"type": "Feature", "properties": {"highway": "service", "footway": null, "name": null, "surface": null, "lit": null, "length_m": 4.02, "type_element": "Way", "__fid": 50910}, "geometry": {"type": "LineString", "coordinates": [[2.3358522, 48.85177020000001], [2.3358553, 48.8517341]]}}, {"type": "Feature", "properties": {"highway": "footway", "footway": "sidewalk", "name": null, "surface": null, "lit": "yes", "length_m": 11.26, "type_element": "Way", "__fid": 50913}, "geometry": {"type": "LineString", "coordinates": [[2.3360083, 48.8517414], [2.3358553, 48.8517341]]}}, {"type": "Feature", "properties": {"highway": "service", "footway": null, "name": null, "surface": null, "lit": null, "length_m": 2.91, "type_element": "Way", "__fid": 50914}, "geometry": {"type": "LineString", "coordinates": [[2.3358553, 48.8517341], [2.3358575, 48.851708]]}}, {"type": "Feature", "properties": {"highway": "living_street", "footway": null, "name": "Rue Lobineau", "surface": "asphalt", "lit": "yes", "length_m": 57.76, "type_element": "Way", "__fid": 50918}, "geometry": {"type": "LineString", "coordinates": [[2.3366427, 48.851743700000014], [2.3358575, 48.851708]]}}, {"type": "Feature", "properties": {"highway": "footway", "footway": "sidewalk", "name": null, "surface": "asphalt", "lit": "yes", "length_m": 4.24, "type_element": "Way", "__fid": 50919}, "geometry": {"type": "LineString", "coordinates": [[2.335909, 48.8493413], [2.3359043, 48.8493153], [2.3358889, 48.84930910000001]]}}, {"type": "Feature", "properties": {"highway": "footway", "footway": "crossing", "name": null, "surface": "asphalt", "lit": "yes", "length_m": 9.43, "type_element": "Way", "__fid": 50920}, "geometry": {"type": "LineString", "coordinates": [[2.3358889, 48.84930910000001], [2.3358956, 48.8492244]]}}, {"type": "Feature", "properties": {"highway": "footway", "footway": "sidewalk", "name": null, "surface": "paving_stones", "lit": "yes", "length_m": 13.21, "type_element": "Way", "__fid": 50930}, "geometry": {"type": "LineString", "coordinates": [[2.3360756, 48.84922739999997], [2.3358956, 48.8492244]]}}, {"type": "Feature", "properties": {"highway": "footway", "footway": "crossing", "name": null, "surface": "asphalt", "lit": "yes", "length_m": 9.86, "type_element": "Way", "__fid": 50935}, "geometry": {"type": "LineString", "coordinates": [[2.335909, 48.8493413], [2.3360424, 48.8493519]]}}, {"type": "Feature", "properties": {"highway": "footway", "footway": "sidewalk", "name": null, "surface": "asphalt", "lit": "yes", "length_m": 90.91, "type_element": "Way", "__fid": 50947}, "geometry": {"type": "LineString", "coordinates": [[2.3360424, 48.8493519], [2.3360116, 48.849396], [2.3359063, 48.8500327], [2.3359264, 48.8500751], [2.335911033333315, 48.850158633333415]]}}, {"type": "Feature", "properties": {"highway": "footway", "footway": null, "name": null, "surface": "paving_stones", "lit": "yes", "length_m": 5.05, "type_element": "Way", "__fid": 50954}, "geometry": {"type": "LineString", "coordinates": [[2.3358984, 48.8524838], [2.3359031, 48.8524385]]}}, {"type": "Feature", "properties": {"highway": "footway", "footway": "crossing", "name": null, "surface": "asphalt", "lit": "yes", "length_m": 5.41, "type_element": "Way", "__fid": 50957}, "geometry": {"type": "LineString", "coordinates": [[2.3358916, 48.8532806], [2.3359603, 48.8532629]]}}, {"type": "Feature", "properties": {"highway": "footway", "footway": "sidewalk", "name": null, "surface": "paving_stones", "lit": "yes", "length_m": 5.38, "type_element": "Way", "__fid": 50958}, "geometry": {"type": "LineString", "coordinates": [[2.3359031, 48.8524385], [2.3359762, 48.85244249999999]]}}, {"type": "Feature", "properties": {"highway": "footway", "footway": null, "name": null, "surface": "paving_stones", "lit": "yes", "length_m": 3.6, "type_element": "Way", "__fid": 50959}, "geometry": {"type": "LineString", "coordinates": [[2.3359031, 48.8524385], [2.3359066, 48.8524062]]}}, {"type": "Feature", "properties": {"highway": "footway", "footway": null, "name": null, "surface": "paving_stones", "lit": "yes", "length_m": 43.7, "type_element": "Way", "__fid": 50960}, "geometry": {"type": "LineString", "coordinates": [[2.3365004, 48.85243650000002], [2.3359066, 48.8524062]]}}, {"type": "Feature", "properties": {"highway": "corridor", "footway": null, "name": null, "surface": null, "lit": null, "length_m": 7.95, "type_element": "Way", "__fid": 50961}, "geometry": {"type": "LineString", "coordinates": [[2.3359066, 48.8524062], [2.3359141, 48.8523349]]}}, {"type": "Feature", "properties": {"highway": "corridor", "footway": null, "name": null, "surface": null, "lit": null, "length_m": 33.01, "type_element": "Way", "__fid": 50968}, "geometry": {"type": "LineString", "coordinates": [[2.3359141, 48.8523349], [2.3363625, 48.85235879999998]]}}, {"type": "Feature", "properties": {"highway": "corridor", "footway": null, "name": null, "surface": null, "lit": null, "length_m": 19.36, "type_element": "Way", "__fid": 50969}, "geometry": {"type": "LineString", "coordinates": [[2.3359141, 48.8523349], [2.3359342, 48.8521613]]}}, {"type": "Feature", "properties": {"highway": "footway", "footway": "sidewalk", "name": null, "surface": "asphalt", "lit": "yes", "length_m": 76.53, "type_element": "Way", "__fid": 50974}, "geometry": {"type": "LineString", "coordinates": [[2.3359124, 48.8530035], [2.3359938, 48.8530335], [2.336884, 48.8528151]]}}, {"type": "Feature", "properties": {"highway": "footway", "footway": "sidewalk", "name": null, "surface": "asphalt", "lit": "yes", "length_m": 52.56, "type_element": "Way", "__fid": 50975}, "geometry": {"type": "LineString", "coordinates": [[2.335938733333196, 48.852534100000085], [2.3358933, 48.85297], [2.3359124, 48.8530035]]}}, {"type": "Feature", "properties": {"highway": "corridor", "footway": null, "name": null, "surface": null, "lit": null, "length_m": 52.44, "type_element": "Way", "__fid": 50983}, "geometry": {"type": "LineString", "coordinates": [[2.3359342, 48.8521613], [2.3363862, 48.8521873], [2.3363625, 48.85235879999998]]}}, {"type": "Feature", "properties": {"highway": "corridor", "footway": null, "name": null, "surface": null, "lit": null, "length_m": 6.33, "type_element": "Way", "__fid": 50984}, "geometry": {"type": "LineString", "coordinates": [[2.3359342, 48.8521613], [2.335940800514747, 48.85210451223851]]}}, {"type": "Feature", "properties": {"highway": "service", "footway": null, "name": null, "surface": null, "lit": null, "length_m": 44.13, "type_element": "Way", "__fid": 50986}, "geometry": {"type": "LineString", "coordinates": [[2.335940800514747, 48.85210451223851], [2.336532354772802, 48.852175926656024]]}}, {"type": "Feature", "properties": {"highway": "corridor", "footway": null, "name": null, "surface": null, "lit": null, "length_m": 1.78, "type_element": "Way", "__fid": 50987}, "geometry": {"type": "LineString", "coordinates": [[2.335940800514747, 48.85210451223851], [2.335942658585363, 48.85208852623949]]}}, {"type": "Feature", "properties": {"highway": "corridor", "footway": null, "name": null, "surface": null, "lit": null, "length_m": 8.1, "type_element": "Way", "__fid": 50988}, "geometry": {"type": "LineString", "coordinates": [[2.335942658585363, 48.85208852623949], [2.3359511, 48.852015899999984]]}}, {"type": "Feature", "properties": {"highway": "service", "footway": null, "name": null, "surface": null, "lit": null, "length_m": 44.11, "type_element": "Way", "__fid": 50989}, "geometry": {"type": "LineString", "coordinates": [[2.335942658585363, 48.85208852623949], [2.336543622682615, 48.85207920940857]]}}, {"type": "Feature", "properties": {"highway": "footway", "footway": "sidewalk", "name": null, "surface": "paving_stones", "lit": "yes", "length_m": 2.6, "type_element": "Way", "__fid": 50990}, "geometry": {"type": "LineString", "coordinates": [[2.335965466666444, 48.852518800000084], [2.335938733333196, 48.852534100000085]]}}, {"type": "Feature", "properties": {"highway": "footway", "footway": "sidewalk", "name": null, "surface": "paving_stones", "lit": "yes", "length_m": 71.75, "type_element": "Way", "__fid": 51010}, "geometry": {"type": "LineString", "coordinates": [[2.33694, 48.8525718], [2.335965466666444, 48.852518800000084]]}}, {"type": "Feature", "properties": {"highway": "footway", "footway": "crossing", "name": null, "surface": "asphalt", "lit": "yes", "length_m": 8.52, "type_element": "Way", "__fid": 51011}, "geometry": {"type": "LineString", "coordinates": [[2.335965466666444, 48.852518800000084], [2.3359762, 48.85244249999999]]}}, {"type": "Feature", "properties": {"highway": "living_street", "footway": null, "name": "Rue de Buci", "surface": "asphalt", "lit": "yes", "length_m": 91.35, "type_element": "Way", "__fid": 51015}, "geometry": {"type": "LineString", "coordinates": [[2.3359603, 48.8532629], [2.3359847, 48.8532981], [2.3363503, 48.8535771], [2.3365089, 48.8536713], [2.3368554, 48.8538207]]}}, {"type": "Feature", "properties": {"highway": "service", "footway": null, "name": "Boulevard Saint-Germain", "surface": "asphalt", "lit": "yes", "length_m": 92.93, "type_element": "Way", "__fid": 51016}, "geometry": {"type": "LineString", "coordinates": [[2.3359603, 48.8532629], [2.3358949, 48.8531684], [2.3361316, 48.8530507], [2.3368965, 48.8528697]]}}, {"type": "Feature", "properties": {"highway": "footway", "footway": "crossing", "name": null, "surface": "asphalt", "lit": "yes", "length_m": 6.19, "type_element": "Way", "__fid": 51017}, "geometry": {"type": "LineString", "coordinates": [[2.3359603, 48.8532629], [2.3360026, 48.8532526], [2.3360404, 48.8532597]]}}, {"type": "Feature", "properties": {"highway": "footway", "footway": "sidewalk", "name": null, "surface": "paving_stones", "lit": "yes", "length_m": 42.48, "type_element": "Way", "__fid": 51020}, "geometry": {"type": "LineString", "coordinates": [[2.3359762, 48.85244249999999], [2.3365532, 48.8524739]]}}, {"type": "Feature", "properties": {"highway": "corridor", "footway": null, "name": null, "surface": null, "lit": null, "length_m": 5.29, "type_element": "Way", "__fid": 51036}, "geometry": {"type": "LineString", "coordinates": [[2.3360033, 48.8517781], [2.3359985, 48.8518256]]}}, {"type": "Feature", "properties": {"highway": "footway", "footway": null, "name": null, "surface": null, "lit": null, "length_m": 41.96, "type_element": "Way", "__fid": 51043}, "geometry": {"type": "LineString", "coordinates": [[2.3360033, 48.8517781], [2.3365737, 48.851805]]}}, {"type": "Feature", "properties": {"highway": "footway", "footway": null, "name": null, "surface": null, "lit": null, "length_m": 4.1, "type_element": "Way", "__fid": 51044}, "geometry": {"type": "LineString", "coordinates": [[2.3360083, 48.8517414], [2.3360033, 48.8517781]]}}, {"type": "Feature", "properties": {"highway": "footway", "footway": "sidewalk", "name": null, "surface": null, "lit": "yes", "length_m": 46.46, "type_element": "Way", "__fid": 51049}, "geometry": {"type": "LineString", "coordinates": [[2.3366394, 48.8517749], [2.3360083, 48.8517414]]}}, {"type": "Feature", "properties": {"highway": "footway", "footway": "sidewalk", "name": null, "surface": "asphalt", "lit": "yes", "length_m": 3.69, "type_element": "Way", "__fid": 51051}, "geometry": {"type": "LineString", "coordinates": [[2.3360766, 48.8493276], [2.3360424, 48.8493519]]}}, {"type": "Feature", "properties": {"highway": "footway", "footway": "sidewalk", "name": null, "surface": "paving_stones", "lit": "yes", "length_m": 28.89, "type_element": "Way", "__fid": 51082}, "geometry": {"type": "LineString", "coordinates": [[2.3360756, 48.84922739999997], [2.3364692, 48.8492336]]}}, {"type": "Feature", "properties": {"highway": "footway", "footway": "crossing", "name": null, "surface": "asphalt", "lit": "yes", "length_m": 11.21, "type_element": "Way", "__fid": 51083}, "geometry": {"type": "LineString", "coordinates": [[2.3360766, 48.8493276], [2.3360689, 48.8493011], [2.3360756, 48.84922739999997]]}}, {"type": "Feature", "properties": {"highway": "footway", "footway": "sidewalk", "name": null, "surface": "asphalt", "lit": "yes", "length_m": 29.22, "type_element": "Way", "__fid": 51087}, "geometry": {"type": "LineString", "coordinates": [[2.336463, 48.8493217], [2.3361098, 48.8493082], [2.3360766, 48.8493276]]}}, {"type": "Feature", "properties": {"highway": "footway", "footway": "sidewalk", "name": null, "surface": "paving_stones", "lit": "yes", "length_m": 84.62, "type_element": "Way", "__fid": 51101}, "geometry": {"type": "LineString", "coordinates": [[2.3368679, 48.8537796], [2.3368096, 48.8537454], [2.3367492, 48.85372510000001], [2.3364059, 48.8535537], [2.3362433, 48.85343750000001], [2.3360404, 48.8532597]]}}, {"type": "Feature", "properties": {"highway": "footway", "footway": "sidewalk", "name": null, "surface": "asphalt", "lit": "yes", "length_m": 67.82, "type_element": "Way", "__fid": 51102}, "geometry": {"type": "LineString", "coordinates": [[2.3360404, 48.8532597], [2.3361387, 48.85321970000002], [2.3368944, 48.8530296]]}}, {"type": "Feature", "properties": {"highway": "footway", "footway": "path", "name": null, "surface": null, "lit": null, "length_m": 15.93, "type_element": "Way", "__fid": 51245}, "geometry": {"type": "LineString", "coordinates": [[2.3362885, 48.8485506], [2.3362392, 48.8484677], [2.3362364, 48.8484135]]}}, {"type": "Feature", "properties": {"highway": "footway", "footway": "path", "name": null, "surface": null, "lit": null, "length_m": 19.83, "type_element": "Way", "__fid": 51246}, "geometry": {"type": "LineString", "coordinates": [[2.3362364, 48.8484135], [2.3362329, 48.8483454], [2.3362958, 48.8482767], [2.3363411, 48.8482757]]}}, {"type": "Feature", "properties": {"highway": "steps", "footway": null, "name": null, "surface": null, "lit": null, "length_m": 6.97, "type_element": "Way", "__fid": 51247}, "geometry": {"type": "LineString", "coordinates": [[2.3362364, 48.8484135], [2.3363313, 48.8484121]]}}, {"type": "Feature", "properties": {"highway": "footway", "footway": "path", "name": null, "surface": null, "lit": null, "length_m": 20.42, "type_element": "Way", "__fid": 51293}, "geometry": {"type": "LineString", "coordinates": [[2.3364884, 48.8486195], [2.3363237, 48.8486218], [2.3362885, 48.8485506]]}}, {"type": "Feature", "properties": {"highway": "footway", "footway": "path", "name": null, "surface": null, "lit": null, "length_m": 14.59, "type_element": "Way", "__fid": 51294}, "geometry": {"type": "LineString", "coordinates": [[2.3364873, 48.8485474], [2.3362885, 48.8485506]]}}, {"type": "Feature", "properties": {"highway": "footway", "footway": "path", "name": null, "surface": "compacted", "lit": "no", "length_m": 24.04, "type_element": "Way", "__fid": 51324}, "geometry": {"type": "LineString", "coordinates": [[2.336318, 48.8478645], [2.3363612, 48.8478357], [2.3364653, 48.847789], [2.336598, 48.8477588]]}}, {"type": "Feature", "properties": {"highway": "steps", "footway": null, "name": null, "surface": null, "lit": null, "length_m": 17.38, "type_element": "Way", "__fid": 51345}, "geometry": {"type": "LineString", "coordinates": [[2.3363313, 48.8484121], [2.3363376, 48.8485237], [2.3364052, 48.8485219]]}}, {"type": "Feature", "properties": {"highway": "steps", "footway": null, "name": null, "surface": null, "lit": null, "length_m": 17.68, "type_element": "Way", "__fid": 51346}, "geometry": {"type": "LineString", "coordinates": [[2.3363313, 48.8484121], [2.3363246, 48.84829490000001], [2.3363878, 48.848293200000015]]}}, {"type": "Feature", "properties": {"highway": "footway", "footway": null, "name": null, "surface": null, "lit": null, "length_m": 52.39, "type_element": "Way", "__fid": 51352}, "geometry": {"type": "LineString", "coordinates": [[2.3365982, 48.8478861], [2.3365252, 48.847901], [2.3364475, 48.84794209999998], [2.3363811, 48.8479977], [2.3363415, 48.848055], [2.3363308, 48.8481287], [2.3363411, 48.8482757]]}}, {"type": "Feature", "properties": {"highway": "footway", "footway": "path", "name": null, "surface": null, "lit": null, "length_m": 21.02, "type_element": "Way", "__fid": 51353}, "geometry": {"type": "LineString", "coordinates": [[2.3363411, 48.8482757], [2.3366274, 48.8482695]]}}, {"type": "Feature", "properties": {"highway": "footway", "footway": "path", "name": null, "surface": null, "lit": null, "length_m": 51.17, "type_element": "Way", "__fid": 51408}, "geometry": {"type": "LineString", "coordinates": [[2.3364052, 48.8485219], [2.3365782, 48.8485175], [2.3365644, 48.8482884], [2.3363878, 48.848293200000015]]}}, {"type": "Feature", "properties": {"highway": "corridor", "footway": null, "name": null, "surface": null, "lit": null, "length_m": 13.31, "type_element": "Way", "__fid": 51431}, "geometry": {"type": "LineString", "coordinates": [[2.3365004, 48.85243650000002], [2.3363625, 48.85235879999998]]}}, {"type": "Feature", "properties": {"highway": "footway", "footway": null, "name": null, "surface": null, "lit": null, "length_m": 8.67, "type_element": "Way", "__fid": 51463}, "geometry": {"type": "LineString", "coordinates": [[2.3365386, 48.852125], [2.3364208, 48.8521193]]}}, {"type": "Feature", "properties": {"highway": "footway", "footway": "sidewalk", "name": null, "surface": "asphalt", "lit": "yes", "length_m": 51.4, "type_element": "Way", "__fid": 51465}, "geometry": {"type": "LineString", "coordinates": [[2.3371613, 48.8493576], [2.336463, 48.8493217]]}}, {"type": "Feature", "properties": {"highway": "footway", "footway": "crossing", "name": null, "surface": "asphalt", "lit": "yes", "length_m": 9.81, "type_element": "Way", "__fid": 51466}, "geometry": {"type": "LineString", "coordinates": [[2.336463, 48.8493217], [2.3364692, 48.8492336]]}}, {"type": "Feature", "properties": {"highway": "footway", "footway": "sidewalk", "name": null, "surface": "paving_stones", "lit": "yes", "length_m": 17.09, "type_element": "Way", "__fid": 51474}, "geometry": {"type": "LineString", "coordinates": [[2.3364692, 48.8492336], [2.3367013, 48.8492457]]}}, {"type": "Feature", "properties": {"highway": "footway", "footway": "path", "name": null, "surface": null, "lit": null, "length_m": 8.02, "type_element": "Way", "__fid": 51479}, "geometry": {"type": "LineString", "coordinates": [[2.3364884, 48.8486195], [2.3364873, 48.8485474]]}}, {"type": "Feature", "properties": {"highway": "footway", "footway": "path", "name": null, "surface": null, "lit": null, "length_m": 11.5, "type_element": "Way", "__fid": 51480}, "geometry": {"type": "LineString", "coordinates": [[2.336644, 48.8485449], [2.3364873, 48.8485474]]}}, {"type": "Feature", "properties": {"highway": "footway", "footway": "path", "name": null, "surface": null, "lit": null, "length_m": 11.76, "type_element": "Way", "__fid": 51483}, "geometry": {"type": "LineString", "coordinates": [[2.336648566666653, 48.84862213333334], [2.3364884, 48.8486195]]}}, {"type": "Feature", "properties": {"highway": "footway", "footway": null, "name": null, "surface": null, "lit": null, "length_m": 8.44, "type_element": "Way", "__fid": 51507}, "geometry": {"type": "LineString", "coordinates": [[2.3365737, 48.851805], [2.3364813, 48.8518502]]}}, {"type": "Feature", "properties": {"highway": "footway", "footway": null, "name": null, "surface": null, "lit": null, "length_m": 5.68, "type_element": "Way", "__fid": 51534}, "geometry": {"type": "LineString", "coordinates": [[2.3365532, 48.8524739], [2.3365004, 48.85243650000002]]}}, {"type": "Feature", "properties": {"highway": "footway", "footway": null, "name": null, "surface": null, "lit": null, "length_m": 29.07, "type_element": "Way", "__fid": 51535}, "geometry": {"type": "LineString", "coordinates": [[2.336532354772802, 48.852175926656024], [2.3365004, 48.85243650000002]]}}, {"type": "Feature", "properties": {"highway": "service", "footway": null, "name": null, "surface": null, "lit": null, "length_m": 3.98, "type_element": "Way", "__fid": 51564}, "geometry": {"type": "LineString", "coordinates": [[2.336532354772802, 48.852175926656024], [2.336585760066446, 48.85218237024128]]}}, {"type": "Feature", "properties": {"highway": "footway", "footway": null, "name": null, "surface": null, "lit": null, "length_m": 5.68, "type_element": "Way", "__fid": 51565}, "geometry": {"type": "LineString", "coordinates": [[2.3365386, 48.852125], [2.336532354772802, 48.852175926656024]]}}, {"type": "Feature", "properties": {"highway": "footway", "footway": null, "name": null, "surface": null, "lit": null, "length_m": 3.92, "type_element": "Way", "__fid": 51570}, "geometry": {"type": "LineString", "coordinates": [[2.336592, 48.8521265], [2.3365386, 48.852125]]}}, {"type": "Feature", "properties": {"highway": "footway", "footway": null, "name": null, "surface": null, "lit": null, "length_m": 5.1, "type_element": "Way", "__fid": 51571}, "geometry": {"type": "LineString", "coordinates": [[2.336543622682615, 48.85207920940857], [2.3365386, 48.852125]]}}, {"type": "Feature", "properties": {"highway": "footway", "footway": "path", "name": null, "surface": null, "lit": null, "length_m": 14.16, "type_element": "Way", "__fid": 51572}, "geometry": {"type": "LineString", "coordinates": [[2.336598, 48.8477588], [2.3365982, 48.8478861]]}}, {"type": "Feature", "properties": {"highway": "footway", "footway": "path", "name": null, "surface": "compacted", "lit": "no", "length_m": 15.81, "type_element": "Way", "__fid": 51573}, "geometry": {"type": "LineString", "coordinates": [[2.336598, 48.8477588], [2.3368134, 48.8477562]]}}, {"type": "Feature", "properties": {"highway": "footway", "footway": null, "name": null, "surface": null, "lit": null, "length_m": 30.57, "type_element": "Way", "__fid": 51575}, "geometry": {"type": "LineString", "coordinates": [[2.3365737, 48.851805], [2.336543622682615, 48.85207920940857]]}}, {"type": "Feature", "properties": {"highway": "service", "footway": null, "name": null, "surface": null, "lit": null, "length_m": 4.03, "type_element": "Way", "__fid": 51576}, "geometry": {"type": "LineString", "coordinates": [[2.336543622682615, 48.85207920940857], [2.336598492260082, 48.852078342510794]]}}, {"type": "Feature", "properties": {"highway": "footway", "footway": "path", "name": null, "surface": null, "lit": null, "length_m": 42.69, "type_element": "Way", "__fid": 51578}, "geometry": {"type": "LineString", "coordinates": [[2.3366274, 48.8482695], [2.3365982, 48.8478861]]}}, {"type": "Feature", "properties": {"highway": "pedestrian", "footway": null, "name": "Rue Félibien", "surface": "paving_stones", "lit": null, "length_m": 4.39, "type_element": "Way", "__fid": 51587}, "geometry": {"type": "LineString", "coordinates": [[2.3365472, 48.8525132], [2.3365532, 48.8524739]]}}, {"type": "Feature", "properties": {"highway": "footway", "footway": "sidewalk", "name": null, "surface": "paving_stones", "lit": "yes", "length_m": 4.36, "type_element": "Way", "__fid": 51594}, "geometry": {"type": "LineString", "coordinates": [[2.3365532, 48.8524739], [2.3366124, 48.8524774]]}}, {"type": "Feature", "properties": {"highway": "pedestrian", "footway": null, "name": "Rue Félibien", "surface": "paving_stones", "lit": null, "length_m": 32.5, "type_element": "Way", "__fid": 51595}, "geometry": {"type": "LineString", "coordinates": [[2.3365532, 48.8524739], [2.336585760066446, 48.85218237024128]]}}, {"type": "Feature", "properties": {"highway": "footway", "footway": null, "name": null, "surface": null, "lit": null, "length_m": 5.87, "type_element": "Way", "__fid": 51612}, "geometry": {"type": "LineString", "coordinates": [[2.3366394, 48.8517749], [2.3365737, 48.851805]]}}, {"type": "Feature", "properties": {"highway": "footway", "footway": "path", "name": null, "surface": null, "lit": null, "length_m": 30.65, "type_element": "Way", "__fid": 51624}, "geometry": {"type": "LineString", "coordinates": [[2.3366274, 48.8482695], [2.336644, 48.8485449]]}}, {"type": "Feature", "properties": {"highway": "service", "footway": null, "name": null, "surface": "asphalt", "lit": null, "length_m": 35.24, "type_element": "Way", "__fid": 51635}, "geometry": {"type": "LineString", "coordinates": [[2.336585760066446, 48.85218237024128], [2.3366117, 48.85218549999998], [2.3366404, 48.8522076], [2.3366124, 48.8524774]]}}, {"type": "Feature", "properties": {"highway": "pedestrian", "footway": null, "name": "Rue Félibien", "surface": "paving_stones", "lit": null, "length_m": 6.23, "type_element": "Way", "__fid": 51636}, "geometry": {"type": "LineString", "coordinates": [[2.336585760066446, 48.85218237024128], [2.336592, 48.8521265]]}}, {"type": "Feature", "properties": {"highway": "pedestrian", "footway": null, "name": "Rue Toustain", "surface": "paving_stones", "lit": null, "length_m": 27.93, "type_element": "Way", "__fid": 51639}, "geometry": {"type": "LineString", "coordinates": [[2.336592, 48.8521265], [2.336972, 48.85214060000001]]}}, {"type": "Feature", "properties": {"highway": "pedestrian", "footway": null, "name": "Rue Félibien", "surface": "paving_stones", "lit": null, "length_m": 5.38, "type_element": "Way", "__fid": 51640}, "geometry": {"type": "LineString", "coordinates": [[2.336592, 48.8521265], [2.336598492260082, 48.852078342510794]]}}, {"type": "Feature", "properties": {"highway": "pedestrian", "footway": null, "name": "Rue Félibien", "surface": "paving_stones", "lit": null, "length_m": 33.87, "type_element": "Way", "__fid": 51646}, "geometry": {"type": "LineString", "coordinates": [[2.336598492260082, 48.852078342510794], [2.3366394, 48.8517749]]}}, {"type": "Feature", "properties": {"highway": "service", "footway": null, "name": null, "surface": "concrete", "lit": null, "length_m": 36.64, "type_element": "Way", "__fid": 51647}, "geometry": {"type": "LineString", "coordinates": [[2.336598492260082, 48.852078342510794], [2.3366265, 48.8520779], [2.3366576, 48.8520622], [2.3366957, 48.8517781]]}}, {"type": "Feature", "properties": {"highway": "footway", "footway": "path", "name": null, "surface": null, "lit": null, "length_m": 8.59, "type_element": "Way", "__fid": 51648}, "geometry": {"type": "LineString", "coordinates": [[2.336644, 48.8485449], [2.336648566666653, 48.84862213333334]]}}, {"type": "Feature", "properties": {"highway": "steps", "footway": null, "name": null, "surface": null, "lit": null, "length_m": 3.3, "type_element": "Way", "__fid": 51649}, "geometry": {"type": "LineString", "coordinates": [[2.336648566666653, 48.84862213333334], [2.3366504, 48.8486518]]}}, {"type": "Feature", "properties": {"highway": "service", "footway": null, "name": null, "surface": "asphalt", "lit": null, "length_m": 4.1, "type_element": "Way", "__fid": 51655}, "geometry": {"type": "LineString", "coordinates": [[2.3366124, 48.8524774], [2.336609, 48.8525142]]}}, {"type": "Feature", "properties": {"highway": "footway", "footway": "sidewalk", "name": null, "surface": null, "lit": "yes", "length_m": 23.6, "type_element": "Way", "__fid": 51658}, "geometry": {"type": "LineString", "coordinates": [[2.3366124, 48.8524774], [2.3369329, 48.852495300000015]]}}, {"type": "Feature", "properties": {"highway": "footway", "footway": "sidewalk", "name": null, "surface": null, "lit": "yes", "length_m": 4.15, "type_element": "Way", "__fid": 51672}, "geometry": {"type": "LineString", "coordinates": [[2.3366957, 48.8517781], [2.3366394, 48.8517749]]}}, {"type": "Feature", "properties": {"highway": "pedestrian", "footway": null, "name": "Rue Félibien", "surface": "asphalt", "lit": null, "length_m": 3.48, "type_element": "Way", "__fid": 51673}, "geometry": {"type": "LineString", "coordinates": [[2.3366394, 48.8517749], [2.3366427, 48.851743700000014]]}}, {"type": "Feature", "properties": {"highway": "living_street", "footway": null, "name": "Rue Lobineau", "surface": "asphalt", "lit": "yes", "length_m": 4.38, "type_element": "Way", "__fid": 51674}, "geometry": {"type": "LineString", "coordinates": [[2.3367021, 48.8517479], [2.3366427, 48.851743700000014]]}}, {"type": "Feature", "properties": {"highway": "service", "footway": null, "name": null, "surface": null, "lit": null, "length_m": 56.2, "type_element": "Way", "__fid": 51683}, "geometry": {"type": "LineString", "coordinates": [[2.3367013, 48.8492457], [2.3366922, 48.8487403]]}}, {"type": "Feature", "properties": {"highway": "footway", "footway": "sidewalk", "name": null, "surface": "paving_stones", "lit": "yes", "length_m": 33.83, "type_element": "Way", "__fid": 51701}, "geometry": {"type": "LineString", "coordinates": [[2.3367013, 48.8492457], [2.3371619, 48.8492332]]}}, {"type": "Feature", "properties": {"highway": "service", "footway": null, "name": null, "surface": null, "lit": null, "length_m": 5.03, "type_element": "Way", "__fid": 51702}, "geometry": {"type": "LineString", "coordinates": [[2.3367022, 48.849290900000014], [2.3367013, 48.8492457]]}}, {"type": "Feature", "properties": {"highway": "footway", "footway": "sidewalk", "name": null, "surface": "paving_stones", "lit": "yes", "length_m": 20.43, "type_element": "Way", "__fid": 51721}, "geometry": {"type": "LineString", "coordinates": [[2.3369732, 48.8517924], [2.3366957, 48.8517781]]}}, {"type": "Feature", "properties": {"highway": "service", "footway": null, "name": null, "surface": "concrete", "lit": null, "length_m": 3.39, "type_element": "Way", "__fid": 51722}, "geometry": {"type": "LineString", "coordinates": [[2.3366957, 48.8517781], [2.3367021, 48.8517479]]}}, {"type": "Feature", "properties": {"highway": "living_street", "footway": null, "name": "Rue Lobineau", "surface": "asphalt", "lit": "yes", "length_m": 20.4, "type_element": "Way", "__fid": 51729}, "geometry": {"type": "LineString", "coordinates": [[2.3369796, 48.8517592], [2.3367021, 48.8517479]]}}, {"type": "Feature", "properties": {"highway": "footway", "footway": "path", "name": null, "surface": "fine_gravel", "lit": "no", "length_m": 56.96, "type_element": "Way", "__fid": 51755}, "geometry": {"type": "LineString", "coordinates": [[2.3368134, 48.8477562], [2.3367803, 48.84724439999999]]}}, {"type": "Feature", "properties": {"highway": "footway", "footway": "path", "name": null, "surface": "compacted", "lit": "no", "length_m": 64.21, "type_element": "Way", "__fid": 51797}, "geometry": {"type": "LineString", "coordinates": [[2.3368134, 48.8477562], [2.3376878, 48.8477361]]}}, {"type": "Feature", "properties": {"highway": "footway", "footway": "sidewalk", "name": null, "surface": "asphalt", "lit": "yes", "length_m": 6.14, "type_element": "Way", "__fid": 51920}, "geometry": {"type": "LineString", "coordinates": [[2.336884, 48.8528151], [2.3368965, 48.8528697]]}}, {"type": "Feature", "properties": {"highway": "footway", "footway": "sidewalk", "name": null, "surface": "asphalt", "lit": "yes", "length_m": 5.52, "type_element": "Way", "__fid": 51921}, "geometry": {"type": "LineString", "coordinates": [[2.336884, 48.8528151], [2.336936, 48.8527792]]}}, {"type": "Feature", "properties": {"highway": "footway", "footway": "sidewalk", "name": null, "surface": null, "lit": "yes", "length_m": 2.32, "type_element": "Way", "__fid": 51934}, "geometry": {"type": "LineString", "coordinates": [[2.3368944, 48.8530296], [2.3369202, 48.8530417]]}}, {"type": "Feature", "properties": {"highway": "footway", "footway": "crossing", "name": null, "surface": "asphalt", "lit": "yes", "length_m": 17.97, "type_element": "Way", "__fid": 51935}, "geometry": {"type": "LineString", "coordinates": [[2.3368944, 48.8530296], [2.3369065, 48.85300990000001], [2.3368965, 48.8528697]]}}, {"type": "Feature", "properties": {"highway": "service", "footway": null, "name": "Boulevard Saint-Germain", "surface": "asphalt", "lit": "yes", "length_m": 17.57, "type_element": "Way", "__fid": 51936}, "geometry": {"type": "LineString", "coordinates": [[2.3368965, 48.8528697], [2.3371193, 48.8528117]]}}, {"type": "Feature", "properties": {"highway": "footway", "footway": "sidewalk", "name": null, "surface": "paving_stones", "lit": "yes", "length_m": 81.59, "type_element": "Way", "__fid": 51946}, "geometry": {"type": "LineString", "coordinates": [[2.3369202, 48.8530417], [2.3368927, 48.8537752]]}}, {"type": "Feature", "properties": {"highway": "footway", "footway": "crossing", "name": null, "surface": null, "lit": "yes", "length_m": 5.84, "type_element": "Way", "__fid": 51957}, "geometry": {"type": "LineString", "coordinates": [[2.3369202, 48.8530417], [2.3369343, 48.8530276], [2.3369864, 48.85301829999999]]}}, {"type": "Feature", "properties": {"highway": "footway", "footway": "crossing", "name": null, "surface": null, "lit": "yes", "length_m": 8.52, "type_element": "Way", "__fid": 51966}, "geometry": {"type": "LineString", "coordinates": [[2.33694, 48.8525718], [2.3369329, 48.852495300000015]]}}, {"type": "Feature", "properties": {"highway": "footway", "footway": "sidewalk", "name": null, "surface": null, "lit": "yes", "length_m": 2.41, "type_element": "Way", "__fid": 51967}, "geometry": {"type": "LineString", "coordinates": [[2.3369329, 48.852495300000015], [2.3369547, 48.8524791]]}}, {"type": "Feature", "properties": {"highway": "footway", "footway": "crossing", "name": null, "surface": "asphalt", "lit": "yes", "length_m": 14.0, "type_element": "Way", "__fid": 51971}, "geometry": {"type": "LineString", "coordinates": [[2.336936, 48.8527792], [2.3370778, 48.85275690000001], [2.3371113, 48.852737]]}}, {"type": "Feature", "properties": {"highway": "footway", "footway": "sidewalk", "name": null, "surface": "paving_stones", "lit": "yes", "length_m": 23.48, "type_element": "Way", "__fid": 51972}, "geometry": {"type": "LineString", "coordinates": [[2.336936, 48.8527792], [2.3369534, 48.852581500000014], [2.33694, 48.8525718]]}}, {"type": "Feature", "properties": {"highway": "footway", "footway": "sidewalk", "name": null, "surface": "asphalt", "lit": "yes", "length_m": 3.19, "type_element": "Way", "__fid": 51979}, "geometry": {"type": "LineString", "coordinates": [[2.3369604, 48.8514919], [2.3369966, 48.8515078]]}}, {"type": "Feature", "properties": {"highway": "footway", "footway": "crossing", "name": null, "surface": "asphalt", "lit": "yes", "length_m": 7.56, "type_element": "Way", "__fid": 51980}, "geometry": {"type": "LineString", "coordinates": [[2.3369604, 48.8514919], [2.3369732, 48.8514244]]}}, {"type": "Feature", "properties": {"highway": "footway", "footway": "crossing", "name": null, "surface": "asphalt", "lit": "yes", "length_m": 9.75, "type_element": "Way", "__fid": 51989}, "geometry": {"type": "LineString", "coordinates": [[2.3369547, 48.8524791], [2.3370865, 48.8524904]]}}, {"type": "Feature", "properties": {"highway": "footway", "footway": "sidewalk", "name": null, "surface": "paving_stones", "lit": "yes", "length_m": 37.66, "type_element": "Way", "__fid": 51990}, "geometry": {"type": "LineString", "coordinates": [[2.3369547, 48.8524791], [2.336972, 48.85214060000001]]}}, {"type": "Feature", "properties": {"highway": "footway", "footway": "sidewalk", "name": null, "surface": "asphalt", "lit": "yes", "length_m": 2.71, "type_element": "Way", "__fid": 51991}, "geometry": {"type": "LineString", "coordinates": [[2.3369732, 48.8514244], [2.337007, 48.8514145]]}}, {"type": "Feature", "properties": {"highway": "footway", "footway": "sidewalk", "name": null, "surface": "paving_stones", "lit": "yes", "length_m": 2.16, "type_element": "Way", "__fid": 51994}, "geometry": {"type": "LineString", "coordinates": [[2.3369849, 48.8518102], [2.3369732, 48.8517924]]}}, {"type": "Feature", "properties": {"highway": "footway", "footway": "crossing", "name": null, "surface": "asphalt", "lit": "yes", "length_m": 3.72, "type_element": "Way", "__fid": 51995}, "geometry": {"type": "LineString", "coordinates": [[2.3369732, 48.8517924], [2.3369796, 48.8517592]]}}, {"type": "Feature", "properties": {"highway": "pedestrian", "footway": null, "name": "Rue Toustain", "surface": "paving_stones", "lit": null, "length_m": 3.73, "type_element": "Way", "__fid": 51996}, "geometry": {"type": "LineString", "coordinates": [[2.336972, 48.85214060000001], [2.3370228, 48.852141900000014]]}}, {"type": "Feature", "properties": {"highway": "footway", "footway": "sidewalk", "name": null, "surface": "paving_stones", "lit": "yes", "length_m": 36.75, "type_element": "Way", "__fid": 51997}, "geometry": {"type": "LineString", "coordinates": [[2.336972, 48.85214060000001], [2.3369849, 48.8518102]]}}, {"type": "Feature", "properties": {"highway": "living_street", "footway": null, "name": "Rue de Seine", "surface": "asphalt", "lit": "yes", "length_m": 85.0, "type_element": "Way", "__fid": 51999}, "geometry": {"type": "LineString", "coordinates": [[2.3369521, 48.8537824], [2.3369864, 48.85301829999999]]}}, {"type": "Feature", "properties": {"highway": "footway", "footway": "crossing", "name": null, "surface": "asphalt", "lit": "yes", "length_m": 2.8, "type_element": "Way", "__fid": 52001}, "geometry": {"type": "LineString", "coordinates": [[2.3369785, 48.851734], [2.3369796, 48.8517592]]}}, {"type": "Feature", "properties": {"highway": "footway", "footway": "sidewalk", "name": null, "surface": "paving_stones", "lit": "yes", "length_m": 3.13, "type_element": "Way", "__fid": 52002}, "geometry": {"type": "LineString", "coordinates": [[2.3369893, 48.8517068], [2.3369785, 48.851734]]}}, {"type": "Feature", "properties": {"highway": "living_street", "footway": null, "name": "Rue Lobineau", "surface": "asphalt", "lit": "yes", "length_m": 5.03, "type_element": "Way", "__fid": 52003}, "geometry": {"type": "LineString", "coordinates": [[2.337048, 48.8517558], [2.3369796, 48.8517592]]}}, {"type": "Feature", "properties": {"highway": "footway", "footway": "crossing", "name": null, "surface": "asphalt", "lit": "yes", "length_m": 9.65, "type_element": "Way", "__fid": 52006}, "geometry": {"type": "LineString", "coordinates": [[2.3369849, 48.8518102], [2.3371157, 48.851818899999984]]}}, {"type": "Feature", "properties": {"highway": "footway", "footway": "sidewalk", "name": null, "surface": "paving_stones", "lit": "yes", "length_m": 22.13, "type_element": "Way", "__fid": 52007}, "geometry": {"type": "LineString", "coordinates": [[2.3369966, 48.8515078], [2.3369893, 48.8517068]]}}, {"type": "Feature", "properties": {"highway": "footway", "footway": "crossing", "name": null, "surface": "asphalt", "lit": "yes", "length_m": 8.3, "type_element": "Way", "__fid": 52008}, "geometry": {"type": "LineString", "coordinates": [[2.3369893, 48.8517068], [2.337102266666581, 48.851703200000124]]}}, {"type": "Feature", "properties": {"highway": "footway", "footway": "crossing", "name": null, "surface": "asphalt", "lit": "yes", "length_m": 7.58, "type_element": "Way", "__fid": 52011}, "geometry": {"type": "LineString", "coordinates": [[2.3369966, 48.8515078], [2.337099266666727, 48.85151546666678]]}}, {"type": "Feature", "properties": {"highway": "living_street", "footway": null, "name": "Rue de Seine", "surface": "asphalt", "lit": "yes", "length_m": 12.94, "type_element": "Way", "__fid": 52021}, "geometry": {"type": "LineString", "coordinates": [[2.3369864, 48.85301829999999], [2.3369916, 48.852902]]}}, {"type": "Feature", "properties": {"highway": "footway", "footway": "crossing", "name": null, "surface": null, "lit": "yes", "length_m": 6.48, "type_element": "Way", "__fid": 52022}, "geometry": {"type": "LineString", "coordinates": [[2.3369864, 48.85301829999999], [2.3370443, 48.8530088], [2.3370721, 48.8530132]]}}, {"type": "Feature", "properties": {"highway": "footway", "footway": "crossing", "name": null, "surface": "asphalt", "lit": "yes", "length_m": 8.0, "type_element": "Way", "__fid": 52023}, "geometry": {"type": "LineString", "coordinates": [[2.337007, 48.8514145], [2.337115333333232, 48.85142230000015]]}}, {"type": "Feature", "properties": {"highway": "footway", "footway": "sidewalk", "name": null, "surface": "paving_stones", "lit": "yes", "length_m": 225.08, "type_element": "Way", "__fid": 52024}, "geometry": {"type": "LineString", "coordinates": [[2.337007, 48.8514145], [2.3371777, 48.8493934]]}}, {"type": "Feature", "properties": {"highway": "footway", "footway": "sidewalk", "name": null, "surface": "paving_stones", "lit": "yes", "length_m": 85.51, "type_element": "Way", "__fid": 52032}, "geometry": {"type": "LineString", "coordinates": [[2.3370721, 48.8530132], [2.337057, 48.85305670000001], [2.33700389999998, 48.85378023333345]]}}, {"type": "Feature", "properties": {"highway": "footway", "footway": "sidewalk", "name": null, "surface": null, "lit": "yes", "length_m": 3.75, "type_element": "Way", "__fid": 52079}, "geometry": {"type": "LineString", "coordinates": [[2.3371093, 48.8529901], [2.3370721, 48.8530132]]}}, {"type": "Feature", "properties": {"highway": "footway", "footway": "sidewalk", "name": null, "surface": "asphalt", "lit": "yes", "length_m": 28.71, "type_element": "Way", "__fid": 52083}, "geometry": {"type": "LineString", "coordinates": [[2.3370865, 48.8524904], [2.3370724, 48.8527137], [2.3371113, 48.852737]]}}, {"type": "Feature", "properties": {"highway": "footway", "footway": "sidewalk", "name": null, "surface": "paving_stones", "lit": "yes", "length_m": 74.7, "type_element": "Way", "__fid": 52084}, "geometry": {"type": "LineString", "coordinates": [[2.3371157, 48.851818899999984], [2.3370865, 48.8524904]]}}, {"type": "Feature", "properties": {"highway": "footway", "footway": "sidewalk", "name": null, "surface": "asphalt", "lit": "yes", "length_m": 21.58, "type_element": "Way", "__fid": 52085}, "geometry": {"type": "LineString", "coordinates": [[2.337099266666727, 48.85151546666678], [2.3371096, 48.85170440000001], [2.337102266666581, 48.851703200000124]]}}, {"type": "Feature", "properties": {"highway": "footway", "footway": "sidewalk", "name": null, "surface": "asphalt", "lit": "yes", "length_m": 6.56, "type_element": "Way", "__fid": 52086}, "geometry": {"type": "LineString", "coordinates": [[2.337169766666489, 48.851501966666696], [2.3371731, 48.8515075], [2.3371247, 48.8515032], [2.337099266666727, 48.85151546666678]]}}, {"type": "Feature", "properties": {"highway": "footway", "footway": "sidewalk", "name": null, "surface": "asphalt", "lit": "yes", "length_m": 3.1, "type_element": "Way", "__fid": 52093}, "geometry": {"type": "LineString", "coordinates": [[2.337102266666581, 48.851703200000124], [2.337129933333356, 48.8517243]]}}, {"type": "Feature", "properties": {"highway": "footway", "footway": "sidewalk", "name": null, "surface": "asphalt", "lit": "yes", "length_m": 7.94, "type_element": "Way", "__fid": 52099}, "geometry": {"type": "LineString", "coordinates": [[2.337115333333232, 48.85142230000015], [2.337124, 48.85142350000002], [2.337119, 48.8514396], [2.3371854, 48.8514445], [2.337184066666731, 48.85144950000002]]}}, {"type": "Feature", "properties": {"highway": "footway", "footway": "sidewalk", "name": null, "surface": "asphalt", "lit": "yes", "length_m": 226.16, "type_element": "Way", "__fid": 52100}, "geometry": {"type": "LineString", "coordinates": [[2.3374727, 48.8494022], [2.3373923, 48.849824], [2.3372179, 48.8508883], [2.337115333333232, 48.85142230000015]]}}, {"type": "Feature", "properties": {"highway": "footway", "footway": "sidewalk", "name": null, "surface": "paving_stones", "lit": "yes", "length_m": 3.29, "type_element": "Way", "__fid": 52101}, "geometry": {"type": "LineString", "coordinates": [[2.3371375, 48.851793], [2.3371157, 48.851818899999984]]}}, {"type": "Feature", "properties": {"highway": "footway", "footway": "sidewalk", "name": null, "surface": "asphalt", "lit": "yes", "length_m": 2.87, "type_element": "Way", "__fid": 52108}, "geometry": {"type": "LineString", "coordinates": [[2.3371113, 48.852737], [2.3371415, 48.8527534]]}}, {"type": "Feature", "properties": {"highway": "footway", "footway": "crossing", "name": null, "surface": "asphalt", "lit": "yes", "length_m": 20.48, "type_element": "Way", "__fid": 52110}, "geometry": {"type": "LineString", "coordinates": [[2.3371093, 48.8529901], [2.3370848, 48.8529597], [2.3371193, 48.8528117]]}}, {"type": "Feature", "properties": {"highway": "footway", "footway": "sidewalk", "name": null, "surface": null, "lit": "yes", "length_m": 47.44, "type_element": "Way", "__fid": 52111}, "geometry": {"type": "LineString", "coordinates": [[2.3377178, 48.852846], [2.3371093, 48.8529901]]}}, {"type": "Feature", "properties": {"highway": "footway", "footway": "crossing", "name": null, "surface": "asphalt", "lit": "yes", "length_m": 7.94, "type_element": "Way", "__fid": 52116}, "geometry": {"type": "LineString", "coordinates": [[2.3371375, 48.851793], [2.3371274, 48.851786], [2.337129933333356, 48.8517243]]}}, {"type": "Feature", "properties": {"highway": "footway", "footway": "sidewalk", "name": null, "surface": null, "lit": "yes", "length_m": 14.37, "type_element": "Way", "__fid": 52117}, "geometry": {"type": "LineString", "coordinates": [[2.337129933333356, 48.8517243], [2.3373256, 48.8517202666667]]}}, {"type": "Feature", "properties": {"highway": "footway", "footway": "crossing", "name": null, "surface": "asphalt", "lit": "yes", "length_m": 13.83, "type_element": "Way", "__fid": 52118}, "geometry": {"type": "LineString", "coordinates": [[2.3371613, 48.8493576], [2.3371619, 48.8492332]]}}, {"type": "Feature", "properties": {"highway": "footway", "footway": "sidewalk", "name": null, "surface": "asphalt", "lit": "yes", "length_m": 45.1, "type_element": "Way", "__fid": 52119}, "geometry": {"type": "LineString", "coordinates": [[2.3371619, 48.8492332], [2.3372168, 48.84919370000003], [2.3374367, 48.8492008], [2.3376505, 48.8491867], [2.337729666666603, 48.84922516666667]]}}, {"type": "Feature", "properties": {"highway": "footway", "footway": "sidewalk", "name": null, "surface": "asphalt", "lit": "yes", "length_m": 4.16, "type_element": "Way", "__fid": 52120}, "geometry": {"type": "LineString", "coordinates": [[2.3371777, 48.8493934], [2.3371613, 48.8493576]]}}, {"type": "Feature", "properties": {"highway": "footway", "footway": "crossing", "name": null, "surface": "asphalt", "lit": "yes", "length_m": 6.68, "type_element": "Way", "__fid": 52123}, "geometry": {"type": "LineString", "coordinates": [[2.3371193, 48.8528117], [2.3371415, 48.8527534]]}}, {"type": "Feature", "properties": {"highway": "service", "footway": null, "name": "Boulevard Saint-Germain", "surface": "asphalt", "lit": "yes", "length_m": 53.69, "type_element": "Way", "__fid": 52124}, "geometry": {"type": "LineString", "coordinates": [[2.3371193, 48.8528117], [2.3378043, 48.85264189999999]]}}, {"type": "Feature", "properties": {"highway": "footway", "footway": "sidewalk", "name": null, "surface": "paving_stones", "lit": "yes", "length_m": 14.21, "type_element": "Way", "__fid": 52127}, "geometry": {"type": "LineString", "coordinates": [[2.3373306, 48.8517831], [2.3371375, 48.851793]]}}, {"type": "Feature", "properties": {"highway": "footway", "footway": "crossing", "name": null, "surface": "asphalt", "lit": "yes", "length_m": 21.67, "type_element": "Way", "__fid": 52137}, "geometry": {"type": "LineString", "coordinates": [[2.3371777, 48.8493934], [2.3374727, 48.8494022]]}}, {"type": "Feature", "properties": {"highway": "footway", "footway": "sidewalk", "name": null, "surface": "asphalt", "lit": "yes", "length_m": 37.71, "type_element": "Way", "__fid": 52139}, "geometry": {"type": "LineString", "coordinates": [[2.3371415, 48.8527534], [2.3376182, 48.852626700000016]]}}, {"type": "Feature", "properties": {"highway": "footway", "footway": "sidewalk", "name": null, "surface": null, "lit": "yes", "length_m": 72.09, "type_element": "Way", "__fid": 52145}, "geometry": {"type": "LineString", "coordinates": [[2.338147, 48.8515685], [2.337169766666489, 48.851501966666696]]}}, {"type": "Feature", "properties": {"highway": "footway", "footway": "crossing", "name": null, "surface": "asphalt", "lit": "yes", "length_m": 5.93, "type_element": "Way", "__fid": 52146}, "geometry": {"type": "LineString", "coordinates": [[2.337169766666489, 48.851501966666696], [2.337184066666731, 48.85144950000002]]}}, {"type": "Feature", "properties": {"highway": "footway", "footway": "sidewalk", "name": null, "surface": null, "lit": "yes", "length_m": 69.22, "type_element": "Way", "__fid": 52166}, "geometry": {"type": "LineString", "coordinates": [[2.337184066666731, 48.85144950000002], [2.3380326, 48.8514994], [2.3381222, 48.85148749999998]]}}, {"type": "Feature", "properties": {"highway": "footway", "footway": "crossing", "name": null, "surface": "asphalt", "lit": "yes", "length_m": 7.0, "type_element": "Way", "__fid": 52279}, "geometry": {"type": "LineString", "coordinates": [[2.3373306, 48.8517831], [2.3373256, 48.8517202666667]]}}, {"type": "Feature", "properties": {"highway": "footway", "footway": "sidewalk", "name": null, "surface": "paving_stones", "lit": "yes", "length_m": 70.9, "type_element": "Way", "__fid": 52280}, "geometry": {"type": "LineString", "coordinates": [[2.3373256, 48.8517202666667], [2.3382231, 48.8517039], [2.3382546, 48.8516977], [2.3382801, 48.8516814]]}}, {"type": "Feature", "properties": {"highway": "footway", "footway": "sidewalk", "name": null, "surface": "paving_stones", "lit": "yes", "length_m": 2.66, "type_element": "Way", "__fid": 52285}, "geometry": {"type": "LineString", "coordinates": [[2.3373662, 48.85178769999999], [2.3373306, 48.8517831]]}}, {"type": "Feature", "properties": {"highway": "footway", "footway": "sidewalk", "name": null, "surface": null, "lit": "yes", "length_m": 96.95, "type_element": "Way", "__fid": 52335}, "geometry": {"type": "LineString", "coordinates": [[2.3376182, 48.852626700000016], [2.3376343, 48.8525839], [2.3376068, 48.8524705], [2.3375834, 48.8524251], [2.3375599, 48.8524066], [2.3375157, 48.8522993], [2.3375271, 48.852273799999985], [2.3374518, 48.852063], [2.3373856, 48.8517945], [2.3373662, 48.85178769999999]]}}, {"type": "Feature", "properties": {"highway": "footway", "footway": "crossing", "name": null, "surface": "asphalt", "lit": "yes", "length_m": 5.3, "type_element": "Way", "__fid": 52336}, "geometry": {"type": "LineString", "coordinates": [[2.3373662, 48.85178769999999], [2.3373762, 48.8517815], [2.337434699999988, 48.85178276666669]]}}, {"type": "Feature", "properties": {"highway": "footway", "footway": "sidewalk", "name": null, "surface": null, "lit": "yes", "length_m": 93.08, "type_element": "Way", "__fid": 52416}, "geometry": {"type": "LineString", "coordinates": [[2.3377648, 48.85258669999998], [2.3377242, 48.8525442], [2.3375364, 48.8520695], [2.3374831, 48.851984], [2.337434699999988, 48.85178276666669]]}}, {"type": "Feature", "properties": {"highway": "footway", "footway": "sidewalk", "name": null, "surface": "paving_stones", "lit": "yes", "length_m": 65.43, "type_element": "Way", "__fid": 52417}, "geometry": {"type": "LineString", "coordinates": [[2.337434699999988, 48.85178276666669], [2.338325466666687, 48.85175750000001]]}}, {"type": "Feature", "properties": {"highway": "footway", "footway": "sidewalk", "name": null, "surface": "asphalt", "lit": "yes", "length_m": 22.07, "type_element": "Way", "__fid": 52426}, "geometry": {"type": "LineString", "coordinates": [[2.3377611, 48.849351], [2.3377249, 48.84934970000001], [2.3374727, 48.8494022]]}}, {"type": "Feature", "properties": {"highway": "footway", "footway": "path", "name": null, "surface": "fine_gravel", "lit": "no", "length_m": 57.42, "type_element": "Way", "__fid": 52603}, "geometry": {"type": "LineString", "coordinates": [[2.3376575, 48.8472201], [2.3376878, 48.8477361]]}}, {"type": "Feature", "properties": {"highway": "footway", "footway": "crossing", "name": null, "surface": "asphalt", "lit": "yes", "length_m": 11.64, "type_element": "Way", "__fid": 52630}, "geometry": {"type": "LineString", "coordinates": [[2.3376182, 48.852626700000016], [2.3377648, 48.85258669999998]]}}, {"type": "Feature", "properties": {"highway": "footway", "footway": "path", "name": null, "surface": "compacted", "lit": "no", "length_m": 51.04, "type_element": "Way", "__fid": 52640}, "geometry": {"type": "LineString", "coordinates": [[2.3376878, 48.8477361], [2.3379055, 48.8477354], [2.3380524, 48.8477664], [2.3381783, 48.8478166], [2.3382928, 48.8479052]]}}, {"type": "Feature", "properties": {"highway": "footway", "footway": "crossing", "name": null, "surface": "asphalt", "lit": "yes", "length_m": 14.18, "type_element": "Way", "__fid": 52699}, "geometry": {"type": "LineString", "coordinates": [[2.3377611, 48.849351], [2.337729666666603, 48.84922516666667]]}}, {"type": "Feature", "properties": {"highway": "footway", "footway": "sidewalk", "name": null, "surface": "asphalt", "lit": "yes", "length_m": 47.34, "type_element": "Way", "__fid": 52700}, "geometry": {"type": "LineString", "coordinates": [[2.337729666666603, 48.84922516666667], [2.3379842, 48.8492107], [2.3380271, 48.849158], [2.338313, 48.8491004]]}}, {"type": "Feature", "properties": {"highway": "footway", "footway": "sidewalk", "name": null, "surface": "asphalt", "lit": "yes", "length_m": 1.23, "type_element": "Way", "__fid": 52734}, "geometry": {"type": "LineString", "coordinates": [[2.3377758, 48.8493563], [2.3377611, 48.849351]]}}, {"type": "Feature", "properties": {"highway": "footway", "footway": "sidewalk", "name": null, "surface": null, "lit": "yes", "length_m": 98.4, "type_element": "Way", "__fid": 52737}, "geometry": {"type": "LineString", "coordinates": [[2.3379143, 48.8537108], [2.3379321, 48.8536746], [2.3378144, 48.8530658], [2.3377882, 48.852951], [2.3377426, 48.8529107], [2.3377178, 48.852846]]}}, {"type": "Feature", "properties": {"highway": "footway", "footway": "sidewalk", "name": null, "surface": null, "lit": "yes", "length_m": 4.99, "type_element": "Way", "__fid": 52738}, "geometry": {"type": "LineString", "coordinates": [[2.3377178, 48.852846], [2.337773, 48.8528198]]}}, {"type": "Feature", "properties": {"highway": "footway", "footway": "sidewalk", "name": null, "surface": "asphalt", "lit": "yes", "length_m": 59.66, "type_element": "Way", "__fid": 52757}, "geometry": {"type": "LineString", "coordinates": [[2.3378737, 48.84988890000002], [2.3377758, 48.8493563]]}}, {"type": "Feature", "properties": {"highway": "footway", "footway": "crossing", "name": null, "surface": "asphalt", "lit": "yes", "length_m": 9.81, "type_element": "Way", "__fid": 52758}, "geometry": {"type": "LineString", "coordinates": [[2.3377758, 48.8493563], [2.3378976, 48.84931990000001]]}}, {"type": "Feature", "properties": {"highway": "pedestrian", "footway": null, "name": "Rue Grégoire de Tours", "surface": "asphalt", "lit": "yes", "length_m": 10.93, "type_element": "Way", "__fid": 52761}, "geometry": {"type": "LineString", "coordinates": [[2.3377361, 48.8527246], [2.337773, 48.8528198]]}}, {"type": "Feature", "properties": {"highway": "footway", "footway": "sidewalk", "name": null, "surface": "asphalt", "lit": "yes", "length_m": 2.16, "type_element": "Way", "__fid": 52788}, "geometry": {"type": "LineString", "coordinates": [[2.3377926, 48.8525932], [2.3377648, 48.85258669999998]]}}, {"type": "Feature", "properties": {"highway": "pedestrian", "footway": null, "name": "Rue Grégoire de Tours", "surface": "asphalt", "lit": "yes", "length_m": 100.15, "type_element": "Way", "__fid": 52804}, "geometry": {"type": "LineString", "coordinates": [[2.337773, 48.8528198], [2.3378157, 48.8529298], [2.3379682, 48.853710499999984]]}}, {"type": "Feature", "properties": {"highway": "footway", "footway": "sidewalk", "name": null, "surface": "asphalt", "lit": "yes", "length_m": 4.77, "type_element": "Way", "__fid": 52805}, "geometry": {"type": "LineString", "coordinates": [[2.337773, 48.8528198], [2.337838, 48.8528178]]}}, {"type": "Feature", "properties": {"highway": "footway", "footway": "sidewalk", "name": null, "surface": "asphalt", "lit": "yes", "length_m": 5.48, "type_element": "Way", "__fid": 52830}, "geometry": {"type": "LineString", "coordinates": [[2.3377926, 48.8525932], [2.3378043, 48.85264189999999]]}}, {"type": "Feature", "properties": {"highway": "footway", "footway": "sidewalk", "name": null, "surface": "asphalt", "lit": "yes", "length_m": 63.63, "type_element": "Way", "__fid": 52831}, "geometry": {"type": "LineString", "coordinates": [[2.3386062, 48.8523952], [2.3377926, 48.8525932]]}}, {"type": "Feature", "properties": {"highway": "footway", "footway": "crossing", "name": null, "surface": "asphalt", "lit": "yes", "length_m": 18.16, "type_element": "Way", "__fid": 52841}, "geometry": {"type": "LineString", "coordinates": [[2.3378043, 48.85264189999999], [2.337858, 48.8528013]]}}, {"type": "Feature", "properties": {"highway": "service", "footway": null, "name": "Boulevard Saint-Germain", "surface": "asphalt", "lit": "yes", "length_m": 63.09, "type_element": "Way", "__fid": 52842}, "geometry": {"type": "LineString", "coordinates": [[2.3378043, 48.85264189999999], [2.3386125, 48.852448299999985]]}}, {"type": "Feature", "properties": {"highway": "footway", "footway": "crossing", "name": null, "surface": "asphalt", "lit": "yes", "length_m": 8.1, "type_element": "Way", "__fid": 52874}, "geometry": {"type": "LineString", "coordinates": [[2.3378737, 48.84988890000002], [2.3379839, 48.849884200000055]]}}, {"type": "Feature", "properties": {"highway": "footway", "footway": "sidewalk", "name": null, "surface": null, "lit": "yes", "length_m": 60.31, "type_element": "Way", "__fid": 52875}, "geometry": {"type": "LineString", "coordinates": [[2.3379629, 48.850428100000016], [2.3378737, 48.84988890000002]]}}, {"type": "Feature", "properties": {"highway": "footway", "footway": "sidewalk", "name": null, "surface": null, "lit": "yes", "length_m": 99.8, "type_element": "Way", "__fid": 52878}, "geometry": {"type": "LineString", "coordinates": [[2.337838, 48.8528178], [2.3378246, 48.8528558], [2.3378668, 48.8530189], [2.3379916, 48.8536509], [2.3380236, 48.85370240000002]]}}, {"type": "Feature", "properties": {"highway": "footway", "footway": "sidewalk", "name": null, "surface": "asphalt", "lit": "yes", "length_m": 2.35, "type_element": "Way", "__fid": 52879}, "geometry": {"type": "LineString", "coordinates": [[2.337858, 48.8528013], [2.337838, 48.8528178]]}}, {"type": "Feature", "properties": {"highway": "footway", "footway": "sidewalk", "name": null, "surface": null, "lit": "yes", "length_m": 54.79, "type_element": "Way", "__fid": 52909}, "geometry": {"type": "LineString", "coordinates": [[2.337991666666644, 48.84980626666667], [2.3379783, 48.8497964], [2.3378976, 48.84931990000001]]}}, {"type": "Feature", "properties": {"highway": "footway", "footway": "sidewalk", "name": null, "surface": "paving_stones", "lit": "yes", "length_m": 35.71, "type_element": "Way", "__fid": 52910}, "geometry": {"type": "LineString", "coordinates": [[2.3378976, 48.84931990000001], [2.3378989, 48.8493012], [2.338346740000013, 48.84923696]]}}, {"type": "Feature", "properties": {"highway": "footway", "footway": "sidewalk", "name": null, "surface": "asphalt", "lit": "yes", "length_m": 62.46, "type_element": "Way", "__fid": 52918}, "geometry": {"type": "LineString", "coordinates": [[2.338664, 48.8526222], [2.3379655, 48.852786], [2.337858, 48.8528013]]}}, {"type": "Feature", "properties": {"highway": "footway", "footway": "sidewalk", "name": null, "surface": "asphalt", "lit": "yes", "length_m": 113.3, "type_element": "Way", "__fid": 52989}, "geometry": {"type": "LineString", "coordinates": [[2.3381826, 48.8514344], [2.3381782, 48.8513891], [2.3380927, 48.851186099999985], [2.3379629, 48.850428100000016]]}}, {"type": "Feature", "properties": {"highway": "footway", "footway": "crossing", "name": null, "surface": "asphalt", "lit": "yes", "length_m": 8.22, "type_element": "Way", "__fid": 52990}, "geometry": {"type": "LineString", "coordinates": [[2.3379629, 48.850428100000016], [2.338074833333324, 48.85042436666675]]}}, {"type": "Feature", "properties": {"highway": "footway", "footway": "sidewalk", "name": null, "surface": null, "lit": "yes", "length_m": 60.43, "type_element": "Way", "__fid": 53010}, "geometry": {"type": "LineString", "coordinates": [[2.338074833333324, 48.85042436666675], [2.3379839, 48.849884200000055]]}}, {"type": "Feature", "properties": {"highway": "footway", "footway": "sidewalk", "name": null, "surface": "paving_stones", "lit": "yes", "length_m": 1.71, "type_element": "Way", "__fid": 53011}, "geometry": {"type": "LineString", "coordinates": [[2.3379839, 48.849884200000055], [2.338002, 48.8498745]]}}, {"type": "Feature", "properties": {"highway": "footway", "footway": "crossing", "name": null, "surface": "asphalt", "lit": "yes", "length_m": 7.62, "type_element": "Way", "__fid": 53024}, "geometry": {"type": "LineString", "coordinates": [[2.338002, 48.8498745], [2.337991666666644, 48.84980626666667]]}}, {"type": "Feature", "properties": {"highway": "footway", "footway": "sidewalk", "name": null, "surface": "asphalt", "lit": "yes", "length_m": 19.18, "type_element": "Way", "__fid": 53025}, "geometry": {"type": "LineString", "coordinates": [[2.337991666666644, 48.84980626666667], [2.3379912, 48.84980119999999], [2.3382407, 48.84977090000001]]}}, {"type": "Feature", "properties": {"highway": "footway", "footway": "sidewalk", "name": null, "surface": "paving_stones", "lit": "yes", "length_m": 18.49, "type_element": "Way", "__fid": 53030}, "geometry": {"type": "LineString", "coordinates": [[2.338002, 48.8498745], [2.3382501, 48.8498454]]}}, {"type": "Feature", "properties": {"highway": "footway", "footway": "sidewalk", "name": null, "surface": "asphalt", "lit": "yes", "length_m": 4.19, "type_element": "Way", "__fid": 53121}, "geometry": {"type": "LineString", "coordinates": [[2.338131899999949, 48.850426333333445], [2.338074833333324, 48.85042436666675]]}}, {"type": "Feature", "properties": {"highway": "footway", "footway": "crossing", "name": null, "surface": "asphalt", "lit": "yes", "length_m": 7.42, "type_element": "Way", "__fid": 53168}, "geometry": {"type": "LineString", "coordinates": [[2.338131899999949, 48.850426333333445], [2.3382291, 48.8504448]]}}, {"type": "Feature", "properties": {"highway": "footway", "footway": "sidewalk", "name": null, "surface": "paving_stones", "lit": "yes", "length_m": 54.21, "type_element": "Way", "__fid": 53169}, "geometry": {"type": "LineString", "coordinates": [[2.3383393, 48.8499641], [2.3381247, 48.85042559999999], [2.338131899999949, 48.850426333333445]]}}, {"type": "Feature", "properties": {"highway": "footway", "footway": "crossing", "name": null, "surface": "asphalt", "lit": "yes", "length_m": 9.19, "type_element": "Way", "__fid": 53175}, "geometry": {"type": "LineString", "coordinates": [[2.338147, 48.8515685], [2.3381222, 48.85148749999998]]}}, {"type": "Feature", "properties": {"highway": "footway", "footway": "sidewalk", "name": null, "surface": "paving_stones", "lit": "yes", "length_m": 7.38, "type_element": "Way", "__fid": 53176}, "geometry": {"type": "LineString", "coordinates": [[2.3381222, 48.85148749999998], [2.3381826, 48.8514344]]}}, {"type": "Feature", "properties": {"highway": "footway", "footway": "sidewalk", "name": null, "surface": "asphalt", "lit": "yes", "length_m": 6.2, "type_element": "Way", "__fid": 53194}, "geometry": {"type": "LineString", "coordinates": [[2.3382298, 48.851579700000016], [2.338147, 48.8515685]]}}, {"type": "Feature", "properties": {"highway": "footway", "footway": "crossing", "name": null, "surface": "asphalt", "lit": "yes", "length_m": 6.42, "type_element": "Way", "__fid": 53228}, "geometry": {"type": "LineString", "coordinates": [[2.3381826, 48.8514344], [2.3382694, 48.851427]]}}, {"type": "Feature", "properties": {"highway": "footway", "footway": "sidewalk", "name": null, "surface": "asphalt", "lit": "yes", "length_m": 111.43, "type_element": "Way", "__fid": 53257}, "geometry": {"type": "LineString", "coordinates": [[2.3382291, 48.8504448], [2.3381151, 48.8506911], [2.338203, 48.8512192], [2.3382506, 48.8514006], [2.3382694, 48.851427]]}}, {"type": "Feature", "properties": {"highway": "footway", "footway": "sidewalk", "name": null, "surface": "paving_stones", "lit": "yes", "length_m": 49.46, "type_element": "Way", "__fid": 53258}, "geometry": {"type": "LineString", "coordinates": [[2.338429, 48.85002], [2.3382291, 48.8504448]]}}, {"type": "Feature", "properties": {"highway": "footway", "footway": "crossing", "name": null, "surface": "asphalt", "lit": "yes", "length_m": 8.31, "type_element": "Way", "__fid": 53266}, "geometry": {"type": "LineString", "coordinates": [[2.3382501, 48.8498454], [2.3382407, 48.84977090000001]]}}, {"type": "Feature", "properties": {"highway": "footway", "footway": "sidewalk", "name": null, "surface": "paving_stones", "lit": "yes", "length_m": 6.7, "type_element": "Way", "__fid": 53267}, "geometry": {"type": "LineString", "coordinates": [[2.3383274, 48.8497521], [2.3382407, 48.84977090000001]]}}, {"type": "Feature", "properties": {"highway": "footway", "footway": "sidewalk", "name": null, "surface": "paving_stones", "lit": "yes", "length_m": 14.73, "type_element": "Way", "__fid": 53284}, "geometry": {"type": "LineString", "coordinates": [[2.3382501, 48.8498454], [2.3383393, 48.8499641]]}}, {"type": "Feature", "properties": {"highway": "footway", "footway": "sidewalk", "name": null, "surface": "asphalt", "lit": "yes", "length_m": 12.25, "type_element": "Way", "__fid": 53286}, "geometry": {"type": "LineString", "coordinates": [[2.3382801, 48.8516814], [2.3382824, 48.8516472], [2.3382298, 48.851579700000016]]}}, {"type": "Feature", "properties": {"highway": "footway", "footway": "crossing", "name": null, "surface": "asphalt", "lit": "yes", "length_m": 8.61, "type_element": "Way", "__fid": 53287}, "geometry": {"type": "LineString", "coordinates": [[2.3382298, 48.851579700000016], [2.338337933333499, 48.85154956666669]]}}, {"type": "Feature", "properties": {"highway": "footway", "footway": "path", "name": null, "surface": "asphalt", "lit": "no", "length_m": 28.0, "type_element": "Way", "__fid": 53299}, "geometry": {"type": "LineString", "coordinates": [[2.3382928, 48.8479052], [2.33836, 48.8480544], [2.3383705, 48.8481503]]}}, {"type": "Feature", "properties": {"highway": "steps", "footway": null, "name": null, "surface": "paving_stones", "lit": "no", "length_m": 15.97, "type_element": "Way", "__fid": 53300}, "geometry": {"type": "LineString", "coordinates": [[2.3382928, 48.8479052], [2.3384979, 48.8478573]]}}, {"type": "Feature", "properties": {"highway": "footway", "footway": "sidewalk", "name": null, "surface": "asphalt", "lit": "yes", "length_m": 14.53, "type_element": "Way", "__fid": 53314}, "geometry": {"type": "LineString", "coordinates": [[2.338337933333499, 48.85154956666669], [2.3382694, 48.851427]]}}, {"type": "Feature", "properties": {"highway": "footway", "footway": "crossing", "name": null, "surface": "asphalt", "lit": "yes", "length_m": 9.09, "type_element": "Way", "__fid": 53324}, "geometry": {"type": "LineString", "coordinates": [[2.3382801, 48.8516814], [2.338325466666687, 48.85175750000001]]}}, {"type": "Feature", "properties": {"highway": "footway", "footway": "crossing", "name": null, "surface": "asphalt", "lit": "yes", "length_m": 15.39, "type_element": "Way", "__fid": 53325}, "geometry": {"type": "LineString", "coordinates": [[2.338313, 48.8491004], [2.338346740000013, 48.84923696]]}}, {"type": "Feature", "properties": {"highway": "footway", "footway": "sidewalk", "name": null, "surface": "asphalt", "lit": "yes", "length_m": 16.17, "type_element": "Way", "__fid": 53326}, "geometry": {"type": "LineString", "coordinates": [[2.3385104, 48.84903580000001], [2.338313, 48.8491004]]}}, {"type": "Feature", "properties": {"highway": "footway", "footway": "crossing", "name": null, "surface": null, "lit": "yes", "length_m": 10.03, "type_element": "Way", "__fid": 53357}, "geometry": {"type": "LineString", "coordinates": [[2.3384636, 48.849759933333424], [2.3383274, 48.8497521]]}}, {"type": "Feature", "properties": {"highway": "footway", "footway": "sidewalk", "name": null, "surface": null, "lit": "yes", "length_m": 56.3, "type_element": "Way", "__fid": 53358}, "geometry": {"type": "LineString", "coordinates": [[2.3383746, 48.84925352000007], [2.3383602, 48.8497251], [2.3383274, 48.8497521]]}}, {"type": "Feature", "properties": {"highway": "footway", "footway": "sidewalk", "name": null, "surface": null, "lit": "yes", "length_m": 2.75, "type_element": "Way", "__fid": 53375}, "geometry": {"type": "LineString", "coordinates": [[2.338346740000013, 48.84923696], [2.3383746, 48.84925352000007]]}}, {"type": "Feature", "properties": {"highway": "footway", "footway": "crossing", "name": null, "surface": "asphalt", "lit": "yes", "length_m": 9.05, "type_element": "Way", "__fid": 53378}, "geometry": {"type": "LineString", "coordinates": [[2.3383393, 48.8499641], [2.338429, 48.85002]]}}, {"type": "Feature", "properties": {"highway": "footway", "footway": "path", "name": null, "surface": "compacted", "lit": "no", "length_m": 21.56, "type_element": "Way", "__fid": 53392}, "geometry": {"type": "LineString", "coordinates": [[2.3383705, 48.8481503], [2.3386276, 48.8482442]]}}, {"type": "Feature", "properties": {"highway": "footway", "footway": "path", "name": null, "surface": "asphalt", "lit": "no", "length_m": 67.96, "type_element": "Way", "__fid": 53393}, "geometry": {"type": "LineString", "coordinates": [[2.3383705, 48.8481503], [2.3384103, 48.84876089999999]]}}, {"type": "Feature", "properties": {"highway": "footway", "footway": "sidewalk", "name": null, "surface": null, "lit": "yes", "length_m": 4.85, "type_element": "Way", "__fid": 53396}, "geometry": {"type": "LineString", "coordinates": [[2.338325466666687, 48.85175750000001], [2.33838, 48.8517822]]}}, {"type": "Feature", "properties": {"highway": "footway", "footway": "sidewalk", "name": null, "surface": "asphalt", "lit": "yes", "length_m": 25.34, "type_element": "Way", "__fid": 53401}, "geometry": {"type": "LineString", "coordinates": [[2.338337933333499, 48.85154956666669], [2.338496, 48.8517522]]}}, {"type": "Feature", "properties": {"highway": "footway", "footway": "crossing", "name": null, "surface": null, "lit": "yes", "length_m": 7.7, "type_element": "Way", "__fid": 53406}, "geometry": {"type": "LineString", "coordinates": [[2.3383746, 48.84925352000007], [2.338479292641997, 48.84924876600493]]}}, {"type": "Feature", "properties": {"highway": "footway", "footway": "sidewalk", "name": null, "surface": "asphalt", "lit": "yes", "length_m": 113.64, "type_element": "Way", "__fid": 53437}, "geometry": {"type": "LineString", "coordinates": [[2.338345, 48.8536085], [2.3385017, 48.85318849999999], [2.3386395, 48.8529088], [2.3386243, 48.852855799999986], [2.3386897, 48.8527053], [2.338664, 48.8526222]]}}, {"type": "Feature", "properties": {"highway": "footway", "footway": "path", "name": null, "surface": "asphalt", "lit": "no", "length_m": 24.66, "type_element": "Way", "__fid": 53440}, "geometry": {"type": "LineString", "coordinates": [[2.3384103, 48.84876089999999], [2.338424, 48.8489825]]}}, {"type": "Feature", "properties": {"highway": "footway", "footway": "path", "name": null, "surface": "compacted", "lit": "no", "length_m": 17.38, "type_element": "Way", "__fid": 53441}, "geometry": {"type": "LineString", "coordinates": [[2.3384103, 48.84876089999999], [2.3386407, 48.8487249]]}}, {"type": "Feature", "properties": {"highway": "footway", "footway": "sidewalk", "name": null, "surface": "asphalt", "lit": "yes", "length_m": 71.97, "type_element": "Way", "__fid": 53446}, "geometry": {"type": "LineString", "coordinates": [[2.33838, 48.8517822], [2.3386087, 48.8520981], [2.3386062, 48.8523952]]}}, {"type": "Feature", "properties": {"highway": "footway", "footway": "crossing", "name": null, "surface": "asphalt", "lit": "yes", "length_m": 9.3, "type_element": "Way", "__fid": 53447}, "geometry": {"type": "LineString", "coordinates": [[2.33838, 48.8517822], [2.3384846, 48.8517606], [2.338496, 48.8517522]]}}, {"type": "Feature", "properties": {"highway": "footway", "footway": "path", "name": null, "surface": "asphalt", "lit": "no", "length_m": 8.68, "type_element": "Way", "__fid": 53461}, "geometry": {"type": "LineString", "coordinates": [[2.338424, 48.8489825], [2.3385104, 48.84903580000001]]}}, {"type": "Feature", "properties": {"highway": "footway", "footway": "path", "name": null, "surface": "compacted", "lit": "no", "length_m": 56.76, "type_element": "Way", "__fid": 53462}, "geometry": {"type": "LineString", "coordinates": [[2.3389858, 48.8486623], [2.3389136, 48.84874679999999], [2.3387978, 48.8488343], [2.338653, 48.8489207], [2.3385208, 48.8489781], [2.338424, 48.8489825]]}}, {"type": "Feature", "properties": {"highway": "footway", "footway": "sidewalk", "name": null, "surface": "asphalt", "lit": "yes", "length_m": 17.46, "type_element": "Way", "__fid": 53478}, "geometry": {"type": "LineString", "coordinates": [[2.3386422, 48.8500786], [2.3386321, 48.8500667], [2.3385335, 48.8500482], [2.3384544, 48.8500208], [2.338429, 48.85002]]}}, {"type": "Feature", "properties": {"highway": "footway", "footway": "path", "name": null, "surface": "asphalt", "lit": "no", "length_m": 6.27, "type_element": "Way", "__fid": 53480}, "geometry": {"type": "LineString", "coordinates": [[2.3384701, 48.847804], [2.3384979, 48.8478573]]}}, {"type": "Feature", "properties": {"highway": "footway", "footway": "path", "name": null, "surface": "compacted", "lit": "no", "length_m": 134.63, "type_element": "Way", "__fid": 53481}, "geometry": {"type": "LineString", "coordinates": [[2.3385543, 48.8468878], [2.3385333, 48.84701660000002], [2.3384972, 48.84708830000001], [2.3384094, 48.8471892], [2.338301, 48.8472657], [2.3381784, 48.847322], [2.3380393, 48.8473611], [2.338046, 48.8475681], [2.3382472, 48.8476317], [2.3383786, 48.84769520000001], [2.3384701, 48.847804]]}}, {"type": "Feature", "properties": {"highway": "footway", "footway": "path", "name": null, "surface": "asphalt", "lit": "no", "length_m": 23.66, "type_element": "Way", "__fid": 53482}, "geometry": {"type": "LineString", "coordinates": [[2.3387527, 48.8477139], [2.3385179, 48.8477662], [2.3384701, 48.847804]]}}, {"type": "Feature", "properties": {"highway": "footway", "footway": "sidewalk", "name": null, "surface": "paving_stones", "lit": "yes", "length_m": 56.85, "type_element": "Way", "__fid": 53503}, "geometry": {"type": "LineString", "coordinates": [[2.3384636, 48.849759933333424], [2.338479292641997, 48.84924876600493]]}}, {"type": "Feature", "properties": {"highway": "footway", "footway": "sidewalk", "name": null, "surface": "sett", "lit": "yes", "length_m": 6.66, "type_element": "Way", "__fid": 53504}, "geometry": {"type": "LineString", "coordinates": [[2.338519, 48.84980440000001], [2.3384931, 48.849771], [2.3384636, 48.849759933333424]]}}, {"type": "Feature", "properties": {"highway": "footway", "footway": "sidewalk", "name": null, "surface": "paving_stones", "lit": "yes", "length_m": 39.63, "type_element": "Way", "__fid": 53514}, "geometry": {"type": "LineString", "coordinates": [[2.338479292641997, 48.84924876600493], [2.3384819, 48.8492262], [2.338987566666757, 48.84923056666669]]}}, {"type": "Feature", "properties": {"highway": "footway", "footway": null, "name": null, "surface": null, "lit": null, "length_m": 2.72, "type_element": "Way", "__fid": 53515}, "geometry": {"type": "LineString", "coordinates": [[2.338479292641997, 48.84924876600493], [2.3385164, 48.849249]]}}, {"type": "Feature", "properties": {"highway": "footway", "footway": "path", "name": null, "surface": "compacted", "lit": "no", "length_m": 110.17, "type_element": "Way", "__fid": 53517}, "geometry": {"type": "LineString", "coordinates": [[2.3384979, 48.8478573], [2.3385403, 48.8479387], [2.3398437, 48.84765860000003]]}}, {"type": "Feature", "properties": {"highway": "footway", "footway": "sidewalk", "name": null, "surface": "asphalt", "lit": "yes", "length_m": 34.22, "type_element": "Way", "__fid": 53563}, "geometry": {"type": "LineString", "coordinates": [[2.3385104, 48.84903580000001], [2.3387376, 48.84892620000002], [2.338878, 48.8488468]]}}, {"type": "Feature", "properties": {"highway": "footway", "footway": null, "name": null, "surface": null, "lit": null, "length_m": 8.35, "type_element": "Way", "__fid": 53573}, "geometry": {"type": "LineString", "coordinates": [[2.3386301, 48.8492504], [2.3385164, 48.849249]]}}, {"type": "Feature", "properties": {"highway": "footway", "footway": null, "name": null, "surface": null, "lit": "yes", "length_m": 1.83, "type_element": "Way", "__fid": 53574}, "geometry": {"type": "LineString", "coordinates": [[2.3385164, 48.849249], [2.338517, 48.84923256000001]]}}, {"type": "Feature", "properties": {"highway": "footway", "footway": null, "name": null, "surface": "paving_stones", "lit": "yes", "length_m": 14.65, "type_element": "Way", "__fid": 53586}, "geometry": {"type": "LineString", "coordinates": [[2.3387183, 48.8498122], [2.338519, 48.84980440000001]]}}, {"type": "Feature", "properties": {"highway": "footway", "footway": "sidewalk", "name": null, "surface": "sett", "lit": "yes", "length_m": 20.23, "type_element": "Way", "__fid": 53587}, "geometry": {"type": "LineString", "coordinates": [[2.3387124, 48.8499188], [2.3385669, 48.8498731], [2.338519, 48.84980440000001]]}}, {"type": "Feature", "properties": {"highway": "footway", "footway": "sidewalk", "name": null, "surface": "asphalt", "lit": "yes", "length_m": 9.43, "type_element": "Way", "__fid": 53588}, "geometry": {"type": "LineString", "coordinates": [[2.338496, 48.8517522], [2.3386113, 48.8517147]]}}, {"type": "Feature", "properties": {"highway": "footway", "footway": "sidewalk", "name": null, "surface": "asphalt", "lit": "yes", "length_m": 103.28, "type_element": "Way", "__fid": 53611}, "geometry": {"type": "LineString", "coordinates": [[2.3384956, 48.853584], [2.338518, 48.8534753], [2.3388576, 48.852687400000015]]}}, {"type": "Feature", "properties": {"highway": "footway", "footway": "path", "name": null, "surface": "compacted", "lit": "no", "length_m": 54.93, "type_element": "Way", "__fid": 53685}, "geometry": {"type": "LineString", "coordinates": [[2.3386276, 48.8482442], [2.3385663, 48.848367], [2.3385593, 48.848513300000015], [2.3386407, 48.8487249]]}}, {"type": "Feature", "properties": {"highway": "footway", "footway": "path", "name": null, "surface": "compacted", "lit": "no", "length_m": 42.08, "type_element": "Way", "__fid": 53686}, "geometry": {"type": "LineString", "coordinates": [[2.3386276, 48.8482442], [2.33874, 48.8481965], [2.3388509, 48.8481678], [2.3390136, 48.8481719], [2.3391527, 48.8482211]]}}, {"type": "Feature", "properties": {"highway": "footway", "footway": null, "name": null, "surface": null, "lit": null, "length_m": 26.34, "type_element": "Way", "__fid": 53703}, "geometry": {"type": "LineString", "coordinates": [[2.338989, 48.8492548], [2.3386301, 48.8492504]]}}, {"type": "Feature", "properties": {"highway": "footway", "footway": null, "name": null, "surface": null, "lit": "yes", "length_m": 1.84, "type_element": "Way", "__fid": 53704}, "geometry": {"type": "LineString", "coordinates": [[2.3386301, 48.8492504], [2.33863084, 48.849233820000016]]}}, {"type": "Feature", "properties": {"highway": "footway", "footway": "path", "name": null, "surface": "compacted", "lit": "no", "length_m": 22.86, "type_element": "Way", "__fid": 53706}, "geometry": {"type": "LineString", "coordinates": [[2.3386407, 48.8487249], [2.3387876, 48.84868179999998], [2.3389047, 48.8486191]]}}, {"type": "Feature", "properties": {"highway": "footway", "footway": "crossing", "name": null, "surface": "asphalt", "lit": "yes", "length_m": 11.22, "type_element": "Way", "__fid": 53715}, "geometry": {"type": "LineString", "coordinates": [[2.3386113, 48.8517147], [2.3387139, 48.8517249], [2.3387568, 48.851740800000016]]}}, {"type": "Feature", "properties": {"highway": "footway", "footway": "sidewalk", "name": null, "surface": "asphalt", "lit": "yes", "length_m": 181.94, "type_element": "Way", "__fid": 53716}, "geometry": {"type": "LineString", "coordinates": [[2.3386113, 48.8517147], [2.3386422, 48.8500786]]}}, {"type": "Feature", "properties": {"highway": "footway", "footway": "sidewalk", "name": null, "surface": "asphalt", "lit": "yes", "length_m": 5.92, "type_element": "Way", "__fid": 53719}, "geometry": {"type": "LineString", "coordinates": [[2.3386062, 48.8523952], [2.3386125, 48.852448299999985]]}}, {"type": "Feature", "properties": {"highway": "footway", "footway": "crossing", "name": null, "surface": "asphalt", "lit": "yes", "length_m": 23.2, "type_element": "Way", "__fid": 53720}, "geometry": {"type": "LineString", "coordinates": [[2.338907, 48.8523347], [2.3386285, 48.8523845], [2.3386062, 48.8523952]]}}, {"type": "Feature", "properties": {"highway": "footway", "footway": "crossing", "name": null, "surface": "asphalt", "lit": "yes", "length_m": 10.17, "type_element": "Way", "__fid": 53739}, "geometry": {"type": "LineString", "coordinates": [[2.3386422, 48.8500786], [2.3387807, 48.8500765]]}}, {"type": "Feature", "properties": {"highway": "footway", "footway": "crossing", "name": null, "surface": "asphalt", "lit": "yes", "length_m": 19.7, "type_element": "Way", "__fid": 53740}, "geometry": {"type": "LineString", "coordinates": [[2.3386125, 48.852448299999985], [2.338664, 48.8526222]]}}, {"type": "Feature", "properties": {"highway": "service", "footway": null, "name": "Boulevard Saint-Germain", "surface": "asphalt", "lit": "yes", "length_m": 24.54, "type_element": "Way", "__fid": 53741}, "geometry": {"type": "LineString", "coordinates": [[2.3386125, 48.852448299999985], [2.3389276, 48.8523743]]}}, {"type": "Feature", "properties": {"highway": "footway", "footway": "path", "name": null, "surface": "asphalt", "lit": "no", "length_m": 92.26, "type_element": "Way", "__fid": 53744}, "geometry": {"type": "LineString", "coordinates": [[2.338685, 48.8468854], [2.3387527, 48.8477139]]}}, {"type": "Feature", "properties": {"highway": "footway", "footway": "crossing", "name": null, "surface": "asphalt", "lit": "yes", "length_m": 18.78, "type_element": "Way", "__fid": 53786}, "geometry": {"type": "LineString", "coordinates": [[2.3389048, 48.852565], [2.338664, 48.8526222]]}}, {"type": "Feature", "properties": {"highway": "footway", "footway": null, "name": null, "surface": "sett", "lit": "yes", "length_m": 11.86, "type_element": "Way", "__fid": 53805}, "geometry": {"type": "LineString", "coordinates": [[2.3387124, 48.8499188], [2.3387183, 48.8498122]]}}, {"type": "Feature", "properties": {"highway": "footway", "footway": "sidewalk", "name": null, "surface": "sett", "lit": "yes", "length_m": 18.76, "type_element": "Way", "__fid": 53806}, "geometry": {"type": "LineString", "coordinates": [[2.3389074, 48.84981969999998], [2.3388271, 48.8498893], [2.3387124, 48.8499188]]}}, {"type": "Feature", "properties": {"highway": "footway", "footway": null, "name": null, "surface": "paving_stones", "lit": "yes", "length_m": 13.9, "type_element": "Way", "__fid": 53809}, "geometry": {"type": "LineString", "coordinates": [[2.3389074, 48.84981969999998], [2.3387183, 48.8498122]]}}, {"type": "Feature", "properties": {"highway": "footway", "footway": "path", "name": null, "surface": "asphalt", "lit": "no", "length_m": 45.28, "type_element": "Way", "__fid": 53820}, "geometry": {"type": "LineString", "coordinates": [[2.3393366, 48.8475822], [2.3387527, 48.8477139]]}}, {"type": "Feature", "properties": {"highway": "footway", "footway": "sidewalk", "name": null, "surface": "asphalt", "lit": "yes", "length_m": 2.85, "type_element": "Way", "__fid": 53861}, "geometry": {"type": "LineString", "coordinates": [[2.3387568, 48.851740800000016], [2.3387696, 48.851765]]}}, {"type": "Feature", "properties": {"highway": "footway", "footway": "sidewalk", "name": null, "surface": "asphalt", "lit": "yes", "length_m": 185.07, "type_element": "Way", "__fid": 53862}, "geometry": {"type": "LineString", "coordinates": [[2.3387807, 48.8500765], [2.3387568, 48.851740800000016]]}}, {"type": "Feature", "properties": {"highway": "footway", "footway": "sidewalk", "name": null, "surface": "asphalt", "lit": "yes", "length_m": 16.51, "type_element": "Way", "__fid": 53868}, "geometry": {"type": "LineString", "coordinates": [[2.3389929, 48.8500288], [2.3388608, 48.850064900000014], [2.3387807, 48.8500765]]}}, {"type": "Feature", "properties": {"highway": "footway", "footway": "crossing", "name": null, "surface": "asphalt", "lit": "yes", "length_m": 11.89, "type_element": "Way", "__fid": 53878}, "geometry": {"type": "LineString", "coordinates": [[2.3387749, 48.85186920000001], [2.3387575, 48.851841399999984], [2.3387696, 48.851765]]}}, {"type": "Feature", "properties": {"highway": "footway", "footway": "sidewalk", "name": null, "surface": "asphalt", "lit": "yes", "length_m": 4.67, "type_element": "Way", "__fid": 53879}, "geometry": {"type": "LineString", "coordinates": [[2.3387696, 48.851765], [2.3388306, 48.8517531]]}}, {"type": "Feature", "properties": {"highway": "footway", "footway": "sidewalk", "name": null, "surface": "asphalt", "lit": "yes", "length_m": 44.28, "type_element": "Way", "__fid": 53889}, "geometry": {"type": "LineString", "coordinates": [[2.3387749, 48.85186920000001], [2.3387649, 48.8519667], [2.3387387, 48.8520028], [2.3387496, 48.852113], [2.3387793, 48.8522218], [2.3388125, 48.85223290000001], [2.3388343, 48.8522289]]}}, {"type": "Feature", "properties": {"highway": "footway", "footway": "sidewalk", "name": null, "surface": "asphalt", "lit": "yes", "length_m": 13.55, "type_element": "Way", "__fid": 53890}, "geometry": {"type": "LineString", "coordinates": [[2.338898799999806, 48.851787933333455], [2.3388501, 48.8518475], [2.3387749, 48.85186920000001]]}}, {"type": "Feature", "properties": {"highway": "footway", "footway": null, "name": "Cour du Commerce Saint-André", "surface": "asphalt", "lit": null, "length_m": 5.65, "type_element": "Way", "__fid": 53900}, "geometry": {"type": "LineString", "coordinates": [[2.3388576, 48.852687400000015], [2.3387834, 48.8526738]]}}, {"type": "Feature", "properties": {"highway": "footway", "footway": "crossing", "name": null, "surface": "asphalt", "lit": "yes", "length_m": 6.8, "type_element": "Way", "__fid": 53937}, "geometry": {"type": "LineString", "coordinates": [[2.3388306, 48.8517531], [2.338844, 48.8517734], [2.338898799999806, 48.851787933333455]]}}, {"type": "Feature", "properties": {"highway": "footway", "footway": "sidewalk", "name": null, "surface": "paving_stones", "lit": "yes", "length_m": 38.56, "type_element": "Way", "__fid": 53938}, "geometry": {"type": "LineString", "coordinates": [[2.3388306, 48.8517531], [2.3389037, 48.85169839999999], [2.3390941, 48.8514615], [2.33910129999978, 48.8514647000001]]}}, {"type": "Feature", "properties": {"highway": "footway", "footway": "crossing", "name": null, "surface": "asphalt", "lit": "yes", "length_m": 9.28, "type_element": "Way", "__fid": 53944}, "geometry": {"type": "LineString", "coordinates": [[2.3388343, 48.8522289], [2.3388883, 48.8523044]]}}, {"type": "Feature", "properties": {"highway": "footway", "footway": "sidewalk", "name": null, "surface": "asphalt", "lit": "yes", "length_m": 76.17, "type_element": "Way", "__fid": 53945}, "geometry": {"type": "LineString", "coordinates": [[2.3388343, 48.8522289], [2.3388977, 48.8521992], [2.3394083, 48.8520428], [2.3395997, 48.8519426], [2.3396899, 48.851861]]}}, {"type": "Feature", "properties": {"highway": "footway", "footway": "crossing", "name": null, "surface": "asphalt", "lit": "yes", "length_m": 21.29, "type_element": "Way", "__fid": 53946}, "geometry": {"type": "LineString", "coordinates": [[2.339125, 48.8489473], [2.338878, 48.8488468]]}}, {"type": "Feature", "properties": {"highway": "footway", "footway": "sidewalk", "name": null, "surface": "asphalt", "lit": "yes", "length_m": 21.33, "type_element": "Way", "__fid": 53947}, "geometry": {"type": "LineString", "coordinates": [[2.3390389, 48.848687], [2.338878, 48.8488468]]}}, {"type": "Feature", "properties": {"highway": "steps", "footway": null, "name": null, "surface": "stone", "lit": "no", "length_m": 7.65, "type_element": "Way", "__fid": 53974}, "geometry": {"type": "LineString", "coordinates": [[2.3389047, 48.8486191], [2.3389858, 48.8486623]]}}, {"type": "Feature", "properties": {"highway": "footway", "footway": "path", "name": null, "surface": "compacted", "lit": "no", "length_m": 48.05, "type_element": "Way", "__fid": 53975}, "geometry": {"type": "LineString", "coordinates": [[2.3389047, 48.8486191], [2.3389866, 48.8485145], [2.3390854, 48.8483043], [2.3391527, 48.8482211]]}}, {"type": "Feature", "properties": {"highway": "footway", "footway": null, "name": "Cour du Commerce Saint-André", "surface": "sett", "lit": null, "length_m": 26.88, "type_element": "Way", "__fid": 53984}, "geometry": {"type": "LineString", "coordinates": [[2.3392103, 48.8527527], [2.3388576, 48.852687400000015]]}}, {"type": "Feature", "properties": {"highway": "footway", "footway": "sidewalk", "name": null, "surface": "asphalt", "lit": "yes", "length_m": 14.04, "type_element": "Way", "__fid": 53985}, "geometry": {"type": "LineString", "coordinates": [[2.3388576, 48.852687400000015], [2.3389048, 48.852565]]}}, {"type": "Feature", "properties": {"highway": "footway", "footway": "sidewalk", "name": null, "surface": "sett", "lit": "yes", "length_m": 7.14, "type_element": "Way", "__fid": 54009}, "geometry": {"type": "LineString", "coordinates": [[2.3389484, 48.8497615], [2.3389074, 48.84981969999998]]}}, {"type": "Feature", "properties": {"highway": "footway", "footway": "sidewalk", "name": null, "surface": "asphalt", "lit": "yes", "length_m": 3.64, "type_element": "Way", "__fid": 54014}, "geometry": {"type": "LineString", "coordinates": [[2.3388883, 48.8523044], [2.338907, 48.8523347]]}}, {"type": "Feature", "properties": {"highway": "footway", "footway": "sidewalk", "name": null, "surface": "asphalt", "lit": "yes", "length_m": 8.86, "type_element": "Way", "__fid": 54015}, "geometry": {"type": "LineString", "coordinates": [[2.3390018, 48.8522771], [2.3388883, 48.8523044]]}}, {"type": "Feature", "properties": {"highway": "footway", "footway": "sidewalk", "name": null, "surface": "asphalt", "lit": "yes", "length_m": 31.38, "type_element": "Way", "__fid": 54016}, "geometry": {"type": "LineString", "coordinates": [[2.33912746666683, 48.851559100000046], [2.3391015, 48.8515678], [2.3389064, 48.8517906], [2.338898799999806, 48.851787933333455]]}}, {"type": "Feature", "properties": {"highway": "footway", "footway": "crossing", "name": null, "surface": "asphalt", "lit": "yes", "length_m": 4.66, "type_element": "Way", "__fid": 54039}, "geometry": {"type": "LineString", "coordinates": [[2.338907, 48.8523347], [2.3389276, 48.8523743]]}}, {"type": "Feature", "properties": {"highway": "footway", "footway": "sidewalk", "name": null, "surface": "asphalt", "lit": "yes", "length_m": 7.99, "type_element": "Way", "__fid": 54040}, "geometry": {"type": "LineString", "coordinates": [[2.3389048, 48.852565], [2.3390005, 48.8525307]]}}, {"type": "Feature", "properties": {"highway": "footway", "footway": "sidewalk", "name": null, "surface": "paving_stones", "lit": "yes", "length_m": 56.93, "type_element": "Way", "__fid": 54054}, "geometry": {"type": "LineString", "coordinates": [[2.3389484, 48.8497615], [2.3389765, 48.8497314], [2.338989, 48.8492548]]}}, {"type": "Feature", "properties": {"highway": "footway", "footway": "crossing", "name": null, "surface": null, "lit": "yes", "length_m": 12.32, "type_element": "Way", "__fid": 54055}, "geometry": {"type": "LineString", "coordinates": [[2.3391162, 48.8497592], [2.3389484, 48.8497615]]}}, {"type": "Feature", "properties": {"highway": "footway", "footway": "crossing", "name": null, "surface": "asphalt", "lit": "yes", "length_m": 18.19, "type_element": "Way", "__fid": 54067}, "geometry": {"type": "LineString", "coordinates": [[2.3389276, 48.8523743], [2.3390005, 48.8525307]]}}, {"type": "Feature", "properties": {"highway": "service", "footway": null, "name": "Boulevard Saint-Germain", "surface": "asphalt", "lit": "yes", "length_m": 76.04, "type_element": "Way", "__fid": 54068}, "geometry": {"type": "LineString", "coordinates": [[2.3389276, 48.8523743], [2.3398993, 48.85213670000002]]}}, {"type": "Feature", "properties": {"highway": "steps", "footway": null, "name": null, "surface": "concrete", "lit": "yes", "length_m": 8.3, "type_element": "Way", "__fid": 54082}, "geometry": {"type": "LineString", "coordinates": [[2.3390018, 48.8522771], [2.339013, 48.852298], [2.3389386, 48.8523166]]}}, {"type": "Feature", "properties": {"highway": "footway", "footway": "path", "name": null, "surface": null, "lit": "no", "length_m": 4.77, "type_element": "Way", "__fid": 54083}, "geometry": {"type": "LineString", "coordinates": [[2.3389858, 48.8486623], [2.3390389, 48.848687]]}}, {"type": "Feature", "properties": {"highway": "footway", "footway": "path", "name": null, "surface": "compacted", "lit": "no", "length_m": 55.88, "type_element": "Way", "__fid": 54084}, "geometry": {"type": "LineString", "coordinates": [[2.3393599, 48.8482246], [2.3389858, 48.8486623]]}}, {"type": "Feature", "properties": {"highway": "footway", "footway": null, "name": "Cour du Commerce Saint-André", "surface": "sett", "lit": null, "length_m": 53.49, "type_element": "Way", "__fid": 54085}, "geometry": {"type": "LineString", "coordinates": [[2.3389267, 48.8535428], [2.3390876, 48.8530736]]}}, {"type": "Feature", "properties": {"highway": "footway", "footway": "sidewalk", "name": null, "surface": "paving_stones", "lit": "yes", "length_m": 2.7, "type_element": "Way", "__fid": 54100}, "geometry": {"type": "LineString", "coordinates": [[2.338989, 48.8492548], [2.338987566666757, 48.84923056666669]]}}, {"type": "Feature", "properties": {"highway": "footway", "footway": "crossing", "name": null, "surface": null, "lit": "yes", "length_m": 10.65, "type_element": "Way", "__fid": 54101}, "geometry": {"type": "LineString", "coordinates": [[2.338987566666757, 48.84923056666669], [2.3390943, 48.8491657]]}}, {"type": "Feature", "properties": {"highway": "footway", "footway": "sidewalk", "name": null, "surface": "asphalt", "lit": "yes", "length_m": 107.24, "type_element": "Way", "__fid": 54115}, "geometry": {"type": "LineString", "coordinates": [[2.339457100000176, 48.85094330000012], [2.3389929, 48.8500288]]}}, {"type": "Feature", "properties": {"highway": "footway", "footway": "crossing", "name": null, "surface": null, "lit": "yes", "length_m": 10.17, "type_element": "Way", "__fid": 54116}, "geometry": {"type": "LineString", "coordinates": [[2.3389929, 48.8500288], [2.3389982, 48.850016799999985], [2.3390713, 48.8499705], [2.3390888, 48.849967]]}}, {"type": "Feature", "properties": {"highway": "footway", "footway": "sidewalk", "name": null, "surface": "asphalt", "lit": "yes", "length_m": 129.55, "type_element": "Way", "__fid": 54152}, "geometry": {"type": "LineString", "coordinates": [[2.3399156, 48.8476758], [2.3390389, 48.848687]]}}, {"type": "Feature", "properties": {"highway": "footway", "footway": "sidewalk", "name": null, "surface": "asphalt", "lit": "yes", "length_m": 15.47, "type_element": "Way", "__fid": 54162}, "geometry": {"type": "LineString", "coordinates": [[2.3391993, 48.8522284], [2.3390018, 48.8522771]]}}, {"type": "Feature", "properties": {"highway": "footway", "footway": "sidewalk", "name": null, "surface": "asphalt", "lit": "yes", "length_m": 24.06, "type_element": "Way", "__fid": 54163}, "geometry": {"type": "LineString", "coordinates": [[2.3390005, 48.8525307], [2.3393069, 48.8524537]]}}, {"type": "Feature", "properties": {"highway": "footway", "footway": "sidewalk", "name": null, "surface": "paving_stones", "lit": "yes", "length_m": 67.09, "type_element": "Way", "__fid": 54222}, "geometry": {"type": "LineString", "coordinates": [[2.3391162, 48.8497592], [2.3390752, 48.8497264], [2.3390943, 48.8491657]]}}, {"type": "Feature", "properties": {"highway": "footway", "footway": "sidewalk", "name": null, "surface": null, "lit": "yes", "length_m": 8.23, "type_element": "Way", "__fid": 54223}, "geometry": {"type": "LineString", "coordinates": [[2.3390943, 48.8491657], [2.339167599999943, 48.84910973333334]]}}, {"type": "Feature", "properties": {"highway": "footway", "footway": "sidewalk", "name": null, "surface": "asphalt", "lit": "yes", "length_m": 96.54, "type_element": "Way", "__fid": 54228}, "geometry": {"type": "LineString", "coordinates": [[2.3395243, 48.8507725], [2.3394777, 48.85076210000001], [2.3394666, 48.8507484], [2.3390888, 48.849967]]}}, {"type": "Feature", "properties": {"highway": "footway", "footway": "sidewalk", "name": null, "surface": null, "lit": "yes", "length_m": 12.8, "type_element": "Way", "__fid": 54229}, "geometry": {"type": "LineString", "coordinates": [[2.3390888, 48.849967], [2.3391682, 48.84986450000001]]}}, {"type": "Feature", "properties": {"highway": "footway", "footway": "sidewalk", "name": null, "surface": "asphalt", "lit": "yes", "length_m": 9.24, "type_element": "Way", "__fid": 54255}, "geometry": {"type": "LineString", "coordinates": [[2.3391525, 48.8490284], [2.339125, 48.8489473]]}}, {"type": "Feature", "properties": {"highway": "footway", "footway": "sidewalk", "name": null, "surface": "asphalt", "lit": "yes", "length_m": 152.48, "type_element": "Way", "__fid": 54256}, "geometry": {"type": "LineString", "coordinates": [[2.339125, 48.8489473], [2.3401388, 48.8477503]]}}, {"type": "Feature", "properties": {"highway": "footway", "footway": "sidewalk", "name": null, "surface": "paving_stones", "lit": "yes", "length_m": 5.69, "type_element": "Way", "__fid": 54258}, "geometry": {"type": "LineString", "coordinates": [[2.3391859, 48.84978169999999], [2.3391162, 48.8497592]]}}, {"type": "Feature", "properties": {"highway": "footway", "footway": "crossing", "name": null, "surface": "asphalt", "lit": "yes", "length_m": 5.18, "type_element": "Way", "__fid": 54270}, "geometry": {"type": "LineString", "coordinates": [[2.33910129999978, 48.8514647000001], [2.339160966666464, 48.85148963333344]]}}, {"type": "Feature", "properties": {"highway": "footway", "footway": "sidewalk", "name": null, "surface": "paving_stones", "lit": "yes", "length_m": 60.83, "type_element": "Way", "__fid": 54271}, "geometry": {"type": "LineString", "coordinates": [[2.33910129999978, 48.8514647000001], [2.3392745, 48.8512461], [2.3394589, 48.850977], [2.339466033333216, 48.850978733333456]]}}, {"type": "Feature", "properties": {"highway": "footway", "footway": null, "name": "Cour de Rohan", "surface": null, "lit": null, "length_m": 57.92, "type_element": "Way", "__fid": 54277}, "geometry": {"type": "LineString", "coordinates": [[2.3390876, 48.8530736], [2.3391988, 48.853092400000016], [2.3393346, 48.8530936], [2.3396255, 48.8529765], [2.3395574, 48.8529157], [2.3396198, 48.85287920000001]]}}, {"type": "Feature", "properties": {"highway": "footway", "footway": null, "name": "Cour du Commerce Saint-André", "surface": "sett", "lit": null, "length_m": 36.8, "type_element": "Way", "__fid": 54278}, "geometry": {"type": "LineString", "coordinates": [[2.3390876, 48.8530736], [2.3392103, 48.8527527]]}}, {"type": "Feature", "properties": {"highway": "footway", "footway": "path", "name": null, "surface": "compacted", "lit": "no", "length_m": 15.25, "type_element": "Way", "__fid": 54287}, "geometry": {"type": "LineString", "coordinates": [[2.3391527, 48.8482211], [2.3392263, 48.8482174], [2.3393599, 48.8482246]]}}, {"type": "Feature", "properties": {"highway": "footway", "footway": "crossing", "name": null, "surface": null, "lit": "yes", "length_m": 9.11, "type_element": "Way", "__fid": 54303}, "geometry": {"type": "LineString", "coordinates": [[2.339167599999943, 48.84910973333334], [2.3391525, 48.8490284]]}}, {"type": "Feature", "properties": {"highway": "footway", "footway": "sidewalk", "name": null, "surface": "asphalt", "lit": "yes", "length_m": 94.66, "type_element": "Way", "__fid": 54304}, "geometry": {"type": "LineString", "coordinates": [[2.3403949, 48.848841], [2.3400782, 48.848927], [2.3397982, 48.8489713], [2.3397423, 48.8489591], [2.339277, 48.8490255], [2.3391525, 48.8490284]]}}, {"type": "Feature", "properties": {"highway": "footway", "footway": "sidewalk", "name": null, "surface": "asphalt", "lit": "yes", "length_m": 52.67, "type_element": "Way", "__fid": 54311}, "geometry": {"type": "LineString", "coordinates": [[2.3397344, 48.8518077], [2.3397015, 48.851780200000015], [2.33912746666683, 48.851559100000046]]}}, {"type": "Feature", "properties": {"highway": "footway", "footway": "crossing", "name": null, "surface": "asphalt", "lit": "yes", "length_m": 5.79, "type_element": "Way", "__fid": 54312}, "geometry": {"type": "LineString", "coordinates": [[2.33912746666683, 48.851559100000046], [2.339167533333447, 48.8515142666667]]}}, {"type": "Feature", "properties": {"highway": "footway", "footway": "sidewalk", "name": null, "surface": "paving_stones", "lit": "yes", "length_m": 262.9, "type_element": "Way", "__fid": 54320}, "geometry": {"type": "LineString", "coordinates": [[2.339167599999943, 48.84910973333334], [2.3393655, 48.84910390000002], [2.3399837, 48.8490195], [2.3403834, 48.84892150000001], [2.3403963, 48.8489392], [2.3400517, 48.8497002], [2.3399575, 48.8498823], [2.339939, 48.84989690000001], [2.3391859, 48.84978169999999]]}}, {"type": "Feature", "properties": {"highway": "footway", "footway": "crossing", "name": null, "surface": null, "lit": "yes", "length_m": 9.3, "type_element": "Way", "__fid": 54334}, "geometry": {"type": "LineString", "coordinates": [[2.3391682, 48.84986450000001], [2.3391859, 48.84978169999999]]}}, {"type": "Feature", "properties": {"highway": "footway", "footway": "sidewalk", "name": null, "surface": "paving_stones", "lit": "yes", "length_m": 55.76, "type_element": "Way", "__fid": 54335}, "geometry": {"type": "LineString", "coordinates": [[2.3391682, 48.84986450000001], [2.3392842, 48.8498737], [2.33991230000013, 48.8499647666667]]}}, {"type": "Feature", "properties": {"highway": "footway", "footway": "sidewalk", "name": null, "surface": "paving_stones", "lit": "yes", "length_m": 3.1, "type_element": "Way", "__fid": 54345}, "geometry": {"type": "LineString", "coordinates": [[2.339167533333447, 48.8515142666667], [2.3391689, 48.8514923], [2.339160966666464, 48.85148963333344]]}}, {"type": "Feature", "properties": {"highway": "footway", "footway": "sidewalk", "name": null, "surface": "asphalt", "lit": "yes", "length_m": 60.48, "type_element": "Way", "__fid": 54346}, "geometry": {"type": "LineString", "coordinates": [[2.339160966666464, 48.85148963333344], [2.3394321, 48.8511729], [2.3395119, 48.851043599999976], [2.3395447, 48.8510094]]}}, {"type": "Feature", "properties": {"highway": "footway", "footway": "sidewalk", "name": null, "surface": "asphalt", "lit": "yes", "length_m": 52.86, "type_element": "Way", "__fid": 54357}, "geometry": {"type": "LineString", "coordinates": [[2.3398016, 48.8517381], [2.3397238, 48.85172], [2.3393469, 48.8515753], [2.339167533333447, 48.8515142666667]]}}, {"type": "Feature", "properties": {"highway": "steps", "footway": null, "name": null, "surface": "asphalt", "lit": "yes", "length_m": 11.87, "type_element": "Way", "__fid": 54403}, "geometry": {"type": "LineString", "coordinates": [[2.3391993, 48.8522284], [2.3392115, 48.8522518], [2.3393282, 48.85222370000001]]}}, {"type": "Feature", "properties": {"highway": "footway", "footway": "sidewalk", "name": null, "surface": "asphalt", "lit": "yes", "length_m": 29.0, "type_element": "Way", "__fid": 54404}, "geometry": {"type": "LineString", "coordinates": [[2.339576596443897, 48.85215068479336], [2.3391993, 48.8522284]]}}, {"type": "Feature", "properties": {"highway": "footway", "footway": null, "name": "Cour du Commerce Saint-André", "surface": "sett", "lit": null, "length_m": 34.46, "type_element": "Way", "__fid": 54414}, "geometry": {"type": "LineString", "coordinates": [[2.3392103, 48.8527527], [2.33932, 48.8524772], [2.3393069, 48.8524537]]}}, {"type": "Feature", "properties": {"highway": "footway", "footway": "path", "name": null, "surface": "compacted", "lit": "no", "length_m": 79.0, "type_element": "Way", "__fid": 54436}, "geometry": {"type": "LineString", "coordinates": [[2.3393053, 48.846872], [2.3393366, 48.8475822]]}}, {"type": "Feature", "properties": {"highway": "footway", "footway": null, "name": "Cour du Commerce Saint-André", "surface": "asphalt", "lit": "yes", "length_m": 11.4, "type_element": "Way", "__fid": 54455}, "geometry": {"type": "LineString", "coordinates": [[2.3393069, 48.8524537], [2.3392548, 48.8523571]]}}, {"type": "Feature", "properties": {"highway": "footway", "footway": "path", "name": null, "surface": "asphalt", "lit": "no", "length_m": 22.97, "type_element": "Way", "__fid": 54473}, "geometry": {"type": "LineString", "coordinates": [[2.3396355, 48.8475209], [2.3393366, 48.8475822]]}}, {"type": "Feature", "properties": {"highway": "footway", "footway": "path", "name": null, "surface": "compacted", "lit": "no", "length_m": 72.26, "type_element": "Way", "__fid": 54500}, "geometry": {"type": "LineString", "coordinates": [[2.3398437, 48.84765860000003], [2.3393599, 48.8482246]]}}, {"type": "Feature", "properties": {"highway": "footway", "footway": "sidewalk", "name": null, "surface": "asphalt", "lit": "yes", "length_m": 55.47, "type_element": "Way", "__fid": 54501}, "geometry": {"type": "LineString", "coordinates": [[2.3393069, 48.8524537], [2.3396513, 48.85235849999999], [2.3400105, 48.8522717]]}}, {"type": "Feature", "properties": {"highway": "footway", "footway": "sidewalk", "name": null, "surface": "asphalt", "lit": "yes", "length_m": 4.49, "type_element": "Way", "__fid": 54621}, "geometry": {"type": "LineString", "coordinates": [[2.339466033333216, 48.850978733333456], [2.3394495, 48.85094569999998], [2.339457100000176, 48.85094330000012]]}}, {"type": "Feature", "properties": {"highway": "footway", "footway": "crossing", "name": null, "surface": "asphalt", "lit": "yes", "length_m": 19.62, "type_element": "Way", "__fid": 54622}, "geometry": {"type": "LineString", "coordinates": [[2.339457100000176, 48.85094330000012], [2.3395243, 48.8507725]]}}, {"type": "Feature", "properties": {"highway": "footway", "footway": "crossing", "name": null, "surface": "asphalt", "lit": "yes", "length_m": 6.7, "type_element": "Way", "__fid": 54626}, "geometry": {"type": "LineString", "coordinates": [[2.339466033333216, 48.850978733333456], [2.3395447, 48.8510094]]}}, {"type": "Feature", "properties": {"highway": "footway", "footway": "sidewalk", "name": null, "surface": "asphalt", "lit": "yes", "length_m": 93.04, "type_element": "Way", "__fid": 54665}, "geometry": {"type": "LineString", "coordinates": [[2.33992829999997, 48.84998240000014], [2.3397476, 48.850351300000014], [2.3397067, 48.8503963], [2.3395387, 48.8507632], [2.3395243, 48.8507725]]}}, {"type": "Feature", "properties": {"highway": "steps", "footway": null, "name": "Rue Antoine Dubois", "surface": "stone", "lit": null, "length_m": 17.4, "type_element": "Way", "__fid": 54700}, "geometry": {"type": "LineString", "coordinates": [[2.3396981, 48.8511033], [2.3396349, 48.8511041], [2.3395736, 48.8510639], [2.3395447, 48.8510094]]}}, {"type": "Feature", "properties": {"highway": "footway", "footway": "sidewalk", "name": null, "surface": "asphalt", "lit": "yes", "length_m": 2.64, "type_element": "Way", "__fid": 54701}, "geometry": {"type": "LineString", "coordinates": [[2.3395447, 48.8510094], [2.3395611, 48.85098830000002]]}}, {"type": "Feature", "properties": {"highway": "steps", "footway": null, "name": "Rue Antoine Dubois", "surface": "stone", "lit": null, "length_m": 17.44, "type_element": "Way", "__fid": 54712}, "geometry": {"type": "LineString", "coordinates": [[2.3395611, 48.85098830000002], [2.3396982, 48.8510652], [2.3396981, 48.8511033]]}}, {"type": "Feature", "properties": {"highway": "footway", "footway": "sidewalk", "name": null, "surface": "asphalt", "lit": "yes", "length_m": 114.18, "type_element": "Way", "__fid": 54713}, "geometry": {"type": "LineString", "coordinates": [[2.3395611, 48.85098830000002], [2.339589, 48.8509441], [2.3400165, 48.8500067]]}}, {"type": "Feature", "properties": {"highway": "footway", "footway": "sidewalk", "name": null, "surface": "asphalt", "lit": "yes", "length_m": 24.87, "type_element": "Way", "__fid": 54747}, "geometry": {"type": "LineString", "coordinates": [[2.3398414, 48.8520664], [2.3395619, 48.85212090000001], [2.339576596443897, 48.85215068479336]]}}, {"type": "Feature", "properties": {"highway": "footway", "footway": "sidewalk", "name": null, "surface": "asphalt", "lit": "yes", "length_m": 0.57, "type_element": "Way", "__fid": 54748}, "geometry": {"type": "LineString", "coordinates": [[2.339583966666811, 48.852149166666784], [2.339576596443897, 48.85215068479336]]}}, {"type": "Feature", "properties": {"highway": "footway", "footway": "path", "name": null, "surface": "compacted", "lit": "no", "length_m": 78.34, "type_element": "Way", "__fid": 54749}, "geometry": {"type": "LineString", "coordinates": [[2.3396355, 48.8475209], [2.3398131, 48.8472868], [2.3399218, 48.8470927], [2.3399824, 48.8468603]]}}, {"type": "Feature", "properties": {"highway": "footway", "footway": "path", "name": null, "surface": "asphalt", "lit": "no", "length_m": 31.02, "type_element": "Way", "__fid": 54750}, "geometry": {"type": "LineString", "coordinates": [[2.3400389, 48.8474375], [2.3396355, 48.8475209]]}}, {"type": "Feature", "properties": {"highway": "steps", "footway": null, "name": null, "surface": "asphalt", "lit": "yes", "length_m": 5.84, "type_element": "Way", "__fid": 54754}, "geometry": {"type": "LineString", "coordinates": [[2.339583966666811, 48.852149166666784], [2.3396585, 48.8521307]]}}, {"type": "Feature", "properties": {"highway": "pedestrian", "footway": null, "name": "Rue Antoine Dubois", "surface": "sett", "lit": "yes", "length_m": 17.7, "type_element": "Way", "__fid": 54847}, "geometry": {"type": "LineString", "coordinates": [[2.3396981, 48.8511033], [2.3398651, 48.8512182]]}}, {"type": "Feature", "properties": {"highway": "footway", "footway": "crossing", "name": null, "surface": "asphalt", "lit": "yes", "length_m": 13.53, "type_element": "Way", "__fid": 54850}, "geometry": {"type": "LineString", "coordinates": [[2.3396899, 48.851861], [2.3398324, 48.8519382]]}}, {"type": "Feature", "properties": {"highway": "footway", "footway": "sidewalk", "name": null, "surface": "asphalt", "lit": "yes", "length_m": 6.77, "type_element": "Way", "__fid": 54851}, "geometry": {"type": "LineString", "coordinates": [[2.3396899, 48.851861], [2.3397344, 48.8518077]]}}, {"type": "Feature", "properties": {"highway": "pedestrian", "footway": null, "name": "Rue du Jardinet", "surface": "sett", "lit": "yes", "length_m": 81.86, "type_element": "Way", "__fid": 54872}, "geometry": {"type": "LineString", "coordinates": [[2.3397002, 48.8528777], [2.3400872, 48.8526612], [2.3405222, 48.85238070000001]]}}, {"type": "Feature", "properties": {"highway": "footway", "footway": "crossing", "name": null, "surface": "asphalt", "lit": "yes", "length_m": 9.18, "type_element": "Way", "__fid": 54893}, "geometry": {"type": "LineString", "coordinates": [[2.3397344, 48.8518077], [2.3398016, 48.8517381]]}}, {"type": "Feature", "properties": {"highway": "footway", "footway": "sidewalk", "name": null, "surface": "asphalt", "lit": "yes", "length_m": 5.61, "type_element": "Way", "__fid": 54944}, "geometry": {"type": "LineString", "coordinates": [[2.3398437, 48.84765860000003], [2.3399156, 48.8476758]]}}, {"type": "Feature", "properties": {"highway": "footway", "footway": "path", "name": null, "surface": "compacted", "lit": "no", "length_m": 28.45, "type_element": "Way", "__fid": 54945}, "geometry": {"type": "LineString", "coordinates": [[2.3400389, 48.8474375], [2.3398437, 48.84765860000003]]}}, {"type": "Feature", "properties": {"highway": "footway", "footway": "sidewalk", "name": null, "surface": "asphalt", "lit": "yes", "length_m": 3.89, "type_element": "Way", "__fid": 54952}, "geometry": {"type": "LineString", "coordinates": [[2.3398545, 48.85173990000001], [2.3398016, 48.8517381]]}}, {"type": "Feature", "properties": {"highway": "footway", "footway": "crossing", "name": null, "surface": "asphalt", "lit": "yes", "length_m": 14.8, "type_element": "Way", "__fid": 54974}, "geometry": {"type": "LineString", "coordinates": [[2.3398324, 48.8519382], [2.3398116, 48.8520162], [2.3398414, 48.8520664]]}}, {"type": "Feature", "properties": {"highway": "footway", "footway": "crossing", "name": null, "surface": "asphalt", "lit": "yes", "length_m": 13.94, "type_element": "Way", "__fid": 54975}, "geometry": {"type": "LineString", "coordinates": [[2.3398324, 48.8519382], [2.3399994, 48.8518784]]}}, {"type": "Feature", "properties": {"highway": "footway", "footway": "crossing", "name": null, "surface": "asphalt", "lit": "yes", "length_m": 25.41, "type_element": "Way", "__fid": 54990}, "geometry": {"type": "LineString", "coordinates": [[2.3398414, 48.8520664], [2.3399269, 48.85206919999999], [2.3401034, 48.852019100000014], [2.3401697, 48.852007700000016]]}}, {"type": "Feature", "properties": {"highway": "footway", "footway": "sidewalk", "name": null, "surface": "asphalt", "lit": "yes", "length_m": 8.9, "type_element": "Way", "__fid": 54991}, "geometry": {"type": "LineString", "coordinates": [[2.3398414, 48.8520664], [2.3398993, 48.85213670000002]]}}, {"type": "Feature", "properties": {"highway": "footway", "footway": "crossing", "name": null, "surface": "asphalt", "lit": "yes", "length_m": 6.58, "type_element": "Way", "__fid": 54998}, "geometry": {"type": "LineString", "coordinates": [[2.3398545, 48.85173990000001], [2.3398592, 48.8517678], [2.3398967, 48.8517866]]}}, {"type": "Feature", "properties": {"highway": "footway", "footway": "sidewalk", "name": null, "surface": "asphalt", "lit": "yes", "length_m": 14.81, "type_element": "Way", "__fid": 54999}, "geometry": {"type": "LineString", "coordinates": [[2.339932, 48.8516183], [2.3398968, 48.8516516], [2.3398545, 48.85173990000001]]}}, {"type": "Feature", "properties": {"highway": "pedestrian", "footway": null, "name": "Rue Antoine Dubois", "surface": "sett", "lit": "yes", "length_m": 11.85, "type_element": "Way", "__fid": 55003}, "geometry": {"type": "LineString", "coordinates": [[2.3399286, 48.8512953], [2.3398411, 48.8512358], [2.3398651, 48.8512182]]}}, {"type": "Feature", "properties": {"highway": "pedestrian", "footway": null, "name": "Rue Antoine Dubois", "surface": "sett", "lit": "yes", "length_m": 11.86, "type_element": "Way", "__fid": 55004}, "geometry": {"type": "LineString", "coordinates": [[2.3398651, 48.8512182], [2.3398897, 48.851202], [2.3399785, 48.85126179999999]]}}, {"type": "Feature", "properties": {"highway": "footway", "footway": "crossing", "name": null, "surface": "asphalt", "lit": "yes", "length_m": 18.56, "type_element": "Way", "__fid": 55009}, "geometry": {"type": "LineString", "coordinates": [[2.3399156, 48.8476758], [2.3399873, 48.8476873], [2.3401388, 48.8477503]]}}, {"type": "Feature", "properties": {"highway": "footway", "footway": "sidewalk", "name": null, "surface": "asphalt", "lit": "yes", "length_m": 29.33, "type_element": "Way", "__fid": 55010}, "geometry": {"type": "LineString", "coordinates": [[2.3401097, 48.8474452], [2.3399156, 48.8476758]]}}, {"type": "Feature", "properties": {"highway": "living_street", "footway": null, "name": "Rue de l'École de Médecine", "surface": "asphalt", "lit": "yes", "length_m": 3.63, "type_element": "Way", "__fid": 55018}, "geometry": {"type": "LineString", "coordinates": [[2.3398967, 48.8517866], [2.3398684, 48.8518134]]}}, {"type": "Feature", "properties": {"highway": "footway", "footway": "sidewalk", "name": null, "surface": "paving_stones", "lit": "yes", "length_m": 2.29, "type_element": "Way", "__fid": 55043}, "geometry": {"type": "LineString", "coordinates": [[2.33991230000013, 48.8499647666667], [2.33992829999997, 48.84998240000014]]}}, {"type": "Feature", "properties": {"highway": "footway", "footway": "crossing", "name": null, "surface": "asphalt", "lit": "yes", "length_m": 7.25, "type_element": "Way", "__fid": 55044}, "geometry": {"type": "LineString", "coordinates": [[2.33991230000013, 48.8499647666667], [2.339937066666754, 48.84990163333335]]}}, {"type": "Feature", "properties": {"highway": "footway", "footway": "sidewalk", "name": null, "surface": "asphalt", "lit": "yes", "length_m": 8.14, "type_element": "Way", "__fid": 55053}, "geometry": {"type": "LineString", "coordinates": [[2.3398967, 48.8517866], [2.339996, 48.85181930000001]]}}, {"type": "Feature", "properties": {"highway": "living_street", "footway": null, "name": "Rue de l'École de Médecine", "surface": "asphalt", "lit": "yes", "length_m": 3.43, "type_element": "Way", "__fid": 55054}, "geometry": {"type": "LineString", "coordinates": [[2.339922, 48.851760700000014], [2.3398967, 48.8517866]]}}, {"type": "Feature", "properties": {"highway": "footway", "footway": "crossing", "name": null, "surface": "asphalt", "lit": "yes", "length_m": 17.09, "type_element": "Way", "__fid": 55058}, "geometry": {"type": "LineString", "coordinates": [[2.3400105, 48.8522717], [2.3398993, 48.85213670000002]]}}, {"type": "Feature", "properties": {"highway": "service", "footway": null, "name": "Boulevard Saint-Germain", "surface": "asphalt", "lit": "yes", "length_m": 156.13, "type_element": "Way", "__fid": 55059}, "geometry": {"type": "LineString", "coordinates": [[2.3398993, 48.85213670000002], [2.3418945, 48.8516491]]}}, {"type": "Feature", "properties": {"highway": "footway", "footway": "crossing", "name": null, "surface": "asphalt", "lit": "yes", "length_m": 7.14, "type_element": "Way", "__fid": 55060}, "geometry": {"type": "LineString", "coordinates": [[2.3400165, 48.8500067], [2.3399919, 48.8499939], [2.33992829999997, 48.84998240000014]]}}, {"type": "Feature", "properties": {"highway": "service", "footway": null, "name": null, "surface": "asphalt", "lit": "yes", "length_m": 22.1, "type_element": "Way", "__fid": 55081}, "geometry": {"type": "LineString", "coordinates": [[2.3401268, 48.8516468], [2.3399943, 48.85176770000002], [2.3399699, 48.8517708], [2.339922, 48.851760700000014]]}}, {"type": "Feature", "properties": {"highway": "living_street", "footway": null, "name": "Rue de l'École de Médecine", "surface": "asphalt", "lit": "yes", "length_m": 39.53, "type_element": "Way", "__fid": 55082}, "geometry": {"type": "LineString", "coordinates": [[2.3402324, 48.851470099999986], [2.339922, 48.851760700000014]]}}, {"type": "Feature", "properties": {"highway": "pedestrian", "footway": null, "name": "Rue Antoine Dubois", "surface": "sett", "lit": "yes", "length_m": 14.02, "type_element": "Way", "__fid": 55083}, "geometry": {"type": "LineString", "coordinates": [[2.3399286, 48.8512953], [2.3400296, 48.851369], [2.3400586, 48.8513503]]}}, {"type": "Feature", "properties": {"highway": "pedestrian", "footway": null, "name": "Rue Antoine Dubois", "surface": "sett", "lit": "yes", "length_m": 5.22, "type_element": "Way", "__fid": 55084}, "geometry": {"type": "LineString", "coordinates": [[2.3399785, 48.85126179999999], [2.3399286, 48.8512953]]}}, {"type": "Feature", "properties": {"highway": "steps", "footway": null, "name": null, "surface": null, "lit": null, "length_m": 7.83, "type_element": "Way", "__fid": 55093}, "geometry": {"type": "LineString", "coordinates": [[2.339932, 48.8516183], [2.3399563, 48.85162780000001], [2.3400027, 48.8515861]]}}, {"type": "Feature", "properties": {"highway": "footway", "footway": "sidewalk", "name": null, "surface": "asphalt", "lit": "yes", "length_m": 27.6, "type_element": "Way", "__fid": 55094}, "geometry": {"type": "LineString", "coordinates": [[2.3401758, 48.8514318], [2.3400597, 48.8514976], [2.339932, 48.8516183]]}}, {"type": "Feature", "properties": {"highway": "footway", "footway": "crossing", "name": null, "surface": "asphalt", "lit": "yes", "length_m": 7.96, "type_element": "Way", "__fid": 55108}, "geometry": {"type": "LineString", "coordinates": [[2.34007, 48.8498941], [2.339962833333289, 48.84988316666674]]}}, {"type": "Feature", "properties": {"highway": "pedestrian", "footway": null, "name": "Rue Antoine Dubois", "surface": "sett", "lit": "yes", "length_m": 13.43, "type_element": "Way", "__fid": 55147}, "geometry": {"type": "LineString", "coordinates": [[2.3400586, 48.8513503], [2.3400808, 48.851333299999986], [2.3399785, 48.85126179999999]]}}, {"type": "Feature", "properties": {"highway": "footway", "footway": "path", "name": null, "surface": "compacted", "lit": "no", "length_m": 66.87, "type_element": "Way", "__fid": 55155}, "geometry": {"type": "LineString", "coordinates": [[2.3402206, 48.84685669999999], [2.3402249, 48.84704220000001], [2.3401989, 48.8471516], [2.3401456, 48.8472677], [2.3400389, 48.8474375]]}}, {"type": "Feature", "properties": {"highway": "footway", "footway": "path", "name": null, "surface": "asphalt", "lit": "no", "length_m": 5.51, "type_element": "Way", "__fid": 55156}, "geometry": {"type": "LineString", "coordinates": [[2.3400389, 48.8474375], [2.3400777, 48.8474344], [2.3401097, 48.8474452]]}}, {"type": "Feature", "properties": {"highway": "footway", "footway": "sidewalk", "name": null, "surface": "paving_stones", "lit": "yes", "length_m": 3.2, "type_element": "Way", "__fid": 55165}, "geometry": {"type": "LineString", "coordinates": [[2.3400165, 48.8500067], [2.3400577, 48.8499974]]}}, {"type": "Feature", "properties": {"highway": "footway", "footway": "sidewalk", "name": null, "surface": "asphalt", "lit": "yes", "length_m": 6.58, "type_element": "Way", "__fid": 55171}, "geometry": {"type": "LineString", "coordinates": [[2.3399994, 48.8518784], [2.339996, 48.85181930000001]]}}, {"type": "Feature", "properties": {"highway": "footway", "footway": "sidewalk", "name": null, "surface": "asphalt", "lit": "yes", "length_m": 46.46, "type_element": "Way", "__fid": 55172}, "geometry": {"type": "LineString", "coordinates": [[2.339996, 48.85181930000001], [2.340285, 48.8515373], [2.3403668, 48.8514818]]}}, {"type": "Feature", "properties": {"highway": "footway", "footway": "sidewalk", "name": null, "surface": "asphalt", "lit": "yes", "length_m": 19.08, "type_element": "Way", "__fid": 55178}, "geometry": {"type": "LineString", "coordinates": [[2.3401697, 48.852007700000016], [2.3400522, 48.851926], [2.3399994, 48.8518784]]}}, {"type": "Feature", "properties": {"highway": "footway", "footway": "sidewalk", "name": null, "surface": "asphalt", "lit": "yes", "length_m": 30.25, "type_element": "Way", "__fid": 55190}, "geometry": {"type": "LineString", "coordinates": [[2.3400105, 48.8522717], [2.3403997, 48.852182]]}}, {"type": "Feature", "properties": {"highway": "footway", "footway": "sidewalk", "name": null, "surface": "asphalt", "lit": "yes", "length_m": 183.92, "type_element": "Way", "__fid": 55199}, "geometry": {"type": "LineString", "coordinates": [[2.3400577, 48.8499974], [2.3401174, 48.85000160000001], [2.3423703, 48.8503447], [2.3424991, 48.850369600000015]]}}, {"type": "Feature", "properties": {"highway": "footway", "footway": "crossing", "name": null, "surface": "asphalt", "lit": "yes", "length_m": 9.2, "type_element": "Way", "__fid": 55200}, "geometry": {"type": "LineString", "coordinates": [[2.3400577, 48.8499974], [2.3400838, 48.8499165]]}}, {"type": "Feature", "properties": {"highway": "footway", "footway": "sidewalk", "name": null, "surface": "asphalt", "lit": "yes", "length_m": 2.69, "type_element": "Way", "__fid": 55209}, "geometry": {"type": "LineString", "coordinates": [[2.34007, 48.8498941], [2.3400838, 48.8499165]]}}, {"type": "Feature", "properties": {"highway": "footway", "footway": "sidewalk", "name": null, "surface": "asphalt", "lit": "yes", "length_m": 105.82, "type_element": "Way", "__fid": 55210}, "geometry": {"type": "LineString", "coordinates": [[2.3404933, 48.8489904], [2.3402549, 48.8494783], [2.3402342, 48.84948679999999], [2.3400734, 48.8498405], [2.34007, 48.8498941]]}}, {"type": "Feature", "properties": {"highway": "pedestrian", "footway": null, "name": "Rue Antoine Dubois", "surface": "sett", "lit": "yes", "length_m": 12.49, "type_element": "Way", "__fid": 55218}, "geometry": {"type": "LineString", "coordinates": [[2.3400586, 48.8513503], [2.3401758, 48.8514318]]}}, {"type": "Feature", "properties": {"highway": "footway", "footway": "sidewalk", "name": null, "surface": "asphalt", "lit": "yes", "length_m": 67.91, "type_element": "Way", "__fid": 55220}, "geometry": {"type": "LineString", "coordinates": [[2.3403124, 48.8468538], [2.3402916, 48.8470358], [2.3402505, 48.8471796], [2.3401825, 48.8473336], [2.3401097, 48.8474452]]}}, {"type": "Feature", "properties": {"highway": "footway", "footway": "sidewalk", "name": null, "surface": "asphalt", "lit": "yes", "length_m": 179.36, "type_element": "Way", "__fid": 55225}, "geometry": {"type": "LineString", "coordinates": [[2.3400838, 48.8499165], [2.342369, 48.8502708], [2.3424635, 48.85025729999999]]}}, {"type": "Feature", "properties": {"highway": "footway", "footway": "sidewalk", "name": null, "surface": "asphalt", "lit": "yes", "length_m": 54.44, "type_element": "Way", "__fid": 55254}, "geometry": {"type": "LineString", "coordinates": [[2.3401388, 48.8477503], [2.3401656, 48.8477255], [2.3407683, 48.8475968], [2.3408278, 48.84760880000002]]}}, {"type": "Feature", "properties": {"highway": "pedestrian", "footway": null, "name": "Rue Antoine Dubois", "surface": "sett", "lit": "yes", "length_m": 5.95, "type_element": "Way", "__fid": 55344}, "geometry": {"type": "LineString", "coordinates": [[2.3401758, 48.8514318], [2.3402324, 48.851470099999986]]}}, {"type": "Feature", "properties": {"highway": "footway", "footway": "sidewalk", "name": null, "surface": "asphalt", "lit": "yes", "length_m": 5.17, "type_element": "Way", "__fid": 55345}, "geometry": {"type": "LineString", "coordinates": [[2.340224, 48.8513979], [2.3401758, 48.8514318]]}}, {"type": "Feature", "properties": {"highway": "footway", "footway": "sidewalk", "name": null, "surface": "asphalt", "lit": "yes", "length_m": 131.71, "type_element": "Way", "__fid": 55346}, "geometry": {"type": "LineString", "coordinates": [[2.3418521, 48.8516053], [2.3418099, 48.8516009], [2.3401697, 48.852007700000016]]}}, {"type": "Feature", "properties": {"highway": "footway", "footway": "sidewalk", "name": null, "surface": "asphalt", "lit": "yes", "length_m": 5.88, "type_element": "Way", "__fid": 55391}, "geometry": {"type": "LineString", "coordinates": [[2.340224, 48.8513979], [2.3402852, 48.8514321]]}}, {"type": "Feature", "properties": {"highway": "footway", "footway": "sidewalk", "name": null, "surface": "asphalt", "lit": "yes", "length_m": 97.3, "type_element": "Way", "__fid": 55392}, "geometry": {"type": "LineString", "coordinates": [[2.3411946, 48.8508084], [2.3411041, 48.85083560000001], [2.3408289, 48.850988], [2.3404852, 48.85121150000001], [2.340224, 48.8513979]]}}, {"type": "Feature", "properties": {"highway": "living_street", "footway": null, "name": "Rue de l'École de Médecine", "surface": "asphalt", "lit": "yes", "length_m": 5.73, "type_element": "Way", "__fid": 55398}, "geometry": {"type": "LineString", "coordinates": [[2.3402852, 48.8514321], [2.3402324, 48.851470099999986]]}}, {"type": "Feature", "properties": {"highway": "footway", "footway": "sidewalk", "name": null, "surface": "asphalt", "lit": "yes", "length_m": 8.15, "type_element": "Way", "__fid": 55465}, "geometry": {"type": "LineString", "coordinates": [[2.3403668, 48.8514818], [2.3402852, 48.8514321]]}}, {"type": "Feature", "properties": {"highway": "living_street", "footway": null, "name": "Rue de l'École de Médecine", "surface": "asphalt", "lit": "yes", "length_m": 86.24, "type_element": "Way", "__fid": 55466}, "geometry": {"type": "LineString", "coordinates": [[2.3411406, 48.8509027], [2.3406671, 48.8511613], [2.3402852, 48.8514321]]}}, {"type": "Feature", "properties": {"highway": "footway", "footway": "crossing", "name": null, "surface": "asphalt", "lit": "yes", "length_m": 8.43, "type_element": "Way", "__fid": 55519}, "geometry": {"type": "LineString", "coordinates": [[2.340386200000129, 48.84891663333336], [2.3403949, 48.848841]]}}, {"type": "Feature", "properties": {"highway": "footway", "footway": "sidewalk", "name": null, "surface": "asphalt", "lit": "yes", "length_m": 3.59, "type_element": "Way", "__fid": 55529}, "geometry": {"type": "LineString", "coordinates": [[2.3404277, 48.8488171], [2.3403949, 48.848841]]}}, {"type": "Feature", "properties": {"highway": "footway", "footway": "sidewalk", "name": null, "surface": "asphalt", "lit": "yes", "length_m": 93.33, "type_element": "Way", "__fid": 55535}, "geometry": {"type": "LineString", "coordinates": [[2.3403668, 48.8514818], [2.3409442, 48.8511058], [2.341195, 48.85097079999998], [2.3412265, 48.8509284], [2.3412915, 48.85093369999998]]}}, {"type": "Feature", "properties": {"highway": "footway", "footway": "crossing", "name": null, "surface": "asphalt", "lit": "yes", "length_m": 8.72, "type_element": "Way", "__fid": 55539}, "geometry": {"type": "LineString", "coordinates": [[2.340401699999934, 48.848940466666726], [2.3404933, 48.8489904]]}}, {"type": "Feature", "properties": {"highway": "footway", "footway": "crossing", "name": null, "surface": null, "lit": "yes", "length_m": 10.07, "type_element": "Way", "__fid": 55554}, "geometry": {"type": "LineString", "coordinates": [[2.3405627, 48.8488334], [2.3404277, 48.8488171]]}}, {"type": "Feature", "properties": {"highway": "footway", "footway": "sidewalk", "name": null, "surface": "asphalt", "lit": "yes", "length_m": 120.56, "type_element": "Way", "__fid": 55555}, "geometry": {"type": "LineString", "coordinates": [[2.3409328, 48.8477867], [2.3408933, 48.8478886], [2.3407477, 48.8481182], [2.3404277, 48.8488171]]}}, {"type": "Feature", "properties": {"highway": "footway", "footway": "sidewalk", "name": null, "surface": "asphalt", "lit": "yes", "length_m": 7.18, "type_element": "Way", "__fid": 55576}, "geometry": {"type": "LineString", "coordinates": [[2.3403997, 48.852182], [2.3404766, 48.8522219]]}}, {"type": "Feature", "properties": {"highway": "footway", "footway": "crossing", "name": null, "surface": "asphalt", "lit": "yes", "length_m": 24.57, "type_element": "Way", "__fid": 55577}, "geometry": {"type": "LineString", "coordinates": [[2.3403997, 48.852182], [2.3406807, 48.8521101], [2.34071, 48.8521207]]}}, {"type": "Feature", "properties": {"highway": "footway", "footway": "sidewalk", "name": null, "surface": "asphalt", "lit": "yes", "length_m": 2.92, "type_element": "Way", "__fid": 55630}, "geometry": {"type": "LineString", "coordinates": [[2.3405261, 48.84897559999999], [2.3404933, 48.8489904]]}}, {"type": "Feature", "properties": {"highway": "footway", "footway": "crossing", "name": null, "surface": "asphalt", "lit": "yes", "length_m": 4.85, "type_element": "Way", "__fid": 55652}, "geometry": {"type": "LineString", "coordinates": [[2.3404766, 48.8522219], [2.3405386, 48.852237]]}}, {"type": "Feature", "properties": {"highway": "footway", "footway": "sidewalk", "name": null, "surface": "paving_stones", "lit": "yes", "length_m": 17.97, "type_element": "Way", "__fid": 55653}, "geometry": {"type": "LineString", "coordinates": [[2.3404766, 48.8522219], [2.3405222, 48.85238070000001]]}}, {"type": "Feature", "properties": {"highway": "footway", "footway": "crossing", "name": null, "surface": "asphalt", "lit": "yes", "length_m": 12.87, "type_element": "Way", "__fid": 55659}, "geometry": {"type": "LineString", "coordinates": [[2.3405261, 48.84897559999999], [2.340568966666778, 48.848863400000035]]}}, {"type": "Feature", "properties": {"highway": "footway", "footway": "sidewalk", "name": null, "surface": "asphalt", "lit": "yes", "length_m": 81.53, "type_element": "Way", "__fid": 55660}, "geometry": {"type": "LineString", "coordinates": [[2.3416319, 48.8489045], [2.3405261, 48.84897559999999]]}}, {"type": "Feature", "properties": {"highway": "footway", "footway": "sidewalk", "name": null, "surface": "asphalt", "lit": "yes", "length_m": 75.65, "type_element": "Way", "__fid": 55680}, "geometry": {"type": "LineString", "coordinates": [[2.3405627, 48.8488334], [2.3405711, 48.848858], [2.3406423, 48.8488632], [2.3415571, 48.8487929]]}}, {"type": "Feature", "properties": {"highway": "footway", "footway": "sidewalk", "name": null, "surface": "asphalt", "lit": "yes", "length_m": 100.96, "type_element": "Way", "__fid": 55681}, "geometry": {"type": "LineString", "coordinates": [[2.34095, 48.847969], [2.340837, 48.84821], [2.3408111, 48.84822960000001], [2.3405601, 48.8487596], [2.3405684, 48.84879580000001], [2.3405627, 48.8488334]]}}, {"type": "Feature", "properties": {"highway": "living_street", "footway": null, "name": "Rue de l'Éperon", "surface": "asphalt", "lit": "yes", "length_m": 9.21, "type_element": "Way", "__fid": 55682}, "geometry": {"type": "LineString", "coordinates": [[2.3405212, 48.852155], [2.3405386, 48.852237]]}}, {"type": "Feature", "properties": {"highway": "footway", "footway": "sidewalk", "name": null, "surface": "paving_stones", "lit": "yes", "length_m": 8.38, "type_element": "Way", "__fid": 55686}, "geometry": {"type": "LineString", "coordinates": [[2.3405222, 48.85238070000001], [2.3405432, 48.8524548]]}}, {"type": "Feature", "properties": {"highway": "pedestrian", "footway": null, "name": "Rue du Jardinet", "surface": "sett", "lit": "yes", "length_m": 4.23, "type_element": "Way", "__fid": 55687}, "geometry": {"type": "LineString", "coordinates": [[2.3405222, 48.85238070000001], [2.3405635, 48.8523541]]}}, {"type": "Feature", "properties": {"highway": "footway", "footway": "crossing", "name": null, "surface": "asphalt", "lit": "yes", "length_m": 3.04, "type_element": "Way", "__fid": 55704}, "geometry": {"type": "LineString", "coordinates": [[2.3405386, 48.852237], [2.340577466666556, 48.85224653333344]]}}, {"type": "Feature", "properties": {"highway": "living_street", "footway": null, "name": "Rue de l'Éperon", "surface": "asphalt", "lit": "yes", "length_m": 13.15, "type_element": "Way", "__fid": 55705}, "geometry": {"type": "LineString", "coordinates": [[2.3405386, 48.852237], [2.3405635, 48.8523541]]}}, {"type": "Feature", "properties": {"highway": "footway", "footway": "sidewalk", "name": null, "surface": "paving_stones", "lit": "yes", "length_m": 47.18, "type_element": "Way", "__fid": 55712}, "geometry": {"type": "LineString", "coordinates": [[2.3405432, 48.8524548], [2.3406453, 48.8528132], [2.3406519, 48.8528727]]}}, {"type": "Feature", "properties": {"highway": "footway", "footway": "crossing", "name": null, "surface": "asphalt", "lit": "yes", "length_m": 3.05, "type_element": "Way", "__fid": 55713}, "geometry": {"type": "LineString", "coordinates": [[2.3405432, 48.8524548], [2.3405841, 48.8524501]]}}, {"type": "Feature", "properties": {"highway": "living_street", "footway": null, "name": "Rue de l'Éperon", "surface": "asphalt", "lit": "yes", "length_m": 10.78, "type_element": "Way", "__fid": 55724}, "geometry": {"type": "LineString", "coordinates": [[2.3405635, 48.8523541], [2.3405841, 48.8524501]]}}, {"type": "Feature", "properties": {"highway": "footway", "footway": "sidewalk", "name": null, "surface": "asphalt", "lit": "yes", "length_m": 4.59, "type_element": "Way", "__fid": 55736}, "geometry": {"type": "LineString", "coordinates": [[2.340577466666556, 48.85224653333344], [2.3406397, 48.8522422]]}}, {"type": "Feature", "properties": {"highway": "footway", "footway": "sidewalk", "name": null, "surface": "paving_stones", "lit": "yes", "length_m": 22.24, "type_element": "Way", "__fid": 55737}, "geometry": {"type": "LineString", "coordinates": [[2.3406384, 48.8524425], [2.340577466666556, 48.85224653333344]]}}, {"type": "Feature", "properties": {"highway": "living_street", "footway": null, "name": "Rue de l'Éperon", "surface": "asphalt", "lit": "yes", "length_m": 5.26, "type_element": "Way", "__fid": 55744}, "geometry": {"type": "LineString", "coordinates": [[2.3405841, 48.8524501], [2.3405938, 48.852497]]}}, {"type": "Feature", "properties": {"highway": "footway", "footway": "sidewalk", "name": null, "surface": "paving_stones", "lit": "yes", "length_m": 4.07, "type_element": "Way", "__fid": 55745}, "geometry": {"type": "LineString", "coordinates": [[2.3405841, 48.8524501], [2.3406384, 48.8524425]]}}, {"type": "Feature", "properties": {"highway": "living_street", "footway": null, "name": "Rue de l'Éperon", "surface": "asphalt", "lit": "yes", "length_m": 42.06, "type_element": "Way", "__fid": 55747}, "geometry": {"type": "LineString", "coordinates": [[2.3405938, 48.852497], [2.3406876, 48.85287020000001]]}}, {"type": "Feature", "properties": {"highway": "living_street", "footway": null, "name": "Rue Serpente", "surface": "asphalt", "lit": "yes", "length_m": 4.2, "type_element": "Way", "__fid": 55748}, "geometry": {"type": "LineString", "coordinates": [[2.3405938, 48.852497], [2.3406504, 48.8524911]]}}, {"type": "Feature", "properties": {"highway": "footway", "footway": "sidewalk", "name": null, "surface": "asphalt", "lit": "yes", "length_m": 43.47, "type_element": "Way", "__fid": 55796}, "geometry": {"type": "LineString", "coordinates": [[2.3406397, 48.8522422], [2.3411752, 48.8523578], [2.3411869, 48.852375299999984]]}}, {"type": "Feature", "properties": {"highway": "footway", "footway": "crossing", "name": null, "surface": "asphalt", "lit": "yes", "length_m": 14.46, "type_element": "Way", "__fid": 55797}, "geometry": {"type": "LineString", "coordinates": [[2.34071, 48.8521207], [2.3406397, 48.8522422]]}}, {"type": "Feature", "properties": {"highway": "footway", "footway": "sidewalk", "name": null, "surface": "paving_stones", "lit": "yes", "length_m": 1.99, "type_element": "Way", "__fid": 55798}, "geometry": {"type": "LineString", "coordinates": [[2.3406508, 48.85245840000001], [2.3406384, 48.8524425]]}}, {"type": "Feature", "properties": {"highway": "footway", "footway": "sidewalk", "name": null, "surface": "asphalt", "lit": "yes", "length_m": 41.95, "type_element": "Way", "__fid": 55812}, "geometry": {"type": "LineString", "coordinates": [[2.3411869, 48.852375299999984], [2.3411678, 48.852403], [2.3406676, 48.8524617], [2.3406508, 48.85245840000001]]}}, {"type": "Feature", "properties": {"highway": "footway", "footway": "crossing", "name": null, "surface": "asphalt", "lit": "yes", "length_m": 3.64, "type_element": "Way", "__fid": 55813}, "geometry": {"type": "LineString", "coordinates": [[2.3406508, 48.85245840000001], [2.3406504, 48.8524911]]}}, {"type": "Feature", "properties": {"highway": "footway", "footway": "crossing", "name": null, "surface": "asphalt", "lit": "yes", "length_m": 2.89, "type_element": "Way", "__fid": 55814}, "geometry": {"type": "LineString", "coordinates": [[2.340655033333246, 48.85251693333335], [2.3406504, 48.8524911]]}}, {"type": "Feature", "properties": {"highway": "living_street", "footway": null, "name": "Rue Serpente", "surface": "asphalt", "lit": "yes", "length_m": 46.89, "type_element": "Way", "__fid": 55815}, "geometry": {"type": "LineString", "coordinates": [[2.3406504, 48.8524911], [2.341205, 48.8524332], [2.3412346, 48.8523859]]}}, {"type": "Feature", "properties": {"highway": "footway", "footway": "sidewalk", "name": null, "surface": "asphalt", "lit": "yes", "length_m": 52.54, "type_element": "Way", "__fid": 55818}, "geometry": {"type": "LineString", "coordinates": [[2.3413331, 48.85240550000001], [2.3412621, 48.8524531], [2.340655033333246, 48.85251693333335]]}}, {"type": "Feature", "properties": {"highway": "footway", "footway": "sidewalk", "name": null, "surface": "paving_stones", "lit": "yes", "length_m": 40.31, "type_element": "Way", "__fid": 55819}, "geometry": {"type": "LineString", "coordinates": [[2.340655033333246, 48.85251693333335], [2.3406351, 48.8525237], [2.3407182, 48.85283589999999], [2.3407373, 48.8528639]]}}, {"type": "Feature", "properties": {"highway": "footway", "footway": "sidewalk", "name": null, "surface": "paving_stones", "lit": "yes", "length_m": 16.33, "type_element": "Way", "__fid": 55822}, "geometry": {"type": "LineString", "coordinates": [[2.3406519, 48.8528727], [2.3406778, 48.8530105], [2.340688900000176, 48.85301383333343]]}}, {"type": "Feature", "properties": {"highway": "footway", "footway": "sidewalk", "name": null, "surface": "paving_stones", "lit": "yes", "length_m": 2.63, "type_element": "Way", "__fid": 55823}, "geometry": {"type": "LineString", "coordinates": [[2.3406519, 48.8528727], [2.3406876, 48.85287020000001]]}}, {"type": "Feature", "properties": {"highway": "living_street", "footway": null, "name": "Rue de l'Éperon", "surface": "asphalt", "lit": "yes", "length_m": 6.09, "type_element": "Way", "__fid": 55871}, "geometry": {"type": "LineString", "coordinates": [[2.3406876, 48.85287020000001], [2.3407024, 48.8529241]]}}, {"type": "Feature", "properties": {"highway": "footway", "footway": "crossing", "name": null, "surface": "asphalt", "lit": "yes", "length_m": 3.71, "type_element": "Way", "__fid": 55872}, "geometry": {"type": "LineString", "coordinates": [[2.3406876, 48.85287020000001], [2.3407373, 48.8528639]]}}, {"type": "Feature", "properties": {"highway": "footway", "footway": "sidewalk", "name": null, "surface": "paving_stones", "lit": "yes", "length_m": 38.18, "type_element": "Way", "__fid": 55874}, "geometry": {"type": "LineString", "coordinates": [[2.340688900000176, 48.85301383333343], [2.3408765, 48.8533091], [2.3408694, 48.853331800000014]]}}, {"type": "Feature", "properties": {"highway": "footway", "footway": "crossing", "name": null, "surface": "asphalt", "lit": "yes", "length_m": 2.64, "type_element": "Way", "__fid": 55875}, "geometry": {"type": "LineString", "coordinates": [[2.340688900000176, 48.85301383333343], [2.3407204, 48.8530024]]}}, {"type": "Feature", "properties": {"highway": "footway", "footway": "sidewalk", "name": null, "surface": "asphalt", "lit": "yes", "length_m": 79.55, "type_element": "Way", "__fid": 55883}, "geometry": {"type": "LineString", "coordinates": [[2.3417293, 48.8523378], [2.341663, 48.8523413], [2.3407518, 48.8521506], [2.34071, 48.8521207]]}}, {"type": "Feature", "properties": {"highway": "footway", "footway": "sidewalk", "name": null, "surface": "asphalt", "lit": "yes", "length_m": 58.36, "type_element": "Way", "__fid": 55884}, "geometry": {"type": "LineString", "coordinates": [[2.34071, 48.8521207], [2.3407444, 48.85209159999999], [2.3414421, 48.8519302]]}}, {"type": "Feature", "properties": {"highway": "living_street", "footway": null, "name": "Rue de l'Éperon", "surface": "asphalt", "lit": "yes", "length_m": 8.81, "type_element": "Way", "__fid": 55889}, "geometry": {"type": "LineString", "coordinates": [[2.3407024, 48.8529241], [2.3407204, 48.8530024]]}}, {"type": "Feature", "properties": {"highway": "living_street", "footway": null, "name": "Rue Suger", "surface": "asphalt", "lit": "yes", "length_m": 5.85, "type_element": "Way", "__fid": 55890}, "geometry": {"type": "LineString", "coordinates": [[2.3407024, 48.8529241], [2.3407821, 48.8529243]]}}, {"type": "Feature", "properties": {"highway": "living_street", "footway": null, "name": "Rue de l'Éperon", "surface": "asphalt", "lit": "yes", "length_m": 40.28, "type_element": "Way", "__fid": 55904}, "geometry": {"type": "LineString", "coordinates": [[2.3407204, 48.8530024], [2.3409353, 48.85333570000002]]}}, {"type": "Feature", "properties": {"highway": "footway", "footway": "sidewalk", "name": null, "surface": "paving_stones", "lit": "yes", "length_m": 3.03, "type_element": "Way", "__fid": 55905}, "geometry": {"type": "LineString", "coordinates": [[2.3407204, 48.8530024], [2.340759, 48.8529928]]}}, {"type": "Feature", "properties": {"highway": "footway", "footway": "sidewalk", "name": null, "surface": "paving_stones", "lit": "yes", "length_m": 5.21, "type_element": "Way", "__fid": 55923}, "geometry": {"type": "LineString", "coordinates": [[2.3407373, 48.8528639], [2.3407906, 48.8528948]]}}, {"type": "Feature", "properties": {"highway": "footway", "footway": "sidewalk", "name": null, "surface": "paving_stones", "lit": "yes", "length_m": 41.69, "type_element": "Way", "__fid": 55948}, "geometry": {"type": "LineString", "coordinates": [[2.340759, 48.8529928], [2.3407982, 48.8530272], [2.3408453, 48.8531026], [2.3408402, 48.8531463], [2.3409736, 48.8533331]]}}, {"type": "Feature", "properties": {"highway": "footway", "footway": "sidewalk", "name": null, "surface": "paving_stones", "lit": "yes", "length_m": 5.0, "type_element": "Way", "__fid": 55949}, "geometry": {"type": "LineString", "coordinates": [[2.3407902, 48.8529528], [2.340759, 48.8529928]]}}, {"type": "Feature", "properties": {"highway": "footway", "footway": "sidewalk", "name": null, "surface": "asphalt", "lit": "yes", "length_m": 21.23, "type_element": "Way", "__fid": 55950}, "geometry": {"type": "LineString", "coordinates": [[2.3408278, 48.84760880000002], [2.3409328, 48.8477867]]}}, {"type": "Feature", "properties": {"highway": "footway", "footway": "crossing", "name": null, "surface": "asphalt", "lit": "yes", "length_m": 12.32, "type_element": "Way", "__fid": 55951}, "geometry": {"type": "LineString", "coordinates": [[2.3408278, 48.84760880000002], [2.3409825, 48.8475657]]}}, {"type": "Feature", "properties": {"highway": "service", "footway": null, "name": "Boulevard Saint-Michel", "surface": "asphalt", "lit": "yes", "length_m": 14.88, "type_element": "Way", "__fid": 55952}, "geometry": {"type": "LineString", "coordinates": [[2.3409825, 48.8475657], [2.3408305, 48.8474772]]}}, {"type": "Feature", "properties": {"highway": "living_street", "footway": null, "name": "Rue Suger", "surface": "asphalt", "lit": "yes", "length_m": 144.91, "type_element": "Way", "__fid": 55978}, "geometry": {"type": "LineString", "coordinates": [[2.3407821, 48.8529243], [2.3413179, 48.8529338], [2.3414879, 48.85294370000001], [2.341945, 48.8529911], [2.3426656, 48.853029499999984], [2.3427054, 48.8530237], [2.3427337, 48.8530034]]}}, {"type": "Feature", "properties": {"highway": "footway", "footway": "crossing", "name": null, "surface": "asphalt", "lit": "yes", "length_m": 3.62, "type_element": "Way", "__fid": 55979}, "geometry": {"type": "LineString", "coordinates": [[2.3407902, 48.8529528], [2.3407772, 48.852945], [2.3407821, 48.8529243]]}}, {"type": "Feature", "properties": {"highway": "footway", "footway": "crossing", "name": null, "surface": "asphalt", "lit": "yes", "length_m": 3.34, "type_element": "Way", "__fid": 55980}, "geometry": {"type": "LineString", "coordinates": [[2.3407821, 48.8529243], [2.3407906, 48.8528948]]}}, {"type": "Feature", "properties": {"highway": "footway", "footway": "sidewalk", "name": null, "surface": "asphalt", "lit": "yes", "length_m": 140.32, "type_element": "Way", "__fid": 55989}, "geometry": {"type": "LineString", "coordinates": [[2.3407906, 48.8528948], [2.3413334, 48.8529151], [2.3419319, 48.8529753], [2.3426313, 48.8530029], [2.3426816, 48.8529784]]}}, {"type": "Feature", "properties": {"highway": "footway", "footway": "sidewalk", "name": null, "surface": "asphalt", "lit": "yes", "length_m": 138.69, "type_element": "Way", "__fid": 55990}, "geometry": {"type": "LineString", "coordinates": [[2.3426674, 48.853061], [2.342569, 48.8530412], [2.3420645, 48.8530146], [2.3415694, 48.8529674], [2.3413284, 48.8529525], [2.3409867, 48.8529603], [2.3407902, 48.8529528]]}}, {"type": "Feature", "properties": {"highway": "footway", "footway": "crossing", "name": null, "surface": "asphalt", "lit": "yes", "length_m": 10.98, "type_element": "Way", "__fid": 56068}, "geometry": {"type": "LineString", "coordinates": [[2.3409328, 48.8477867], [2.3409988, 48.8478753]]}}, {"type": "Feature", "properties": {"highway": "footway", "footway": "sidewalk", "name": null, "surface": "asphalt", "lit": "yes", "length_m": 11.02, "type_element": "Way", "__fid": 56099}, "geometry": {"type": "LineString", "coordinates": [[2.3409988, 48.8478753], [2.34095, 48.847969]]}}, {"type": "Feature", "properties": {"highway": "footway", "footway": "sidewalk", "name": null, "surface": "asphalt", "lit": "yes", "length_m": 7.47, "type_element": "Way", "__fid": 56100}, "geometry": {"type": "LineString", "coordinates": [[2.34095, 48.847969], [2.3410514, 48.84796280000001]]}}, {"type": "Feature", "properties": {"highway": "footway", "footway": "crossing", "name": null, "surface": "asphalt", "lit": "yes", "length_m": 8.67, "type_element": "Way", "__fid": 56155}, "geometry": {"type": "LineString", "coordinates": [[2.3409825, 48.8475657], [2.341091, 48.84753480000001]]}}, {"type": "Feature", "properties": {"highway": "service", "footway": null, "name": null, "surface": "asphalt", "lit": null, "length_m": 25.79, "type_element": "Way", "__fid": 56160}, "geometry": {"type": "LineString", "coordinates": [[2.3411406, 48.8509027], [2.3411239, 48.8509682], [2.3410925, 48.8509953], [2.3409399, 48.8510797]]}}, {"type": "Feature", "properties": {"highway": "footway", "footway": "sidewalk", "name": null, "surface": "asphalt", "lit": "yes", "length_m": 10.47, "type_element": "Way", "__fid": 56181}, "geometry": {"type": "LineString", "coordinates": [[2.3410514, 48.84796280000001], [2.3409988, 48.8478753]]}}, {"type": "Feature", "properties": {"highway": "service", "footway": null, "name": null, "surface": "sett", "lit": null, "length_m": 29.47, "type_element": "Way", "__fid": 56221}, "geometry": {"type": "LineString", "coordinates": [[2.3409925, 48.85058630000002], [2.3411765, 48.8507416], [2.3411946, 48.8508084]]}}, {"type": "Feature", "properties": {"highway": "footway", "footway": "sidewalk", "name": null, "surface": "asphalt", "lit": "yes", "length_m": 88.6, "type_element": "Way", "__fid": 56245}, "geometry": {"type": "LineString", "coordinates": [[2.341497, 48.8487033], [2.3410514, 48.84796280000001]]}}, {"type": "Feature", "properties": {"highway": "footway", "footway": "sidewalk", "name": null, "surface": "asphalt", "lit": "yes", "length_m": 13.27, "type_element": "Way", "__fid": 56279}, "geometry": {"type": "LineString", "coordinates": [[2.3411996, 48.8476134], [2.3411568, 48.847544], [2.341091, 48.84753480000001]]}}, {"type": "Feature", "properties": {"highway": "footway", "footway": "sidewalk", "name": null, "surface": "asphalt", "lit": "yes", "length_m": 23.96, "type_element": "Way", "__fid": 56280}, "geometry": {"type": "LineString", "coordinates": [[2.3412007, 48.8473632], [2.3411165, 48.8473861], [2.341087, 48.8474216], [2.3410743, 48.8474677], [2.341091, 48.84753480000001]]}}, {"type": "Feature", "properties": {"highway": "footway", "footway": "crossing", "name": null, "surface": "asphalt", "lit": "yes", "length_m": 19.46, "type_element": "Way", "__fid": 56306}, "geometry": {"type": "LineString", "coordinates": [[2.3411145, 48.8471977], [2.3412007, 48.8473632]]}}, {"type": "Feature", "properties": {"highway": "footway", "footway": null, "name": null, "surface": null, "lit": null, "length_m": 32.4, "type_element": "Way", "__fid": 56319}, "geometry": {"type": "LineString", "coordinates": [[2.3410837, 48.8505551], [2.3410677, 48.85056179999999], [2.3411915, 48.8507009], [2.3412408, 48.850771], [2.3412544, 48.8508103]]}}, {"type": "Feature", "properties": {"highway": "footway", "footway": null, "name": null, "surface": "concrete", "lit": null, "length_m": 22.45, "type_element": "Way", "__fid": 56370}, "geometry": {"type": "LineString", "coordinates": [[2.3411996, 48.8476134], [2.3411462, 48.8476277], [2.3411795, 48.8476813], [2.3411638, 48.847685100000014], [2.3411326, 48.8476357], [2.3411624, 48.8476721]]}}, {"type": "Feature", "properties": {"highway": "living_street", "footway": null, "name": "Rue de l'École de Médecine", "surface": "asphalt", "lit": "yes", "length_m": 6.04, "type_element": "Way", "__fid": 56381}, "geometry": {"type": "LineString", "coordinates": [[2.3412077, 48.8508713], [2.3411406, 48.8509027]]}}, {"type": "Feature", "properties": {"highway": "footway", "footway": "sidewalk", "name": null, "surface": "paving_stones", "lit": "yes", "length_m": 19.47, "type_element": "Way", "__fid": 56400}, "geometry": {"type": "LineString", "coordinates": [[2.3412007, 48.8473632], [2.3414546, 48.8473125]]}}, {"type": "Feature", "properties": {"highway": "footway", "footway": "sidewalk", "name": null, "surface": "asphalt", "lit": "yes", "length_m": 73.1, "type_element": "Way", "__fid": 56404}, "geometry": {"type": "LineString", "coordinates": [[2.3415752, 48.8482223], [2.3411996, 48.8476134]]}}, {"type": "Feature", "properties": {"highway": "service", "footway": null, "name": null, "surface": "sett", "lit": null, "length_m": 7.06, "type_element": "Way", "__fid": 56437}, "geometry": {"type": "LineString", "coordinates": [[2.3411946, 48.8508084], [2.3412077, 48.8508713]]}}, {"type": "Feature", "properties": {"highway": "footway", "footway": "sidewalk", "name": null, "surface": "asphalt", "lit": "yes", "length_m": 4.39, "type_element": "Way", "__fid": 56438}, "geometry": {"type": "LineString", "coordinates": [[2.3412544, 48.8508103], [2.3411946, 48.8508084]]}}, {"type": "Feature", "properties": {"highway": "footway", "footway": "crossing", "name": null, "surface": "asphalt", "lit": "yes", "length_m": 3.69, "type_element": "Way", "__fid": 56445}, "geometry": {"type": "LineString", "coordinates": [[2.3411869, 48.852375299999984], [2.3412346, 48.8523859]]}}, {"type": "Feature", "properties": {"highway": "living_street", "footway": null, "name": "Rue de l'École de Médecine", "surface": "asphalt", "lit": "yes", "length_m": 6.38, "type_element": "Way", "__fid": 56447}, "geometry": {"type": "LineString", "coordinates": [[2.3412914, 48.850880299999986], [2.3412496, 48.8508693], [2.3412077, 48.8508713]]}}, {"type": "Feature", "properties": {"highway": "footway", "footway": "sidewalk", "name": null, "surface": "asphalt", "lit": "yes", "length_m": 6.69, "type_element": "Way", "__fid": 56495}, "geometry": {"type": "LineString", "coordinates": [[2.341323816928991, 48.850846559014606], [2.3412848, 48.8508175], [2.3412544, 48.8508103]]}}, {"type": "Feature", "properties": {"highway": "footway", "footway": "sidewalk", "name": null, "surface": "asphalt", "lit": "yes", "length_m": 7.55, "type_element": "Way", "__fid": 56496}, "geometry": {"type": "LineString", "coordinates": [[2.3412346, 48.8523859], [2.3413331, 48.85240550000001]]}}, {"type": "Feature", "properties": {"highway": "living_street", "footway": null, "name": "Rue Serpente", "surface": "asphalt", "lit": "yes", "length_m": 8.38, "type_element": "Way", "__fid": 56497}, "geometry": {"type": "LineString", "coordinates": [[2.3412346, 48.8523859], [2.3412746, 48.8523153]]}}, {"type": "Feature", "properties": {"highway": "living_street", "footway": null, "name": "Rue Hautefeuille", "surface": "asphalt", "lit": "yes", "length_m": 5.03, "type_element": "Way", "__fid": 56549}, "geometry": {"type": "LineString", "coordinates": [[2.341335, 48.850915200000024], [2.3412914, 48.850880299999986]]}}, {"type": "Feature", "properties": {"highway": "living_street", "footway": null, "name": "Rue de l'École de Médecine", "surface": "asphalt", "lit": "yes", "length_m": 4.86, "type_element": "Way", "__fid": 56550}, "geometry": {"type": "LineString", "coordinates": [[2.3413492, 48.8508589], [2.3412914, 48.850880299999986]]}}, {"type": "Feature", "properties": {"highway": "footway", "footway": "sidewalk", "name": null, "surface": "asphalt", "lit": "yes", "length_m": 33.42, "type_element": "Way", "__fid": 56551}, "geometry": {"type": "LineString", "coordinates": [[2.3415256, 48.8511901], [2.3413371, 48.8509655], [2.3412915, 48.85093369999998]]}}, {"type": "Feature", "properties": {"highway": "footway", "footway": "sidewalk", "name": null, "surface": "asphalt", "lit": "yes", "length_m": 3.8, "type_element": "Way", "__fid": 56552}, "geometry": {"type": "LineString", "coordinates": [[2.3412915, 48.85093369999998], [2.341335, 48.850915200000024]]}}, {"type": "Feature", "properties": {"highway": "footway", "footway": "sidewalk", "name": null, "surface": "asphalt", "lit": "yes", "length_m": 0.45, "type_element": "Way", "__fid": 56585}, "geometry": {"type": "LineString", "coordinates": [[2.341323816928991, 48.850846559014606], [2.34132789999988, 48.85084960000004]]}}, {"type": "Feature", "properties": {"highway": "footway", "footway": "sidewalk", "name": null, "surface": "asphalt", "lit": "yes", "length_m": 101.53, "type_element": "Way", "__fid": 56586}, "geometry": {"type": "LineString", "coordinates": [[2.3424991, 48.850369600000015], [2.342296, 48.8504559], [2.342237, 48.85049870000001], [2.341323816928991, 48.850846559014606]]}}, {"type": "Feature", "properties": {"highway": "footway", "footway": "crossing", "name": null, "surface": "asphalt", "lit": "yes", "length_m": 1.87, "type_element": "Way", "__fid": 56592}, "geometry": {"type": "LineString", "coordinates": [[2.34132789999988, 48.85084960000004], [2.3413492, 48.8508589]]}}, {"type": "Feature", "properties": {"highway": "living_street", "footway": null, "name": "Rue Hautefeuille", "surface": "asphalt", "lit": "yes", "length_m": 26.03, "type_element": "Way", "__fid": 56602}, "geometry": {"type": "LineString", "coordinates": [[2.3415129, 48.8511177], [2.341335, 48.850915200000024]]}}, {"type": "Feature", "properties": {"highway": "footway", "footway": "crossing", "name": null, "surface": "asphalt", "lit": "yes", "length_m": 3.75, "type_element": "Way", "__fid": 56603}, "geometry": {"type": "LineString", "coordinates": [[2.341335, 48.850915200000024], [2.34138, 48.8508993]]}}, {"type": "Feature", "properties": {"highway": "footway", "footway": "crossing", "name": null, "surface": "asphalt", "lit": "yes", "length_m": 2.3, "type_element": "Way", "__fid": 56621}, "geometry": {"type": "LineString", "coordinates": [[2.3413492, 48.8508589], [2.341359266666502, 48.85087846666669]]}}, {"type": "Feature", "properties": {"highway": "living_street", "footway": null, "name": "Rue de l'École de Médecine", "surface": "asphalt", "lit": "yes", "length_m": 99.6, "type_element": "Way", "__fid": 56622}, "geometry": {"type": "LineString", "coordinates": [[2.3425227, 48.8504089], [2.3413492, 48.8508589]]}}, {"type": "Feature", "properties": {"highway": "footway", "footway": "sidewalk", "name": null, "surface": "asphalt", "lit": "yes", "length_m": 38.3, "type_element": "Way", "__fid": 56623}, "geometry": {"type": "LineString", "coordinates": [[2.3418313, 48.8525061], [2.3415064, 48.8524301], [2.3413331, 48.85240550000001]]}}, {"type": "Feature", "properties": {"highway": "footway", "footway": "sidewalk", "name": null, "surface": "asphalt", "lit": "yes", "length_m": 2.77, "type_element": "Way", "__fid": 56628}, "geometry": {"type": "LineString", "coordinates": [[2.34138, 48.8508993], [2.341359266666502, 48.85087846666669]]}}, {"type": "Feature", "properties": {"highway": "footway", "footway": "sidewalk", "name": null, "surface": "asphalt", "lit": "yes", "length_m": 101.19, "type_element": "Way", "__fid": 56629}, "geometry": {"type": "LineString", "coordinates": [[2.341359266666502, 48.85087846666669], [2.3415574, 48.8507996], [2.3417073, 48.8507566], [2.3424817, 48.85046529999999], [2.3425745, 48.8504662]]}}, {"type": "Feature", "properties": {"highway": "footway", "footway": "sidewalk", "name": null, "surface": "paving_stones", "lit": "yes", "length_m": 23.44, "type_element": "Way", "__fid": 56647}, "geometry": {"type": "LineString", "coordinates": [[2.341550933333292, 48.8510627], [2.3415227, 48.8510664], [2.34138, 48.8508993]]}}, {"type": "Feature", "properties": {"highway": "pedestrian", "footway": null, "name": "Rue Cujas", "surface": "asphalt", "lit": "yes", "length_m": 13.04, "type_element": "Way", "__fid": 56707}, "geometry": {"type": "LineString", "coordinates": [[2.3416032, 48.8482917], [2.3414722, 48.8483709]]}}, {"type": "Feature", "properties": {"highway": "living_street", "footway": null, "name": "Rue Mignon", "surface": "asphalt", "lit": "yes", "length_m": 10.4, "type_element": "Way", "__fid": 56716}, "geometry": {"type": "LineString", "coordinates": [[2.3414433, 48.8518287], [2.3415067, 48.8519123]]}}, {"type": "Feature", "properties": {"highway": "footway", "footway": "sidewalk", "name": null, "surface": "asphalt", "lit": "yes", "length_m": 51.08, "type_element": "Way", "__fid": 56717}, "geometry": {"type": "LineString", "coordinates": [[2.3414421, 48.8519302], [2.3417462, 48.85231790000001], [2.3417293, 48.8523378]]}}, {"type": "Feature", "properties": {"highway": "footway", "footway": "crossing", "name": null, "surface": "asphalt", "lit": "yes", "length_m": 5.14, "type_element": "Way", "__fid": 56718}, "geometry": {"type": "LineString", "coordinates": [[2.3414421, 48.8519302], [2.3415067, 48.8519123]]}}, {"type": "Feature", "properties": {"highway": "footway", "footway": "sidewalk", "name": null, "surface": "asphalt", "lit": "yes", "length_m": 10.9, "type_element": "Way", "__fid": 56738}, "geometry": {"type": "LineString", "coordinates": [[2.3415571, 48.8487929], [2.341497, 48.8487033]]}}, {"type": "Feature", "properties": {"highway": "footway", "footway": "crossing", "name": null, "surface": "asphalt", "lit": "yes", "length_m": 24.26, "type_element": "Way", "__fid": 56739}, "geometry": {"type": "LineString", "coordinates": [[2.341497, 48.8487033], [2.3417526, 48.8486493], [2.3418148, 48.8486475]]}}, {"type": "Feature", "properties": {"highway": "living_street", "footway": null, "name": "Rue Hautefeuille", "surface": "asphalt", "lit": "yes", "length_m": 7.61, "type_element": "Way", "__fid": 56788}, "geometry": {"type": "LineString", "coordinates": [[2.3415649, 48.8511769], [2.3415129, 48.8511177]]}}, {"type": "Feature", "properties": {"highway": "living_street", "footway": null, "name": "Rue Pierre Sarrazin", "surface": "asphalt", "lit": "yes", "length_m": 5.79, "type_element": "Way", "__fid": 56789}, "geometry": {"type": "LineString", "coordinates": [[2.3415129, 48.8511177], [2.3415795, 48.85108970000001]]}}, {"type": "Feature", "properties": {"highway": "living_street", "footway": null, "name": "Rue Mignon", "surface": "asphalt", "lit": "yes", "length_m": 56.07, "type_element": "Way", "__fid": 56797}, "geometry": {"type": "LineString", "coordinates": [[2.3415067, 48.8519123], [2.3418215, 48.8523421], [2.3418167, 48.8523688]]}}, {"type": "Feature", "properties": {"highway": "footway", "footway": "crossing", "name": null, "surface": "asphalt", "lit": "yes", "length_m": 3.29, "type_element": "Way", "__fid": 56798}, "geometry": {"type": "LineString", "coordinates": [[2.3415067, 48.8519123], [2.341548100000133, 48.85190083333345]]}}, {"type": "Feature", "properties": {"highway": "footway", "footway": "sidewalk", "name": null, "surface": "asphalt", "lit": "yes", "length_m": 50.62, "type_element": "Way", "__fid": 56813}, "geometry": {"type": "LineString", "coordinates": [[2.3415256, 48.8511901], [2.3418595, 48.8515885]]}}, {"type": "Feature", "properties": {"highway": "footway", "footway": "crossing", "name": null, "surface": "asphalt", "lit": "yes", "length_m": 3.24, "type_element": "Way", "__fid": 56814}, "geometry": {"type": "LineString", "coordinates": [[2.3415256, 48.8511901], [2.3415649, 48.8511769]]}}, {"type": "Feature", "properties": {"highway": "footway", "footway": "crossing", "name": null, "surface": "asphalt", "lit": "yes", "length_m": 13.57, "type_element": "Way", "__fid": 56816}, "geometry": {"type": "LineString", "coordinates": [[2.3416319, 48.8489045], [2.3415571, 48.8487929]]}}, {"type": "Feature", "properties": {"highway": "footway", "footway": "sidewalk", "name": null, "surface": "asphalt", "lit": "yes", "length_m": 73.4, "type_element": "Way", "__fid": 56829}, "geometry": {"type": "LineString", "coordinates": [[2.3415752, 48.8482223], [2.3416424, 48.8482269], [2.3423387, 48.8478174]]}}, {"type": "Feature", "properties": {"highway": "footway", "footway": "crossing", "name": null, "surface": "asphalt", "lit": "yes", "length_m": 8.07, "type_element": "Way", "__fid": 56830}, "geometry": {"type": "LineString", "coordinates": [[2.3416032, 48.8482917], [2.341578, 48.8482488], [2.3415752, 48.8482223]]}}, {"type": "Feature", "properties": {"highway": "footway", "footway": "crossing", "name": null, "surface": "asphalt", "lit": "yes", "length_m": 3.66, "type_element": "Way", "__fid": 56839}, "geometry": {"type": "LineString", "coordinates": [[2.3415795, 48.85108970000001], [2.341550933333292, 48.8510627]]}}, {"type": "Feature", "properties": {"highway": "footway", "footway": "sidewalk", "name": null, "surface": "asphalt", "lit": "yes", "length_m": 94.57, "type_element": "Way", "__fid": 56840}, "geometry": {"type": "LineString", "coordinates": [[2.3426572, 48.8506283], [2.3425852, 48.85066780000001], [2.342414, 48.85074], [2.341550933333292, 48.8510627]]}}, {"type": "Feature", "properties": {"highway": "footway", "footway": "sidewalk", "name": null, "surface": "asphalt", "lit": "yes", "length_m": 0.57, "type_element": "Way", "__fid": 56845}, "geometry": {"type": "LineString", "coordinates": [[2.341555460303202, 48.85189912270593], [2.341548100000133, 48.85190083333345]]}}, {"type": "Feature", "properties": {"highway": "footway", "footway": "sidewalk", "name": null, "surface": "asphalt", "lit": "yes", "length_m": 108.91, "type_element": "Way", "__fid": 56850}, "geometry": {"type": "LineString", "coordinates": [[2.3425321, 48.85209370000001], [2.3423349, 48.8521776], [2.341892, 48.85233750000001], [2.341555460303202, 48.85189912270593]]}}, {"type": "Feature", "properties": {"highway": "footway", "footway": "sidewalk", "name": null, "surface": "asphalt", "lit": "yes", "length_m": 39.54, "type_element": "Way", "__fid": 56851}, "geometry": {"type": "LineString", "coordinates": [[2.3420637, 48.851781], [2.341555460303202, 48.85189912270593]]}}, {"type": "Feature", "properties": {"highway": "living_street", "footway": null, "name": "Rue Hautefeuille", "surface": "asphalt", "lit": "yes", "length_m": 51.03, "type_element": "Way", "__fid": 56852}, "geometry": {"type": "LineString", "coordinates": [[2.3419135, 48.851574], [2.3415649, 48.8511769]]}}, {"type": "Feature", "properties": {"highway": "footway", "footway": "crossing", "name": null, "surface": "asphalt", "lit": "yes", "length_m": 4.34, "type_element": "Way", "__fid": 56853}, "geometry": {"type": "LineString", "coordinates": [[2.3415649, 48.8511769], [2.341616533333442, 48.85115790000008]]}}, {"type": "Feature", "properties": {"highway": "footway", "footway": "crossing", "name": null, "surface": "asphalt", "lit": "yes", "length_m": 5.46, "type_element": "Way", "__fid": 56858}, "geometry": {"type": "LineString", "coordinates": [[2.3416277, 48.8483381], [2.3416032, 48.8482917]]}}, {"type": "Feature", "properties": {"highway": "pedestrian", "footway": null, "name": "Rue Cujas", "surface": "asphalt", "lit": "yes", "length_m": 73.21, "type_element": "Way", "__fid": 56859}, "geometry": {"type": "LineString", "coordinates": [[2.3423545, 48.8478586], [2.3416032, 48.8482917]]}}, {"type": "Feature", "properties": {"highway": "footway", "footway": "crossing", "name": null, "surface": "asphalt", "lit": "yes", "length_m": 4.39, "type_element": "Way", "__fid": 56866}, "geometry": {"type": "LineString", "coordinates": [[2.3415795, 48.85108970000001], [2.3416178, 48.85112]]}}, {"type": "Feature", "properties": {"highway": "living_street", "footway": null, "name": "Rue Pierre Sarrazin", "surface": "asphalt", "lit": "yes", "length_m": 92.79, "type_element": "Way", "__fid": 56867}, "geometry": {"type": "LineString", "coordinates": [[2.3415795, 48.85108970000001], [2.3426771, 48.8506753]]}}, {"type": "Feature", "properties": {"highway": "footway", "footway": "sidewalk", "name": null, "surface": "asphalt", "lit": "yes", "length_m": 37.04, "type_element": "Way", "__fid": 56887}, "geometry": {"type": "LineString", "coordinates": [[2.3416277, 48.8483381], [2.3418148, 48.8486475]]}}, {"type": "Feature", "properties": {"highway": "footway", "footway": "sidewalk", "name": null, "surface": "asphalt", "lit": "yes", "length_m": 73.21, "type_element": "Way", "__fid": 56888}, "geometry": {"type": "LineString", "coordinates": [[2.342369733333235, 48.84789806666667], [2.3416277, 48.8483381]]}}, {"type": "Feature", "properties": {"highway": "footway", "footway": "sidewalk", "name": null, "surface": "asphalt", "lit": "yes", "length_m": 6.18, "type_element": "Way", "__fid": 56896}, "geometry": {"type": "LineString", "coordinates": [[2.3416632, 48.8489561], [2.3416319, 48.8489045]]}}, {"type": "Feature", "properties": {"highway": "footway", "footway": "sidewalk", "name": null, "surface": "paving_stones", "lit": "yes", "length_m": 51.18, "type_element": "Way", "__fid": 56904}, "geometry": {"type": "LineString", "coordinates": [[2.341616533333442, 48.85115790000008], [2.3419681, 48.8515554]]}}, {"type": "Feature", "properties": {"highway": "footway", "footway": "sidewalk", "name": null, "surface": "asphalt", "lit": "yes", "length_m": 4.22, "type_element": "Way", "__fid": 56905}, "geometry": {"type": "LineString", "coordinates": [[2.3416178, 48.85112], [2.341616533333442, 48.85115790000008]]}}, {"type": "Feature", "properties": {"highway": "footway", "footway": "sidewalk", "name": null, "surface": "asphalt", "lit": "yes", "length_m": 90.58, "type_element": "Way", "__fid": 56906}, "geometry": {"type": "LineString", "coordinates": [[2.3426956, 48.8507346], [2.3426122, 48.8507417], [2.3416281, 48.8511088], [2.3416178, 48.85112]]}}, {"type": "Feature", "properties": {"highway": "footway", "footway": "sidewalk", "name": null, "surface": "asphalt", "lit": "yes", "length_m": 149.77, "type_element": "Way", "__fid": 56925}, "geometry": {"type": "LineString", "coordinates": [[2.3424292, 48.8502046], [2.3416632, 48.8489561]]}}, {"type": "Feature", "properties": {"highway": "footway", "footway": "crossing", "name": null, "surface": "asphalt", "lit": "yes", "length_m": 23.44, "type_element": "Way", "__fid": 56926}, "geometry": {"type": "LineString", "coordinates": [[2.3416632, 48.8489561], [2.3419045, 48.84889680000001], [2.3419568, 48.8488749]]}}, {"type": "Feature", "properties": {"highway": "footway", "footway": "crossing", "name": null, "surface": "asphalt", "lit": "yes", "length_m": 7.41, "type_element": "Way", "__fid": 57019}, "geometry": {"type": "LineString", "coordinates": [[2.3417293, 48.8523378], [2.3417502, 48.8523515], [2.3418167, 48.8523688]]}}, {"type": "Feature", "properties": {"highway": "footway", "footway": null, "name": null, "surface": "sett", "lit": "yes", "length_m": 13.08, "type_element": "Way", "__fid": 57085}, "geometry": {"type": "LineString", "coordinates": [[2.3418148, 48.8486475], [2.3418824, 48.8487563]]}}, {"type": "Feature", "properties": {"highway": "footway", "footway": "sidewalk", "name": null, "surface": "sett", "lit": "yes", "length_m": 72.07, "type_element": "Way", "__fid": 57086}, "geometry": {"type": "LineString", "coordinates": [[2.3418148, 48.8486475], [2.3427346, 48.8484204]]}}, {"type": "Feature", "properties": {"highway": "living_street", "footway": null, "name": "Rue Serpente", "surface": "asphalt", "lit": "yes", "length_m": 13.07, "type_element": "Way", "__fid": 57129}, "geometry": {"type": "LineString", "coordinates": [[2.3418167, 48.8523688], [2.3417861, 48.8524174], [2.3418689, 48.8523823]]}}, {"type": "Feature", "properties": {"highway": "footway", "footway": "sidewalk", "name": null, "surface": "asphalt", "lit": "yes", "length_m": 82.24, "type_element": "Way", "__fid": 57148}, "geometry": {"type": "LineString", "coordinates": [[2.3426816, 48.8529784], [2.3426795, 48.852958700000016], [2.3418313, 48.8525061]]}}, {"type": "Feature", "properties": {"highway": "footway", "footway": "crossing", "name": null, "surface": "asphalt", "lit": "yes", "length_m": 12.62, "type_element": "Way", "__fid": 57149}, "geometry": {"type": "LineString", "coordinates": [[2.3419373, 48.85241670000001], [2.3418313, 48.8525061]]}}, {"type": "Feature", "properties": {"highway": "footway", "footway": null, "name": null, "surface": "sett", "lit": "yes", "length_m": 14.27, "type_element": "Way", "__fid": 57153}, "geometry": {"type": "LineString", "coordinates": [[2.3418824, 48.8487563], [2.3419568, 48.8488749]]}}, {"type": "Feature", "properties": {"highway": "footway", "footway": "sidewalk", "name": null, "surface": "sett", "lit": "yes", "length_m": 31.05, "type_element": "Way", "__fid": 57154}, "geometry": {"type": "LineString", "coordinates": [[2.3418824, 48.8487563], [2.3422804, 48.8486615]]}}, {"type": "Feature", "properties": {"highway": "footway", "footway": "crossing", "name": null, "surface": "asphalt", "lit": "yes", "length_m": 5.78, "type_element": "Way", "__fid": 57164}, "geometry": {"type": "LineString", "coordinates": [[2.3418521, 48.8516053], [2.3418945, 48.8516491]]}}, {"type": "Feature", "properties": {"highway": "footway", "footway": "sidewalk", "name": null, "surface": "asphalt", "lit": "yes", "length_m": 1.95, "type_element": "Way", "__fid": 57165}, "geometry": {"type": "LineString", "coordinates": [[2.3418595, 48.8515885], [2.3418521, 48.8516053]]}}, {"type": "Feature", "properties": {"highway": "footway", "footway": "crossing", "name": null, "surface": "asphalt", "lit": "yes", "length_m": 4.28, "type_element": "Way", "__fid": 57167}, "geometry": {"type": "LineString", "coordinates": [[2.3418595, 48.8515885], [2.3419135, 48.851574]]}}, {"type": "Feature", "properties": {"highway": "footway", "footway": "crossing", "name": null, "surface": "asphalt", "lit": "yes", "length_m": 4.73, "type_element": "Way", "__fid": 57182}, "geometry": {"type": "LineString", "coordinates": [[2.3418689, 48.8523823], [2.3419303, 48.8523952]]}}, {"type": "Feature", "properties": {"highway": "living_street", "footway": null, "name": "Rue Serpente", "surface": "asphalt", "lit": "yes", "length_m": 60.88, "type_element": "Way", "__fid": 57183}, "geometry": {"type": "LineString", "coordinates": [[2.3425883, 48.8521096], [2.3418689, 48.8523823]]}}, {"type": "Feature", "properties": {"highway": "footway", "footway": "crossing", "name": null, "surface": "asphalt", "lit": "yes", "length_m": 19.22, "type_element": "Way", "__fid": 57206}, "geometry": {"type": "LineString", "coordinates": [[2.3418945, 48.8516491], [2.3420637, 48.851781]]}}, {"type": "Feature", "properties": {"highway": "service", "footway": null, "name": "Boulevard Saint-Germain", "surface": "asphalt", "lit": "yes", "length_m": 5.47, "type_element": "Way", "__fid": 57207}, "geometry": {"type": "LineString", "coordinates": [[2.3418945, 48.8516491], [2.3419644, 48.851632]]}}, {"type": "Feature", "properties": {"highway": "living_street", "footway": null, "name": "Rue Hautefeuille", "surface": "asphalt", "lit": "yes", "length_m": 7.45, "type_element": "Way", "__fid": 57223}, "geometry": {"type": "LineString", "coordinates": [[2.3419644, 48.851632], [2.3419135, 48.851574]]}}, {"type": "Feature", "properties": {"highway": "footway", "footway": "crossing", "name": null, "surface": "asphalt", "lit": "yes", "length_m": 4.51, "type_element": "Way", "__fid": 57224}, "geometry": {"type": "LineString", "coordinates": [[2.3419135, 48.851574], [2.3419681, 48.8515554]]}}, {"type": "Feature", "properties": {"highway": "footway", "footway": "sidewalk", "name": null, "surface": "asphalt", "lit": "yes", "length_m": 71.31, "type_element": "Way", "__fid": 57228}, "geometry": {"type": "LineString", "coordinates": [[2.342352, 48.8477931], [2.3419718, 48.8472029]]}}, {"type": "Feature", "properties": {"highway": "footway", "footway": "sidewalk", "name": null, "surface": "asphalt", "lit": "yes", "length_m": 149.84, "type_element": "Way", "__fid": 57233}, "geometry": {"type": "LineString", "coordinates": [[2.3419568, 48.8488749], [2.3427134, 48.8501265]]}}, {"type": "Feature", "properties": {"highway": "footway", "footway": null, "name": null, "surface": "paving_stones", "lit": "yes", "length_m": 27.68, "type_element": "Way", "__fid": 57234}, "geometry": {"type": "LineString", "coordinates": [[2.3419568, 48.8488749], [2.342311560000159, 48.848790340000136]]}}, {"type": "Feature", "properties": {"highway": "footway", "footway": "sidewalk", "name": null, "surface": "asphalt", "lit": "yes", "length_m": 2.45, "type_element": "Way", "__fid": 57245}, "geometry": {"type": "LineString", "coordinates": [[2.3419303, 48.8523952], [2.3419373, 48.85241670000001]]}}, {"type": "Feature", "properties": {"highway": "footway", "footway": "sidewalk", "name": null, "surface": "paving_stones", "lit": "yes", "length_m": 58.54, "type_element": "Way", "__fid": 57246}, "geometry": {"type": "LineString", "coordinates": [[2.342607866666643, 48.8521193], [2.3420908, 48.852313], [2.3419303, 48.8523952]]}}, {"type": "Feature", "properties": {"highway": "footway", "footway": "sidewalk", "name": null, "surface": "asphalt", "lit": "yes", "length_m": 18.36, "type_element": "Way", "__fid": 57256}, "geometry": {"type": "LineString", "coordinates": [[2.3419373, 48.85241670000001], [2.3421042, 48.8525085], [2.342135833333285, 48.8525145]]}}, {"type": "Feature", "properties": {"highway": "pedestrian", "footway": null, "name": "Rue Victor Cousin", "surface": "asphalt", "lit": "yes", "length_m": 70.52, "type_element": "Way", "__fid": 57262}, "geometry": {"type": "LineString", "coordinates": [[2.3420183, 48.8471904], [2.3423936, 48.84777420000001]]}}, {"type": "Feature", "properties": {"highway": "living_street", "footway": null, "name": "Rue Hautefeuille", "surface": "asphalt", "lit": "yes", "length_m": 19.0, "type_element": "Way", "__fid": 57264}, "geometry": {"type": "LineString", "coordinates": [[2.3421437, 48.8517553], [2.3419644, 48.851632]]}}, {"type": "Feature", "properties": {"highway": "service", "footway": null, "name": "Boulevard Saint-Germain", "surface": "asphalt", "lit": "yes", "length_m": 78.09, "type_element": "Way", "__fid": 57265}, "geometry": {"type": "LineString", "coordinates": [[2.3419644, 48.851632], [2.3429619, 48.8513873]]}}, {"type": "Feature", "properties": {"highway": "footway", "footway": "sidewalk", "name": null, "surface": "asphalt", "lit": "yes", "length_m": 74.61, "type_element": "Way", "__fid": 57268}, "geometry": {"type": "LineString", "coordinates": [[2.3419681, 48.8515554], [2.3429276, 48.8513333]]}}, {"type": "Feature", "properties": {"highway": "footway", "footway": "sidewalk", "name": null, "surface": "asphalt", "lit": "yes", "length_m": 70.2, "type_element": "Way", "__fid": 57300}, "geometry": {"type": "LineString", "coordinates": [[2.342435600000037, 48.84775463333335], [2.342071, 48.8471774], [2.34206233333346, 48.84717893333349]]}}, {"type": "Feature", "properties": {"highway": "footway", "footway": "sidewalk", "name": null, "surface": "paving_stones", "lit": "yes", "length_m": 47.9, "type_element": "Way", "__fid": 57358}, "geometry": {"type": "LineString", "coordinates": [[2.3420637, 48.851781], [2.3424241, 48.851990500000014], [2.3424442, 48.85201960000002], [2.3425347, 48.8520756]]}}, {"type": "Feature", "properties": {"highway": "footway", "footway": "sidewalk", "name": null, "surface": "asphalt", "lit": "yes", "length_m": 6.53, "type_element": "Way", "__fid": 57359}, "geometry": {"type": "LineString", "coordinates": [[2.3420637, 48.851781], [2.3421437, 48.8517553]]}}, {"type": "Feature", "properties": {"highway": "living_street", "footway": null, "name": "Rue des Poitevins", "surface": "asphalt", "lit": "yes", "length_m": 6.97, "type_element": "Way", "__fid": 57414}, "geometry": {"type": "LineString", "coordinates": [[2.3421885, 48.8525458], [2.3421619, 48.8525495], [2.3421118, 48.85257960000001]]}}, {"type": "Feature", "properties": {"highway": "living_street", "footway": null, "name": "Rue Hautefeuille", "surface": "asphalt", "lit": "yes", "length_m": 48.52, "type_element": "Way", "__fid": 57428}, "geometry": {"type": "LineString", "coordinates": [[2.342605, 48.8520679], [2.3421437, 48.8517553]]}}, {"type": "Feature", "properties": {"highway": "footway", "footway": "crossing", "name": null, "surface": "asphalt", "lit": "yes", "length_m": 4.32, "type_element": "Way", "__fid": 57429}, "geometry": {"type": "LineString", "coordinates": [[2.3421437, 48.8517553], [2.3421973, 48.8517392]]}}, {"type": "Feature", "properties": {"highway": "footway", "footway": "crossing", "name": null, "surface": "asphalt", "lit": "yes", "length_m": 5.2, "type_element": "Way", "__fid": 57435}, "geometry": {"type": "LineString", "coordinates": [[2.342135833333285, 48.8525145], [2.3421885, 48.8525458]]}}, {"type": "Feature", "properties": {"highway": "footway", "footway": "sidewalk", "name": null, "surface": "paving_stones", "lit": "yes", "length_m": 89.9, "type_element": "Way", "__fid": 57436}, "geometry": {"type": "LineString", "coordinates": [[2.342135833333285, 48.8525145], [2.3423235, 48.8524825], [2.3423694, 48.8524966], [2.3428583, 48.85240129999998], [2.3428613, 48.8523863], [2.342644500000123, 48.85212763333339]]}}, {"type": "Feature", "properties": {"highway": "footway", "footway": "sidewalk", "name": null, "surface": "asphalt", "lit": "yes", "length_m": 50.46, "type_element": "Way", "__fid": 57482}, "geometry": {"type": "LineString", "coordinates": [[2.3421973, 48.8517392], [2.342235, 48.8517806], [2.3426329, 48.8520501], [2.3426772, 48.8520492]]}}, {"type": "Feature", "properties": {"highway": "footway", "footway": "sidewalk", "name": null, "surface": "asphalt", "lit": "yes", "length_m": 66.55, "type_element": "Way", "__fid": 57483}, "geometry": {"type": "LineString", "coordinates": [[2.3430449, 48.85152640000002], [2.3421973, 48.8517392]]}}, {"type": "Feature", "properties": {"highway": "footway", "footway": "crossing", "name": null, "surface": "asphalt", "lit": "yes", "length_m": 6.65, "type_element": "Way", "__fid": 57488}, "geometry": {"type": "LineString", "coordinates": [[2.3421885, 48.8525458], [2.3422328, 48.8525713], [2.342264, 48.85257570000001]]}}, {"type": "Feature", "properties": {"highway": "living_street", "footway": null, "name": "Rue des Poitevins", "surface": "asphalt", "lit": "yes", "length_m": 54.87, "type_element": "Way", "__fid": 57489}, "geometry": {"type": "LineString", "coordinates": [[2.3429064, 48.8524076], [2.3421885, 48.8525458]]}}, {"type": "Feature", "properties": {"highway": "pedestrian", "footway": null, "name": "Place de la Sorbonne", "surface": "sett", "lit": "yes", "length_m": 8.79, "type_element": "Way", "__fid": 57517}, "geometry": {"type": "LineString", "coordinates": [[2.3423076, 48.8487385], [2.3422804, 48.8486615]]}}, {"type": "Feature", "properties": {"highway": "pedestrian", "footway": null, "name": "Place de la Sorbonne", "surface": "sett", "lit": "yes", "length_m": 47.24, "type_element": "Way", "__fid": 57518}, "geometry": {"type": "LineString", "coordinates": [[2.3422804, 48.8486615], [2.3422658, 48.8486203], [2.3422782, 48.8485753], [2.3427535, 48.8484526]]}}, {"type": "Feature", "properties": {"highway": "pedestrian", "footway": null, "name": "Place de la Sorbonne", "surface": "sett", "lit": "yes", "length_m": 5.53, "type_element": "Way", "__fid": 57542}, "geometry": {"type": "LineString", "coordinates": [[2.3423349, 48.84878490000001], [2.3423076, 48.8487385]]}}, {"type": "Feature", "properties": {"highway": "pedestrian", "footway": null, "name": "Place de la Sorbonne", "surface": "sett", "lit": "yes", "length_m": 39.83, "type_element": "Way", "__fid": 57543}, "geometry": {"type": "LineString", "coordinates": [[2.3428165, 48.8486141], [2.3423076, 48.8487385]]}}, {"type": "Feature", "properties": {"highway": "footway", "footway": "sidewalk", "name": null, "surface": "paving_stones", "lit": "yes", "length_m": 152.87, "type_element": "Way", "__fid": 57546}, "geometry": {"type": "LineString", "coordinates": [[2.343038666666729, 48.850078700000026], [2.342311560000159, 48.848790340000136]]}}, {"type": "Feature", "properties": {"highway": "footway", "footway": "crossing", "name": null, "surface": "paving_stones", "lit": "yes", "length_m": 1.82, "type_element": "Way", "__fid": 57547}, "geometry": {"type": "LineString", "coordinates": [[2.342311560000159, 48.848790340000136], [2.3423349, 48.84878490000001]]}}, {"type": "Feature", "properties": {"highway": "footway", "footway": "sidewalk", "name": null, "surface": "asphalt", "lit": "yes", "length_m": 64.56, "type_element": "Way", "__fid": 57548}, "geometry": {"type": "LineString", "coordinates": [[2.3429123, 48.8529554], [2.3428742, 48.85291750000001], [2.3422645, 48.8525954], [2.342264, 48.85257570000001]]}}, {"type": "Feature", "properties": {"highway": "footway", "footway": "sidewalk", "name": null, "surface": "paving_stones", "lit": "yes", "length_m": 103.74, "type_element": "Way", "__fid": 57549}, "geometry": {"type": "LineString", "coordinates": [[2.342264, 48.85257570000001], [2.3424875, 48.852507799999984], [2.3428811, 48.8524319], [2.3428992, 48.8524341], [2.3431699, 48.8528126], [2.3431932, 48.852880200000016]]}}, {"type": "Feature", "properties": {"highway": "footway", "footway": "crossing", "name": null, "surface": "asphalt", "lit": "yes", "length_m": 4.73, "type_element": "Way", "__fid": 57560}, "geometry": {"type": "LineString", "coordinates": [[2.3423387, 48.8478174], [2.3423545, 48.8478586]]}}, {"type": "Feature", "properties": {"highway": "footway", "footway": "sidewalk", "name": null, "surface": "asphalt", "lit": "yes", "length_m": 2.87, "type_element": "Way", "__fid": 57561}, "geometry": {"type": "LineString", "coordinates": [[2.3423387, 48.8478174], [2.342352, 48.8477931]]}}, {"type": "Feature", "properties": {"highway": "pedestrian", "footway": null, "name": "Rue Champollion", "surface": "asphalt", "lit": "yes", "length_m": 56.99, "type_element": "Way", "__fid": 57570}, "geometry": {"type": "LineString", "coordinates": [[2.3426047, 48.8492655], [2.3423349, 48.84878490000001]]}}, {"type": "Feature", "properties": {"highway": "footway", "footway": "crossing", "name": null, "surface": "paving_stones", "lit": "yes", "length_m": 1.58, "type_element": "Way", "__fid": 57571}, "geometry": {"type": "LineString", "coordinates": [[2.3423349, 48.84878490000001], [2.342355233333366, 48.84878020000003]]}}, {"type": "Feature", "properties": {"highway": "footway", "footway": "crossing", "name": null, "surface": "asphalt", "lit": "yes", "length_m": 3.71, "type_element": "Way", "__fid": 57573}, "geometry": {"type": "LineString", "coordinates": [[2.342352, 48.8477931], [2.3423936, 48.84777420000001]]}}, {"type": "Feature", "properties": {"highway": "footway", "footway": "crossing", "name": null, "surface": "asphalt", "lit": "yes", "length_m": 4.53, "type_element": "Way", "__fid": 57578}, "geometry": {"type": "LineString", "coordinates": [[2.342369733333235, 48.84789806666667], [2.3423545, 48.8478586]]}}, {"type": "Feature", "properties": {"highway": "pedestrian", "footway": null, "name": "Rue Cujas", "surface": "asphalt", "lit": "yes", "length_m": 12.44, "type_element": "Way", "__fid": 57579}, "geometry": {"type": "LineString", "coordinates": [[2.3423936, 48.84777420000001], [2.342427, 48.8478184], [2.3423545, 48.8478586]]}}, {"type": "Feature", "properties": {"highway": "footway", "footway": "sidewalk", "name": null, "surface": "asphalt", "lit": "yes", "length_m": 56.94, "type_element": "Way", "__fid": 57591}, "geometry": {"type": "LineString", "coordinates": [[2.342355233333366, 48.84878020000003], [2.3426297, 48.8492592]]}}, {"type": "Feature", "properties": {"highway": "footway", "footway": null, "name": null, "surface": "paving_stones", "lit": "yes", "length_m": 37.64, "type_element": "Way", "__fid": 57592}, "geometry": {"type": "LineString", "coordinates": [[2.342355233333366, 48.84878020000003], [2.3428382, 48.8486663]]}}, {"type": "Feature", "properties": {"highway": "footway", "footway": "sidewalk", "name": null, "surface": null, "lit": "yes", "length_m": 3.3, "type_element": "Way", "__fid": 57598}, "geometry": {"type": "LineString", "coordinates": [[2.342413366666747, 48.847905333333365], [2.342369733333235, 48.84789806666667]]}}, {"type": "Feature", "properties": {"highway": "footway", "footway": "crossing", "name": null, "surface": "asphalt", "lit": "yes", "length_m": 3.77, "type_element": "Way", "__fid": 57617}, "geometry": {"type": "LineString", "coordinates": [[2.342435600000037, 48.84775463333335], [2.3423936, 48.84777420000001]]}}, {"type": "Feature", "properties": {"highway": "footway", "footway": "sidewalk", "name": null, "surface": "asphalt", "lit": "yes", "length_m": 59.63, "type_element": "Way", "__fid": 57642}, "geometry": {"type": "LineString", "coordinates": [[2.342728966666781, 48.848394300000116], [2.3427215, 48.8483959], [2.342413366666747, 48.847905333333365]]}}, {"type": "Feature", "properties": {"highway": "footway", "footway": "crossing", "name": null, "surface": "asphalt", "lit": "yes", "length_m": 10.18, "type_element": "Way", "__fid": 57643}, "geometry": {"type": "LineString", "coordinates": [[2.3425103, 48.8478398], [2.342413366666747, 48.847905333333365]]}}, {"type": "Feature", "properties": {"highway": "footway", "footway": "sidewalk", "name": null, "surface": null, "lit": "yes", "length_m": 2.83, "type_element": "Way", "__fid": 57665}, "geometry": {"type": "LineString", "coordinates": [[2.34247396666649, 48.84775733333337], [2.342435600000037, 48.84775463333335]]}}, {"type": "Feature", "properties": {"highway": "footway", "footway": "sidewalk", "name": null, "surface": "asphalt", "lit": "yes", "length_m": 6.38, "type_element": "Way", "__fid": 57686}, "geometry": {"type": "LineString", "coordinates": [[2.3424635, 48.85025729999999], [2.3424292, 48.8502046]]}}, {"type": "Feature", "properties": {"highway": "footway", "footway": "crossing", "name": null, "surface": "asphalt", "lit": "yes", "length_m": 22.59, "type_element": "Way", "__fid": 57687}, "geometry": {"type": "LineString", "coordinates": [[2.3424292, 48.8502046], [2.3427134, 48.8501265]]}}, {"type": "Feature", "properties": {"highway": "footway", "footway": "sidewalk", "name": null, "surface": "sett", "lit": "yes", "length_m": 53.1, "type_element": "Way", "__fid": 57691}, "geometry": {"type": "LineString", "coordinates": [[2.342391399999912, 48.8532929], [2.3426944, 48.853263], [2.343051, 48.853204], [2.3430726, 48.8531745]]}}, {"type": "Feature", "properties": {"highway": "living_street", "footway": null, "name": "Rue Saint-André des Arts", "surface": "asphalt", "lit": "yes", "length_m": 55.6, "type_element": "Way", "__fid": 57701}, "geometry": {"type": "LineString", "coordinates": [[2.3423938, 48.8533052], [2.3427842, 48.853274], [2.3430788, 48.8532212], [2.3431276, 48.8531991]]}}, {"type": "Feature", "properties": {"highway": "footway", "footway": "sidewalk", "name": null, "surface": "sett", "lit": "yes", "length_m": 56.59, "type_element": "Way", "__fid": 57706}, "geometry": {"type": "LineString", "coordinates": [[2.342397066666622, 48.853326066666675], [2.3427708, 48.85329560000001], [2.3431537, 48.8532325]]}}, {"type": "Feature", "properties": {"highway": "footway", "footway": "crossing", "name": null, "surface": "asphalt", "lit": "yes", "length_m": 7.28, "type_element": "Way", "__fid": 57717}, "geometry": {"type": "LineString", "coordinates": [[2.34247396666649, 48.84775733333337], [2.342521066666519, 48.84781496666669]]}}, {"type": "Feature", "properties": {"highway": "footway", "footway": "sidewalk", "name": null, "surface": null, "lit": "yes", "length_m": 46.81, "type_element": "Way", "__fid": 57718}, "geometry": {"type": "LineString", "coordinates": [[2.3430187, 48.8475485], [2.3424701, 48.847752600000014], [2.34247396666649, 48.84775733333337]]}}, {"type": "Feature", "properties": {"highway": "footway", "footway": "crossing", "name": null, "surface": "asphalt", "lit": "yes", "length_m": 12.76, "type_element": "Way", "__fid": 57733}, "geometry": {"type": "LineString", "coordinates": [[2.3424635, 48.85025729999999], [2.3424991, 48.850369600000015]]}}, {"type": "Feature", "properties": {"highway": "footway", "footway": "sidewalk", "name": null, "surface": null, "lit": "yes", "length_m": 63.45, "type_element": "Way", "__fid": 57749}, "geometry": {"type": "LineString", "coordinates": [[2.342798, 48.8483772], [2.3427851, 48.8483328], [2.3427069, 48.8481771], [2.3425103, 48.8478398]]}}, {"type": "Feature", "properties": {"highway": "footway", "footway": "sidewalk", "name": null, "surface": null, "lit": "yes", "length_m": 90.22, "type_element": "Way", "__fid": 57750}, "geometry": {"type": "LineString", "coordinates": [[2.3425103, 48.8478398], [2.3425246, 48.8478193], [2.343562819999909, 48.84742846000002]]}}, {"type": "Feature", "properties": {"highway": "footway", "footway": "sidewalk", "name": null, "surface": "asphalt", "lit": "yes", "length_m": 4.7, "type_element": "Way", "__fid": 57780}, "geometry": {"type": "LineString", "coordinates": [[2.3424991, 48.850369600000015], [2.3425227, 48.8504089]]}}, {"type": "Feature", "properties": {"highway": "footway", "footway": "crossing", "name": null, "surface": "asphalt", "lit": "yes", "length_m": 7.53, "type_element": "Way", "__fid": 57805}, "geometry": {"type": "LineString", "coordinates": [[2.3425745, 48.8504662], [2.3425468, 48.8504464], [2.3425227, 48.8504089]]}}, {"type": "Feature", "properties": {"highway": "living_street", "footway": null, "name": "Rue de l'École de Médecine", "surface": "asphalt", "lit": "yes", "length_m": 14.34, "type_element": "Way", "__fid": 57806}, "geometry": {"type": "LineString", "coordinates": [[2.3426437, 48.8503076], [2.3425227, 48.8504089]]}}, {"type": "Feature", "properties": {"highway": "footway", "footway": "crossing", "name": null, "surface": "sett", "lit": "yes", "length_m": 4.6, "type_element": "Way", "__fid": 57841}, "geometry": {"type": "LineString", "coordinates": [[2.3425321, 48.85209370000001], [2.3425609, 48.85209680000001], [2.3425883, 48.8521096]]}}, {"type": "Feature", "properties": {"highway": "footway", "footway": "sidewalk", "name": null, "surface": "paving_stones", "lit": "yes", "length_m": 2.02, "type_element": "Way", "__fid": 57842}, "geometry": {"type": "LineString", "coordinates": [[2.3425347, 48.8520756], [2.3425321, 48.85209370000001]]}}, {"type": "Feature", "properties": {"highway": "footway", "footway": "sidewalk", "name": null, "surface": "paving_stones", "lit": "yes", "length_m": 5.62, "type_element": "Way", "__fid": 57848}, "geometry": {"type": "LineString", "coordinates": [[2.3425347, 48.8520756], [2.3425723, 48.8520809], [2.342605, 48.8520679]]}}, {"type": "Feature", "properties": {"highway": "footway", "footway": "sidewalk", "name": null, "surface": "asphalt", "lit": "yes", "length_m": 19.02, "type_element": "Way", "__fid": 57869}, "geometry": {"type": "LineString", "coordinates": [[2.3425745, 48.8504662], [2.3426572, 48.8506283]]}}, {"type": "Feature", "properties": {"highway": "footway", "footway": "crossing", "name": null, "surface": "asphalt", "lit": "yes", "length_m": 21.48, "type_element": "Way", "__fid": 57870}, "geometry": {"type": "LineString", "coordinates": [[2.3425745, 48.8504662], [2.342641, 48.8504523], [2.3428325, 48.85037690000003]]}}, {"type": "Feature", "properties": {"highway": "pedestrian", "footway": null, "name": "Rue Champollion", "surface": "asphalt", "lit": "yes", "length_m": 95.69, "type_element": "Way", "__fid": 57886}, "geometry": {"type": "LineString", "coordinates": [[2.3430725, 48.8500663], [2.3429818, 48.8499036], [2.3429545, 48.84988590000001], [2.3426047, 48.8492655]]}}, {"type": "Feature", "properties": {"highway": "path", "footway": null, "name": "Passage de la Sorbonne", "surface": null, "lit": null, "length_m": 1.96, "type_element": "Way", "__fid": 57887}, "geometry": {"type": "LineString", "coordinates": [[2.3426047, 48.8492655], [2.3426297, 48.8492592]]}}, {"type": "Feature", "properties": {"highway": "footway", "footway": "crossing", "name": null, "surface": "sett", "lit": "yes", "length_m": 1.8, "type_element": "Way", "__fid": 57912}, "geometry": {"type": "LineString", "coordinates": [[2.3425883, 48.8521096], [2.342607866666643, 48.8521193]]}}, {"type": "Feature", "properties": {"highway": "living_street", "footway": null, "name": "Rue Serpente", "surface": "asphalt", "lit": "yes", "length_m": 3.93, "type_element": "Way", "__fid": 57913}, "geometry": {"type": "LineString", "coordinates": [[2.3426346, 48.8520919], [2.3425883, 48.8521096]]}}, {"type": "Feature", "properties": {"highway": "footway", "footway": "sidewalk", "name": null, "surface": "asphalt", "lit": "yes", "length_m": 95.29, "type_element": "Way", "__fid": 57916}, "geometry": {"type": "LineString", "coordinates": [[2.3426297, 48.8492592], [2.3428951, 48.8497301], [2.3430177, 48.8498816], [2.3431027, 48.85002829999998], [2.3431344, 48.8500433]]}}, {"type": "Feature", "properties": {"highway": "path", "footway": null, "name": "Passage de la Sorbonne", "surface": null, "lit": null, "length_m": 37.44, "type_element": "Way", "__fid": 57917}, "geometry": {"type": "LineString", "coordinates": [[2.3426297, 48.8492592], [2.3431067, 48.8491398]]}}, {"type": "Feature", "properties": {"highway": "living_street", "footway": null, "name": "Rue Hautefeuille", "surface": "asphalt", "lit": "yes", "length_m": 3.44, "type_element": "Way", "__fid": 57937}, "geometry": {"type": "LineString", "coordinates": [[2.3426346, 48.8520919], [2.342605, 48.8520679]]}}, {"type": "Feature", "properties": {"highway": "footway", "footway": "crossing", "name": null, "surface": "sett", "lit": "yes", "length_m": 2.45, "type_element": "Way", "__fid": 57938}, "geometry": {"type": "LineString", "coordinates": [[2.342605, 48.8520679], [2.342631633333389, 48.852054633333346]]}}, {"type": "Feature", "properties": {"highway": "footway", "footway": "sidewalk", "name": null, "surface": "paving_stones", "lit": "yes", "length_m": 3.22, "type_element": "Way", "__fid": 57946}, "geometry": {"type": "LineString", "coordinates": [[2.342644500000123, 48.85212763333339], [2.3426269, 48.8521165], [2.342607866666643, 48.8521193]]}}, {"type": "Feature", "properties": {"highway": "living_street", "footway": null, "name": "Rue Hautefeuille", "surface": "asphalt", "lit": "yes", "length_m": 3.92, "type_element": "Way", "__fid": 57982}, "geometry": {"type": "LineString", "coordinates": [[2.3426658, 48.8521205], [2.3426346, 48.8520919]]}}, {"type": "Feature", "properties": {"highway": "living_street", "footway": null, "name": "Rue Serpente", "surface": "asphalt", "lit": "yes", "length_m": 4.52, "type_element": "Way", "__fid": 57983}, "geometry": {"type": "LineString", "coordinates": [[2.3426894, 48.8520734], [2.3426346, 48.8520919]]}}, {"type": "Feature", "properties": {"highway": "footway", "footway": "crossing", "name": null, "surface": "asphalt", "lit": "yes", "length_m": 5.43, "type_element": "Way", "__fid": 57991}, "geometry": {"type": "LineString", "coordinates": [[2.3426572, 48.8506283], [2.3426771, 48.8506753]]}}, {"type": "Feature", "properties": {"highway": "footway", "footway": "crossing", "name": null, "surface": "sett", "lit": "yes", "length_m": 1.75, "type_element": "Way", "__fid": 57999}, "geometry": {"type": "LineString", "coordinates": [[2.342644500000123, 48.85212763333339], [2.3426658, 48.8521205]]}}, {"type": "Feature", "properties": {"highway": "footway", "footway": "crossing", "name": null, "surface": "asphalt", "lit": "yes", "length_m": 6.73, "type_element": "Way", "__fid": 58019}, "geometry": {"type": "LineString", "coordinates": [[2.3426771, 48.8506753], [2.3426956, 48.8507346]]}}, {"type": "Feature", "properties": {"highway": "living_street", "footway": null, "name": "Rue du Sommerard", "surface": "sett", "lit": "yes", "length_m": 23.26, "type_element": "Way", "__fid": 58020}, "geometry": {"type": "LineString", "coordinates": [[2.3426771, 48.8506753], [2.3429504, 48.8505694]]}}, {"type": "Feature", "properties": {"highway": "living_street", "footway": null, "name": "Rue Hautefeuille", "surface": "asphalt", "lit": "yes", "length_m": 36.48, "type_element": "Way", "__fid": 58026}, "geometry": {"type": "LineString", "coordinates": [[2.3429064, 48.8524076], [2.3426658, 48.8521205]]}}, {"type": "Feature", "properties": {"highway": "footway", "footway": "crossing", "name": null, "surface": "sett", "lit": "yes", "length_m": 3.04, "type_element": "Way", "__fid": 58027}, "geometry": {"type": "LineString", "coordinates": [[2.3426658, 48.8521205], [2.3427064, 48.85211489999999]]}}, {"type": "Feature", "properties": {"highway": "footway", "footway": "crossing", "name": null, "surface": "asphalt", "lit": "yes", "length_m": 2.84, "type_element": "Way", "__fid": 58037}, "geometry": {"type": "LineString", "coordinates": [[2.3426772, 48.8520492], [2.3426894, 48.8520734]]}}, {"type": "Feature", "properties": {"highway": "footway", "footway": "sidewalk", "name": null, "surface": "asphalt", "lit": "yes", "length_m": 47.28, "type_element": "Way", "__fid": 58038}, "geometry": {"type": "LineString", "coordinates": [[2.3426772, 48.8520492], [2.3428524, 48.8519848], [2.3428942, 48.851981500000015], [2.3430873, 48.8519124], [2.3431, 48.851895700000014], [2.3432228, 48.8518347]]}}, {"type": "Feature", "properties": {"highway": "footway", "footway": "crossing", "name": null, "surface": "asphalt", "lit": null, "length_m": 25.09, "type_element": "Way", "__fid": 58043}, "geometry": {"type": "LineString", "coordinates": [[2.3426956, 48.8507346], [2.3427496, 48.85073720000001], [2.3429725, 48.8506171]]}}, {"type": "Feature", "properties": {"highway": "footway", "footway": "sidewalk", "name": null, "surface": "asphalt", "lit": "yes", "length_m": 63.91, "type_element": "Way", "__fid": 58044}, "geometry": {"type": "LineString", "coordinates": [[2.3429553, 48.8512832], [2.3426956, 48.8507346]]}}, {"type": "Feature", "properties": {"highway": "steps", "footway": null, "name": null, "surface": null, "lit": "yes", "length_m": 9.84, "type_element": "Way", "__fid": 58046}, "geometry": {"type": "LineString", "coordinates": [[2.3426674, 48.853061], [2.3427038, 48.8531462]]}}, {"type": "Feature", "properties": {"highway": "footway", "footway": "sidewalk", "name": null, "surface": "asphalt", "lit": "yes", "length_m": 9.4, "type_element": "Way", "__fid": 58047}, "geometry": {"type": "LineString", "coordinates": [[2.3427816, 48.8530244], [2.3427262, 48.8530485], [2.3426674, 48.853061]]}}, {"type": "Feature", "properties": {"highway": "footway", "footway": "sidewalk", "name": null, "surface": "sett", "lit": "yes", "length_m": 2.93, "type_element": "Way", "__fid": 58054}, "geometry": {"type": "LineString", "coordinates": [[2.3427346, 48.8484204], [2.342728966666781, 48.848394300000116]]}}, {"type": "Feature", "properties": {"highway": "footway", "footway": "crossing", "name": null, "surface": "asphalt", "lit": "yes", "length_m": 5.41, "type_element": "Way", "__fid": 58055}, "geometry": {"type": "LineString", "coordinates": [[2.342798, 48.8483772], [2.342728966666781, 48.848394300000116]]}}, {"type": "Feature", "properties": {"highway": "footway", "footway": "sidewalk", "name": null, "surface": "sett", "lit": "yes", "length_m": 3.84, "type_element": "Way", "__fid": 58064}, "geometry": {"type": "LineString", "coordinates": [[2.3427346, 48.8484204], [2.3427535, 48.8484526]]}}, {"type": "Feature", "properties": {"highway": "footway", "footway": "sidewalk", "name": null, "surface": "asphalt", "lit": "yes", "length_m": 7.35, "type_element": "Way", "__fid": 58065}, "geometry": {"type": "LineString", "coordinates": [[2.3427134, 48.8501265], [2.3427728, 48.8501797]]}}, {"type": "Feature", "properties": {"highway": "footway", "footway": "crossing", "name": null, "surface": "asphalt", "lit": "yes", "length_m": 3.55, "type_element": "Way", "__fid": 58066}, "geometry": {"type": "LineString", "coordinates": [[2.3426894, 48.8520734], [2.3427165, 48.8520999]]}}, {"type": "Feature", "properties": {"highway": "living_street", "footway": null, "name": "Rue Serpente", "surface": "asphalt", "lit": "yes", "length_m": 45.85, "type_element": "Way", "__fid": 58067}, "geometry": {"type": "LineString", "coordinates": [[2.3432475, 48.8518879], [2.3426894, 48.8520734]]}}, {"type": "Feature", "properties": {"highway": "footway", "footway": "sidewalk", "name": null, "surface": "asphalt", "lit": "yes", "length_m": 4.73, "type_element": "Way", "__fid": 58073}, "geometry": {"type": "LineString", "coordinates": [[2.3426816, 48.8529784], [2.3427337, 48.8530034]]}}, {"type": "Feature", "properties": {"highway": "footway", "footway": "sidewalk", "name": null, "surface": "paving_stones", "lit": "yes", "length_m": 143.24, "type_element": "Way", "__fid": 58080}, "geometry": {"type": "LineString", "coordinates": [[2.3427064, 48.85211489999999], [2.3429954, 48.8524703], [2.3433079, 48.8523797], [2.3433153, 48.852385599999984], [2.3433153, 48.8523935], [2.3432826, 48.85241209999999], [2.3430107, 48.8524928], [2.3432884, 48.85286939999999]]}}, {"type": "Feature", "properties": {"highway": "footway", "footway": "sidewalk", "name": null, "surface": "paving_stones", "lit": "yes", "length_m": 1.83, "type_element": "Way", "__fid": 58081}, "geometry": {"type": "LineString", "coordinates": [[2.3427165, 48.8520999], [2.3427064, 48.85211489999999]]}}, {"type": "Feature", "properties": {"highway": "footway", "footway": "sidewalk", "name": null, "surface": "sett", "lit": "yes", "length_m": 18.87, "type_element": "Way", "__fid": 58084}, "geometry": {"type": "LineString", "coordinates": [[2.3427535, 48.8484526], [2.3427466, 48.8484826], [2.3428165, 48.8486141]]}}, {"type": "Feature", "properties": {"highway": "pedestrian", "footway": null, "name": "Place de la Sorbonne", "surface": "sett", "lit": "yes", "length_m": 2.5, "type_element": "Way", "__fid": 58085}, "geometry": {"type": "LineString", "coordinates": [[2.3427535, 48.8484526], [2.3427856, 48.848445]]}}, {"type": "Feature", "properties": {"highway": "footway", "footway": "sidewalk", "name": null, "surface": "paving_stones", "lit": "yes", "length_m": 44.26, "type_element": "Way", "__fid": 58095}, "geometry": {"type": "LineString", "coordinates": [[2.3427165, 48.8520999], [2.3427753, 48.852091], [2.343217, 48.8519374], [2.3432605, 48.8519364]]}}, {"type": "Feature", "properties": {"highway": "footway", "footway": "sidewalk", "name": null, "surface": "paving_stones", "lit": "yes", "length_m": 4.22, "type_element": "Way", "__fid": 58128}, "geometry": {"type": "LineString", "coordinates": [[2.3427337, 48.8530034], [2.3427816, 48.8530244]]}}, {"type": "Feature", "properties": {"highway": "living_street", "footway": null, "name": "Rue Suger", "surface": "asphalt", "lit": "yes", "length_m": 7.52, "type_element": "Way", "__fid": 58129}, "geometry": {"type": "LineString", "coordinates": [[2.3427337, 48.8530034], [2.3427976, 48.8529505]]}}, {"type": "Feature", "properties": {"highway": "footway", "footway": "crossing", "name": null, "surface": "asphalt", "lit": "yes", "length_m": 16.7, "type_element": "Way", "__fid": 58136}, "geometry": {"type": "LineString", "coordinates": [[2.3427728, 48.8501797], [2.3428416, 48.8503229]]}}, {"type": "Feature", "properties": {"highway": "footway", "footway": "sidewalk", "name": null, "surface": "asphalt", "lit": "yes", "length_m": 22.51, "type_element": "Way", "__fid": 58137}, "geometry": {"type": "LineString", "coordinates": [[2.3427728, 48.8501797], [2.343038666666729, 48.850078700000026]]}}, {"type": "Feature", "properties": {"highway": "footway", "footway": "sidewalk", "name": null, "surface": "paving_stones", "lit": "yes", "length_m": 32.82, "type_element": "Way", "__fid": 58140}, "geometry": {"type": "LineString", "coordinates": [[2.3429573, 48.8486528], [2.3428839, 48.848539], [2.342798, 48.8483772]]}}, {"type": "Feature", "properties": {"highway": "footway", "footway": "sidewalk", "name": null, "surface": "sett", "lit": "yes", "length_m": 6.02, "type_element": "Way", "__fid": 58156}, "geometry": {"type": "LineString", "coordinates": [[2.3428165, 48.8486141], [2.3428382, 48.8486663]]}}, {"type": "Feature", "properties": {"highway": "pedestrian", "footway": null, "name": "Place de la Sorbonne", "surface": "sett", "lit": "yes", "length_m": 4.18, "type_element": "Way", "__fid": 58157}, "geometry": {"type": "LineString", "coordinates": [[2.3428699, 48.84860110000001], [2.3428165, 48.8486141]]}}, {"type": "Feature", "properties": {"highway": "footway", "footway": "sidewalk", "name": null, "surface": "asphalt", "lit": "yes", "length_m": 58.04, "type_element": "Way", "__fid": 58161}, "geometry": {"type": "LineString", "coordinates": [[2.3431146, 48.847504], [2.3429996, 48.8473295], [2.3428301, 48.8470235], [2.342838700000127, 48.84702196666684]]}}, {"type": "Feature", "properties": {"highway": "footway", "footway": "sidewalk", "name": null, "surface": "paving_stones", "lit": "yes", "length_m": 3.63, "type_element": "Way", "__fid": 58179}, "geometry": {"type": "LineString", "coordinates": [[2.3427816, 48.8530244], [2.342831, 48.85302630000001]]}}, {"type": "Feature", "properties": {"highway": "footway", "footway": null, "name": null, "surface": "paving_stones", "lit": "yes", "length_m": 1.6, "type_element": "Way", "__fid": 58180}, "geometry": {"type": "LineString", "coordinates": [[2.3428382, 48.8486663], [2.3428453, 48.8486799]]}}, {"type": "Feature", "properties": {"highway": "footway", "footway": "sidewalk", "name": null, "surface": "asphalt", "lit": "yes", "length_m": 34.0, "type_element": "Way", "__fid": 58196}, "geometry": {"type": "LineString", "coordinates": [[2.3430095, 48.8489658], [2.3428453, 48.8486799]]}}, {"type": "Feature", "properties": {"highway": "footway", "footway": "crossing", "name": null, "surface": "asphalt", "lit": "yes", "length_m": 8.75, "type_element": "Way", "__fid": 58197}, "geometry": {"type": "LineString", "coordinates": [[2.3428453, 48.8486799], [2.3429573, 48.8486528]]}}, {"type": "Feature", "properties": {"highway": "footway", "footway": "sidewalk", "name": null, "surface": "asphalt", "lit": "yes", "length_m": 17.69, "type_element": "Way", "__fid": 58199}, "geometry": {"type": "LineString", "coordinates": [[2.3429288, 48.8505227], [2.3428325, 48.85037690000003]]}}, {"type": "Feature", "properties": {"highway": "footway", "footway": "sidewalk", "name": null, "surface": "asphalt", "lit": "yes", "length_m": 6.04, "type_element": "Way", "__fid": 58200}, "geometry": {"type": "LineString", "coordinates": [[2.3428325, 48.85037690000003], [2.3428416, 48.8503229]]}}, {"type": "Feature", "properties": {"highway": "footway", "footway": "sidewalk", "name": null, "surface": "asphalt", "lit": "yes", "length_m": 65.53, "type_element": "Way", "__fid": 58208}, "geometry": {"type": "LineString", "coordinates": [[2.3428416, 48.8503229], [2.3430221, 48.8502447], [2.3433439, 48.8501233], [2.3434039, 48.8501184], [2.3436142, 48.8500343]]}}, {"type": "Feature", "properties": {"highway": "footway", "footway": "sidewalk", "name": null, "surface": "paving_stones", "lit": "yes", "length_m": 24.2, "type_element": "Way", "__fid": 58239}, "geometry": {"type": "LineString", "coordinates": [[2.342831, 48.85302630000001], [2.3430726, 48.8531745]]}}, {"type": "Feature", "properties": {"highway": "footway", "footway": "crossing", "name": null, "surface": "asphalt", "lit": "yes", "length_m": 10.07, "type_element": "Way", "__fid": 58240}, "geometry": {"type": "LineString", "coordinates": [[2.342831, 48.85302630000001], [2.3428538, 48.8530174], [2.3429123, 48.8529554]]}}, {"type": "Feature", "properties": {"highway": "footway", "footway": "sidewalk", "name": null, "surface": null, "lit": "yes", "length_m": 56.1, "type_element": "Way", "__fid": 58276}, "geometry": {"type": "LineString", "coordinates": [[2.34319156666672, 48.84747536666669], [2.3429627, 48.847046], [2.3429505, 48.8469973]]}}, {"type": "Feature", "properties": {"highway": "footway", "footway": "crossing", "name": null, "surface": "asphalt", "lit": "yes", "length_m": 5.43, "type_element": "Way", "__fid": 58301}, "geometry": {"type": "LineString", "coordinates": [[2.3429288, 48.8505227], [2.3429504, 48.8505694]]}}, {"type": "Feature", "properties": {"highway": "footway", "footway": "sidewalk", "name": null, "surface": "paving_stones", "lit": "yes", "length_m": 92.28, "type_element": "Way", "__fid": 58302}, "geometry": {"type": "LineString", "coordinates": [[2.3436363, 48.8500278], [2.3437565, 48.8501956], [2.3437368, 48.850227], [2.3429827, 48.8505101], [2.3429288, 48.8505227]]}}, {"type": "Feature", "properties": {"highway": "living_street", "footway": null, "name": "Rue Hautefeuille", "surface": "asphalt", "lit": "yes", "length_m": 10.4, "type_element": "Way", "__fid": 58304}, "geometry": {"type": "LineString", "coordinates": [[2.3429698, 48.8524913], [2.3429064, 48.8524076]]}}, {"type": "Feature", "properties": {"highway": "footway", "footway": "sidewalk", "name": null, "surface": "asphalt", "lit": "yes", "length_m": 144.71, "type_element": "Way", "__fid": 58308}, "geometry": {"type": "LineString", "coordinates": [[2.343685, 48.8498415], [2.3436449, 48.849844099999984], [2.3434477, 48.8494869], [2.3429573, 48.8486528]]}}, {"type": "Feature", "properties": {"highway": "footway", "footway": "sidewalk", "name": null, "surface": "asphalt", "lit": "yes", "length_m": 6.51, "type_element": "Way", "__fid": 58309}, "geometry": {"type": "LineString", "coordinates": [[2.3429276, 48.8513333], [2.3429619, 48.8513873]]}}, {"type": "Feature", "properties": {"highway": "footway", "footway": "sidewalk", "name": null, "surface": "asphalt", "lit": "yes", "length_m": 5.93, "type_element": "Way", "__fid": 58310}, "geometry": {"type": "LineString", "coordinates": [[2.3429276, 48.8513333], [2.3429553, 48.8512832]]}}, {"type": "Feature", "properties": {"highway": "footway", "footway": "sidewalk", "name": null, "surface": "asphalt", "lit": "yes", "length_m": 20.17, "type_element": "Way", "__fid": 58314}, "geometry": {"type": "LineString", "coordinates": [[2.3431621, 48.852885], [2.3430625, 48.8529003], [2.3429625, 48.8529312], [2.3429123, 48.8529554]]}}, {"type": "Feature", "properties": {"highway": "footway", "footway": "crossing", "name": null, "surface": "asphalt", "lit": "yes", "length_m": 5.55, "type_element": "Way", "__fid": 58321}, "geometry": {"type": "LineString", "coordinates": [[2.3429504, 48.8505694], [2.3429725, 48.8506171]]}}, {"type": "Feature", "properties": {"highway": "living_street", "footway": null, "name": "Rue du Sommerard", "surface": "sett", "lit": "yes", "length_m": 77.68, "type_element": "Way", "__fid": 58322}, "geometry": {"type": "LineString", "coordinates": [[2.3438874, 48.8502611], [2.3437222, 48.850274], [2.3429504, 48.8505694]]}}, {"type": "Feature", "properties": {"highway": "footway", "footway": "crossing", "name": null, "surface": "asphalt", "lit": "yes", "length_m": 22.37, "type_element": "Way", "__fid": 58335}, "geometry": {"type": "LineString", "coordinates": [[2.3429553, 48.8512832], [2.3432468, 48.8512242]]}}, {"type": "Feature", "properties": {"highway": "footway", "footway": "crossing", "name": null, "surface": "asphalt", "lit": "yes", "length_m": 16.62, "type_element": "Way", "__fid": 58346}, "geometry": {"type": "LineString", "coordinates": [[2.3429619, 48.8513873], [2.3430449, 48.85152640000002]]}}, {"type": "Feature", "properties": {"highway": "service", "footway": null, "name": "Boulevard Saint-Germain", "surface": "asphalt", "lit": "yes", "length_m": 41.77, "type_element": "Way", "__fid": 58347}, "geometry": {"type": "LineString", "coordinates": [[2.3429619, 48.8513873], [2.3434969, 48.851259]]}}, {"type": "Feature", "properties": {"highway": "footway", "footway": "sidewalk", "name": null, "surface": "asphalt", "lit": "yes", "length_m": 70.44, "type_element": "Way", "__fid": 58351}, "geometry": {"type": "LineString", "coordinates": [[2.3429725, 48.8506171], [2.3432468, 48.8512242]]}}, {"type": "Feature", "properties": {"highway": "footway", "footway": "sidewalk", "name": null, "surface": "asphalt", "lit": "yes", "length_m": 82.82, "type_element": "Way", "__fid": 58352}, "geometry": {"type": "LineString", "coordinates": [[2.3429725, 48.8506171], [2.343018, 48.8505879], [2.3433008, 48.8504726], [2.3437092, 48.85032180000001], [2.3438317, 48.8503078], [2.343972, 48.85031069999999]]}}, {"type": "Feature", "properties": {"highway": "footway", "footway": "crossing", "name": null, "surface": "asphalt", "lit": "yes", "length_m": 7.82, "type_element": "Way", "__fid": 58356}, "geometry": {"type": "LineString", "coordinates": [[2.3430187, 48.8475485], [2.343071966666548, 48.84760936666669]]}}, {"type": "Feature", "properties": {"highway": "footway", "footway": "sidewalk", "name": null, "surface": null, "lit": "yes", "length_m": 8.92, "type_element": "Way", "__fid": 58357}, "geometry": {"type": "LineString", "coordinates": [[2.3431146, 48.847504], [2.3431094, 48.84751519999999], [2.3430187, 48.8475485]]}}, {"type": "Feature", "properties": {"highway": "footway", "footway": "sidewalk", "name": null, "surface": "asphalt", "lit": "yes", "length_m": 20.62, "type_element": "Way", "__fid": 58365}, "geometry": {"type": "LineString", "coordinates": [[2.3431067, 48.8491398], [2.3430095, 48.8489658]]}}, {"type": "Feature", "properties": {"highway": "footway", "footway": "crossing", "name": null, "surface": "asphalt", "lit": "yes", "length_m": 8.52, "type_element": "Way", "__fid": 58366}, "geometry": {"type": "LineString", "coordinates": [[2.3430095, 48.8489658], [2.343118066666796, 48.84893856666676]]}}, {"type": "Feature", "properties": {"highway": "living_street", "footway": null, "name": "Rue Hautefeuille", "surface": "asphalt", "lit": "yes", "length_m": 47.12, "type_element": "Way", "__fid": 58372}, "geometry": {"type": "LineString", "coordinates": [[2.3432381, 48.8528757], [2.3432283, 48.8528497], [2.3429698, 48.8524913]]}}, {"type": "Feature", "properties": {"highway": "footway", "footway": null, "name": "Impasse Hautefeuille", "surface": "asphalt", "lit": "yes", "length_m": 26.48, "type_element": "Way", "__fid": 58373}, "geometry": {"type": "LineString", "coordinates": [[2.3429698, 48.8524913], [2.3432972, 48.8523911]]}}, {"type": "Feature", "properties": {"highway": "footway", "footway": "crossing", "name": null, "surface": "asphalt", "lit": "yes", "length_m": 2.84, "type_element": "Way", "__fid": 58416}, "geometry": {"type": "LineString", "coordinates": [[2.3430725, 48.8500663], [2.343038666666729, 48.850078700000026]]}}, {"type": "Feature", "properties": {"highway": "footway", "footway": "sidewalk", "name": null, "surface": "asphalt", "lit": "yes", "length_m": 31.86, "type_element": "Way", "__fid": 58436}, "geometry": {"type": "LineString", "coordinates": [[2.3432259, 48.8517855], [2.3431369, 48.85162709999999], [2.3430449, 48.85152640000002]]}}, {"type": "Feature", "properties": {"highway": "pedestrian", "footway": null, "name": "Rue Champollion", "surface": "asphalt", "lit": "yes", "length_m": 7.7, "type_element": "Way", "__fid": 58456}, "geometry": {"type": "LineString", "coordinates": [[2.3431096, 48.8501311], [2.3430725, 48.8500663]]}}, {"type": "Feature", "properties": {"highway": "footway", "footway": "crossing", "name": null, "surface": "asphalt", "lit": "yes", "length_m": 5.21, "type_element": "Way", "__fid": 58457}, "geometry": {"type": "LineString", "coordinates": [[2.3431344, 48.8500433], [2.3430725, 48.8500663]]}}, {"type": "Feature", "properties": {"highway": "footway", "footway": "crossing", "name": null, "surface": null, "lit": "yes", "length_m": 6.48, "type_element": "Way", "__fid": 58465}, "geometry": {"type": "LineString", "coordinates": [[2.3431146, 48.847504], [2.34319156666672, 48.84747536666669]]}}, {"type": "Feature", "properties": {"highway": "footway", "footway": "sidewalk", "name": null, "surface": "asphalt", "lit": "yes", "length_m": 88.09, "type_element": "Way", "__fid": 58480}, "geometry": {"type": "LineString", "coordinates": [[2.343535033333521, 48.84987990000012], [2.3431067, 48.8491398]]}}, {"type": "Feature", "properties": {"highway": "footway", "footway": "crossing", "name": null, "surface": "asphalt", "lit": "yes", "length_m": 4.88, "type_element": "Way", "__fid": 58494}, "geometry": {"type": "LineString", "coordinates": [[2.3430726, 48.8531745], [2.3431276, 48.8531991]]}}, {"type": "Feature", "properties": {"highway": "footway", "footway": "sidewalk", "name": null, "surface": "asphalt", "lit": "yes", "length_m": 32.25, "type_element": "Way", "__fid": 58517}, "geometry": {"type": "LineString", "coordinates": [[2.3431344, 48.8500433], [2.3432093, 48.8500235], [2.3435144, 48.84991], [2.343518266666481, 48.849915]]}}, {"type": "Feature", "properties": {"highway": "steps", "footway": null, "name": null, "surface": "asphalt", "lit": "yes", "length_m": 7.37, "type_element": "Way", "__fid": 58525}, "geometry": {"type": "LineString", "coordinates": [[2.3431843, 48.8529819], [2.3431402, 48.8529572], [2.3431009, 48.85294630000001]]}}, {"type": "Feature", "properties": {"highway": "footway", "footway": "sidewalk", "name": null, "surface": "asphalt", "lit": "yes", "length_m": 27.16, "type_element": "Way", "__fid": 58542}, "geometry": {"type": "LineString", "coordinates": [[2.343520799999878, 48.84736573333335], [2.3432257, 48.8474706], [2.34319156666672, 48.84747536666669]]}}, {"type": "Feature", "properties": {"highway": "footway", "footway": "sidewalk", "name": null, "surface": "sett", "lit": "yes", "length_m": 4.5, "type_element": "Way", "__fid": 58552}, "geometry": {"type": "LineString", "coordinates": [[2.3431537, 48.8532325], [2.3431485, 48.8532096], [2.3431276, 48.8531991]]}}, {"type": "Feature", "properties": {"highway": "living_street", "footway": null, "name": "Place Saint-André des Arts", "surface": "asphalt", "lit": "yes", "length_m": 11.92, "type_element": "Way", "__fid": 58553}, "geometry": {"type": "LineString", "coordinates": [[2.3431276, 48.8531991], [2.3432587, 48.8531358]]}}, {"type": "Feature", "properties": {"highway": "footway", "footway": "sidewalk", "name": null, "surface": "asphalt", "lit": "yes", "length_m": 5.71, "type_element": "Way", "__fid": 58579}, "geometry": {"type": "LineString", "coordinates": [[2.3431537, 48.8532325], [2.3432076, 48.85326960000001]]}}, {"type": "Feature", "properties": {"highway": "footway", "footway": "sidewalk", "name": null, "surface": "paving_stones", "lit": "yes", "length_m": 10.9, "type_element": "Way", "__fid": 58585}, "geometry": {"type": "LineString", "coordinates": [[2.3431621, 48.852885], [2.3431843, 48.8529819]]}}, {"type": "Feature", "properties": {"highway": "footway", "footway": "sidewalk", "name": null, "surface": "asphalt", "lit": "yes", "length_m": 2.34, "type_element": "Way", "__fid": 58586}, "geometry": {"type": "LineString", "coordinates": [[2.3431932, 48.852880200000016], [2.3431621, 48.852885]]}}, {"type": "Feature", "properties": {"highway": "steps", "footway": null, "name": null, "surface": "asphalt", "lit": "yes", "length_m": 3.26, "type_element": "Way", "__fid": 58614}, "geometry": {"type": "LineString", "coordinates": [[2.3432082, 48.8530066], [2.3431843, 48.8529819]]}}, {"type": "Feature", "properties": {"highway": "footway", "footway": "sidewalk", "name": null, "surface": "paving_stones", "lit": "yes", "length_m": 18.79, "type_element": "Way", "__fid": 58615}, "geometry": {"type": "LineString", "coordinates": [[2.3431843, 48.8529819], [2.3432135, 48.8531099], [2.3432587, 48.8531358]]}}, {"type": "Feature", "properties": {"highway": "footway", "footway": "crossing", "name": null, "surface": "asphalt", "lit": "yes", "length_m": 3.33, "type_element": "Way", "__fid": 58619}, "geometry": {"type": "LineString", "coordinates": [[2.3431932, 48.852880200000016], [2.3432381, 48.8528757]]}}, {"type": "Feature", "properties": {"highway": "footway", "footway": "crossing", "name": null, "surface": "asphalt", "lit": "yes", "length_m": 6.19, "type_element": "Way", "__fid": 58630}, "geometry": {"type": "LineString", "coordinates": [[2.3432475, 48.8518879], [2.3432228, 48.8518347]]}}, {"type": "Feature", "properties": {"highway": "footway", "footway": "sidewalk", "name": null, "surface": "asphalt", "lit": "yes", "length_m": 5.48, "type_element": "Way", "__fid": 58631}, "geometry": {"type": "LineString", "coordinates": [[2.3432228, 48.8518347], [2.3432259, 48.8517855]]}}, {"type": "Feature", "properties": {"highway": "footway", "footway": "crossing", "name": null, "surface": "asphalt", "lit": "yes", "length_m": 21.68, "type_element": "Way", "__fid": 58632}, "geometry": {"type": "LineString", "coordinates": [[2.3432259, 48.8517855], [2.3435072, 48.8517258]]}}, {"type": "Feature", "properties": {"highway": "footway", "footway": "crossing", "name": null, "surface": "asphalt", "lit": "yes", "length_m": 13.69, "type_element": "Way", "__fid": 58634}, "geometry": {"type": "LineString", "coordinates": [[2.3432076, 48.85326960000001], [2.3433386, 48.85318190000002]]}}, {"type": "Feature", "properties": {"highway": "footway", "footway": "sidewalk", "name": null, "surface": "asphalt", "lit": "yes", "length_m": 4.42, "type_element": "Way", "__fid": 58641}, "geometry": {"type": "LineString", "coordinates": [[2.3432468, 48.8512242], [2.343303, 48.8512384]]}}, {"type": "Feature", "properties": {"highway": "footway", "footway": "crossing", "name": null, "surface": "asphalt", "lit": "yes", "length_m": 5.48, "type_element": "Way", "__fid": 58651}, "geometry": {"type": "LineString", "coordinates": [[2.3432605, 48.8519364], [2.3432475, 48.8518879]]}}, {"type": "Feature", "properties": {"highway": "living_street", "footway": null, "name": "Rue Serpente", "surface": "asphalt", "lit": "yes", "length_m": 10.92, "type_element": "Way", "__fid": 58652}, "geometry": {"type": "LineString", "coordinates": [[2.3433796, 48.8518427], [2.3432475, 48.8518879]]}}, {"type": "Feature", "properties": {"highway": "living_street", "footway": null, "name": "Rue Hautefeuille", "surface": "asphalt", "lit": "yes", "length_m": 6.89, "type_element": "Way", "__fid": 58654}, "geometry": {"type": "LineString", "coordinates": [[2.3432549, 48.8529367], [2.3432381, 48.8528757]]}}, {"type": "Feature", "properties": {"highway": "footway", "footway": "sidewalk", "name": null, "surface": "paving_stones", "lit": "yes", "length_m": 3.76, "type_element": "Way", "__fid": 58655}, "geometry": {"type": "LineString", "coordinates": [[2.3432381, 48.8528757], [2.3432884, 48.85286939999999]]}}, {"type": "Feature", "properties": {"highway": "footway", "footway": "sidewalk", "name": null, "surface": "asphalt", "lit": "yes", "length_m": 92.95, "type_element": "Way", "__fid": 58659}, "geometry": {"type": "LineString", "coordinates": [[2.3432605, 48.8519364], [2.3435742, 48.85261219999999], [2.3436116, 48.8526461], [2.3436529, 48.8527289]]}}, {"type": "Feature", "properties": {"highway": "living_street", "footway": null, "name": "Place Saint-André des Arts", "surface": "asphalt", "lit": "yes", "length_m": 22.46, "type_element": "Way", "__fid": 58663}, "geometry": {"type": "LineString", "coordinates": [[2.3432587, 48.8531358], [2.343278, 48.8531002], [2.3432549, 48.8529367]]}}, {"type": "Feature", "properties": {"highway": "service", "footway": null, "name": "Accès Parking Saint-Michel", "surface": "asphalt", "lit": "yes", "length_m": 5.26, "type_element": "Way", "__fid": 58664}, "geometry": {"type": "LineString", "coordinates": [[2.3432549, 48.8529367], [2.3433219, 48.8529198]]}}, {"type": "Feature", "properties": {"highway": "footway", "footway": "crossing", "name": null, "surface": "asphalt", "lit": "yes", "length_m": 6.3, "type_element": "Way", "__fid": 58669}, "geometry": {"type": "LineString", "coordinates": [[2.3433301, 48.8531629], [2.3433004, 48.8531603], [2.3432587, 48.8531358]]}}, {"type": "Feature", "properties": {"highway": "steps", "footway": null, "name": null, "surface": "concrete", "lit": "yes", "length_m": 14.28, "type_element": "Way", "__fid": 58687}, "geometry": {"type": "LineString", "coordinates": [[2.343483642987895, 48.85123607187334], [2.3434593, 48.85122890000001], [2.3433515, 48.8512537], [2.343303, 48.8512384]]}}, {"type": "Feature", "properties": {"highway": "footway", "footway": "sidewalk", "name": null, "surface": "asphalt", "lit": "yes", "length_m": 12.48, "type_element": "Way", "__fid": 58688}, "geometry": {"type": "LineString", "coordinates": [[2.343303, 48.8512384], [2.3434608, 48.8511965]]}}, {"type": "Feature", "properties": {"highway": "footway", "footway": "sidewalk", "name": null, "surface": "paving_stones", "lit": "yes", "length_m": 2.49, "type_element": "Way", "__fid": 58695}, "geometry": {"type": "LineString", "coordinates": [[2.3432884, 48.85286939999999], [2.3433035, 48.85288950000002]]}}, {"type": "Feature", "properties": {"highway": "footway", "footway": "sidewalk", "name": null, "surface": "asphalt", "lit": "yes", "length_m": 3.63, "type_element": "Way", "__fid": 58704}, "geometry": {"type": "LineString", "coordinates": [[2.3433219, 48.8529198], [2.3433035, 48.85288950000002]]}}, {"type": "Feature", "properties": {"highway": "footway", "footway": null, "name": "Rue Francisque Gay", "surface": "asphalt", "lit": "yes", "length_m": 29.69, "type_element": "Way", "__fid": 58705}, "geometry": {"type": "LineString", "coordinates": [[2.3433035, 48.85288950000002], [2.3436754, 48.85278439999998]]}}, {"type": "Feature", "properties": {"highway": "footway", "footway": "sidewalk", "name": null, "surface": "asphalt", "lit": "yes", "length_m": 27.62, "type_element": "Way", "__fid": 58712}, "geometry": {"type": "LineString", "coordinates": [[2.3433301, 48.8531629], [2.3433317, 48.8530696], [2.3433188, 48.8529863], [2.3433398, 48.85294720000001], [2.3433219, 48.8529198]]}}, {"type": "Feature", "properties": {"highway": "service", "footway": null, "name": "Accès Parking Saint-Michel", "surface": "asphalt", "lit": "yes", "length_m": 15.92, "type_element": "Way", "__fid": 58713}, "geometry": {"type": "LineString", "coordinates": [[2.3433219, 48.8529198], [2.3435246, 48.8528687]]}}, {"type": "Feature", "properties": {"highway": "footway", "footway": "sidewalk", "name": null, "surface": "asphalt", "lit": "yes", "length_m": 2.2, "type_element": "Way", "__fid": 58720}, "geometry": {"type": "LineString", "coordinates": [[2.3433386, 48.85318190000002], [2.3433301, 48.8531629]]}}, {"type": "Feature", "properties": {"highway": "footway", "footway": "sidewalk", "name": null, "surface": "asphalt", "lit": "yes", "length_m": 17.42, "type_element": "Way", "__fid": 58726}, "geometry": {"type": "LineString", "coordinates": [[2.3435278, 48.8532765], [2.3433386, 48.85318190000002]]}}, {"type": "Feature", "properties": {"highway": "footway", "footway": "sidewalk", "name": null, "surface": "asphalt", "lit": "yes", "length_m": 32.19, "type_element": "Way", "__fid": 58749}, "geometry": {"type": "LineString", "coordinates": [[2.3435072, 48.8517258], [2.3434867, 48.8516854], [2.3434419, 48.8516487], [2.3433754, 48.85149290000001], [2.3433936, 48.851457]]}}, {"type": "Feature", "properties": {"highway": "steps", "footway": null, "name": null, "surface": "concrete", "lit": "yes", "length_m": 16.3, "type_element": "Way", "__fid": 58750}, "geometry": {"type": "LineString", "coordinates": [[2.343568582838983, 48.851384886456266], [2.3434092, 48.8514244], [2.3433936, 48.851457]]}}, {"type": "Feature", "properties": {"highway": "footway", "footway": "sidewalk", "name": null, "surface": "asphalt", "lit": "yes", "length_m": 12.25, "type_element": "Way", "__fid": 58751}, "geometry": {"type": "LineString", "coordinates": [[2.3435508, 48.8514199], [2.3433936, 48.851457]]}}, {"type": "Feature", "properties": {"highway": "footway", "footway": "sidewalk", "name": null, "surface": "asphalt", "lit": "yes", "length_m": 4.71, "type_element": "Way", "__fid": 58806}, "geometry": {"type": "LineString", "coordinates": [[2.343483642987895, 48.85123607187334], [2.3434608, 48.8511965]]}}, {"type": "Feature", "properties": {"highway": "footway", "footway": "sidewalk", "name": null, "surface": "asphalt", "lit": "yes", "length_m": 104.67, "type_element": "Way", "__fid": 58807}, "geometry": {"type": "LineString", "coordinates": [[2.3434608, 48.8511965], [2.3448049, 48.8508813]]}}, {"type": "Feature", "properties": {"highway": "footway", "footway": "sidewalk", "name": null, "surface": "asphalt", "lit": "yes", "length_m": 4.34, "type_element": "Way", "__fid": 58812}, "geometry": {"type": "LineString", "coordinates": [[2.3435181, 48.8473267], [2.343520799999878, 48.84736573333335]]}}, {"type": "Feature", "properties": {"highway": "footway", "footway": "crossing", "name": null, "surface": "asphalt", "lit": "yes", "length_m": 7.63, "type_element": "Way", "__fid": 58822}, "geometry": {"type": "LineString", "coordinates": [[2.343520799999878, 48.84736573333335], [2.343562819999909, 48.84742846000002]]}}, {"type": "Feature", "properties": {"highway": "footway", "footway": null, "name": null, "surface": "concrete", "lit": "24/7", "length_m": 3.14, "type_element": "Way", "__fid": 58830}, "geometry": {"type": "LineString", "coordinates": [[2.34351619700338, 48.85125437970472], [2.343483642987895, 48.85123607187334]]}}, {"type": "Feature", "properties": {"highway": "footway", "footway": "crossing", "name": null, "surface": "asphalt", "lit": "yes", "length_m": 2.73, "type_element": "Way", "__fid": 58831}, "geometry": {"type": "LineString", "coordinates": [[2.3434969, 48.851259], [2.343483642987895, 48.85123607187334]]}}, {"type": "Feature", "properties": {"highway": "footway", "footway": "crossing", "name": null, "surface": "asphalt", "lit": "yes", "length_m": 14.95, "type_element": "Way", "__fid": 58843}, "geometry": {"type": "LineString", "coordinates": [[2.343568582838983, 48.851384886456266], [2.3434969, 48.851259]]}}, {"type": "Feature", "properties": {"highway": "service", "footway": null, "name": "Boulevard Saint-Germain", "surface": "asphalt", "lit": "yes", "length_m": 1.51, "type_element": "Way", "__fid": 58844}, "geometry": {"type": "LineString", "coordinates": [[2.3434969, 48.851259], [2.34351619700338, 48.85125437970472]]}}, {"type": "Feature", "properties": {"highway": "footway", "footway": "crossing", "name": null, "surface": "asphalt", "lit": "yes", "length_m": 15.02, "type_element": "Way", "__fid": 58847}, "geometry": {"type": "LineString", "coordinates": [[2.343518266666481, 48.849915], [2.3436142, 48.8500343]]}}, {"type": "Feature", "properties": {"highway": "footway", "footway": "sidewalk", "name": null, "surface": "asphalt", "lit": "yes", "length_m": 4.09, "type_element": "Way", "__fid": 58848}, "geometry": {"type": "LineString", "coordinates": [[2.343518266666481, 48.849915], [2.343535033333521, 48.84987990000012]]}}, {"type": "Feature", "properties": {"highway": "footway", "footway": "sidewalk", "name": null, "surface": "asphalt", "lit": "yes", "length_m": 56.21, "type_element": "Way", "__fid": 58858}, "geometry": {"type": "LineString", "coordinates": [[2.3437296, 48.85220790000001], [2.343641, 48.8520263], [2.343581, 48.8519266], [2.3435592, 48.85182850000001], [2.3435072, 48.8517258]]}}, {"type": "Feature", "properties": {"highway": "footway", "footway": "sidewalk", "name": null, "surface": "asphalt", "lit": "yes", "length_m": 2.98, "type_element": "Way", "__fid": 58863}, "geometry": {"type": "LineString", "coordinates": [[2.343562819999909, 48.84742846000002], [2.3435991, 48.8474405]]}}, {"type": "Feature", "properties": {"highway": "footway", "footway": null, "name": null, "surface": "concrete", "lit": "24/7", "length_m": 9.76, "type_element": "Way", "__fid": 58866}, "geometry": {"type": "LineString", "coordinates": [[2.3436076, 48.8513182], [2.34351619700338, 48.85125437970472]]}}, {"type": "Feature", "properties": {"highway": "service", "footway": null, "name": "Boulevard Saint-Germain", "surface": "asphalt", "lit": "yes", "length_m": 144.15, "type_element": "Way", "__fid": 58867}, "geometry": {"type": "LineString", "coordinates": [[2.34351619700338, 48.85125437970472], [2.3438281, 48.85117970000002], [2.3441434, 48.8510833], [2.3453577, 48.8508057]]}}, {"type": "Feature", "properties": {"highway": "footway", "footway": "crossing", "name": null, "surface": "asphalt", "lit": "yes", "length_m": 8.59, "type_element": "Way", "__fid": 58868}, "geometry": {"type": "LineString", "coordinates": [[2.343640300000088, 48.84984610000005], [2.343535033333521, 48.84987990000012]]}}, {"type": "Feature", "properties": {"highway": "footway", "footway": "sidewalk", "name": null, "surface": "asphalt", "lit": "yes", "length_m": 78.09, "type_element": "Way", "__fid": 58896}, "geometry": {"type": "LineString", "coordinates": [[2.3435991, 48.8474405], [2.3439581, 48.8481016]]}}, {"type": "Feature", "properties": {"highway": "footway", "footway": "crossing", "name": null, "surface": "asphalt", "lit": "yes", "length_m": 15.04, "type_element": "Way", "__fid": 58897}, "geometry": {"type": "LineString", "coordinates": [[2.3435991, 48.8474405], [2.3437917, 48.8473942]]}}, {"type": "Feature", "properties": {"highway": "living_street", "footway": null, "name": "Rue de la Harpe", "surface": "sett", "lit": "yes", "length_m": 8.0, "type_element": "Way", "__fid": 58898}, "geometry": {"type": "LineString", "coordinates": [[2.343589003078474, 48.85137965049278], [2.3435505, 48.8513123]]}}, {"type": "Feature", "properties": {"highway": "footway", "footway": "sidewalk", "name": null, "surface": "paving_stones", "lit": "yes", "length_m": 142.83, "type_element": "Way", "__fid": 58899}, "geometry": {"type": "LineString", "coordinates": [[2.3435508, 48.8514199], [2.3446436, 48.8524829]]}}, {"type": "Feature", "properties": {"highway": "footway", "footway": "sidewalk", "name": null, "surface": "asphalt", "lit": "yes", "length_m": 3.65, "type_element": "Way", "__fid": 58900}, "geometry": {"type": "LineString", "coordinates": [[2.3435713, 48.85139], [2.3435508, 48.8514199]]}}, {"type": "Feature", "properties": {"highway": "footway", "footway": null, "name": null, "surface": "concrete", "lit": "24/7", "length_m": 35.72, "type_element": "Way", "__fid": 58902}, "geometry": {"type": "LineString", "coordinates": [[2.3435278, 48.8532765], [2.3435842, 48.8532607], [2.3436579, 48.8533009], [2.3438158, 48.8533487], [2.343971938039973, 48.85334933431352]]}}, {"type": "Feature", "properties": {"highway": "footway", "footway": "sidewalk", "name": null, "surface": "asphalt", "lit": "yes", "length_m": 0.6, "type_element": "Way", "__fid": 58921}, "geometry": {"type": "LineString", "coordinates": [[2.3435713, 48.85139], [2.343568582838983, 48.851384886456266]]}}, {"type": "Feature", "properties": {"highway": "footway", "footway": null, "name": null, "surface": "asphalt", "lit": "yes", "length_m": 1.61, "type_element": "Way", "__fid": 58922}, "geometry": {"type": "LineString", "coordinates": [[2.343589003078474, 48.85137965049278], [2.343568582838983, 48.851384886456266]]}}, {"type": "Feature", "properties": {"highway": "footway", "footway": "sidewalk", "name": null, "surface": "asphalt", "lit": "yes", "length_m": 1.62, "type_element": "Way", "__fid": 58926}, "geometry": {"type": "LineString", "coordinates": [[2.343592, 48.8513849], [2.3435713, 48.85139]]}}, {"type": "Feature", "properties": {"highway": "living_street", "footway": null, "name": "Rue de la Harpe", "surface": "sett", "lit": "yes", "length_m": 0.62, "type_element": "Way", "__fid": 58940}, "geometry": {"type": "LineString", "coordinates": [[2.343592, 48.8513849], [2.343589003078474, 48.85137965049278]]}}, {"type": "Feature", "properties": {"highway": "footway", "footway": null, "name": null, "surface": "asphalt", "lit": "yes", "length_m": 6.97, "type_element": "Way", "__fid": 58941}, "geometry": {"type": "LineString", "coordinates": [[2.3436076, 48.8513182], [2.343589003078474, 48.85137965049278]]}}, {"type": "Feature", "properties": {"highway": "living_street", "footway": null, "name": "Rue de la Harpe", "surface": "sett", "lit": "yes", "length_m": 76.19, "type_element": "Way", "__fid": 58943}, "geometry": {"type": "LineString", "coordinates": [[2.3441598, 48.85195730000002], [2.343614, 48.85142350000001], [2.343592, 48.8513849]]}}, {"type": "Feature", "properties": {"highway": "footway", "footway": "sidewalk", "name": null, "surface": "asphalt", "lit": "yes", "length_m": 4.13, "type_element": "Way", "__fid": 58944}, "geometry": {"type": "LineString", "coordinates": [[2.343645, 48.85137240000001], [2.343592, 48.8513849]]}}, {"type": "Feature", "properties": {"highway": "footway", "footway": "sidewalk", "name": null, "surface": "asphalt", "lit": "yes", "length_m": 1.78, "type_element": "Way", "__fid": 58947}, "geometry": {"type": "LineString", "coordinates": [[2.3436142, 48.8500343], [2.3436363, 48.8500278]]}}, {"type": "Feature", "properties": {"highway": "footway", "footway": null, "name": null, "surface": "concrete", "lit": "24/7", "length_m": 6.99, "type_element": "Way", "__fid": 58957}, "geometry": {"type": "LineString", "coordinates": [[2.343667388585731, 48.851367181411014], [2.3436076, 48.8513182]]}}, {"type": "Feature", "properties": {"highway": "footway", "footway": "crossing", "name": null, "surface": "asphalt", "lit": "yes", "length_m": 13.43, "type_element": "Way", "__fid": 58962}, "geometry": {"type": "LineString", "coordinates": [[2.3437924, 48.8499666], [2.3437766, 48.8499788], [2.3436363, 48.8500278]]}}, {"type": "Feature", "properties": {"highway": "footway", "footway": "sidewalk", "name": null, "surface": "paving_stones", "lit": "yes", "length_m": 3.8, "type_element": "Way", "__fid": 58995}, "geometry": {"type": "LineString", "coordinates": [[2.343645, 48.85137240000001], [2.343668790844957, 48.851402755666165]]}}, {"type": "Feature", "properties": {"highway": "footway", "footway": "sidewalk", "name": null, "surface": "asphalt", "lit": "yes", "length_m": 1.74, "type_element": "Way", "__fid": 58996}, "geometry": {"type": "LineString", "coordinates": [[2.343667388585731, 48.851367181411014], [2.343645, 48.85137240000001]]}}, {"type": "Feature", "properties": {"highway": "footway", "footway": "crossing", "name": null, "surface": "asphalt", "lit": "yes", "length_m": 15.99, "type_element": "Way", "__fid": 59023}, "geometry": {"type": "LineString", "coordinates": [[2.3437924, 48.8499666], [2.343685, 48.8498415]]}}, {"type": "Feature", "properties": {"highway": "footway", "footway": "sidewalk", "name": null, "surface": "asphalt", "lit": "yes", "length_m": 81.52, "type_element": "Way", "__fid": 59024}, "geometry": {"type": "LineString", "coordinates": [[2.3447141, 48.8495653], [2.343685, 48.8498415]]}}, {"type": "Feature", "properties": {"highway": "footway", "footway": null, "name": null, "surface": "concrete", "lit": "24/7", "length_m": 3.96, "type_element": "Way", "__fid": 59031}, "geometry": {"type": "LineString", "coordinates": [[2.343668790844957, 48.851402755666165], [2.343667388585731, 48.851367181411014]]}}, {"type": "Feature", "properties": {"highway": "footway", "footway": "sidewalk", "name": null, "surface": "asphalt", "lit": "yes", "length_m": 61.56, "type_element": "Way", "__fid": 59032}, "geometry": {"type": "LineString", "coordinates": [[2.3444584, 48.8511828], [2.343667388585731, 48.851367181411014]]}}, {"type": "Feature", "properties": {"highway": "footway", "footway": "sidewalk", "name": null, "surface": "paving_stones", "lit": "yes", "length_m": 71.68, "type_element": "Way", "__fid": 59036}, "geometry": {"type": "LineString", "coordinates": [[2.343668790844957, 48.851402755666165], [2.3438035, 48.851566], [2.3442151, 48.8519357]]}}, {"type": "Feature", "properties": {"highway": "footway", "footway": null, "name": null, "surface": "concrete", "lit": "24/7", "length_m": 74.16, "type_element": "Way", "__fid": 59037}, "geometry": {"type": "LineString", "coordinates": [[2.344182162118256, 48.8519485654347], [2.3436351, 48.851432], [2.343668790844957, 48.851402755666165]]}}, {"type": "Feature", "properties": {"highway": "footway", "footway": "sidewalk", "name": null, "surface": "asphalt", "lit": "yes", "length_m": 6.39, "type_element": "Way", "__fid": 59038}, "geometry": {"type": "LineString", "coordinates": [[2.3436529, 48.8527289], [2.3436754, 48.85278439999998]]}}, {"type": "Feature", "properties": {"highway": "footway", "footway": "crossing", "name": null, "surface": "asphalt", "lit": "yes", "length_m": 23.22, "type_element": "Way", "__fid": 59039}, "geometry": {"type": "LineString", "coordinates": [[2.3436529, 48.8527289], [2.3439534, 48.8526636]]}}, {"type": "Feature", "properties": {"highway": "steps", "footway": null, "name": null, "surface": "asphalt", "lit": "yes", "length_m": 9.27, "type_element": "Way", "__fid": 59059}, "geometry": {"type": "LineString", "coordinates": [[2.3436783, 48.8522291], [2.3436876, 48.8522475], [2.3437044, 48.85224419999999], [2.3436936, 48.852219], [2.3437296, 48.85220790000001]]}}, {"type": "Feature", "properties": {"highway": "footway", "footway": "sidewalk", "name": null, "surface": "asphalt", "lit": "yes", "length_m": 19.19, "type_element": "Way", "__fid": 59065}, "geometry": {"type": "LineString", "coordinates": [[2.3436754, 48.85278439999998], [2.3437464, 48.8529505]]}}, {"type": "Feature", "properties": {"highway": "footway", "footway": "crossing", "name": null, "surface": "asphalt", "lit": "yes", "length_m": 7.57, "type_element": "Way", "__fid": 59080}, "geometry": {"type": "LineString", "coordinates": [[2.3437565, 48.847302], [2.343786533333272, 48.84736710000002]]}}, {"type": "Feature", "properties": {"highway": "footway", "footway": "sidewalk", "name": null, "surface": "asphalt", "lit": "yes", "length_m": 3.04, "type_element": "Way", "__fid": 59100}, "geometry": {"type": "LineString", "coordinates": [[2.3437917, 48.8473942], [2.343786533333272, 48.84736710000002]]}}, {"type": "Feature", "properties": {"highway": "footway", "footway": "sidewalk", "name": null, "surface": "asphalt", "lit": "yes", "length_m": 114.27, "type_element": "Way", "__fid": 59101}, "geometry": {"type": "LineString", "coordinates": [[2.343786533333272, 48.84736710000002], [2.344589, 48.8472338], [2.3452623, 48.8470483]]}}, {"type": "Feature", "properties": {"highway": "footway", "footway": "sidewalk", "name": null, "surface": "paving_stones", "lit": "yes", "length_m": 53.27, "type_element": "Way", "__fid": 59106}, "geometry": {"type": "LineString", "coordinates": [[2.3439534, 48.8526636], [2.3437296, 48.85220790000001]]}}, {"type": "Feature", "properties": {"highway": "footway", "footway": "sidewalk", "name": null, "surface": "asphalt", "lit": "yes", "length_m": 76.95, "type_element": "Way", "__fid": 59107}, "geometry": {"type": "LineString", "coordinates": [[2.344136, 48.8480479], [2.3437917, 48.8473942]]}}, {"type": "Feature", "properties": {"highway": "footway", "footway": "sidewalk", "name": null, "surface": "asphalt", "lit": "yes", "length_m": 47.06, "type_element": "Way", "__fid": 59130}, "geometry": {"type": "LineString", "coordinates": [[2.3437464, 48.8529505], [2.343861, 48.8531769], [2.3439778, 48.853344600000014]]}}, {"type": "Feature", "properties": {"highway": "steps", "footway": null, "name": null, "surface": "paving_stones", "lit": null, "length_m": 9.94, "type_element": "Way", "__fid": 59131}, "geometry": {"type": "LineString", "coordinates": [[2.3437464, 48.8529505], [2.3437665, 48.8529464], [2.3437513, 48.85291260000002], [2.3437707, 48.8529086], [2.3437826, 48.8529343]]}}, {"type": "Feature", "properties": {"highway": "footway", "footway": null, "name": null, "surface": "sand", "lit": "no", "length_m": 14.39, "type_element": "Way", "__fid": 59139}, "geometry": {"type": "LineString", "coordinates": [[2.3437924, 48.8499666], [2.3439744, 48.8500147]]}}, {"type": "Feature", "properties": {"highway": "footway", "footway": "sidewalk", "name": null, "surface": "asphalt", "lit": "yes", "length_m": 31.12, "type_element": "Way", "__fid": 59140}, "geometry": {"type": "LineString", "coordinates": [[2.3437924, 48.8499666], [2.3439359, 48.8501793], [2.3439882, 48.8502112]]}}, {"type": "Feature", "properties": {"highway": "footway", "footway": "sidewalk", "name": null, "surface": "asphalt", "lit": "yes", "length_m": 32.75, "type_element": "Way", "__fid": 59141}, "geometry": {"type": "LineString", "coordinates": [[2.344205, 48.8498749], [2.3441409, 48.8498655], [2.3437924, 48.8499666]]}}, {"type": "Feature", "properties": {"highway": "living_street", "footway": null, "name": "Rue Saint-Séverin", "surface": "sett", "lit": "yes", "length_m": 11.56, "type_element": "Way", "__fid": 59204}, "geometry": {"type": "LineString", "coordinates": [[2.3438219, 48.8527586], [2.3439735, 48.852730200000025]]}}, {"type": "Feature", "properties": {"highway": "footway", "footway": "sidewalk", "name": null, "surface": "asphalt", "lit": "yes", "length_m": 169.83, "type_element": "Way", "__fid": 59280}, "geometry": {"type": "LineString", "coordinates": [[2.3439581, 48.8481016], [2.3447361, 48.84954]]}}, {"type": "Feature", "properties": {"highway": "footway", "footway": "crossing", "name": null, "surface": "asphalt", "lit": "yes", "length_m": 14.36, "type_element": "Way", "__fid": 59281}, "geometry": {"type": "LineString", "coordinates": [[2.3439581, 48.8481016], [2.344136, 48.8480479]]}}, {"type": "Feature", "properties": {"highway": "footway", "footway": null, "name": null, "surface": "sand", "lit": "no", "length_m": 17.21, "type_element": "Way", "__fid": 59323}, "geometry": {"type": "LineString", "coordinates": [[2.3439744, 48.8500147], [2.3439734, 48.8500822], [2.3439966, 48.8501378], [2.3440283, 48.85015869999999]]}}, {"type": "Feature", "properties": {"highway": "footway", "footway": null, "name": null, "surface": "sand", "lit": "no", "length_m": 14.01, "type_element": "Way", "__fid": 59324}, "geometry": {"type": "LineString", "coordinates": [[2.3441487, 48.8499675], [2.3440642, 48.8499793], [2.3439744, 48.8500147]]}}, {"type": "Feature", "properties": {"highway": "footway", "footway": "sidewalk", "name": null, "surface": "asphalt", "lit": "yes", "length_m": 37.8, "type_element": "Way", "__fid": 59328}, "geometry": {"type": "LineString", "coordinates": [[2.343972, 48.85031069999999], [2.3444869, 48.8503206]]}}, {"type": "Feature", "properties": {"highway": "footway", "footway": "crossing", "name": null, "surface": "asphalt", "lit": "yes", "length_m": 11.26, "type_element": "Way", "__fid": 59329}, "geometry": {"type": "LineString", "coordinates": [[2.343972, 48.85031069999999], [2.3439775, 48.8502249], [2.3439882, 48.8502112]]}}, {"type": "Feature", "properties": {"highway": "footway", "footway": "sidewalk", "name": null, "surface": "paving_stones", "lit": "yes", "length_m": 3.02, "type_element": "Way", "__fid": 59339}, "geometry": {"type": "LineString", "coordinates": [[2.3439588, 48.8526905], [2.3439534, 48.8526636]]}}, {"type": "Feature", "properties": {"highway": "footway", "footway": "sidewalk", "name": null, "surface": "asphalt", "lit": "yes", "length_m": 32.3, "type_element": "Way", "__fid": 59349}, "geometry": {"type": "LineString", "coordinates": [[2.3439882, 48.8502112], [2.3440448, 48.8502252], [2.34442435282344, 48.85023139596537]]}}, {"type": "Feature", "properties": {"highway": "footway", "footway": null, "name": null, "surface": "sand", "lit": "no", "length_m": 6.54, "type_element": "Way", "__fid": 59350}, "geometry": {"type": "LineString", "coordinates": [[2.3439882, 48.8502112], [2.3440283, 48.85015869999999]]}}, {"type": "Feature", "properties": {"highway": "footway", "footway": "crossing", "name": null, "surface": "sett", "lit": "yes", "length_m": 4.54, "type_element": "Way", "__fid": 59353}, "geometry": {"type": "LineString", "coordinates": [[2.3439588, 48.8526905], [2.3439735, 48.852730200000025]]}}, {"type": "Feature", "properties": {"highway": "footway", "footway": "sidewalk", "name": null, "surface": "paving_stones", "lit": "yes", "length_m": 45.69, "type_element": "Way", "__fid": 59354}, "geometry": {"type": "LineString", "coordinates": [[2.3445325, 48.85253080000001], [2.3439588, 48.8526905]]}}, {"type": "Feature", "properties": {"highway": "footway", "footway": "crossing", "name": null, "surface": "sett", "lit": "yes", "length_m": 4.08, "type_element": "Way", "__fid": 59367}, "geometry": {"type": "LineString", "coordinates": [[2.3439735, 48.852730200000025], [2.3439876, 48.8527657]]}}, {"type": "Feature", "properties": {"highway": "living_street", "footway": null, "name": "Rue Saint-Séverin", "surface": "sett", "lit": "yes", "length_m": 46.2, "type_element": "Way", "__fid": 59368}, "geometry": {"type": "LineString", "coordinates": [[2.3439735, 48.852730200000025], [2.3445541, 48.852569400000014]]}}, {"type": "Feature", "properties": {"highway": "footway", "footway": "sidewalk", "name": null, "surface": "asphalt", "lit": "yes", "length_m": 49.62, "type_element": "Way", "__fid": 59381}, "geometry": {"type": "LineString", "coordinates": [[2.3439876, 48.8527657], [2.3440229, 48.8528718], [2.3441252, 48.8530802], [2.3442058, 48.8531862]]}}, {"type": "Feature", "properties": {"highway": "footway", "footway": "sidewalk", "name": null, "surface": "paving_stones", "lit": "yes", "length_m": 46.65, "type_element": "Way", "__fid": 59382}, "geometry": {"type": "LineString", "coordinates": [[2.3439876, 48.8527657], [2.3445735, 48.8526029]]}}, {"type": "Feature", "properties": {"highway": "footway", "footway": null, "name": null, "surface": "sand", "lit": "no", "length_m": 16.0, "type_element": "Way", "__fid": 59394}, "geometry": {"type": "LineString", "coordinates": [[2.3440283, 48.85015869999999], [2.3441044, 48.85016490000002], [2.3441762, 48.85015940000001], [2.3442386, 48.8501399]]}}, {"type": "Feature", "properties": {"highway": "footway", "footway": null, "name": null, "surface": null, "lit": null, "length_m": 37.03, "type_element": "Way", "__fid": 59421}, "geometry": {"type": "LineString", "coordinates": [[2.3440443, 48.8505839], [2.3445246, 48.8504817]]}}, {"type": "Feature", "properties": {"highway": "footway", "footway": "sidewalk", "name": null, "surface": "asphalt", "lit": "yes", "length_m": 71.46, "type_element": "Way", "__fid": 59476}, "geometry": {"type": "LineString", "coordinates": [[2.3444753, 48.84865030000001], [2.344136, 48.8480479]]}}, {"type": "Feature", "properties": {"highway": "footway", "footway": null, "name": null, "surface": "sand", "lit": "no", "length_m": 20.57, "type_element": "Way", "__fid": 59503}, "geometry": {"type": "LineString", "coordinates": [[2.3442386, 48.8501399], [2.3441752, 48.8500662], [2.3441487, 48.8499675]]}}, {"type": "Feature", "properties": {"highway": "footway", "footway": null, "name": null, "surface": "sand", "lit": "no", "length_m": 11.09, "type_element": "Way", "__fid": 59504}, "geometry": {"type": "LineString", "coordinates": [[2.3441487, 48.8499675], [2.344205, 48.8498749]]}}, {"type": "Feature", "properties": {"highway": "living_street", "footway": null, "name": "Rue de la Harpe", "surface": "sett", "lit": "yes", "length_m": 51.89, "type_element": "Way", "__fid": 59540}, "geometry": {"type": "LineString", "coordinates": [[2.344569689873214, 48.85233756220205], [2.3441598, 48.85195730000002]]}}, {"type": "Feature", "properties": {"highway": "pedestrian", "footway": null, "name": "Rue de la Parcheminerie", "surface": "asphalt", "lit": "yes", "length_m": 1.91, "type_element": "Way", "__fid": 59541}, "geometry": {"type": "LineString", "coordinates": [[2.3441598, 48.85195730000002], [2.344182162118256, 48.8519485654347]]}}, {"type": "Feature", "properties": {"highway": "footway", "footway": "sidewalk", "name": null, "surface": "asphalt", "lit": "yes", "length_m": 41.94, "type_element": "Way", "__fid": 59557}, "geometry": {"type": "LineString", "coordinates": [[2.3444291, 48.8502137], [2.3444333, 48.8501941], [2.34424, 48.8498899], [2.344205, 48.8498749]]}}, {"type": "Feature", "properties": {"highway": "footway", "footway": "crossing", "name": null, "surface": "asphalt", "lit": "yes", "length_m": 12.76, "type_element": "Way", "__fid": 59558}, "geometry": {"type": "LineString", "coordinates": [[2.344205, 48.8498749], [2.3442203, 48.8498576], [2.344352900000096, 48.84982140000011]]}}, {"type": "Feature", "properties": {"highway": "footway", "footway": null, "name": null, "surface": "concrete", "lit": "24/7", "length_m": 48.01, "type_element": "Way", "__fid": 59567}, "geometry": {"type": "LineString", "coordinates": [[2.344557, 48.8523025], [2.344182162118256, 48.8519485654347]]}}, {"type": "Feature", "properties": {"highway": "pedestrian", "footway": null, "name": "Rue de la Parcheminerie", "surface": "asphalt", "lit": "yes", "length_m": 2.81, "type_element": "Way", "__fid": 59568}, "geometry": {"type": "LineString", "coordinates": [[2.344182162118256, 48.8519485654347], [2.3442151, 48.8519357]]}}, {"type": "Feature", "properties": {"highway": "footway", "footway": "sidewalk", "name": null, "surface": "paving_stones", "lit": "yes", "length_m": 69.05, "type_element": "Way", "__fid": 59591}, "geometry": {"type": "LineString", "coordinates": [[2.3442151, 48.8519357], [2.3444962, 48.8522154], [2.3447548, 48.8524441]]}}, {"type": "Feature", "properties": {"highway": "pedestrian", "footway": null, "name": "Rue de la Parcheminerie", "surface": "asphalt", "lit": "yes", "length_m": 51.58, "type_element": "Way", "__fid": 59592}, "geometry": {"type": "LineString", "coordinates": [[2.3442151, 48.8519357], [2.3446077, 48.85178470000001], [2.3448364, 48.851720600000014]]}}, {"type": "Feature", "properties": {"highway": "footway", "footway": null, "name": null, "surface": "sand", "lit": "no", "length_m": 14.33, "type_element": "Way", "__fid": 59593}, "geometry": {"type": "LineString", "coordinates": [[2.3444016, 48.8502109], [2.3442386, 48.8501399]]}}, {"type": "Feature", "properties": {"highway": "footway", "footway": "sidewalk", "name": null, "surface": "paving_stones", "lit": "yes", "length_m": 10.21, "type_element": "Way", "__fid": 59597}, "geometry": {"type": "LineString", "coordinates": [[2.3442058, 48.8531862], [2.3442824, 48.8532629]]}}, {"type": "Feature", "properties": {"highway": "steps", "footway": null, "name": null, "surface": "concrete", "lit": "yes", "length_m": 12.26, "type_element": "Way", "__fid": 59598}, "geometry": {"type": "LineString", "coordinates": [[2.344246435506501, 48.85328093479711], [2.344184, 48.8532196], [2.3442058, 48.8531862]]}}, {"type": "Feature", "properties": {"highway": "footway", "footway": "sidewalk", "name": null, "surface": "paving_stones", "lit": "yes", "length_m": 3.31, "type_element": "Way", "__fid": 59645}, "geometry": {"type": "LineString", "coordinates": [[2.3442824, 48.8532629], [2.344246435506501, 48.85328093479711]]}}, {"type": "Feature", "properties": {"highway": "service", "footway": null, "name": "Rue du Cimetière Saint-Benoist", "surface": null, "lit": null, "length_m": 11.12, "type_element": "Way", "__fid": 59678}, "geometry": {"type": "LineString", "coordinates": [[2.3443319, 48.8486826], [2.3444753, 48.84865030000001]]}}, {"type": "Feature", "properties": {"highway": "footway", "footway": "sidewalk", "name": null, "surface": "asphalt", "lit": "yes", "length_m": 23.69, "type_element": "Way", "__fid": 59691}, "geometry": {"type": "LineString", "coordinates": [[2.3442824, 48.8532629], [2.3444069, 48.85327620000001], [2.3445357, 48.8532175], [2.3445397, 48.85319109999999]]}}, {"type": "Feature", "properties": {"highway": "footway", "footway": "sidewalk", "name": null, "surface": "paving_stones", "lit": "yes", "length_m": 11.28, "type_element": "Way", "__fid": 59692}, "geometry": {"type": "LineString", "coordinates": [[2.3442824, 48.8532629], [2.3443545, 48.853327], [2.3443518, 48.85334850000002]]}}, {"type": "Feature", "properties": {"highway": "footway", "footway": "sidewalk", "name": null, "surface": "asphalt", "lit": "yes", "length_m": 48.39, "type_element": "Way", "__fid": 59720}, "geometry": {"type": "LineString", "coordinates": [[2.3445926, 48.85022630000001], [2.3443846, 48.8498956], [2.344352900000096, 48.84982140000011]]}}, {"type": "Feature", "properties": {"highway": "footway", "footway": "sidewalk", "name": null, "surface": "asphalt", "lit": "yes", "length_m": 34.2, "type_element": "Way", "__fid": 59721}, "geometry": {"type": "LineString", "coordinates": [[2.3447794, 48.8496982], [2.3444236, 48.8497956], [2.344352900000096, 48.84982140000011]]}}, {"type": "Feature", "properties": {"highway": "living_street", "footway": null, "name": "Rue de la Huchette", "surface": "sett", "lit": "yes", "length_m": 20.9, "type_element": "Way", "__fid": 59761}, "geometry": {"type": "LineString", "coordinates": [[2.3443518, 48.85334850000002], [2.3445887, 48.8532442]]}}, {"type": "Feature", "properties": {"highway": "footway", "footway": "sidewalk", "name": null, "surface": "asphalt", "lit": "yes", "length_m": 30.33, "type_element": "Way", "__fid": 59772}, "geometry": {"type": "LineString", "coordinates": [[2.3443552, 48.85338079999999], [2.3445792, 48.8532901], [2.3447181, 48.8532519]]}}, {"type": "Feature", "properties": {"highway": "footway", "footway": "sidewalk", "name": null, "surface": "paving_stones", "lit": null, "length_m": 2.04, "type_element": "Way", "__fid": 59777}, "geometry": {"type": "LineString", "coordinates": [[2.3444291, 48.8502137], [2.3444016, 48.8502109]]}}, {"type": "Feature", "properties": {"highway": "footway", "footway": "sidewalk", "name": null, "surface": "paving_stones", "lit": null, "length_m": 2.83, "type_element": "Way", "__fid": 59778}, "geometry": {"type": "LineString", "coordinates": [[2.3444016, 48.8502109], [2.34442435282344, 48.85023139596537]]}}, {"type": "Feature", "properties": {"highway": "footway", "footway": "sidewalk", "name": null, "surface": "asphalt", "lit": "yes", "length_m": 2.0, "type_element": "Way", "__fid": 59793}, "geometry": {"type": "LineString", "coordinates": [[2.34442435282344, 48.85023139596537], [2.3444291, 48.8502137]]}}, {"type": "Feature", "properties": {"highway": "footway", "footway": "crossing", "name": null, "surface": "asphalt", "lit": "yes", "length_m": 10.93, "type_element": "Way", "__fid": 59794}, "geometry": {"type": "LineString", "coordinates": [[2.3444869, 48.8503206], [2.34442435282344, 48.85023139596537]]}}, {"type": "Feature", "properties": {"highway": "footway", "footway": "crossing", "name": null, "surface": "asphalt", "lit": "yes", "length_m": 12.08, "type_element": "Way", "__fid": 59797}, "geometry": {"type": "LineString", "coordinates": [[2.3445926, 48.85022630000001], [2.3444291, 48.8502137]]}}, {"type": "Feature", "properties": {"highway": "service", "footway": null, "name": null, "surface": "sett", "lit": null, "length_m": 11.38, "type_element": "Way", "__fid": 59816}, "geometry": {"type": "LineString", "coordinates": [[2.3446091, 48.8488894], [2.3444639, 48.8489254]]}}, {"type": "Feature", "properties": {"highway": "footway", "footway": null, "name": null, "surface": "compacted", "lit": "no", "length_m": 17.84, "type_element": "Way", "__fid": 59823}, "geometry": {"type": "LineString", "coordinates": [[2.3444472, 48.8503296], [2.3445246, 48.8504817]]}}, {"type": "Feature", "properties": {"highway": "footway", "footway": "sidewalk", "name": null, "surface": "asphalt", "lit": "yes", "length_m": 28.34, "type_element": "Way", "__fid": 59833}, "geometry": {"type": "LineString", "coordinates": [[2.3446091, 48.8488894], [2.3444753, 48.84865030000001]]}}, {"type": "Feature", "properties": {"highway": "service", "footway": null, "name": "Rue du Cimetière Saint-Benoist", "surface": null, "lit": null, "length_m": 122.82, "type_element": "Way", "__fid": 59834}, "geometry": {"type": "LineString", "coordinates": [[2.3444753, 48.84865030000001], [2.3460627, 48.8483004]]}}, {"type": "Feature", "properties": {"highway": "footway", "footway": "sidewalk", "name": null, "surface": "asphalt", "lit": "yes", "length_m": 63.48, "type_element": "Way", "__fid": 59860}, "geometry": {"type": "LineString", "coordinates": [[2.3447442, 48.85172160000001], [2.3444584, 48.8511828]]}}, {"type": "Feature", "properties": {"highway": "footway", "footway": "crossing", "name": null, "surface": "concrete", "lit": "yes", "length_m": 5.01, "type_element": "Way", "__fid": 59861}, "geometry": {"type": "LineString", "coordinates": [[2.3444584, 48.8511828], [2.3445225, 48.8511674]]}}, {"type": "Feature", "properties": {"highway": "footway", "footway": "sidewalk", "name": null, "surface": "asphalt", "lit": "yes", "length_m": 3.1, "type_element": "Way", "__fid": 59878}, "geometry": {"type": "LineString", "coordinates": [[2.3445186, 48.850339], [2.3444869, 48.8503206]]}}, {"type": "Feature", "properties": {"highway": "pedestrian", "footway": null, "name": "Rue Boutebrie", "surface": "asphalt", "lit": "yes", "length_m": 9.53, "type_element": "Way", "__fid": 59881}, "geometry": {"type": "LineString", "coordinates": [[2.3444781, 48.8510869], [2.3445225, 48.8511674]]}}, {"type": "Feature", "properties": {"highway": "footway", "footway": "crossing", "name": null, "surface": "asphalt", "lit": "yes", "length_m": 8.71, "type_element": "Way", "__fid": 59918}, "geometry": {"type": "LineString", "coordinates": [[2.3445186, 48.850339], [2.344637, 48.85034479999998]]}}, {"type": "Feature", "properties": {"highway": "footway", "footway": "sidewalk", "name": null, "surface": "asphalt", "lit": "yes", "length_m": 60.84, "type_element": "Way", "__fid": 59919}, "geometry": {"type": "LineString", "coordinates": [[2.344822, 48.85084589999999], [2.3448242, 48.85082420000001], [2.3445186, 48.850339]]}}, {"type": "Feature", "properties": {"highway": "footway", "footway": null, "name": null, "surface": "compacted", "lit": "no", "length_m": 19.28, "type_element": "Way", "__fid": 59927}, "geometry": {"type": "LineString", "coordinates": [[2.3445246, 48.8504817], [2.344623, 48.8506425]]}}, {"type": "Feature", "properties": {"highway": "pedestrian", "footway": null, "name": "Rue Boutebrie", "surface": "asphalt", "lit": "yes", "length_m": 66.28, "type_element": "Way", "__fid": 59933}, "geometry": {"type": "LineString", "coordinates": [[2.3445225, 48.8511674], [2.3447819, 48.8516862], [2.3448364, 48.851720600000014]]}}, {"type": "Feature", "properties": {"highway": "footway", "footway": "crossing", "name": null, "surface": "concrete", "lit": "yes", "length_m": 3.45, "type_element": "Way", "__fid": 59934}, "geometry": {"type": "LineString", "coordinates": [[2.3445225, 48.8511674], [2.3445666, 48.8511567]]}}, {"type": "Feature", "properties": {"highway": "footway", "footway": null, "name": null, "surface": null, "lit": null, "length_m": 93.78, "type_element": "Way", "__fid": 59946}, "geometry": {"type": "LineString", "coordinates": [[2.344533, 48.850663], [2.3441751, 48.850744800000015], [2.3442697, 48.85090790000001], [2.3446208, 48.8508261], [2.344533, 48.850663]]}}, {"type": "Feature", "properties": {"highway": "steps", "footway": null, "name": null, "surface": null, "lit": null, "length_m": 6.99, "type_element": "Way", "__fid": 59947}, "geometry": {"type": "LineString", "coordinates": [[2.344623, 48.8506425], [2.344533, 48.850663]]}}, {"type": "Feature", "properties": {"highway": "footway", "footway": "crossing", "name": null, "surface": "sett", "lit": "yes", "length_m": 4.58, "type_element": "Way", "__fid": 59973}, "geometry": {"type": "LineString", "coordinates": [[2.3445325, 48.85253080000001], [2.3445541, 48.852569400000014]]}}, {"type": "Feature", "properties": {"highway": "footway", "footway": "sidewalk", "name": null, "surface": "paving_stones", "lit": "yes", "length_m": 10.76, "type_element": "Way", "__fid": 59974}, "geometry": {"type": "LineString", "coordinates": [[2.3446436, 48.8524829], [2.3446335, 48.8525085], [2.3445325, 48.85253080000001]]}}, {"type": "Feature", "properties": {"highway": "footway", "footway": "sidewalk", "name": null, "surface": "asphalt", "lit": "yes", "length_m": 62.89, "type_element": "Way", "__fid": 59981}, "geometry": {"type": "LineString", "coordinates": [[2.3445397, 48.85319109999999], [2.3445545, 48.85290470000002], [2.3446022, 48.8526275]]}}, {"type": "Feature", "properties": {"highway": "footway", "footway": "sidewalk", "name": null, "surface": "asphalt", "lit": "yes", "length_m": 3.95, "type_element": "Way", "__fid": 59982}, "geometry": {"type": "LineString", "coordinates": [[2.3445397, 48.85319109999999], [2.3445932, 48.85318680000001]]}}, {"type": "Feature", "properties": {"highway": "footway", "footway": "sidewalk", "name": null, "surface": "asphalt", "lit": "yes", "length_m": 66.08, "type_element": "Way", "__fid": 59986}, "geometry": {"type": "LineString", "coordinates": [[2.3445666, 48.8511567], [2.3448258, 48.8516563], [2.3448681, 48.8517163]]}}, {"type": "Feature", "properties": {"highway": "footway", "footway": "sidewalk", "name": null, "surface": "asphalt", "lit": "yes", "length_m": 59.76, "type_element": "Way", "__fid": 59987}, "geometry": {"type": "LineString", "coordinates": [[2.3445666, 48.8511567], [2.345334, 48.8509769]]}}, {"type": "Feature", "properties": {"highway": "steps", "footway": null, "name": null, "surface": null, "lit": "24/7", "length_m": 24.41, "type_element": "Way", "__fid": 59994}, "geometry": {"type": "LineString", "coordinates": [[2.344766911995634, 48.85246930035598], [2.3446191, 48.8523297], [2.344557, 48.8523025]]}}, {"type": "Feature", "properties": {"highway": "steps", "footway": null, "name": null, "surface": null, "lit": "24/7", "length_m": 24.23, "type_element": "Way", "__fid": 59995}, "geometry": {"type": "LineString", "coordinates": [[2.344746124629014, 48.852481122190866], [2.344557, 48.8523025]]}}, {"type": "Feature", "properties": {"highway": "footway", "footway": null, "name": null, "surface": null, "lit": "24/7", "length_m": 4.01, "type_element": "Way", "__fid": 59996}, "geometry": {"type": "LineString", "coordinates": [[2.344557, 48.8523025], [2.344569689873214, 48.85233756220205]]}}, {"type": "Feature", "properties": {"highway": "footway", "footway": "crossing", "name": null, "surface": "sett", "lit": "yes", "length_m": 3.99, "type_element": "Way", "__fid": 59998}, "geometry": {"type": "LineString", "coordinates": [[2.3445541, 48.852569400000014], [2.3445735, 48.8526029]]}}, {"type": "Feature", "properties": {"highway": "living_street", "footway": null, "name": "Rue Saint-Séverin", "surface": "sett", "lit": "yes", "length_m": 14.16, "type_element": "Way", "__fid": 59999}, "geometry": {"type": "LineString", "coordinates": [[2.3445541, 48.852569400000014], [2.3446559, 48.8525319], [2.344706, 48.8524938]]}}, {"type": "Feature", "properties": {"highway": "footway", "footway": "sidewalk", "name": null, "surface": "asphalt", "lit": "yes", "length_m": 3.44, "type_element": "Way", "__fid": 60012}, "geometry": {"type": "LineString", "coordinates": [[2.34463, 48.850245], [2.3445926, 48.85022630000001]]}}, {"type": "Feature", "properties": {"highway": "steps", "footway": null, "name": null, "surface": null, "lit": "24/7", "length_m": 17.22, "type_element": "Way", "__fid": 60017}, "geometry": {"type": "LineString", "coordinates": [[2.344569689873214, 48.85233756220205], [2.344698088224026, 48.85246714640177]]}}, {"type": "Feature", "properties": {"highway": "footway", "footway": "sidewalk", "name": null, "surface": "paving_stones", "lit": "yes", "length_m": 3.45, "type_element": "Way", "__fid": 60028}, "geometry": {"type": "LineString", "coordinates": [[2.3446022, 48.8526275], [2.3445735, 48.8526029]]}}, {"type": "Feature", "properties": {"highway": "living_street", "footway": null, "name": "Rue de la Harpe", "surface": "sett", "lit": "yes", "length_m": 6.39, "type_element": "Way", "__fid": 60057}, "geometry": {"type": "LineString", "coordinates": [[2.3445887, 48.8532442], [2.3445932, 48.85318680000001]]}}, {"type": "Feature", "properties": {"highway": "living_street", "footway": null, "name": "Rue de la Huchette", "surface": "sett", "lit": "yes", "length_m": 9.09, "type_element": "Way", "__fid": 60058}, "geometry": {"type": "LineString", "coordinates": [[2.3445887, 48.8532442], [2.3447055, 48.853217]]}}, {"type": "Feature", "properties": {"highway": "living_street", "footway": null, "name": "Rue de la Harpe", "surface": "sett", "lit": "yes", "length_m": 61.89, "type_element": "Way", "__fid": 60066}, "geometry": {"type": "LineString", "coordinates": [[2.3445932, 48.85318680000001], [2.3445924, 48.8529137], [2.3446139, 48.852767], [2.3446522, 48.8526333]]}}, {"type": "Feature", "properties": {"highway": "footway", "footway": "crossing", "name": null, "surface": "sett", "lit": "yes", "length_m": 3.53, "type_element": "Way", "__fid": 60067}, "geometry": {"type": "LineString", "coordinates": [[2.3445932, 48.85318680000001], [2.3446409, 48.8531824]]}}, {"type": "Feature", "properties": {"highway": "footway", "footway": "crossing", "name": null, "surface": "sett", "lit": "yes", "length_m": 3.73, "type_element": "Way", "__fid": 60071}, "geometry": {"type": "LineString", "coordinates": [[2.3446022, 48.8526275], [2.3446522, 48.8526333]]}}]}