{"type": "FeatureCollection", "features": [{"type": "Feature", "properties": {"@id": "node/5851978587", "amenity": "drinking_water", "man_made": "water_tap", "type_element": "Fontaines à boire", "__fid": 576}, "geometry": {"type": "Point", "coordinates": [2.3382125, 48.8892311]}, "id": "node/5851978587"}, {"type": "Feature", "properties": {"@id": "node/6010949354", "amenity": "drinking_water", "man_made": "water_tap", "survey:date": "2024-11-20", "type_element": "Fontaines à boire", "__fid": 595}, "geometry": {"type": "Point", "coordinates": [2.339204, 48.8919764]}, "id": "node/6010949354"}, {"type": "Feature", "properties": {"@id": "node/6595188124", "amenity": "drinking_water", "man_made": "water_tap", "type_element": "Fontaines à boire", "__fid": 634}, "geometry": {"type": "Point", "coordinates": [2.3388884, 48.8924967]}, "id": "node/6595188124"}, {"type": "Feature", "properties": {"@id": "node/6595195840", "amenity": "drinking_water", "man_made": "water_tap", "type_element": "Fontaines à boire", "__fid": 635}, "geometry": {"type": "Point", "coordinates": [2.338222, 48.892114]}, "id": "node/6595195840"}, {"type": "Feature", "properties": {"@id": "node/8983881295", "amenity": "drinking_water", "description": "Fontaine Wallace", "fountain": "wallace", "type_element": "Fontaines à boire", "__fid": 778}, "geometry": {"type": "Point", "coordinates": [2.3444201, 48.8945355]}, "id": "node/8983881295"}, {"type": "Feature", "properties": {"@id": "node/11853980292", "amenity": "drinking_water", "fountain": "drinking", "type_element": "Fontaines à boire", "__fid": 913}, "geometry": {"type": "Point", "coordinates": [2.3393282, 48.8893322]}, "id": "node/11853980292"}, {"type": "Feature", "properties": {"@id": "node/12312208141", "access": "yes", "amenity": "drinking_water", "bottle": "yes", "fee": "no", "man_made": "water_tap", "survey:date": "2024-11-04", "wheelchair": "limited", "type_element": "Fontaines à boire", "__fid": 983}, "geometry": {"type": "Point", "coordinates": [2.3391829, 48.8888836]}, "id": "node/12312208141"}, {"type": "Feature", "properties": {"@id": "node/12917555031", "amenity": "drinking_water", "fee": "no", "panoramax": "3d11b2ba-a55b-431c-9bd3-8784b87d3c01", "type_element": "Fontaines à boire", "__fid": 1017}, "geometry": {"type": "Point", "coordinates": [2.3445877, 48.8915667]}, "id": "node/12917555031"}, {"type": "Feature", "geometry": {"type": "Point", "coordinates": [2.337887, 48.889041]}, "properties": {"id": 2652, "name": "Square Joël Le Tac", "categorie": "Parcs, jardins et bois", "photo_url": "https://cdn.paris.fr/eqpts-prod/2022/05/10/0b0cfdccc604b9a07eb5b684a462d561.jpg", "photo_credit": "Clement Dorval/ Ville de Paris", "photo_alt": null, "address_street": "3 place Constantin Pecqueur", "address_postcode": "75018", "address_city": "PARIS", "phone": null, "accessibility": "{\"handicaps\": [{\"name\": \"Personnes à mobilité réduite\", \"status\": \"accessible\"}, {\"name\": \"Personnes déficientes visuelles\", \"status\": \"undefined\"}, {\"name\": \"Personnes déficientes auditives\", \"status\": \"undefined\"}, {\"name\": \"Personnes déficientes mentales\", \"status\": \"undefined\"}, {\"name\": \"Accueil en langue des signes\", \"status\": \"undefined\"}]}", "latitude": 48.889041, "longitude": 2.337887, "url": "https://www.paris.fr/lieux/square-joel-le-tac-2652", "type_element": "Parcs, Jardins et Bois", "__fid": 1181}}, {"type": "Feature", "geometry": {"type": "Point", "coordinates": [2.339102, 48.892786]}, "properties": {"id": 2665, "name": "Square Léon Serpollet", "categorie": "Parcs, jardins et bois", "photo_url": "https://cdn.paris.fr/eqpts-prod/2022/05/10/6e43a31df2677411e241170cb7565e8d.jpg", "photo_credit": "Clement Dorval /Ville de Paris", "photo_alt": null, "address_street": "25, rue des Cloÿs", "address_postcode": "75018", "address_city": "Paris", "phone": null, "accessibility": "{\"handicaps\": [{\"name\": \"Personnes à mobilité réduite\", \"status\": \"accessible\"}, {\"name\": \"Personnes déficientes visuelles\", \"status\": \"undefined\"}, {\"name\": \"Personnes déficientes auditives\", \"status\": \"undefined\"}, {\"name\": \"Personnes déficientes mentales\", \"status\": \"undefined\"}, {\"name\": \"Accueil en langue des signes\", \"status\": \"undefined\"}]}", "latitude": 48.892786, "longitude": 2.339102, "url": "https://www.paris.fr/lieux/square-leon-serpollet-2665", "type_element": "Parcs, Jardins et Bois", "__fid": 1294}}, {"type": "Feature", "properties": {"highway": "footway", "footway": "sidewalk", "name": null, "surface": "asphalt", "lit": "yes", "length_m": 294.89, "type_element": "Way", "__fid": 49288}, "geometry": {"type": "LineString", "coordinates": [[2.3333462, 48.8876065], [2.3338263, 48.8882154], [2.3338906, 48.8883098], [2.3347168, 48.8893256], [2.3348039, 48.8893909], [2.3349582, 48.889464], [2.3350903, 48.8895086], [2.3352545, 48.8895496], [2.335683, 48.8895738]]}}, {"type": "Feature", "properties": {"highway": "footway", "footway": "sidewalk", "name": null, "surface": "asphalt", "lit": "yes", "length_m": 286.47, "type_element": "Way", "__fid": 49366}, "geometry": {"type": "LineString", "coordinates": [[2.3334625, 48.8874897], [2.3336117, 48.8876431], [2.3348334, 48.889196900000016], [2.3348992, 48.8892542], [2.3349944, 48.889317699999985], [2.3351271, 48.889378499999985], [2.3353162, 48.88942], [2.3356864, 48.8894349]]}}, {"type": "Feature", "properties": {"highway": "footway", "footway": "sidewalk", "name": null, "surface": "asphalt", "lit": "yes", "length_m": 101.55, "type_element": "Way", "__fid": 50120}, "geometry": {"type": "LineString", "coordinates": [[2.3343763, 48.8904969], [2.3357344, 48.8903179]]}}, {"type": "Feature", "properties": {"highway": "footway", "footway": "sidewalk", "name": null, "surface": "asphalt", "lit": "yes", "length_m": 138.03, "type_element": "Way", "__fid": 50157}, "geometry": {"type": "LineString", "coordinates": [[2.3357851, 48.8908588], [2.3357494, 48.8908714], [2.3357152, 48.8908676], [2.3356317, 48.89076840000002], [2.3355247, 48.8904386], [2.3354782, 48.890436700000016], [2.3344532, 48.8905742], [2.3344251, 48.890583]]}}, {"type": "Feature", "properties": {"highway": "footway", "footway": "sidewalk", "name": null, "surface": "asphalt", "lit": "yes", "length_m": 96.23, "type_element": "Way", "__fid": 50686}, "geometry": {"type": "LineString", "coordinates": [[2.3351026, 48.8916162], [2.3363992, 48.8914824]]}}, {"type": "Feature", "properties": {"highway": "footway", "footway": "sidewalk", "name": null, "surface": "asphalt", "lit": "yes", "length_m": 65.65, "type_element": "Way", "__fid": 50711}, "geometry": {"type": "LineString", "coordinates": [[2.3351324, 48.8917012], [2.3360164, 48.891607399999984]]}}, {"type": "Feature", "properties": {"highway": "footway", "footway": "sidewalk", "name": null, "surface": "asphalt", "lit": "yes", "length_m": 77.99, "type_element": "Way", "__fid": 50731}, "geometry": {"type": "LineString", "coordinates": [[2.3361631, 48.893579199999984], [2.3359741, 48.893607], [2.3358963, 48.8936251], [2.3351245, 48.8937282]]}}, {"type": "Feature", "properties": {"highway": "footway", "footway": "sidewalk", "name": null, "surface": "asphalt", "lit": "yes", "length_m": 138.06, "type_element": "Way", "__fid": 50767}, "geometry": {"type": "LineString", "coordinates": [[2.3366942, 48.892496], [2.3365427, 48.8924206], [2.3365172, 48.89237519999998], [2.3357957, 48.89200490000001], [2.3357306, 48.89200180000001], [2.3353266, 48.8918003], [2.3351949, 48.8918151]]}}, {"type": "Feature", "properties": {"highway": "footway", "footway": "sidewalk", "name": null, "surface": "asphalt", "lit": "yes", "length_m": 81.57, "type_element": "Way", "__fid": 50777}, "geometry": {"type": "LineString", "coordinates": [[2.3351771, 48.8938523], [2.3362698, 48.8937143]]}}, {"type": "Feature", "properties": {"highway": "footway", "footway": "sidewalk", "name": null, "surface": "asphalt", "lit": "yes", "length_m": 69.51, "type_element": "Way", "__fid": 50817}, "geometry": {"type": "LineString", "coordinates": [[2.3352478, 48.89189240000001], [2.3352385, 48.8919141], [2.3356236, 48.8924605]]}}, {"type": "Feature", "properties": {"highway": "footway", "footway": "sidewalk", "name": null, "surface": "asphalt", "lit": "yes", "length_m": 125.89, "type_element": "Way", "__fid": 50818}, "geometry": {"type": "LineString", "coordinates": [[2.3366128, 48.8925648], [2.3352948, 48.8918889], [2.3352478, 48.89189240000001]]}}, {"type": "Feature", "properties": {"highway": "footway", "footway": "sidewalk", "name": null, "surface": "asphalt", "lit": "yes", "length_m": 44.84, "type_element": "Way", "__fid": 50962}, "geometry": {"type": "LineString", "coordinates": [[2.3354442, 48.8887198], [2.3354718, 48.88876650000001], [2.3355747, 48.8888856], [2.3357253, 48.88896939999998], [2.3358028, 48.8890387]]}}, {"type": "Feature", "properties": {"highway": "footway", "footway": "crossing", "name": null, "surface": "sett", "lit": "yes", "length_m": 15.96, "type_element": "Way", "__fid": 50963}, "geometry": {"type": "LineString", "coordinates": [[2.3356421, 48.88866510000001], [2.3356113, 48.8886837], [2.3354442, 48.8887198]]}}, {"type": "Feature", "properties": {"highway": "footway", "footway": "sidewalk", "name": null, "surface": "asphalt", "lit": "yes", "length_m": 124.34, "type_element": "Way", "__fid": 51037}, "geometry": {"type": "LineString", "coordinates": [[2.3354797, 48.89250659999998], [2.3361987, 48.8935193]]}}, {"type": "Feature", "properties": {"highway": "footway", "footway": "crossing", "name": null, "surface": "asphalt", "lit": "yes", "length_m": 11.73, "type_element": "Way", "__fid": 51038}, "geometry": {"type": "LineString", "coordinates": [[2.3356236, 48.8924605], [2.3354797, 48.89250659999998]]}}, {"type": "Feature", "properties": {"highway": "pedestrian", "footway": null, "name": "Square Lamarck", "surface": "sett", "lit": "yes", "length_m": 50.34, "type_element": "Way", "__fid": 51124}, "geometry": {"type": "LineString", "coordinates": [[2.3355876, 48.89043], [2.3356859, 48.8907436], [2.3357851, 48.8908588]]}}, {"type": "Feature", "properties": {"highway": "footway", "footway": "crossing", "name": null, "surface": "asphalt", "lit": "yes", "length_m": 4.31, "type_element": "Way", "__fid": 51125}, "geometry": {"type": "LineString", "coordinates": [[2.33564540000011, 48.89042273333349], [2.3355876, 48.89043]]}}, {"type": "Feature", "properties": {"highway": "footway", "footway": "crossing", "name": null, "surface": "asphalt", "lit": "yes", "length_m": 8.83, "type_element": "Way", "__fid": 51178}, "geometry": {"type": "LineString", "coordinates": [[2.3356697, 48.89041240000002], [2.335641599999874, 48.8903351666667]]}}, {"type": "Feature", "properties": {"highway": "footway", "footway": "crossing", "name": null, "surface": "sett", "lit": "yes", "length_m": 14.85, "type_element": "Way", "__fid": 51181}, "geometry": {"type": "LineString", "coordinates": [[2.3356663, 48.888681], [2.3356703, 48.8886995], [2.3357447, 48.8887776], [2.3357726, 48.88879079999999]]}}, {"type": "Feature", "properties": {"highway": "footway", "footway": "sidewalk", "name": null, "surface": "asphalt", "lit": "yes", "length_m": 52.1, "type_element": "Way", "__fid": 51183}, "geometry": {"type": "LineString", "coordinates": [[2.33564540000011, 48.89042273333349], [2.3357649, 48.8907563], [2.3358229, 48.890828599999985], [2.3358221, 48.8908441], [2.3357851, 48.8908588]]}}, {"type": "Feature", "properties": {"highway": "footway", "footway": "sidewalk", "name": null, "surface": "asphalt", "lit": "yes", "length_m": 2.12, "type_element": "Way", "__fid": 51184}, "geometry": {"type": "LineString", "coordinates": [[2.3356697, 48.89041240000002], [2.33564540000011, 48.89042273333349]]}}, {"type": "Feature", "properties": {"highway": "footway", "footway": "sidewalk", "name": null, "surface": "asphalt", "lit": "yes", "length_m": 124.01, "type_element": "Way", "__fid": 51202}, "geometry": {"type": "LineString", "coordinates": [[2.3356236, 48.8924605], [2.3363496, 48.8934677]]}}, {"type": "Feature", "properties": {"highway": "footway", "footway": "sidewalk", "name": null, "surface": "asphalt", "lit": "yes", "length_m": 69.29, "type_element": "Way", "__fid": 51214}, "geometry": {"type": "LineString", "coordinates": [[2.336593, 48.8902797], [2.3356697, 48.89041240000002]]}}, {"type": "Feature", "properties": {"highway": "footway", "footway": "sidewalk", "name": null, "surface": "asphalt", "lit": "yes", "length_m": 8.31, "type_element": "Way", "__fid": 51217}, "geometry": {"type": "LineString", "coordinates": [[2.335683, 48.8895738], [2.3357963, 48.88957460000001]]}}, {"type": "Feature", "properties": {"highway": "footway", "footway": "sidewalk", "name": null, "surface": "asphalt", "lit": "yes", "length_m": 4.32, "type_element": "Way", "__fid": 51218}, "geometry": {"type": "LineString", "coordinates": [[2.3356864, 48.8896126], [2.335683, 48.8895738]]}}, {"type": "Feature", "properties": {"highway": "footway", "footway": "crossing", "name": null, "surface": "asphalt", "lit": "yes", "length_m": 15.45, "type_element": "Way", "__fid": 51219}, "geometry": {"type": "LineString", "coordinates": [[2.3356864, 48.8894349], [2.335683, 48.8895738]]}}, {"type": "Feature", "properties": {"highway": "footway", "footway": "sidewalk", "name": null, "surface": "asphalt", "lit": "yes", "length_m": 11.43, "type_element": "Way", "__fid": 51220}, "geometry": {"type": "LineString", "coordinates": [[2.335842, 48.8894415], [2.3356864, 48.8894349]]}}, {"type": "Feature", "properties": {"highway": "footway", "footway": "sidewalk", "name": null, "surface": "asphalt", "lit": "yes", "length_m": 23.34, "type_element": "Way", "__fid": 51221}, "geometry": {"type": "LineString", "coordinates": [[2.3356864, 48.8894349], [2.3357065, 48.8893785], [2.3357186, 48.8892656], [2.3357772, 48.8892686]]}}, {"type": "Feature", "properties": {"highway": "steps", "footway": null, "name": "Square Caulaincourt", "surface": "concrete", "lit": "yes", "length_m": 38.96, "type_element": "Way", "__fid": 51254}, "geometry": {"type": "LineString", "coordinates": [[2.3357371, 48.8901404], [2.3357209, 48.8900824], [2.3357129, 48.8899857], [2.3357226, 48.8897913]]}}, {"type": "Feature", "properties": {"highway": "footway", "footway": "sidewalk", "name": null, "surface": "asphalt", "lit": "yes", "length_m": 22.7, "type_element": "Way", "__fid": 51266}, "geometry": {"type": "LineString", "coordinates": [[2.3357344, 48.8903179], [2.3356891, 48.8901585], [2.3356944, 48.8901457], [2.3357371, 48.8901404]]}}, {"type": "Feature", "properties": {"highway": "footway", "footway": "sidewalk", "name": null, "surface": "asphalt", "lit": "yes", "length_m": 8.02, "type_element": "Way", "__fid": 51267}, "geometry": {"type": "LineString", "coordinates": [[2.3357344, 48.8903179], [2.3358418, 48.8903043]]}}, {"type": "Feature", "properties": {"highway": "steps", "footway": null, "name": "Square Caulaincourt", "surface": "concrete", "lit": "yes", "length_m": 0.32, "type_element": "Way", "__fid": 51270}, "geometry": {"type": "LineString", "coordinates": [[2.3357378, 48.8901432], [2.3357371, 48.8901404]]}}, {"type": "Feature", "properties": {"highway": "footway", "footway": "sidewalk", "name": null, "surface": "asphalt", "lit": "yes", "length_m": 22.22, "type_element": "Way", "__fid": 51271}, "geometry": {"type": "LineString", "coordinates": [[2.3357371, 48.8901404], [2.3357843, 48.8901399], [2.3358418, 48.8903043]]}}, {"type": "Feature", "properties": {"highway": "footway", "footway": "sidewalk", "name": null, "surface": "asphalt", "lit": "yes", "length_m": 109.12, "type_element": "Way", "__fid": 51289}, "geometry": {"type": "LineString", "coordinates": [[2.3357726, 48.88879079999999], [2.3357769, 48.8888252], [2.3359124, 48.888909], [2.3362181, 48.8890536], [2.3364555, 48.8891334], [2.3366506, 48.8891872], [2.3370349, 48.8892498]]}}, {"type": "Feature", "properties": {"highway": "footway", "footway": "sidewalk", "name": null, "surface": "asphalt", "lit": "yes", "length_m": 125.12, "type_element": "Way", "__fid": 51290}, "geometry": {"type": "LineString", "coordinates": [[2.337403, 48.8885803], [2.3373597, 48.8886281], [2.3370585, 48.8886223], [2.3358245, 48.88876120000001], [2.3357726, 48.88879079999999]]}}, {"type": "Feature", "properties": {"highway": "footway", "footway": "sidewalk", "name": null, "surface": "asphalt", "lit": "yes", "length_m": 22.96, "type_element": "Way", "__fid": 51298}, "geometry": {"type": "LineString", "coordinates": [[2.335842, 48.8894415], [2.3358339, 48.8892727], [2.3357772, 48.8892686]]}}, {"type": "Feature", "properties": {"highway": "steps", "footway": null, "name": "Rue Juste Métivier", "surface": "concrete", "lit": "yes", "length_m": 25.63, "type_element": "Way", "__fid": 51299}, "geometry": {"type": "LineString", "coordinates": [[2.3357772, 48.8892686], [2.3358028, 48.8890387]]}}, {"type": "Feature", "properties": {"highway": "footway", "footway": "sidewalk", "name": null, "surface": "asphalt", "lit": "yes", "length_m": 4.61, "type_element": "Way", "__fid": 51329}, "geometry": {"type": "LineString", "coordinates": [[2.3357963, 48.88957460000001], [2.3357883, 48.889615699999986]]}}, {"type": "Feature", "properties": {"highway": "footway", "footway": "sidewalk", "name": null, "surface": "asphalt", "lit": "yes", "length_m": 91.34, "type_element": "Way", "__fid": 51333}, "geometry": {"type": "LineString", "coordinates": [[2.3358028, 48.8890387], [2.3360042, 48.8891316], [2.3362818, 48.8892339], [2.336475, 48.889292099999984], [2.3369236, 48.8893834]]}}, {"type": "Feature", "properties": {"highway": "pedestrian", "footway": null, "name": "Rue Juste Métivier", "surface": "concrete", "lit": "yes", "length_m": 10.06, "type_element": "Way", "__fid": 51334}, "geometry": {"type": "LineString", "coordinates": [[2.3358028, 48.8890387], [2.3358129, 48.8889485]]}}, {"type": "Feature", "properties": {"highway": "footway", "footway": "sidewalk", "name": null, "surface": "asphalt", "lit": "yes", "length_m": 79.96, "type_element": "Way", "__fid": 51335}, "geometry": {"type": "LineString", "coordinates": [[2.3357963, 48.88957460000001], [2.3363006, 48.8895901], [2.336884, 48.8896241]]}}, {"type": "Feature", "properties": {"highway": "pedestrian", "footway": null, "name": "Square Lamarck", "surface": "sett", "lit": "yes", "length_m": 1.28, "type_element": "Way", "__fid": 51341}, "geometry": {"type": "LineString", "coordinates": [[2.3357851, 48.8908588], [2.3357949, 48.8908683]]}}, {"type": "Feature", "properties": {"highway": "footway", "footway": "sidewalk", "name": null, "surface": "asphalt", "lit": "yes", "length_m": 76.61, "type_element": "Way", "__fid": 51380}, "geometry": {"type": "LineString", "coordinates": [[2.3368847, 48.8894852], [2.335842, 48.8894415]]}}, {"type": "Feature", "properties": {"highway": "footway", "footway": "sidewalk", "name": null, "surface": "asphalt", "lit": "yes", "length_m": 55.17, "type_element": "Way", "__fid": 51392}, "geometry": {"type": "LineString", "coordinates": [[2.3358418, 48.8903043], [2.3365769, 48.8901986]]}}, {"type": "Feature", "properties": {"highway": "footway", "footway": "alley", "name": "Passage des Cloÿs", "surface": "sett", "lit": "yes", "length_m": 5.61, "type_element": "Way", "__fid": 51502}, "geometry": {"type": "LineString", "coordinates": [[2.3359699, 48.8915673], [2.3360164, 48.891607399999984]]}}, {"type": "Feature", "properties": {"highway": "footway", "footway": "alley", "name": "Passage des Cloÿs", "surface": "sett", "lit": "yes", "length_m": 118.11, "type_element": "Way", "__fid": 51552}, "geometry": {"type": "LineString", "coordinates": [[2.3360164, 48.891607399999984], [2.3362397, 48.8918166], [2.3367782, 48.89254050000001]]}}, {"type": "Feature", "properties": {"highway": "footway", "footway": "sidewalk", "name": null, "surface": "asphalt", "lit": "yes", "length_m": 29.59, "type_element": "Way", "__fid": 51553}, "geometry": {"type": "LineString", "coordinates": [[2.3360164, 48.891607399999984], [2.3364156, 48.89156840000001]]}}, {"type": "Feature", "properties": {"highway": "footway", "footway": "crossing", "name": null, "surface": "asphalt", "lit": "yes", "length_m": 16.99, "type_element": "Way", "__fid": 51719}, "geometry": {"type": "LineString", "coordinates": [[2.3361631, 48.893579199999984], [2.336194, 48.8936079], [2.3362698, 48.8937143]]}}, {"type": "Feature", "properties": {"highway": "footway", "footway": "sidewalk", "name": null, "surface": "asphalt", "lit": "yes", "length_m": 7.25, "type_element": "Way", "__fid": 51720}, "geometry": {"type": "LineString", "coordinates": [[2.3361987, 48.8935193], [2.336192, 48.89354440000002], [2.3361631, 48.893579199999984]]}}, {"type": "Feature", "properties": {"highway": "footway", "footway": "crossing", "name": null, "surface": "asphalt", "lit": "yes", "length_m": 12.46, "type_element": "Way", "__fid": 51769}, "geometry": {"type": "LineString", "coordinates": [[2.3363496, 48.8934677], [2.3361987, 48.8935193]]}}, {"type": "Feature", "properties": {"highway": "footway", "footway": "sidewalk", "name": null, "surface": "asphalt", "lit": "yes", "length_m": 2.31, "type_element": "Way", "__fid": 51842}, "geometry": {"type": "LineString", "coordinates": [[2.3362698, 48.8937143], [2.3362919, 48.8937291]]}}, {"type": "Feature", "properties": {"highway": "footway", "footway": "sidewalk", "name": null, "surface": "asphalt", "lit": "yes", "length_m": 180.63, "type_element": "Way", "__fid": 51864}, "geometry": {"type": "LineString", "coordinates": [[2.3362919, 48.8937291], [2.336485, 48.8939694], [2.3369671, 48.8946474], [2.337008, 48.8946624], [2.3372608, 48.8950093], [2.3373688, 48.89516540000001], [2.3373708, 48.8951817]]}}, {"type": "Feature", "properties": {"highway": "footway", "footway": "crossing", "name": null, "surface": "asphalt", "lit": "yes", "length_m": 17.04, "type_element": "Way", "__fid": 51865}, "geometry": {"type": "LineString", "coordinates": [[2.3362919, 48.8937291], [2.3364703, 48.893699099999985], [2.3365185, 48.8937004]]}}, {"type": "Feature", "properties": {"highway": "footway", "footway": "sidewalk", "name": null, "surface": "asphalt", "lit": "yes", "length_m": 5.73, "type_element": "Way", "__fid": 51902}, "geometry": {"type": "LineString", "coordinates": [[2.3363496, 48.8934677], [2.336424, 48.8934835]]}}, {"type": "Feature", "properties": {"highway": "footway", "footway": "crossing", "name": null, "surface": "asphalt", "lit": "yes", "length_m": 9.64, "type_element": "Way", "__fid": 51926}, "geometry": {"type": "LineString", "coordinates": [[2.3363992, 48.8914824], [2.3364156, 48.89156840000001]]}}, {"type": "Feature", "properties": {"highway": "footway", "footway": "sidewalk", "name": null, "surface": "asphalt", "lit": "yes", "length_m": 10.94, "type_element": "Way", "__fid": 51927}, "geometry": {"type": "LineString", "coordinates": [[2.3363992, 48.8914824], [2.3365467, 48.8914674]]}}, {"type": "Feature", "properties": {"highway": "footway", "footway": "sidewalk", "name": null, "surface": "asphalt", "lit": "yes", "length_m": 5.78, "type_element": "Way", "__fid": 51948}, "geometry": {"type": "LineString", "coordinates": [[2.3364156, 48.89156840000001], [2.336494366666714, 48.89156966666676]]}}, {"type": "Feature", "properties": {"highway": "footway", "footway": "crossing", "name": null, "surface": "asphalt", "lit": "yes", "length_m": 9.62, "type_element": "Way", "__fid": 51976}, "geometry": {"type": "LineString", "coordinates": [[2.336424, 48.8934835], [2.3364213, 48.89350210000001], [2.3364503, 48.8935526], [2.3364662, 48.8935616]]}}, {"type": "Feature", "properties": {"highway": "footway", "footway": "sidewalk", "name": null, "surface": "asphalt", "lit": "yes", "length_m": 41.31, "type_element": "Way", "__fid": 51977}, "geometry": {"type": "LineString", "coordinates": [[2.336424, 48.8934835], [2.3364669, 48.8934831], [2.3369358, 48.8933341]]}}, {"type": "Feature", "properties": {"highway": "footway", "footway": "crossing", "name": null, "surface": "asphalt", "lit": "yes", "length_m": 13.84, "type_element": "Way", "__fid": 52013}, "geometry": {"type": "LineString", "coordinates": [[2.33654, 48.89367360000002], [2.3365058, 48.8936484], [2.3364662, 48.8935616]]}}, {"type": "Feature", "properties": {"highway": "footway", "footway": "sidewalk", "name": null, "surface": "asphalt", "lit": "yes", "length_m": 42.74, "type_element": "Way", "__fid": 52014}, "geometry": {"type": "LineString", "coordinates": [[2.3370154, 48.8934328], [2.3364662, 48.8935616]]}}, {"type": "Feature", "properties": {"highway": "footway", "footway": "sidewalk", "name": null, "surface": "asphalt", "lit": "yes", "length_m": 149.13, "type_element": "Way", "__fid": 52017}, "geometry": {"type": "LineString", "coordinates": [[2.336494366666714, 48.89156966666676], [2.3373269, 48.8927729], [2.3373188, 48.892790699999985]]}}, {"type": "Feature", "properties": {"highway": "footway", "footway": "crossing", "name": null, "surface": "asphalt", "lit": "yes", "length_m": 5.96, "type_element": "Way", "__fid": 52018}, "geometry": {"type": "LineString", "coordinates": [[2.336494366666714, 48.89156966666676], [2.336574966666704, 48.89156246666682]]}}, {"type": "Feature", "properties": {"highway": "footway", "footway": "crossing", "name": null, "surface": "asphalt", "lit": "yes", "length_m": 10.4, "type_element": "Way", "__fid": 52046}, "geometry": {"type": "LineString", "coordinates": [[2.3365467, 48.8914674], [2.3366178, 48.8915483]]}}, {"type": "Feature", "properties": {"highway": "footway", "footway": "sidewalk", "name": null, "surface": "asphalt", "lit": "yes", "length_m": 54.13, "type_element": "Way", "__fid": 52047}, "geometry": {"type": "LineString", "coordinates": [[2.3365467, 48.8914674], [2.3369182, 48.89143039999998], [2.3369987, 48.8913863], [2.3372537, 48.8913612]]}}, {"type": "Feature", "properties": {"highway": "footway", "footway": "sidewalk", "name": null, "surface": "asphalt", "lit": "yes", "length_m": 53.26, "type_element": "Way", "__fid": 52048}, "geometry": {"type": "LineString", "coordinates": [[2.3365185, 48.8937004], [2.336542, 48.8937617], [2.3368163, 48.894136]]}}, {"type": "Feature", "properties": {"highway": "footway", "footway": "sidewalk", "name": null, "surface": "asphalt", "lit": "yes", "length_m": 3.37, "type_element": "Way", "__fid": 52049}, "geometry": {"type": "LineString", "coordinates": [[2.33654, 48.89367360000002], [2.3365185, 48.8937004]]}}, {"type": "Feature", "properties": {"highway": "footway", "footway": "crossing", "name": null, "surface": "asphalt", "lit": "yes", "length_m": 9.1, "type_element": "Way", "__fid": 52064}, "geometry": {"type": "LineString", "coordinates": [[2.3365769, 48.8901986], [2.336593, 48.8902797]]}}, {"type": "Feature", "properties": {"highway": "footway", "footway": "sidewalk", "name": null, "surface": "asphalt", "lit": "yes", "length_m": 22.73, "type_element": "Way", "__fid": 52065}, "geometry": {"type": "LineString", "coordinates": [[2.3365769, 48.8901986], [2.3368813, 48.8901598]]}}, {"type": "Feature", "properties": {"highway": "footway", "footway": "sidewalk", "name": null, "surface": "asphalt", "lit": "yes", "length_m": 39.42, "type_element": "Way", "__fid": 52066}, "geometry": {"type": "LineString", "coordinates": [[2.3370647, 48.8935971], [2.3366506, 48.8936528], [2.33654, 48.89367360000002]]}}, {"type": "Feature", "properties": {"highway": "footway", "footway": "sidewalk", "name": null, "surface": "asphalt", "lit": "yes", "length_m": 3.51, "type_element": "Way", "__fid": 52072}, "geometry": {"type": "LineString", "coordinates": [[2.336574966666704, 48.89156246666682], [2.3366178, 48.8915483]]}}, {"type": "Feature", "properties": {"highway": "footway", "footway": "sidewalk", "name": null, "surface": "asphalt", "lit": "yes", "length_m": 151.97, "type_element": "Way", "__fid": 52073}, "geometry": {"type": "LineString", "coordinates": [[2.337420566666782, 48.892794], [2.3369973, 48.8921726], [2.3370097, 48.89214350000001], [2.3368183, 48.8918708], [2.3367532, 48.8918215], [2.3365856, 48.8915828], [2.3365833, 48.891562], [2.336574966666704, 48.89156246666682]]}}, {"type": "Feature", "properties": {"highway": "footway", "footway": "sidewalk", "name": null, "surface": "asphalt", "lit": "yes", "length_m": 6.87, "type_element": "Way", "__fid": 52074}, "geometry": {"type": "LineString", "coordinates": [[2.3366801, 48.8903], [2.3366392, 48.890285], [2.336593, 48.8902797]]}}, {"type": "Feature", "properties": {"highway": "footway", "footway": "sidewalk", "name": null, "surface": "asphalt", "lit": "yes", "length_m": 83.0, "type_element": "Way", "__fid": 52109}, "geometry": {"type": "LineString", "coordinates": [[2.3366178, 48.8915483], [2.3377369, 48.89143609999998]]}}, {"type": "Feature", "properties": {"highway": "footway", "footway": "sidewalk", "name": null, "surface": "asphalt", "lit": "yes", "length_m": 14.0, "type_element": "Way", "__fid": 52121}, "geometry": {"type": "LineString", "coordinates": [[2.336762, 48.8926433], [2.3366128, 48.8925648]]}}, {"type": "Feature", "properties": {"highway": "footway", "footway": "crossing", "name": null, "surface": "asphalt", "lit": "yes", "length_m": 9.7, "type_element": "Way", "__fid": 52122}, "geometry": {"type": "LineString", "coordinates": [[2.3366942, 48.892496], [2.3366128, 48.8925648]]}}, {"type": "Feature", "properties": {"highway": "footway", "footway": "sidewalk", "name": null, "surface": "asphalt", "lit": "yes", "length_m": 53.31, "type_element": "Way", "__fid": 52152}, "geometry": {"type": "LineString", "coordinates": [[2.33733576666683, 48.89050706666671], [2.3366801, 48.8903]]}}, {"type": "Feature", "properties": {"highway": "footway", "footway": "crossing", "name": null, "surface": "asphalt", "lit": "yes", "length_m": 17.21, "type_element": "Way", "__fid": 52153}, "geometry": {"type": "LineString", "coordinates": [[2.3366801, 48.8903], [2.3367036, 48.89028320000001], [2.3369008, 48.8902612]]}}, {"type": "Feature", "properties": {"highway": "footway", "footway": "sidewalk", "name": null, "surface": "asphalt", "lit": "yes", "length_m": 7.9, "type_element": "Way", "__fid": 52181}, "geometry": {"type": "LineString", "coordinates": [[2.3367782, 48.89254050000001], [2.3366942, 48.892496]]}}, {"type": "Feature", "properties": {"highway": "footway", "footway": "sidewalk", "name": null, "surface": "asphalt", "lit": "yes", "length_m": 9.92, "type_element": "Way", "__fid": 52235}, "geometry": {"type": "LineString", "coordinates": [[2.3368719, 48.8926953], [2.336762, 48.8926433]]}}, {"type": "Feature", "properties": {"highway": "footway", "footway": "sidewalk", "name": null, "surface": "asphalt", "lit": "yes", "length_m": 85.13, "type_element": "Way", "__fid": 52236}, "geometry": {"type": "LineString", "coordinates": [[2.3369358, 48.8933341], [2.3369041, 48.89328119999998], [2.3366567, 48.8929646], [2.3366305, 48.8929206], [2.3366138, 48.8928553], [2.3366252, 48.8927967], [2.3366674, 48.8927231], [2.336762, 48.8926433]]}}, {"type": "Feature", "properties": {"highway": "footway", "footway": "sidewalk", "name": null, "surface": "asphalt", "lit": "yes", "length_m": 49.56, "type_element": "Way", "__fid": 52252}, "geometry": {"type": "LineString", "coordinates": [[2.3373188, 48.892790699999985], [2.337285, 48.8927984], [2.3367782, 48.89254050000001]]}}, {"type": "Feature", "properties": {"highway": "footway", "footway": "sidewalk", "name": null, "surface": "asphalt", "lit": "yes", "length_m": 10.95, "type_element": "Way", "__fid": 52316}, "geometry": {"type": "LineString", "coordinates": [[2.3368163, 48.894136], [2.33688, 48.8942251]]}}, {"type": "Feature", "properties": {"highway": "footway", "footway": "crossing", "name": null, "surface": "asphalt", "lit": "yes", "length_m": 15.45, "type_element": "Way", "__fid": 52331}, "geometry": {"type": "LineString", "coordinates": [[2.3368847, 48.8894852], [2.336884, 48.8896241]]}}, {"type": "Feature", "properties": {"highway": "footway", "footway": "sidewalk", "name": null, "surface": "asphalt", "lit": "yes", "length_m": 3.67, "type_element": "Way", "__fid": 52332}, "geometry": {"type": "LineString", "coordinates": [[2.3369309, 48.8894724], [2.3368847, 48.8894852]]}}, {"type": "Feature", "properties": {"highway": "footway", "footway": "sidewalk", "name": null, "surface": "asphalt", "lit": "yes", "length_m": 22.77, "type_element": "Way", "__fid": 52334}, "geometry": {"type": "LineString", "coordinates": [[2.336884, 48.8896241], [2.3371945, 48.8896267]]}}, {"type": "Feature", "properties": {"highway": "footway", "footway": "crossing", "name": null, "surface": "asphalt", "lit": "yes", "length_m": 9.67, "type_element": "Way", "__fid": 52342}, "geometry": {"type": "LineString", "coordinates": [[2.3368813, 48.8901598], [2.3369142, 48.890244]]}}, {"type": "Feature", "properties": {"highway": "footway", "footway": "sidewalk", "name": null, "surface": "asphalt", "lit": "yes", "length_m": 134.36, "type_element": "Way", "__fid": 52343}, "geometry": {"type": "LineString", "coordinates": [[2.3368813, 48.8901598], [2.3386734, 48.889908]]}}, {"type": "Feature", "properties": {"highway": "footway", "footway": "sidewalk", "name": null, "surface": "asphalt", "lit": "yes", "length_m": 41.2, "type_element": "Way", "__fid": 52370}, "geometry": {"type": "LineString", "coordinates": [[2.3373889, 48.890434], [2.336943, 48.8902916], [2.3369075, 48.8902766], [2.3369008, 48.8902612]]}}, {"type": "Feature", "properties": {"highway": "footway", "footway": "sidewalk", "name": null, "surface": "asphalt", "lit": "yes", "length_m": 2.15, "type_element": "Way", "__fid": 52371}, "geometry": {"type": "LineString", "coordinates": [[2.3369008, 48.8902612], [2.3369142, 48.890244]]}}, {"type": "Feature", "properties": {"highway": "footway", "footway": "sidewalk", "name": null, "surface": "asphalt", "lit": "yes", "length_m": 70.17, "type_element": "Way", "__fid": 52373}, "geometry": {"type": "LineString", "coordinates": [[2.3376209, 48.8930868], [2.3376001, 48.89306830000001], [2.3368719, 48.8926953]]}}, {"type": "Feature", "properties": {"highway": "footway", "footway": "sidewalk", "name": null, "surface": "asphalt", "lit": "yes", "length_m": 74.84, "type_element": "Way", "__fid": 52374}, "geometry": {"type": "LineString", "coordinates": [[2.3368719, 48.8926953], [2.3367693, 48.8927865], [2.3367479, 48.8928253], [2.3367506, 48.8928804], [2.3370574, 48.8932969]]}}, {"type": "Feature", "properties": {"highway": "footway", "footway": "sidewalk", "name": null, "surface": "asphalt", "lit": "yes", "length_m": 9.91, "type_element": "Way", "__fid": 52382}, "geometry": {"type": "LineString", "coordinates": [[2.3369236, 48.8893834], [2.3369309, 48.8894724]]}}, {"type": "Feature", "properties": {"highway": "footway", "footway": "crossing", "name": null, "surface": "sett", "lit": "yes", "length_m": 16.95, "type_element": "Way", "__fid": 52383}, "geometry": {"type": "LineString", "coordinates": [[2.3369236, 48.8893834], [2.3370349, 48.8892498]]}}, {"type": "Feature", "properties": {"highway": "footway", "footway": "sidewalk", "name": null, "surface": "asphalt", "lit": "yes", "length_m": 140.0, "type_element": "Way", "__fid": 52386}, "geometry": {"type": "LineString", "coordinates": [[2.3369142, 48.890244], [2.3387823, 48.88998389999998]]}}, {"type": "Feature", "properties": {"highway": "footway", "footway": "crossing", "name": null, "surface": "asphalt", "lit": "yes", "length_m": 13.93, "type_element": "Way", "__fid": 52388}, "geometry": {"type": "LineString", "coordinates": [[2.3369309, 48.8894724], [2.3371207, 48.8894773]]}}, {"type": "Feature", "properties": {"highway": "footway", "footway": "sidewalk", "name": null, "surface": "asphalt", "lit": "yes", "length_m": 125.53, "type_element": "Way", "__fid": 52402}, "geometry": {"type": "LineString", "coordinates": [[2.33688, 48.8942251], [2.3376062, 48.8952474]]}}, {"type": "Feature", "properties": {"highway": "service", "footway": null, "name": "Voie AC/18", "surface": "asphalt", "lit": "yes", "length_m": 65.71, "type_element": "Way", "__fid": 52418}, "geometry": {"type": "LineString", "coordinates": [[2.336939, 48.8908079], [2.3372537, 48.8913612]]}}, {"type": "Feature", "properties": {"highway": "footway", "footway": "sidewalk", "name": null, "surface": "asphalt", "lit": "yes", "length_m": 3.96, "type_element": "Way", "__fid": 52456}, "geometry": {"type": "LineString", "coordinates": [[2.3369358, 48.8933341], [2.3369845, 48.8933186]]}}, {"type": "Feature", "properties": {"highway": "footway", "footway": "sidewalk", "name": null, "surface": "asphalt", "lit": "yes", "length_m": 58.97, "type_element": "Way", "__fid": 52509}, "geometry": {"type": "LineString", "coordinates": [[2.3370349, 48.8892498], [2.3378147, 48.8893794]]}}, {"type": "Feature", "properties": {"highway": "footway", "footway": null, "name": "Villa Montcalm", "surface": "concrete", "lit": "yes", "length_m": 1.5, "type_element": "Way", "__fid": 52510}, "geometry": {"type": "LineString", "coordinates": [[2.3369845, 48.8933186], [2.3369838, 48.8933051]]}}, {"type": "Feature", "properties": {"highway": "footway", "footway": "crossing", "name": null, "surface": "asphalt", "lit": "yes", "length_m": 9.61, "type_element": "Way", "__fid": 52511}, "geometry": {"type": "LineString", "coordinates": [[2.3370268, 48.8933967], [2.3369864, 48.89335789999998], [2.3369845, 48.8933186]]}}, {"type": "Feature", "properties": {"highway": "footway", "footway": "sidewalk", "name": null, "surface": "asphalt", "lit": "yes", "length_m": 5.86, "type_element": "Way", "__fid": 52512}, "geometry": {"type": "LineString", "coordinates": [[2.3369845, 48.8933186], [2.3370574, 48.8932969]]}}, {"type": "Feature", "properties": {"highway": "footway", "footway": "sidewalk", "name": null, "surface": "asphalt", "lit": "yes", "length_m": 2.72, "type_element": "Way", "__fid": 52552}, "geometry": {"type": "LineString", "coordinates": [[2.3370362, 48.8934531], [2.3370154, 48.8934328]]}}, {"type": "Feature", "properties": {"highway": "footway", "footway": "sidewalk", "name": null, "surface": "asphalt", "lit": "yes", "length_m": 4.1, "type_element": "Way", "__fid": 52553}, "geometry": {"type": "LineString", "coordinates": [[2.3370154, 48.8934328], [2.3370268, 48.8933967]]}}, {"type": "Feature", "properties": {"highway": "footway", "footway": "sidewalk", "name": null, "surface": "asphalt", "lit": "yes", "length_m": 59.17, "type_element": "Way", "__fid": 52566}, "geometry": {"type": "LineString", "coordinates": [[2.3370268, 48.8933967], [2.3370679, 48.89337810000002], [2.3371448, 48.893361], [2.337755, 48.89316919999999]]}}, {"type": "Feature", "properties": {"highway": "footway", "footway": "sidewalk", "name": null, "surface": "asphalt", "lit": "yes", "length_m": 73.43, "type_element": "Way", "__fid": 52578}, "geometry": {"type": "LineString", "coordinates": [[2.3380179, 48.893331900000014], [2.3372582, 48.8934377], [2.3371025, 48.8934569], [2.3370362, 48.8934531]]}}, {"type": "Feature", "properties": {"highway": "footway", "footway": "crossing", "name": null, "surface": "asphalt", "lit": "yes", "length_m": 16.23, "type_element": "Way", "__fid": 52579}, "geometry": {"type": "LineString", "coordinates": [[2.3370647, 48.8935971], [2.3370341, 48.8934938], [2.3370362, 48.8934531]]}}, {"type": "Feature", "properties": {"highway": "footway", "footway": "sidewalk", "name": null, "surface": "asphalt", "lit": "yes", "length_m": 46.82, "type_element": "Way", "__fid": 52589}, "geometry": {"type": "LineString", "coordinates": [[2.3370574, 48.8932969], [2.3376068, 48.893115], [2.3376223, 48.8931031]]}}, {"type": "Feature", "properties": {"highway": "footway", "footway": "sidewalk", "name": null, "surface": "asphalt", "lit": "yes", "length_m": 21.18, "type_element": "Way", "__fid": 52601}, "geometry": {"type": "LineString", "coordinates": [[2.337349700000155, 48.89357136000009], [2.3372783, 48.8935704], [2.3370647, 48.8935971]]}}, {"type": "Feature", "properties": {"highway": "footway", "footway": "sidewalk", "name": null, "surface": "asphalt", "lit": "yes", "length_m": 6.82, "type_element": "Way", "__fid": 52605}, "geometry": {"type": "LineString", "coordinates": [[2.3372012, 48.8895028], [2.3371314, 48.88948829999999], [2.3371207, 48.8894773]]}}, {"type": "Feature", "properties": {"highway": "footway", "footway": "sidewalk", "name": null, "surface": "asphalt", "lit": "yes", "length_m": 67.06, "type_element": "Way", "__fid": 52606}, "geometry": {"type": "LineString", "coordinates": [[2.3371207, 48.8894773], [2.3371187, 48.8894094], [2.3371241, 48.8893841], [2.3371375, 48.8893772], [2.3377161, 48.8894685], [2.3378448, 48.8894592], [2.3378704, 48.8894473]]}}, {"type": "Feature", "properties": {"highway": "footway", "footway": "sidewalk", "name": null, "surface": "asphalt", "lit": "yes", "length_m": 75.1, "type_element": "Way", "__fid": 52679}, "geometry": {"type": "LineString", "coordinates": [[2.3371945, 48.8896267], [2.3382157, 48.8896779]]}}, {"type": "Feature", "properties": {"highway": "footway", "footway": "crossing", "name": null, "surface": "asphalt", "lit": "yes", "length_m": 13.79, "type_element": "Way", "__fid": 52680}, "geometry": {"type": "LineString", "coordinates": [[2.3371945, 48.8896267], [2.3372012, 48.8895028]]}}, {"type": "Feature", "properties": {"highway": "footway", "footway": "sidewalk", "name": null, "surface": "asphalt", "lit": "yes", "length_m": 75.29, "type_element": "Way", "__fid": 52688}, "geometry": {"type": "LineString", "coordinates": [[2.3372012, 48.8895028], [2.3382264, 48.8895408]]}}, {"type": "Feature", "properties": {"highway": "service", "footway": null, "name": "Voie AC/18", "surface": "asphalt", "lit": "yes", "length_m": 8.33, "type_element": "Way", "__fid": 52774}, "geometry": {"type": "LineString", "coordinates": [[2.3372537, 48.8913612], [2.3372924, 48.8914316]]}}, {"type": "Feature", "properties": {"highway": "footway", "footway": "sidewalk", "name": null, "surface": "asphalt", "lit": "yes", "length_m": 35.06, "type_element": "Way", "__fid": 52775}, "geometry": {"type": "LineString", "coordinates": [[2.3372537, 48.8913612], [2.337521, 48.8913347], [2.3375666, 48.8913621], [2.3377115, 48.89134970000002]]}}, {"type": "Feature", "properties": {"highway": "footway", "footway": "sidewalk", "name": null, "surface": "asphalt", "lit": "yes", "length_m": 4.3, "type_element": "Way", "__fid": 52852}, "geometry": {"type": "LineString", "coordinates": [[2.337368066666555, 48.89053563333342], [2.3373327, 48.890512600000015], [2.33733576666683, 48.89050706666671]]}}, {"type": "Feature", "properties": {"highway": "footway", "footway": "crossing", "name": null, "surface": "asphalt", "lit": "yes", "length_m": 9.01, "type_element": "Way", "__fid": 52853}, "geometry": {"type": "LineString", "coordinates": [[2.33733576666683, 48.89050706666671], [2.3373889, 48.890434]]}}, {"type": "Feature", "properties": {"highway": "footway", "footway": "crossing", "name": null, "surface": "asphalt", "lit": "yes", "length_m": 9.53, "type_element": "Way", "__fid": 52860}, "geometry": {"type": "LineString", "coordinates": [[2.3373188, 48.892790699999985], [2.337342, 48.8928159], [2.337420566666782, 48.892794]]}}, {"type": "Feature", "properties": {"highway": "footway", "footway": "crossing", "name": null, "surface": "asphalt", "lit": "yes", "length_m": 7.64, "type_element": "Way", "__fid": 52892}, "geometry": {"type": "LineString", "coordinates": [[2.337368066666555, 48.89053563333342], [2.3374641, 48.8905623]]}}, {"type": "Feature", "properties": {"highway": "footway", "footway": "sidewalk", "name": null, "surface": "asphalt", "lit": "yes", "length_m": 94.06, "type_element": "Way", "__fid": 52893}, "geometry": {"type": "LineString", "coordinates": [[2.3377597, 48.8913378], [2.3377658, 48.8913065], [2.3374318, 48.89067389999998], [2.337368066666555, 48.89053563333342]]}}, {"type": "Feature", "properties": {"highway": "footway", "footway": "sidewalk", "name": null, "surface": "asphalt", "lit": "yes", "length_m": 13.62, "type_element": "Way", "__fid": 52927}, "geometry": {"type": "LineString", "coordinates": [[2.3375561, 48.8904874], [2.3373889, 48.890434]]}}, {"type": "Feature", "properties": {"highway": "footway", "footway": "sidewalk", "name": null, "surface": "asphalt", "lit": "yes", "length_m": 226.73, "type_element": "Way", "__fid": 52928}, "geometry": {"type": "LineString", "coordinates": [[2.338654266666779, 48.893873700000036], [2.3386268, 48.893870800000016], [2.3378533, 48.893987], [2.3378372, 48.8940018], [2.3379596, 48.8942974], [2.3380092, 48.8943862], [2.3380065, 48.8944003], [2.3379565, 48.894412], [2.3379411, 48.89440539999999], [2.3377731, 48.8940194], [2.3377383, 48.8940055], [2.3375975, 48.89402539999998], [2.3375683, 48.8940201], [2.3375478, 48.8940007], [2.3375405, 48.8939636], [2.3374305, 48.8937384], [2.3374241, 48.8937057], [2.337349700000155, 48.89357136000009]]}}, {"type": "Feature", "properties": {"highway": "footway", "footway": "crossing", "name": null, "surface": "sett", "lit": "yes", "length_m": 3.95, "type_element": "Way", "__fid": 52929}, "geometry": {"type": "LineString", "coordinates": [[2.337349700000155, 48.89357136000009], [2.337400600000041, 48.893559666666725]]}}, {"type": "Feature", "properties": {"highway": "footway", "footway": "sidewalk", "name": null, "surface": "asphalt", "lit": "yes", "length_m": 35.66, "type_element": "Way", "__fid": 52988}, "geometry": {"type": "LineString", "coordinates": [[2.3377269, 48.89303429999999], [2.3375016, 48.89290730000001], [2.337420566666782, 48.892794]]}}, {"type": "Feature", "properties": {"highway": "footway", "footway": "sidewalk", "name": null, "surface": "asphalt", "lit": "yes", "length_m": 2.42, "type_element": "Way", "__fid": 53008}, "geometry": {"type": "LineString", "coordinates": [[2.3374965, 48.890566200000016], [2.3374641, 48.8905623]]}}, {"type": "Feature", "properties": {"highway": "footway", "footway": "sidewalk", "name": null, "surface": "asphalt", "lit": "yes", "length_m": 89.87, "type_element": "Way", "__fid": 53009}, "geometry": {"type": "LineString", "coordinates": [[2.3374641, 48.8905623], [2.3374747, 48.89060019999997], [2.3378539, 48.891310699999984], [2.3378687, 48.8913239]]}}, {"type": "Feature", "properties": {"highway": "footway", "footway": "sidewalk", "name": null, "surface": "asphalt", "lit": "yes", "length_m": 144.15, "type_element": "Way", "__fid": 53042}, "geometry": {"type": "LineString", "coordinates": [[2.3392665, 48.8911304], [2.3374965, 48.890566200000016]]}}, {"type": "Feature", "properties": {"highway": "footway", "footway": "crossing", "name": null, "surface": "asphalt", "lit": "yes", "length_m": 9.79, "type_element": "Way", "__fid": 53043}, "geometry": {"type": "LineString", "coordinates": [[2.3375561, 48.8904874], [2.3374965, 48.890566200000016]]}}, {"type": "Feature", "properties": {"highway": "footway", "footway": "sidewalk", "name": null, "surface": "asphalt", "lit": "yes", "length_m": 144.04, "type_element": "Way", "__fid": 53112}, "geometry": {"type": "LineString", "coordinates": [[2.3393241, 48.891051900000015], [2.3375561, 48.8904874]]}}, {"type": "Feature", "properties": {"highway": "footway", "footway": "sidewalk", "name": null, "surface": "asphalt", "lit": "yes", "length_m": 1.82, "type_element": "Way", "__fid": 53195}, "geometry": {"type": "LineString", "coordinates": [[2.3376223, 48.8931031], [2.3376209, 48.8930868]]}}, {"type": "Feature", "properties": {"highway": "footway", "footway": "crossing", "name": null, "surface": "asphalt", "lit": "yes", "length_m": 9.72, "type_element": "Way", "__fid": 53196}, "geometry": {"type": "LineString", "coordinates": [[2.3376209, 48.8930868], [2.3377269, 48.89303429999999]]}}, {"type": "Feature", "properties": {"highway": "footway", "footway": "crossing", "name": null, "surface": "asphalt", "lit": "yes", "length_m": 12.19, "type_element": "Way", "__fid": 53199}, "geometry": {"type": "LineString", "coordinates": [[2.3376223, 48.8931031], [2.337755, 48.89316919999999]]}}, {"type": "Feature", "properties": {"highway": "service", "footway": null, "name": "Voie AG/18", "surface": null, "lit": null, "length_m": 37.0, "type_element": "Way", "__fid": 53252}, "geometry": {"type": "LineString", "coordinates": [[2.3376858, 48.892712500000016], [2.3379011, 48.8930134]]}}, {"type": "Feature", "properties": {"highway": "footway", "footway": "crossing", "name": null, "surface": "asphalt", "lit": "yes", "length_m": 9.79, "type_element": "Way", "__fid": 53264}, "geometry": {"type": "LineString", "coordinates": [[2.3377115, 48.89134970000002], [2.3377369, 48.89143609999998]]}}, {"type": "Feature", "properties": {"highway": "footway", "footway": "sidewalk", "name": null, "surface": "asphalt", "lit": "yes", "length_m": 3.77, "type_element": "Way", "__fid": 53265}, "geometry": {"type": "LineString", "coordinates": [[2.3377115, 48.89134970000002], [2.3377597, 48.8913378]]}}, {"type": "Feature", "properties": {"highway": "footway", "footway": "sidewalk", "name": null, "surface": "asphalt", "lit": "yes", "length_m": 8.54, "type_element": "Way", "__fid": 53296}, "geometry": {"type": "LineString", "coordinates": [[2.3377369, 48.89143609999998], [2.3378525, 48.8914268]]}}, {"type": "Feature", "properties": {"highway": "footway", "footway": "sidewalk", "name": null, "surface": "asphalt", "lit": "yes", "length_m": 2.39, "type_element": "Way", "__fid": 53305}, "geometry": {"type": "LineString", "coordinates": [[2.3377591, 48.89303739999998], [2.3377269, 48.89303429999999]]}}, {"type": "Feature", "properties": {"highway": "footway", "footway": "crossing", "name": null, "surface": "asphalt", "lit": "yes", "length_m": 8.14, "type_element": "Way", "__fid": 53311}, "geometry": {"type": "LineString", "coordinates": [[2.3377597, 48.8913378], [2.3378687, 48.8913239]]}}, {"type": "Feature", "properties": {"highway": "footway", "footway": "sidewalk", "name": null, "surface": "asphalt", "lit": "yes", "length_m": 2.66, "type_element": "Way", "__fid": 53330}, "geometry": {"type": "LineString", "coordinates": [[2.337755, 48.89316919999999], [2.3377912, 48.89317049999999]]}}, {"type": "Feature", "properties": {"highway": "footway", "footway": "crossing", "name": null, "surface": "asphalt", "lit": "yes", "length_m": 15.36, "type_element": "Way", "__fid": 53338}, "geometry": {"type": "LineString", "coordinates": [[2.3377591, 48.89303739999998], [2.3377711, 48.8930506], [2.3379361, 48.8931075]]}}, {"type": "Feature", "properties": {"highway": "footway", "footway": "sidewalk", "name": null, "surface": "asphalt", "lit": "yes", "length_m": 10.75, "type_element": "Way", "__fid": 53339}, "geometry": {"type": "LineString", "coordinates": [[2.3379011, 48.8930134], [2.3377591, 48.89303739999998]]}}, {"type": "Feature", "properties": {"highway": "footway", "footway": null, "name": null, "surface": "compacted", "lit": "yes", "length_m": 33.22, "type_element": "Way", "__fid": 53345}, "geometry": {"type": "LineString", "coordinates": [[2.3379326, 48.8921935], [2.3378366, 48.892167], [2.3377957, 48.8921467], [2.3377481, 48.8920943], [2.3377293, 48.89204669999999], [2.337734, 48.892022], [2.3377816, 48.8919695]]}}, {"type": "Feature", "properties": {"highway": "footway", "footway": null, "name": null, "surface": "asphalt", "lit": "yes", "length_m": 26.88, "type_element": "Way", "__fid": 53346}, "geometry": {"type": "LineString", "coordinates": [[2.338017, 48.891848899999985], [2.3380237, 48.891865], [2.3380029, 48.8918853], [2.3379559, 48.8918946], [2.3378366, 48.8918963], [2.3377963, 48.8919113], [2.3377816, 48.8919695]]}}, {"type": "Feature", "properties": {"highway": "footway", "footway": null, "name": null, "surface": "compacted", "lit": "yes", "length_m": 3.65, "type_element": "Way", "__fid": 53347}, "geometry": {"type": "LineString", "coordinates": [[2.3377816, 48.8919695], [2.3378311, 48.8919726]]}}, {"type": "Feature", "properties": {"highway": "footway", "footway": "crossing", "name": null, "surface": "sett", "lit": "yes", "length_m": 8.71, "type_element": "Way", "__fid": 53350}, "geometry": {"type": "LineString", "coordinates": [[2.3378147, 48.8893794], [2.3378268, 48.8894076], [2.3378704, 48.8894473]]}}, {"type": "Feature", "properties": {"highway": "footway", "footway": "sidewalk", "name": null, "surface": "sett", "lit": "yes", "length_m": 51.99, "type_element": "Way", "__fid": 53351}, "geometry": {"type": "LineString", "coordinates": [[2.3378147, 48.8893794], [2.3378697, 48.8893476], [2.3379677, 48.888933299999984]]}}, {"type": "Feature", "properties": {"highway": "footway", "footway": "sidewalk", "name": null, "surface": "asphalt", "lit": "yes", "length_m": 25.0, "type_element": "Way", "__fid": 53381}, "geometry": {"type": "LineString", "coordinates": [[2.3377912, 48.89317049999999], [2.3379998, 48.89327630000001], [2.3380286, 48.8932953], [2.338034, 48.8933195]]}}, {"type": "Feature", "properties": {"highway": "footway", "footway": "crossing", "name": null, "surface": "asphalt", "lit": "yes", "length_m": 11.45, "type_element": "Way", "__fid": 53382}, "geometry": {"type": "LineString", "coordinates": [[2.3379347, 48.89313], [2.3377912, 48.89317049999999]]}}, {"type": "Feature", "properties": {"highway": "footway", "footway": null, "name": null, "surface": "compacted", "lit": "yes", "length_m": 21.41, "type_element": "Way", "__fid": 53403}, "geometry": {"type": "LineString", "coordinates": [[2.3378311, 48.8919726], [2.3379393, 48.8921514]]}}, {"type": "Feature", "properties": {"highway": "footway", "footway": null, "name": null, "surface": "compacted", "lit": "yes", "length_m": 21.35, "type_element": "Way", "__fid": 53404}, "geometry": {"type": "LineString", "coordinates": [[2.3380767, 48.8918981], [2.3378233, 48.8919597], [2.3378311, 48.8919726]]}}, {"type": "Feature", "properties": {"highway": "footway", "footway": null, "name": null, "surface": "concrete", "lit": "yes", "length_m": 6.09, "type_element": "Way", "__fid": 53405}, "geometry": {"type": "LineString", "coordinates": [[2.3378525, 48.8914268], [2.337839, 48.891372799999985]]}}, {"type": "Feature", "properties": {"highway": "footway", "footway": "sidewalk", "name": null, "surface": "sett", "lit": "yes", "length_m": 107.8, "type_element": "Way", "__fid": 53415}, "geometry": {"type": "LineString", "coordinates": [[2.3383465, 48.8894649], [2.3383465, 48.8894182], [2.3381825, 48.8890573], [2.3381674, 48.8890414], [2.3381202, 48.8890212], [2.3380672, 48.88902930000001], [2.3380427, 48.8890406], [2.3380316, 48.8890562], [2.3379616, 48.88936220000002], [2.337928, 48.8894173], [2.3378704, 48.8894473]]}}, {"type": "Feature", "properties": {"highway": "footway", "footway": null, "name": null, "surface": "concrete", "lit": "yes", "length_m": 35.03, "type_element": "Way", "__fid": 53427}, "geometry": {"type": "LineString", "coordinates": [[2.337944, 48.891736], [2.3378525, 48.8914268]]}}, {"type": "Feature", "properties": {"highway": "footway", "footway": "sidewalk", "name": null, "surface": "asphalt", "lit": "yes", "length_m": 120.03, "type_element": "Way", "__fid": 53428}, "geometry": {"type": "LineString", "coordinates": [[2.3378525, 48.8914268], [2.3394691, 48.8912569]]}}, {"type": "Feature", "properties": {"highway": "footway", "footway": "sidewalk", "name": null, "surface": "asphalt", "lit": "yes", "length_m": 110.47, "type_element": "Way", "__fid": 53439}, "geometry": {"type": "LineString", "coordinates": [[2.3378687, 48.8913239], [2.3378922, 48.8913277], [2.3379988, 48.8913189], [2.3388956, 48.8912302], [2.339294, 48.8911892], [2.3393535, 48.8911721]]}}, {"type": "Feature", "properties": {"highway": "footway", "footway": null, "name": null, "surface": "dirt", "lit": "yes", "length_m": 3.42, "type_element": "Way", "__fid": 53456}, "geometry": {"type": "LineString", "coordinates": [[2.3378753, 48.8917789], [2.337891, 48.8918079]]}}, {"type": "Feature", "properties": {"highway": "footway", "footway": null, "name": null, "surface": "asphalt", "lit": "yes", "length_m": 10.4, "type_element": "Way", "__fid": 53457}, "geometry": {"type": "LineString", "coordinates": [[2.3378753, 48.8917789], [2.3378606, 48.891775399999986], [2.3378558, 48.8917654], [2.3378686, 48.8917448], [2.337944, 48.891736]]}}, {"type": "Feature", "properties": {"highway": "footway", "footway": null, "name": null, "surface": "asphalt", "lit": "yes", "length_m": 5.92, "type_element": "Way", "__fid": 53458}, "geometry": {"type": "LineString", "coordinates": [[2.3379452, 48.8917523], [2.3378753, 48.8917789]]}}, {"type": "Feature", "properties": {"highway": "footway", "footway": null, "name": null, "surface": "asphalt", "lit": "yes", "length_m": 5.25, "type_element": "Way", "__fid": 53473}, "geometry": {"type": "LineString", "coordinates": [[2.337891, 48.8918079], [2.3379623, 48.8918123]]}}, {"type": "Feature", "properties": {"highway": "footway", "footway": null, "name": null, "surface": "asphalt", "lit": "yes", "length_m": 16.84, "type_element": "Way", "__fid": 53474}, "geometry": {"type": "LineString", "coordinates": [[2.3379694, 48.89184010000001], [2.3379053, 48.8918545], [2.3378363, 48.8918498], [2.3378482, 48.89182080000001], [2.337891, 48.8918079]]}}, {"type": "Feature", "properties": {"highway": "service", "footway": null, "name": "Voie AG/18", "surface": null, "lit": null, "length_m": 5.67, "type_element": "Way", "__fid": 53489}, "geometry": {"type": "LineString", "coordinates": [[2.3379011, 48.8930134], [2.3379341, 48.8930595]]}}, {"type": "Feature", "properties": {"highway": "footway", "footway": "sidewalk", "name": null, "surface": "asphalt", "lit": "yes", "length_m": 87.91, "type_element": "Way", "__fid": 53490}, "geometry": {"type": "LineString", "coordinates": [[2.3390594, 48.8928092], [2.3379011, 48.8930134]]}}, {"type": "Feature", "properties": {"highway": "footway", "footway": "sidewalk", "name": null, "surface": "sett", "lit": "yes", "length_m": 15.15, "type_element": "Way", "__fid": 53507}, "geometry": {"type": "LineString", "coordinates": [[2.3379677, 48.888933299999984], [2.3379837, 48.8888587], [2.3380319, 48.8888068]]}}, {"type": "Feature", "properties": {"highway": "footway", "footway": "sidewalk", "name": null, "surface": "sett", "lit": "yes", "length_m": 6.31, "type_element": "Way", "__fid": 53508}, "geometry": {"type": "LineString", "coordinates": [[2.3380328, 48.88889620000002], [2.3379677, 48.888933299999984]]}}, {"type": "Feature", "properties": {"highway": "footway", "footway": null, "name": null, "surface": "concrete", "lit": "yes", "length_m": 89.37, "type_element": "Way", "__fid": 53512}, "geometry": {"type": "LineString", "coordinates": [[2.3379326, 48.8921935], [2.3379336, 48.89222919999999], [2.3379545, 48.8922693], [2.3379949, 48.89231430000002], [2.3380253, 48.892333], [2.3381236, 48.8923676], [2.3382594, 48.8924025], [2.3383193, 48.89243659999999], [2.3384612, 48.89257940000001], [2.3386111, 48.89262139999999], [2.3386548, 48.89264219999998], [2.3387395, 48.8927095], [2.3387507, 48.8927313]]}}, {"type": "Feature", "properties": {"highway": "footway", "footway": null, "name": null, "surface": "concrete", "lit": "yes", "length_m": 4.71, "type_element": "Way", "__fid": 53513}, "geometry": {"type": "LineString", "coordinates": [[2.3379393, 48.8921514], [2.3379326, 48.8921935]]}}, {"type": "Feature", "properties": {"highway": "footway", "footway": null, "name": null, "surface": "concrete", "lit": "yes", "length_m": 1.81, "type_element": "Way", "__fid": 53520}, "geometry": {"type": "LineString", "coordinates": [[2.3379452, 48.8917523], [2.337944, 48.891736]]}}, {"type": "Feature", "properties": {"highway": "footway", "footway": null, "name": null, "surface": "asphalt", "lit": "yes", "length_m": 5.21, "type_element": "Way", "__fid": 53521}, "geometry": {"type": "LineString", "coordinates": [[2.337944, 48.891736], [2.3380139, 48.8917277]]}}, {"type": "Feature", "properties": {"highway": "footway", "footway": null, "name": null, "surface": "compacted", "lit": "yes", "length_m": 4.75, "type_element": "Way", "__fid": 53522}, "geometry": {"type": "LineString", "coordinates": [[2.3379393, 48.8921514], [2.3379927, 48.8921756]]}}, {"type": "Feature", "properties": {"highway": "footway", "footway": null, "name": null, "surface": "asphalt", "lit": "yes", "length_m": 11.04, "type_element": "Way", "__fid": 53523}, "geometry": {"type": "LineString", "coordinates": [[2.3379623, 48.8918123], [2.337997, 48.89180080000001], [2.3379965, 48.891767899999984], [2.3379809, 48.8917542], [2.3379452, 48.8917523]]}}, {"type": "Feature", "properties": {"highway": "footway", "footway": "sidewalk", "name": null, "surface": "asphalt", "lit": "yes", "length_m": 29.09, "type_element": "Way", "__fid": 53536}, "geometry": {"type": "LineString", "coordinates": [[2.3382486, 48.89329], [2.3379347, 48.89313]]}}, {"type": "Feature", "properties": {"highway": "footway", "footway": "sidewalk", "name": null, "surface": "asphalt", "lit": "yes", "length_m": 2.5, "type_element": "Way", "__fid": 53537}, "geometry": {"type": "LineString", "coordinates": [[2.3379347, 48.89313], [2.3379361, 48.8931075]]}}, {"type": "Feature", "properties": {"highway": "footway", "footway": "sidewalk", "name": null, "surface": "asphalt", "lit": "yes", "length_m": 91.3, "type_element": "Way", "__fid": 53540}, "geometry": {"type": "LineString", "coordinates": [[2.3379361, 48.8931075], [2.3379596, 48.89309470000002], [2.3391344, 48.892891]]}}, {"type": "Feature", "properties": {"highway": "footway", "footway": null, "name": null, "surface": "dirt", "lit": "yes", "length_m": 3.13, "type_element": "Way", "__fid": 53559}, "geometry": {"type": "LineString", "coordinates": [[2.3379623, 48.8918123], [2.3379694, 48.89184010000001]]}}, {"type": "Feature", "properties": {"highway": "footway", "footway": null, "name": null, "surface": "asphalt", "lit": "yes", "length_m": 3.62, "type_element": "Way", "__fid": 53567}, "geometry": {"type": "LineString", "coordinates": [[2.338017, 48.891848899999985], [2.3379694, 48.89184010000001]]}}, {"type": "Feature", "properties": {"highway": "footway", "footway": "sidewalk", "name": null, "surface": "sett", "lit": "yes", "length_m": 2.21, "type_element": "Way", "__fid": 53591}, "geometry": {"type": "LineString", "coordinates": [[2.3380287, 48.8888793], [2.3380521, 48.8888918]]}}, {"type": "Feature", "properties": {"highway": "pedestrian", "footway": null, "name": "Rue Françoise Gilot", "surface": "sett", "lit": "yes", "length_m": 1.9, "type_element": "Way", "__fid": 53592}, "geometry": {"type": "LineString", "coordinates": [[2.3380287, 48.8888793], [2.3380328, 48.88889620000002]]}}, {"type": "Feature", "properties": {"highway": "pedestrian", "footway": null, "name": "Rue Françoise Gilot", "surface": "sett", "lit": "yes", "length_m": 8.07, "type_element": "Way", "__fid": 53593}, "geometry": {"type": "LineString", "coordinates": [[2.3380319, 48.8888068], [2.3380287, 48.8888793]]}}, {"type": "Feature", "properties": {"highway": "steps", "footway": null, "name": null, "surface": "concrete", "lit": "yes", "length_m": 18.66, "type_element": "Way", "__fid": 53594}, "geometry": {"type": "LineString", "coordinates": [[2.3380598, 48.88864], [2.3380319, 48.8888068]]}}, {"type": "Feature", "properties": {"highway": "footway", "footway": null, "name": null, "surface": "compacted", "lit": "yes", "length_m": 16.26, "type_element": "Way", "__fid": 53595}, "geometry": {"type": "LineString", "coordinates": [[2.3379893, 48.8921963], [2.3379941, 48.8922401], [2.3380088, 48.8922683], [2.3380645, 48.89230829999998], [2.3380905, 48.892314300000024]]}}, {"type": "Feature", "properties": {"highway": "footway", "footway": null, "name": null, "surface": "compacted", "lit": "yes", "length_m": 2.32, "type_element": "Way", "__fid": 53596}, "geometry": {"type": "LineString", "coordinates": [[2.3379893, 48.8921963], [2.3379927, 48.8921756]]}}, {"type": "Feature", "properties": {"highway": "footway", "footway": null, "name": null, "surface": "compacted", "lit": "yes", "length_m": 15.93, "type_element": "Way", "__fid": 53597}, "geometry": {"type": "LineString", "coordinates": [[2.3381943, 48.8921488], [2.3379893, 48.8921963]]}}, {"type": "Feature", "properties": {"highway": "pedestrian", "footway": null, "name": "Rue Françoise Gilot", "surface": "sett", "lit": "yes", "length_m": 12.52, "type_element": "Way", "__fid": 53598}, "geometry": {"type": "LineString", "coordinates": [[2.3380328, 48.88889620000002], [2.3380598, 48.8890074]]}}, {"type": "Feature", "properties": {"highway": "footway", "footway": "sidewalk", "name": null, "surface": "sett", "lit": "yes", "length_m": 1.5, "type_element": "Way", "__fid": 53599}, "geometry": {"type": "LineString", "coordinates": [[2.3380521, 48.8888918], [2.3380328, 48.88889620000002]]}}, {"type": "Feature", "properties": {"highway": "footway", "footway": null, "name": null, "surface": "compacted", "lit": "yes", "length_m": 14.94, "type_element": "Way", "__fid": 53600}, "geometry": {"type": "LineString", "coordinates": [[2.3379927, 48.8921756], [2.3381849, 48.892131]]}}, {"type": "Feature", "properties": {"highway": "footway", "footway": null, "name": null, "surface": "asphalt", "lit": "yes", "length_m": 15.43, "type_element": "Way", "__fid": 53614}, "geometry": {"type": "LineString", "coordinates": [[2.3380139, 48.8917277], [2.3380815, 48.8918322], [2.3380463, 48.891841900000024]]}}, {"type": "Feature", "properties": {"highway": "footway", "footway": null, "name": null, "surface": "asphalt", "lit": "yes", "length_m": 5.48, "type_element": "Way", "__fid": 53615}, "geometry": {"type": "LineString", "coordinates": [[2.3380873, 48.8917184], [2.3380139, 48.8917277]]}}, {"type": "Feature", "properties": {"highway": "footway", "footway": "sidewalk", "name": null, "surface": "sett", "lit": "yes", "length_m": 11.26, "type_element": "Way", "__fid": 53619}, "geometry": {"type": "LineString", "coordinates": [[2.3380521, 48.8888918], [2.3381145, 48.8888984], [2.3381993, 48.8888777]]}}, {"type": "Feature", "properties": {"highway": "footway", "footway": null, "name": null, "surface": "asphalt", "lit": "yes", "length_m": 2.29, "type_element": "Way", "__fid": 53623}, "geometry": {"type": "LineString", "coordinates": [[2.3380463, 48.891841900000024], [2.338017, 48.891848899999985]]}}, {"type": "Feature", "properties": {"highway": "footway", "footway": "crossing", "name": null, "surface": "asphalt", "lit": "yes", "length_m": 14.91, "type_element": "Way", "__fid": 53638}, "geometry": {"type": "LineString", "coordinates": [[2.3380179, 48.893331900000014], [2.3380618, 48.8934628]]}}, {"type": "Feature", "properties": {"highway": "footway", "footway": "sidewalk", "name": null, "surface": "asphalt", "lit": "yes", "length_m": 1.82, "type_element": "Way", "__fid": 53639}, "geometry": {"type": "LineString", "coordinates": [[2.338034, 48.8933195], [2.3380179, 48.893331900000014]]}}, {"type": "Feature", "properties": {"highway": "footway", "footway": null, "name": null, "surface": "asphalt", "lit": "yes", "length_m": 6.63, "type_element": "Way", "__fid": 53648}, "geometry": {"type": "LineString", "coordinates": [[2.3380463, 48.891841900000024], [2.3380767, 48.8918981]]}}, {"type": "Feature", "properties": {"highway": "footway", "footway": "crossing", "name": null, "surface": "asphalt", "lit": "yes", "length_m": 16.07, "type_element": "Way", "__fid": 53653}, "geometry": {"type": "LineString", "coordinates": [[2.338034, 48.8933195], [2.3382486, 48.89329]]}}, {"type": "Feature", "properties": {"highway": "footway", "footway": null, "name": null, "surface": "compacted", "lit": "yes", "length_m": 36.33, "type_element": "Way", "__fid": 53692}, "geometry": {"type": "LineString", "coordinates": [[2.3383549, 48.8920688], [2.3382455, 48.8918696], [2.3380767, 48.8918981]]}}, {"type": "Feature", "properties": {"highway": "footway", "footway": "sidewalk", "name": null, "surface": "asphalt", "lit": "yes", "length_m": 177.41, "type_element": "Way", "__fid": 53700}, "geometry": {"type": "LineString", "coordinates": [[2.338677233333354, 48.893827133333346], [2.3384477, 48.89385559999998], [2.3376501, 48.893978], [2.3376045, 48.8939599], [2.3374707, 48.893706600000016], [2.3374056, 48.8935588], [2.3374295, 48.8935492], [2.3380618, 48.8934628]]}}, {"type": "Feature", "properties": {"highway": "footway", "footway": "sidewalk", "name": null, "surface": "asphalt", "lit": "yes", "length_m": 21.51, "type_element": "Way", "__fid": 53701}, "geometry": {"type": "LineString", "coordinates": [[2.3380618, 48.8934628], [2.3382637, 48.8934324], [2.3383099, 48.8934362], [2.3383451, 48.8934483]]}}, {"type": "Feature", "properties": {"highway": "footway", "footway": null, "name": null, "surface": "compacted", "lit": "yes", "length_m": 16.2, "type_element": "Way", "__fid": 53710}, "geometry": {"type": "LineString", "coordinates": [[2.3380905, 48.892314300000024], [2.3382635, 48.8923546], [2.3382988, 48.8923464]]}}, {"type": "Feature", "properties": {"highway": "footway", "footway": null, "name": null, "surface": "compacted", "lit": "yes", "length_m": 13.25, "type_element": "Way", "__fid": 53711}, "geometry": {"type": "LineString", "coordinates": [[2.3382613, 48.8922755], [2.3380905, 48.892314300000024]]}}, {"type": "Feature", "properties": {"highway": "footway", "footway": "crossing", "name": null, "surface": "sett", "lit": "yes", "length_m": 3.55, "type_element": "Way", "__fid": 53778}, "geometry": {"type": "LineString", "coordinates": [[2.3381993, 48.8888777], [2.3382324, 48.888901]]}}, {"type": "Feature", "properties": {"highway": "footway", "footway": "sidewalk", "name": null, "surface": "sett", "lit": "yes", "length_m": 118.41, "type_element": "Way", "__fid": 53779}, "geometry": {"type": "LineString", "coordinates": [[2.3381993, 48.8888777], [2.3384102, 48.8888053], [2.3385208, 48.8887864], [2.3385584, 48.8888058], [2.3389956, 48.8886669], [2.3391357, 48.8886325], [2.3395897, 48.8885523], [2.3396856, 48.888516500000016]]}}, {"type": "Feature", "properties": {"highway": "pedestrian", "footway": null, "name": "Rue Saint-Vincent", "surface": "sett", "lit": "yes", "length_m": 2.42, "type_element": "Way", "__fid": 53787}, "geometry": {"type": "LineString", "coordinates": [[2.3382324, 48.888901], [2.3382041, 48.8889122]]}}, {"type": "Feature", "properties": {"highway": "footway", "footway": "sidewalk", "name": null, "surface": "asphalt", "lit": "yes", "length_m": 24.73, "type_element": "Way", "__fid": 53812}, "geometry": {"type": "LineString", "coordinates": [[2.3382157, 48.8896779], [2.3385522, 48.8896931]]}}, {"type": "Feature", "properties": {"highway": "footway", "footway": "crossing", "name": null, "surface": "asphalt", "lit": "yes", "length_m": 15.27, "type_element": "Way", "__fid": 53813}, "geometry": {"type": "LineString", "coordinates": [[2.3382157, 48.8896779], [2.3382264, 48.8895408]]}}, {"type": "Feature", "properties": {"highway": "footway", "footway": null, "name": null, "surface": "compacted", "lit": "yes", "length_m": 2.1, "type_element": "Way", "__fid": 53814}, "geometry": {"type": "LineString", "coordinates": [[2.3381943, 48.8921488], [2.3381849, 48.892131]]}}, {"type": "Feature", "properties": {"highway": "footway", "footway": null, "name": null, "surface": "compacted", "lit": "yes", "length_m": 13.45, "type_element": "Way", "__fid": 53815}, "geometry": {"type": "LineString", "coordinates": [[2.3381849, 48.892131], [2.3383571, 48.89208940000001]]}}, {"type": "Feature", "properties": {"highway": "footway", "footway": "crossing", "name": null, "surface": "sett", "lit": "yes", "length_m": 4.39, "type_element": "Way", "__fid": 53824}, "geometry": {"type": "LineString", "coordinates": [[2.3382324, 48.888901], [2.3382767, 48.8889275]]}}, {"type": "Feature", "properties": {"highway": "pedestrian", "footway": null, "name": "Rue Saint-Vincent", "surface": "sett", "lit": "yes", "length_m": 115.8, "type_element": "Way", "__fid": 53825}, "geometry": {"type": "LineString", "coordinates": [[2.3397189, 48.8885637], [2.3390993, 48.8886648], [2.3385802, 48.8888236], [2.3383088, 48.8888741], [2.3382324, 48.888901]]}}, {"type": "Feature", "properties": {"highway": "footway", "footway": "sidewalk", "name": null, "surface": "asphalt", "lit": "yes", "length_m": 13.71, "type_element": "Way", "__fid": 53829}, "geometry": {"type": "LineString", "coordinates": [[2.3382264, 48.8895408], [2.3382761, 48.8895372], [2.3383136, 48.889519600000014], [2.3383398, 48.88949139999998], [2.3383465, 48.8894649]]}}, {"type": "Feature", "properties": {"highway": "footway", "footway": null, "name": null, "surface": "compacted", "lit": "yes", "length_m": 11.21, "type_element": "Way", "__fid": 53830}, "geometry": {"type": "LineString", "coordinates": [[2.3382446, 48.892244], [2.3381943, 48.8921488]]}}, {"type": "Feature", "properties": {"highway": "footway", "footway": null, "name": null, "surface": "compacted", "lit": "yes", "length_m": 13.35, "type_element": "Way", "__fid": 53831}, "geometry": {"type": "LineString", "coordinates": [[2.3383673, 48.8921113], [2.3381943, 48.8921488]]}}, {"type": "Feature", "properties": {"highway": "footway", "footway": "sidewalk", "name": null, "surface": "asphalt", "lit": "yes", "length_m": 68.63, "type_element": "Way", "__fid": 53855}, "geometry": {"type": "LineString", "coordinates": [[2.3382767, 48.8889275], [2.338258, 48.8889415], [2.3382452, 48.8889685], [2.3382474, 48.88898970000001], [2.3383056, 48.8891104], [2.3383297, 48.8891369], [2.3384786, 48.8894521], [2.3385101, 48.8894618], [2.3385657, 48.8894504]]}}, {"type": "Feature", "properties": {"highway": "footway", "footway": "sidewalk", "name": null, "surface": "sett", "lit": "yes", "length_m": 25.38, "type_element": "Way", "__fid": 53856}, "geometry": {"type": "LineString", "coordinates": [[2.3386007, 48.88884810000001], [2.338437, 48.8888948], [2.3382767, 48.8889275]]}}, {"type": "Feature", "properties": {"highway": "footway", "footway": null, "name": null, "surface": "compacted", "lit": "yes", "length_m": 3.71, "type_element": "Way", "__fid": 53866}, "geometry": {"type": "LineString", "coordinates": [[2.3382613, 48.8922755], [2.3382446, 48.892244]]}}, {"type": "Feature", "properties": {"highway": "footway", "footway": null, "name": null, "surface": "compacted", "lit": "yes", "length_m": 13.67, "type_element": "Way", "__fid": 53867}, "geometry": {"type": "LineString", "coordinates": [[2.3382446, 48.892244], [2.3384023, 48.8921785]]}}, {"type": "Feature", "properties": {"highway": "footway", "footway": null, "name": null, "surface": "compacted", "lit": "yes", "length_m": 8.35, "type_element": "Way", "__fid": 53884}, "geometry": {"type": "LineString", "coordinates": [[2.3382988, 48.8923464], [2.3382613, 48.8922755]]}}, {"type": "Feature", "properties": {"highway": "footway", "footway": null, "name": null, "surface": "compacted", "lit": "yes", "length_m": 13.78, "type_element": "Way", "__fid": 53885}, "geometry": {"type": "LineString", "coordinates": [[2.338439, 48.8922351], [2.3382613, 48.8922755]]}}, {"type": "Feature", "properties": {"highway": "footway", "footway": "sidewalk", "name": null, "surface": "asphalt", "lit": "yes", "length_m": 2.38, "type_element": "Way", "__fid": 53886}, "geometry": {"type": "LineString", "coordinates": [[2.3382801, 48.89329530000001], [2.3382486, 48.89329]]}}, {"type": "Feature", "properties": {"highway": "footway", "footway": "crossing", "name": null, "surface": "asphalt", "lit": "yes", "length_m": 21.92, "type_element": "Way", "__fid": 53906}, "geometry": {"type": "LineString", "coordinates": [[2.3382801, 48.89329530000001], [2.3383735, 48.8933512], [2.3385262, 48.8934046]]}}, {"type": "Feature", "properties": {"highway": "footway", "footway": "sidewalk", "name": null, "surface": "asphalt", "lit": "yes", "length_m": 135.83, "type_element": "Way", "__fid": 53907}, "geometry": {"type": "LineString", "coordinates": [[2.3400933, 48.8930449], [2.3382801, 48.89329530000001]]}}, {"type": "Feature", "properties": {"highway": "footway", "footway": null, "name": null, "surface": "compacted", "lit": "yes", "length_m": 14.02, "type_element": "Way", "__fid": 53914}, "geometry": {"type": "LineString", "coordinates": [[2.3382988, 48.8923464], [2.3384793, 48.8923047]]}}, {"type": "Feature", "properties": {"highway": "footway", "footway": "crossing", "name": null, "surface": "asphalt", "lit": "yes", "length_m": 9.5, "type_element": "Way", "__fid": 53927}, "geometry": {"type": "LineString", "coordinates": [[2.3383465, 48.8894649], [2.338376, 48.8894685], [2.338473200000108, 48.889454166666724]]}}, {"type": "Feature", "properties": {"highway": "footway", "footway": null, "name": null, "surface": "compacted", "lit": "yes", "length_m": 2.85, "type_element": "Way", "__fid": 53978}, "geometry": {"type": "LineString", "coordinates": [[2.3383571, 48.89208940000001], [2.3383652, 48.89208760000001], [2.3383549, 48.8920688]]}}, {"type": "Feature", "properties": {"highway": "footway", "footway": null, "name": null, "surface": "compacted", "lit": "yes", "length_m": 10.68, "type_element": "Way", "__fid": 53979}, "geometry": {"type": "LineString", "coordinates": [[2.3383549, 48.8920688], [2.3384911, 48.8920348]]}}, {"type": "Feature", "properties": {"highway": "footway", "footway": null, "name": null, "surface": "compacted", "lit": "yes", "length_m": 2.55, "type_element": "Way", "__fid": 53981}, "geometry": {"type": "LineString", "coordinates": [[2.3383673, 48.8921113], [2.3383571, 48.89208940000001]]}}, {"type": "Feature", "properties": {"highway": "footway", "footway": "sidewalk", "name": null, "surface": "asphalt", "lit": "yes", "length_m": 43.66, "type_element": "Way", "__fid": 53997}, "geometry": {"type": "LineString", "coordinates": [[2.3383451, 48.8934483], [2.3388071, 48.893696]]}}, {"type": "Feature", "properties": {"highway": "footway", "footway": "crossing", "name": null, "surface": "asphalt", "lit": "yes", "length_m": 13.05, "type_element": "Way", "__fid": 53998}, "geometry": {"type": "LineString", "coordinates": [[2.3383451, 48.8934483], [2.3384719, 48.8934245], [2.3385181, 48.893424]]}}, {"type": "Feature", "properties": {"highway": "footway", "footway": null, "name": null, "surface": "compacted", "lit": "yes", "length_m": 7.9, "type_element": "Way", "__fid": 54004}, "geometry": {"type": "LineString", "coordinates": [[2.3384023, 48.8921785], [2.3383673, 48.8921113]]}}, {"type": "Feature", "properties": {"highway": "footway", "footway": null, "name": null, "surface": "compacted", "lit": "yes", "length_m": 1.2, "type_element": "Way", "__fid": 54005}, "geometry": {"type": "LineString", "coordinates": [[2.3383826, 48.8921075], [2.3383673, 48.8921113]]}}, {"type": "Feature", "properties": {"highway": "footway", "footway": null, "name": null, "surface": "compacted", "lit": "yes", "length_m": 8.28, "type_element": "Way", "__fid": 54012}, "geometry": {"type": "LineString", "coordinates": [[2.3383826, 48.8921075], [2.3384785, 48.892146899999986]]}}, {"type": "Feature", "properties": {"highway": "footway", "footway": null, "name": null, "surface": "compacted", "lit": "yes", "length_m": 13.13, "type_element": "Way", "__fid": 54013}, "geometry": {"type": "LineString", "coordinates": [[2.338499, 48.8921384], [2.3384735, 48.8920865], [2.3383826, 48.8921075]]}}, {"type": "Feature", "properties": {"highway": "footway", "footway": null, "name": null, "surface": "compacted", "lit": "yes", "length_m": 6.6, "type_element": "Way", "__fid": 54041}, "geometry": {"type": "LineString", "coordinates": [[2.3384023, 48.8921785], [2.3384785, 48.892146899999986]]}}, {"type": "Feature", "properties": {"highway": "footway", "footway": null, "name": null, "surface": "compacted", "lit": "yes", "length_m": 8.28, "type_element": "Way", "__fid": 54096}, "geometry": {"type": "LineString", "coordinates": [[2.3384793, 48.8923047], [2.338439, 48.8922351]]}}, {"type": "Feature", "properties": {"highway": "footway", "footway": null, "name": null, "surface": "compacted", "lit": "yes", "length_m": 7.53, "type_element": "Way", "__fid": 54097}, "geometry": {"type": "LineString", "coordinates": [[2.3385361, 48.8922131], [2.338439, 48.8922351]]}}, {"type": "Feature", "properties": {"highway": "steps", "footway": null, "name": "Rue Pierre Dac", "surface": "asphalt", "lit": "yes", "length_m": 9.9, "type_element": "Way", "__fid": 54112}, "geometry": {"type": "LineString", "coordinates": [[2.3385522, 48.8896931], [2.3384882, 48.8896147]]}}, {"type": "Feature", "properties": {"highway": "footway", "footway": null, "name": null, "surface": "compacted", "lit": "yes", "length_m": 1.78, "type_element": "Way", "__fid": 54131}, "geometry": {"type": "LineString", "coordinates": [[2.3384785, 48.892146899999986], [2.338499, 48.8921384]]}}, {"type": "Feature", "properties": {"highway": "footway", "footway": null, "name": null, "surface": "compacted", "lit": "yes", "length_m": 15.43, "type_element": "Way", "__fid": 54138}, "geometry": {"type": "LineString", "coordinates": [[2.3384793, 48.8923047], [2.3385719, 48.89228330000001], [2.3385361, 48.8922131]]}}, {"type": "Feature", "properties": {"highway": "footway", "footway": null, "name": null, "surface": "compacted", "lit": "yes", "length_m": 10.92, "type_element": "Way", "__fid": 54153}, "geometry": {"type": "LineString", "coordinates": [[2.3384911, 48.8920348], [2.3385379, 48.892128]]}}, {"type": "Feature", "properties": {"highway": "footway", "footway": null, "name": null, "surface": "compacted", "lit": "yes", "length_m": 59.66, "type_element": "Way", "__fid": 54154}, "geometry": {"type": "LineString", "coordinates": [[2.3384911, 48.8920348], [2.3385189, 48.8920117], [2.3388076, 48.89194160000001], [2.3387941, 48.89189739999998], [2.3388022, 48.891871], [2.3388411, 48.8918436], [2.3391227, 48.89178540000001]]}}, {"type": "Feature", "properties": {"highway": "footway", "footway": null, "name": null, "surface": "compacted", "lit": "yes", "length_m": 8.74, "type_element": "Way", "__fid": 54164}, "geometry": {"type": "LineString", "coordinates": [[2.3385361, 48.8922131], [2.338499, 48.8921384]]}}, {"type": "Feature", "properties": {"highway": "footway", "footway": null, "name": null, "surface": "compacted", "lit": "yes", "length_m": 3.08, "type_element": "Way", "__fid": 54165}, "geometry": {"type": "LineString", "coordinates": [[2.338499, 48.8921384], [2.3385379, 48.892128]]}}, {"type": "Feature", "properties": {"highway": "footway", "footway": null, "name": null, "surface": "asphalt", "lit": "yes", "length_m": 4.47, "type_element": "Way", "__fid": 54175}, "geometry": {"type": "LineString", "coordinates": [[2.338565535384084, 48.889692972479175], [2.3385392, 48.8896567]]}}, {"type": "Feature", "properties": {"highway": "steps", "footway": null, "name": "Rue Pierre Dac", "surface": "asphalt", "lit": "yes", "length_m": 11.53, "type_element": "Way", "__fid": 54184}, "geometry": {"type": "LineString", "coordinates": [[2.3386267, 48.8897844], [2.3385522, 48.8896931]]}}, {"type": "Feature", "properties": {"highway": "footway", "footway": "sidewalk", "name": null, "surface": "asphalt", "lit": "yes", "length_m": 0.98, "type_element": "Way", "__fid": 54185}, "geometry": {"type": "LineString", "coordinates": [[2.3385522, 48.8896931], [2.338565535384084, 48.889692972479175]]}}, {"type": "Feature", "properties": {"highway": "footway", "footway": "crossing", "name": null, "surface": "sett", "lit": "yes", "length_m": 10.82, "type_element": "Way", "__fid": 54196}, "geometry": {"type": "LineString", "coordinates": [[2.3385657, 48.8894504], [2.3386824, 48.8895099]]}}, {"type": "Feature", "properties": {"highway": "footway", "footway": "sidewalk", "name": null, "surface": "asphalt", "lit": "yes", "length_m": 31.47, "type_element": "Way", "__fid": 54197}, "geometry": {"type": "LineString", "coordinates": [[2.3389694, 48.8893798], [2.3388433, 48.8894063], [2.3388313, 48.8893966], [2.3385657, 48.8894504]]}}, {"type": "Feature", "properties": {"highway": "footway", "footway": "sidewalk", "name": null, "surface": "asphalt", "lit": "yes", "length_m": 36.98, "type_element": "Way", "__fid": 54202}, "geometry": {"type": "LineString", "coordinates": [[2.3385181, 48.893424], [2.3385275, 48.8934403], [2.3389097, 48.8936295]]}}, {"type": "Feature", "properties": {"highway": "footway", "footway": "sidewalk", "name": null, "surface": "asphalt", "lit": "yes", "length_m": 2.24, "type_element": "Way", "__fid": 54203}, "geometry": {"type": "LineString", "coordinates": [[2.3385262, 48.8934046], [2.3385181, 48.893424]]}}, {"type": "Feature", "properties": {"highway": "footway", "footway": null, "name": null, "surface": "asphalt", "lit": "yes", "length_m": 11.13, "type_element": "Way", "__fid": 54204}, "geometry": {"type": "LineString", "coordinates": [[2.338631087486824, 48.88978325901898], [2.338565535384084, 48.889692972479175]]}}, {"type": "Feature", "properties": {"highway": "footway", "footway": "sidewalk", "name": null, "surface": "asphalt", "lit": "yes", "length_m": 4.39, "type_element": "Way", "__fid": 54205}, "geometry": {"type": "LineString", "coordinates": [[2.338565535384084, 48.889692972479175], [2.3386254, 48.8896924]]}}, {"type": "Feature", "properties": {"highway": "footway", "footway": null, "name": null, "surface": "compacted", "lit": "yes", "length_m": 3.2, "type_element": "Way", "__fid": 54207}, "geometry": {"type": "LineString", "coordinates": [[2.3385774, 48.8922037], [2.3385361, 48.8922131]]}}, {"type": "Feature", "properties": {"highway": "footway", "footway": "sidewalk", "name": null, "surface": "asphalt", "lit": "yes", "length_m": 184.37, "type_element": "Way", "__fid": 54209}, "geometry": {"type": "LineString", "coordinates": [[2.3384953, 48.8954356], [2.3382023, 48.8945368], [2.3382077, 48.8945134], [2.338669, 48.8939085], [2.3386724, 48.8938962], [2.338654266666779, 48.893873700000036]]}}, {"type": "Feature", "properties": {"highway": "footway", "footway": null, "name": null, "surface": "compacted", "lit": "yes", "length_m": 4.75, "type_element": "Way", "__fid": 54210}, "geometry": {"type": "LineString", "coordinates": [[2.3385379, 48.892128], [2.3385589, 48.89216839999999]]}}, {"type": "Feature", "properties": {"highway": "footway", "footway": "sidewalk", "name": null, "surface": "asphalt", "lit": "yes", "length_m": 121.2, "type_element": "Way", "__fid": 54216}, "geometry": {"type": "LineString", "coordinates": [[2.3401382, 48.893167], [2.3396983, 48.893238], [2.3385483, 48.8933967], [2.3385262, 48.8934046]]}}, {"type": "Feature", "properties": {"highway": "footway", "footway": null, "name": null, "surface": "compacted", "lit": "yes", "length_m": 4.15, "type_element": "Way", "__fid": 54240}, "geometry": {"type": "LineString", "coordinates": [[2.3385589, 48.89216839999999], [2.3385774, 48.8922037]]}}, {"type": "Feature", "properties": {"highway": "footway", "footway": null, "name": null, "surface": "compacted", "lit": "yes", "length_m": 34.14, "type_element": "Way", "__fid": 54241}, "geometry": {"type": "LineString", "coordinates": [[2.3385589, 48.89216839999999], [2.3388358, 48.8921151], [2.3388686, 48.892183], [2.3388767, 48.8922282]]}}, {"type": "Feature", "properties": {"highway": "footway", "footway": null, "name": null, "surface": "compacted", "lit": "yes", "length_m": 15.09, "type_element": "Way", "__fid": 54257}, "geometry": {"type": "LineString", "coordinates": [[2.3385774, 48.8922037], [2.3386114, 48.8922664], [2.3386464, 48.8922855], [2.3387034, 48.892296500000015]]}}, {"type": "Feature", "properties": {"highway": "footway", "footway": "crossing", "name": null, "surface": "asphalt", "lit": "yes", "length_m": 18.67, "type_element": "Way", "__fid": 54285}, "geometry": {"type": "LineString", "coordinates": [[2.3386254, 48.8896924], [2.338665, 48.8895509], [2.3386918, 48.8895346]]}}, {"type": "Feature", "properties": {"highway": "footway", "footway": "sidewalk", "name": null, "surface": "asphalt", "lit": "yes", "length_m": 71.92, "type_element": "Way", "__fid": 54286}, "geometry": {"type": "LineString", "coordinates": [[2.3386254, 48.8896924], [2.3393738, 48.8897167], [2.3395266, 48.88972859999998], [2.3396011, 48.8897431]]}}, {"type": "Feature", "properties": {"highway": "steps", "footway": null, "name": "Rue Pierre Dac", "surface": "asphalt", "lit": "yes", "length_m": 17.07, "type_element": "Way", "__fid": 54288}, "geometry": {"type": "LineString", "coordinates": [[2.3386267, 48.8897844], [2.3385889, 48.88979409999998], [2.3386734, 48.889908]]}}, {"type": "Feature", "properties": {"highway": "footway", "footway": null, "name": "Rue Pierre Dac", "surface": "asphalt", "lit": "yes", "length_m": 0.35, "type_element": "Way", "__fid": 54289}, "geometry": {"type": "LineString", "coordinates": [[2.338631087486824, 48.88978325901898], [2.3386267, 48.8897844]]}}, {"type": "Feature", "properties": {"highway": "footway", "footway": "sidewalk", "name": null, "surface": "asphalt", "lit": "yes", "length_m": 14.82, "type_element": "Way", "__fid": 54295}, "geometry": {"type": "LineString", "coordinates": [[2.3387195, 48.8899031], [2.338631087486824, 48.88978325901898]]}}, {"type": "Feature", "properties": {"highway": "steps", "footway": null, "name": "Rue Pierre Dac", "surface": "asphalt", "lit": "yes", "length_m": 17.93, "type_element": "Way", "__fid": 54296}, "geometry": {"type": "LineString", "coordinates": [[2.3387608, 48.889897], [2.338664, 48.8897747], [2.338631087486824, 48.88978325901898]]}}, {"type": "Feature", "properties": {"highway": "footway", "footway": null, "name": "Rue Pierre Dac", "surface": "asphalt", "lit": "yes", "length_m": 5.26, "type_element": "Way", "__fid": 54347}, "geometry": {"type": "LineString", "coordinates": [[2.3386734, 48.889908], [2.3387096, 48.8899488]]}}, {"type": "Feature", "properties": {"highway": "footway", "footway": "sidewalk", "name": null, "surface": "asphalt", "lit": "yes", "length_m": 3.42, "type_element": "Way", "__fid": 54348}, "geometry": {"type": "LineString", "coordinates": [[2.3386734, 48.889908], [2.3387195, 48.8899031]]}}, {"type": "Feature", "properties": {"highway": "footway", "footway": "sidewalk", "name": null, "surface": "asphalt", "lit": "yes", "length_m": 2.83, "type_element": "Way", "__fid": 54352}, "geometry": {"type": "LineString", "coordinates": [[2.3386918, 48.8895346], [2.3386824, 48.8895099]]}}, {"type": "Feature", "properties": {"highway": "footway", "footway": "sidewalk", "name": null, "surface": "asphalt", "lit": "yes", "length_m": 23.03, "type_element": "Way", "__fid": 54353}, "geometry": {"type": "LineString", "coordinates": [[2.3386824, 48.8895099], [2.338728, 48.8894799], [2.338964, 48.8894261]]}}, {"type": "Feature", "properties": {"highway": "footway", "footway": "sidewalk", "name": null, "surface": "asphalt", "lit": "yes", "length_m": 72.83, "type_element": "Way", "__fid": 54365}, "geometry": {"type": "LineString", "coordinates": [[2.3396782, 48.8895994], [2.3393691, 48.8895743], [2.3388755, 48.889560199999984], [2.3386918, 48.8895346]]}}, {"type": "Feature", "properties": {"highway": "footway", "footway": "sidewalk", "name": null, "surface": "asphalt", "lit": "yes", "length_m": 292.04, "type_element": "Way", "__fid": 54368}, "geometry": {"type": "LineString", "coordinates": [[2.3386174, 48.8954581], [2.3385932, 48.8953607], [2.3383243, 48.89456360000001], [2.3384645, 48.894371], [2.3391484, 48.89428630000001], [2.3391438, 48.8942467], [2.3391317, 48.89424179999999], [2.3385738, 48.8943091], [2.3385453, 48.8943079], [2.3385319, 48.8942974], [2.3385319, 48.89428], [2.3388997, 48.8937899], [2.3389184, 48.893775800000014]]}}, {"type": "Feature", "properties": {"highway": "footway", "footway": "crossing", "name": null, "surface": "asphalt", "lit": "yes", "length_m": 5.45, "type_element": "Way", "__fid": 54380}, "geometry": {"type": "LineString", "coordinates": [[2.338677233333354, 48.893827133333346], [2.338654266666779, 48.893873700000036]]}}, {"type": "Feature", "properties": {"highway": "footway", "footway": "crossing", "name": "Rue de la Fontaine du But", "surface": "asphalt", "lit": "yes", "length_m": 10.1, "type_element": "Way", "__fid": 54399}, "geometry": {"type": "LineString", "coordinates": [[2.3387823, 48.88998389999998], [2.3387195, 48.8899031]]}}, {"type": "Feature", "properties": {"highway": "footway", "footway": "sidewalk", "name": null, "surface": "asphalt", "lit": "yes", "length_m": 3.1, "type_element": "Way", "__fid": 54400}, "geometry": {"type": "LineString", "coordinates": [[2.3387195, 48.8899031], [2.3387608, 48.889897]]}}, {"type": "Feature", "properties": {"highway": "footway", "footway": "sidewalk", "name": null, "surface": "asphalt", "lit": "yes", "length_m": 16.72, "type_element": "Way", "__fid": 54408}, "geometry": {"type": "LineString", "coordinates": [[2.3388091, 48.893715], [2.3387535, 48.8938014], [2.338677233333354, 48.893827133333346]]}}, {"type": "Feature", "properties": {"highway": "footway", "footway": null, "name": null, "surface": "compacted", "lit": "yes", "length_m": 19.91, "type_element": "Way", "__fid": 54410}, "geometry": {"type": "LineString", "coordinates": [[2.3387034, 48.892296500000015], [2.3387013, 48.8923226], [2.3387347, 48.8923717], [2.3387984, 48.8923979], [2.3388736, 48.892397600000024]]}}, {"type": "Feature", "properties": {"highway": "footway", "footway": null, "name": null, "surface": "compacted", "lit": "yes", "length_m": 16.7, "type_element": "Way", "__fid": 54411}, "geometry": {"type": "LineString", "coordinates": [[2.3388767, 48.8922282], [2.3388325, 48.892224], [2.3387886, 48.8922294], [2.3387498, 48.892244], [2.3387204, 48.892266100000015], [2.3387034, 48.892296500000015]]}}, {"type": "Feature", "properties": {"highway": "footway", "footway": null, "name": null, "surface": "concrete", "lit": "yes", "length_m": 4.27, "type_element": "Way", "__fid": 54412}, "geometry": {"type": "LineString", "coordinates": [[2.3387507, 48.8927313], [2.3386984, 48.8927481]]}}, {"type": "Feature", "properties": {"highway": "footway", "footway": null, "name": "Rue Pierre Dac", "surface": "asphalt", "lit": "yes", "length_m": 5.15, "type_element": "Way", "__fid": 54442}, "geometry": {"type": "LineString", "coordinates": [[2.3387971, 48.889936699999986], [2.3387608, 48.889897]]}}, {"type": "Feature", "properties": {"highway": "footway", "footway": "sidewalk", "name": null, "surface": "asphalt", "lit": "yes", "length_m": 65.19, "type_element": "Way", "__fid": 54443}, "geometry": {"type": "LineString", "coordinates": [[2.3387608, 48.889897], [2.3395602, 48.8897894], [2.3396004, 48.8897797], [2.3396118, 48.8897612]]}}, {"type": "Feature", "properties": {"highway": "steps", "footway": null, "name": "Rue de la Fontaine du But", "surface": "sett", "lit": "yes", "length_m": 26.63, "type_element": "Way", "__fid": 54457}, "geometry": {"type": "LineString", "coordinates": [[2.3389483, 48.89019689999998], [2.3387823, 48.88998389999998]]}}, {"type": "Feature", "properties": {"highway": "footway", "footway": "sidewalk", "name": null, "surface": "asphalt", "lit": "yes", "length_m": 72.49, "type_element": "Way", "__fid": 54458}, "geometry": {"type": "LineString", "coordinates": [[2.3387823, 48.88998389999998], [2.3397501, 48.88985090000002]]}}, {"type": "Feature", "properties": {"highway": "footway", "footway": null, "name": null, "surface": "compacted", "lit": "yes", "length_m": 28.08, "type_element": "Way", "__fid": 54466}, "geometry": {"type": "LineString", "coordinates": [[2.3387507, 48.8927313], [2.3387844, 48.892711900000016], [2.3388038, 48.89273910000002], [2.3388654, 48.8927201], [2.3389047, 48.8927753], [2.3390269, 48.892742100000014]]}}, {"type": "Feature", "properties": {"highway": "footway", "footway": "sidewalk", "name": null, "surface": "asphalt", "lit": "yes", "length_m": 2.12, "type_element": "Way", "__fid": 54514}, "geometry": {"type": "LineString", "coordinates": [[2.3388071, 48.893696], [2.3388091, 48.893715]]}}, {"type": "Feature", "properties": {"highway": "footway", "footway": "crossing", "name": null, "surface": "asphalt", "lit": "yes", "length_m": 10.55, "type_element": "Way", "__fid": 54515}, "geometry": {"type": "LineString", "coordinates": [[2.3388071, 48.893696], [2.3389097, 48.8936295]]}}, {"type": "Feature", "properties": {"highway": "footway", "footway": "crossing", "name": null, "surface": "asphalt", "lit": "yes", "length_m": 10.48, "type_element": "Way", "__fid": 54519}, "geometry": {"type": "LineString", "coordinates": [[2.3388091, 48.893715], [2.3389184, 48.893775800000014]]}}, {"type": "Feature", "properties": {"highway": "footway", "footway": null, "name": null, "surface": "compacted", "lit": "yes", "length_m": 39.92, "type_element": "Way", "__fid": 54564}, "geometry": {"type": "LineString", "coordinates": [[2.3390269, 48.892742100000014], [2.3388736, 48.892397600000024]]}}, {"type": "Feature", "properties": {"highway": "footway", "footway": null, "name": null, "surface": "compacted", "lit": "yes", "length_m": 14.32, "type_element": "Way", "__fid": 54565}, "geometry": {"type": "LineString", "coordinates": [[2.3388736, 48.892397600000024], [2.3389389, 48.8923693], [2.3389693, 48.892322], [2.3389677, 48.8922961]]}}, {"type": "Feature", "properties": {"highway": "footway", "footway": null, "name": null, "surface": "compacted", "lit": "yes", "length_m": 10.45, "type_element": "Way", "__fid": 54568}, "geometry": {"type": "LineString", "coordinates": [[2.3389677, 48.8922961], [2.3389363, 48.8922539], [2.3388767, 48.8922282]]}}, {"type": "Feature", "properties": {"highway": "footway", "footway": "sidewalk", "name": null, "surface": "asphalt", "lit": "yes", "length_m": 6.5, "type_element": "Way", "__fid": 54605}, "geometry": {"type": "LineString", "coordinates": [[2.3390365, 48.890203], [2.3389483, 48.89019689999998]]}}, {"type": "Feature", "properties": {"highway": "steps", "footway": null, "name": "Rue de la Fontaine du But", "surface": "sett", "lit": "yes", "length_m": 7.34, "type_element": "Way", "__fid": 54606}, "geometry": {"type": "LineString", "coordinates": [[2.338994, 48.8902556], [2.3389483, 48.89019689999998]]}}, {"type": "Feature", "properties": {"highway": "footway", "footway": "sidewalk", "name": null, "surface": "asphalt", "lit": "yes", "length_m": 109.67, "type_element": "Way", "__fid": 54607}, "geometry": {"type": "LineString", "coordinates": [[2.3389483, 48.89019689999998], [2.3389305, 48.8902268], [2.3389399, 48.89026559999998], [2.3392537, 48.8906752], [2.3395229, 48.8910887], [2.33953143333348, 48.891086900000154]]}}, {"type": "Feature", "properties": {"highway": "footway", "footway": "sidewalk", "name": null, "surface": "asphalt", "lit": "yes", "length_m": 3.48, "type_element": "Way", "__fid": 54611}, "geometry": {"type": "LineString", "coordinates": [[2.3389097, 48.8936295], [2.3389567, 48.8936339]]}}, {"type": "Feature", "properties": {"highway": "footway", "footway": "sidewalk", "name": null, "surface": "asphalt", "lit": "yes", "length_m": 3.6, "type_element": "Way", "__fid": 54624}, "geometry": {"type": "LineString", "coordinates": [[2.3389184, 48.893775800000014], [2.3389674, 48.8937776]]}}, {"type": "Feature", "properties": {"highway": "pedestrian", "footway": null, "name": "Rue Montcalm", "surface": "asphalt", "lit": "yes", "length_m": 9.79, "type_element": "Way", "__fid": 54625}, "geometry": {"type": "LineString", "coordinates": [[2.3389215, 48.8936971], [2.3390259, 48.893752]]}}, {"type": "Feature", "properties": {"highway": "footway", "footway": null, "name": null, "surface": "concrete", "lit": "yes", "length_m": 6.16, "type_element": "Way", "__fid": 54640}, "geometry": {"type": "LineString", "coordinates": [[2.3390411, 48.8922691], [2.3389677, 48.8922961]]}}, {"type": "Feature", "properties": {"highway": "footway", "footway": "crossing", "name": null, "surface": "asphalt", "lit": "yes", "length_m": 13.88, "type_element": "Way", "__fid": 54648}, "geometry": {"type": "LineString", "coordinates": [[2.3389567, 48.8936339], [2.3391142, 48.89370310000001]]}}, {"type": "Feature", "properties": {"highway": "footway", "footway": "sidewalk", "name": null, "surface": "asphalt", "lit": "yes", "length_m": 96.31, "type_element": "Way", "__fid": 54649}, "geometry": {"type": "LineString", "coordinates": [[2.3389567, 48.8936339], [2.3401905, 48.8934073], [2.3402193, 48.8933971]]}}, {"type": "Feature", "properties": {"highway": "footway", "footway": "sidewalk", "name": null, "surface": "asphalt", "lit": "yes", "length_m": 150.26, "type_element": "Way", "__fid": 54652}, "geometry": {"type": "LineString", "coordinates": [[2.3389674, 48.8937776], [2.3393972, 48.8939941], [2.3395548, 48.8940637], [2.3399263, 48.8942542], [2.3399363, 48.8942758], [2.3405821, 48.89460239999999]]}}, {"type": "Feature", "properties": {"highway": "footway", "footway": "crossing", "name": null, "surface": "asphalt", "lit": "yes", "length_m": 5.15, "type_element": "Way", "__fid": 54653}, "geometry": {"type": "LineString", "coordinates": [[2.3389674, 48.8937776], [2.3390259, 48.893752]]}}, {"type": "Feature", "properties": {"highway": "footway", "footway": null, "name": null, "surface": "compacted", "lit": "yes", "length_m": 3.44, "type_element": "Way", "__fid": 54681}, "geometry": {"type": "LineString", "coordinates": [[2.3390178, 48.8916338], [2.3390628, 48.8916249]]}}, {"type": "Feature", "properties": {"highway": "footway", "footway": "crossing", "name": null, "surface": "asphalt", "lit": "yes", "length_m": 10.88, "type_element": "Way", "__fid": 54682}, "geometry": {"type": "LineString", "coordinates": [[2.3390365, 48.890203], [2.3391096, 48.8902881]]}}, {"type": "Feature", "properties": {"highway": "footway", "footway": "sidewalk", "name": null, "surface": "asphalt", "lit": "yes", "length_m": 89.16, "type_element": "Way", "__fid": 54683}, "geometry": {"type": "LineString", "coordinates": [[2.3402214, 48.8900238], [2.3401409, 48.8900407], [2.3390365, 48.890203]]}}, {"type": "Feature", "properties": {"highway": "footway", "footway": null, "name": null, "surface": "compacted", "lit": "yes", "length_m": 7.97, "type_element": "Way", "__fid": 54706}, "geometry": {"type": "LineString", "coordinates": [[2.3390628, 48.8916249], [2.3390369, 48.8915553]]}}, {"type": "Feature", "properties": {"highway": "footway", "footway": null, "name": null, "surface": "compacted", "lit": "yes", "length_m": 7.83, "type_element": "Way", "__fid": 54708}, "geometry": {"type": "LineString", "coordinates": [[2.3390594, 48.8928092], [2.3390269, 48.892742100000014]]}}, {"type": "Feature", "properties": {"highway": "footway", "footway": null, "name": null, "surface": "concrete", "lit": "yes", "length_m": 14.36, "type_element": "Way", "__fid": 54716}, "geometry": {"type": "LineString", "coordinates": [[2.3391707, 48.892213699999985], [2.3390274, 48.8922392], [2.3390411, 48.8922691]]}}, {"type": "Feature", "properties": {"highway": "footway", "footway": null, "name": null, "surface": "compacted", "lit": "yes", "length_m": 56.91, "type_element": "Way", "__fid": 54717}, "geometry": {"type": "LineString", "coordinates": [[2.3390411, 48.8922691], [2.3393105, 48.892221], [2.3392394, 48.8920535], [2.3391951, 48.8920649], [2.3391654, 48.8920546], [2.3391187, 48.8919591]]}}, {"type": "Feature", "properties": {"highway": "pedestrian", "footway": null, "name": "Rue Montcalm", "surface": "asphalt", "lit": "yes", "length_m": 142.38, "type_element": "Way", "__fid": 54721}, "geometry": {"type": "LineString", "coordinates": [[2.3390259, 48.893752], [2.3405642, 48.8945335]]}}, {"type": "Feature", "properties": {"highway": "footway", "footway": "crossing", "name": null, "surface": "asphalt", "lit": "yes", "length_m": 6.62, "type_element": "Way", "__fid": 54722}, "geometry": {"type": "LineString", "coordinates": [[2.3391075, 48.8937265], [2.3390259, 48.893752]]}}, {"type": "Feature", "properties": {"highway": "footway", "footway": null, "name": null, "surface": "compacted", "lit": "yes", "length_m": 18.38, "type_element": "Way", "__fid": 54735}, "geometry": {"type": "LineString", "coordinates": [[2.3391227, 48.89178540000001], [2.3390628, 48.8916249]]}}, {"type": "Feature", "properties": {"highway": "footway", "footway": null, "name": null, "surface": "compacted", "lit": "yes", "length_m": 6.26, "type_element": "Way", "__fid": 54745}, "geometry": {"type": "LineString", "coordinates": [[2.3390828, 48.8928633], [2.3390594, 48.8928092]]}}, {"type": "Feature", "properties": {"highway": "footway", "footway": "sidewalk", "name": null, "surface": "asphalt", "lit": "yes", "length_m": 2.95, "type_element": "Way", "__fid": 54746}, "geometry": {"type": "LineString", "coordinates": [[2.3390988, 48.8928037], [2.3390594, 48.8928092]]}}, {"type": "Feature", "properties": {"highway": "footway", "footway": "sidewalk", "name": null, "surface": "asphalt", "lit": "yes", "length_m": 94.78, "type_element": "Way", "__fid": 54768}, "geometry": {"type": "LineString", "coordinates": [[2.3396142, 48.89106740000001], [2.3396024, 48.8910222], [2.3393466, 48.8906258], [2.3391049, 48.8903084], [2.3391096, 48.8902881]]}}, {"type": "Feature", "properties": {"highway": "footway", "footway": "sidewalk", "name": null, "surface": "asphalt", "lit": "yes", "length_m": 84.65, "type_element": "Way", "__fid": 54769}, "geometry": {"type": "LineString", "coordinates": [[2.3391096, 48.8902881], [2.3402354, 48.8901197]]}}, {"type": "Feature", "properties": {"highway": "footway", "footway": "crossing", "name": null, "surface": "asphalt", "lit": "yes", "length_m": 10.05, "type_element": "Way", "__fid": 54788}, "geometry": {"type": "LineString", "coordinates": [[2.3390988, 48.8928037], [2.3391344, 48.892891]]}}, {"type": "Feature", "properties": {"highway": "footway", "footway": "sidewalk", "name": null, "surface": "asphalt", "lit": "yes", "length_m": 25.29, "type_element": "Way", "__fid": 54789}, "geometry": {"type": "LineString", "coordinates": [[2.3394321, 48.8927452], [2.3390988, 48.8928037]]}}, {"type": "Feature", "properties": {"highway": "footway", "footway": null, "name": null, "surface": "compacted", "lit": "yes", "length_m": 11.84, "type_element": "Way", "__fid": 54794}, "geometry": {"type": "LineString", "coordinates": [[2.3391187, 48.8919591], [2.3391884, 48.8919459], [2.3391652, 48.89188930000001]]}}, {"type": "Feature", "properties": {"highway": "footway", "footway": null, "name": null, "surface": "compacted", "lit": "yes", "length_m": 11.97, "type_element": "Way", "__fid": 54795}, "geometry": {"type": "LineString", "coordinates": [[2.3391652, 48.89188930000001], [2.3391227, 48.89178540000001]]}}, {"type": "Feature", "properties": {"highway": "footway", "footway": "sidewalk", "name": null, "surface": "asphalt", "lit": "yes", "length_m": 132.83, "type_element": "Way", "__fid": 54803}, "geometry": {"type": "LineString", "coordinates": [[2.3391075, 48.8937265], [2.3391216, 48.8937419], [2.3404869, 48.89444549999999], [2.3405137, 48.8944508], [2.3405365, 48.8944468]]}}, {"type": "Feature", "properties": {"highway": "footway", "footway": "sidewalk", "name": null, "surface": "asphalt", "lit": "yes", "length_m": 2.65, "type_element": "Way", "__fid": 54804}, "geometry": {"type": "LineString", "coordinates": [[2.3391142, 48.89370310000001], [2.3391075, 48.8937265]]}}, {"type": "Feature", "properties": {"highway": "footway", "footway": "sidewalk", "name": null, "surface": "asphalt", "lit": "yes", "length_m": 85.92, "type_element": "Way", "__fid": 54812}, "geometry": {"type": "LineString", "coordinates": [[2.3402401, 48.8934941], [2.3391417, 48.8936899], [2.3391142, 48.89370310000001]]}}, {"type": "Feature", "properties": {"highway": "footway", "footway": "sidewalk", "name": null, "surface": "asphalt", "lit": "yes", "length_m": 66.46, "type_element": "Way", "__fid": 54817}, "geometry": {"type": "LineString", "coordinates": [[2.3391344, 48.892891], [2.3399672, 48.8927425], [2.3400108, 48.8927411]]}}, {"type": "Feature", "properties": {"highway": "footway", "footway": null, "name": "Impasse des Cloys", "surface": "sett", "lit": "yes", "length_m": 56.04, "type_element": "Way", "__fid": 54898}, "geometry": {"type": "LineString", "coordinates": [[2.3392229, 48.8922605], [2.3394321, 48.8927452]]}}, {"type": "Feature", "properties": {"highway": "footway", "footway": "sidewalk", "name": null, "surface": "asphalt", "lit": "yes", "length_m": 7.97, "type_element": "Way", "__fid": 54925}, "geometry": {"type": "LineString", "coordinates": [[2.3393535, 48.8911721], [2.3393033, 48.8911419], [2.3392665, 48.8911304]]}}, {"type": "Feature", "properties": {"highway": "footway", "footway": "crossing", "name": null, "surface": "asphalt", "lit": "yes", "length_m": 9.7, "type_element": "Way", "__fid": 54926}, "geometry": {"type": "LineString", "coordinates": [[2.3392665, 48.8911304], [2.3393241, 48.891051900000015]]}}, {"type": "Feature", "properties": {"highway": "footway", "footway": "sidewalk", "name": null, "surface": "asphalt", "lit": "yes", "length_m": 12.61, "type_element": "Way", "__fid": 54965}, "geometry": {"type": "LineString", "coordinates": [[2.3394772, 48.8911036], [2.3393241, 48.891051900000015]]}}, {"type": "Feature", "properties": {"highway": "footway", "footway": "sidewalk", "name": null, "surface": "asphalt", "lit": "yes", "length_m": 5.99, "type_element": "Way", "__fid": 54996}, "geometry": {"type": "LineString", "coordinates": [[2.3393535, 48.8911721], [2.3394342, 48.8911805]]}}, {"type": "Feature", "properties": {"highway": "footway", "footway": "crossing", "name": null, "surface": "asphalt", "lit": "yes", "length_m": 9.02, "type_element": "Way", "__fid": 55095}, "geometry": {"type": "LineString", "coordinates": [[2.3394342, 48.8911805], [2.3394543, 48.891201500000015], [2.3394691, 48.8912569]]}}, {"type": "Feature", "properties": {"highway": "footway", "footway": "crossing", "name": null, "surface": "asphalt", "lit": "yes", "length_m": 9.22, "type_element": "Way", "__fid": 55096}, "geometry": {"type": "LineString", "coordinates": [[2.3394342, 48.8911805], [2.3394388, 48.8911559], [2.3394772, 48.8911036]]}}, {"type": "Feature", "properties": {"highway": "footway", "footway": "sidewalk", "name": null, "surface": "asphalt", "lit": "yes", "length_m": 41.46, "type_element": "Way", "__fid": 55125}, "geometry": {"type": "LineString", "coordinates": [[2.3399793, 48.8926512], [2.3394321, 48.8927452]]}}, {"type": "Feature", "properties": {"highway": "service", "footway": null, "name": "Impasse de la Grosse-Bouteille", "surface": "paving_stones", "lit": "yes", "length_m": 112.27, "type_element": "Way", "__fid": 55134}, "geometry": {"type": "LineString", "coordinates": [[2.3394216, 48.8944626], [2.3398663, 48.8954287]]}}, {"type": "Feature", "properties": {"highway": "footway", "footway": "sidewalk", "name": null, "surface": "asphalt", "lit": "yes", "length_m": 11.66, "type_element": "Way", "__fid": 55144}, "geometry": {"type": "LineString", "coordinates": [[2.3394691, 48.8912569], [2.3395789, 48.8912476], [2.3395895, 48.8912787]]}}, {"type": "Feature", "properties": {"highway": "footway", "footway": "sidewalk", "name": null, "surface": "asphalt", "lit": "yes", "length_m": 4.39, "type_element": "Way", "__fid": 55152}, "geometry": {"type": "LineString", "coordinates": [[2.33953143333348, 48.891086900000154], [2.3394772, 48.8911036]]}}, {"type": "Feature", "properties": {"highway": "footway", "footway": "crossing", "name": null, "surface": "asphalt", "lit": "yes", "length_m": 6.44, "type_element": "Way", "__fid": 55198}, "geometry": {"type": "LineString", "coordinates": [[2.33953143333348, 48.891086900000154], [2.3396142, 48.89106740000001]]}}, {"type": "Feature", "properties": {"highway": "footway", "footway": "sidewalk", "name": null, "surface": "asphalt", "lit": "yes", "length_m": 2.16, "type_element": "Way", "__fid": 55249}, "geometry": {"type": "LineString", "coordinates": [[2.3396011, 48.8897431], [2.3396118, 48.8897612]]}}, {"type": "Feature", "properties": {"highway": "footway", "footway": "crossing", "name": null, "surface": "asphalt", "lit": "yes", "length_m": 17.42, "type_element": "Way", "__fid": 55250}, "geometry": {"type": "LineString", "coordinates": [[2.3396011, 48.8897431], [2.339648, 48.8897057], [2.3396782, 48.8895994]]}}, {"type": "Feature", "properties": {"highway": "footway", "footway": "sidewalk", "name": null, "surface": "asphalt", "lit": "yes", "length_m": 19.21, "type_element": "Way", "__fid": 55255}, "geometry": {"type": "LineString", "coordinates": [[2.3395895, 48.8912787], [2.3396413, 48.891448]]}}, {"type": "Feature", "properties": {"highway": "footway", "footway": "crossing", "name": null, "surface": "asphalt", "lit": "yes", "length_m": 14.31, "type_element": "Way", "__fid": 55256}, "geometry": {"type": "LineString", "coordinates": [[2.3395895, 48.8912787], [2.339781800000085, 48.89125670000016]]}}, {"type": "Feature", "properties": {"highway": "footway", "footway": "crossing", "name": null, "surface": "asphalt", "lit": "yes", "length_m": 15.37, "type_element": "Way", "__fid": 55260}, "geometry": {"type": "LineString", "coordinates": [[2.3396118, 48.8897612], [2.3397023, 48.8897445], [2.3398177, 48.8897486]]}}, {"type": "Feature", "properties": {"highway": "footway", "footway": "sidewalk", "name": null, "surface": "asphalt", "lit": "yes", "length_m": 18.73, "type_element": "Way", "__fid": 55286}, "geometry": {"type": "LineString", "coordinates": [[2.3398035, 48.8910777], [2.3396912, 48.8911216], [2.3396413, 48.8911121], [2.3396142, 48.89106740000001]]}}, {"type": "Feature", "properties": {"highway": "footway", "footway": "sidewalk", "name": null, "surface": "asphalt", "lit": "yes", "length_m": 134.79, "type_element": "Way", "__fid": 55315}, "geometry": {"type": "LineString", "coordinates": [[2.3396413, 48.891448], [2.3400047, 48.8926362]]}}, {"type": "Feature", "properties": {"highway": "footway", "footway": "crossing", "name": null, "surface": "asphalt", "lit": "yes", "length_m": 9.25, "type_element": "Way", "__fid": 55316}, "geometry": {"type": "LineString", "coordinates": [[2.3396413, 48.891448], [2.3397667, 48.8914392]]}}, {"type": "Feature", "properties": {"highway": "footway", "footway": "sidewalk", "name": null, "surface": "asphalt", "lit": "yes", "length_m": 30.75, "type_element": "Way", "__fid": 55331}, "geometry": {"type": "LineString", "coordinates": [[2.3400959, 48.8895981], [2.3399612, 48.88961], [2.3396782, 48.8895994]]}}, {"type": "Feature", "properties": {"highway": "footway", "footway": "sidewalk", "name": null, "surface": "asphalt", "lit": "yes", "length_m": 12.41, "type_element": "Way", "__fid": 55399}, "geometry": {"type": "LineString", "coordinates": [[2.3397501, 48.88985090000002], [2.3398177, 48.8897486]]}}, {"type": "Feature", "properties": {"highway": "footway", "footway": "sidewalk", "name": null, "surface": "asphalt", "lit": "yes", "length_m": 34.21, "type_element": "Way", "__fid": 55400}, "geometry": {"type": "LineString", "coordinates": [[2.3397501, 48.88985090000002], [2.3401509, 48.889798700000014], [2.3402089, 48.8897978]]}}, {"type": "Feature", "properties": {"highway": "footway", "footway": "sidewalk", "name": null, "surface": "asphalt", "lit": "yes", "length_m": 133.28, "type_element": "Way", "__fid": 55443}, "geometry": {"type": "LineString", "coordinates": [[2.3401389, 48.8926124], [2.3397667, 48.8914392]]}}, {"type": "Feature", "properties": {"highway": "footway", "footway": "sidewalk", "name": null, "surface": "asphalt", "lit": "yes", "length_m": 8.57, "type_element": "Way", "__fid": 55444}, "geometry": {"type": "LineString", "coordinates": [[2.3397667, 48.8914392], [2.3397714, 48.8914211], [2.3397996, 48.89140479999999], [2.3398257, 48.8914022], [2.3398425, 48.89141450000001]]}}, {"type": "Feature", "properties": {"highway": "footway", "footway": "sidewalk", "name": null, "surface": "asphalt", "lit": "yes", "length_m": 15.95, "type_element": "Way", "__fid": 55467}, "geometry": {"type": "LineString", "coordinates": [[2.339781800000085, 48.89125670000016], [2.339938, 48.8913565]]}}, {"type": "Feature", "properties": {"highway": "footway", "footway": "sidewalk", "name": null, "surface": "asphalt", "lit": "yes", "length_m": 7.31, "type_element": "Way", "__fid": 55468}, "geometry": {"type": "LineString", "coordinates": [[2.3398753, 48.891234], [2.339781800000085, 48.89125670000016]]}}, {"type": "Feature", "properties": {"highway": "footway", "footway": "sidewalk", "name": null, "surface": "asphalt", "lit": "yes", "length_m": 30.23, "type_element": "Way", "__fid": 55470}, "geometry": {"type": "LineString", "coordinates": [[2.3398177, 48.8897486], [2.3398334, 48.88972970000002], [2.3398521, 48.88972830000003], [2.3399213, 48.8897378], [2.3402107, 48.8897505]]}}, {"type": "Feature", "properties": {"highway": "footway", "footway": "crossing", "name": null, "surface": "asphalt", "lit": "yes", "length_m": 9.41, "type_element": "Way", "__fid": 55475}, "geometry": {"type": "LineString", "coordinates": [[2.3398035, 48.8910777], [2.3398772, 48.891147]]}}, {"type": "Feature", "properties": {"highway": "footway", "footway": "sidewalk", "name": null, "surface": "asphalt", "lit": "yes", "length_m": 54.84, "type_element": "Way", "__fid": 55476}, "geometry": {"type": "LineString", "coordinates": [[2.3404372, 48.8908158], [2.3398035, 48.8910777]]}}, {"type": "Feature", "properties": {"highway": "pedestrian", "footway": null, "name": "Rue des Saules", "surface": "sett", "lit": "yes", "length_m": 44.66, "type_element": "Way", "__fid": 55500}, "geometry": {"type": "LineString", "coordinates": [[2.3398568, 48.8886393], [2.3399802, 48.8890326]]}}, {"type": "Feature", "properties": {"highway": "footway", "footway": "sidewalk", "name": null, "surface": "asphalt", "lit": "yes", "length_m": 157.38, "type_element": "Way", "__fid": 55510}, "geometry": {"type": "LineString", "coordinates": [[2.3398425, 48.89141450000001], [2.341258, 48.8924162], [2.3412768, 48.8924312], [2.3412882, 48.8924568]]}}, {"type": "Feature", "properties": {"highway": "footway", "footway": "crossing", "name": null, "surface": "asphalt", "lit": "yes", "length_m": 9.52, "type_element": "Way", "__fid": 55511}, "geometry": {"type": "LineString", "coordinates": [[2.3398425, 48.89141450000001], [2.339938, 48.8913565]]}}, {"type": "Feature", "properties": {"highway": "footway", "footway": "sidewalk", "name": null, "surface": "sett", "lit": "yes", "length_m": 48.95, "type_element": "Way", "__fid": 55527}, "geometry": {"type": "LineString", "coordinates": [[2.3400316, 48.8890055], [2.3398907, 48.8885752]]}}, {"type": "Feature", "properties": {"highway": "footway", "footway": "sidewalk", "name": null, "surface": "asphalt", "lit": "yes", "length_m": 50.36, "type_element": "Way", "__fid": 55545}, "geometry": {"type": "LineString", "coordinates": [[2.3405533, 48.8913065], [2.3398753, 48.891234]]}}, {"type": "Feature", "properties": {"highway": "footway", "footway": "crossing", "name": null, "surface": "asphalt", "lit": "yes", "length_m": 10.87, "type_element": "Way", "__fid": 55546}, "geometry": {"type": "LineString", "coordinates": [[2.3398772, 48.891147], [2.3399086, 48.891175400000016], [2.3398753, 48.891234]]}}, {"type": "Feature", "properties": {"highway": "footway", "footway": "sidewalk", "name": null, "surface": "asphalt", "lit": "yes", "length_m": 49.81, "type_element": "Way", "__fid": 55548}, "geometry": {"type": "LineString", "coordinates": [[2.3398772, 48.891147], [2.340505, 48.8912139], [2.3405472, 48.8912073]]}}, {"type": "Feature", "properties": {"highway": "footway", "footway": "sidewalk", "name": null, "surface": "asphalt", "lit": "yes", "length_m": 49.72, "type_element": "Way", "__fid": 55549}, "geometry": {"type": "LineString", "coordinates": [[2.3404594, 48.8909177], [2.3398772, 48.891147]]}}, {"type": "Feature", "properties": {"highway": "footway", "footway": "sidewalk", "name": null, "surface": "asphalt", "lit": "yes", "length_m": 165.14, "type_element": "Way", "__fid": 55612}, "geometry": {"type": "LineString", "coordinates": [[2.339938, 48.8913565], [2.341435, 48.8924127], [2.3414826, 48.89243650000002]]}}, {"type": "Feature", "properties": {"highway": "steps", "footway": null, "name": "Rue des Saules", "surface": "paving_stones", "lit": "yes", "length_m": 9.03, "type_element": "Way", "__fid": 55613}, "geometry": {"type": "LineString", "coordinates": [[2.3399685, 48.8891264], [2.339989, 48.8891907], [2.3400032, 48.889203]]}}, {"type": "Feature", "properties": {"highway": "steps", "footway": null, "name": "Rue des Saules", "surface": "paving_stones", "lit": "yes", "length_m": 11.5, "type_element": "Way", "__fid": 55614}, "geometry": {"type": "LineString", "coordinates": [[2.3399802, 48.8890326], [2.3399469, 48.8890583], [2.3399685, 48.8891264]]}}, {"type": "Feature", "properties": {"highway": "footway", "footway": null, "name": "Rue des Saules", "surface": "paving_stones", "lit": "yes", "length_m": 8.77, "type_element": "Way", "__fid": 55615}, "geometry": {"type": "LineString", "coordinates": [[2.3399685, 48.8891264], [2.3400853, 48.8891096]]}}, {"type": "Feature", "properties": {"highway": "footway", "footway": null, "name": "Rue des Saules", "surface": "sett", "lit": "yes", "length_m": 4.83, "type_element": "Way", "__fid": 55626}, "geometry": {"type": "LineString", "coordinates": [[2.3400316, 48.8890055], [2.3399802, 48.8890326]]}}, {"type": "Feature", "properties": {"highway": "footway", "footway": null, "name": null, "surface": "asphalt", "lit": "yes", "length_m": 4.28, "type_element": "Way", "__fid": 55647}, "geometry": {"type": "LineString", "coordinates": [[2.3400032, 48.889203], [2.3400615, 48.8892054]]}}, {"type": "Feature", "properties": {"highway": "footway", "footway": "sidewalk", "name": null, "surface": "asphalt", "lit": "yes", "length_m": 44.85, "type_element": "Way", "__fid": 55648}, "geometry": {"type": "LineString", "coordinates": [[2.3400032, 48.889203], [2.3399987, 48.8892176], [2.340106, 48.88957780000001], [2.3400959, 48.8895981]]}}, {"type": "Feature", "properties": {"highway": "footway", "footway": "crossing", "name": null, "surface": "asphalt", "lit": "yes", "length_m": 10.26, "type_element": "Way", "__fid": 55665}, "geometry": {"type": "LineString", "coordinates": [[2.3399793, 48.8926512], [2.3400108, 48.8927411]]}}, {"type": "Feature", "properties": {"highway": "footway", "footway": "sidewalk", "name": null, "surface": "asphalt", "lit": "yes", "length_m": 2.5, "type_element": "Way", "__fid": 55666}, "geometry": {"type": "LineString", "coordinates": [[2.3400047, 48.8926362], [2.3399793, 48.8926512]]}}, {"type": "Feature", "properties": {"highway": "footway", "footway": null, "name": "Rue Paul Féval", "surface": "sett", "lit": "yes", "length_m": 10.39, "type_element": "Way", "__fid": 55669}, "geometry": {"type": "LineString", "coordinates": [[2.3401719, 48.8889923], [2.3400316, 48.8890055]]}}, {"type": "Feature", "properties": {"highway": "footway", "footway": "crossing", "name": null, "surface": "asphalt", "lit": "yes", "length_m": 10.19, "type_element": "Way", "__fid": 55679}, "geometry": {"type": "LineString", "coordinates": [[2.3400047, 48.8926362], [2.3401389, 48.8926124]]}}, {"type": "Feature", "properties": {"highway": "footway", "footway": "sidewalk", "name": null, "surface": "asphalt", "lit": "yes", "length_m": 2.17, "type_element": "Way", "__fid": 55685}, "geometry": {"type": "LineString", "coordinates": [[2.3400108, 48.8927411], [2.3400336, 48.8927535]]}}, {"type": "Feature", "properties": {"highway": "pedestrian", "footway": null, "name": "Rue des Saules", "surface": "sett", "lit": "yes", "length_m": 36.74, "type_element": "Way", "__fid": 55693}, "geometry": {"type": "LineString", "coordinates": [[2.3400615, 48.8892054], [2.3401633, 48.889528900000016]]}}, {"type": "Feature", "properties": {"highway": "footway", "footway": "sidewalk", "name": null, "surface": "asphalt", "lit": "yes", "length_m": 49.66, "type_element": "Way", "__fid": 55694}, "geometry": {"type": "LineString", "coordinates": [[2.3402683, 48.8895721], [2.3402176, 48.889553499999984], [2.3401971, 48.88952060000001], [2.3400996, 48.8891858], [2.3400615, 48.8892054]]}}, {"type": "Feature", "properties": {"highway": "footway", "footway": "sidewalk", "name": null, "surface": "asphalt", "lit": "yes", "length_m": 32.28, "type_element": "Way", "__fid": 55714}, "geometry": {"type": "LineString", "coordinates": [[2.3400336, 48.8927535], [2.3400497, 48.8927715], [2.3401241, 48.8930079], [2.3401187, 48.89303560000001]]}}, {"type": "Feature", "properties": {"highway": "footway", "footway": "crossing", "name": null, "surface": "asphalt", "lit": "yes", "length_m": 10.26, "type_element": "Way", "__fid": 55715}, "geometry": {"type": "LineString", "coordinates": [[2.3400336, 48.8927535], [2.340051, 48.8927464], [2.340169, 48.892734099999984]]}}, {"type": "Feature", "properties": {"highway": "footway", "footway": "crossing", "name": null, "surface": "asphalt", "lit": "yes", "length_m": 13.55, "type_element": "Way", "__fid": 55728}, "geometry": {"type": "LineString", "coordinates": [[2.3400959, 48.8895981], [2.340212, 48.8895981], [2.3402683, 48.8895721]]}}, {"type": "Feature", "properties": {"highway": "footway", "footway": "crossing", "name": null, "surface": "asphalt", "lit": "yes", "length_m": 13.97, "type_element": "Way", "__fid": 55766}, "geometry": {"type": "LineString", "coordinates": [[2.3400933, 48.8930449], [2.3401382, 48.893167]]}}, {"type": "Feature", "properties": {"highway": "footway", "footway": "sidewalk", "name": null, "surface": "asphalt", "lit": "yes", "length_m": 2.13, "type_element": "Way", "__fid": 55767}, "geometry": {"type": "LineString", "coordinates": [[2.3401187, 48.89303560000001], [2.3400933, 48.8930449]]}}, {"type": "Feature", "properties": {"highway": "footway", "footway": "crossing", "name": null, "surface": "asphalt", "lit": "yes", "length_m": 11.57, "type_element": "Way", "__fid": 55787}, "geometry": {"type": "LineString", "coordinates": [[2.3401187, 48.89303560000001], [2.3402435, 48.89301889999998], [2.3402663, 48.8930056]]}}, {"type": "Feature", "properties": {"highway": "footway", "footway": "sidewalk", "name": null, "surface": "asphalt", "lit": "yes", "length_m": 149.39, "type_element": "Way", "__fid": 55790}, "geometry": {"type": "LineString", "coordinates": [[2.3401719, 48.8889923], [2.3401731, 48.8889076], [2.3410615, 48.8888027], [2.3418803, 48.88864130000001], [2.3420218, 48.8886052]]}}, {"type": "Feature", "properties": {"highway": "footway", "footway": null, "name": "Rue Paul Féval", "surface": "sett", "lit": "yes", "length_m": 6.68, "type_element": "Way", "__fid": 55791}, "geometry": {"type": "LineString", "coordinates": [[2.3401992, 48.888935], [2.3401719, 48.8889923]]}}, {"type": "Feature", "properties": {"highway": "footway", "footway": "sidewalk", "name": null, "surface": "asphalt", "lit": "yes", "length_m": 31.94, "type_element": "Way", "__fid": 55792}, "geometry": {"type": "LineString", "coordinates": [[2.3406008, 48.8889424], [2.3401719, 48.8889923]]}}, {"type": "Feature", "properties": {"highway": "footway", "footway": "sidewalk", "name": null, "surface": "asphalt", "lit": "yes", "length_m": 2.58, "type_element": "Way", "__fid": 55808}, "geometry": {"type": "LineString", "coordinates": [[2.3401717, 48.89262080000001], [2.3401389, 48.8926124]]}}, {"type": "Feature", "properties": {"highway": "footway", "footway": "sidewalk", "name": null, "surface": "asphalt", "lit": "yes", "length_m": 3.14, "type_element": "Way", "__fid": 55817}, "geometry": {"type": "LineString", "coordinates": [[2.3401771, 48.8931789], [2.3401382, 48.893167]]}}, {"type": "Feature", "properties": {"highway": "footway", "footway": "sidewalk", "name": null, "surface": "asphalt", "lit": "yes", "length_m": 31.2, "type_element": "Way", "__fid": 55846}, "geometry": {"type": "LineString", "coordinates": [[2.3402663, 48.8930056], [2.3402381, 48.8929713], [2.340169, 48.892734099999984]]}}, {"type": "Feature", "properties": {"highway": "footway", "footway": "sidewalk", "name": null, "surface": "asphalt", "lit": "yes", "length_m": 2.93, "type_element": "Way", "__fid": 55847}, "geometry": {"type": "LineString", "coordinates": [[2.340169, 48.892734099999984], [2.3401938, 48.8927134]]}}, {"type": "Feature", "properties": {"highway": "footway", "footway": "crossing", "name": null, "surface": "asphalt", "lit": "yes", "length_m": 10.42, "type_element": "Way", "__fid": 55848}, "geometry": {"type": "LineString", "coordinates": [[2.3401717, 48.89262080000001], [2.3401938, 48.8927134]]}}, {"type": "Feature", "properties": {"highway": "footway", "footway": "sidewalk", "name": null, "surface": "asphalt", "lit": "yes", "length_m": 83.13, "type_element": "Way", "__fid": 55849}, "geometry": {"type": "LineString", "coordinates": [[2.3412774, 48.8924731], [2.3412359, 48.8924938], [2.3411527, 48.8925079], [2.3401717, 48.89262080000001]]}}, {"type": "Feature", "properties": {"highway": "steps", "footway": null, "name": "Rue des Saules", "surface": "paving_stones", "lit": "yes", "length_m": 24.51, "type_element": "Way", "__fid": 55852}, "geometry": {"type": "LineString", "coordinates": [[2.3402662, 48.8900144], [2.340208, 48.8898219], [2.3402089, 48.8897978]]}}, {"type": "Feature", "properties": {"highway": "pedestrian", "footway": null, "name": "Rue des Saules", "surface": "sett", "lit": "yes", "length_m": 5.26, "type_element": "Way", "__fid": 55853}, "geometry": {"type": "LineString", "coordinates": [[2.3402089, 48.8897978], [2.3402107, 48.8897505]]}}, {"type": "Feature", "properties": {"highway": "footway", "footway": "sidewalk", "name": null, "surface": "asphalt", "lit": "yes", "length_m": 12.34, "type_element": "Way", "__fid": 55854}, "geometry": {"type": "LineString", "coordinates": [[2.3402089, 48.8897978], [2.3403642, 48.889755]]}}, {"type": "Feature", "properties": {"highway": "footway", "footway": "sidewalk", "name": null, "surface": "asphalt", "lit": "yes", "length_m": 11.27, "type_element": "Way", "__fid": 55855}, "geometry": {"type": "LineString", "coordinates": [[2.3402107, 48.8897505], [2.3403642, 48.889755]]}}, {"type": "Feature", "properties": {"highway": "pedestrian", "footway": null, "name": "Rue des Saules", "surface": "sett", "lit": "yes", "length_m": 6.89, "type_element": "Way", "__fid": 55856}, "geometry": {"type": "LineString", "coordinates": [[2.3402107, 48.8897505], [2.3402131, 48.8896886]]}}, {"type": "Feature", "properties": {"highway": "footway", "footway": "sidewalk", "name": null, "surface": "asphalt", "lit": "yes", "length_m": 24.64, "type_element": "Way", "__fid": 55869}, "geometry": {"type": "LineString", "coordinates": [[2.3402193, 48.8933971], [2.3402274, 48.8933623], [2.3401771, 48.8931789]]}}, {"type": "Feature", "properties": {"highway": "footway", "footway": "crossing", "name": null, "surface": "asphalt", "lit": "yes", "length_m": 9.31, "type_element": "Way", "__fid": 55870}, "geometry": {"type": "LineString", "coordinates": [[2.3401771, 48.8931789], [2.3403025, 48.8931657]]}}, {"type": "Feature", "properties": {"highway": "footway", "footway": "crossing", "name": null, "surface": "asphalt", "lit": "yes", "length_m": 10.71, "type_element": "Way", "__fid": 55876}, "geometry": {"type": "LineString", "coordinates": [[2.3402354, 48.8901197], [2.3402214, 48.8900238]]}}, {"type": "Feature", "properties": {"highway": "footway", "footway": "sidewalk", "name": null, "surface": "asphalt", "lit": "yes", "length_m": 3.45, "type_element": "Way", "__fid": 55877}, "geometry": {"type": "LineString", "coordinates": [[2.3402662, 48.8900144], [2.3402214, 48.8900238]]}}, {"type": "Feature", "properties": {"highway": "footway", "footway": "sidewalk", "name": null, "surface": "asphalt", "lit": "yes", "length_m": 91.61, "type_element": "Way", "__fid": 55880}, "geometry": {"type": "LineString", "coordinates": [[2.3401938, 48.8927134], [2.341423, 48.8925657]]}}, {"type": "Feature", "properties": {"highway": "footway", "footway": "sidewalk", "name": null, "surface": "asphalt", "lit": "yes", "length_m": 3.0, "type_element": "Way", "__fid": 55891}, "geometry": {"type": "LineString", "coordinates": [[2.3402354, 48.8901197], [2.3402515, 48.8901232], [2.3402636, 48.8901368]]}}, {"type": "Feature", "properties": {"highway": "footway", "footway": "crossing", "name": null, "surface": "asphalt", "lit": "yes", "length_m": 10.89, "type_element": "Way", "__fid": 55915}, "geometry": {"type": "LineString", "coordinates": [[2.3402401, 48.8934941], [2.3402193, 48.8933971]]}}, {"type": "Feature", "properties": {"highway": "footway", "footway": "sidewalk", "name": null, "surface": "asphalt", "lit": "yes", "length_m": 7.41, "type_element": "Way", "__fid": 55918}, "geometry": {"type": "LineString", "coordinates": [[2.3403621, 48.8895472], [2.3402683, 48.8895721]]}}, {"type": "Feature", "properties": {"highway": "footway", "footway": "sidewalk", "name": null, "surface": "asphalt", "lit": "yes", "length_m": 74.68, "type_element": "Way", "__fid": 55919}, "geometry": {"type": "LineString", "coordinates": [[2.3402636, 48.8901368], [2.340446, 48.8907457], [2.3404527, 48.8907964]]}}, {"type": "Feature", "properties": {"highway": "footway", "footway": "crossing", "name": null, "surface": "asphalt", "lit": "yes", "length_m": 8.13, "type_element": "Way", "__fid": 55920}, "geometry": {"type": "LineString", "coordinates": [[2.3402636, 48.8901368], [2.3403722, 48.8901219]]}}, {"type": "Feature", "properties": {"highway": "steps", "footway": null, "name": "Rue des Saules", "surface": "paving_stones", "lit": "yes", "length_m": 5.91, "type_element": "Way", "__fid": 55921}, "geometry": {"type": "LineString", "coordinates": [[2.3402819, 48.89006650000001], [2.3402662, 48.8900144]]}}, {"type": "Feature", "properties": {"highway": "footway", "footway": "sidewalk", "name": null, "surface": "asphalt", "lit": "yes", "length_m": 17.21, "type_element": "Way", "__fid": 55922}, "geometry": {"type": "LineString", "coordinates": [[2.3403722, 48.8901219], [2.3403367, 48.8900231], [2.3403132, 48.89000810000002], [2.3402662, 48.8900144]]}}, {"type": "Feature", "properties": {"highway": "footway", "footway": "sidewalk", "name": null, "surface": "asphalt", "lit": "yes", "length_m": 2.31, "type_element": "Way", "__fid": 55942}, "geometry": {"type": "LineString", "coordinates": [[2.3402689, 48.8935025], [2.3402401, 48.8934941]]}}, {"type": "Feature", "properties": {"highway": "footway", "footway": "sidewalk", "name": null, "surface": "asphalt", "lit": "yes", "length_m": 2.44, "type_element": "Way", "__fid": 55963}, "geometry": {"type": "LineString", "coordinates": [[2.3402937, 48.893018], [2.3402663, 48.8930056]]}}, {"type": "Feature", "properties": {"highway": "footway", "footway": "sidewalk", "name": null, "surface": "asphalt", "lit": "yes", "length_m": 104.8, "type_element": "Way", "__fid": 55981}, "geometry": {"type": "LineString", "coordinates": [[2.3405533, 48.8944261], [2.3402689, 48.8935025]]}}, {"type": "Feature", "properties": {"highway": "footway", "footway": "crossing", "name": null, "surface": "asphalt", "lit": "yes", "length_m": 9.85, "type_element": "Way", "__fid": 55982}, "geometry": {"type": "LineString", "coordinates": [[2.3402689, 48.8935025], [2.340393, 48.8934686]]}}, {"type": "Feature", "properties": {"highway": "footway", "footway": "crossing", "name": null, "surface": "asphalt", "lit": "yes", "length_m": 14.48, "type_element": "Way", "__fid": 55999}, "geometry": {"type": "LineString", "coordinates": [[2.3402937, 48.893018], [2.3402917, 48.8930444], [2.3403253, 48.8931458]]}}, {"type": "Feature", "properties": {"highway": "footway", "footway": "sidewalk", "name": null, "surface": "asphalt", "lit": "yes", "length_m": 110.09, "type_element": "Way", "__fid": 56000}, "geometry": {"type": "LineString", "coordinates": [[2.3417623, 48.8928134], [2.3410884, 48.8928976], [2.3405016, 48.8929915], [2.3402937, 48.893018]]}}, {"type": "Feature", "properties": {"highway": "footway", "footway": "sidewalk", "name": null, "surface": "asphalt", "lit": "yes", "length_m": 34.33, "type_element": "Way", "__fid": 56008}, "geometry": {"type": "LineString", "coordinates": [[2.340393, 48.8934686], [2.3403025, 48.8931657]]}}, {"type": "Feature", "properties": {"highway": "footway", "footway": "sidewalk", "name": null, "surface": "asphalt", "lit": "yes", "length_m": 2.77, "type_element": "Way", "__fid": 56009}, "geometry": {"type": "LineString", "coordinates": [[2.3403025, 48.8931657], [2.3403253, 48.8931458]]}}, {"type": "Feature", "properties": {"highway": "footway", "footway": "sidewalk", "name": null, "surface": "asphalt", "lit": "yes", "length_m": 19.96, "type_element": "Way", "__fid": 56025}, "geometry": {"type": "LineString", "coordinates": [[2.3403621, 48.8895472], [2.3403943, 48.8896109], [2.3404642, 48.88962], [2.3405633, 48.889621]]}}, {"type": "Feature", "properties": {"highway": "footway", "footway": "sidewalk", "name": null, "surface": "asphalt", "lit": "yes", "length_m": 14.52, "type_element": "Way", "__fid": 56026}, "geometry": {"type": "LineString", "coordinates": [[2.3405495, 48.889505100000015], [2.3403621, 48.8895472]]}}, {"type": "Feature", "properties": {"highway": "footway", "footway": "sidewalk", "name": null, "surface": "asphalt", "lit": "yes", "length_m": 16.94, "type_element": "Way", "__fid": 56032}, "geometry": {"type": "LineString", "coordinates": [[2.3403642, 48.889755], [2.3405948, 48.8897639]]}}, {"type": "Feature", "properties": {"highway": "footway", "footway": "sidewalk", "name": null, "surface": "asphalt", "lit": "yes", "length_m": 36.02, "type_element": "Way", "__fid": 56037}, "geometry": {"type": "LineString", "coordinates": [[2.3403253, 48.8931458], [2.3408068, 48.89308159999998]]}}, {"type": "Feature", "properties": {"highway": "footway", "footway": "sidewalk", "name": null, "surface": "asphalt", "lit": "yes", "length_m": 71.73, "type_element": "Way", "__fid": 56044}, "geometry": {"type": "LineString", "coordinates": [[2.3405667, 48.89075369999998], [2.3405445, 48.8907104], [2.3403722, 48.8901219]]}}, {"type": "Feature", "properties": {"highway": "footway", "footway": "sidewalk", "name": null, "surface": "asphalt", "lit": "yes", "length_m": 106.31, "type_element": "Way", "__fid": 56146}, "geometry": {"type": "LineString", "coordinates": [[2.3406827, 48.8944054], [2.340393, 48.8934686]]}}, {"type": "Feature", "properties": {"highway": "footway", "footway": "crossing", "name": null, "surface": "asphalt", "lit": "yes", "length_m": 11.45, "type_element": "Way", "__fid": 56161}, "geometry": {"type": "LineString", "coordinates": [[2.3404372, 48.8908158], [2.3404594, 48.8909177]]}}, {"type": "Feature", "properties": {"highway": "footway", "footway": "sidewalk", "name": null, "surface": "asphalt", "lit": "yes", "length_m": 2.44, "type_element": "Way", "__fid": 56162}, "geometry": {"type": "LineString", "coordinates": [[2.3404527, 48.8907964], [2.3404372, 48.8908158]]}}, {"type": "Feature", "properties": {"highway": "footway", "footway": "crossing", "name": null, "surface": "asphalt", "lit": "yes", "length_m": 9.61, "type_element": "Way", "__fid": 56178}, "geometry": {"type": "LineString", "coordinates": [[2.3404527, 48.8907964], [2.3405667, 48.89075369999998]]}}, {"type": "Feature", "properties": {"highway": "footway", "footway": "sidewalk", "name": null, "surface": "asphalt", "lit": "yes", "length_m": 2.51, "type_element": "Way", "__fid": 56187}, "geometry": {"type": "LineString", "coordinates": [[2.3404929, 48.8909225], [2.3404594, 48.8909177]]}}, {"type": "Feature", "properties": {"highway": "footway", "footway": "sidewalk", "name": null, "surface": "asphalt", "lit": "yes", "length_m": 31.02, "type_element": "Way", "__fid": 56231}, "geometry": {"type": "LineString", "coordinates": [[2.3405633, 48.8911967], [2.340562, 48.8911403], [2.3404929, 48.8909225]]}}, {"type": "Feature", "properties": {"highway": "footway", "footway": "crossing", "name": null, "surface": "asphalt", "lit": "yes", "length_m": 9.53, "type_element": "Way", "__fid": 56232}, "geometry": {"type": "LineString", "coordinates": [[2.3404929, 48.8909225], [2.3405023, 48.8909084], [2.3405948, 48.8908734]]}}, {"type": "Feature", "properties": {"highway": "footway", "footway": "crossing", "name": null, "surface": "asphalt", "lit": "yes", "length_m": 9.13, "type_element": "Way", "__fid": 56263}, "geometry": {"type": "LineString", "coordinates": [[2.3406035, 48.8895791], [2.3405495, 48.889505100000015]]}}, {"type": "Feature", "properties": {"highway": "footway", "footway": "sidewalk", "name": null, "surface": "asphalt", "lit": "yes", "length_m": 3.3, "type_element": "Way", "__fid": 56264}, "geometry": {"type": "LineString", "coordinates": [[2.3405864, 48.889488100000015], [2.3405495, 48.889505100000015]]}}, {"type": "Feature", "properties": {"highway": "footway", "footway": "sidewalk", "name": null, "surface": "asphalt", "lit": "yes", "length_m": 5.46, "type_element": "Way", "__fid": 56292}, "geometry": {"type": "LineString", "coordinates": [[2.3405633, 48.889621], [2.340633, 48.889638200000014]]}}, {"type": "Feature", "properties": {"highway": "footway", "footway": "sidewalk", "name": null, "surface": "asphalt", "lit": "yes", "length_m": 6.41, "type_element": "Way", "__fid": 56293}, "geometry": {"type": "LineString", "coordinates": [[2.3405633, 48.889621], [2.3405613, 48.88959590000001], [2.3406035, 48.8895791]]}}, {"type": "Feature", "properties": {"highway": "footway", "footway": "crossing", "name": null, "surface": "asphalt", "lit": "yes", "length_m": 11.04, "type_element": "Way", "__fid": 56296}, "geometry": {"type": "LineString", "coordinates": [[2.3405472, 48.8912073], [2.3405533, 48.8913065]]}}, {"type": "Feature", "properties": {"highway": "footway", "footway": "sidewalk", "name": null, "surface": "asphalt", "lit": "yes", "length_m": 1.67, "type_element": "Way", "__fid": 56297}, "geometry": {"type": "LineString", "coordinates": [[2.3405472, 48.8912073], [2.3405633, 48.8911967]]}}, {"type": "Feature", "properties": {"highway": "footway", "footway": "sidewalk", "name": null, "surface": "asphalt", "lit": "yes", "length_m": 69.22, "type_element": "Way", "__fid": 56303}, "geometry": {"type": "LineString", "coordinates": [[2.3414927, 48.8913308], [2.3409375, 48.891344400000015], [2.3405533, 48.8913065]]}}, {"type": "Feature", "properties": {"highway": "footway", "footway": null, "name": "Rue Gaston Couté", "surface": null, "lit": "yes", "length_m": 5.26, "type_element": "Way", "__fid": 56309}, "geometry": {"type": "LineString", "coordinates": [[2.3406008, 48.8889424], [2.3405886, 48.8888958]]}}, {"type": "Feature", "properties": {"highway": "footway", "footway": "sidewalk", "name": null, "surface": "asphalt", "lit": "yes", "length_m": 1.92, "type_element": "Way", "__fid": 56313}, "geometry": {"type": "LineString", "coordinates": [[2.3405928, 48.890755], [2.3405667, 48.89075369999998]]}}, {"type": "Feature", "properties": {"highway": "footway", "footway": "crossing", "name": null, "surface": "asphalt", "lit": "yes", "length_m": 10.39, "type_element": "Way", "__fid": 56317}, "geometry": {"type": "LineString", "coordinates": [[2.3405633, 48.8911967], [2.3406397, 48.8912162], [2.3406988, 48.8912221]]}}, {"type": "Feature", "properties": {"highway": "footway", "footway": "crossing", "name": null, "surface": "asphalt", "lit": "yes", "length_m": 15.1, "type_element": "Way", "__fid": 56318}, "geometry": {"type": "LineString", "coordinates": [[2.3407826, 48.8894468], [2.3405864, 48.889488100000015]]}}, {"type": "Feature", "properties": {"highway": "footway", "footway": null, "name": null, "surface": null, "lit": "yes", "length_m": 13.1, "type_element": "Way", "__fid": 56322}, "geometry": {"type": "LineString", "coordinates": [[2.3407247, 48.8889288], [2.3407282, 48.8889481], [2.3407129, 48.8889545], [2.3406179, 48.888962700000015], [2.3406008, 48.8889424]]}}, {"type": "Feature", "properties": {"highway": "footway", "footway": "sidewalk", "name": null, "surface": "asphalt", "lit": "yes", "length_m": 61.18, "type_element": "Way", "__fid": 56329}, "geometry": {"type": "LineString", "coordinates": [[2.3405948, 48.8897639], [2.3414271, 48.8898018]]}}, {"type": "Feature", "properties": {"highway": "footway", "footway": "crossing", "name": null, "surface": "asphalt", "lit": "yes", "length_m": 14.26, "type_element": "Way", "__fid": 56330}, "geometry": {"type": "LineString", "coordinates": [[2.3405948, 48.8897639], [2.340633, 48.889638200000014]]}}, {"type": "Feature", "properties": {"highway": "footway", "footway": "crossing", "name": null, "surface": "asphalt", "lit": "yes", "length_m": 9.85, "type_element": "Way", "__fid": 56332}, "geometry": {"type": "LineString", "coordinates": [[2.3405365, 48.8944468], [2.3405642, 48.8945335]]}}, {"type": "Feature", "properties": {"highway": "footway", "footway": "sidewalk", "name": null, "surface": "asphalt", "lit": "yes", "length_m": 2.61, "type_element": "Way", "__fid": 56333}, "geometry": {"type": "LineString", "coordinates": [[2.3405365, 48.8944468], [2.3405533, 48.8944261]]}}, {"type": "Feature", "properties": {"highway": "footway", "footway": "sidewalk", "name": null, "surface": "asphalt", "lit": "yes", "length_m": 88.25, "type_element": "Way", "__fid": 56336}, "geometry": {"type": "LineString", "coordinates": [[2.3406035, 48.8895791], [2.3417629, 48.8893662]]}}, {"type": "Feature", "properties": {"highway": "footway", "footway": "crossing", "name": null, "surface": "asphalt", "lit": "yes", "length_m": 10.99, "type_element": "Way", "__fid": 56340}, "geometry": {"type": "LineString", "coordinates": [[2.3406109, 48.89085309999998], [2.3405928, 48.890755]]}}, {"type": "Feature", "properties": {"highway": "footway", "footway": "sidewalk", "name": null, "surface": "asphalt", "lit": "yes", "length_m": 91.4, "type_element": "Way", "__fid": 56341}, "geometry": {"type": "LineString", "coordinates": [[2.3415168, 48.8903798], [2.3413371, 48.8904552], [2.3413049, 48.8904596], [2.3412721, 48.89041550000001], [2.3412466, 48.8904062], [2.341207, 48.8904151], [2.340914, 48.8905306], [2.3408912, 48.8905495], [2.3408966, 48.8906112], [2.3408798, 48.8906412], [2.3405928, 48.890755]]}}, {"type": "Feature", "properties": {"highway": "footway", "footway": "sidewalk", "name": null, "surface": "asphalt", "lit": "yes", "length_m": 39.52, "type_element": "Way", "__fid": 56348}, "geometry": {"type": "LineString", "coordinates": [[2.3406988, 48.8912221], [2.3405948, 48.8908734]]}}, {"type": "Feature", "properties": {"highway": "footway", "footway": "sidewalk", "name": null, "surface": "asphalt", "lit": "yes", "length_m": 2.55, "type_element": "Way", "__fid": 56349}, "geometry": {"type": "LineString", "coordinates": [[2.3405948, 48.8908734], [2.3406109, 48.89085309999998]]}}, {"type": "Feature", "properties": {"highway": "footway", "footway": "crossing", "name": null, "surface": "asphalt", "lit": "yes", "length_m": 9.76, "type_element": "Way", "__fid": 56353}, "geometry": {"type": "LineString", "coordinates": [[2.3405533, 48.8944261], [2.3406827, 48.8944054]]}}, {"type": "Feature", "properties": {"highway": "pedestrian", "footway": null, "name": "Rue Montcalm", "surface": "asphalt", "lit": "yes", "length_m": 7.02, "type_element": "Way", "__fid": 56365}, "geometry": {"type": "LineString", "coordinates": [[2.3405642, 48.8945335], [2.340659, 48.8945423]]}}, {"type": "Feature", "properties": {"highway": "footway", "footway": "crossing", "name": null, "surface": "asphalt", "lit": "yes", "length_m": 7.77, "type_element": "Way", "__fid": 56366}, "geometry": {"type": "LineString", "coordinates": [[2.3405642, 48.8945335], [2.3405821, 48.89460239999999]]}}, {"type": "Feature", "properties": {"highway": "footway", "footway": "sidewalk", "name": null, "surface": "asphalt", "lit": "yes", "length_m": 62.29, "type_element": "Way", "__fid": 56367}, "geometry": {"type": "LineString", "coordinates": [[2.3406109, 48.89085309999998], [2.341254, 48.89058830000001], [2.3413384, 48.8905654]]}}, {"type": "Feature", "properties": {"highway": "footway", "footway": "sidewalk", "name": null, "surface": "asphalt", "lit": "yes", "length_m": 98.25, "type_element": "Way", "__fid": 56371}, "geometry": {"type": "LineString", "coordinates": [[2.340633, 48.889638200000014], [2.3407913, 48.8896333], [2.3419708, 48.8896779]]}}, {"type": "Feature", "properties": {"highway": "footway", "footway": "sidewalk", "name": null, "surface": "asphalt", "lit": "yes", "length_m": 16.44, "type_element": "Way", "__fid": 56376}, "geometry": {"type": "LineString", "coordinates": [[2.3405821, 48.89460239999999], [2.3406136, 48.8946183], [2.3406626, 48.8947356]]}}, {"type": "Feature", "properties": {"highway": "footway", "footway": null, "name": "Rue Gaston Couté", "surface": null, "lit": "yes", "length_m": 5.21, "type_element": "Way", "__fid": 56440}, "geometry": {"type": "LineString", "coordinates": [[2.3407152, 48.888882399999986], [2.3407247, 48.8889288]]}}, {"type": "Feature", "properties": {"highway": "footway", "footway": "sidewalk", "name": null, "surface": "asphalt", "lit": "yes", "length_m": 56.25, "type_element": "Way", "__fid": 56446}, "geometry": {"type": "LineString", "coordinates": [[2.3407247, 48.8889288], [2.3410689, 48.8888909], [2.3414693, 48.8888114]]}}, {"type": "Feature", "properties": {"highway": "footway", "footway": "sidewalk", "name": null, "surface": "asphalt", "lit": "yes", "length_m": 57.56, "type_element": "Way", "__fid": 56454}, "geometry": {"type": "LineString", "coordinates": [[2.3414716, 48.8912373], [2.3409623, 48.89126069999999], [2.3407196, 48.89123509999998], [2.3406988, 48.8912221]]}}, {"type": "Feature", "properties": {"highway": "footway", "footway": "sidewalk", "name": null, "surface": "asphalt", "lit": "yes", "length_m": 32.08, "type_element": "Way", "__fid": 56480}, "geometry": {"type": "LineString", "coordinates": [[2.3407809, 48.8946853], [2.3407641, 48.8946677], [2.3406827, 48.8944054]]}}, {"type": "Feature", "properties": {"highway": "footway", "footway": "sidewalk", "name": null, "surface": "asphalt", "lit": "yes", "length_m": 71.55, "type_element": "Way", "__fid": 56525}, "geometry": {"type": "LineString", "coordinates": [[2.3407826, 48.8894468], [2.3408181, 48.8894517], [2.3416811, 48.88929080000002], [2.3417157, 48.8892744]]}}, {"type": "Feature", "properties": {"highway": "pedestrian", "footway": null, "name": "Villa Ordener", "surface": "asphalt", "lit": "no", "length_m": 7.42, "type_element": "Way", "__fid": 56581}, "geometry": {"type": "LineString", "coordinates": [[2.3407867, 48.8930162], [2.3408068, 48.89308159999998]]}}, {"type": "Feature", "properties": {"highway": "pedestrian", "footway": null, "name": "Villa Ordener", "surface": null, "lit": null, "length_m": 33.67, "type_element": "Way", "__fid": 56607}, "geometry": {"type": "LineString", "coordinates": [[2.3408068, 48.89308159999998], [2.3408984, 48.8933783]]}}, {"type": "Feature", "properties": {"highway": "footway", "footway": "sidewalk", "name": null, "surface": "asphalt", "lit": "yes", "length_m": 86.19, "type_element": "Way", "__fid": 56608}, "geometry": {"type": "LineString", "coordinates": [[2.3408068, 48.89308159999998], [2.3419581, 48.892925]]}}, {"type": "Feature", "properties": {"highway": "footway", "footway": "sidewalk", "name": null, "surface": "asphalt", "lit": "yes", "length_m": 45.28, "type_element": "Way", "__fid": 56638}, "geometry": {"type": "LineString", "coordinates": [[2.3411936, 48.894371], [2.3409626, 48.8945786], [2.3408141, 48.8946919]]}}, {"type": "Feature", "properties": {"highway": "footway", "footway": "sidewalk", "name": null, "surface": "asphalt", "lit": "yes", "length_m": 47.5, "type_element": "Way", "__fid": 56731}, "geometry": {"type": "LineString", "coordinates": [[2.3409083, 48.8947832], [2.3410159, 48.8947096], [2.3412821, 48.89448209999998], [2.3413277, 48.8944596]]}}, {"type": "Feature", "properties": {"highway": "footway", "footway": "crossing", "name": null, "surface": "asphalt", "lit": "yes", "length_m": 14.09, "type_element": "Way", "__fid": 57011}, "geometry": {"type": "LineString", "coordinates": [[2.3411936, 48.894371], [2.3413123, 48.8944389], [2.3413277, 48.8944596]]}}, {"type": "Feature", "properties": {"highway": "footway", "footway": "sidewalk", "name": null, "surface": "asphalt", "lit": "yes", "length_m": 26.67, "type_element": "Way", "__fid": 57012}, "geometry": {"type": "LineString", "coordinates": [[2.3414189, 48.8941827], [2.3411936, 48.894371]]}}, {"type": "Feature", "properties": {"highway": "footway", "footway": "crossing", "name": null, "surface": "asphalt", "lit": "yes", "length_m": 14.83, "type_element": "Way", "__fid": 57095}, "geometry": {"type": "LineString", "coordinates": [[2.3412774, 48.8924731], [2.341423, 48.8925657]]}}, {"type": "Feature", "properties": {"highway": "footway", "footway": "sidewalk", "name": null, "surface": "asphalt", "lit": "yes", "length_m": 1.98, "type_element": "Way", "__fid": 57096}, "geometry": {"type": "LineString", "coordinates": [[2.3412882, 48.8924568], [2.3412774, 48.8924731]]}}, {"type": "Feature", "properties": {"highway": "footway", "footway": "crossing", "name": null, "surface": "asphalt", "lit": "yes", "length_m": 14.99, "type_element": "Way", "__fid": 57112}, "geometry": {"type": "LineString", "coordinates": [[2.3412882, 48.8924568], [2.3414652, 48.8924502], [2.3414826, 48.89243650000002]]}}, {"type": "Feature", "properties": {"highway": "footway", "footway": "sidewalk", "name": null, "surface": "asphalt", "lit": "yes", "length_m": 3.21, "type_element": "Way", "__fid": 57137}, "geometry": {"type": "LineString", "coordinates": [[2.3413384, 48.8905654], [2.3413821, 48.8905676]]}}, {"type": "Feature", "properties": {"highway": "steps", "footway": null, "name": "Rue Diard", "surface": "sett", "lit": "yes", "length_m": 11.67, "type_element": "Way", "__fid": 57138}, "geometry": {"type": "LineString", "coordinates": [[2.3413851, 48.8906657], [2.3413384, 48.8905654]]}}, {"type": "Feature", "properties": {"highway": "footway", "footway": "sidewalk", "name": null, "surface": "asphalt", "lit": "yes", "length_m": 2.57, "type_element": "Way", "__fid": 57170}, "geometry": {"type": "LineString", "coordinates": [[2.3413277, 48.8944596], [2.3413626, 48.8944578]]}}, {"type": "Feature", "properties": {"highway": "steps", "footway": null, "name": "Rue Nobel", "surface": "sett", "lit": "yes", "length_m": 8.08, "type_element": "Way", "__fid": 57174}, "geometry": {"type": "LineString", "coordinates": [[2.3414271, 48.8898018], [2.3413899, 48.88973340000001]]}}, {"type": "Feature", "properties": {"highway": "footway", "footway": "sidewalk", "name": null, "surface": "asphalt", "lit": "yes", "length_m": 51.24, "type_element": "Way", "__fid": 57175}, "geometry": {"type": "LineString", "coordinates": [[2.3413821, 48.8905676], [2.342076, 48.8906221]]}}, {"type": "Feature", "properties": {"highway": "footway", "footway": "crossing", "name": null, "surface": "asphalt", "lit": "yes", "length_m": 14.09, "type_element": "Way", "__fid": 57176}, "geometry": {"type": "LineString", "coordinates": [[2.3413821, 48.8905676], [2.341537, 48.8904926]]}}, {"type": "Feature", "properties": {"highway": "steps", "footway": null, "name": "Rue Diard", "surface": "sett", "lit": "yes", "length_m": 0.64, "type_element": "Way", "__fid": 57184}, "geometry": {"type": "LineString", "coordinates": [[2.3413875, 48.8906712], [2.3413851, 48.8906657]]}}, {"type": "Feature", "properties": {"highway": "footway", "footway": "sidewalk", "name": null, "surface": "asphalt", "lit": "yes", "length_m": 65.5, "type_element": "Way", "__fid": 57185}, "geometry": {"type": "LineString", "coordinates": [[2.3413851, 48.8906657], [2.3413516, 48.890669], [2.3413431, 48.890676], [2.3414991, 48.8912067], [2.3414947, 48.8912236]]}}, {"type": "Feature", "properties": {"highway": "footway", "footway": "sidewalk", "name": null, "surface": "asphalt", "lit": "yes", "length_m": 67.78, "type_element": "Way", "__fid": 57186}, "geometry": {"type": "LineString", "coordinates": [[2.341615866666729, 48.891227633333486], [2.341553, 48.89100410000001], [2.3414373, 48.8906648], [2.3413851, 48.8906657]]}}, {"type": "Feature", "properties": {"highway": "footway", "footway": "sidewalk", "name": null, "surface": "asphalt", "lit": "yes", "length_m": 60.3, "type_element": "Way", "__fid": 57213}, "geometry": {"type": "LineString", "coordinates": [[2.3413626, 48.8944578], [2.3414223, 48.894468], [2.3414914, 48.8944984], [2.3417106, 48.8949212]]}}, {"type": "Feature", "properties": {"highway": "footway", "footway": "crossing", "name": null, "surface": "asphalt", "lit": "yes", "length_m": 24.84, "type_element": "Way", "__fid": 57214}, "geometry": {"type": "LineString", "coordinates": [[2.3413626, 48.8944578], [2.3413821, 48.894427], [2.3415366, 48.8942877], [2.3415591, 48.8942786]]}}, {"type": "Feature", "properties": {"highway": "steps", "footway": null, "name": "Rue de l'Abbé Patureau", "surface": "asphalt", "lit": "yes", "length_m": 5.89, "type_element": "Way", "__fid": 57215}, "geometry": {"type": "LineString", "coordinates": [[2.3414357, 48.888763300000015], [2.3414693, 48.8888114]]}}, {"type": "Feature", "properties": {"highway": "footway", "footway": "sidewalk", "name": null, "surface": "asphalt", "lit": "yes", "length_m": 94.32, "type_element": "Way", "__fid": 57219}, "geometry": {"type": "LineString", "coordinates": [[2.3414271, 48.8898018], [2.3415323, 48.8898106], [2.3417415, 48.8898088], [2.3423195, 48.8898423], [2.3427097, 48.8898573]]}}, {"type": "Feature", "properties": {"highway": "steps", "footway": null, "name": "Rue Nobel", "surface": "sett", "lit": "yes", "length_m": 36.18, "type_element": "Way", "__fid": 57220}, "geometry": {"type": "LineString", "coordinates": [[2.3415296, 48.8901201], [2.3414271, 48.8898018]]}}, {"type": "Feature", "properties": {"highway": "steps", "footway": null, "name": "Rue de l'Abbé Patureau", "surface": "asphalt", "lit": "yes", "length_m": 10.13, "type_element": "Way", "__fid": 57241}, "geometry": {"type": "LineString", "coordinates": [[2.3414693, 48.8888114], [2.341527, 48.88889420000002]]}}, {"type": "Feature", "properties": {"highway": "footway", "footway": "sidewalk", "name": null, "surface": "asphalt", "lit": "yes", "length_m": 45.63, "type_element": "Way", "__fid": 57242}, "geometry": {"type": "LineString", "coordinates": [[2.3414693, 48.8888114], [2.3420308, 48.8887008], [2.342067, 48.88869969999999]]}}, {"type": "Feature", "properties": {"highway": "footway", "footway": "sidewalk", "name": null, "surface": "asphalt", "lit": "yes", "length_m": 3.49, "type_element": "Way", "__fid": 57247}, "geometry": {"type": "LineString", "coordinates": [[2.341423, 48.8925657], [2.3414699, 48.892571]]}}, {"type": "Feature", "properties": {"highway": "footway", "footway": "crossing", "name": null, "surface": "asphalt", "lit": "yes", "length_m": 13.07, "type_element": "Way", "__fid": 57259}, "geometry": {"type": "LineString", "coordinates": [[2.3415604, 48.8942542], [2.3414189, 48.8941827]]}}, {"type": "Feature", "properties": {"highway": "footway", "footway": "sidewalk", "name": null, "surface": "asphalt", "lit": "yes", "length_m": 120.92, "type_element": "Way", "__fid": 57260}, "geometry": {"type": "LineString", "coordinates": [[2.3425485, 48.8934007], [2.3419151, 48.8937467], [2.3414189, 48.8941827]]}}, {"type": "Feature", "properties": {"highway": "footway", "footway": "crossing", "name": null, "surface": "asphalt", "lit": "yes", "length_m": 10.51, "type_element": "Way", "__fid": 57271}, "geometry": {"type": "LineString", "coordinates": [[2.3414716, 48.8912373], [2.3414927, 48.8913308]]}}, {"type": "Feature", "properties": {"highway": "footway", "footway": "sidewalk", "name": null, "surface": "asphalt", "lit": "yes", "length_m": 2.28, "type_element": "Way", "__fid": 57272}, "geometry": {"type": "LineString", "coordinates": [[2.3414947, 48.8912236], [2.3414716, 48.8912373]]}}, {"type": "Feature", "properties": {"highway": "footway", "footway": "sidewalk", "name": null, "surface": "asphalt", "lit": "yes", "length_m": 34.96, "type_element": "Way", "__fid": 57280}, "geometry": {"type": "LineString", "coordinates": [[2.3414699, 48.892571], [2.3415034, 48.892586399999985], [2.3417643, 48.8927738], [2.341773, 48.8928064]]}}, {"type": "Feature", "properties": {"highway": "footway", "footway": "crossing", "name": null, "surface": "asphalt", "lit": "yes", "length_m": 13.41, "type_element": "Way", "__fid": 57281}, "geometry": {"type": "LineString", "coordinates": [[2.3414699, 48.892571], [2.3416496, 48.8925485]]}}, {"type": "Feature", "properties": {"highway": "footway", "footway": "sidewalk", "name": null, "surface": "asphalt", "lit": "yes", "length_m": 30.07, "type_element": "Way", "__fid": 57284}, "geometry": {"type": "LineString", "coordinates": [[2.341897, 48.8913317], [2.3418769, 48.89132150000001], [2.3417777, 48.8913193], [2.3414927, 48.8913308]]}}, {"type": "Feature", "properties": {"highway": "footway", "footway": "crossing", "name": null, "surface": "asphalt", "lit": "yes", "length_m": 8.9, "type_element": "Way", "__fid": 57285}, "geometry": {"type": "LineString", "coordinates": [[2.3414947, 48.8912236], [2.341615866666729, 48.891227633333486]]}}, {"type": "Feature", "properties": {"highway": "steps", "footway": null, "name": "Rue de l'Abbé Patureau", "surface": "asphalt", "lit": "yes", "length_m": 0.89, "type_element": "Way", "__fid": 57288}, "geometry": {"type": "LineString", "coordinates": [[2.341527, 48.88889420000002], [2.3415321, 48.8889015]]}}, {"type": "Feature", "properties": {"highway": "footway", "footway": "sidewalk", "name": null, "surface": "asphalt", "lit": "yes", "length_m": 48.64, "type_element": "Way", "__fid": 57289}, "geometry": {"type": "LineString", "coordinates": [[2.3417157, 48.8892744], [2.3414692, 48.888916], [2.341527, 48.88889420000002]]}}, {"type": "Feature", "properties": {"highway": "footway", "footway": "sidewalk", "name": null, "surface": "asphalt", "lit": "yes", "length_m": 50.29, "type_element": "Way", "__fid": 57290}, "geometry": {"type": "LineString", "coordinates": [[2.341527, 48.88889420000002], [2.3415698, 48.8888816], [2.3415913, 48.8888847], [2.3418441, 48.8892558]]}}, {"type": "Feature", "properties": {"highway": "footway", "footway": "sidewalk", "name": null, "surface": "asphalt", "lit": "yes", "length_m": 9.03, "type_element": "Way", "__fid": 57291}, "geometry": {"type": "LineString", "coordinates": [[2.3414826, 48.89243650000002], [2.3415175, 48.8924413], [2.341604, 48.8924325]]}}, {"type": "Feature", "properties": {"highway": "footway", "footway": "crossing", "name": null, "surface": "asphalt", "lit": "yes", "length_m": 9.9, "type_element": "Way", "__fid": 57301}, "geometry": {"type": "LineString", "coordinates": [[2.3415168, 48.8903798], [2.3415993, 48.8904503]]}}, {"type": "Feature", "properties": {"highway": "footway", "footway": "sidewalk", "name": null, "surface": "asphalt", "lit": "yes", "length_m": 2.46, "type_element": "Way", "__fid": 57302}, "geometry": {"type": "LineString", "coordinates": [[2.3415458, 48.8903686], [2.3415168, 48.8903798]]}}, {"type": "Feature", "properties": {"highway": "steps", "footway": null, "name": "Rue Nobel", "surface": "sett", "lit": "yes", "length_m": 0.51, "type_element": "Way", "__fid": 57312}, "geometry": {"type": "LineString", "coordinates": [[2.3415311, 48.8901246], [2.3415296, 48.8901201]]}}, {"type": "Feature", "properties": {"highway": "footway", "footway": "sidewalk", "name": null, "surface": "asphalt", "lit": "yes", "length_m": 31.24, "type_element": "Way", "__fid": 57313}, "geometry": {"type": "LineString", "coordinates": [[2.3415296, 48.8901201], [2.3414796, 48.8901269], [2.3414739, 48.8901357], [2.3415458, 48.8903686]]}}, {"type": "Feature", "properties": {"highway": "footway", "footway": "sidewalk", "name": null, "surface": "asphalt", "lit": "yes", "length_m": 28.22, "type_element": "Way", "__fid": 57314}, "geometry": {"type": "LineString", "coordinates": [[2.3416642, 48.890321600000014], [2.3415993, 48.8901249], [2.3415919, 48.890115], [2.3415296, 48.8901201]]}}, {"type": "Feature", "properties": {"highway": "footway", "footway": "sidewalk", "name": null, "surface": "asphalt", "lit": "yes", "length_m": 61.38, "type_element": "Way", "__fid": 57321}, "geometry": {"type": "LineString", "coordinates": [[2.341537, 48.8904926], [2.341547, 48.8905019], [2.3415886, 48.890509], [2.3419902, 48.8905381], [2.342009, 48.890524], [2.3420104, 48.8904812], [2.3419756, 48.8902984]]}}, {"type": "Feature", "properties": {"highway": "footway", "footway": "sidewalk", "name": null, "surface": "asphalt", "lit": "yes", "length_m": 7.04, "type_element": "Way", "__fid": 57322}, "geometry": {"type": "LineString", "coordinates": [[2.3415993, 48.8904503], [2.3415484, 48.8904688], [2.341537, 48.8904926]]}}, {"type": "Feature", "properties": {"highway": "footway", "footway": "crossing", "name": null, "surface": "asphalt", "lit": "yes", "length_m": 10.13, "type_element": "Way", "__fid": 57325}, "geometry": {"type": "LineString", "coordinates": [[2.3416642, 48.890321600000014], [2.3415458, 48.8903686]]}}, {"type": "Feature", "properties": {"highway": "footway", "footway": "sidewalk", "name": null, "surface": "asphalt", "lit": "yes", "length_m": 32.35, "type_element": "Way", "__fid": 57386}, "geometry": {"type": "LineString", "coordinates": [[2.3419756, 48.8902984], [2.3415993, 48.8904503]]}}, {"type": "Feature", "properties": {"highway": "living_street", "footway": null, "name": "Rue Marcadet", "surface": "asphalt", "lit": "yes", "length_m": 38.61, "type_element": "Way", "__fid": 57390}, "geometry": {"type": "LineString", "coordinates": [[2.3421193, 48.8912663], [2.3415931, 48.8912785]]}}, {"type": "Feature", "properties": {"highway": "footway", "footway": "sidewalk", "name": null, "surface": "asphalt", "lit": "yes", "length_m": 71.37, "type_element": "Way", "__fid": 57391}, "geometry": {"type": "LineString", "coordinates": [[2.3418716, 48.8948863], [2.34161, 48.8943957], [2.3415591, 48.8942786]]}}, {"type": "Feature", "properties": {"highway": "footway", "footway": "sidewalk", "name": null, "surface": "asphalt", "lit": "yes", "length_m": 2.71, "type_element": "Way", "__fid": 57392}, "geometry": {"type": "LineString", "coordinates": [[2.3415591, 48.8942786], [2.3415604, 48.8942542]]}}, {"type": "Feature", "properties": {"highway": "footway", "footway": "sidewalk", "name": null, "surface": "asphalt", "lit": "yes", "length_m": 122.84, "type_element": "Way", "__fid": 57393}, "geometry": {"type": "LineString", "coordinates": [[2.3415604, 48.8942542], [2.3415712, 48.89422970000001], [2.3418588, 48.8939694], [2.3420218, 48.8938376], [2.3426963, 48.89345440000001]]}}, {"type": "Feature", "properties": {"highway": "footway", "footway": "sidewalk", "name": null, "surface": "asphalt", "lit": "yes", "length_m": 36.64, "type_element": "Way", "__fid": 57407}, "geometry": {"type": "LineString", "coordinates": [[2.3421103, 48.8912166], [2.3419668, 48.891228], [2.3416463, 48.891238], [2.341615866666729, 48.891227633333486]]}}, {"type": "Feature", "properties": {"highway": "footway", "footway": "crossing", "name": null, "surface": "asphalt", "lit": "yes", "length_m": 9.98, "type_element": "Way", "__fid": 57409}, "geometry": {"type": "LineString", "coordinates": [[2.341604, 48.8924325], [2.3416623, 48.89251360000002]]}}, {"type": "Feature", "properties": {"highway": "footway", "footway": "sidewalk", "name": null, "surface": "asphalt", "lit": "yes", "length_m": 52.58, "type_element": "Way", "__fid": 57410}, "geometry": {"type": "LineString", "coordinates": [[2.341604, 48.8924325], [2.3422618, 48.8922443]]}}, {"type": "Feature", "properties": {"highway": "footway", "footway": "sidewalk", "name": null, "surface": "asphalt", "lit": "yes", "length_m": 33.94, "type_element": "Way", "__fid": 57440}, "geometry": {"type": "LineString", "coordinates": [[2.3420566, 48.8901598], [2.3416642, 48.890321600000014]]}}, {"type": "Feature", "properties": {"highway": "footway", "footway": "sidewalk", "name": null, "surface": "asphalt", "lit": "yes", "length_m": 32.79, "type_element": "Way", "__fid": 57450}, "geometry": {"type": "LineString", "coordinates": [[2.3416496, 48.8925485], [2.3416577, 48.8925683], [2.3419373, 48.8927715]]}}, {"type": "Feature", "properties": {"highway": "footway", "footway": "sidewalk", "name": null, "surface": "asphalt", "lit": "yes", "length_m": 3.99, "type_element": "Way", "__fid": 57451}, "geometry": {"type": "LineString", "coordinates": [[2.3416623, 48.89251360000002], [2.3416496, 48.8925485]]}}, {"type": "Feature", "properties": {"highway": "footway", "footway": "sidewalk", "name": null, "surface": "asphalt", "lit": "yes", "length_m": 51.13, "type_element": "Way", "__fid": 57464}, "geometry": {"type": "LineString", "coordinates": [[2.3423047, 48.892336], [2.3422437, 48.8923465], [2.3416623, 48.89251360000002]]}}, {"type": "Feature", "properties": {"highway": "footway", "footway": "crossing", "name": null, "surface": "asphalt", "lit": "yes", "length_m": 10.78, "type_element": "Way", "__fid": 57474}, "geometry": {"type": "LineString", "coordinates": [[2.3417629, 48.8893662], [2.3417157, 48.8892744]]}}, {"type": "Feature", "properties": {"highway": "footway", "footway": "crossing", "name": null, "surface": "asphalt", "lit": "yes", "length_m": 9.64, "type_element": "Way", "__fid": 57475}, "geometry": {"type": "LineString", "coordinates": [[2.3418441, 48.8892558], [2.3417157, 48.8892744]]}}, {"type": "Feature", "properties": {"highway": "footway", "footway": "sidewalk", "name": null, "surface": "asphalt", "lit": "yes", "length_m": 5.48, "type_element": "Way", "__fid": 57514}, "geometry": {"type": "LineString", "coordinates": [[2.3418342, 48.8893514], [2.3417629, 48.8893662]]}}, {"type": "Feature", "properties": {"highway": "steps", "footway": null, "name": "Rue de l'Abbé Patureau", "surface": "sett", "lit": "yes", "length_m": 5.27, "type_element": "Way", "__fid": 57553}, "geometry": {"type": "LineString", "coordinates": [[2.3418057, 48.88930790000001], [2.3418342, 48.8893514]]}}, {"type": "Feature", "properties": {"highway": "footway", "footway": "crossing", "name": null, "surface": "asphalt", "lit": "yes", "length_m": 18.98, "type_element": "Way", "__fid": 57554}, "geometry": {"type": "LineString", "coordinates": [[2.3417623, 48.8928134], [2.3419581, 48.892925]]}}, {"type": "Feature", "properties": {"highway": "footway", "footway": "sidewalk", "name": null, "surface": "asphalt", "lit": "yes", "length_m": 1.11, "type_element": "Way", "__fid": 57555}, "geometry": {"type": "LineString", "coordinates": [[2.341773, 48.8928064], [2.3417623, 48.8928134]]}}, {"type": "Feature", "properties": {"highway": "footway", "footway": "crossing", "name": null, "surface": "asphalt", "lit": "yes", "length_m": 12.8, "type_element": "Way", "__fid": 57563}, "geometry": {"type": "LineString", "coordinates": [[2.3419373, 48.8927715], [2.3419071, 48.8927852], [2.341773, 48.8928064]]}}, {"type": "Feature", "properties": {"highway": "steps", "footway": null, "name": "Rue de l'Abbé Patureau", "surface": "sett", "lit": "yes", "length_m": 21.37, "type_element": "Way", "__fid": 57583}, "geometry": {"type": "LineString", "coordinates": [[2.3418342, 48.8893514], [2.3419498, 48.8895278]]}}, {"type": "Feature", "properties": {"highway": "footway", "footway": "sidewalk", "name": null, "surface": "paving_stones", "lit": "yes", "length_m": 4.0, "type_element": "Way", "__fid": 57584}, "geometry": {"type": "LineString", "coordinates": [[2.341887, 48.88934239999998], [2.3418342, 48.8893514]]}}, {"type": "Feature", "properties": {"highway": "footway", "footway": "crossing", "name": null, "surface": "asphalt", "lit": "yes", "length_m": 10.13, "type_element": "Way", "__fid": 57593}, "geometry": {"type": "LineString", "coordinates": [[2.3418441, 48.8892558], [2.341887, 48.88934239999998]]}}, {"type": "Feature", "properties": {"highway": "footway", "footway": "sidewalk", "name": null, "surface": "asphalt", "lit": "yes", "length_m": 41.48, "type_element": "Way", "__fid": 57594}, "geometry": {"type": "LineString", "coordinates": [[2.3418441, 48.8892558], [2.3422444, 48.8891865], [2.3423872, 48.8891525]]}}, {"type": "Feature", "properties": {"highway": "footway", "footway": "sidewalk", "name": null, "surface": "asphalt", "lit": "yes", "length_m": 42.18, "type_element": "Way", "__fid": 57641}, "geometry": {"type": "LineString", "coordinates": [[2.341887, 48.88934239999998], [2.3424409, 48.8892401]]}}, {"type": "Feature", "properties": {"highway": "footway", "footway": "sidewalk", "name": null, "surface": "asphalt", "lit": "yes", "length_m": 1.95, "type_element": "Way", "__fid": 57648}, "geometry": {"type": "LineString", "coordinates": [[2.3419048, 48.8895337], [2.3418937, 48.8895178]]}}, {"type": "Feature", "properties": {"highway": "footway", "footway": "sidewalk", "name": null, "surface": "asphalt", "lit": "yes", "length_m": 17.15, "type_element": "Way", "__fid": 57662}, "geometry": {"type": "LineString", "coordinates": [[2.3419708, 48.8896779], [2.3419788, 48.8896554], [2.3419048, 48.8895337]]}}, {"type": "Feature", "properties": {"highway": "footway", "footway": "sidewalk", "name": null, "surface": "asphalt", "lit": "yes", "length_m": 3.36, "type_element": "Way", "__fid": 57663}, "geometry": {"type": "LineString", "coordinates": [[2.3419048, 48.8895337], [2.3419498, 48.8895278]]}}, {"type": "Feature", "properties": {"highway": "footway", "footway": "sidewalk", "name": null, "surface": "asphalt", "lit": "yes", "length_m": 102.61, "type_element": "Way", "__fid": 57673}, "geometry": {"type": "LineString", "coordinates": [[2.3422853, 48.8922178], [2.3419326, 48.8913881], [2.341897, 48.8913317]]}}, {"type": "Feature", "properties": {"highway": "footway", "footway": "crossing", "name": null, "surface": "asphalt", "lit": "yes", "length_m": 10.37, "type_element": "Way", "__fid": 57674}, "geometry": {"type": "LineString", "coordinates": [[2.341897, 48.8913317], [2.342037866666628, 48.89132303333352]]}}, {"type": "Feature", "properties": {"highway": "steps", "footway": null, "name": "Rue de l'Abbé Patureau", "surface": "sett", "lit": "yes", "length_m": 18.39, "type_element": "Way", "__fid": 57719}, "geometry": {"type": "LineString", "coordinates": [[2.3419498, 48.8895278], [2.3420493, 48.8896796]]}}, {"type": "Feature", "properties": {"highway": "footway", "footway": "sidewalk", "name": null, "surface": "asphalt", "lit": "yes", "length_m": 5.26, "type_element": "Way", "__fid": 57720}, "geometry": {"type": "LineString", "coordinates": [[2.3419498, 48.8895278], [2.3420177, 48.8895125]]}}, {"type": "Feature", "properties": {"highway": "footway", "footway": "sidewalk", "name": null, "surface": "asphalt", "lit": "yes", "length_m": 5.76, "type_element": "Way", "__fid": 57735}, "geometry": {"type": "LineString", "coordinates": [[2.3419708, 48.8896779], [2.3420493, 48.8896796]]}}, {"type": "Feature", "properties": {"highway": "footway", "footway": "sidewalk", "name": null, "surface": "asphalt", "lit": "yes", "length_m": 2.16, "type_element": "Way", "__fid": 57744}, "geometry": {"type": "LineString", "coordinates": [[2.3419373, 48.8927715], [2.3419628, 48.892781200000016]]}}, {"type": "Feature", "properties": {"highway": "footway", "footway": "crossing", "name": null, "surface": "asphalt", "lit": "yes", "length_m": 11.31, "type_element": "Way", "__fid": 57755}, "geometry": {"type": "LineString", "coordinates": [[2.3419756, 48.8902984], [2.3421042, 48.8902422]]}}, {"type": "Feature", "properties": {"highway": "footway", "footway": "sidewalk", "name": null, "surface": "asphalt", "lit": "yes", "length_m": 5.89, "type_element": "Way", "__fid": 57760}, "geometry": {"type": "LineString", "coordinates": [[2.3420177, 48.8895125], [2.3419882, 48.88946320000002]]}}, {"type": "Feature", "properties": {"highway": "pedestrian", "footway": null, "name": "Rue Duhesme", "surface": "sett", "lit": "yes", "length_m": 8.82, "type_element": "Way", "__fid": 57764}, "geometry": {"type": "LineString", "coordinates": [[2.3420324, 48.8929123], [2.3419498, 48.8928547]]}}, {"type": "Feature", "properties": {"highway": "footway", "footway": "sidewalk", "name": null, "surface": "asphalt", "lit": "yes", "length_m": 5.63, "type_element": "Way", "__fid": 57776}, "geometry": {"type": "LineString", "coordinates": [[2.3419581, 48.892925], [2.3420324, 48.8929123]]}}, {"type": "Feature", "properties": {"highway": "footway", "footway": "crossing", "name": null, "surface": "asphalt", "lit": "yes", "length_m": 18.43, "type_element": "Way", "__fid": 57777}, "geometry": {"type": "LineString", "coordinates": [[2.3419628, 48.892781200000016], [2.3419909, 48.8928099], [2.3421378, 48.892899]]}}, {"type": "Feature", "properties": {"highway": "footway", "footway": "sidewalk", "name": null, "surface": "asphalt", "lit": "yes", "length_m": 37.55, "type_element": "Way", "__fid": 57778}, "geometry": {"type": "LineString", "coordinates": [[2.3419628, 48.892781200000016], [2.3424663, 48.89271950000001]]}}, {"type": "Feature", "properties": {"highway": "footway", "footway": "sidewalk", "name": null, "surface": "asphalt", "lit": "yes", "length_m": 128.09, "type_element": "Way", "__fid": 57783}, "geometry": {"type": "LineString", "coordinates": [[2.3435841, 48.888894], [2.3435567, 48.8888799], [2.3420204, 48.88838159999998]]}}, {"type": "Feature", "properties": {"highway": "footway", "footway": "sidewalk", "name": null, "surface": "asphalt", "lit": "yes", "length_m": 20.67, "type_element": "Way", "__fid": 57794}, "geometry": {"type": "LineString", "coordinates": [[2.3420177, 48.8895125], [2.3421425, 48.88967920000001]]}}, {"type": "Feature", "properties": {"highway": "steps", "footway": null, "name": "Rue de l'Abbé Patureau", "surface": "sett", "lit": "yes", "length_m": 9.79, "type_element": "Way", "__fid": 57829}, "geometry": {"type": "LineString", "coordinates": [[2.3420493, 48.8896796], [2.3421023, 48.8897604]]}}, {"type": "Feature", "properties": {"highway": "footway", "footway": "sidewalk", "name": null, "surface": "asphalt", "lit": "yes", "length_m": 6.83, "type_element": "Way", "__fid": 57830}, "geometry": {"type": "LineString", "coordinates": [[2.3420493, 48.8896796], [2.3421425, 48.88967920000001]]}}, {"type": "Feature", "properties": {"highway": "footway", "footway": "sidewalk", "name": null, "surface": "asphalt", "lit": "yes", "length_m": 55.35, "type_element": "Way", "__fid": 57834}, "geometry": {"type": "LineString", "coordinates": [[2.3423983, 48.8891417], [2.3423929, 48.8891204], [2.3420915, 48.88870750000001], [2.342067, 48.88869969999999]]}}, {"type": "Feature", "properties": {"highway": "footway", "footway": "sidewalk", "name": null, "surface": "asphalt", "lit": "yes", "length_m": 70.65, "type_element": "Way", "__fid": 57837}, "geometry": {"type": "LineString", "coordinates": [[2.3420698, 48.88858350000001], [2.3421177, 48.8885765], [2.3421545, 48.8886016], [2.3425294, 48.88911309999999]]}}, {"type": "Feature", "properties": {"highway": "footway", "footway": "sidewalk", "name": null, "surface": "asphalt", "lit": "yes", "length_m": 100.22, "type_element": "Way", "__fid": 57843}, "geometry": {"type": "LineString", "coordinates": [[2.3424187, 48.8921821], [2.3424, 48.8921698], [2.3420566, 48.89136520000001], [2.3420466, 48.89132350000001], [2.342037866666628, 48.89132303333352]]}}, {"type": "Feature", "properties": {"highway": "footway", "footway": "sidewalk", "name": null, "surface": "asphalt", "lit": "yes", "length_m": 6.77, "type_element": "Way", "__fid": 57844}, "geometry": {"type": "LineString", "coordinates": [[2.342037866666628, 48.89132303333352], [2.3420674, 48.8913127], [2.342126, 48.8913085]]}}, {"type": "Feature", "properties": {"highway": "footway", "footway": "crossing", "name": null, "surface": "asphalt", "lit": "yes", "length_m": 9.83, "type_element": "Way", "__fid": 57851}, "geometry": {"type": "LineString", "coordinates": [[2.3420566, 48.8901598], [2.3421364, 48.8902308]]}}, {"type": "Feature", "properties": {"highway": "footway", "footway": "sidewalk", "name": null, "surface": "asphalt", "lit": "yes", "length_m": 58.9, "type_element": "Way", "__fid": 57852}, "geometry": {"type": "LineString", "coordinates": [[2.3427238, 48.889871], [2.3427044, 48.8898948], [2.3420566, 48.8901598]]}}, {"type": "Feature", "properties": {"highway": "pedestrian", "footway": null, "name": "Rue Duhesme", "surface": "sett", "lit": "yes", "length_m": 65.6, "type_element": "Way", "__fid": 57863}, "geometry": {"type": "LineString", "coordinates": [[2.3426398, 48.8933454], [2.3420324, 48.8929123]]}}, {"type": "Feature", "properties": {"highway": "footway", "footway": "sidewalk", "name": null, "surface": "asphalt", "lit": "yes", "length_m": 7.87, "type_element": "Way", "__fid": 57864}, "geometry": {"type": "LineString", "coordinates": [[2.3420324, 48.8929123], [2.3421378, 48.892899]]}}, {"type": "Feature", "properties": {"highway": "steps", "footway": null, "name": "Rue Cyrano de Bergerac", "surface": "sett", "lit": "yes", "length_m": 3.47, "type_element": "Way", "__fid": 57873}, "geometry": {"type": "LineString", "coordinates": [[2.342076, 48.8906221], [2.3420687, 48.8905913]]}}, {"type": "Feature", "properties": {"highway": "footway", "footway": "sidewalk", "name": null, "surface": "asphalt", "lit": "yes", "length_m": 7.88, "type_element": "Way", "__fid": 57874}, "geometry": {"type": "LineString", "coordinates": [[2.342068, 48.890744], [2.3420753, 48.8908147]]}}, {"type": "Feature", "properties": {"highway": "steps", "footway": null, "name": "Rue Cyrano de Bergerac", "surface": "sett", "lit": "yes", "length_m": 20.02, "type_element": "Way", "__fid": 57881}, "geometry": {"type": "LineString", "coordinates": [[2.342118099999974, 48.8908], [2.342076, 48.8906221]]}}, {"type": "Feature", "properties": {"highway": "footway", "footway": "sidewalk", "name": null, "surface": "asphalt", "lit": "yes", "length_m": 47.33, "type_element": "Way", "__fid": 57882}, "geometry": {"type": "LineString", "coordinates": [[2.342076, 48.8906221], [2.3421425, 48.8906152], [2.3421619, 48.8906029], [2.3420989, 48.8902607], [2.3421042, 48.8902422]]}}, {"type": "Feature", "properties": {"highway": "footway", "footway": "sidewalk", "name": null, "surface": "asphalt", "lit": "yes", "length_m": 44.37, "type_element": "Way", "__fid": 57883}, "geometry": {"type": "LineString", "coordinates": [[2.3420753, 48.8908147], [2.3421405, 48.891190600000016], [2.3421297, 48.89121]]}}, {"type": "Feature", "properties": {"highway": "footway", "footway": "sidewalk", "name": null, "surface": "asphalt", "lit": "yes", "length_m": 3.88, "type_element": "Way", "__fid": 57884}, "geometry": {"type": "LineString", "coordinates": [[2.3420753, 48.8908147], [2.3420902, 48.8908015], [2.342118099999974, 48.8908]]}}, {"type": "Feature", "properties": {"highway": "footway", "footway": "sidewalk", "name": null, "surface": "asphalt", "lit": "yes", "length_m": 2.68, "type_element": "Way", "__fid": 57911}, "geometry": {"type": "LineString", "coordinates": [[2.3421042, 48.8902422], [2.3421364, 48.8902308]]}}, {"type": "Feature", "properties": {"highway": "pedestrian", "footway": null, "name": "Rue Becquerel", "surface": "sett", "lit": "yes", "length_m": 118.95, "type_element": "Way", "__fid": 57928}, "geometry": {"type": "LineString", "coordinates": [[2.3435865, 48.8888469], [2.3422212, 48.8884037], [2.3421426, 48.8883625]]}}, {"type": "Feature", "properties": {"highway": "footway", "footway": "crossing", "name": null, "surface": "asphalt", "lit": "yes", "length_m": 5.57, "type_element": "Way", "__fid": 57935}, "geometry": {"type": "LineString", "coordinates": [[2.3421103, 48.8912166], [2.3421193, 48.8912663]]}}, {"type": "Feature", "properties": {"highway": "footway", "footway": "sidewalk", "name": null, "surface": "asphalt", "lit": "yes", "length_m": 1.6, "type_element": "Way", "__fid": 57936}, "geometry": {"type": "LineString", "coordinates": [[2.3421297, 48.89121], [2.3421103, 48.8912166]]}}, {"type": "Feature", "properties": {"highway": "footway", "footway": "sidewalk", "name": null, "surface": "asphalt", "lit": "yes", "length_m": 6.01, "type_element": "Way", "__fid": 57943}, "geometry": {"type": "LineString", "coordinates": [[2.3421911, 48.890809300000015], [2.342178, 48.890797699999986], [2.342118099999974, 48.8908]]}}, {"type": "Feature", "properties": {"highway": "footway", "footway": "crossing", "name": null, "surface": "asphalt", "lit": "yes", "length_m": 4.72, "type_element": "Way", "__fid": 57960}, "geometry": {"type": "LineString", "coordinates": [[2.3421193, 48.8912663], [2.342126, 48.8913085]]}}, {"type": "Feature", "properties": {"highway": "living_street", "footway": null, "name": "Rue Marcadet", "surface": "asphalt", "lit": "yes", "length_m": 48.79, "type_element": "Way", "__fid": 57961}, "geometry": {"type": "LineString", "coordinates": [[2.3427836, 48.8912417], [2.3421193, 48.8912663]]}}, {"type": "Feature", "properties": {"highway": "footway", "footway": "sidewalk", "name": null, "surface": "asphalt", "lit": "yes", "length_m": 41.7, "type_element": "Way", "__fid": 57965}, "geometry": {"type": "LineString", "coordinates": [[2.3421425, 48.88967920000001], [2.3427097, 48.8897057]]}}, {"type": "Feature", "properties": {"highway": "footway", "footway": "sidewalk", "name": null, "surface": "asphalt", "lit": "yes", "length_m": 65.21, "type_element": "Way", "__fid": 57966}, "geometry": {"type": "LineString", "coordinates": [[2.3421364, 48.8902308], [2.3428942, 48.8899239]]}}, {"type": "Feature", "properties": {"highway": "footway", "footway": "sidewalk", "name": null, "surface": "asphalt", "lit": "yes", "length_m": 37.68, "type_element": "Way", "__fid": 57970}, "geometry": {"type": "LineString", "coordinates": [[2.342126, 48.8913085], [2.3425988, 48.8912953], [2.3426313, 48.8913114]]}}, {"type": "Feature", "properties": {"highway": "footway", "footway": "crossing", "name": null, "surface": "asphalt", "lit": "yes", "length_m": 11.17, "type_element": "Way", "__fid": 57971}, "geometry": {"type": "LineString", "coordinates": [[2.3421297, 48.89121], [2.3422819, 48.8912067]]}}, {"type": "Feature", "properties": {"highway": "footway", "footway": "sidewalk", "name": null, "surface": "asphalt", "lit": "yes", "length_m": 27.88, "type_element": "Way", "__fid": 58011}, "geometry": {"type": "LineString", "coordinates": [[2.3421378, 48.892899], [2.3425093, 48.8928456]]}}, {"type": "Feature", "properties": {"highway": "footway", "footway": "sidewalk", "name": null, "surface": "asphalt", "lit": "yes", "length_m": 6.68, "type_element": "Way", "__fid": 58029}, "geometry": {"type": "LineString", "coordinates": [[2.3421911, 48.890809300000015], [2.3421793, 48.8907497]]}}, {"type": "Feature", "properties": {"highway": "footway", "footway": "sidewalk", "name": null, "surface": "asphalt", "lit": "yes", "length_m": 44.84, "type_element": "Way", "__fid": 58048}, "geometry": {"type": "LineString", "coordinates": [[2.3422819, 48.8912067], [2.3422658, 48.8911868], [2.3421911, 48.890809300000015]]}}, {"type": "Feature", "properties": {"highway": "footway", "footway": "sidewalk", "name": null, "surface": "asphalt", "lit": "yes", "length_m": 106.88, "type_element": "Way", "__fid": 58122}, "geometry": {"type": "LineString", "coordinates": [[2.3435734, 48.8887714], [2.3435412, 48.8887776], [2.3423356, 48.8883874], [2.342292, 48.888370600000016], [2.3422839, 48.8883512]]}}, {"type": "Feature", "properties": {"highway": "footway", "footway": "crossing", "name": null, "surface": "asphalt", "lit": "yes", "length_m": 10.67, "type_element": "Way", "__fid": 58151}, "geometry": {"type": "LineString", "coordinates": [[2.3422618, 48.8922443], [2.3423047, 48.892336]]}}, {"type": "Feature", "properties": {"highway": "footway", "footway": "sidewalk", "name": null, "surface": "asphalt", "lit": "yes", "length_m": 3.41, "type_element": "Way", "__fid": 58152}, "geometry": {"type": "LineString", "coordinates": [[2.3422618, 48.8922443], [2.3422853, 48.8922178]]}}, {"type": "Feature", "properties": {"highway": "footway", "footway": "sidewalk", "name": null, "surface": "asphalt", "lit": "yes", "length_m": 36.66, "type_element": "Way", "__fid": 58163}, "geometry": {"type": "LineString", "coordinates": [[2.3427788, 48.891198899999985], [2.3423094, 48.89121460000001], [2.3422819, 48.8912067]]}}, {"type": "Feature", "properties": {"highway": "footway", "footway": "crossing", "name": null, "surface": "asphalt", "lit": "yes", "length_m": 10.56, "type_element": "Way", "__fid": 58176}, "geometry": {"type": "LineString", "coordinates": [[2.3422853, 48.8922178], [2.3424187, 48.8921821]]}}, {"type": "Feature", "properties": {"highway": "footway", "footway": "sidewalk", "name": null, "surface": "asphalt", "lit": "yes", "length_m": 3.02, "type_element": "Way", "__fid": 58203}, "geometry": {"type": "LineString", "coordinates": [[2.342343, 48.89234609999998], [2.3423047, 48.892336]]}}, {"type": "Feature", "properties": {"highway": "footway", "footway": "sidewalk", "name": null, "surface": "asphalt", "lit": "yes", "length_m": 41.36, "type_element": "Way", "__fid": 58246}, "geometry": {"type": "LineString", "coordinates": [[2.3424797, 48.8927054], [2.3424811, 48.89266880000001], [2.342343, 48.89234609999998]]}}, {"type": "Feature", "properties": {"highway": "footway", "footway": "crossing", "name": null, "surface": "asphalt", "lit": "yes", "length_m": 9.9, "type_element": "Way", "__fid": 58247}, "geometry": {"type": "LineString", "coordinates": [[2.342343, 48.89234609999998], [2.3424643, 48.8923069]]}}, {"type": "Feature", "properties": {"highway": "footway", "footway": "crossing", "name": null, "surface": "asphalt", "lit": "yes", "length_m": 10.51, "type_element": "Way", "__fid": 58252}, "geometry": {"type": "LineString", "coordinates": [[2.3423872, 48.8891525], [2.3424409, 48.8892401]]}}, {"type": "Feature", "properties": {"highway": "footway", "footway": "sidewalk", "name": null, "surface": "sett", "lit": "yes", "length_m": 1.45, "type_element": "Way", "__fid": 58253}, "geometry": {"type": "LineString", "coordinates": [[2.3423872, 48.8891525], [2.3423983, 48.8891417]]}}, {"type": "Feature", "properties": {"highway": "footway", "footway": "crossing", "name": null, "surface": "sett", "lit": "yes", "length_m": 10.13, "type_element": "Way", "__fid": 58259}, "geometry": {"type": "LineString", "coordinates": [[2.3423983, 48.8891417], [2.3425294, 48.88911309999999]]}}, {"type": "Feature", "properties": {"highway": "footway", "footway": "sidewalk", "name": null, "surface": "concrete", "lit": "yes", "length_m": 2.33, "type_element": "Way", "__fid": 58303}, "geometry": {"type": "LineString", "coordinates": [[2.3424409, 48.8892401], [2.3424717, 48.8892454]]}}, {"type": "Feature", "properties": {"highway": "footway", "footway": "sidewalk", "name": null, "surface": "asphalt", "lit": "yes", "length_m": 2.23, "type_element": "Way", "__fid": 58316}, "geometry": {"type": "LineString", "coordinates": [[2.3424469, 48.8921896], [2.3424187, 48.8921821]]}}, {"type": "Feature", "properties": {"highway": "footway", "footway": "sidewalk", "name": null, "surface": "concrete", "lit": "yes", "length_m": 27.27, "type_element": "Way", "__fid": 58331}, "geometry": {"type": "LineString", "coordinates": [[2.3424717, 48.8892454], [2.3424952, 48.8892626], [2.3426125, 48.889427], [2.3426699, 48.8894128]]}}, {"type": "Feature", "properties": {"highway": "footway", "footway": "crossing", "name": null, "surface": "asphalt", "lit": "yes", "length_m": 10.71, "type_element": "Way", "__fid": 58332}, "geometry": {"type": "LineString", "coordinates": [[2.3424717, 48.8892454], [2.3424824, 48.8892365], [2.342606266666587, 48.88921316666683]]}}, {"type": "Feature", "properties": {"highway": "footway", "footway": "crossing", "name": null, "surface": "asphalt", "lit": "yes", "length_m": 10.45, "type_element": "Way", "__fid": 58344}, "geometry": {"type": "LineString", "coordinates": [[2.3424469, 48.8921896], [2.3424804, 48.89228090000001]]}}, {"type": "Feature", "properties": {"highway": "footway", "footway": "sidewalk", "name": null, "surface": "asphalt", "lit": "yes", "length_m": 37.89, "type_element": "Way", "__fid": 58345}, "geometry": {"type": "LineString", "coordinates": [[2.3429237, 48.892058200000015], [2.3424469, 48.8921896]]}}, {"type": "Feature", "properties": {"highway": "footway", "footway": "sidewalk", "name": null, "surface": "asphalt", "lit": "yes", "length_m": 43.84, "type_element": "Way", "__fid": 58369}, "geometry": {"type": "LineString", "coordinates": [[2.3426407, 48.89268160000001], [2.3426192, 48.89266530000001], [2.3424643, 48.8923069]]}}, {"type": "Feature", "properties": {"highway": "footway", "footway": "sidewalk", "name": null, "surface": "asphalt", "lit": "yes", "length_m": 3.12, "type_element": "Way", "__fid": 58370}, "geometry": {"type": "LineString", "coordinates": [[2.3424643, 48.8923069], [2.3424804, 48.89228090000001]]}}, {"type": "Feature", "properties": {"highway": "footway", "footway": "crossing", "name": null, "surface": "asphalt", "lit": "yes", "length_m": 14.37, "type_element": "Way", "__fid": 58381}, "geometry": {"type": "LineString", "coordinates": [[2.3424663, 48.89271950000001], [2.3425093, 48.8928456]]}}, {"type": "Feature", "properties": {"highway": "footway", "footway": "sidewalk", "name": null, "surface": "asphalt", "lit": "yes", "length_m": 1.85, "type_element": "Way", "__fid": 58382}, "geometry": {"type": "LineString", "coordinates": [[2.3424663, 48.89271950000001], [2.3424797, 48.8927054]]}}, {"type": "Feature", "properties": {"highway": "footway", "footway": "sidewalk", "name": null, "surface": "asphalt", "lit": "yes", "length_m": 38.85, "type_element": "Way", "__fid": 58390}, "geometry": {"type": "LineString", "coordinates": [[2.3424804, 48.89228090000001], [2.3428412, 48.892179], [2.3429451, 48.892153], [2.3429713, 48.89215260000001]]}}, {"type": "Feature", "properties": {"highway": "footway", "footway": "crossing", "name": null, "surface": "asphalt", "lit": "yes", "length_m": 12.38, "type_element": "Way", "__fid": 58398}, "geometry": {"type": "LineString", "coordinates": [[2.3424797, 48.8927054], [2.3425113, 48.892708100000014], [2.3426165, 48.8926922], [2.3426407, 48.89268160000001]]}}, {"type": "Feature", "properties": {"highway": "footway", "footway": "sidewalk", "name": null, "surface": "asphalt", "lit": "yes", "length_m": 1.94, "type_element": "Way", "__fid": 58401}, "geometry": {"type": "LineString", "coordinates": [[2.3425294, 48.88911309999999], [2.3425488, 48.889125]]}}, {"type": "Feature", "properties": {"highway": "footway", "footway": "crossing", "name": null, "surface": "asphalt", "lit": "yes", "length_m": 9.86, "type_element": "Way", "__fid": 58418}, "geometry": {"type": "LineString", "coordinates": [[2.3425488, 48.889125], [2.342623266666472, 48.889198800000074]]}}, {"type": "Feature", "properties": {"highway": "footway", "footway": "sidewalk", "name": null, "surface": "asphalt", "lit": "yes", "length_m": 79.13, "type_element": "Way", "__fid": 58419}, "geometry": {"type": "LineString", "coordinates": [[2.3425488, 48.889125], [2.342868, 48.8890734], [2.3435875, 48.8889328]]}}, {"type": "Feature", "properties": {"highway": "footway", "footway": "sidewalk", "name": null, "surface": "asphalt", "lit": "yes", "length_m": 50.51, "type_element": "Way", "__fid": 58423}, "geometry": {"type": "LineString", "coordinates": [[2.3425093, 48.8928456], [2.3431838, 48.8927535]]}}, {"type": "Feature", "properties": {"highway": "footway", "footway": "crossing", "name": null, "surface": "asphalt", "lit": "yes", "length_m": 12.37, "type_element": "Way", "__fid": 58481}, "geometry": {"type": "LineString", "coordinates": [[2.3425485, 48.8934007], [2.3426963, 48.89345440000001]]}}, {"type": "Feature", "properties": {"highway": "footway", "footway": "sidewalk", "name": null, "surface": "asphalt", "lit": "yes", "length_m": 9.09, "type_element": "Way", "__fid": 58482}, "geometry": {"type": "LineString", "coordinates": [[2.3426398, 48.8933454], [2.3425485, 48.8934007]]}}, {"type": "Feature", "properties": {"highway": "footway", "footway": "sidewalk", "name": null, "surface": "concrete", "lit": "yes", "length_m": 26.46, "type_element": "Way", "__fid": 58483}, "geometry": {"type": "LineString", "coordinates": [[2.3426699, 48.8894128], [2.3427118, 48.8893984], [2.3427238, 48.8893838], [2.3426152, 48.88921410000001], [2.342606266666587, 48.88921316666683]]}}, {"type": "Feature", "properties": {"highway": "footway", "footway": "sidewalk", "name": null, "surface": "asphalt", "lit": "yes", "length_m": 2.59, "type_element": "Way", "__fid": 58484}, "geometry": {"type": "LineString", "coordinates": [[2.342606266666587, 48.88921316666683], [2.3426286, 48.8892026], [2.342623266666472, 48.889198800000074]]}}, {"type": "Feature", "properties": {"highway": "footway", "footway": "sidewalk", "name": null, "surface": null, "lit": "yes", "length_m": 77.11, "type_element": "Way", "__fid": 58499}, "geometry": {"type": "LineString", "coordinates": [[2.342623266666472, 48.889198800000074], [2.3436385, 48.8890179]]}}, {"type": "Feature", "properties": {"highway": "footway", "footway": "sidewalk", "name": null, "surface": "asphalt", "lit": "yes", "length_m": 83.02, "type_element": "Way", "__fid": 58538}, "geometry": {"type": "LineString", "coordinates": [[2.3426313, 48.8913114], [2.3426829, 48.8914115], [2.3429444, 48.8920287]]}}, {"type": "Feature", "properties": {"highway": "footway", "footway": "crossing", "name": null, "surface": "asphalt", "lit": "yes", "length_m": 10.9, "type_element": "Way", "__fid": 58539}, "geometry": {"type": "LineString", "coordinates": [[2.3426313, 48.8913114], [2.3427795, 48.8913034]]}}, {"type": "Feature", "properties": {"highway": "steps", "footway": null, "name": "Rue du Mont Cenis", "surface": "asphalt", "lit": "yes", "length_m": 0.64, "type_element": "Way", "__fid": 58546}, "geometry": {"type": "LineString", "coordinates": [[2.3426662, 48.8894076], [2.3426699, 48.8894128]]}}, {"type": "Feature", "properties": {"highway": "steps", "footway": null, "name": "Rue du Mont Cenis", "surface": "asphalt", "lit": "yes", "length_m": 35.9, "type_element": "Way", "__fid": 58548}, "geometry": {"type": "LineString", "coordinates": [[2.3426699, 48.8894128], [2.34288, 48.8897044]]}}, {"type": "Feature", "properties": {"highway": "footway", "footway": "sidewalk", "name": null, "surface": "asphalt", "lit": "yes", "length_m": 38.61, "type_element": "Way", "__fid": 58566}, "geometry": {"type": "LineString", "coordinates": [[2.3426407, 48.89268160000001], [2.3426729, 48.8926829], [2.3431604, 48.89262870000001]]}}, {"type": "Feature", "properties": {"highway": "pedestrian", "footway": null, "name": "Rue Duhesme", "surface": "sett", "lit": "yes", "length_m": 6.5, "type_element": "Way", "__fid": 58568}, "geometry": {"type": "LineString", "coordinates": [[2.3427, 48.8933883], [2.3426398, 48.8933454]]}}, {"type": "Feature", "properties": {"highway": "footway", "footway": "sidewalk", "name": null, "surface": "asphalt", "lit": "yes", "length_m": 20.42, "type_element": "Way", "__fid": 58569}, "geometry": {"type": "LineString", "coordinates": [[2.3428532, 48.89322740000002], [2.3426398, 48.8933454]]}}, {"type": "Feature", "properties": {"highway": "footway", "footway": "crossing", "name": null, "surface": "asphalt", "lit": "yes", "length_m": 16.86, "type_element": "Way", "__fid": 58601}, "geometry": {"type": "LineString", "coordinates": [[2.3427097, 48.8897057], [2.3427097, 48.8898573]]}}, {"type": "Feature", "properties": {"highway": "footway", "footway": "sidewalk", "name": null, "surface": "asphalt", "lit": "yes", "length_m": 12.49, "type_element": "Way", "__fid": 58602}, "geometry": {"type": "LineString", "coordinates": [[2.3427097, 48.8897057], [2.34288, 48.8897044]]}}, {"type": "Feature", "properties": {"highway": "footway", "footway": "sidewalk", "name": null, "surface": "asphalt", "lit": "yes", "length_m": 1.84, "type_element": "Way", "__fid": 58603}, "geometry": {"type": "LineString", "coordinates": [[2.3427097, 48.8898573], [2.3427238, 48.889871]]}}, {"type": "Feature", "properties": {"highway": "footway", "footway": "crossing", "name": null, "surface": "asphalt", "lit": "yes", "length_m": 14.01, "type_element": "Way", "__fid": 58618}, "geometry": {"type": "LineString", "coordinates": [[2.3427238, 48.889871], [2.3427795, 48.8898776], [2.3428942, 48.8899239]]}}, {"type": "Feature", "properties": {"highway": "footway", "footway": "sidewalk", "name": null, "surface": "paving_stones", "lit": "yes", "length_m": 6.39, "type_element": "Way", "__fid": 58629}, "geometry": {"type": "LineString", "coordinates": [[2.3426963, 48.89345440000001], [2.3427414, 48.8934335], [2.3427728, 48.8934293]]}}, {"type": "Feature", "properties": {"highway": "footway", "footway": "crossing", "name": null, "surface": "asphalt", "lit": "yes", "length_m": 4.77, "type_element": "Way", "__fid": 58670}, "geometry": {"type": "LineString", "coordinates": [[2.3427788, 48.891198899999985], [2.3427836, 48.8912417]]}}, {"type": "Feature", "properties": {"highway": "footway", "footway": "sidewalk", "name": null, "surface": "asphalt", "lit": "yes", "length_m": 56.29, "type_element": "Way", "__fid": 58671}, "geometry": {"type": "LineString", "coordinates": [[2.343545066666643, 48.89118216666668], [2.3435164, 48.89117779999999], [2.3427788, 48.891198899999985]]}}, {"type": "Feature", "properties": {"highway": "footway", "footway": "sidewalk", "name": null, "surface": "asphalt", "lit": "yes", "length_m": 80.59, "type_element": "Way", "__fid": 58673}, "geometry": {"type": "LineString", "coordinates": [[2.3430786, 48.89199869999999], [2.3430584, 48.8919802], [2.3427835, 48.8913369], [2.3427795, 48.8913034]]}}, {"type": "Feature", "properties": {"highway": "footway", "footway": "sidewalk", "name": null, "surface": "asphalt", "lit": "yes", "length_m": 1.93, "type_element": "Way", "__fid": 58674}, "geometry": {"type": "LineString", "coordinates": [[2.3427795, 48.8913034], [2.3427949, 48.8912893]]}}, {"type": "Feature", "properties": {"highway": "footway", "footway": "crossing", "name": null, "surface": "asphalt", "lit": "yes", "length_m": 5.36, "type_element": "Way", "__fid": 58675}, "geometry": {"type": "LineString", "coordinates": [[2.3427949, 48.8912893], [2.3427836, 48.8912417]]}}, {"type": "Feature", "properties": {"highway": "footway", "footway": "sidewalk", "name": null, "surface": "asphalt", "lit": "yes", "length_m": 55.54, "type_element": "Way", "__fid": 58686}, "geometry": {"type": "LineString", "coordinates": [[2.3427949, 48.8912893], [2.3428479, 48.8912823], [2.3435506, 48.8912607]]}}, {"type": "Feature", "properties": {"highway": "footway", "footway": "sidewalk", "name": null, "surface": "paving_stones", "lit": "yes", "length_m": 37.12, "type_element": "Way", "__fid": 58690}, "geometry": {"type": "LineString", "coordinates": [[2.3427728, 48.8934293], [2.3428144, 48.893447], [2.3428955, 48.893517], [2.3429277, 48.8935569], [2.3429773, 48.8937216]]}}, {"type": "Feature", "properties": {"highway": "footway", "footway": "sidewalk", "name": null, "surface": "asphalt", "lit": "yes", "length_m": 19.02, "type_element": "Way", "__fid": 58691}, "geometry": {"type": "LineString", "coordinates": [[2.3427728, 48.8934293], [2.3429666, 48.893315600000015]]}}, {"type": "Feature", "properties": {"highway": "steps", "footway": null, "name": "Rue du Mont Cenis", "surface": "asphalt", "lit": "yes", "length_m": 10.83, "type_element": "Way", "__fid": 58727}, "geometry": {"type": "LineString", "coordinates": [[2.34288, 48.8897044], [2.3429434, 48.88979239999998]]}}, {"type": "Feature", "properties": {"highway": "footway", "footway": "sidewalk", "name": null, "surface": "asphalt", "lit": "yes", "length_m": 6.42, "type_element": "Way", "__fid": 58728}, "geometry": {"type": "LineString", "coordinates": [[2.34288, 48.8897044], [2.3429672, 48.8896995]]}}, {"type": "Feature", "properties": {"highway": "footway", "footway": "sidewalk", "name": null, "surface": "asphalt", "lit": "yes", "length_m": 4.52, "type_element": "Way", "__fid": 58737}, "geometry": {"type": "LineString", "coordinates": [[2.3428942, 48.8899239], [2.3429176, 48.8899142], [2.3429511, 48.88991819999998]]}}, {"type": "Feature", "properties": {"highway": "footway", "footway": "crossing", "name": null, "surface": "asphalt", "lit": "yes", "length_m": 12.86, "type_element": "Way", "__fid": 58738}, "geometry": {"type": "LineString", "coordinates": [[2.3429666, 48.893315600000015], [2.3428532, 48.89322740000002]]}}, {"type": "Feature", "properties": {"highway": "footway", "footway": "sidewalk", "name": null, "surface": "asphalt", "lit": "yes", "length_m": 81.95, "type_element": "Way", "__fid": 58739}, "geometry": {"type": "LineString", "coordinates": [[2.3428532, 48.89322740000002], [2.3437077, 48.8927524]]}}, {"type": "Feature", "properties": {"highway": "footway", "footway": "crossing", "name": null, "surface": "asphalt", "lit": "yes", "length_m": 11.15, "type_element": "Way", "__fid": 58781}, "geometry": {"type": "LineString", "coordinates": [[2.3429713, 48.89215260000001], [2.3429706, 48.8921363], [2.3429237, 48.892058200000015]]}}, {"type": "Feature", "properties": {"highway": "footway", "footway": "sidewalk", "name": null, "surface": "asphalt", "lit": "yes", "length_m": 3.97, "type_element": "Way", "__fid": 58782}, "geometry": {"type": "LineString", "coordinates": [[2.3429444, 48.8920287], [2.3429444, 48.8920463], [2.3429237, 48.892058200000015]]}}, {"type": "Feature", "properties": {"highway": "footway", "footway": "sidewalk", "name": null, "surface": "asphalt", "lit": "yes", "length_m": 53.58, "type_element": "Way", "__fid": 58784}, "geometry": {"type": "LineString", "coordinates": [[2.3429511, 48.88991819999998], [2.3429786, 48.8899305], [2.3430041, 48.8899614], [2.3432811, 48.8903449]]}}, {"type": "Feature", "properties": {"highway": "footway", "footway": "crossing", "name": null, "surface": "asphalt", "lit": "yes", "length_m": 12.8, "type_element": "Way", "__fid": 58785}, "geometry": {"type": "LineString", "coordinates": [[2.3430772, 48.8898445], [2.343049, 48.8898498], [2.3429605, 48.8899014], [2.3429511, 48.88991819999998]]}}, {"type": "Feature", "properties": {"highway": "footway", "footway": "crossing", "name": null, "surface": "asphalt", "lit": "yes", "length_m": 17.24, "type_element": "Way", "__fid": 58794}, "geometry": {"type": "LineString", "coordinates": [[2.3429672, 48.8896995], [2.3429726, 48.8897295], [2.3430578, 48.8898163], [2.3430839, 48.8898291]]}}, {"type": "Feature", "properties": {"highway": "footway", "footway": "sidewalk", "name": null, "surface": "asphalt", "lit": "yes", "length_m": 62.55, "type_element": "Way", "__fid": 58795}, "geometry": {"type": "LineString", "coordinates": [[2.3437635, 48.8895014], [2.3430705, 48.88968710000001], [2.3429672, 48.8896995]]}}, {"type": "Feature", "properties": {"highway": "footway", "footway": "crossing", "name": null, "surface": "asphalt", "lit": "yes", "length_m": 10.45, "type_element": "Way", "__fid": 58803}, "geometry": {"type": "LineString", "coordinates": [[2.3429444, 48.8920287], [2.3430055, 48.8920203], [2.3430786, 48.89199869999999]]}}, {"type": "Feature", "properties": {"highway": "footway", "footway": "sidewalk", "name": null, "surface": "asphalt", "lit": "yes", "length_m": 2.03, "type_element": "Way", "__fid": 58834}, "geometry": {"type": "LineString", "coordinates": [[2.3429974, 48.8921587], [2.3429713, 48.89215260000001]]}}, {"type": "Feature", "properties": {"highway": "footway", "footway": "sidewalk", "name": null, "surface": "asphalt", "lit": "yes", "length_m": 39.42, "type_element": "Way", "__fid": 58841}, "geometry": {"type": "LineString", "coordinates": [[2.3429666, 48.893315600000015], [2.3429981, 48.8933354], [2.3430497, 48.893557600000015], [2.343146, 48.8936362]]}}, {"type": "Feature", "properties": {"highway": "footway", "footway": "sidewalk", "name": null, "surface": "asphalt", "lit": "yes", "length_m": 77.95, "type_element": "Way", "__fid": 58842}, "geometry": {"type": "LineString", "coordinates": [[2.3437662, 48.892855800000014], [2.3429967, 48.8932854], [2.3429666, 48.893315600000015]]}}, {"type": "Feature", "properties": {"highway": "footway", "footway": "sidewalk", "name": null, "surface": "asphalt", "lit": "yes", "length_m": 124.4, "type_element": "Way", "__fid": 58856}, "geometry": {"type": "LineString", "coordinates": [[2.3429773, 48.8937216], [2.3429773, 48.8938468], [2.343155, 48.8948334]]}}, {"type": "Feature", "properties": {"highway": "footway", "footway": "crossing", "name": null, "surface": "asphalt", "lit": "yes", "length_m": 7.71, "type_element": "Way", "__fid": 58857}, "geometry": {"type": "LineString", "coordinates": [[2.3430811, 48.8937106], [2.3429773, 48.8937216]]}}, {"type": "Feature", "properties": {"highway": "footway", "footway": "sidewalk", "name": null, "surface": "asphalt", "lit": "yes", "length_m": 52.09, "type_element": "Way", "__fid": 58859}, "geometry": {"type": "LineString", "coordinates": [[2.3431825, 48.8926102], [2.3431758, 48.8925639], [2.3429974, 48.8921587]]}}, {"type": "Feature", "properties": {"highway": "footway", "footway": "crossing", "name": null, "surface": "asphalt", "lit": "yes", "length_m": 10.29, "type_element": "Way", "__fid": 58860}, "geometry": {"type": "LineString", "coordinates": [[2.3429974, 48.8921587], [2.3430122, 48.892149], [2.3431235, 48.89212040000001]]}}, {"type": "Feature", "properties": {"highway": "footway", "footway": "sidewalk", "name": null, "surface": "asphalt", "lit": "yes", "length_m": 44.3, "type_element": "Way", "__fid": 58911}, "geometry": {"type": "LineString", "coordinates": [[2.3433501, 48.8901946], [2.3432891, 48.8901589], [2.34309, 48.8898785], [2.3430772, 48.8898445]]}}, {"type": "Feature", "properties": {"highway": "footway", "footway": "sidewalk", "name": null, "surface": "asphalt", "lit": "yes", "length_m": 1.78, "type_element": "Way", "__fid": 58912}, "geometry": {"type": "LineString", "coordinates": [[2.3430772, 48.8898445], [2.3430839, 48.8898291]]}}, {"type": "Feature", "properties": {"highway": "footway", "footway": "sidewalk", "name": null, "surface": "asphalt", "lit": "yes", "length_m": 59.34, "type_element": "Way", "__fid": 58920}, "geometry": {"type": "LineString", "coordinates": [[2.3430839, 48.8898291], [2.343446, 48.8897233], [2.3438064, 48.8896256], [2.3438299, 48.8896245]]}}, {"type": "Feature", "properties": {"highway": "footway", "footway": "sidewalk", "name": null, "surface": "asphalt", "lit": "yes", "length_m": 2.37, "type_element": "Way", "__fid": 58942}, "geometry": {"type": "LineString", "coordinates": [[2.3431081, 48.8920075], [2.3430786, 48.89199869999999]]}}, {"type": "Feature", "properties": {"highway": "footway", "footway": "sidewalk", "name": null, "surface": "asphalt", "lit": "yes", "length_m": 5.78, "type_element": "Way", "__fid": 58958}, "geometry": {"type": "LineString", "coordinates": [[2.3431125, 48.8937583], [2.3430811, 48.8937106]]}}, {"type": "Feature", "properties": {"highway": "footway", "footway": "crossing", "name": null, "surface": "asphalt", "lit": "yes", "length_m": 11.33, "type_element": "Way", "__fid": 58959}, "geometry": {"type": "LineString", "coordinates": [[2.3430811, 48.8937106], [2.3430631, 48.8936833], [2.343146, 48.8936362]]}}, {"type": "Feature", "properties": {"highway": "footway", "footway": "crossing", "name": null, "surface": "asphalt", "lit": "yes", "length_m": 10.41, "type_element": "Way", "__fid": 58963}, "geometry": {"type": "LineString", "coordinates": [[2.3431081, 48.8920075], [2.3431449, 48.8920979]]}}, {"type": "Feature", "properties": {"highway": "footway", "footway": "sidewalk", "name": null, "surface": "asphalt", "lit": "yes", "length_m": 57.64, "type_element": "Way", "__fid": 58964}, "geometry": {"type": "LineString", "coordinates": [[2.3438323, 48.8918065], [2.3437746, 48.891827599999985], [2.3431081, 48.8920075]]}}, {"type": "Feature", "properties": {"highway": "footway", "footway": "sidewalk", "name": null, "surface": "asphalt", "lit": "yes", "length_m": 54.66, "type_element": "Way", "__fid": 58984}, "geometry": {"type": "LineString", "coordinates": [[2.3433307, 48.892592600000015], [2.3431235, 48.89212040000001]]}}, {"type": "Feature", "properties": {"highway": "footway", "footway": "sidewalk", "name": null, "surface": "asphalt", "lit": "yes", "length_m": 2.95, "type_element": "Way", "__fid": 58985}, "geometry": {"type": "LineString", "coordinates": [[2.3431235, 48.89212040000001], [2.3431449, 48.8920979]]}}, {"type": "Feature", "properties": {"highway": "footway", "footway": "sidewalk", "name": null, "surface": "asphalt", "lit": "yes", "length_m": 117.42, "type_element": "Way", "__fid": 58999}, "geometry": {"type": "LineString", "coordinates": [[2.3431125, 48.8937583], [2.3431, 48.89376260000002], [2.343096, 48.8937899], [2.3432837, 48.8947735], [2.3433005, 48.8947991]]}}, {"type": "Feature", "properties": {"highway": "footway", "footway": "sidewalk", "name": null, "surface": "asphalt", "lit": "yes", "length_m": 125.4, "type_element": "Way", "__fid": 59000}, "geometry": {"type": "LineString", "coordinates": [[2.3442903, 48.894561899999985], [2.3431583, 48.89376], [2.3431255, 48.8937538], [2.3431125, 48.8937583]]}}, {"type": "Feature", "properties": {"highway": "footway", "footway": "sidewalk", "name": null, "surface": "asphalt", "lit": "yes", "length_m": 57.27, "type_element": "Way", "__fid": 59010}, "geometry": {"type": "LineString", "coordinates": [[2.3431449, 48.8920979], [2.3432509, 48.8920617], [2.3438651, 48.8918995]]}}, {"type": "Feature", "properties": {"highway": "footway", "footway": "sidewalk", "name": null, "surface": "asphalt", "lit": "yes", "length_m": 118.01, "type_element": "Way", "__fid": 59047}, "geometry": {"type": "LineString", "coordinates": [[2.343146, 48.8936362], [2.3432757, 48.8937172], [2.3442461, 48.8944105]]}}, {"type": "Feature", "properties": {"highway": "footway", "footway": "crossing", "name": null, "surface": "asphalt", "lit": "yes", "length_m": 13.98, "type_element": "Way", "__fid": 59049}, "geometry": {"type": "LineString", "coordinates": [[2.3431604, 48.89262870000001], [2.3431838, 48.8927535]]}}, {"type": "Feature", "properties": {"highway": "footway", "footway": "sidewalk", "name": null, "surface": "asphalt", "lit": "yes", "length_m": 2.62, "type_element": "Way", "__fid": 59050}, "geometry": {"type": "LineString", "coordinates": [[2.3431604, 48.89262870000001], [2.3431825, 48.8926102]]}}, {"type": "Feature", "properties": {"highway": "footway", "footway": "crossing", "name": null, "surface": "asphalt", "lit": "yes", "length_m": 11.04, "type_element": "Way", "__fid": 59074}, "geometry": {"type": "LineString", "coordinates": [[2.3431825, 48.8926102], [2.3433307, 48.892592600000015]]}}, {"type": "Feature", "properties": {"highway": "footway", "footway": "sidewalk", "name": null, "surface": "asphalt", "lit": "yes", "length_m": 40.96, "type_element": "Way", "__fid": 59082}, "geometry": {"type": "LineString", "coordinates": [[2.3437337, 48.8926904], [2.3436331, 48.89269570000001], [2.3431838, 48.8927535]]}}, {"type": "Feature", "properties": {"highway": "footway", "footway": "sidewalk", "name": null, "surface": "asphalt", "lit": "yes", "length_m": 93.44, "type_element": "Way", "__fid": 59135}, "geometry": {"type": "LineString", "coordinates": [[2.3432811, 48.8903449], [2.3433521, 48.8904389], [2.3434896, 48.8907276], [2.3435513, 48.891048200000014], [2.3435607, 48.8911575]]}}, {"type": "Feature", "properties": {"highway": "footway", "footway": "crossing", "name": null, "surface": "asphalt", "lit": "yes", "length_m": 11.7, "type_element": "Way", "__fid": 59136}, "geometry": {"type": "LineString", "coordinates": [[2.3434279, 48.89030480000001], [2.34334, 48.8903235], [2.3432811, 48.8903449]]}}, {"type": "Feature", "properties": {"highway": "footway", "footway": "crossing", "name": null, "surface": "asphalt", "lit": "yes", "length_m": 12.19, "type_element": "Way", "__fid": 59202}, "geometry": {"type": "LineString", "coordinates": [[2.343442, 48.8902859], [2.3433501, 48.8901946]]}}, {"type": "Feature", "properties": {"highway": "footway", "footway": "sidewalk", "name": null, "surface": null, "lit": "yes", "length_m": 45.68, "type_element": "Way", "__fid": 59203}, "geometry": {"type": "LineString", "coordinates": [[2.3439664, 48.8901443], [2.3439194, 48.8901571], [2.3433501, 48.8901946]]}}, {"type": "Feature", "properties": {"highway": "footway", "footway": "sidewalk", "name": null, "surface": "asphalt", "lit": "yes", "length_m": 27.74, "type_element": "Way", "__fid": 59214}, "geometry": {"type": "LineString", "coordinates": [[2.3437002, 48.8925533], [2.343389, 48.8925996], [2.3433307, 48.892592600000015]]}}, {"type": "Feature", "properties": {"highway": "footway", "footway": "sidewalk", "name": null, "surface": "asphalt", "lit": "yes", "length_m": 74.54, "type_element": "Way", "__fid": 59240}, "geometry": {"type": "LineString", "coordinates": [[2.3433287, 48.8948096], [2.343383, 48.894807], [2.3435278, 48.894773], [2.3442738, 48.8945674]]}}, {"type": "Feature", "properties": {"highway": "footway", "footway": "sidewalk", "name": null, "surface": "asphalt", "lit": "yes", "length_m": 93.23, "type_element": "Way", "__fid": 59286}, "geometry": {"type": "LineString", "coordinates": [[2.3436874, 48.8911218], [2.3436183, 48.8907118], [2.3434279, 48.89030480000001]]}}, {"type": "Feature", "properties": {"highway": "footway", "footway": "sidewalk", "name": null, "surface": "asphalt", "lit": "yes", "length_m": 2.34, "type_element": "Way", "__fid": 59287}, "geometry": {"type": "LineString", "coordinates": [[2.3434279, 48.89030480000001], [2.343442, 48.8902859]]}}, {"type": "Feature", "properties": {"highway": "footway", "footway": "sidewalk", "name": null, "surface": null, "lit": "yes", "length_m": 40.8, "type_element": "Way", "__fid": 59292}, "geometry": {"type": "LineString", "coordinates": [[2.343442, 48.8902859], [2.3434829, 48.89027350000002], [2.3439918, 48.89024]]}}, {"type": "Feature", "properties": {"highway": "pedestrian", "footway": null, "name": "Rue de la Bonne", "surface": "paving_stones", "lit": "yes", "length_m": 44.83, "type_element": "Way", "__fid": 59316}, "geometry": {"type": "LineString", "coordinates": [[2.3434847, 48.8884069], [2.343681, 48.88878870000002]]}}, {"type": "Feature", "properties": {"highway": "footway", "footway": "sidewalk", "name": null, "surface": null, "lit": "yes", "length_m": 44.16, "type_element": "Way", "__fid": 59317}, "geometry": {"type": "LineString", "coordinates": [[2.3434847, 48.8884069], [2.343442, 48.8884156], [2.3434299, 48.8884275], [2.3435841, 48.888741400000015], [2.3435848, 48.8887648]]}}, {"type": "Feature", "properties": {"highway": "footway", "footway": "sidewalk", "name": null, "surface": null, "lit": "yes", "length_m": 51.82, "type_element": "Way", "__fid": 59318}, "geometry": {"type": "LineString", "coordinates": [[2.3437545, 48.888804], [2.3435506, 48.8884059], [2.3435285, 48.88839930000002], [2.3434847, 48.8884069]]}}, {"type": "Feature", "properties": {"highway": "footway", "footway": "crossing", "name": null, "surface": "sett", "lit": "yes", "length_m": 8.45, "type_element": "Way", "__fid": 59433}, "geometry": {"type": "LineString", "coordinates": [[2.3435734, 48.8887714], [2.3435865, 48.8888469]]}}, {"type": "Feature", "properties": {"highway": "footway", "footway": "sidewalk", "name": null, "surface": "asphalt", "lit": "yes", "length_m": 1.11, "type_element": "Way", "__fid": 59434}, "geometry": {"type": "LineString", "coordinates": [[2.3435848, 48.8887648], [2.3435734, 48.8887714]]}}, {"type": "Feature", "properties": {"highway": "footway", "footway": "crossing", "name": null, "surface": "asphalt", "lit": "yes", "length_m": 8.74, "type_element": "Way", "__fid": 59438}, "geometry": {"type": "LineString", "coordinates": [[2.343545066666643, 48.89118216666668], [2.3435506, 48.8912607]]}}, {"type": "Feature", "properties": {"highway": "footway", "footway": "sidewalk", "name": null, "surface": "asphalt", "lit": "yes", "length_m": 2.97, "type_element": "Way", "__fid": 59439}, "geometry": {"type": "LineString", "coordinates": [[2.3435607, 48.8911575], [2.343545066666643, 48.89118216666668]]}}, {"type": "Feature", "properties": {"highway": "footway", "footway": "sidewalk", "name": null, "surface": "asphalt", "lit": "yes", "length_m": 3.43, "type_element": "Way", "__fid": 59446}, "geometry": {"type": "LineString", "coordinates": [[2.3435506, 48.8912607], [2.3435915, 48.8912757]]}}, {"type": "Feature", "properties": {"highway": "footway", "footway": "crossing", "name": null, "surface": "sett", "lit": "yes", "length_m": 7.54, "type_element": "Way", "__fid": 59449}, "geometry": {"type": "LineString", "coordinates": [[2.3435848, 48.8887648], [2.343681, 48.88878870000002]]}}, {"type": "Feature", "properties": {"highway": "footway", "footway": "sidewalk", "name": null, "surface": "asphalt", "lit": "yes", "length_m": 4.45, "type_element": "Way", "__fid": 59451}, "geometry": {"type": "LineString", "coordinates": [[2.3435875, 48.8889328], [2.3435929, 48.8889125], [2.3435841, 48.888894]]}}, {"type": "Feature", "properties": {"highway": "footway", "footway": "crossing", "name": null, "surface": "sett", "lit": "yes", "length_m": 5.24, "type_element": "Way", "__fid": 59452}, "geometry": {"type": "LineString", "coordinates": [[2.3435841, 48.888894], [2.3435865, 48.8888469]]}}, {"type": "Feature", "properties": {"highway": "pedestrian", "footway": null, "name": "Rue Becquerel", "surface": "sett", "lit": "yes", "length_m": 18.14, "type_element": "Way", "__fid": 59457}, "geometry": {"type": "LineString", "coordinates": [[2.3438034, 48.8889254], [2.3435865, 48.8888469]]}}, {"type": "Feature", "properties": {"highway": "footway", "footway": "crossing", "name": null, "surface": "asphalt", "lit": "yes", "length_m": 10.18, "type_element": "Way", "__fid": 59460}, "geometry": {"type": "LineString", "coordinates": [[2.3435875, 48.8889328], [2.3436385, 48.8890179]]}}, {"type": "Feature", "properties": {"highway": "footway", "footway": "crossing", "name": null, "surface": "asphalt", "lit": "yes", "length_m": 10.72, "type_element": "Way", "__fid": 59461}, "geometry": {"type": "LineString", "coordinates": [[2.3435607, 48.8911575], [2.3435781, 48.8911601], [2.3436606, 48.891143], [2.3436874, 48.8911218]]}}, {"type": "Feature", "properties": {"highway": "footway", "footway": "sidewalk", "name": null, "surface": "asphalt", "lit": "yes", "length_m": 59.78, "type_element": "Way", "__fid": 59477}, "geometry": {"type": "LineString", "coordinates": [[2.3435915, 48.8912757], [2.3436137, 48.8913317], [2.3437276, 48.8915256], [2.343851, 48.8917849]]}}, {"type": "Feature", "properties": {"highway": "footway", "footway": "crossing", "name": null, "surface": "asphalt", "lit": "yes", "length_m": 10.69, "type_element": "Way", "__fid": 59478}, "geometry": {"type": "LineString", "coordinates": [[2.3435915, 48.8912757], [2.3437317, 48.8912492]]}}, {"type": "Feature", "properties": {"highway": "footway", "footway": "sidewalk", "name": null, "surface": null, "lit": "yes", "length_m": 18.79, "type_element": "Way", "__fid": 59491}, "geometry": {"type": "LineString", "coordinates": [[2.3436385, 48.8890179], [2.3438356, 48.8889808], [2.3438674, 48.888954300000016]]}}, {"type": "Feature", "properties": {"highway": "footway", "footway": "crossing", "name": null, "surface": "sett", "lit": "yes", "length_m": 5.65, "type_element": "Way", "__fid": 59526}, "geometry": {"type": "LineString", "coordinates": [[2.343681, 48.88878870000002], [2.3437545, 48.888804]]}}, {"type": "Feature", "properties": {"highway": "pedestrian", "footway": null, "name": "Rue de la Bonne", "surface": "paving_stones", "lit": "yes", "length_m": 17.65, "type_element": "Way", "__fid": 59527}, "geometry": {"type": "LineString", "coordinates": [[2.343681, 48.88878870000002], [2.3438034, 48.8889254]]}}, {"type": "Feature", "properties": {"highway": "footway", "footway": "sidewalk", "name": null, "surface": "asphalt", "lit": "yes", "length_m": 4.01, "type_element": "Way", "__fid": 59562}, "geometry": {"type": "LineString", "coordinates": [[2.3437344, 48.8911403], [2.3436874, 48.8911218]]}}, {"type": "Feature", "properties": {"highway": "footway", "footway": "crossing", "name": null, "surface": "asphalt", "lit": "yes", "length_m": 15.44, "type_element": "Way", "__fid": 59586}, "geometry": {"type": "LineString", "coordinates": [[2.3437002, 48.8925533], [2.3437337, 48.8926904]]}}, {"type": "Feature", "properties": {"highway": "footway", "footway": "sidewalk", "name": null, "surface": "asphalt", "lit": "yes", "length_m": 23.22, "type_element": "Way", "__fid": 59587}, "geometry": {"type": "LineString", "coordinates": [[2.3440118, 48.8925161], [2.3437002, 48.8925533]]}}, {"type": "Feature", "properties": {"highway": "footway", "footway": "sidewalk", "name": null, "surface": "asphalt", "lit": "yes", "length_m": 5.92, "type_element": "Way", "__fid": 59594}, "geometry": {"type": "LineString", "coordinates": [[2.3438269, 48.8888124], [2.3437987, 48.8888199], [2.3437545, 48.888804]]}}, {"type": "Feature", "properties": {"highway": "footway", "footway": "crossing", "name": null, "surface": "asphalt", "lit": "yes", "length_m": 12.27, "type_element": "Way", "__fid": 59601}, "geometry": {"type": "LineString", "coordinates": [[2.3437077, 48.8927524], [2.3437662, 48.892855800000014]]}}, {"type": "Feature", "properties": {"highway": "footway", "footway": "sidewalk", "name": null, "surface": "asphalt", "lit": "yes", "length_m": 8.01, "type_element": "Way", "__fid": 59602}, "geometry": {"type": "LineString", "coordinates": [[2.3437077, 48.8927524], [2.3437598, 48.8927231], [2.3437598, 48.89269620000001]]}}, {"type": "Feature", "properties": {"highway": "footway", "footway": "sidewalk", "name": null, "surface": "asphalt", "lit": "yes", "length_m": 58.97, "type_element": "Way", "__fid": 59604}, "geometry": {"type": "LineString", "coordinates": [[2.3439771, 48.8917542], [2.3437317, 48.8912492]]}}, {"type": "Feature", "properties": {"highway": "footway", "footway": "sidewalk", "name": null, "surface": "asphalt", "lit": "yes", "length_m": 3.57, "type_element": "Way", "__fid": 59605}, "geometry": {"type": "LineString", "coordinates": [[2.3437317, 48.8912492], [2.3437297, 48.8912355], [2.3437498, 48.8912228]]}}, {"type": "Feature", "properties": {"highway": "footway", "footway": "crossing", "name": null, "surface": "asphalt", "lit": "yes", "length_m": 9.45, "type_element": "Way", "__fid": 59608}, "geometry": {"type": "LineString", "coordinates": [[2.3437498, 48.8912228], [2.343727, 48.891169], [2.3437344, 48.8911403]]}}, {"type": "Feature", "properties": {"highway": "footway", "footway": "sidewalk", "name": null, "surface": "asphalt", "lit": "yes", "length_m": 35.55, "type_element": "Way", "__fid": 59609}, "geometry": {"type": "LineString", "coordinates": [[2.3442004, 48.89105210000001], [2.3437344, 48.8911403]]}}, {"type": "Feature", "properties": {"highway": "footway", "footway": "crossing", "name": null, "surface": "asphalt", "lit": "yes", "length_m": 14.62, "type_element": "Way", "__fid": 59614}, "geometry": {"type": "LineString", "coordinates": [[2.3437635, 48.8895014], [2.3438266, 48.8896025], [2.3438299, 48.8896245]]}}, {"type": "Feature", "properties": {"highway": "footway", "footway": "sidewalk", "name": null, "surface": "asphalt", "lit": "yes", "length_m": 14.18, "type_element": "Way", "__fid": 59615}, "geometry": {"type": "LineString", "coordinates": [[2.3439419, 48.8894521], [2.3437635, 48.8895014]]}}, {"type": "Feature", "properties": {"highway": "footway", "footway": "sidewalk", "name": null, "surface": "asphalt", "lit": "yes", "length_m": 36.52, "type_element": "Way", "__fid": 59626}, "geometry": {"type": "LineString", "coordinates": [[2.3437498, 48.8912228], [2.3442332, 48.8911438]]}}, {"type": "Feature", "properties": {"highway": "footway", "footway": "sidewalk", "name": null, "surface": "asphalt", "lit": "yes", "length_m": 2.02, "type_element": "Way", "__fid": 59629}, "geometry": {"type": "LineString", "coordinates": [[2.3437598, 48.89269620000001], [2.3437337, 48.8926904]]}}, {"type": "Feature", "properties": {"highway": "steps", "footway": null, "name": "Rue Becquerel", "surface": "paving_stones", "lit": "yes", "length_m": 5.69, "type_element": "Way", "__fid": 59655}, "geometry": {"type": "LineString", "coordinates": [[2.3438674, 48.888954300000016], [2.3438034, 48.8889254]]}}, {"type": "Feature", "properties": {"highway": "footway", "footway": "sidewalk", "name": null, "surface": "asphalt", "lit": "yes", "length_m": 16.81, "type_element": "Way", "__fid": 59660}, "geometry": {"type": "LineString", "coordinates": [[2.3437598, 48.89269620000001], [2.343879, 48.892682], [2.3439305, 48.8927447]]}}, {"type": "Feature", "properties": {"highway": "footway", "footway": "sidewalk", "name": null, "surface": "asphalt", "lit": "yes", "length_m": 4.82, "type_element": "Way", "__fid": 59673}, "geometry": {"type": "LineString", "coordinates": [[2.3438249, 48.89286989999999], [2.3437967, 48.892856], [2.3437662, 48.892855800000014]]}}, {"type": "Feature", "properties": {"highway": "footway", "footway": "crossing", "name": null, "surface": "asphalt", "lit": "yes", "length_m": 10.6, "type_element": "Way", "__fid": 59679}, "geometry": {"type": "LineString", "coordinates": [[2.3438269, 48.8888124], [2.3439623, 48.8888459]]}}, {"type": "Feature", "properties": {"highway": "footway", "footway": "sidewalk", "name": null, "surface": "asphalt", "lit": "yes", "length_m": 144.23, "type_element": "Way", "__fid": 59680}, "geometry": {"type": "LineString", "coordinates": [[2.3444324, 48.8875805], [2.344423, 48.8876224], [2.343849, 48.88879390000002], [2.3438269, 48.8888124]]}}, {"type": "Feature", "properties": {"highway": "footway", "footway": "sidewalk", "name": null, "surface": "asphalt", "lit": "yes", "length_m": 1.8, "type_element": "Way", "__fid": 59695}, "geometry": {"type": "LineString", "coordinates": [[2.3438299, 48.8896245], [2.343849, 48.889634700000016]]}}, {"type": "Feature", "properties": {"highway": "footway", "footway": "sidewalk", "name": null, "surface": "asphalt", "lit": "yes", "length_m": 56.61, "type_element": "Way", "__fid": 59718}, "geometry": {"type": "LineString", "coordinates": [[2.343849, 48.889634700000016], [2.3438678, 48.88966640000001], [2.3439898, 48.89013459999999]]}}, {"type": "Feature", "properties": {"highway": "footway", "footway": "crossing", "name": null, "surface": "asphalt", "lit": "yes", "length_m": 12.12, "type_element": "Way", "__fid": 59719}, "geometry": {"type": "LineString", "coordinates": [[2.343849, 48.889634700000016], [2.3438708, 48.8896203], [2.3439945, 48.8895857]]}}, {"type": "Feature", "properties": {"highway": "steps", "footway": null, "name": "Rue Becquerel", "surface": "paving_stones", "lit": "yes", "length_m": 52.84, "type_element": "Way", "__fid": 59724}, "geometry": {"type": "LineString", "coordinates": [[2.3444677, 48.8892156], [2.344422, 48.8892041], [2.3438674, 48.888954300000016]]}}, {"type": "Feature", "properties": {"highway": "footway", "footway": "sidewalk", "name": null, "surface": null, "lit": "yes", "length_m": 14.06, "type_element": "Way", "__fid": 59725}, "geometry": {"type": "LineString", "coordinates": [[2.3438674, 48.888954300000016], [2.3439302, 48.8889001], [2.3439623, 48.8888459]]}}, {"type": "Feature", "properties": {"highway": "footway", "footway": "crossing", "name": null, "surface": "asphalt", "lit": "yes", "length_m": 10.81, "type_element": "Way", "__fid": 59728}, "geometry": {"type": "LineString", "coordinates": [[2.3438323, 48.8918065], [2.3438691, 48.891877], [2.3438651, 48.8918995]]}}, {"type": "Feature", "properties": {"highway": "footway", "footway": "sidewalk", "name": null, "surface": "asphalt", "lit": "yes", "length_m": 2.77, "type_element": "Way", "__fid": 59729}, "geometry": {"type": "LineString", "coordinates": [[2.343851, 48.8917849], [2.3438323, 48.8918065]]}}, {"type": "Feature", "properties": {"highway": "footway", "footway": "sidewalk", "name": null, "surface": "asphalt", "lit": "yes", "length_m": 172.33, "type_element": "Way", "__fid": 59741}, "geometry": {"type": "LineString", "coordinates": [[2.3438249, 48.89286989999999], [2.3440224, 48.893443], [2.3441203, 48.8936785], [2.3441347, 48.8936916], [2.3441457, 48.8937359], [2.3441313, 48.8937516], [2.3443445, 48.8943744]]}}, {"type": "Feature", "properties": {"highway": "footway", "footway": "crossing", "name": null, "surface": "asphalt", "lit": "yes", "length_m": 10.02, "type_element": "Way", "__fid": 59742}, "geometry": {"type": "LineString", "coordinates": [[2.3439509, 48.892835], [2.3438249, 48.89286989999999]]}}, {"type": "Feature", "properties": {"highway": "footway", "footway": "crossing", "name": null, "surface": "asphalt", "lit": "yes", "length_m": 9.93, "type_element": "Way", "__fid": 59749}, "geometry": {"type": "LineString", "coordinates": [[2.343851, 48.8917849], [2.3438893, 48.8917809], [2.3439771, 48.8917542]]}}, {"type": "Feature", "properties": {"highway": "footway", "footway": "sidewalk", "name": null, "surface": "asphalt", "lit": "yes", "length_m": 2.99, "type_element": "Way", "__fid": 59759}, "geometry": {"type": "LineString", "coordinates": [[2.3438651, 48.8918995], [2.3439007, 48.8919127]]}}, {"type": "Feature", "properties": {"highway": "footway", "footway": "sidewalk", "name": null, "surface": "asphalt", "lit": "yes", "length_m": 65.72, "type_element": "Way", "__fid": 59795}, "geometry": {"type": "LineString", "coordinates": [[2.3439007, 48.8919127], [2.3439308, 48.8919392], [2.3439892, 48.8920485], [2.3441692, 48.892440700000016], [2.3441709, 48.89247289999999]]}}, {"type": "Feature", "properties": {"highway": "footway", "footway": "crossing", "name": null, "surface": "asphalt", "lit": "yes", "length_m": 11.1, "type_element": "Way", "__fid": 59796}, "geometry": {"type": "LineString", "coordinates": [[2.3439007, 48.8919127], [2.3439201, 48.8918964], [2.3440247, 48.8918576]]}}, {"type": "Feature", "properties": {"highway": "footway", "footway": "crossing", "name": null, "surface": "asphalt", "lit": "yes", "length_m": 14.13, "type_element": "Way", "__fid": 59805}, "geometry": {"type": "LineString", "coordinates": [[2.3440173, 48.889569], [2.3439419, 48.8894521]]}}, {"type": "Feature", "properties": {"highway": "footway", "footway": "sidewalk", "name": null, "surface": "asphalt", "lit": "yes", "length_m": 37.24, "type_element": "Way", "__fid": 59806}, "geometry": {"type": "LineString", "coordinates": [[2.3444116, 48.8893247], [2.3439419, 48.8894521]]}}, {"type": "Feature", "properties": {"highway": "footway", "footway": "sidewalk", "name": null, "surface": null, "lit": "yes", "length_m": 143.21, "type_element": "Way", "__fid": 59824}, "geometry": {"type": "LineString", "coordinates": [[2.3439623, 48.8888459], [2.3445638, 48.8876206]]}}, {"type": "Feature", "properties": {"highway": "footway", "footway": "sidewalk", "name": null, "surface": "asphalt", "lit": "yes", "length_m": 10.15, "type_element": "Way", "__fid": 59851}, "geometry": {"type": "LineString", "coordinates": [[2.3439305, 48.8927447], [2.3439509, 48.892835]]}}, {"type": "Feature", "properties": {"highway": "footway", "footway": "sidewalk", "name": null, "surface": "asphalt", "lit": "yes", "length_m": 26.75, "type_element": "Way", "__fid": 59852}, "geometry": {"type": "LineString", "coordinates": [[2.3442198, 48.892602299999986], [2.3441662, 48.8926133], [2.3439305, 48.8927447]]}}, {"type": "Feature", "properties": {"highway": "footway", "footway": "crossing", "name": null, "surface": null, "lit": "yes", "length_m": 10.8, "type_element": "Way", "__fid": 59853}, "geometry": {"type": "LineString", "coordinates": [[2.3439918, 48.89024], [2.3439664, 48.8901443]]}}, {"type": "Feature", "properties": {"highway": "footway", "footway": "sidewalk", "name": null, "surface": null, "lit": "yes", "length_m": 2.03, "type_element": "Way", "__fid": 59854}, "geometry": {"type": "LineString", "coordinates": [[2.3439898, 48.89013459999999], [2.3439664, 48.8901443]]}}, {"type": "Feature", "properties": {"highway": "footway", "footway": "sidewalk", "name": null, "surface": "asphalt", "lit": "yes", "length_m": 188.51, "type_element": "Way", "__fid": 59876}, "geometry": {"type": "LineString", "coordinates": [[2.3439509, 48.892835], [2.3442239, 48.8936339], [2.3445001, 48.89449110000001]]}}, {"type": "Feature", "properties": {"highway": "footway", "footway": "sidewalk", "name": null, "surface": "asphalt", "lit": "yes", "length_m": 59.83, "type_element": "Way", "__fid": 59885}, "geometry": {"type": "LineString", "coordinates": [[2.3439945, 48.8895857], [2.3439905, 48.8896069], [2.3441193, 48.8901166]]}}, {"type": "Feature", "properties": {"highway": "footway", "footway": "sidewalk", "name": null, "surface": "asphalt", "lit": "yes", "length_m": 2.5, "type_element": "Way", "__fid": 59886}, "geometry": {"type": "LineString", "coordinates": [[2.3440173, 48.889569], [2.3439945, 48.8895857]]}}, {"type": "Feature", "properties": {"highway": "footway", "footway": "crossing", "name": null, "surface": null, "lit": "yes", "length_m": 9.87, "type_element": "Way", "__fid": 59887}, "geometry": {"type": "LineString", "coordinates": [[2.3439898, 48.89013459999999], [2.3440053, 48.8901377], [2.3441193, 48.8901166]]}}, {"type": "Feature", "properties": {"highway": "footway", "footway": "sidewalk", "name": null, "surface": null, "lit": "yes", "length_m": 2.38, "type_element": "Way", "__fid": 59888}, "geometry": {"type": "LineString", "coordinates": [[2.3439918, 48.89024], [2.3440173, 48.89025320000001]]}}, {"type": "Feature", "properties": {"highway": "footway", "footway": "sidewalk", "name": null, "surface": "asphalt", "lit": "yes", "length_m": 2.05, "type_element": "Way", "__fid": 59891}, "geometry": {"type": "LineString", "coordinates": [[2.3440019, 48.8917628], [2.3439771, 48.8917542]]}}, {"type": "Feature", "properties": {"highway": "footway", "footway": "sidewalk", "name": null, "surface": "asphalt", "lit": "yes", "length_m": 40.78, "type_element": "Way", "__fid": 59906}, "geometry": {"type": "LineString", "coordinates": [[2.3445296, 48.8894266], [2.3443425, 48.8894737], [2.3440173, 48.889569]]}}, {"type": "Feature", "properties": {"highway": "footway", "footway": "sidewalk", "name": null, "surface": null, "lit": "yes", "length_m": 87.33, "type_element": "Way", "__fid": 59922}, "geometry": {"type": "LineString", "coordinates": [[2.3440173, 48.89025320000001], [2.3442172, 48.891027399999984]]}}, {"type": "Feature", "properties": {"highway": "footway", "footway": "crossing", "name": null, "surface": null, "lit": "yes", "length_m": 10.46, "type_element": "Way", "__fid": 59923}, "geometry": {"type": "LineString", "coordinates": [[2.3440173, 48.89025320000001], [2.3441581, 48.8902383]]}}, {"type": "Feature", "properties": {"highway": "footway", "footway": "crossing", "name": null, "surface": "asphalt", "lit": "yes", "length_m": 9.04, "type_element": "Way", "__fid": 59924}, "geometry": {"type": "LineString", "coordinates": [[2.3440361, 48.8918409], [2.3440019, 48.8917628]]}}, {"type": "Feature", "properties": {"highway": "footway", "footway": "sidewalk", "name": null, "surface": "asphalt", "lit": "yes", "length_m": 39.36, "type_element": "Way", "__fid": 59925}, "geometry": {"type": "LineString", "coordinates": [[2.3445082, 48.8916451], [2.3440019, 48.8917628]]}}, {"type": "Feature", "properties": {"highway": "steps", "footway": null, "name": null, "surface": null, "lit": "yes", "length_m": 13.45, "type_element": "Way", "__fid": 59955}, "geometry": {"type": "LineString", "coordinates": [[2.3441686, 48.8924794], [2.3440188, 48.89249579999998], [2.3440118, 48.8925161]]}}, {"type": "Feature", "properties": {"highway": "footway", "footway": "sidewalk", "name": null, "surface": "asphalt", "lit": "yes", "length_m": 11.31, "type_element": "Way", "__fid": 59956}, "geometry": {"type": "LineString", "coordinates": [[2.3441605, 48.8924923], [2.3441161, 48.8925056], [2.3440118, 48.8925161]]}}, {"type": "Feature", "properties": {"highway": "footway", "footway": "sidewalk", "name": null, "surface": "asphalt", "lit": "yes", "length_m": 67.66, "type_element": "Way", "__fid": 59960}, "geometry": {"type": "LineString", "coordinates": [[2.3440247, 48.8918576], [2.3442078, 48.89222270000001], [2.3443332, 48.8924308]]}}, {"type": "Feature", "properties": {"highway": "footway", "footway": "sidewalk", "name": null, "surface": "asphalt", "lit": "yes", "length_m": 2.04, "type_element": "Way", "__fid": 59961}, "geometry": {"type": "LineString", "coordinates": [[2.3440361, 48.8918409], [2.3440247, 48.8918576]]}}, {"type": "Feature", "properties": {"highway": "footway", "footway": "sidewalk", "name": null, "surface": "asphalt", "lit": "yes", "length_m": 38.71, "type_element": "Way", "__fid": 59970}, "geometry": {"type": "LineString", "coordinates": [[2.344539, 48.8917351], [2.3440361, 48.8918409]]}}, {"type": "Feature", "properties": {"highway": "footway", "footway": "sidewalk", "name": null, "surface": null, "lit": "yes", "length_m": 3.05, "type_element": "Way", "__fid": 60052}, "geometry": {"type": "LineString", "coordinates": [[2.3441193, 48.8901166], [2.3441293, 48.8901289], [2.3441481, 48.890134199999984]]}}, {"type": "Feature", "properties": {"highway": "footway", "footway": "sidewalk", "name": null, "surface": "asphalt", "lit": "yes", "length_m": 55.53, "type_element": "Way", "__fid": 60086}, "geometry": {"type": "LineString", "coordinates": [[2.3441481, 48.890134199999984], [2.3449018, 48.8900857]]}}, {"type": "Feature", "properties": {"highway": "footway", "footway": "crossing", "name": null, "surface": null, "lit": "yes", "length_m": 10.1, "type_element": "Way", "__fid": 60087}, "geometry": {"type": "LineString", "coordinates": [[2.3441481, 48.890134199999984], [2.3441675, 48.8902241]]}}, {"type": "Feature", "properties": {"highway": "footway", "footway": "crossing", "name": null, "surface": null, "lit": "yes", "length_m": 87.03, "type_element": "Way", "__fid": 60098}, "geometry": {"type": "LineString", "coordinates": [[2.3441581, 48.8902383], [2.3443043, 48.89086609999998], [2.3443486, 48.8910107]]}}, {"type": "Feature", "properties": {"highway": "footway", "footway": "sidewalk", "name": null, "surface": null, "lit": "yes", "length_m": 1.72, "type_element": "Way", "__fid": 60099}, "geometry": {"type": "LineString", "coordinates": [[2.3441675, 48.8902241], [2.3441581, 48.8902383]]}}, {"type": "Feature", "properties": {"highway": "footway", "footway": "sidewalk", "name": null, "surface": "asphalt", "lit": "yes", "length_m": 56.37, "type_element": "Way", "__fid": 60103}, "geometry": {"type": "LineString", "coordinates": [[2.344932, 48.8901708], [2.3441675, 48.8902241]]}}, {"type": "Feature", "properties": {"highway": "footway", "footway": "crossing", "name": null, "surface": "asphalt", "lit": "yes", "length_m": 13.09, "type_element": "Way", "__fid": 60122}, "geometry": {"type": "LineString", "coordinates": [[2.3442198, 48.892602299999986], [2.3441729, 48.8925015], [2.3441605, 48.8924923]]}}, {"type": "Feature", "properties": {"highway": "footway", "footway": "sidewalk", "name": null, "surface": "asphalt", "lit": "yes", "length_m": 1.55, "type_element": "Way", "__fid": 60123}, "geometry": {"type": "LineString", "coordinates": [[2.3441686, 48.8924794], [2.3441605, 48.8924923]]}}, {"type": "Feature", "properties": {"highway": "footway", "footway": "sidewalk", "name": null, "surface": "asphalt", "lit": "yes", "length_m": 0.74, "type_element": "Way", "__fid": 60133}, "geometry": {"type": "LineString", "coordinates": [[2.3441709, 48.89247289999999], [2.3441686, 48.8924794]]}}, {"type": "Feature", "properties": {"highway": "footway", "footway": null, "name": null, "surface": null, "lit": "24/7", "length_m": 6.76, "type_element": "Way", "__fid": 60134}, "geometry": {"type": "LineString", "coordinates": [[2.3442606, 48.8924753], [2.3441686, 48.8924794]]}}, {"type": "Feature", "properties": {"highway": "footway", "footway": "crossing", "name": null, "surface": "asphalt", "lit": "yes", "length_m": 12.93, "type_element": "Way", "__fid": 60138}, "geometry": {"type": "LineString", "coordinates": [[2.3441709, 48.89247289999999], [2.344197, 48.8924726], [2.3443332, 48.8924308]]}}, {"type": "Feature", "properties": {"highway": "footway", "footway": "crossing", "name": null, "surface": "asphalt", "lit": "yes", "length_m": 10.48, "type_element": "Way", "__fid": 60153}, "geometry": {"type": "LineString", "coordinates": [[2.3442332, 48.8911438], [2.3442004, 48.89105210000001]]}}, {"type": "Feature", "properties": {"highway": "footway", "footway": "sidewalk", "name": null, "surface": "asphalt", "lit": "yes", "length_m": 3.25, "type_element": "Way", "__fid": 60154}, "geometry": {"type": "LineString", "coordinates": [[2.3442172, 48.891027399999984], [2.3442172, 48.8910407], [2.3442004, 48.89105210000001]]}}, {"type": "Feature", "properties": {"highway": "footway", "footway": "crossing", "name": null, "surface": "asphalt", "lit": "yes", "length_m": 9.81, "type_element": "Way", "__fid": 60172}, "geometry": {"type": "LineString", "coordinates": [[2.3442172, 48.891027399999984], [2.3443486, 48.8910107]]}}, {"type": "Feature", "properties": {"highway": "footway", "footway": "sidewalk", "name": null, "surface": "asphalt", "lit": "yes", "length_m": 2.39, "type_element": "Way", "__fid": 60198}, "geometry": {"type": "LineString", "coordinates": [[2.3442332, 48.8911438], [2.3442607, 48.8911553]]}}, {"type": "Feature", "properties": {"highway": "footway", "footway": "sidewalk", "name": null, "surface": "asphalt", "lit": "yes", "length_m": 8.42, "type_element": "Way", "__fid": 60207}, "geometry": {"type": "LineString", "coordinates": [[2.3443184, 48.8926233], [2.3443003, 48.8926058], [2.3442654, 48.8925983], [2.3442198, 48.892602299999986]]}}, {"type": "Feature", "properties": {"highway": "footway", "footway": "sidewalk", "name": null, "surface": null, "lit": "yes", "length_m": 56.57, "type_element": "Way", "__fid": 60237}, "geometry": {"type": "LineString", "coordinates": [[2.3442607, 48.8911553], [2.3442795, 48.8911747], [2.3445169, 48.8916345]]}}, {"type": "Feature", "properties": {"highway": "footway", "footway": "sidewalk", "name": null, "surface": "asphalt", "lit": "yes", "length_m": 4.28, "type_element": "Way", "__fid": 60238}, "geometry": {"type": "LineString", "coordinates": [[2.3442607, 48.8911553], [2.3443163, 48.8911437]]}}, {"type": "Feature", "properties": {"highway": "footway", "footway": "sidewalk", "name": null, "surface": null, "lit": "yes", "length_m": 9.76, "type_element": "Way", "__fid": 60266}, "geometry": {"type": "LineString", "coordinates": [[2.3443445, 48.8943744], [2.3443358, 48.8943979], [2.3443171, 48.8944071], [2.3442715, 48.8944146], [2.3442461, 48.8944105]]}}, {"type": "Feature", "properties": {"highway": "footway", "footway": "sidewalk", "name": null, "surface": "asphalt", "lit": "yes", "length_m": 15.82, "type_element": "Way", "__fid": 60267}, "geometry": {"type": "LineString", "coordinates": [[2.3442461, 48.8944105], [2.3443915, 48.8945156]]}}, {"type": "Feature", "properties": {"highway": "pedestrian", "footway": null, "name": "Rue Hermel", "surface": "asphalt", "lit": "yes", "length_m": 7.72, "type_element": "Way", "__fid": 60273}, "geometry": {"type": "LineString", "coordinates": [[2.3443163, 48.8911437], [2.3442929, 48.891076]]}}, {"type": "Feature", "properties": {"highway": "pedestrian", "footway": null, "name": "Rue Hermel", "surface": "asphalt", "lit": "yes", "length_m": 56.91, "type_element": "Way", "__fid": 60310}, "geometry": {"type": "LineString", "coordinates": [[2.3445763, 48.89162589999999], [2.3443163, 48.8911437]]}}, {"type": "Feature", "properties": {"highway": "footway", "footway": "sidewalk", "name": null, "surface": "asphalt", "lit": "yes", "length_m": 5.07, "type_element": "Way", "__fid": 60311}, "geometry": {"type": "LineString", "coordinates": [[2.3443841, 48.8911346], [2.3443163, 48.8911437]]}}, {"type": "Feature", "properties": {"highway": "footway", "footway": "crossing", "name": null, "surface": null, "lit": "yes", "length_m": 10.36, "type_element": "Way", "__fid": 60312}, "geometry": {"type": "LineString", "coordinates": [[2.3443667, 48.89463760000002], [2.3442738, 48.8945674]]}}, {"type": "Feature", "properties": {"highway": "footway", "footway": "sidewalk", "name": null, "surface": null, "lit": "yes", "length_m": 1.36, "type_element": "Way", "__fid": 60313}, "geometry": {"type": "LineString", "coordinates": [[2.3442738, 48.8945674], [2.3442903, 48.894561899999985]]}}, {"type": "Feature", "properties": {"highway": "footway", "footway": "crossing", "name": null, "surface": "asphalt", "lit": "yes", "length_m": 9.03, "type_element": "Way", "__fid": 60329}, "geometry": {"type": "LineString", "coordinates": [[2.3442903, 48.894561899999985], [2.3443915, 48.8945156]]}}, {"type": "Feature", "properties": {"highway": "footway", "footway": "sidewalk", "name": null, "surface": "asphalt", "lit": "yes", "length_m": 112.79, "type_element": "Way", "__fid": 60340}, "geometry": {"type": "LineString", "coordinates": [[2.344883, 48.8935664], [2.3443761, 48.892746], [2.3443184, 48.8926233]]}}, {"type": "Feature", "properties": {"highway": "footway", "footway": "crossing", "name": null, "surface": "asphalt", "lit": "yes", "length_m": 9.56, "type_element": "Way", "__fid": 60341}, "geometry": {"type": "LineString", "coordinates": [[2.3443184, 48.8926233], [2.3444445, 48.8926016]]}}, {"type": "Feature", "properties": {"highway": "footway", "footway": "sidewalk", "name": null, "surface": "asphalt", "lit": "yes", "length_m": 1.92, "type_element": "Way", "__fid": 60347}, "geometry": {"type": "LineString", "coordinates": [[2.3443486, 48.8910107], [2.3443714, 48.8910191]]}}, {"type": "Feature", "properties": {"highway": "footway", "footway": "sidewalk", "name": null, "surface": "asphalt", "lit": "yes", "length_m": 5.07, "type_element": "Way", "__fid": 60348}, "geometry": {"type": "LineString", "coordinates": [[2.3443332, 48.8924308], [2.3444002, 48.8924422]]}}, {"type": "Feature", "properties": {"highway": "footway", "footway": "crossing", "name": null, "surface": "asphalt", "lit": "yes", "length_m": 11.95, "type_element": "Way", "__fid": 60368}, "geometry": {"type": "LineString", "coordinates": [[2.3443714, 48.8910191], [2.3443962, 48.8911253]]}}, {"type": "Feature", "properties": {"highway": "footway", "footway": "sidewalk", "name": null, "surface": "asphalt", "lit": "yes", "length_m": 56.64, "type_element": "Way", "__fid": 60369}, "geometry": {"type": "LineString", "coordinates": [[2.3443714, 48.8910191], [2.3445678, 48.890982499999986], [2.3449809, 48.8908498], [2.3450634, 48.890803]]}}, {"type": "Feature", "properties": {"highway": "footway", "footway": "sidewalk", "name": null, "surface": null, "lit": "yes", "length_m": 56.08, "type_element": "Way", "__fid": 60392}, "geometry": {"type": "LineString", "coordinates": [[2.3446507, 48.8916061], [2.3446222, 48.89157920000001], [2.3443841, 48.8911346]]}}, {"type": "Feature", "properties": {"highway": "footway", "footway": "sidewalk", "name": null, "surface": "asphalt", "lit": "yes", "length_m": 1.36, "type_element": "Way", "__fid": 60393}, "geometry": {"type": "LineString", "coordinates": [[2.3443841, 48.8911346], [2.3443962, 48.8911253]]}}, {"type": "Feature", "properties": {"highway": "footway", "footway": "sidewalk", "name": null, "surface": "asphalt", "lit": "yes", "length_m": 16.07, "type_element": "Way", "__fid": 60394}, "geometry": {"type": "LineString", "coordinates": [[2.3443445, 48.8943744], [2.3443915, 48.8945156]]}}, {"type": "Feature", "properties": {"highway": "footway", "footway": "crossing", "name": null, "surface": "asphalt", "lit": "yes", "length_m": 14.26, "type_element": "Way", "__fid": 60396}, "geometry": {"type": "LineString", "coordinates": [[2.3444116, 48.8893247], [2.3445296, 48.8894266]]}}, {"type": "Feature", "properties": {"highway": "footway", "footway": "sidewalk", "name": null, "surface": "asphalt", "lit": "yes", "length_m": 12.81, "type_element": "Way", "__fid": 60397}, "geometry": {"type": "LineString", "coordinates": [[2.3444677, 48.8892156], [2.3444116, 48.8893247]]}}, {"type": "Feature", "properties": {"highway": "footway", "footway": "sidewalk", "name": null, "surface": "asphalt", "lit": "yes", "length_m": 58.91, "type_element": "Way", "__fid": 60407}, "geometry": {"type": "LineString", "coordinates": [[2.3443962, 48.8911253], [2.3451271, 48.89090530000002]]}}, {"type": "Feature", "properties": {"highway": "footway", "footway": "crossing", "name": null, "surface": "asphalt", "lit": "yes", "length_m": 16.0, "type_element": "Way", "__fid": 60422}, "geometry": {"type": "LineString", "coordinates": [[2.3444002, 48.8924422], [2.3444522, 48.8925628], [2.344475, 48.89257360000002]]}}, {"type": "Feature", "properties": {"highway": "footway", "footway": "sidewalk", "name": null, "surface": "asphalt", "lit": "yes", "length_m": 26.56, "type_element": "Way", "__fid": 60423}, "geometry": {"type": "LineString", "coordinates": [[2.3444002, 48.8924422], [2.3447451, 48.89236916544628]]}}, {"type": "Feature", "properties": {"highway": "footway", "footway": "crossing", "name": null, "surface": "asphalt", "lit": "yes", "length_m": 8.42, "type_element": "Way", "__fid": 60437}, "geometry": {"type": "LineString", "coordinates": [[2.3445001, 48.89449110000001], [2.3443915, 48.8945156]]}}, {"type": "Feature", "properties": {"highway": "footway", "footway": "crossing", "name": null, "surface": "sett", "lit": "yes", "length_m": 10.28, "type_element": "Way", "__fid": 60448}, "geometry": {"type": "LineString", "coordinates": [[2.3446054, 48.88922860000001], [2.3444992, 48.889223600000015], [2.3444677, 48.8892156]]}}, {"type": "Feature", "properties": {"highway": "footway", "footway": "sidewalk", "name": null, "surface": "asphalt", "lit": "yes", "length_m": 73.1, "type_element": "Way", "__fid": 60449}, "geometry": {"type": "LineString", "coordinates": [[2.3448441, 48.8886083], [2.3445229, 48.8891594], [2.3444677, 48.8892156]]}}, {"type": "Feature", "properties": {"highway": "footway", "footway": "crossing", "name": null, "surface": null, "lit": "yes", "length_m": 9.79, "type_element": "Way", "__fid": 60463}, "geometry": {"type": "LineString", "coordinates": [[2.3444069, 48.8946397], [2.344532166666708, 48.89460920000004]]}}, {"type": "Feature", "properties": {"highway": "footway", "footway": null, "name": null, "surface": "asphalt", "lit": "yes", "length_m": 19.07, "type_element": "Way", "__fid": 60475}, "geometry": {"type": "LineString", "coordinates": [[2.3444445, 48.8926016], [2.3445494, 48.892758499999985]]}}, {"type": "Feature", "properties": {"highway": "footway", "footway": "sidewalk", "name": null, "surface": "asphalt", "lit": "yes", "length_m": 3.83, "type_element": "Way", "__fid": 60476}, "geometry": {"type": "LineString", "coordinates": [[2.344475, 48.89257360000002], [2.3444445, 48.8926016]]}}, {"type": "Feature", "properties": {"highway": "footway", "footway": null, "name": "Place Jules Joffrin", "surface": "paving_stones", "lit": "yes", "length_m": 6.27, "type_element": "Way", "__fid": 60511}, "geometry": {"type": "LineString", "coordinates": [[2.3444694, 48.8927785], [2.3445494, 48.892758499999985]]}}, {"type": "Feature", "properties": {"highway": "footway", "footway": null, "name": null, "surface": "asphalt", "lit": "yes", "length_m": 12.28, "type_element": "Way", "__fid": 60515}, "geometry": {"type": "LineString", "coordinates": [[2.344475, 48.89257360000002], [2.3446422, 48.8925797]]}}, {"type": "Feature", "properties": {"highway": "footway", "footway": "sidewalk", "name": null, "surface": "asphalt", "lit": "yes", "length_m": 26.07, "type_element": "Way", "__fid": 60536}, "geometry": {"type": "LineString", "coordinates": [[2.3445296, 48.8894266], [2.3446805, 48.8893838], [2.3447107, 48.889367], [2.3448515, 48.889384200000016], [2.344855500000192, 48.88937920000004]]}}, {"type": "Feature", "properties": {"highway": "footway", "footway": "crossing", "name": null, "surface": null, "lit": "yes", "length_m": 10.26, "type_element": "Way", "__fid": 60549}, "geometry": {"type": "LineString", "coordinates": [[2.344539, 48.8917351], [2.3445082, 48.8916451]]}}, {"type": "Feature", "properties": {"highway": "footway", "footway": "sidewalk", "name": null, "surface": null, "lit": "yes", "length_m": 1.34, "type_element": "Way", "__fid": 60550}, "geometry": {"type": "LineString", "coordinates": [[2.3445169, 48.8916345], [2.3445082, 48.8916451]]}}, {"type": "Feature", "properties": {"highway": "footway", "footway": "sidewalk", "name": null, "surface": "asphalt", "lit": "yes", "length_m": 4.46, "type_element": "Way", "__fid": 60557}, "geometry": {"type": "LineString", "coordinates": [[2.3445169, 48.8916345], [2.3445763, 48.89162589999999]]}}, {"type": "Feature", "properties": {"highway": "footway", "footway": "sidewalk", "name": null, "surface": null, "lit": "yes", "length_m": 2.67, "type_element": "Way", "__fid": 60571}, "geometry": {"type": "LineString", "coordinates": [[2.3445001, 48.89449110000001], [2.344529066666617, 48.89450566666668]]}}, {"type": "Feature", "properties": {"highway": "footway", "footway": "sidewalk", "name": null, "surface": null, "lit": "yes", "length_m": 4.37, "type_element": "Way", "__fid": 60574}, "geometry": {"type": "LineString", "coordinates": [[2.3445809, 48.8917584], [2.3445732, 48.8917443], [2.344539, 48.8917351]]}}, {"type": "Feature", "properties": {"highway": "footway", "footway": "sidewalk", "name": "Place Jules Joffrin", "surface": "asphalt", "lit": "yes", "length_m": 93.23, "type_element": "Way", "__fid": 60587}, "geometry": {"type": "LineString", "coordinates": [[2.3450138, 48.8935351], [2.3445625, 48.8928187], [2.3445678, 48.8927905], [2.3445494, 48.892758499999985]]}}, {"type": "Feature", "properties": {"highway": "footway", "footway": null, "name": "Place Jules Joffrin", "surface": "paving_stones", "lit": "yes", "length_m": 35.07, "type_element": "Way", "__fid": 60588}, "geometry": {"type": "LineString", "coordinates": [[2.3445494, 48.892758499999985], [2.3449968, 48.89264689999999]]}}, {"type": "Feature", "properties": {"highway": "footway", "footway": "crossing", "name": null, "surface": null, "lit": "yes", "length_m": 9.19, "type_element": "Way", "__fid": 60589}, "geometry": {"type": "LineString", "coordinates": [[2.344529066666617, 48.89450566666668], [2.3445558, 48.8945864]]}}, {"type": "Feature", "properties": {"highway": "footway", "footway": "sidewalk", "name": null, "surface": null, "lit": "yes", "length_m": 57.5, "type_element": "Way", "__fid": 60590}, "geometry": {"type": "LineString", "coordinates": [[2.344529066666617, 48.89450566666668], [2.3452485, 48.8943143], [2.345251633333179, 48.89431950000002]]}}, {"type": "Feature", "properties": {"highway": "footway", "footway": "sidewalk", "name": null, "surface": null, "lit": "yes", "length_m": 147.2, "type_element": "Way", "__fid": 60600}, "geometry": {"type": "LineString", "coordinates": [[2.344532166666708, 48.89460920000004], [2.3458989, 48.89557890000001]]}}, {"type": "Feature", "properties": {"highway": "footway", "footway": "sidewalk", "name": null, "surface": null, "lit": "yes", "length_m": 3.07, "type_element": "Way", "__fid": 60601}, "geometry": {"type": "LineString", "coordinates": [[2.3445558, 48.8945864], [2.344532166666708, 48.89460920000004]]}}, {"type": "Feature", "properties": {"highway": "pedestrian", "footway": null, "name": "Rue Hermel", "surface": "asphalt", "lit": "yes", "length_m": 5.93, "type_element": "Way", "__fid": 60610}, "geometry": {"type": "LineString", "coordinates": [[2.3446033, 48.8916762], [2.3445763, 48.89162589999999]]}}, {"type": "Feature", "properties": {"highway": "footway", "footway": "sidewalk", "name": null, "surface": null, "lit": "yes", "length_m": 5.88, "type_element": "Way", "__fid": 60611}, "geometry": {"type": "LineString", "coordinates": [[2.3446507, 48.8916061], [2.3445763, 48.89162589999999]]}}, {"type": "Feature", "properties": {"highway": "footway", "footway": "sidewalk", "name": null, "surface": "asphalt", "lit": "yes", "length_m": 65.39, "type_element": "Way", "__fid": 60615}, "geometry": {"type": "LineString", "coordinates": [[2.3448381, 48.8923197], [2.3448099, 48.8921944], [2.3445809, 48.8917584]]}}, {"type": "Feature", "properties": {"highway": "footway", "footway": "crossing", "name": null, "surface": null, "lit": "yes", "length_m": 10.53, "type_element": "Way", "__fid": 60616}, "geometry": {"type": "LineString", "coordinates": [[2.3447214, 48.891739], [2.3445809, 48.8917584]]}}, {"type": "Feature", "properties": {"highway": "footway", "footway": "sidewalk", "name": null, "surface": null, "lit": "yes", "length_m": 57.86, "type_element": "Way", "__fid": 60628}, "geometry": {"type": "LineString", "coordinates": [[2.3452874, 48.8943913], [2.3445558, 48.8945864]]}}]}