{"type": "FeatureCollection", "features": [{"type": "Feature", "properties": {"@id": "node/2939292279", "amenity": "drinking_water", "bottle": "yes", "man_made": "water_tap", "wheelchair": "yes", "type_element": "Fontaines à boire", "__fid": 390}, "geometry": {"type": "Point", "coordinates": [2.337697, 48.8647926]}, "id": "node/2939292279"}, {"type": "Feature", "properties": {"@id": "node/3621407355", "amenity": "drinking_water", "check_date": "2022-04-23", "man_made": "water_tap", "type_element": "Fontaines à boire", "__fid": 435}, "geometry": {"type": "Point", "coordinates": [2.3438199, 48.86232]}, "id": "node/3621407355"}, {"type": "Feature", "properties": {"@id": "node/3680768407", "access": "yes", "amenity": "drinking_water", "check_date": "2026-04-13", "fee": "no", "level": "0", "man_made": "water_tap", "type_element": "Fontaines à boire", "__fid": 444}, "geometry": {"type": "Point", "coordinates": [2.3444484, 48.8623857]}, "id": "node/3680768407"}, {"type": "Feature", "properties": {"@id": "node/3701384275", "amenity": "drinking_water", "bottle": "yes", "man_made": "water_tap", "wheelchair": "yes", "type_element": "Fontaines à boire", "__fid": 447}, "geometry": {"type": "Point", "coordinates": [2.3373893, 48.8642062]}, "id": "node/3701384275"}, {"type": "Feature", "properties": {"@id": "node/3701384277", "access": "yes", "amenity": "drinking_water", "check_date": "2023-04-11", "drinking_water": "yes", "fountain": "bottle_refill", "mapillary": "5510578608984744", "type_element": "Fontaines à boire", "__fid": 448}, "geometry": {"type": "Point", "coordinates": [2.3435719, 48.8629085]}, "id": "node/3701384277"}, {"type": "Feature", "properties": {"@id": "node/8694174789", "access": "yes", "amenity": "drinking_water", "check_date": "2026-04-13", "drinking_water": "yes", "fee": "no", "man_made": "water_tap", "type_element": "Fontaines à boire", "__fid": 762}, "geometry": {"type": "Point", "coordinates": [2.3433972, 48.8625888]}, "id": "node/8694174789"}, {"type": "Feature", "properties": {"@id": "node/8702353162", "access": "yes", "amenity": "drinking_water", "fee": "no", "man_made": "water_tap", "type_element": "Fontaines à boire", "__fid": 763}, "geometry": {"type": "Point", "coordinates": [2.3436854, 48.862106]}, "id": "node/8702353162"}, {"type": "Feature", "properties": {"@id": "node/11102224210", "amenity": "drinking_water", "indoor": "no", "man_made": "water_tap", "source": "survey 2023", "type_element": "Fontaines à boire", "__fid": 876}, "geometry": {"type": "Point", "coordinates": [2.3418263, 48.863144]}, "id": "node/11102224210"}, {"type": "Feature", "geometry": {"type": "Point", "coordinates": [2.340896, 48.859835]}, "properties": {"id": 17357, "name": "Square Michel-Caldaguès", "categorie": "Parcs, jardins et bois", "photo_url": "https://cdn.paris.fr/eqpts-prod/2022/05/10/9e0a20cc335c8c70aa006e7fd1fa64db.jpg", "photo_credit": "Frédéric Combeau / Ville de Paris", "photo_alt": null, "address_street": "2 place du Louvre", "address_postcode": "75001", "address_city": "Paris", "phone": null, "accessibility": "{\"handicaps\": [{\"name\": \"Personnes déficientes visuelles\", \"status\": \"undefined\"}, {\"name\": \"Personnes déficientes auditives\", \"status\": \"undefined\"}, {\"name\": \"Personnes déficientes mentales\", \"status\": \"undefined\"}, {\"name\": \"Personnes à mobilité réduite\", \"status\": \"accessible\"}, {\"name\": \"Accueil en langue des signes\", \"status\": \"undefined\"}]}", "latitude": 48.859835, "longitude": 2.340896, "url": "https://www.paris.fr/lieux/square-michel-caldagues-17357", "type_element": "Parcs, Jardins et Bois", "__fid": 1358}}, {"type": "Feature", "geometry": {"type": "Point", "coordinates": [2.343597, 48.862644]}, "properties": {"id": 2916, "name": "Piscine Suzanne Berlioux (Les Halles)", "categorie": "Piscines", "photo_url": "https://cdn.paris.fr/eqpts-prod/2024/08/12/3e93e6fb2607d3c2890d75b9428c197c.jpg", "photo_credit": null, "photo_alt": null, "address_street": "10 place de la rotonde Forum des halles", "address_postcode": "75001", "address_city": "PARIS", "phone": "0182820169", "accessibility": "{\"handicaps\": [{\"name\": \"Personnes à mobilité réduite\", \"status\": \"accessible\"}, {\"name\": \"Personnes déficientes visuelles\", \"status\": \"undefined\"}, {\"name\": \"Personnes déficientes auditives\", \"status\": \"undefined\"}, {\"name\": \"Personnes déficientes mentales\", \"status\": \"non_accessible\"}, {\"name\": \"Accueil en langue des signes\", \"status\": \"non_accessible\"}], \"additional_info\": \"<p>PMR : vestiaires, chaise de mise à l’eau</p>\"}", "latitude": 48.862644, "longitude": 2.343597, "url": "https://www.paris.fr/lieux/piscine-suzanne-berlioux-les-halles-2916", "type_element": "Piscines", "__fid": 1658}}, {"type": "Feature", "properties": {"highway": "footway", "footway": null, "name": "Port du Louvre", "surface": "sett", "lit": "yes", "length_m": 192.16, "type_element": "Way", "__fid": 49016}, "geometry": {"type": "LineString", "coordinates": [[2.333419692440745, 48.85987916058184], [2.3346543, 48.8595888], [2.3357947, 48.8593458], [2.3359016, 48.8593287]]}}, {"type": "Feature", "properties": {"highway": "footway", "footway": "link", "name": null, "surface": "paving_stones", "lit": "yes", "length_m": 147.3, "type_element": "Way", "__fid": 50090}, "geometry": {"type": "LineString", "coordinates": [[2.3347182, 48.8608177], [2.3346948, 48.8607764], [2.3355911, 48.86055], [2.3365128, 48.86032819999997]]}}, {"type": "Feature", "properties": {"highway": "footway", "footway": "sidewalk", "name": null, "surface": "paving_stones", "lit": "yes", "length_m": 162.47, "type_element": "Way", "__fid": 50395}, "geometry": {"type": "LineString", "coordinates": [[2.3351036, 48.864534], [2.3351854, 48.8645452], [2.3357199, 48.8649669], [2.3357756, 48.8649757], [2.3360713, 48.8652067], [2.336082, 48.865245], [2.3362745, 48.8653996], [2.3363419, 48.8654221], [2.336570000000131, 48.86559236666671]]}}, {"type": "Feature", "properties": {"highway": "footway", "footway": "sidewalk", "name": null, "surface": "paving_stones", "lit": "yes", "length_m": 166.68, "type_element": "Way", "__fid": 50429}, "geometry": {"type": "LineString", "coordinates": [[2.3351517, 48.8644211], [2.3357829, 48.86491750000002], [2.3358379, 48.864949], [2.3366162, 48.8655601], [2.336611000000167, 48.865563500000064]]}}, {"type": "Feature", "properties": {"highway": "footway", "footway": "link", "name": null, "surface": "paving_stones", "lit": "yes", "length_m": 61.74, "type_element": "Way", "__fid": 50468}, "geometry": {"type": "LineString", "coordinates": [[2.3352335, 48.8616733], [2.3360195, 48.86147490000002]]}}, {"type": "Feature", "properties": {"highway": "path", "footway": null, "name": null, "surface": "sett", "lit": null, "length_m": 56.44, "type_element": "Way", "__fid": 50497}, "geometry": {"type": "LineString", "coordinates": [[2.335296956084175, 48.859587939343044], [2.3353243, 48.8595131], [2.3353447, 48.8594911], [2.3358205, 48.8593726], [2.3359016, 48.8593287]]}}, {"type": "Feature", "properties": {"highway": "service", "footway": null, "name": "Tunnel des Tuileries", "surface": "asphalt", "lit": "24/7", "length_m": 199.43, "type_element": "Way", "__fid": 50498}, "geometry": {"type": "LineString", "coordinates": [[2.335296956084175, 48.859587939343044], [2.3357377, 48.85948779999999], [2.337744, 48.85918430000002], [2.337936410806933, 48.85916988580876]]}}, {"type": "Feature", "properties": {"highway": "footway", "footway": "sidewalk", "name": null, "surface": "paving_stones", "lit": "yes", "length_m": 39.56, "type_element": "Way", "__fid": 50570}, "geometry": {"type": "LineString", "coordinates": [[2.335818033333164, 48.863925366666706], [2.3353127, 48.8640495]]}}, {"type": "Feature", "properties": {"highway": "footway", "footway": "sidewalk", "name": null, "surface": "asphalt", "lit": "yes", "length_m": 30.89, "type_element": "Way", "__fid": 50669}, "geometry": {"type": "LineString", "coordinates": [[2.335635066666848, 48.86303073333337], [2.3355445, 48.8629647], [2.3354523, 48.862786]]}}, {"type": "Feature", "properties": {"highway": "footway", "footway": null, "name": null, "surface": "asphalt", "lit": "yes", "length_m": 55.63, "type_element": "Way", "__fid": 50671}, "geometry": {"type": "LineString", "coordinates": [[2.336125, 48.86255519999999], [2.3354523, 48.862786]]}}, {"type": "Feature", "properties": {"highway": "footway", "footway": "sidewalk", "name": null, "surface": "asphalt", "lit": "yes", "length_m": 18.27, "type_element": "Way", "__fid": 50680}, "geometry": {"type": "LineString", "coordinates": [[2.3354516, 48.863820400000016], [2.3355288, 48.8638539], [2.3356291, 48.86384130000001], [2.335676, 48.863823]]}}, {"type": "Feature", "properties": {"highway": "footway", "footway": "sidewalk", "name": null, "surface": "asphalt", "lit": "yes", "length_m": 27.0, "type_element": "Way", "__fid": 50698}, "geometry": {"type": "LineString", "coordinates": [[2.335676, 48.863823], [2.3356951, 48.86376789999998], [2.335672, 48.8637145], [2.3355777, 48.8636945], [2.3354793, 48.8637024]]}}, {"type": "Feature", "properties": {"highway": "footway", "footway": null, "name": null, "surface": "paving_stones", "lit": "yes", "length_m": 64.49, "type_element": "Way", "__fid": 50729}, "geometry": {"type": "LineString", "coordinates": [[2.3363434, 48.860891600000016], [2.3355435, 48.860651199999985]]}}, {"type": "Feature", "properties": {"highway": "footway", "footway": "sidewalk", "name": null, "surface": "asphalt", "lit": "yes", "length_m": 56.27, "type_element": "Way", "__fid": 50742}, "geometry": {"type": "LineString", "coordinates": [[2.335531166666626, 48.86272440000002], [2.3361916, 48.8625111], [2.336215349999955, 48.8625249]]}}, {"type": "Feature", "properties": {"highway": "footway", "footway": "crossing", "name": null, "surface": "asphalt", "lit": "yes", "length_m": 7.06, "type_element": "Way", "__fid": 50755}, "geometry": {"type": "LineString", "coordinates": [[2.3355481, 48.863058], [2.335635066666848, 48.86303073333337]]}}, {"type": "Feature", "properties": {"highway": "steps", "footway": null, "name": null, "surface": "concrete", "lit": "yes", "length_m": 14.81, "type_element": "Way", "__fid": 50762}, "geometry": {"type": "LineString", "coordinates": [[2.3355673, 48.8625238], [2.3355576, 48.8625106], [2.335719, 48.8624585]]}}, {"type": "Feature", "properties": {"highway": "footway", "footway": "sidewalk", "name": null, "surface": "asphalt", "lit": "yes", "length_m": 13.18, "type_element": "Way", "__fid": 50763}, "geometry": {"type": "LineString", "coordinates": [[2.3355673, 48.8625238], [2.3357289015776, 48.8624719225258]]}}, {"type": "Feature", "properties": {"highway": "footway", "footway": "crossing", "name": null, "surface": "sett", "lit": "yes", "length_m": 14.89, "type_element": "Way", "__fid": 50776}, "geometry": {"type": "LineString", "coordinates": [[2.3355641, 48.863518], [2.335735566666862, 48.863446433333436]]}}, {"type": "Feature", "properties": {"highway": "footway", "footway": "sidewalk", "name": null, "surface": "asphalt", "lit": "yes", "length_m": 7.03, "type_element": "Way", "__fid": 50830}, "geometry": {"type": "LineString", "coordinates": [[2.3357183, 48.8630484], [2.3356386, 48.8630254], [2.335635066666848, 48.86303073333337]]}}, {"type": "Feature", "properties": {"highway": "footway", "footway": "crossing", "name": null, "surface": "sett", "lit": "yes", "length_m": 16.04, "type_element": "Way", "__fid": 50882}, "geometry": {"type": "LineString", "coordinates": [[2.335676, 48.863823], [2.3357249, 48.8638339], [2.335818033333164, 48.863925366666706]]}}, {"type": "Feature", "properties": {"highway": "steps", "footway": null, "name": null, "surface": "asphalt", "lit": "yes", "length_m": 1.66, "type_element": "Way", "__fid": 50916}, "geometry": {"type": "LineString", "coordinates": [[2.335719, 48.8624585], [2.3357289015776, 48.8624719225258]]}}, {"type": "Feature", "properties": {"highway": "steps", "footway": null, "name": null, "surface": "asphalt", "lit": "yes", "length_m": 15.04, "type_element": "Way", "__fid": 50917}, "geometry": {"type": "LineString", "coordinates": [[2.3358922, 48.86241949999999], [2.3358822, 48.86240569999999], [2.335719, 48.8624585]]}}, {"type": "Feature", "properties": {"highway": "footway", "footway": "crossing", "name": null, "surface": "asphalt", "lit": "yes", "length_m": 15.75, "type_element": "Way", "__fid": 50921}, "geometry": {"type": "LineString", "coordinates": [[2.3357434, 48.8631891], [2.3357183, 48.8630484]]}}, {"type": "Feature", "properties": {"highway": "footway", "footway": "sidewalk", "name": null, "surface": "paving_stones", "lit": "yes", "length_m": 50.58, "type_element": "Way", "__fid": 50922}, "geometry": {"type": "LineString", "coordinates": [[2.3357183, 48.8630484], [2.3363594, 48.8628812]]}}, {"type": "Feature", "properties": {"highway": "steps", "footway": null, "name": null, "surface": "asphalt", "lit": "yes", "length_m": 8.38, "type_element": "Way", "__fid": 50931}, "geometry": {"type": "LineString", "coordinates": [[2.3357289015776, 48.8624719225258], [2.3357789, 48.86253970000001]]}}, {"type": "Feature", "properties": {"highway": "footway", "footway": "sidewalk", "name": null, "surface": "asphalt", "lit": "yes", "length_m": 13.32, "type_element": "Way", "__fid": 50932}, "geometry": {"type": "LineString", "coordinates": [[2.3357289015776, 48.8624719225258], [2.3358922, 48.86241949999999]]}}, {"type": "Feature", "properties": {"highway": "footway", "footway": "sidewalk", "name": null, "surface": "paving_stones", "lit": "yes", "length_m": 45.97, "type_element": "Way", "__fid": 50939}, "geometry": {"type": "LineString", "coordinates": [[2.3359713, 48.8638114], [2.3359358, 48.8638133], [2.335735566666862, 48.863446433333436]]}}, {"type": "Feature", "properties": {"highway": "footway", "footway": "sidewalk", "name": null, "surface": "sett", "lit": "yes", "length_m": 3.08, "type_element": "Way", "__fid": 50940}, "geometry": {"type": "LineString", "coordinates": [[2.335735566666862, 48.863446433333436], [2.3357711, 48.8634316]]}}, {"type": "Feature", "properties": {"highway": "footway", "footway": "sidewalk", "name": null, "surface": "paving_stones", "lit": "yes", "length_m": 27.24, "type_element": "Way", "__fid": 50942}, "geometry": {"type": "LineString", "coordinates": [[2.3357711, 48.8634316], [2.3357481, 48.86338629999999], [2.3357434, 48.8631891]]}}, {"type": "Feature", "properties": {"highway": "footway", "footway": "sidewalk", "name": null, "surface": "paving_stones", "lit": "yes", "length_m": 19.1, "type_element": "Way", "__fid": 50943}, "geometry": {"type": "LineString", "coordinates": [[2.3357434, 48.8631891], [2.3359878, 48.8631298]]}}, {"type": "Feature", "properties": {"highway": "footway", "footway": "sidewalk", "name": null, "surface": "paving_stones", "lit": "yes", "length_m": 4.16, "type_element": "Way", "__fid": 50967}, "geometry": {"type": "LineString", "coordinates": [[2.3357891, 48.8634671], [2.3357711, 48.8634316]]}}, {"type": "Feature", "properties": {"highway": "footway", "footway": null, "name": "Galerie du Théatre Français", "surface": "paving_stones", "lit": "yes", "length_m": 40.55, "type_element": "Way", "__fid": 50981}, "geometry": {"type": "LineString", "coordinates": [[2.3359713, 48.8638114], [2.3357891, 48.8634671]]}}, {"type": "Feature", "properties": {"highway": "footway", "footway": null, "name": "Galerie du Théatre Français", "surface": "paving_stones", "lit": "yes", "length_m": 34.26, "type_element": "Way", "__fid": 50982}, "geometry": {"type": "LineString", "coordinates": [[2.3357891, 48.8634671], [2.3358767, 48.8634484], [2.3358402, 48.8633788], [2.3360904, 48.8633247]]}}, {"type": "Feature", "properties": {"highway": "footway", "footway": "sidewalk", "name": null, "surface": "paving_stones", "lit": "yes", "length_m": 4.42, "type_element": "Way", "__fid": 51008}, "geometry": {"type": "LineString", "coordinates": [[2.335818033333164, 48.863925366666706], [2.335851, 48.86392870000001], [2.3358606, 48.8639453]]}}, {"type": "Feature", "properties": {"highway": "footway", "footway": null, "name": "Port du Louvre", "surface": "sett", "lit": "yes", "length_m": 86.02, "type_element": "Way", "__fid": 51033}, "geometry": {"type": "LineString", "coordinates": [[2.3359016, 48.8593287], [2.3361149, 48.8592857], [2.3365421, 48.85922020000001], [2.3368429, 48.8591803], [2.3370453, 48.8591636]]}}, {"type": "Feature", "properties": {"highway": "footway", "footway": "sidewalk", "name": null, "surface": "paving_stones", "lit": "yes", "length_m": 137.12, "type_element": "Way", "__fid": 51054}, "geometry": {"type": "LineString", "coordinates": [[2.3358606, 48.8639453], [2.3359659, 48.86412510000003], [2.3360152, 48.8641699], [2.3363653, 48.8648429], [2.3363606, 48.8648716], [2.3364847, 48.8651021]]}}, {"type": "Feature", "properties": {"highway": "footway", "footway": "crossing", "name": null, "surface": "asphalt", "lit": "yes", "length_m": 9.61, "type_element": "Way", "__fid": 51055}, "geometry": {"type": "LineString", "coordinates": [[2.3358606, 48.8639453], [2.335983300000136, 48.86391496666678]]}}, {"type": "Feature", "properties": {"highway": "footway", "footway": "sidewalk", "name": null, "surface": "asphalt", "lit": "yes", "length_m": 53.78, "type_element": "Way", "__fid": 51062}, "geometry": {"type": "LineString", "coordinates": [[2.3358922, 48.86241949999999], [2.3365516, 48.86220820000001]]}}, {"type": "Feature", "properties": {"highway": "footway", "footway": null, "name": null, "surface": "paving_stones", "lit": "yes", "length_m": 1.54, "type_element": "Way", "__fid": 51142}, "geometry": {"type": "LineString", "coordinates": [[2.335991721014921, 48.86140716172802], [2.3359831, 48.8614198]]}}, {"type": "Feature", "properties": {"highway": "steps", "footway": null, "name": null, "surface": null, "lit": null, "length_m": 1.03, "type_element": "Way", "__fid": 51149}, "geometry": {"type": "LineString", "coordinates": [[2.3359883, 48.86139819999998], [2.335991721014921, 48.86140716172802]]}}, {"type": "Feature", "properties": {"highway": "steps", "footway": null, "name": null, "surface": null, "lit": null, "length_m": 7.8, "type_element": "Way", "__fid": 51157}, "geometry": {"type": "LineString", "coordinates": [[2.335991721014921, 48.86140716172802], [2.3360195, 48.86147490000002]]}}, {"type": "Feature", "properties": {"highway": "footway", "footway": null, "name": null, "surface": "paving_stones", "lit": "yes", "length_m": 62.87, "type_element": "Way", "__fid": 51158}, "geometry": {"type": "LineString", "coordinates": [[2.3363434, 48.860891600000016], [2.335991721014921, 48.86140716172802]]}}, {"type": "Feature", "properties": {"highway": "footway", "footway": "crossing", "name": null, "surface": "asphalt", "lit": "yes", "length_m": 9.29, "type_element": "Way", "__fid": 51161}, "geometry": {"type": "LineString", "coordinates": [[2.3360131, 48.8638903], [2.3359713, 48.8638114]]}}, {"type": "Feature", "properties": {"highway": "footway", "footway": "sidewalk", "name": null, "surface": "paving_stones", "lit": "yes", "length_m": 28.78, "type_element": "Way", "__fid": 51162}, "geometry": {"type": "LineString", "coordinates": [[2.3363103, 48.8637797], [2.3362939, 48.8637478], [2.3362761, 48.863743], [2.3359713, 48.8638114]]}}, {"type": "Feature", "properties": {"highway": "footway", "footway": null, "name": null, "surface": "paving_stones", "lit": "yes", "length_m": 1.89, "type_element": "Way", "__fid": 51176}, "geometry": {"type": "LineString", "coordinates": [[2.3359969, 48.8631457], [2.3359878, 48.8631298]]}}, {"type": "Feature", "properties": {"highway": "footway", "footway": "sidewalk", "name": null, "surface": "paving_stones", "lit": "yes", "length_m": 36.83, "type_element": "Way", "__fid": 51177}, "geometry": {"type": "LineString", "coordinates": [[2.3359878, 48.8631298], [2.3364424, 48.86298930000002]]}}, {"type": "Feature", "properties": {"highway": "footway", "footway": null, "name": null, "surface": "paving_stones", "lit": "yes", "length_m": 21.05, "type_element": "Way", "__fid": 51197}, "geometry": {"type": "LineString", "coordinates": [[2.3359969, 48.8631457], [2.3360904, 48.8633247]]}}, {"type": "Feature", "properties": {"highway": "corridor", "footway": null, "name": null, "surface": "paving_stones", "lit": "yes", "length_m": 40.28, "type_element": "Way", "__fid": 51198}, "geometry": {"type": "LineString", "coordinates": [[2.3359969, 48.8631457], [2.3364062, 48.8630394], [2.336472267344111, 48.862982016096126]]}}, {"type": "Feature", "properties": {"highway": "steps", "footway": null, "name": null, "surface": null, "lit": null, "length_m": 57.88, "type_element": "Way", "__fid": 51203}, "geometry": {"type": "LineString", "coordinates": [[2.3360195, 48.86147490000002], [2.3362735, 48.8619047], [2.3363572, 48.8618834]]}}, {"type": "Feature", "properties": {"highway": "footway", "footway": "link", "name": null, "surface": "paving_stones", "lit": "yes", "length_m": 7.11, "type_element": "Way", "__fid": 51204}, "geometry": {"type": "LineString", "coordinates": [[2.3360195, 48.86147490000002], [2.33611, 48.8614521]]}}, {"type": "Feature", "properties": {"highway": "footway", "footway": "sidewalk", "name": null, "surface": null, "lit": "yes", "length_m": 96.83, "type_element": "Way", "__fid": 51223}, "geometry": {"type": "LineString", "coordinates": [[2.3360131, 48.8638903], [2.3359856, 48.8639031], [2.3364034, 48.86469990000001], [2.336411266666802, 48.86469810000012]]}}, {"type": "Feature", "properties": {"highway": "footway", "footway": "sidewalk", "name": null, "surface": null, "lit": "yes", "length_m": 39.68, "type_element": "Way", "__fid": 51224}, "geometry": {"type": "LineString", "coordinates": [[2.336346066666716, 48.86402896666672], [2.3362457, 48.863847100000015], [2.336227, 48.8638409], [2.3360131, 48.8638903]]}}, {"type": "Feature", "properties": {"highway": "footway", "footway": null, "name": "Passage de Richelieu", "surface": "sett", "lit": "yes", "length_m": 51.27, "type_element": "Way", "__fid": 51281}, "geometry": {"type": "LineString", "coordinates": [[2.3363572, 48.8618834], [2.33611, 48.8614521]]}}, {"type": "Feature", "properties": {"highway": "footway", "footway": "link", "name": null, "surface": "paving_stones", "lit": "yes", "length_m": 6.17, "type_element": "Way", "__fid": 51282}, "geometry": {"type": "LineString", "coordinates": [[2.33611, 48.8614521], [2.3361885, 48.86143219999999]]}}, {"type": "Feature", "properties": {"highway": "footway", "footway": null, "name": "Galerie du Théatre Français", "surface": "paving_stones", "lit": "yes", "length_m": 32.03, "type_element": "Way", "__fid": 51285}, "geometry": {"type": "LineString", "coordinates": [[2.3360904, 48.8633247], [2.3362681, 48.8632831], [2.3363056, 48.8633568], [2.3364291, 48.8633297]]}}, {"type": "Feature", "properties": {"highway": "steps", "footway": null, "name": null, "surface": null, "lit": "yes", "length_m": 9.37, "type_element": "Way", "__fid": 51312}, "geometry": {"type": "LineString", "coordinates": [[2.3361885, 48.86143219999999], [2.3361391, 48.8613545]]}}, {"type": "Feature", "properties": {"highway": "footway", "footway": null, "name": null, "surface": "asphalt", "lit": "yes", "length_m": 37.88, "type_element": "Way", "__fid": 51313}, "geometry": {"type": "LineString", "coordinates": [[2.336125, 48.86255519999999], [2.3363089, 48.8628735]]}}, {"type": "Feature", "properties": {"highway": "footway", "footway": null, "name": null, "surface": "asphalt", "lit": "yes", "length_m": 3.18, "type_element": "Way", "__fid": 51314}, "geometry": {"type": "LineString", "coordinates": [[2.336164, 48.8625427], [2.336125, 48.86255519999999]]}}, {"type": "Feature", "properties": {"highway": "footway", "footway": "sidewalk", "name": null, "surface": "asphalt", "lit": "yes", "length_m": 10.26, "type_element": "Way", "__fid": 51354}, "geometry": {"type": "LineString", "coordinates": [[2.336164, 48.8625427], [2.3362137, 48.8626289]]}}, {"type": "Feature", "properties": {"highway": "footway", "footway": "sidewalk", "name": null, "surface": "asphalt", "lit": "yes", "length_m": 4.26, "type_element": "Way", "__fid": 51355}, "geometry": {"type": "LineString", "coordinates": [[2.336215349999955, 48.8625249], [2.336164, 48.8625427]]}}, {"type": "Feature", "properties": {"highway": "steps", "footway": null, "name": null, "surface": null, "lit": null, "length_m": 58.58, "type_element": "Way", "__fid": 51360}, "geometry": {"type": "LineString", "coordinates": [[2.3363572, 48.8618834], [2.3364499, 48.86186009999999], [2.3361885, 48.86143219999999]]}}, {"type": "Feature", "properties": {"highway": "footway", "footway": "link", "name": null, "surface": "paving_stones", "lit": "yes", "length_m": 163.77, "type_element": "Way", "__fid": 51361}, "geometry": {"type": "LineString", "coordinates": [[2.3361885, 48.86143219999999], [2.3376082, 48.8610731], [2.3375806, 48.8608793], [2.3375123, 48.8607688], [2.337378, 48.8606409]]}}, {"type": "Feature", "properties": {"highway": "steps", "footway": null, "name": null, "surface": null, "lit": "yes", "length_m": 8.91, "type_element": "Way", "__fid": 51403}, "geometry": {"type": "LineString", "coordinates": [[2.3362015, 48.86256310000001], [2.3362362, 48.862623099999986], [2.3362137, 48.8626289]]}}, {"type": "Feature", "properties": {"highway": "footway", "footway": "sidewalk", "name": null, "surface": "asphalt", "lit": "yes", "length_m": 11.68, "type_element": "Way", "__fid": 51413}, "geometry": {"type": "LineString", "coordinates": [[2.3362137, 48.8626289], [2.3362704, 48.8627271]]}}, {"type": "Feature", "properties": {"highway": "steps", "footway": null, "name": null, "surface": "concrete", "lit": "yes", "length_m": 16.48, "type_element": "Way", "__fid": 51414}, "geometry": {"type": "LineString", "coordinates": [[2.3362945, 48.86266359999998], [2.336215349999955, 48.8625249]]}}, {"type": "Feature", "properties": {"highway": "footway", "footway": "sidewalk", "name": null, "surface": "asphalt", "lit": "yes", "length_m": 29.37, "type_element": "Way", "__fid": 51415}, "geometry": {"type": "LineString", "coordinates": [[2.336215349999955, 48.8625249], [2.3363288, 48.8624912], [2.336584049070581, 48.86256037255528]]}}, {"type": "Feature", "properties": {"highway": "footway", "footway": "sidewalk", "name": null, "surface": "asphalt", "lit": "yes", "length_m": 6.82, "type_element": "Way", "__fid": 51451}, "geometry": {"type": "LineString", "coordinates": [[2.3362704, 48.8627271], [2.3363035, 48.8627844]]}}, {"type": "Feature", "properties": {"highway": "steps", "footway": null, "name": null, "surface": "concrete", "lit": "yes", "length_m": 7.61, "type_element": "Way", "__fid": 51452}, "geometry": {"type": "LineString", "coordinates": [[2.3363222, 48.8627684], [2.336295, 48.86272069999998], [2.3362704, 48.8627271]]}}, {"type": "Feature", "properties": {"highway": "footway", "footway": null, "name": "Péristyle de Chartres", "surface": "paving_stones", "lit": "yes", "length_m": 3.96, "type_element": "Way", "__fid": 51457}, "geometry": {"type": "LineString", "coordinates": [[2.3362593, 48.8637913], [2.3363103, 48.8637797]]}}, {"type": "Feature", "properties": {"highway": "steps", "footway": null, "name": null, "surface": "concrete", "lit": "yes", "length_m": 16.81, "type_element": "Way", "__fid": 51469}, "geometry": {"type": "LineString", "coordinates": [[2.3363035, 48.8627844], [2.336355, 48.8627712], [2.3362945, 48.86266359999998]]}}, {"type": "Feature", "properties": {"highway": "corridor", "footway": null, "name": null, "surface": "asphalt", "lit": "yes", "length_m": 25.02, "type_element": "Way", "__fid": 51470}, "geometry": {"type": "LineString", "coordinates": [[2.3362945, 48.86266359999998], [2.3363923, 48.8626402], [2.3365901, 48.8627264]]}}, {"type": "Feature", "properties": {"highway": "footway", "footway": "sidewalk", "name": null, "surface": "asphalt", "lit": "yes", "length_m": 11.52, "type_element": "Way", "__fid": 51478}, "geometry": {"type": "LineString", "coordinates": [[2.3363035, 48.8627844], [2.3363594, 48.8628812]]}}, {"type": "Feature", "properties": {"highway": "footway", "footway": null, "name": null, "surface": "paving_stones", "lit": "yes", "length_m": 10.79, "type_element": "Way", "__fid": 51488}, "geometry": {"type": "LineString", "coordinates": [[2.3364772, 48.8609319], [2.3363434, 48.860891600000016]]}}, {"type": "Feature", "properties": {"highway": "footway", "footway": null, "name": null, "surface": "paving_stones", "lit": "yes", "length_m": 11.39, "type_element": "Way", "__fid": 51489}, "geometry": {"type": "LineString", "coordinates": [[2.3364071, 48.8607982], [2.3363434, 48.860891600000016]]}}, {"type": "Feature", "properties": {"highway": "footway", "footway": "sidewalk", "name": null, "surface": "paving_stones", "lit": "yes", "length_m": 27.02, "type_element": "Way", "__fid": 51494}, "geometry": {"type": "LineString", "coordinates": [[2.3364286, 48.8640098], [2.3363103, 48.8637797]]}}, {"type": "Feature", "properties": {"highway": "footway", "footway": null, "name": "Péristyle de Chartres", "surface": "paving_stones", "lit": "yes", "length_m": 24.39, "type_element": "Way", "__fid": 51495}, "geometry": {"type": "LineString", "coordinates": [[2.3363103, 48.8637797], [2.3366247, 48.8637083]]}}, {"type": "Feature", "properties": {"highway": "footway", "footway": null, "name": "Passage de Richelieu", "surface": "sett", "lit": "yes", "length_m": 38.83, "type_element": "Way", "__fid": 51510}, "geometry": {"type": "LineString", "coordinates": [[2.3363572, 48.8618834], [2.3365516, 48.86220820000001]]}}, {"type": "Feature", "properties": {"highway": "steps", "footway": null, "name": null, "surface": "concrete", "lit": "24/7", "length_m": 15.26, "type_element": "Way", "__fid": 51513}, "geometry": {"type": "LineString", "coordinates": [[2.3365014, 48.8623796], [2.3364628, 48.862321499999986], [2.3363614, 48.8623527]]}}, {"type": "Feature", "properties": {"highway": "footway", "footway": "crossing", "name": null, "surface": "asphalt", "lit": "yes", "length_m": 14.03, "type_element": "Way", "__fid": 51521}, "geometry": {"type": "LineString", "coordinates": [[2.3364424, 48.86298930000002], [2.3363858, 48.8628888], [2.3363594, 48.8628812]]}}, {"type": "Feature", "properties": {"highway": "footway", "footway": "crossing", "name": null, "surface": "asphalt", "lit": "yes", "length_m": 14.32, "type_element": "Way", "__fid": 51522}, "geometry": {"type": "LineString", "coordinates": [[2.3363594, 48.8628812], [2.3365412, 48.86283440000001]]}}, {"type": "Feature", "properties": {"highway": "footway", "footway": "sidewalk", "name": null, "surface": "asphalt", "lit": "yes", "length_m": 18.34, "type_element": "Way", "__fid": 51523}, "geometry": {"type": "LineString", "coordinates": [[2.336346066666716, 48.86402896666672], [2.336428600000063, 48.86418463333339]]}}, {"type": "Feature", "properties": {"highway": "footway", "footway": "crossing", "name": "Passage de Montpensier", "surface": "asphalt", "lit": "yes", "length_m": 6.42, "type_element": "Way", "__fid": 51524}, "geometry": {"type": "LineString", "coordinates": [[2.336346066666716, 48.86402896666672], [2.3364286, 48.8640098]]}}, {"type": "Feature", "properties": {"highway": "steps", "footway": null, "name": null, "surface": null, "lit": "24/7", "length_m": 8.63, "type_element": "Way", "__fid": 51556}, "geometry": {"type": "LineString", "coordinates": [[2.3365014, 48.8623796], [2.3363948, 48.8624125]]}}, {"type": "Feature", "properties": {"highway": "footway", "footway": null, "name": "Galerie de Chartres", "surface": "paving_stones", "lit": null, "length_m": 1.56, "type_element": "Way", "__fid": 51601}, "geometry": {"type": "LineString", "coordinates": [[2.3364291, 48.8633297], [2.3364219, 48.8633165]]}}, {"type": "Feature", "properties": {"highway": "footway", "footway": null, "name": null, "surface": "paving_stones", "lit": "yes", "length_m": 10.48, "type_element": "Way", "__fid": 51604}, "geometry": {"type": "LineString", "coordinates": [[2.3364645, 48.8602395], [2.3365128, 48.86032819999997]]}}, {"type": "Feature", "properties": {"highway": "footway", "footway": "sidewalk", "name": null, "surface": null, "lit": "yes", "length_m": 44.35, "type_element": "Way", "__fid": 51614}, "geometry": {"type": "LineString", "coordinates": [[2.336606633333465, 48.865075533333474], [2.336411266666802, 48.86469810000012]]}}, {"type": "Feature", "properties": {"highway": "footway", "footway": null, "name": "Passage de Richelieu", "surface": null, "lit": null, "length_m": 19.13, "type_element": "Way", "__fid": 51615}, "geometry": {"type": "LineString", "coordinates": [[2.336411266666802, 48.86469810000012], [2.336658, 48.8646424]]}}, {"type": "Feature", "properties": {"highway": "footway", "footway": null, "name": "Galerie de Chartres", "surface": "paving_stones", "lit": null, "length_m": 44.48, "type_element": "Way", "__fid": 51618}, "geometry": {"type": "LineString", "coordinates": [[2.3366247, 48.8637083], [2.3364291, 48.8633297]]}}, {"type": "Feature", "properties": {"highway": "footway", "footway": null, "name": "Galerie de Nemours", "surface": "sett", "lit": "yes", "length_m": 39.99, "type_element": "Way", "__fid": 51619}, "geometry": {"type": "LineString", "coordinates": [[2.3364291, 48.8633297], [2.3365741, 48.8632986], [2.3364473, 48.8630632], [2.3364341, 48.8630663]]}}, {"type": "Feature", "properties": {"highway": "footway", "footway": "sidewalk", "name": null, "surface": "paving_stones", "lit": "yes", "length_m": 18.33, "type_element": "Way", "__fid": 51625}, "geometry": {"type": "LineString", "coordinates": [[2.336505100000041, 48.864166700000034], [2.3364286, 48.8640098]]}}, {"type": "Feature", "properties": {"highway": "footway", "footway": null, "name": "Passage de Montpensier", "surface": "asphalt", "lit": null, "length_m": 24.32, "type_element": "Way", "__fid": 51626}, "geometry": {"type": "LineString", "coordinates": [[2.3364286, 48.8640098], [2.3367414, 48.8639373]]}}, {"type": "Feature", "properties": {"highway": "footway", "footway": "sidewalk", "name": null, "surface": "paving_stones", "lit": "yes", "length_m": 2.34, "type_element": "Way", "__fid": 51627}, "geometry": {"type": "LineString", "coordinates": [[2.336472267344111, 48.862982016096126], [2.3364424, 48.86298930000002]]}}, {"type": "Feature", "properties": {"highway": "footway", "footway": "sidewalk", "name": null, "surface": "sett", "lit": null, "length_m": 53.61, "type_element": "Way", "__fid": 51629}, "geometry": {"type": "LineString", "coordinates": [[2.336428600000063, 48.86418463333339], [2.336658, 48.8646424]]}}, {"type": "Feature", "properties": {"highway": "footway", "footway": "crossing", "name": null, "surface": "asphalt", "lit": "yes", "length_m": 5.96, "type_element": "Way", "__fid": 51630}, "geometry": {"type": "LineString", "coordinates": [[2.336428600000063, 48.86418463333339], [2.336505100000041, 48.864166700000034]]}}, {"type": "Feature", "properties": {"highway": "corridor", "footway": null, "name": null, "surface": "asphalt", "lit": "yes", "length_m": 21.56, "type_element": "Way", "__fid": 51653}, "geometry": {"type": "LineString", "coordinates": [[2.336472267344111, 48.862982016096126], [2.3365574, 48.8629209], [2.336611441353833, 48.862815900211885]]}}, {"type": "Feature", "properties": {"highway": "footway", "footway": "sidewalk", "name": null, "surface": "paving_stones", "lit": "yes", "length_m": 75.31, "type_element": "Way", "__fid": 51654}, "geometry": {"type": "LineString", "coordinates": [[2.3374351, 48.8627472], [2.336472267344111, 48.862982016096126]]}}, {"type": "Feature", "properties": {"highway": "footway", "footway": "link", "name": null, "surface": "paving_stones", "lit": "yes", "length_m": 6.33, "type_element": "Way", "__fid": 51659}, "geometry": {"type": "LineString", "coordinates": [[2.3365128, 48.86032819999997], [2.3365939, 48.8603087]]}}, {"type": "Feature", "properties": {"highway": "corridor", "footway": null, "name": null, "surface": null, "lit": null, "length_m": 6.19, "type_element": "Way", "__fid": 51671}, "geometry": {"type": "LineString", "coordinates": [[2.3365266, 48.8624327], [2.3365014, 48.8623796]]}}, {"type": "Feature", "properties": {"highway": "footway", "footway": "crossing", "name": null, "surface": null, "lit": "yes", "length_m": 9.42, "type_element": "Way", "__fid": 51685}, "geometry": {"type": "LineString", "coordinates": [[2.3364847, 48.8651021], [2.336606633333465, 48.865075533333474]]}}, {"type": "Feature", "properties": {"highway": "footway", "footway": null, "name": null, "surface": "paving_stones", "lit": "yes", "length_m": 10.46, "type_element": "Way", "__fid": 51686}, "geometry": {"type": "LineString", "coordinates": [[2.3365477, 48.8602197], [2.3365939, 48.8603087]]}}, {"type": "Feature", "properties": {"highway": "corridor", "footway": null, "name": null, "surface": "asphalt", "lit": "yes", "length_m": 14.99, "type_element": "Way", "__fid": 51693}, "geometry": {"type": "LineString", "coordinates": [[2.3365266, 48.8624327], [2.3365828, 48.8625261], [2.336584049070581, 48.86256037255528]]}}, {"type": "Feature", "properties": {"highway": "steps", "footway": null, "name": null, "surface": "asphalt", "lit": "yes", "length_m": 11.79, "type_element": "Way", "__fid": 51694}, "geometry": {"type": "LineString", "coordinates": [[2.336671, 48.8623862], [2.3365266, 48.8624327]]}}, {"type": "Feature", "properties": {"highway": "footway", "footway": "sidewalk", "name": null, "surface": null, "lit": null, "length_m": 53.67, "type_element": "Way", "__fid": 51695}, "geometry": {"type": "LineString", "coordinates": [[2.336741800000098, 48.86462343333343], [2.336505100000041, 48.864166700000034]]}}, {"type": "Feature", "properties": {"highway": "footway", "footway": "sidewalk", "name": null, "surface": "asphalt", "lit": "yes", "length_m": 8.22, "type_element": "Way", "__fid": 51708}, "geometry": {"type": "LineString", "coordinates": [[2.3365412, 48.86283440000001], [2.336606499468076, 48.8627743791426]]}}, {"type": "Feature", "properties": {"highway": "footway", "footway": "sidewalk", "name": null, "surface": "asphalt", "lit": "yes", "length_m": 5.55, "type_element": "Way", "__fid": 51709}, "geometry": {"type": "LineString", "coordinates": [[2.336611441353833, 48.862815900211885], [2.3365412, 48.86283440000001]]}}, {"type": "Feature", "properties": {"highway": "footway", "footway": "crossing", "name": null, "surface": "asphalt", "lit": "yes", "length_m": 21.64, "type_element": "Way", "__fid": 51712}, "geometry": {"type": "LineString", "coordinates": [[2.336671, 48.8623862], [2.3365516, 48.86220820000001]]}}, {"type": "Feature", "properties": {"highway": "footway", "footway": "sidewalk", "name": null, "surface": "asphalt", "lit": "yes", "length_m": 37.15, "type_element": "Way", "__fid": 51713}, "geometry": {"type": "LineString", "coordinates": [[2.3365516, 48.86220820000001], [2.3370069, 48.86206190000002]]}}, {"type": "Feature", "properties": {"highway": "footway", "footway": null, "name": null, "surface": "asphalt", "lit": null, "length_m": 12.91, "type_element": "Way", "__fid": 51716}, "geometry": {"type": "LineString", "coordinates": [[2.3365297, 48.8641853], [2.3366775, 48.864151], [2.3366842, 48.86416290000001]]}}, {"type": "Feature", "properties": {"highway": "footway", "footway": "link", "name": null, "surface": "paving_stones", "lit": "yes", "length_m": 6.55, "type_element": "Way", "__fid": 51730}, "geometry": {"type": "LineString", "coordinates": [[2.3365939, 48.8603087], [2.3366777, 48.8602885]]}}, {"type": "Feature", "properties": {"highway": "footway", "footway": "sidewalk", "name": null, "surface": "asphalt", "lit": "yes", "length_m": 15.64, "type_element": "Way", "__fid": 51752}, "geometry": {"type": "LineString", "coordinates": [[2.336584049070581, 48.86256037255528], [2.3367812, 48.8626138]]}}, {"type": "Feature", "properties": {"highway": "corridor", "footway": null, "name": null, "surface": "asphalt", "lit": "yes", "length_m": 18.47, "type_element": "Way", "__fid": 51753}, "geometry": {"type": "LineString", "coordinates": [[2.336584049070581, 48.86256037255528], [2.3365901, 48.8627264]]}}, {"type": "Feature", "properties": {"highway": "corridor", "footway": null, "name": null, "surface": "asphalt", "lit": "yes", "length_m": 5.47, "type_element": "Way", "__fid": 51767}, "geometry": {"type": "LineString", "coordinates": [[2.3365901, 48.8627264], [2.336606499468076, 48.8627743791426]]}}, {"type": "Feature", "properties": {"highway": "corridor", "footway": null, "name": null, "surface": "asphalt", "lit": "yes", "length_m": 7.77, "type_element": "Way", "__fid": 51768}, "geometry": {"type": "LineString", "coordinates": [[2.3365901, 48.8627264], [2.336687851330812, 48.86269960326951]]}}, {"type": "Feature", "properties": {"highway": "footway", "footway": null, "name": null, "surface": "paving_stones", "lit": "yes", "length_m": 10.58, "type_element": "Way", "__fid": 51776}, "geometry": {"type": "LineString", "coordinates": [[2.33663, 48.860198699999984], [2.3366777, 48.8602885]]}}, {"type": "Feature", "properties": {"highway": "corridor", "footway": null, "name": null, "surface": "asphalt", "lit": "yes", "length_m": 4.77, "type_element": "Way", "__fid": 51784}, "geometry": {"type": "LineString", "coordinates": [[2.336606499468076, 48.8627743791426], [2.336617, 48.86280510000001], [2.336611441353833, 48.862815900211885]]}}, {"type": "Feature", "properties": {"highway": "footway", "footway": "sidewalk", "name": null, "surface": "asphalt", "lit": "yes", "length_m": 10.24, "type_element": "Way", "__fid": 51785}, "geometry": {"type": "LineString", "coordinates": [[2.336606499468076, 48.8627743791426], [2.336687851330812, 48.86269960326951]]}}, {"type": "Feature", "properties": {"highway": "footway", "footway": "sidewalk", "name": null, "surface": "asphalt", "lit": "yes", "length_m": 49.22, "type_element": "Way", "__fid": 51792}, "geometry": {"type": "LineString", "coordinates": [[2.3372345, 48.8626518], [2.336611441353833, 48.862815900211885]]}}, {"type": "Feature", "properties": {"highway": "footway", "footway": "sidewalk", "name": null, "surface": null, "lit": "yes", "length_m": 59.86, "type_element": "Way", "__fid": 51810}, "geometry": {"type": "LineString", "coordinates": [[2.336869188578905, 48.86558519122057], [2.336606633333465, 48.865075533333474]]}}, {"type": "Feature", "properties": {"highway": "footway", "footway": null, "name": "Passage Potier", "surface": "sett", "lit": "yes", "length_m": 19.04, "type_element": "Way", "__fid": 51811}, "geometry": {"type": "LineString", "coordinates": [[2.336606633333465, 48.865075533333474], [2.3368527, 48.865021]]}}, {"type": "Feature", "properties": {"highway": "footway", "footway": null, "name": "Galerie de Chartres", "surface": "paving_stones", "lit": null, "length_m": 23.82, "type_element": "Way", "__fid": 51812}, "geometry": {"type": "LineString", "coordinates": [[2.3367278, 48.86391140000002], [2.3366247, 48.8637083]]}}, {"type": "Feature", "properties": {"highway": "footway", "footway": null, "name": "Péristyle de Chartres", "surface": "paving_stones", "lit": "yes", "length_m": 1.59, "type_element": "Way", "__fid": 51813}, "geometry": {"type": "LineString", "coordinates": [[2.3366247, 48.8637083], [2.3366452, 48.86370359999999]]}}, {"type": "Feature", "properties": {"highway": "footway", "footway": "link", "name": null, "surface": "paving_stones", "lit": "yes", "length_m": 95.59, "type_element": "Way", "__fid": 51823}, "geometry": {"type": "LineString", "coordinates": [[2.3366777, 48.8602885], [2.3371927, 48.8601646], [2.337281, 48.8603012], [2.3373675, 48.8604658], [2.337378, 48.8606409]]}}, {"type": "Feature", "properties": {"highway": "footway", "footway": "sidewalk", "name": null, "surface": null, "lit": "yes", "length_m": 36.91, "type_element": "Way", "__fid": 51844}, "geometry": {"type": "LineString", "coordinates": [[2.336671, 48.8623862], [2.3371226, 48.86224]]}}, {"type": "Feature", "properties": {"highway": "footway", "footway": "sidewalk", "name": null, "surface": null, "lit": "yes", "length_m": 44.46, "type_element": "Way", "__fid": 51857}, "geometry": {"type": "LineString", "coordinates": [[2.336658, 48.8646424], [2.3368527, 48.865021]]}}, {"type": "Feature", "properties": {"highway": "footway", "footway": "crossing", "name": null, "surface": null, "lit": null, "length_m": 6.5, "type_element": "Way", "__fid": 51858}, "geometry": {"type": "LineString", "coordinates": [[2.336658, 48.8646424], [2.336741800000098, 48.86462343333343]]}}, {"type": "Feature", "properties": {"highway": "footway", "footway": "sidewalk", "name": null, "surface": "asphalt", "lit": "yes", "length_m": 11.74, "type_element": "Way", "__fid": 51866}, "geometry": {"type": "LineString", "coordinates": [[2.336687851330812, 48.86269960326951], [2.3367812, 48.8626138]]}}, {"type": "Feature", "properties": {"highway": "corridor", "footway": null, "name": null, "surface": "asphalt", "lit": "yes", "length_m": 20.78, "type_element": "Way", "__fid": 51867}, "geometry": {"type": "LineString", "coordinates": [[2.336687851330812, 48.86269960326951], [2.336949410103874, 48.8626279012084]]}}, {"type": "Feature", "properties": {"highway": "footway", "footway": null, "name": "Galerie de Montpensier", "surface": "paving_stones", "lit": "yes", "length_m": 113.57, "type_element": "Way", "__fid": 51876}, "geometry": {"type": "LineString", "coordinates": [[2.3366842, 48.86416290000001], [2.3371796, 48.8651305]]}}, {"type": "Feature", "properties": {"highway": "footway", "footway": null, "name": "Galerie du Jardin", "surface": "paving_stones", "lit": "yes", "length_m": 12.38, "type_element": "Way", "__fid": 51877}, "geometry": {"type": "LineString", "coordinates": [[2.3366842, 48.86416290000001], [2.336844, 48.8641272]]}}, {"type": "Feature", "properties": {"highway": "footway", "footway": null, "name": "Galerie de Chartres", "surface": "paving_stones", "lit": null, "length_m": 3.05, "type_element": "Way", "__fid": 51907}, "geometry": {"type": "LineString", "coordinates": [[2.3367414, 48.8639373], [2.3367278, 48.86391140000002]]}}, {"type": "Feature", "properties": {"highway": "footway", "footway": null, "name": "Galerie de la Cour d'Honneur", "surface": "sett", "lit": "yes", "length_m": 69.47, "type_element": "Way", "__fid": 51908}, "geometry": {"type": "LineString", "coordinates": [[2.3367278, 48.86391140000002], [2.3376224, 48.863706599999986]]}}, {"type": "Feature", "properties": {"highway": "footway", "footway": null, "name": "Galerie de Chartres", "surface": "paving_stones", "lit": null, "length_m": 22.42, "type_element": "Way", "__fid": 51919}, "geometry": {"type": "LineString", "coordinates": [[2.336844, 48.8641272], [2.3367414, 48.8639373]]}}, {"type": "Feature", "properties": {"highway": "footway", "footway": "sidewalk", "name": null, "surface": null, "lit": "yes", "length_m": 44.96, "type_element": "Way", "__fid": 51932}, "geometry": {"type": "LineString", "coordinates": [[2.336937100000039, 48.86500173333339], [2.3367484, 48.8646219], [2.336741800000098, 48.86462343333343]]}}, {"type": "Feature", "properties": {"highway": "footway", "footway": "sidewalk", "name": null, "surface": "asphalt", "lit": "yes", "length_m": 12.44, "type_element": "Way", "__fid": 51947}, "geometry": {"type": "LineString", "coordinates": [[2.3367812, 48.8626138], [2.336949410103874, 48.8626279012084]]}}, {"type": "Feature", "properties": {"highway": "footway", "footway": null, "name": "Galerie de Chartres", "surface": "compacted", "lit": null, "length_m": 9.15, "type_element": "Way", "__fid": 52019}, "geometry": {"type": "LineString", "coordinates": [[2.336884, 48.864205100000014], [2.336844, 48.8641272]]}}, {"type": "Feature", "properties": {"highway": "footway", "footway": null, "name": "Galerie du Jardin", "surface": "paving_stones", "lit": "yes", "length_m": 69.24, "type_element": "Way", "__fid": 52020}, "geometry": {"type": "LineString", "coordinates": [[2.336844, 48.8641272], [2.3377367, 48.863925]]}}, {"type": "Feature", "properties": {"highway": "footway", "footway": "sidewalk", "name": null, "surface": null, "lit": "yes", "length_m": 59.77, "type_element": "Way", "__fid": 52029}, "geometry": {"type": "LineString", "coordinates": [[2.3368527, 48.865021], [2.3371142, 48.8655301]]}}, {"type": "Feature", "properties": {"highway": "footway", "footway": "crossing", "name": "Passage Potier", "surface": "sett", "lit": "yes", "length_m": 6.55, "type_element": "Way", "__fid": 52030}, "geometry": {"type": "LineString", "coordinates": [[2.3368527, 48.865021], [2.336937100000039, 48.86500173333339]]}}, {"type": "Feature", "properties": {"highway": "footway", "footway": null, "name": null, "surface": "compacted", "lit": "yes", "length_m": 112.7, "type_element": "Way", "__fid": 52040}, "geometry": {"type": "LineString", "coordinates": [[2.3372419, 48.8651164], [2.3367771, 48.8642287], [2.336884, 48.864205100000014]]}}, {"type": "Feature", "properties": {"highway": "footway", "footway": null, "name": null, "surface": "compacted", "lit": "yes", "length_m": 7.4, "type_element": "Way", "__fid": 52041}, "geometry": {"type": "LineString", "coordinates": [[2.336884, 48.864205100000014], [2.3369794, 48.86418350000001]]}}, {"type": "Feature", "properties": {"highway": "footway", "footway": "sidewalk", "name": null, "surface": "asphalt", "lit": "yes", "length_m": 21.08, "type_element": "Way", "__fid": 52077}, "geometry": {"type": "LineString", "coordinates": [[2.336949410103874, 48.8626279012084], [2.3372345, 48.8626518]]}}, {"type": "Feature", "properties": {"highway": "corridor", "footway": null, "name": null, "surface": "asphalt", "lit": "yes", "length_m": 23.79, "type_element": "Way", "__fid": 52078}, "geometry": {"type": "LineString", "coordinates": [[2.336949410103874, 48.8626279012084], [2.3372489, 48.8625458]]}}, {"type": "Feature", "properties": {"highway": "footway", "footway": "sidewalk", "name": null, "surface": null, "lit": "yes", "length_m": 60.27, "type_element": "Way", "__fid": 52097}, "geometry": {"type": "LineString", "coordinates": [[2.337200600000054, 48.86551510000007], [2.336937100000039, 48.86500173333339]]}}, {"type": "Feature", "properties": {"highway": "footway", "footway": null, "name": "Allée Cocteau", "surface": "compacted", "lit": "yes", "length_m": 104.22, "type_element": "Way", "__fid": 52125}, "geometry": {"type": "LineString", "coordinates": [[2.3374236, 48.86507380000001], [2.3369794, 48.86418350000001]]}}, {"type": "Feature", "properties": {"highway": "footway", "footway": null, "name": null, "surface": "compacted", "lit": "yes", "length_m": 15.2, "type_element": "Way", "__fid": 52126}, "geometry": {"type": "LineString", "coordinates": [[2.3369794, 48.86418350000001], [2.3371756, 48.8641396]]}}, {"type": "Feature", "properties": {"highway": "footway", "footway": "crossing", "name": null, "surface": null, "lit": "yes", "length_m": 18.41, "type_element": "Way", "__fid": 52128}, "geometry": {"type": "LineString", "coordinates": [[2.3370069, 48.86206190000002], [2.337112666666615, 48.862212066666665]]}}, {"type": "Feature", "properties": {"highway": "footway", "footway": "sidewalk", "name": null, "surface": "asphalt", "lit": "yes", "length_m": 154.76, "type_element": "Way", "__fid": 52129}, "geometry": {"type": "LineString", "coordinates": [[2.3370069, 48.86206190000002], [2.3385693, 48.8615605], [2.3388965, 48.8614437]]}}, {"type": "Feature", "properties": {"highway": "steps", "footway": null, "name": null, "surface": "paving_stones", "lit": "no", "length_m": 14.09, "type_element": "Way", "__fid": 52132}, "geometry": {"type": "LineString", "coordinates": [[2.3372008, 48.8591779], [2.3370459, 48.8591876], [2.3370453, 48.8591636]]}}, {"type": "Feature", "properties": {"highway": "footway", "footway": "sidewalk", "name": null, "surface": null, "lit": "yes", "length_m": 3.19, "type_element": "Way", "__fid": 52208}, "geometry": {"type": "LineString", "coordinates": [[2.3371226, 48.86224], [2.337112666666615, 48.862212066666665]]}}, {"type": "Feature", "properties": {"highway": "footway", "footway": "sidewalk", "name": null, "surface": "asphalt", "lit": "yes", "length_m": 154.98, "type_element": "Way", "__fid": 52209}, "geometry": {"type": "LineString", "coordinates": [[2.337112666666615, 48.862212066666665], [2.339007966666555, 48.86159670000003]]}}, {"type": "Feature", "properties": {"highway": "footway", "footway": "sidewalk", "name": null, "surface": "asphalt", "lit": "yes", "length_m": 31.29, "type_element": "Way", "__fid": 52213}, "geometry": {"type": "LineString", "coordinates": [[2.3371226, 48.86224], [2.337266443785837, 48.86250493608513]]}}, {"type": "Feature", "properties": {"highway": "footway", "footway": null, "name": null, "surface": "asphalt", "lit": "yes", "length_m": 158.65, "type_element": "Way", "__fid": 52214}, "geometry": {"type": "LineString", "coordinates": [[2.3371226, 48.86224], [2.3390594, 48.86160550000002]]}}, {"type": "Feature", "properties": {"highway": "footway", "footway": "sidewalk", "name": null, "surface": "sett", "lit": "yes", "length_m": 41.13, "type_element": "Way", "__fid": 52246}, "geometry": {"type": "LineString", "coordinates": [[2.3377319, 48.85916240000001], [2.3372052, 48.8591982], [2.3372008, 48.8591779]]}}, {"type": "Feature", "properties": {"highway": "steps", "footway": null, "name": null, "surface": "paving_stones", "lit": "no", "length_m": 14.99, "type_element": "Way", "__fid": 52247}, "geometry": {"type": "LineString", "coordinates": [[2.3372008, 48.8591779], [2.3373662, 48.8591621], [2.337364, 48.85913760000001]]}}, {"type": "Feature", "properties": {"highway": "footway", "footway": null, "name": null, "surface": "compacted", "lit": "yes", "length_m": 22.75, "type_element": "Way", "__fid": 52291}, "geometry": {"type": "LineString", "coordinates": [[2.3371756, 48.8641396], [2.3372762, 48.8643331]]}}, {"type": "Feature", "properties": {"highway": "footway", "footway": null, "name": null, "surface": "compacted", "lit": "yes", "length_m": 24.07, "type_element": "Way", "__fid": 52292}, "geometry": {"type": "LineString", "coordinates": [[2.3371756, 48.8641396], [2.3374864, 48.8640702]]}}, {"type": "Feature", "properties": {"highway": "footway", "footway": "link", "name": null, "surface": "paving_stones", "lit": "yes", "length_m": 9.7, "type_element": "Way", "__fid": 52337}, "geometry": {"type": "LineString", "coordinates": [[2.337378, 48.8606409], [2.3372535, 48.8606703]]}}, {"type": "Feature", "properties": {"highway": "footway", "footway": "crossing", "name": null, "surface": "asphalt", "lit": "yes", "length_m": 9.49, "type_element": "Way", "__fid": 52350}, "geometry": {"type": "LineString", "coordinates": [[2.3372345, 48.8626518], [2.3373557, 48.862622]]}}, {"type": "Feature", "properties": {"highway": "corridor", "footway": null, "name": null, "surface": "asphalt", "lit": "yes", "length_m": 6.77, "type_element": "Way", "__fid": 52366}, "geometry": {"type": "LineString", "coordinates": [[2.3372489, 48.8625458], [2.3372857, 48.8626016]]}}, {"type": "Feature", "properties": {"highway": "corridor", "footway": null, "name": null, "surface": "asphalt", "lit": "yes", "length_m": 7.03, "type_element": "Way", "__fid": 52367}, "geometry": {"type": "LineString", "coordinates": [[2.3372489, 48.8625458], [2.3372262, 48.862514], [2.337266443785837, 48.86250493608513]]}}, {"type": "Feature", "properties": {"highway": "steps", "footway": null, "name": null, "surface": "concrete", "lit": "yes", "length_m": 16.02, "type_element": "Way", "__fid": 52385}, "geometry": {"type": "LineString", "coordinates": [[2.3373557, 48.862622], [2.3372869, 48.8625004], [2.337266443785837, 48.86250493608513]]}}, {"type": "Feature", "properties": {"highway": "footway", "footway": null, "name": null, "surface": "compacted", "lit": "yes", "length_m": 49.57, "type_element": "Way", "__fid": 52419}, "geometry": {"type": "LineString", "coordinates": [[2.3372762, 48.8643331], [2.3374954, 48.864754799999986]]}}, {"type": "Feature", "properties": {"highway": "footway", "footway": null, "name": null, "surface": "compacted", "lit": "yes", "length_m": 24.09, "type_element": "Way", "__fid": 52420}, "geometry": {"type": "LineString", "coordinates": [[2.3372762, 48.8643331], [2.3375872, 48.8642635]]}}, {"type": "Feature", "properties": {"highway": "footway", "footway": "link", "name": null, "surface": "paving_stones", "lit": "yes", "length_m": 73.92, "type_element": "Way", "__fid": 52483}, "geometry": {"type": "LineString", "coordinates": [[2.337378, 48.8606409], [2.3383286, 48.8604206]]}}, {"type": "Feature", "properties": {"highway": "footway", "footway": "sidewalk", "name": null, "surface": "asphalt", "lit": "yes", "length_m": 1.08, "type_element": "Way", "__fid": 52486}, "geometry": {"type": "LineString", "coordinates": [[2.3373557, 48.862622], [2.337364, 48.86263]]}}, {"type": "Feature", "properties": {"highway": "footway", "footway": "crossing", "name": null, "surface": "asphalt", "lit": "yes", "length_m": 14.04, "type_element": "Way", "__fid": 52498}, "geometry": {"type": "LineString", "coordinates": [[2.3374351, 48.8627472], [2.337364, 48.86263]]}}, {"type": "Feature", "properties": {"highway": "footway", "footway": "sidewalk", "name": null, "surface": "asphalt", "lit": "yes", "length_m": 10.62, "type_element": "Way", "__fid": 52499}, "geometry": {"type": "LineString", "coordinates": [[2.337364, 48.86263], [2.337498, 48.8625938]]}}, {"type": "Feature", "properties": {"highway": "footway", "footway": null, "name": "Galerie des Proues", "surface": "paving_stones", "lit": null, "length_m": 17.58, "type_element": "Way", "__fid": 52547}, "geometry": {"type": "LineString", "coordinates": [[2.3373958, 48.863276699999986], [2.3374746, 48.863426]]}}, {"type": "Feature", "properties": {"highway": "footway", "footway": "sidewalk", "name": null, "surface": "paving_stones", "lit": "yes", "length_m": 1.54, "type_element": "Way", "__fid": 52584}, "geometry": {"type": "LineString", "coordinates": [[2.3374351, 48.8627472], [2.3374561, 48.8627462]]}}, {"type": "Feature", "properties": {"highway": "footway", "footway": null, "name": "Allée Cocteau", "surface": "compacted", "lit": "yes", "length_m": 109.95, "type_element": "Way", "__fid": 52593}, "geometry": {"type": "LineString", "coordinates": [[2.3379237, 48.86600589999998], [2.3374236, 48.86507380000001]]}}, {"type": "Feature", "properties": {"highway": "footway", "footway": null, "name": null, "surface": "compacted", "lit": "yes", "length_m": 10.74, "type_element": "Way", "__fid": 52594}, "geometry": {"type": "LineString", "coordinates": [[2.3375615, 48.8650413], [2.3374236, 48.86507380000001]]}}, {"type": "Feature", "properties": {"highway": "footway", "footway": "sidewalk", "name": null, "surface": "paving_stones", "lit": "yes", "length_m": 60.17, "type_element": "Way", "__fid": 52598}, "geometry": {"type": "LineString", "coordinates": [[2.3374561, 48.8627462], [2.3377316, 48.86325020000001], [2.337739400000095, 48.86324893333347]]}}, {"type": "Feature", "properties": {"highway": "footway", "footway": "crossing", "name": null, "surface": "asphalt", "lit": "yes", "length_m": 8.11, "type_element": "Way", "__fid": 52599}, "geometry": {"type": "LineString", "coordinates": [[2.3374561, 48.8627462], [2.3375592, 48.8627198]]}}, {"type": "Feature", "properties": {"highway": "footway", "footway": null, "name": "Passage de la Cour des Fontaines", "surface": "paving_stones", "lit": null, "length_m": 1.55, "type_element": "Way", "__fid": 52609}, "geometry": {"type": "LineString", "coordinates": [[2.3374554, 48.86343179999999], [2.3374746, 48.863426]]}}, {"type": "Feature", "properties": {"highway": "footway", "footway": null, "name": "Galerie des Proues", "surface": "paving_stones", "lit": null, "length_m": 33.03, "type_element": "Way", "__fid": 52624}, "geometry": {"type": "LineString", "coordinates": [[2.3374746, 48.863426], [2.3376224, 48.863706599999986]]}}, {"type": "Feature", "properties": {"highway": "footway", "footway": null, "name": "Passage de la Cour des Fontaines", "surface": "paving_stones", "lit": null, "length_m": 24.52, "type_element": "Way", "__fid": 52625}, "geometry": {"type": "LineString", "coordinates": [[2.3374746, 48.863426], [2.3377864, 48.86334650000001]]}}, {"type": "Feature", "properties": {"highway": "footway", "footway": "crossing", "name": null, "surface": "asphalt", "lit": "yes", "length_m": 13.42, "type_element": "Way", "__fid": 52636}, "geometry": {"type": "LineString", "coordinates": [[2.337498, 48.8625938], [2.337569099999844, 48.86270503333337]]}}, {"type": "Feature", "properties": {"highway": "footway", "footway": "sidewalk", "name": null, "surface": "asphalt", "lit": "yes", "length_m": 52.79, "type_element": "Way", "__fid": 52637}, "geometry": {"type": "LineString", "coordinates": [[2.337498, 48.8625938], [2.3381641, 48.862414300000026]]}}, {"type": "Feature", "properties": {"highway": "footway", "footway": null, "name": null, "surface": "compacted", "lit": "yes", "length_m": 22.73, "type_element": "Way", "__fid": 52648}, "geometry": {"type": "LineString", "coordinates": [[2.3374864, 48.8640702], [2.3375872, 48.8642635]]}}, {"type": "Feature", "properties": {"highway": "footway", "footway": null, "name": null, "surface": "compacted", "lit": "yes", "length_m": 15.04, "type_element": "Way", "__fid": 52649}, "geometry": {"type": "LineString", "coordinates": [[2.3374864, 48.8640702], [2.3376806, 48.8640268]]}}, {"type": "Feature", "properties": {"highway": "footway", "footway": null, "name": null, "surface": "compacted", "lit": "yes", "length_m": 18.67, "type_element": "Way", "__fid": 52664}, "geometry": {"type": "LineString", "coordinates": [[2.3374954, 48.864754799999986], [2.3375779, 48.8649136]]}}, {"type": "Feature", "properties": {"highway": "footway", "footway": null, "name": null, "surface": "compacted", "lit": "yes", "length_m": 24.15, "type_element": "Way", "__fid": 52665}, "geometry": {"type": "LineString", "coordinates": [[2.3374954, 48.864754799999986], [2.3378083, 48.8646874]]}}, {"type": "Feature", "properties": {"highway": "footway", "footway": "sidewalk", "name": null, "surface": "asphalt", "lit": "yes", "length_m": 60.07, "type_element": "Way", "__fid": 52701}, "geometry": {"type": "LineString", "coordinates": [[2.3378335, 48.8632288], [2.3375592, 48.8627198]]}}, {"type": "Feature", "properties": {"highway": "footway", "footway": "sidewalk", "name": null, "surface": "asphalt", "lit": "yes", "length_m": 42.63, "type_element": "Way", "__fid": 52702}, "geometry": {"type": "LineString", "coordinates": [[2.3375592, 48.8627198], [2.3375723, 48.86271009999999], [2.3380674, 48.8625659], [2.3380876, 48.8625667]]}}, {"type": "Feature", "properties": {"highway": "footway", "footway": null, "name": null, "surface": "compacted", "lit": "yes", "length_m": 14.38, "type_element": "Way", "__fid": 52731}, "geometry": {"type": "LineString", "coordinates": [[2.3375615, 48.8650413], [2.3375927, 48.8650829], [2.3376344, 48.865113600000015], [2.337687, 48.8651367]]}}, {"type": "Feature", "properties": {"highway": "footway", "footway": null, "name": null, "surface": "compacted", "lit": "yes", "length_m": 14.57, "type_element": "Way", "__fid": 52732}, "geometry": {"type": "LineString", "coordinates": [[2.3375779, 48.8649136], [2.3375533, 48.86496339999998], [2.3375499, 48.8650004], [2.3375615, 48.8650413]]}}, {"type": "Feature", "properties": {"highway": "footway", "footway": null, "name": null, "surface": "compacted", "lit": "yes", "length_m": 26.1, "type_element": "Way", "__fid": 52754}, "geometry": {"type": "LineString", "coordinates": [[2.3378882, 48.8648407], [2.3378217, 48.8648312], [2.337709, 48.8648402], [2.3376589, 48.864857], [2.3375779, 48.8649136]]}}, {"type": "Feature", "properties": {"highway": "footway", "footway": null, "name": null, "surface": "compacted", "lit": "yes", "length_m": 49.85, "type_element": "Way", "__fid": 52759}, "geometry": {"type": "LineString", "coordinates": [[2.3375872, 48.8642635], [2.3378083, 48.8646874]]}}, {"type": "Feature", "properties": {"highway": "footway", "footway": null, "name": "Galerie des Proues", "surface": "paving_stones", "lit": null, "length_m": 25.69, "type_element": "Way", "__fid": 52785}, "geometry": {"type": "LineString", "coordinates": [[2.3376224, 48.863706599999986], [2.3377367, 48.863925]]}}, {"type": "Feature", "properties": {"highway": "footway", "footway": null, "name": "Allée Colette", "surface": "compacted", "lit": "yes", "length_m": 103.5, "type_element": "Way", "__fid": 52856}, "geometry": {"type": "LineString", "coordinates": [[2.3376806, 48.8640268], [2.3381539, 48.864903599999984]]}}, {"type": "Feature", "properties": {"highway": "footway", "footway": null, "name": null, "surface": "compacted", "lit": "yes", "length_m": 7.76, "type_element": "Way", "__fid": 52857}, "geometry": {"type": "LineString", "coordinates": [[2.3376806, 48.8640268], [2.3377811, 48.864005]]}}, {"type": "Feature", "properties": {"highway": "footway", "footway": null, "name": null, "surface": "compacted", "lit": "yes", "length_m": 27.42, "type_element": "Way", "__fid": 52886}, "geometry": {"type": "LineString", "coordinates": [[2.337687, 48.8651367], [2.3377968, 48.86515270000002], [2.3378579, 48.8651471], [2.3379129, 48.865132399999986], [2.3379599, 48.8651099], [2.3380082, 48.865066]]}}, {"type": "Feature", "properties": {"highway": "footway", "footway": "sidewalk", "name": null, "surface": "paving_stones", "lit": "yes", "length_m": 11.38, "type_element": "Way", "__fid": 52933}, "geometry": {"type": "LineString", "coordinates": [[2.337739400000095, 48.86324893333347], [2.3377864, 48.86334650000001]]}}, {"type": "Feature", "properties": {"highway": "footway", "footway": "crossing", "name": null, "surface": "asphalt", "lit": "yes", "length_m": 7.26, "type_element": "Way", "__fid": 52934}, "geometry": {"type": "LineString", "coordinates": [[2.337739400000095, 48.86324893333347], [2.3378335, 48.8632288]]}}, {"type": "Feature", "properties": {"highway": "footway", "footway": null, "name": "Galerie des Proues", "surface": "compacted", "lit": "yes", "length_m": 9.47, "type_element": "Way", "__fid": 52936}, "geometry": {"type": "LineString", "coordinates": [[2.3377367, 48.863925], [2.3377811, 48.864005]]}}, {"type": "Feature", "properties": {"highway": "footway", "footway": null, "name": "Galerie du Jardin", "surface": "paving_stones", "lit": "yes", "length_m": 12.94, "type_element": "Way", "__fid": 52937}, "geometry": {"type": "LineString", "coordinates": [[2.3377367, 48.863925], [2.3379049, 48.86389]]}}, {"type": "Feature", "properties": {"highway": "footway", "footway": "sidewalk", "name": null, "surface": "paving_stones", "lit": "yes", "length_m": 12.72, "type_element": "Way", "__fid": 52979}, "geometry": {"type": "LineString", "coordinates": [[2.3377864, 48.86334650000001], [2.3378409, 48.8634498], [2.337848233333436, 48.863448333333466]]}}, {"type": "Feature", "properties": {"highway": "pedestrian", "footway": null, "name": "Place de Valois", "surface": "sett", "lit": "yes", "length_m": 8.02, "type_element": "Way", "__fid": 52980}, "geometry": {"type": "LineString", "coordinates": [[2.3377864, 48.86334650000001], [2.3378882, 48.86332030000001]]}}, {"type": "Feature", "properties": {"highway": "footway", "footway": null, "name": null, "surface": "compacted", "lit": "yes", "length_m": 234.44, "type_element": "Way", "__fid": 52983}, "geometry": {"type": "LineString", "coordinates": [[2.3377811, 48.864005], [2.3378792, 48.8639824], [2.3388206, 48.86579320000001], [2.3386411, 48.865834700000015]]}}, {"type": "Feature", "properties": {"highway": "footway", "footway": null, "name": null, "surface": "compacted", "lit": "yes", "length_m": 18.03, "type_element": "Way", "__fid": 53026}, "geometry": {"type": "LineString", "coordinates": [[2.3378083, 48.8646874], [2.3378882, 48.8648407]]}}, {"type": "Feature", "properties": {"highway": "footway", "footway": "sidewalk", "name": null, "surface": "paving_stones", "lit": "yes", "length_m": 10.94, "type_element": "Way", "__fid": 53031}, "geometry": {"type": "LineString", "coordinates": [[2.3378882, 48.86332030000001], [2.3378335, 48.8632288]]}}, {"type": "Feature", "properties": {"highway": "footway", "footway": "sidewalk", "name": null, "surface": "asphalt", "lit": "yes", "length_m": 43.75, "type_element": "Way", "__fid": 53048}, "geometry": {"type": "LineString", "coordinates": [[2.337848233333436, 48.863448333333466], [2.338041980957392, 48.86382046342524]]}}, {"type": "Feature", "properties": {"highway": "footway", "footway": "crossing", "name": null, "surface": "asphalt", "lit": "yes", "length_m": 6.09, "type_element": "Way", "__fid": 53049}, "geometry": {"type": "LineString", "coordinates": [[2.337848233333436, 48.863448333333466], [2.337926800000131, 48.863430700000166]]}}, {"type": "Feature", "properties": {"highway": "footway", "footway": "crossing", "name": null, "surface": "sett", "lit": "yes", "length_m": 16.35, "type_element": "Way", "__fid": 53082}, "geometry": {"type": "LineString", "coordinates": [[2.337936410806933, 48.85916988580876], [2.3380074, 48.8593093]]}}, {"type": "Feature", "properties": {"highway": "footway", "footway": "sidewalk", "name": null, "surface": "paving_stones", "lit": "yes", "length_m": 12.6, "type_element": "Way", "__fid": 53088}, "geometry": {"type": "LineString", "coordinates": [[2.337926797567679, 48.86343069304312], [2.3378882, 48.86332030000001]]}}, {"type": "Feature", "properties": {"highway": "pedestrian", "footway": null, "name": "Place de Valois", "surface": "sett", "lit": "yes", "length_m": 42.8, "type_element": "Way", "__fid": 53089}, "geometry": {"type": "LineString", "coordinates": [[2.3378882, 48.86332030000001], [2.3384313, 48.86317980000001]]}}, {"type": "Feature", "properties": {"highway": "footway", "footway": null, "name": null, "surface": "compacted", "lit": "yes", "length_m": 14.54, "type_element": "Way", "__fid": 53114}, "geometry": {"type": "LineString", "coordinates": [[2.3380223, 48.8649338], [2.3379812, 48.86488769999998], [2.3378882, 48.8648407]]}}, {"type": "Feature", "properties": {"highway": "footway", "footway": null, "name": "Galerie de Valois", "surface": "paving_stones", "lit": "yes", "length_m": 233.87, "type_element": "Way", "__fid": 53122}, "geometry": {"type": "LineString", "coordinates": [[2.3388742, 48.865840699999985], [2.3389473, 48.86582330000001], [2.3379049, 48.86389]]}}, {"type": "Feature", "properties": {"highway": "footway", "footway": null, "name": null, "surface": "paving_stones", "lit": "yes", "length_m": 16.11, "type_element": "Way", "__fid": 53123}, "geometry": {"type": "LineString", "coordinates": [[2.3379049, 48.86389], [2.3378861, 48.863855100000016], [2.338041066666908, 48.863820666666896]]}}, {"type": "Feature", "properties": {"highway": "footway", "footway": "sidewalk", "name": null, "surface": "asphalt", "lit": "yes", "length_m": 0.0, "type_element": "Way", "__fid": 53140}, "geometry": {"type": "LineString", "coordinates": [[2.337926797567679, 48.86343069304312], [2.337926800000131, 48.863430700000166]]}}, {"type": "Feature", "properties": {"highway": "footway", "footway": "sidewalk", "name": null, "surface": "asphalt", "lit": "yes", "length_m": 44.39, "type_element": "Way", "__fid": 53141}, "geometry": {"type": "LineString", "coordinates": [[2.338125133333381, 48.86380196666671], [2.3379354, 48.8634291], [2.337926797567679, 48.86343069304312]]}}, {"type": "Feature", "properties": {"highway": "footway", "footway": null, "name": null, "surface": "sett", "lit": "yes", "length_m": 107.62, "type_element": "Way", "__fid": 53158}, "geometry": {"type": "LineString", "coordinates": [[2.3384698, 48.8602278], [2.3380074, 48.8593093]]}}, {"type": "Feature", "properties": {"highway": "footway", "footway": "sidewalk", "name": null, "surface": "asphalt", "lit": "yes", "length_m": 124.03, "type_element": "Way", "__fid": 53159}, "geometry": {"type": "LineString", "coordinates": [[2.3380074, 48.8593093], [2.3394666, 48.8591517], [2.3396769, 48.859134699999984]]}}, {"type": "Feature", "properties": {"highway": "footway", "footway": null, "name": null, "surface": "compacted", "lit": "yes", "length_m": 19.59, "type_element": "Way", "__fid": 53224}, "geometry": {"type": "LineString", "coordinates": [[2.3380082, 48.865066], [2.3380958, 48.8652324]]}}, {"type": "Feature", "properties": {"highway": "footway", "footway": null, "name": null, "surface": "compacted", "lit": "yes", "length_m": 15.19, "type_element": "Way", "__fid": 53225}, "geometry": {"type": "LineString", "coordinates": [[2.3380082, 48.865066], [2.3380258, 48.8650428], [2.3380384, 48.864989], [2.3380223, 48.8649338]]}}, {"type": "Feature", "properties": {"highway": "footway", "footway": null, "name": null, "surface": "compacted", "lit": "yes", "length_m": 10.22, "type_element": "Way", "__fid": 53237}, "geometry": {"type": "LineString", "coordinates": [[2.3380223, 48.8649338], [2.3381539, 48.864903599999984]]}}, {"type": "Feature", "properties": {"highway": "footway", "footway": "sidewalk", "name": null, "surface": "asphalt", "lit": "yes", "length_m": 26.15, "type_element": "Way", "__fid": 53242}, "geometry": {"type": "LineString", "coordinates": [[2.338041066666908, 48.863820666666896], [2.338166633333394, 48.86404080000006]]}}, {"type": "Feature", "properties": {"highway": "footway", "footway": "crossing", "name": null, "surface": "asphalt", "lit": "yes", "length_m": 0.07, "type_element": "Way", "__fid": 53243}, "geometry": {"type": "LineString", "coordinates": [[2.338041980957392, 48.86382046342524], [2.338041066666908, 48.863820666666896]]}}, {"type": "Feature", "properties": {"highway": "footway", "footway": "crossing", "name": null, "surface": "asphalt", "lit": "yes", "length_m": 6.44, "type_element": "Way", "__fid": 53246}, "geometry": {"type": "LineString", "coordinates": [[2.338125133333381, 48.86380196666671], [2.338041980957392, 48.86382046342524]]}}, {"type": "Feature", "properties": {"highway": "footway", "footway": "crossing", "name": null, "surface": "asphalt", "lit": "yes", "length_m": 4.41, "type_element": "Way", "__fid": 53279}, "geometry": {"type": "LineString", "coordinates": [[2.3380876, 48.8625667], [2.3381476, 48.8625646]]}}, {"type": "Feature", "properties": {"highway": "footway", "footway": "sidewalk", "name": null, "surface": "paving_stones", "lit": "yes", "length_m": 66.28, "type_element": "Way", "__fid": 53280}, "geometry": {"type": "LineString", "coordinates": [[2.3380876, 48.8625667], [2.3384061, 48.8631245]]}}, {"type": "Feature", "properties": {"highway": "living_street", "footway": null, "name": "Rue des Bons Enfants", "surface": "asphalt", "lit": "yes", "length_m": 8.49, "type_element": "Way", "__fid": 53283}, "geometry": {"type": "LineString", "coordinates": [[2.338089, 48.8624988], [2.3381476, 48.8625646]]}}, {"type": "Feature", "properties": {"highway": "footway", "footway": "sidewalk", "name": null, "surface": "asphalt", "lit": "yes", "length_m": 7.21, "type_element": "Way", "__fid": 53322}, "geometry": {"type": "LineString", "coordinates": [[2.3381949, 48.8638453], [2.3381627, 48.8638347], [2.338125133333381, 48.86380196666671]]}}, {"type": "Feature", "properties": {"highway": "living_street", "footway": null, "name": "Rue des Bons Enfants", "surface": "asphalt", "lit": "yes", "length_m": 65.1, "type_element": "Way", "__fid": 53340}, "geometry": {"type": "LineString", "coordinates": [[2.3381476, 48.8625646], [2.3381642, 48.8626337], [2.3384471, 48.8631142]]}}, {"type": "Feature", "properties": {"highway": "footway", "footway": "crossing", "name": null, "surface": "asphalt", "lit": "yes", "length_m": 6.01, "type_element": "Way", "__fid": 53341}, "geometry": {"type": "LineString", "coordinates": [[2.3381476, 48.8625646], [2.3382277, 48.8625533]]}}, {"type": "Feature", "properties": {"highway": "footway", "footway": "crossing", "name": null, "surface": "asphalt", "lit": "yes", "length_m": 16.4, "type_element": "Way", "__fid": 53353}, "geometry": {"type": "LineString", "coordinates": [[2.3382277, 48.8625533], [2.3382326, 48.8625345], [2.3381641, 48.862414300000026]]}}, {"type": "Feature", "properties": {"highway": "footway", "footway": "sidewalk", "name": null, "surface": "asphalt", "lit": "yes", "length_m": 61.54, "type_element": "Way", "__fid": 53354}, "geometry": {"type": "LineString", "coordinates": [[2.3381641, 48.862414300000026], [2.3389409, 48.8622054]]}}, {"type": "Feature", "properties": {"highway": "footway", "footway": null, "name": "Allée Colette", "surface": "compacted", "lit": "yes", "length_m": 109.53, "type_element": "Way", "__fid": 53388}, "geometry": {"type": "LineString", "coordinates": [[2.3381539, 48.864903599999984], [2.3386411, 48.865834700000015]]}}, {"type": "Feature", "properties": {"highway": "footway", "footway": "sidewalk", "name": null, "surface": null, "lit": "yes", "length_m": 240.74, "type_element": "Way", "__fid": 53389}, "geometry": {"type": "LineString", "coordinates": [[2.338166633333394, 48.86404080000006], [2.3391669, 48.86591460000002], [2.3391526, 48.86595410000001], [2.338953433333199, 48.865995700000035]]}}, {"type": "Feature", "properties": {"highway": "footway", "footway": "crossing", "name": null, "surface": "asphalt", "lit": "yes", "length_m": 9.55, "type_element": "Way", "__fid": 53390}, "geometry": {"type": "LineString", "coordinates": [[2.338166633333394, 48.86404080000006], [2.3382898, 48.8640129]]}}, {"type": "Feature", "properties": {"highway": "footway", "footway": "crossing", "name": null, "surface": "asphalt", "lit": "yes", "length_m": 13.77, "type_element": "Way", "__fid": 53410}, "geometry": {"type": "LineString", "coordinates": [[2.3381949, 48.8638453], [2.3381976, 48.863863], [2.3382829, 48.8639529]]}}, {"type": "Feature", "properties": {"highway": "footway", "footway": "sidewalk", "name": null, "surface": "asphalt", "lit": "yes", "length_m": 41.28, "type_element": "Way", "__fid": 53411}, "geometry": {"type": "LineString", "coordinates": [[2.338719, 48.8637143], [2.3386268, 48.86374760000002], [2.3382278, 48.8638431], [2.3381949, 48.8638453]]}}, {"type": "Feature", "properties": {"highway": "footway", "footway": "sidewalk", "name": null, "surface": "asphalt", "lit": "yes", "length_m": 65.55, "type_element": "Way", "__fid": 53431}, "geometry": {"type": "LineString", "coordinates": [[2.3384965, 48.8631015], [2.3383957, 48.8629248], [2.3382721, 48.862763], [2.3382029, 48.8626408], [2.3382277, 48.8625533]]}}, {"type": "Feature", "properties": {"highway": "footway", "footway": "sidewalk", "name": null, "surface": "asphalt", "lit": "yes", "length_m": 61.67, "type_element": "Way", "__fid": 53432}, "geometry": {"type": "LineString", "coordinates": [[2.3382277, 48.8625533], [2.3390042, 48.862341]]}}, {"type": "Feature", "properties": {"highway": "footway", "footway": "sidewalk", "name": null, "surface": "asphalt", "lit": "yes", "length_m": 6.69, "type_element": "Way", "__fid": 53501}, "geometry": {"type": "LineString", "coordinates": [[2.3382898, 48.8640129], [2.3382829, 48.8639529]]}}, {"type": "Feature", "properties": {"highway": "footway", "footway": "sidewalk", "name": null, "surface": "asphalt", "lit": "yes", "length_m": 108.67, "type_element": "Way", "__fid": 53502}, "geometry": {"type": "LineString", "coordinates": [[2.3382829, 48.8639529], [2.3383213, 48.863936], [2.3395876, 48.86363690000002], [2.3396775, 48.8636406]]}}, {"type": "Feature", "properties": {"highway": "footway", "footway": "link", "name": null, "surface": "paving_stones", "lit": "no", "length_m": 22.76, "type_element": "Way", "__fid": 53505}, "geometry": {"type": "LineString", "coordinates": [[2.3383286, 48.8604206], [2.3386078, 48.86050980000001]]}}, {"type": "Feature", "properties": {"highway": "footway", "footway": "link", "name": null, "surface": "paving_stones", "lit": "no", "length_m": 23.81, "type_element": "Way", "__fid": 53506}, "geometry": {"type": "LineString", "coordinates": [[2.3384698, 48.8602278], [2.3383286, 48.8604206]]}}, {"type": "Feature", "properties": {"highway": "footway", "footway": "sidewalk", "name": null, "surface": "paving_stones", "lit": "yes", "length_m": 260.25, "type_element": "Way", "__fid": 53511}, "geometry": {"type": "LineString", "coordinates": [[2.3389703, 48.86606970000001], [2.3393102, 48.8659887], [2.3389481, 48.8653098], [2.3389749, 48.86529439999999], [2.3382898, 48.8640129]]}}, {"type": "Feature", "properties": {"highway": "footway", "footway": "sidewalk", "name": null, "surface": "paving_stones", "lit": "yes", "length_m": 6.42, "type_element": "Way", "__fid": 53643}, "geometry": {"type": "LineString", "coordinates": [[2.3384061, 48.8631245], [2.3384313, 48.86317980000001]]}}, {"type": "Feature", "properties": {"highway": "footway", "footway": "crossing", "name": null, "surface": "asphalt", "lit": "yes", "length_m": 3.22, "type_element": "Way", "__fid": 53644}, "geometry": {"type": "LineString", "coordinates": [[2.3384061, 48.8631245], [2.3384471, 48.8631142]]}}, {"type": "Feature", "properties": {"highway": "footway", "footway": "sidewalk", "name": null, "surface": "paving_stones", "lit": "yes", "length_m": 6.43, "type_element": "Way", "__fid": 53672}, "geometry": {"type": "LineString", "coordinates": [[2.3384313, 48.86317980000001], [2.3384575, 48.863235]]}}, {"type": "Feature", "properties": {"highway": "footway", "footway": null, "name": "Passage de la Vérité", "surface": "asphalt", "lit": "yes", "length_m": 3.7, "type_element": "Way", "__fid": 53673}, "geometry": {"type": "LineString", "coordinates": [[2.3384313, 48.86317980000001], [2.3384786, 48.86316830000001]]}}, {"type": "Feature", "properties": {"highway": "footway", "footway": "link", "name": null, "surface": "paving_stones", "lit": "no", "length_m": 23.02, "type_element": "Way", "__fid": 53679}, "geometry": {"type": "LineString", "coordinates": [[2.3387486, 48.8603228], [2.3384698, 48.8602278]]}}, {"type": "Feature", "properties": {"highway": "living_street", "footway": null, "name": "Rue des Bons Enfants", "surface": "asphalt", "lit": "yes", "length_m": 6.44, "type_element": "Way", "__fid": 53698}, "geometry": {"type": "LineString", "coordinates": [[2.3384471, 48.8631142], [2.3384786, 48.86316830000001]]}}, {"type": "Feature", "properties": {"highway": "footway", "footway": "crossing", "name": null, "surface": "asphalt", "lit": "yes", "length_m": 3.89, "type_element": "Way", "__fid": 53699}, "geometry": {"type": "LineString", "coordinates": [[2.3384471, 48.8631142], [2.3384965, 48.8631015]]}}, {"type": "Feature", "properties": {"highway": "footway", "footway": "sidewalk", "name": null, "surface": "asphalt", "lit": "yes", "length_m": 56.77, "type_element": "Way", "__fid": 53707}, "geometry": {"type": "LineString", "coordinates": [[2.3384575, 48.863235], [2.3387149, 48.8636821], [2.338719, 48.8637143]]}}, {"type": "Feature", "properties": {"highway": "footway", "footway": "sidewalk", "name": null, "surface": "paving_stones", "lit": "yes", "length_m": 3.88, "type_element": "Way", "__fid": 53708}, "geometry": {"type": "LineString", "coordinates": [[2.3384575, 48.863235], [2.3385075, 48.86322359999997]]}}, {"type": "Feature", "properties": {"highway": "living_street", "footway": null, "name": "Rue des Bons Enfants", "surface": "asphalt", "lit": "yes", "length_m": 6.5, "type_element": "Way", "__fid": 53746}, "geometry": {"type": "LineString", "coordinates": [[2.3384786, 48.86316830000001], [2.3385075, 48.86322359999997]]}}, {"type": "Feature", "properties": {"highway": "living_street", "footway": null, "name": "Rue Montesquieu", "surface": "asphalt", "lit": "yes", "length_m": 4.1, "type_element": "Way", "__fid": 53747}, "geometry": {"type": "LineString", "coordinates": [[2.3385329, 48.8631595], [2.3384786, 48.86316830000001]]}}, {"type": "Feature", "properties": {"highway": "footway", "footway": "sidewalk", "name": null, "surface": "asphalt", "lit": "yes", "length_m": 2.09, "type_element": "Way", "__fid": 53760}, "geometry": {"type": "LineString", "coordinates": [[2.338513733333218, 48.8631165], [2.3384965, 48.8631015]]}}, {"type": "Feature", "properties": {"highway": "living_street", "footway": null, "name": "Rue des Bons Enfants", "surface": "asphalt", "lit": "yes", "length_m": 57.17, "type_element": "Way", "__fid": 53765}, "geometry": {"type": "LineString", "coordinates": [[2.3385075, 48.86322359999997], [2.3387672, 48.8637083]]}}, {"type": "Feature", "properties": {"highway": "footway", "footway": "sidewalk", "name": null, "surface": "asphalt", "lit": "yes", "length_m": 69.33, "type_element": "Way", "__fid": 53766}, "geometry": {"type": "LineString", "coordinates": [[2.339406, 48.8630563], [2.3385737, 48.8631926], [2.3385506, 48.8631982], [2.3385357, 48.8632179], [2.3385075, 48.86322359999997]]}}, {"type": "Feature", "properties": {"highway": "footway", "footway": "crossing", "name": null, "surface": "asphalt", "lit": "yes", "length_m": 4.98, "type_element": "Way", "__fid": 53769}, "geometry": {"type": "LineString", "coordinates": [[2.3385329, 48.8631595], [2.338513733333218, 48.8631165]]}}, {"type": "Feature", "properties": {"highway": "footway", "footway": "sidewalk", "name": null, "surface": "asphalt", "lit": "yes", "length_m": 64.82, "type_element": "Way", "__fid": 53770}, "geometry": {"type": "LineString", "coordinates": [[2.338513733333218, 48.8631165], [2.3385264, 48.8631082], [2.339365, 48.8629666]]}}, {"type": "Feature", "properties": {"highway": "footway", "footway": "crossing", "name": null, "surface": "asphalt", "lit": "yes", "length_m": 4.07, "type_element": "Way", "__fid": 53789}, "geometry": {"type": "LineString", "coordinates": [[2.3385329, 48.8631595], [2.3385494, 48.8631944]]}}, {"type": "Feature", "properties": {"highway": "living_street", "footway": null, "name": "Rue Montesquieu", "surface": "asphalt", "lit": "yes", "length_m": 64.34, "type_element": "Way", "__fid": 53790}, "geometry": {"type": "LineString", "coordinates": [[2.339382, 48.863014600000014], [2.3385329, 48.8631595]]}}, {"type": "Feature", "properties": {"highway": "footway", "footway": null, "name": null, "surface": "sett", "lit": "yes", "length_m": 103.35, "type_element": "Way", "__fid": 53835}, "geometry": {"type": "LineString", "coordinates": [[2.3386078, 48.86050980000001], [2.3388158, 48.86087749999999], [2.3390768, 48.8613861]]}}, {"type": "Feature", "properties": {"highway": "footway", "footway": "link", "name": null, "surface": "paving_stones", "lit": "no", "length_m": 23.22, "type_element": "Way", "__fid": 53836}, "geometry": {"type": "LineString", "coordinates": [[2.3386078, 48.86050980000001], [2.3387486, 48.8603228]]}}, {"type": "Feature", "properties": {"highway": "footway", "footway": null, "name": null, "surface": null, "lit": "yes", "length_m": 112.91, "type_element": "Way", "__fid": 53966}, "geometry": {"type": "LineString", "coordinates": [[2.3387486, 48.8603228], [2.3402048, 48.85999420000001]]}}, {"type": "Feature", "properties": {"highway": "footway", "footway": "crossing", "name": null, "surface": "asphalt", "lit": "yes", "length_m": 3.6, "type_element": "Way", "__fid": 53986}, "geometry": {"type": "LineString", "coordinates": [[2.338719, 48.8637143], [2.3387672, 48.8637083]]}}, {"type": "Feature", "properties": {"highway": "living_street", "footway": null, "name": "Rue des Bons Enfants", "surface": "asphalt", "lit": "yes", "length_m": 6.51, "type_element": "Way", "__fid": 54046}, "geometry": {"type": "LineString", "coordinates": [[2.3387672, 48.8637083], [2.3387968, 48.86376350000001]]}}, {"type": "Feature", "properties": {"highway": "footway", "footway": "sidewalk", "name": null, "surface": "asphalt", "lit": "yes", "length_m": 66.21, "type_element": "Way", "__fid": 54047}, "geometry": {"type": "LineString", "coordinates": [[2.3387672, 48.8637083], [2.3389104, 48.8636815], [2.3396213, 48.8635164]]}}, {"type": "Feature", "properties": {"highway": "footway", "footway": "crossing", "name": null, "surface": "asphalt", "lit": "yes", "length_m": 18.88, "type_element": "Way", "__fid": 54173}, "geometry": {"type": "LineString", "coordinates": [[2.339007966666555, 48.86159670000003], [2.3388965, 48.8614437]]}}, {"type": "Feature", "properties": {"highway": "footway", "footway": "sidewalk", "name": null, "surface": "sett", "lit": "yes", "length_m": 14.7, "type_element": "Way", "__fid": 54174}, "geometry": {"type": "LineString", "coordinates": [[2.3388965, 48.8614437], [2.3390768, 48.8613861]]}}, {"type": "Feature", "properties": {"highway": "footway", "footway": "crossing", "name": null, "surface": "asphalt", "lit": "yes", "length_m": 15.78, "type_element": "Way", "__fid": 54242}, "geometry": {"type": "LineString", "coordinates": [[2.3390042, 48.862341], [2.3389409, 48.8622054]]}}, {"type": "Feature", "properties": {"highway": "footway", "footway": "sidewalk", "name": null, "surface": "asphalt", "lit": "yes", "length_m": 24.33, "type_element": "Way", "__fid": 54243}, "geometry": {"type": "LineString", "coordinates": [[2.3389409, 48.8622054], [2.3391847, 48.8621434], [2.3392363, 48.8621119]]}}, {"type": "Feature", "properties": {"highway": "footway", "footway": "sidewalk", "name": null, "surface": "asphalt", "lit": "yes", "length_m": 3.9, "type_element": "Way", "__fid": 54317}, "geometry": {"type": "LineString", "coordinates": [[2.339007966666555, 48.86159670000003], [2.3390594, 48.86160550000002]]}}, {"type": "Feature", "properties": {"highway": "footway", "footway": "sidewalk", "name": null, "surface": "asphalt", "lit": "yes", "length_m": 4.7, "type_element": "Way", "__fid": 54330}, "geometry": {"type": "LineString", "coordinates": [[2.3390042, 48.862341], [2.3390662, 48.8623302]]}}, {"type": "Feature", "properties": {"highway": "footway", "footway": "sidewalk", "name": null, "surface": "asphalt", "lit": "yes", "length_m": 44.41, "type_element": "Way", "__fid": 54374}, "geometry": {"type": "LineString", "coordinates": [[2.3390594, 48.86160550000002], [2.3392502, 48.8619845]]}}, {"type": "Feature", "properties": {"highway": "footway", "footway": "crossing", "name": null, "surface": "asphalt", "lit": "yes", "length_m": 18.15, "type_element": "Way", "__fid": 54375}, "geometry": {"type": "LineString", "coordinates": [[2.3390594, 48.86160550000002], [2.3392823, 48.8615347]]}}, {"type": "Feature", "properties": {"highway": "footway", "footway": null, "name": null, "surface": "sett", "lit": "yes", "length_m": 5.01, "type_element": "Way", "__fid": 54391}, "geometry": {"type": "LineString", "coordinates": [[2.3390768, 48.8613861], [2.3390988, 48.8614288]]}}, {"type": "Feature", "properties": {"highway": "footway", "footway": "sidewalk", "name": null, "surface": "sett", "lit": "yes", "length_m": 9.98, "type_element": "Way", "__fid": 54392}, "geometry": {"type": "LineString", "coordinates": [[2.3390768, 48.8613861], [2.3391992, 48.861347]]}}, {"type": "Feature", "properties": {"highway": "footway", "footway": "sidewalk", "name": null, "surface": "asphalt", "lit": "yes", "length_m": 43.06, "type_element": "Way", "__fid": 54393}, "geometry": {"type": "LineString", "coordinates": [[2.339255, 48.86269150000001], [2.3391392, 48.8623933], [2.3390662, 48.8623302]]}}, {"type": "Feature", "properties": {"highway": "footway", "footway": "crossing", "name": null, "surface": "asphalt", "lit": "yes", "length_m": 17.93, "type_element": "Way", "__fid": 54394}, "geometry": {"type": "LineString", "coordinates": [[2.3390662, 48.8623302], [2.3392938, 48.8622714]]}}, {"type": "Feature", "properties": {"highway": "service", "footway": null, "name": null, "surface": "asphalt", "lit": "yes", "length_m": 12.07, "type_element": "Way", "__fid": 54413}, "geometry": {"type": "LineString", "coordinates": [[2.3392502, 48.8619845], [2.3390904, 48.86201040000001]]}}, {"type": "Feature", "properties": {"highway": "service", "footway": null, "name": "Rue de Rivoli", "surface": "asphalt", "lit": "yes", "length_m": 16.6, "type_element": "Way", "__fid": 54468}, "geometry": {"type": "LineString", "coordinates": [[2.3391476, 48.8615266], [2.3391235, 48.8614833], [2.3391512, 48.8614535], [2.339245, 48.8614248]]}}, {"type": "Feature", "properties": {"highway": "footway", "footway": "crossing", "name": null, "surface": "asphalt", "lit": "yes", "length_m": 9.28, "type_element": "Way", "__fid": 54506}, "geometry": {"type": "LineString", "coordinates": [[2.3391992, 48.861347], [2.339245, 48.8614248]]}}, {"type": "Feature", "properties": {"highway": "footway", "footway": "sidewalk", "name": null, "surface": "asphalt", "lit": "yes", "length_m": 106.69, "type_element": "Way", "__fid": 54507}, "geometry": {"type": "LineString", "coordinates": [[2.3405089, 48.8609301], [2.3391992, 48.861347]]}}, {"type": "Feature", "properties": {"highway": "footway", "footway": "crossing", "name": null, "surface": "asphalt", "lit": "yes", "length_m": 9.64, "type_element": "Way", "__fid": 54548}, "geometry": {"type": "LineString", "coordinates": [[2.339245, 48.8614248], [2.339293533333271, 48.861505366666684]]}}, {"type": "Feature", "properties": {"highway": "service", "footway": null, "name": "Rue de Rivoli", "surface": "asphalt", "lit": "yes", "length_m": 107.27, "type_element": "Way", "__fid": 54549}, "geometry": {"type": "LineString", "coordinates": [[2.339245, 48.8614248], [2.3405556, 48.860997099999985]]}}, {"type": "Feature", "properties": {"highway": "footway", "footway": "crossing", "name": null, "surface": "asphalt", "lit": "yes", "length_m": 15.22, "type_element": "Way", "__fid": 54550}, "geometry": {"type": "LineString", "coordinates": [[2.3392363, 48.8621119], [2.3393161, 48.8622382]]}}, {"type": "Feature", "properties": {"highway": "footway", "footway": "sidewalk", "name": null, "surface": "asphalt", "lit": "yes", "length_m": 4.79, "type_element": "Way", "__fid": 54551}, "geometry": {"type": "LineString", "coordinates": [[2.3392607, 48.8620719], [2.3392363, 48.8621119]]}}, {"type": "Feature", "properties": {"highway": "footway", "footway": "sidewalk", "name": null, "surface": "asphalt", "lit": "yes", "length_m": 10.23, "type_element": "Way", "__fid": 54560}, "geometry": {"type": "LineString", "coordinates": [[2.3392502, 48.8619845], [2.3392771, 48.86203480000002], [2.3392607, 48.8620719]]}}, {"type": "Feature", "properties": {"highway": "service", "footway": null, "name": null, "surface": "asphalt", "lit": "yes", "length_m": 9.37, "type_element": "Way", "__fid": 54561}, "geometry": {"type": "LineString", "coordinates": [[2.3393739, 48.86196370000002], [2.3392502, 48.8619845]]}}, {"type": "Feature", "properties": {"highway": "footway", "footway": "crossing", "name": null, "surface": "asphalt", "lit": "yes", "length_m": 21.06, "type_element": "Way", "__fid": 54571}, "geometry": {"type": "LineString", "coordinates": [[2.339528733333502, 48.86200683333349], [2.3392972, 48.86206980000002], [2.3392607, 48.8620719]]}}, {"type": "Feature", "properties": {"highway": "footway", "footway": "sidewalk", "name": null, "surface": "asphalt", "lit": "yes", "length_m": 31.64, "type_element": "Way", "__fid": 54573}, "geometry": {"type": "LineString", "coordinates": [[2.339365, 48.8629666], [2.339255, 48.86269150000001]]}}, {"type": "Feature", "properties": {"highway": "steps", "footway": null, "name": null, "surface": "paving_stones", "lit": "yes", "length_m": 7.54, "type_element": "Way", "__fid": 54574}, "geometry": {"type": "LineString", "coordinates": [[2.3392633, 48.8626393], [2.3392827, 48.8626865], [2.339255, 48.86269150000001]]}}, {"type": "Feature", "properties": {"highway": "footway", "footway": "sidewalk", "name": null, "surface": "asphalt", "lit": "yes", "length_m": 56.2, "type_element": "Way", "__fid": 54580}, "geometry": {"type": "LineString", "coordinates": [[2.3392823, 48.8615347], [2.3395132, 48.8619753], [2.339537, 48.8620047], [2.339528733333502, 48.86200683333349]]}}, {"type": "Feature", "properties": {"highway": "footway", "footway": "sidewalk", "name": null, "surface": "asphalt", "lit": "yes", "length_m": 3.36, "type_element": "Way", "__fid": 54581}, "geometry": {"type": "LineString", "coordinates": [[2.339293533333271, 48.861505366666684], [2.3392823, 48.8615347]]}}, {"type": "Feature", "properties": {"highway": "footway", "footway": null, "name": null, "surface": "asphalt", "lit": "yes", "length_m": 46.41, "type_element": "Way", "__fid": 54582}, "geometry": {"type": "LineString", "coordinates": [[2.3392823, 48.8615347], [2.3398521, 48.8613534]]}}, {"type": "Feature", "properties": {"highway": "footway", "footway": "sidewalk", "name": null, "surface": "asphalt", "lit": "yes", "length_m": 45.89, "type_element": "Way", "__fid": 54588}, "geometry": {"type": "LineString", "coordinates": [[2.339293533333271, 48.861505366666684], [2.3398246, 48.86133750000001], [2.3398521, 48.8613534]]}}, {"type": "Feature", "properties": {"highway": "footway", "footway": "sidewalk", "name": null, "surface": "paving_stones", "lit": "yes", "length_m": 51.15, "type_element": "Way", "__fid": 54598}, "geometry": {"type": "LineString", "coordinates": [[2.3392938, 48.8622714], [2.3394611, 48.862651], [2.3394794, 48.86271449999999]]}}, {"type": "Feature", "properties": {"highway": "footway", "footway": "sidewalk", "name": null, "surface": "asphalt", "lit": "yes", "length_m": 4.04, "type_element": "Way", "__fid": 54599}, "geometry": {"type": "LineString", "coordinates": [[2.3393161, 48.8622382], [2.3392938, 48.8622714]]}}, {"type": "Feature", "properties": {"highway": "footway", "footway": "sidewalk", "name": null, "surface": "paving_stones", "lit": "yes", "length_m": 33.2, "type_element": "Way", "__fid": 54623}, "geometry": {"type": "LineString", "coordinates": [[2.3393161, 48.8622382], [2.3396252, 48.8621584], [2.3397429, 48.8621411]]}}, {"type": "Feature", "properties": {"highway": "footway", "footway": "sidewalk", "name": null, "surface": "asphalt", "lit": "yes", "length_m": 5.48, "type_element": "Way", "__fid": 54663}, "geometry": {"type": "LineString", "coordinates": [[2.339365, 48.8629666], [2.339382, 48.863014600000014]]}}, {"type": "Feature", "properties": {"highway": "footway", "footway": "crossing", "name": null, "surface": "asphalt", "lit": "yes", "length_m": 15.47, "type_element": "Way", "__fid": 54664}, "geometry": {"type": "LineString", "coordinates": [[2.339365, 48.8629666], [2.3395696, 48.862933]]}}, {"type": "Feature", "properties": {"highway": "footway", "footway": "sidewalk", "name": null, "surface": "asphalt", "lit": "yes", "length_m": 4.96, "type_element": "Way", "__fid": 54686}, "geometry": {"type": "LineString", "coordinates": [[2.339382, 48.863014600000014], [2.339406, 48.8630563]]}}, {"type": "Feature", "properties": {"highway": "pedestrian", "footway": null, "name": "Rue du Bouloi", "surface": "sett", "lit": "yes", "length_m": 26.57, "type_element": "Way", "__fid": 54687}, "geometry": {"type": "LineString", "coordinates": [[2.3397214, 48.8630541], [2.3396344, 48.8630212], [2.3394984, 48.86299490000001], [2.339382, 48.863014600000014]]}}, {"type": "Feature", "properties": {"highway": "pedestrian", "footway": null, "name": "Rue du Pélican", "surface": "sett", "lit": "yes", "length_m": 7.58, "type_element": "Way", "__fid": 54692}, "geometry": {"type": "LineString", "coordinates": [[2.3393893, 48.862747900000016], [2.3394794, 48.86271449999999]]}}, {"type": "Feature", "properties": {"highway": "footway", "footway": "sidewalk", "name": null, "surface": "asphalt", "lit": "yes", "length_m": 51.17, "type_element": "Way", "__fid": 54709}, "geometry": {"type": "LineString", "coordinates": [[2.339406, 48.8630563], [2.3394419, 48.8631061], [2.3396062, 48.8634571], [2.3396112, 48.8634946]]}}, {"type": "Feature", "properties": {"highway": "footway", "footway": "sidewalk", "name": null, "surface": "paving_stones", "lit": "yes", "length_m": 25.18, "type_element": "Way", "__fid": 54784}, "geometry": {"type": "LineString", "coordinates": [[2.3394794, 48.86271449999999], [2.3395696, 48.862933]]}}, {"type": "Feature", "properties": {"highway": "pedestrian", "footway": null, "name": "Rue du Pélican", "surface": "sett", "lit": "yes", "length_m": 67.33, "type_element": "Way", "__fid": 54785}, "geometry": {"type": "LineString", "coordinates": [[2.3394794, 48.86271449999999], [2.3402747, 48.8624123]]}}, {"type": "Feature", "properties": {"highway": "service", "footway": null, "name": "Accès Parking des Petits Champs", "surface": "paving_stones", "lit": "yes", "length_m": 14.27, "type_element": "Way", "__fid": 54816}, "geometry": {"type": "LineString", "coordinates": [[2.33951, 48.8630227], [2.3396652, 48.8631001]]}}, {"type": "Feature", "properties": {"highway": "footway", "footway": "sidewalk", "name": null, "surface": "asphalt", "lit": "yes", "length_m": 16.67, "type_element": "Way", "__fid": 54822}, "geometry": {"type": "LineString", "coordinates": [[2.339528733333502, 48.86200683333349], [2.3396753, 48.86201660000001], [2.3397511, 48.861999900000015]]}}, {"type": "Feature", "properties": {"highway": "footway", "footway": "sidewalk", "name": null, "surface": "paving_stones", "lit": "yes", "length_m": 11.76, "type_element": "Way", "__fid": 54868}, "geometry": {"type": "LineString", "coordinates": [[2.3395696, 48.862933], [2.3395885, 48.8629792], [2.3396626, 48.8630103]]}}, {"type": "Feature", "properties": {"highway": "footway", "footway": "sidewalk", "name": null, "surface": "asphalt", "lit": "yes", "length_m": 2.53, "type_element": "Way", "__fid": 54919}, "geometry": {"type": "LineString", "coordinates": [[2.3396112, 48.8634946], [2.3396213, 48.8635164]]}}, {"type": "Feature", "properties": {"highway": "footway", "footway": "crossing", "name": null, "surface": "paving_stones", "lit": "yes", "length_m": 14.4, "type_element": "Way", "__fid": 54920}, "geometry": {"type": "LineString", "coordinates": [[2.3397961, 48.8634512], [2.3396112, 48.8634946]]}}, {"type": "Feature", "properties": {"highway": "footway", "footway": "crossing", "name": null, "surface": "paving_stones", "lit": "yes", "length_m": 14.48, "type_element": "Way", "__fid": 54930}, "geometry": {"type": "LineString", "coordinates": [[2.3396213, 48.8635164], [2.3396724, 48.8636102], [2.3396775, 48.8636406]]}}, {"type": "Feature", "properties": {"highway": "footway", "footway": "sidewalk", "name": null, "surface": "asphalt", "lit": "yes", "length_m": 14.27, "type_element": "Way", "__fid": 54931}, "geometry": {"type": "LineString", "coordinates": [[2.3398155, 48.8592128], [2.3397852, 48.8591715], [2.3397644, 48.8591577], [2.3397346, 48.8591446], [2.3396769, 48.859134699999984]]}}, {"type": "Feature", "properties": {"highway": "footway", "footway": "sidewalk", "name": null, "surface": "paving_stones", "lit": "yes", "length_m": 6.51, "type_element": "Way", "__fid": 54957}, "geometry": {"type": "LineString", "coordinates": [[2.3396626, 48.8630103], [2.3397345, 48.863044600000016]]}}, {"type": "Feature", "properties": {"highway": "footway", "footway": null, "name": "Galerie Véro-Dodat", "surface": "paving_stones", "lit": "yes", "length_m": 87.23, "type_element": "Way", "__fid": 54958}, "geometry": {"type": "LineString", "coordinates": [[2.3396626, 48.8630103], [2.3407109, 48.8626402]]}}, {"type": "Feature", "properties": {"highway": "service", "footway": null, "name": "Accès Parking des Petits Champs", "surface": "paving_stones", "lit": "yes", "length_m": 40.69, "type_element": "Way", "__fid": 54960}, "geometry": {"type": "LineString", "coordinates": [[2.3396652, 48.8631001], [2.3401079, 48.8633205]]}}, {"type": "Feature", "properties": {"highway": "footway", "footway": "sidewalk", "name": null, "surface": "paving_stones", "lit": "yes", "length_m": 41.76, "type_element": "Way", "__fid": 54961}, "geometry": {"type": "LineString", "coordinates": [[2.3396652, 48.8631001], [2.3396338, 48.8631257], [2.3397961, 48.8634512]]}}, {"type": "Feature", "properties": {"highway": "footway", "footway": "crossing", "name": null, "surface": "paving_stones", "lit": "yes", "length_m": 6.57, "type_element": "Way", "__fid": 54962}, "geometry": {"type": "LineString", "coordinates": [[2.3397214, 48.8630541], [2.3396652, 48.8631001]]}}, {"type": "Feature", "properties": {"highway": "footway", "footway": "sidewalk", "name": null, "surface": "asphalt", "lit": "yes", "length_m": 3.33, "type_element": "Way", "__fid": 54969}, "geometry": {"type": "LineString", "coordinates": [[2.3397131, 48.86365919999999], [2.3396775, 48.8636406]]}}, {"type": "Feature", "properties": {"highway": "footway", "footway": "sidewalk", "name": null, "surface": "asphalt", "lit": "yes", "length_m": 97.67, "type_element": "Way", "__fid": 55011}, "geometry": {"type": "LineString", "coordinates": [[2.3401564, 48.8644874], [2.3397131, 48.86365919999999]]}}, {"type": "Feature", "properties": {"highway": "footway", "footway": "crossing", "name": null, "surface": "paving_stones", "lit": "yes", "length_m": 15.25, "type_element": "Way", "__fid": 55012}, "geometry": {"type": "LineString", "coordinates": [[2.3399088, 48.8636129], [2.3397131, 48.86365919999999]]}}, {"type": "Feature", "properties": {"highway": "pedestrian", "footway": null, "name": "Rue du Bouloi", "surface": "sett", "lit": "yes", "length_m": 54.19, "type_element": "Way", "__fid": 55014}, "geometry": {"type": "LineString", "coordinates": [[2.3403119, 48.8633469], [2.3397214, 48.8630541]]}}, {"type": "Feature", "properties": {"highway": "footway", "footway": "crossing", "name": null, "surface": "paving_stones", "lit": "yes", "length_m": 1.43, "type_element": "Way", "__fid": 55015}, "geometry": {"type": "LineString", "coordinates": [[2.3397345, 48.863044600000016], [2.3397214, 48.8630541]]}}, {"type": "Feature", "properties": {"highway": "footway", "footway": "sidewalk", "name": null, "surface": "paving_stones", "lit": "yes", "length_m": 49.31, "type_element": "Way", "__fid": 55021}, "geometry": {"type": "LineString", "coordinates": [[2.3397429, 48.8621411], [2.3402747, 48.8624123]]}}, {"type": "Feature", "properties": {"highway": "footway", "footway": "crossing", "name": null, "surface": "asphalt", "lit": "yes", "length_m": 5.14, "type_element": "Way", "__fid": 55022}, "geometry": {"type": "LineString", "coordinates": [[2.3397429, 48.8621411], [2.339780066666747, 48.862101866666684]]}}, {"type": "Feature", "properties": {"highway": "footway", "footway": "sidewalk", "name": null, "surface": "paving_stones", "lit": "yes", "length_m": 55.56, "type_element": "Way", "__fid": 55024}, "geometry": {"type": "LineString", "coordinates": [[2.3397345, 48.863044600000016], [2.3403466, 48.8633388]]}}, {"type": "Feature", "properties": {"highway": "footway", "footway": "crossing", "name": null, "surface": "asphalt", "lit": "yes", "length_m": 8.56, "type_element": "Way", "__fid": 55033}, "geometry": {"type": "LineString", "coordinates": [[2.3397895, 48.8620726], [2.3397511, 48.861999900000015]]}}, {"type": "Feature", "properties": {"highway": "footway", "footway": "sidewalk", "name": null, "surface": "paving_stones", "lit": "yes", "length_m": 47.88, "type_element": "Way", "__fid": 55034}, "geometry": {"type": "LineString", "coordinates": [[2.3403554, 48.8618407], [2.3401679, 48.8619068], [2.3397511, 48.861999900000015]]}}, {"type": "Feature", "properties": {"highway": "footway", "footway": "sidewalk", "name": null, "surface": "asphalt", "lit": "yes", "length_m": 91.46, "type_element": "Way", "__fid": 55063}, "geometry": {"type": "LineString", "coordinates": [[2.3398155, 48.8592128], [2.3402048, 48.85999420000001]]}}, {"type": "Feature", "properties": {"highway": "footway", "footway": "crossing", "name": null, "surface": "sett", "lit": "yes", "length_m": 22.88, "type_element": "Way", "__fid": 55064}, "geometry": {"type": "LineString", "coordinates": [[2.3401112, 48.8591475], [2.3398155, 48.8592128]]}}, {"type": "Feature", "properties": {"highway": "footway", "footway": "sidewalk", "name": null, "surface": "paving_stones", "lit": "yes", "length_m": 147.38, "type_element": "Way", "__fid": 55067}, "geometry": {"type": "LineString", "coordinates": [[2.339780066666747, 48.862101866666684], [2.3412959, 48.8628719], [2.3413661, 48.8628822], [2.3413853, 48.86289150000002]]}}, {"type": "Feature", "properties": {"highway": "footway", "footway": "sidewalk", "name": null, "surface": "paving_stones", "lit": "yes", "length_m": 3.33, "type_element": "Way", "__fid": 55068}, "geometry": {"type": "LineString", "coordinates": [[2.3397895, 48.8620726], [2.339780066666747, 48.862101866666684]]}}, {"type": "Feature", "properties": {"highway": "footway", "footway": "sidewalk", "name": null, "surface": "paving_stones", "lit": "yes", "length_m": 71.9, "type_element": "Way", "__fid": 55079}, "geometry": {"type": "LineString", "coordinates": [[2.3407061, 48.8618439], [2.3397895, 48.8620726]]}}, {"type": "Feature", "properties": {"highway": "footway", "footway": "sidewalk", "name": null, "surface": "paving_stones", "lit": "yes", "length_m": 4.9, "type_element": "Way", "__fid": 55116}, "geometry": {"type": "LineString", "coordinates": [[2.3398627, 48.863454], [2.3397961, 48.8634512]]}}, {"type": "Feature", "properties": {"highway": "footway", "footway": "sidewalk", "name": null, "surface": "asphalt", "lit": "yes", "length_m": 66.79, "type_element": "Way", "__fid": 55149}, "geometry": {"type": "LineString", "coordinates": [[2.3398521, 48.8613534], [2.3403539, 48.8617801], [2.3403554, 48.8618407]]}}, {"type": "Feature", "properties": {"highway": "footway", "footway": "crossing", "name": null, "surface": "asphalt", "lit": "yes", "length_m": 9.87, "type_element": "Way", "__fid": 55150}, "geometry": {"type": "LineString", "coordinates": [[2.3398521, 48.8613534], [2.3399713, 48.8613122]]}}, {"type": "Feature", "properties": {"highway": "footway", "footway": "crossing", "name": null, "surface": "paving_stones", "lit": "yes", "length_m": 14.03, "type_element": "Way", "__fid": 55187}, "geometry": {"type": "LineString", "coordinates": [[2.3399181, 48.8635748], [2.3398627, 48.863454]]}}, {"type": "Feature", "properties": {"highway": "footway", "footway": "sidewalk", "name": null, "surface": "paving_stones", "lit": "yes", "length_m": 30.27, "type_element": "Way", "__fid": 55188}, "geometry": {"type": "LineString", "coordinates": [[2.3398627, 48.863454], [2.3402514, 48.8633627]]}}, {"type": "Feature", "properties": {"highway": "service", "footway": null, "name": "Accès Parking des Petits Champs", "surface": "concrete", "lit": "yes", "length_m": 32.2, "type_element": "Way", "__fid": 55216}, "geometry": {"type": "LineString", "coordinates": [[2.3399062, 48.863183800000016], [2.3402514, 48.8633627]]}}, {"type": "Feature", "properties": {"highway": "footway", "footway": "sidewalk", "name": null, "surface": "paving_stones", "lit": "yes", "length_m": 97.93, "type_element": "Way", "__fid": 55223}, "geometry": {"type": "LineString", "coordinates": [[2.3403744, 48.8644378], [2.3403058, 48.8643425], [2.3399088, 48.8636129]]}}, {"type": "Feature", "properties": {"highway": "footway", "footway": "sidewalk", "name": null, "surface": "asphalt", "lit": "yes", "length_m": 4.29, "type_element": "Way", "__fid": 55224}, "geometry": {"type": "LineString", "coordinates": [[2.3399088, 48.8636129], [2.3399181, 48.8635748]]}}, {"type": "Feature", "properties": {"highway": "footway", "footway": "sidewalk", "name": null, "surface": "asphalt", "lit": "yes", "length_m": 42.05, "type_element": "Way", "__fid": 55236}, "geometry": {"type": "LineString", "coordinates": [[2.3404639, 48.8634677], [2.3403718, 48.8634692], [2.3399181, 48.8635748]]}}, {"type": "Feature", "properties": {"highway": "footway", "footway": "sidewalk", "name": null, "surface": "asphalt", "lit": "yes", "length_m": 68.22, "type_element": "Way", "__fid": 55257}, "geometry": {"type": "LineString", "coordinates": [[2.3405381, 48.861798599999986], [2.3399713, 48.8613122]]}}, {"type": "Feature", "properties": {"highway": "footway", "footway": "sidewalk", "name": null, "surface": "asphalt", "lit": "yes", "length_m": 54.97, "type_element": "Way", "__fid": 55258}, "geometry": {"type": "LineString", "coordinates": [[2.3399713, 48.8613122], [2.3399679, 48.8612907], [2.340608733333262, 48.86107930000002]]}}, {"type": "Feature", "properties": {"highway": "footway", "footway": null, "name": null, "surface": "asphalt", "lit": "yes", "length_m": 65.43, "type_element": "Way", "__fid": 55259}, "geometry": {"type": "LineString", "coordinates": [[2.3407719, 48.861053], [2.3399713, 48.8613122]]}}, {"type": "Feature", "properties": {"highway": "footway", "footway": "sidewalk", "name": null, "surface": "paving_stones", "lit": "yes", "length_m": 25.26, "type_element": "Way", "__fid": 55382}, "geometry": {"type": "LineString", "coordinates": [[2.340224, 48.8593621], [2.3401112, 48.8591475]]}}, {"type": "Feature", "properties": {"highway": "steps", "footway": null, "name": null, "surface": "paving_stones", "lit": "yes", "length_m": 7.93, "type_element": "Way", "__fid": 55482}, "geometry": {"type": "LineString", "coordinates": [[2.3402097, 48.859412800000015], [2.3401869, 48.85936959999999], [2.340224, 48.8593621]]}}, {"type": "Feature", "properties": {"highway": "footway", "footway": "sidewalk", "name": null, "surface": "asphalt", "lit": "yes", "length_m": 101.35, "type_element": "Way", "__fid": 55488}, "geometry": {"type": "LineString", "coordinates": [[2.3402048, 48.85999420000001], [2.340615, 48.8607679], [2.3406182, 48.8608093], [2.3406014, 48.8608584]]}}, {"type": "Feature", "properties": {"highway": "footway", "footway": "crossing", "name": null, "surface": "sett", "lit": "yes", "length_m": 26.96, "type_element": "Way", "__fid": 55489}, "geometry": {"type": "LineString", "coordinates": [[2.3405071, 48.85988420000001], [2.3402251, 48.85995170000001], [2.3402048, 48.85999420000001]]}}, {"type": "Feature", "properties": {"highway": "footway", "footway": "sidewalk", "name": null, "surface": "asphalt", "lit": "yes", "length_m": 42.29, "type_element": "Way", "__fid": 55493}, "geometry": {"type": "LineString", "coordinates": [[2.3403775, 48.864838], [2.3402774, 48.8647068], [2.3401564, 48.8644874]]}}, {"type": "Feature", "properties": {"highway": "footway", "footway": "crossing", "name": null, "surface": "asphalt", "lit": "yes", "length_m": 16.92, "type_element": "Way", "__fid": 55494}, "geometry": {"type": "LineString", "coordinates": [[2.3401564, 48.8644874], [2.3403744, 48.8644378]]}}, {"type": "Feature", "properties": {"highway": "footway", "footway": "sidewalk", "name": null, "surface": "paving_stones", "lit": "yes", "length_m": 9.33, "type_element": "Way", "__fid": 55496}, "geometry": {"type": "LineString", "coordinates": [[2.34026639999984, 48.85944120000002], [2.340224, 48.8593621]]}}, {"type": "Feature", "properties": {"highway": "footway", "footway": "crossing", "name": null, "surface": "sett", "lit": "yes", "length_m": 8.77, "type_element": "Way", "__fid": 55536}, "geometry": {"type": "LineString", "coordinates": [[2.34026639999984, 48.85944120000002], [2.3403042, 48.859516]]}}, {"type": "Feature", "properties": {"highway": "footway", "footway": "sidewalk", "name": null, "surface": "paving_stones", "lit": "yes", "length_m": 42.23, "type_element": "Way", "__fid": 55537}, "geometry": {"type": "LineString", "coordinates": [[2.34026639999984, 48.85944120000002], [2.3402853, 48.8594313], [2.3408074, 48.859314300000015]]}}, {"type": "Feature", "properties": {"highway": "service", "footway": null, "name": "Accès Parking des Petits Champs", "surface": "concrete", "lit": "yes", "length_m": 8.25, "type_element": "Way", "__fid": 55563}, "geometry": {"type": "LineString", "coordinates": [[2.3402514, 48.8633627], [2.3403399, 48.86340850000001]]}}, {"type": "Feature", "properties": {"highway": "footway", "footway": "crossing", "name": null, "surface": "sett", "lit": "yes", "length_m": 4.77, "type_element": "Way", "__fid": 55564}, "geometry": {"type": "LineString", "coordinates": [[2.3402514, 48.8633627], [2.3403119, 48.8633469]]}}, {"type": "Feature", "properties": {"highway": "footway", "footway": "sidewalk", "name": null, "surface": "paving_stones", "lit": "yes", "length_m": 9.24, "type_element": "Way", "__fid": 55573}, "geometry": {"type": "LineString", "coordinates": [[2.3403042, 48.859516], [2.3403453, 48.8595945]]}}, {"type": "Feature", "properties": {"highway": "footway", "footway": null, "name": null, "surface": "compacted", "lit": "yes", "length_m": 12.41, "type_element": "Way", "__fid": 55574}, "geometry": {"type": "LineString", "coordinates": [[2.3403042, 48.859516], [2.3404242, 48.8594868], [2.3404386, 48.8595123]]}}, {"type": "Feature", "properties": {"highway": "footway", "footway": "sidewalk", "name": null, "surface": "paving_stones", "lit": "yes", "length_m": 40.82, "type_element": "Way", "__fid": 55578}, "geometry": {"type": "LineString", "coordinates": [[2.3402747, 48.8624123], [2.3407109, 48.8626402]]}}, {"type": "Feature", "properties": {"highway": "pedestrian", "footway": null, "name": "Rue du Pélican", "surface": "sett", "lit": "yes", "length_m": 2.89, "type_element": "Way", "__fid": 55579}, "geometry": {"type": "LineString", "coordinates": [[2.3402747, 48.8624123], [2.3403091, 48.86239960000001]]}}, {"type": "Feature", "properties": {"highway": "footway", "footway": "sidewalk", "name": null, "surface": "paving_stones", "lit": "yes", "length_m": 34.33, "type_element": "Way", "__fid": 55618}, "geometry": {"type": "LineString", "coordinates": [[2.3403453, 48.8595945], [2.3405071, 48.85988420000001]]}}, {"type": "Feature", "properties": {"highway": "steps", "footway": null, "name": null, "surface": "paving_stones", "lit": "yes", "length_m": 9.27, "type_element": "Way", "__fid": 55619}, "geometry": {"type": "LineString", "coordinates": [[2.3403608, 48.8595334], [2.3403858, 48.8595863], [2.3403453, 48.8595945]]}}, {"type": "Feature", "properties": {"highway": "pedestrian", "footway": null, "name": "Rue du Bouloi", "surface": "sett", "lit": "yes", "length_m": 9.05, "type_element": "Way", "__fid": 55631}, "geometry": {"type": "LineString", "coordinates": [[2.3404127, 48.8633924], [2.3403558, 48.8633735], [2.3403119, 48.8633469]]}}, {"type": "Feature", "properties": {"highway": "footway", "footway": "crossing", "name": null, "surface": "sett", "lit": "yes", "length_m": 2.7, "type_element": "Way", "__fid": 55632}, "geometry": {"type": "LineString", "coordinates": [[2.3403119, 48.8633469], [2.3403466, 48.8633388]]}}, {"type": "Feature", "properties": {"highway": "footway", "footway": "crossing", "name": null, "surface": "asphalt", "lit": "yes", "length_m": 14.2, "type_element": "Way", "__fid": 55656}, "geometry": {"type": "LineString", "coordinates": [[2.3405381, 48.861798599999986], [2.3403554, 48.8618407]]}}, {"type": "Feature", "properties": {"highway": "footway", "footway": "sidewalk", "name": null, "surface": "asphalt", "lit": "yes", "length_m": 23.13, "type_element": "Way", "__fid": 55663}, "geometry": {"type": "LineString", "coordinates": [[2.3406435, 48.8632687], [2.3403466, 48.8633388]]}}, {"type": "Feature", "properties": {"highway": "footway", "footway": "sidewalk", "name": null, "surface": "paving_stones", "lit": "yes", "length_m": 26.92, "type_element": "Way", "__fid": 55692}, "geometry": {"type": "LineString", "coordinates": [[2.340532733333508, 48.864654033333416], [2.3404916, 48.8646239], [2.3403744, 48.8644378]]}}, {"type": "Feature", "properties": {"highway": "footway", "footway": "sidewalk", "name": null, "surface": "asphalt", "lit": "yes", "length_m": 30.62, "type_element": "Way", "__fid": 55702}, "geometry": {"type": "LineString", "coordinates": [[2.3405408, 48.8650914], [2.3403775, 48.864838]]}}, {"type": "Feature", "properties": {"highway": "footway", "footway": "crossing", "name": null, "surface": "asphalt", "lit": "yes", "length_m": 17.05, "type_element": "Way", "__fid": 55703}, "geometry": {"type": "LineString", "coordinates": [[2.3405615, 48.8647443], [2.3403775, 48.864838]]}}, {"type": "Feature", "properties": {"highway": "service", "footway": null, "name": "Accès Parking Saint-Germain l'Auxerrois", "surface": "asphalt", "lit": "yes", "length_m": 48.95, "type_element": "Way", "__fid": 55740}, "geometry": {"type": "LineString", "coordinates": [[2.3404917, 48.8594234], [2.340707161241812, 48.859840025938176]]}}, {"type": "Feature", "properties": {"highway": "footway", "footway": "sidewalk", "name": null, "surface": "paving_stones", "lit": "yes", "length_m": 58.44, "type_element": "Way", "__fid": 55758}, "geometry": {"type": "LineString", "coordinates": [[2.3405071, 48.85988420000001], [2.3407587, 48.86038289999998]]}}, {"type": "Feature", "properties": {"highway": "footway", "footway": null, "name": "Place du Louvre", "surface": "compacted", "lit": "yes", "length_m": 15.48, "type_element": "Way", "__fid": 55759}, "geometry": {"type": "LineString", "coordinates": [[2.340707161241812, 48.859840025938176], [2.3405071, 48.85988420000001]]}}, {"type": "Feature", "properties": {"highway": "footway", "footway": "sidewalk", "name": null, "surface": "asphalt", "lit": "yes", "length_m": 19.92, "type_element": "Way", "__fid": 55762}, "geometry": {"type": "LineString", "coordinates": [[2.3404639, 48.8634677], [2.3406818, 48.863574600000014]]}}, {"type": "Feature", "properties": {"highway": "footway", "footway": "crossing", "name": null, "surface": "asphalt", "lit": "yes", "length_m": 13.12, "type_element": "Way", "__fid": 55763}, "geometry": {"type": "LineString", "coordinates": [[2.3406305, 48.8634249], [2.3404639, 48.8634677]]}}, {"type": "Feature", "properties": {"highway": "footway", "footway": "crossing", "name": null, "surface": "asphalt", "lit": "yes", "length_m": 8.2, "type_element": "Way", "__fid": 55774}, "geometry": {"type": "LineString", "coordinates": [[2.3405089, 48.8609301], [2.3405556, 48.860997099999985]]}}, {"type": "Feature", "properties": {"highway": "footway", "footway": "sidewalk", "name": null, "surface": "asphalt", "lit": "yes", "length_m": 10.66, "type_element": "Way", "__fid": 55775}, "geometry": {"type": "LineString", "coordinates": [[2.3406014, 48.8608584], [2.3405655, 48.8609002], [2.3405089, 48.8609301]]}}, {"type": "Feature", "properties": {"highway": "footway", "footway": "sidewalk", "name": null, "surface": "paving_stones", "lit": "yes", "length_m": 10.37, "type_element": "Way", "__fid": 55821}, "geometry": {"type": "LineString", "coordinates": [[2.3406664, 48.8617781], [2.3405637, 48.8618041], [2.3405471, 48.8618061], [2.3405381, 48.861798599999986]]}}, {"type": "Feature", "properties": {"highway": "footway", "footway": "crossing", "name": null, "surface": "asphalt", "lit": "yes", "length_m": 9.94, "type_element": "Way", "__fid": 55830}, "geometry": {"type": "LineString", "coordinates": [[2.3405556, 48.860997099999985], [2.340608733333262, 48.86107930000002]]}}, {"type": "Feature", "properties": {"highway": "service", "footway": null, "name": "Rue de Rivoli", "surface": "asphalt", "lit": "yes", "length_m": 21.59, "type_element": "Way", "__fid": 55831}, "geometry": {"type": "LineString", "coordinates": [[2.3405556, 48.860997099999985], [2.3408208, 48.860913]]}}, {"type": "Feature", "properties": {"highway": "footway", "footway": null, "name": "Place du Louvre", "surface": "compacted", "lit": "yes", "length_m": 40.15, "type_element": "Way", "__fid": 55850}, "geometry": {"type": "LineString", "coordinates": [[2.3405925, 48.8594848], [2.340687, 48.85966], [2.3407583, 48.8598287]]}}, {"type": "Feature", "properties": {"highway": "footway", "footway": "crossing", "name": null, "surface": "asphalt", "lit": "yes", "length_m": 10.87, "type_element": "Way", "__fid": 55859}, "geometry": {"type": "LineString", "coordinates": [[2.3405615, 48.8647443], [2.3405663, 48.8647228], [2.3405264, 48.8646569], [2.340532733333508, 48.864654033333416]]}}, {"type": "Feature", "properties": {"highway": "footway", "footway": "sidewalk", "name": null, "surface": "asphalt", "lit": "yes", "length_m": 31.39, "type_element": "Way", "__fid": 55860}, "geometry": {"type": "LineString", "coordinates": [[2.340532733333508, 48.864654033333416], [2.3408896, 48.8644983]]}}, {"type": "Feature", "properties": {"highway": "footway", "footway": "crossing", "name": null, "surface": "asphalt", "lit": "yes", "length_m": 20.23, "type_element": "Way", "__fid": 55888}, "geometry": {"type": "LineString", "coordinates": [[2.3406014, 48.8608584], [2.3406774, 48.860847800000016], [2.340857580334063, 48.86079347439831]]}}, {"type": "Feature", "properties": {"highway": "footway", "footway": "sidewalk", "name": null, "surface": "paving_stones", "lit": "yes", "length_m": 43.9, "type_element": "Way", "__fid": 55896}, "geometry": {"type": "LineString", "coordinates": [[2.3408106, 48.86510329999999], [2.3405615, 48.8647443]]}}, {"type": "Feature", "properties": {"highway": "footway", "footway": "sidewalk", "name": null, "surface": "asphalt", "lit": "yes", "length_m": 13.8, "type_element": "Way", "__fid": 55898}, "geometry": {"type": "LineString", "coordinates": [[2.340608733333262, 48.86107930000002], [2.340755, 48.8610376], [2.3407719, 48.861053]]}}, {"type": "Feature", "properties": {"highway": "footway", "footway": "sidewalk", "name": null, "surface": "asphalt", "lit": "yes", "length_m": 25.63, "type_element": "Way", "__fid": 55906}, "geometry": {"type": "LineString", "coordinates": [[2.340862866666738, 48.8645987666667], [2.3408395, 48.86459649999998], [2.340572833333513, 48.86471993333345]]}}, {"type": "Feature", "properties": {"highway": "footway", "footway": "sidewalk", "name": null, "surface": "asphalt", "lit": "yes", "length_m": 111.64, "type_element": "Way", "__fid": 55954}, "geometry": {"type": "LineString", "coordinates": [[2.3406305, 48.8634249], [2.3406916, 48.8634869], [2.3414782, 48.8638837], [2.3414922, 48.8639098], [2.341789966666671, 48.86406283333334]]}}, {"type": "Feature", "properties": {"highway": "footway", "footway": "sidewalk", "name": null, "surface": "asphalt", "lit": "yes", "length_m": 7.04, "type_element": "Way", "__fid": 55955}, "geometry": {"type": "LineString", "coordinates": [[2.3407133, 48.8633929], [2.3406305, 48.8634249]]}}, {"type": "Feature", "properties": {"highway": "footway", "footway": "crossing", "name": null, "surface": "asphalt", "lit": "yes", "length_m": 14.73, "type_element": "Way", "__fid": 55964}, "geometry": {"type": "LineString", "coordinates": [[2.3406435, 48.8632687], [2.3407133, 48.8633929]]}}, {"type": "Feature", "properties": {"highway": "footway", "footway": "sidewalk", "name": null, "surface": "asphalt", "lit": "yes", "length_m": 64.82, "type_element": "Way", "__fid": 55965}, "geometry": {"type": "LineString", "coordinates": [[2.3414696, 48.8630629], [2.3413424, 48.8631026], [2.3406435, 48.8632687]]}}, {"type": "Feature", "properties": {"highway": "footway", "footway": "crossing", "name": null, "surface": "asphalt", "lit": "yes", "length_m": 7.88, "type_element": "Way", "__fid": 55970}, "geometry": {"type": "LineString", "coordinates": [[2.3407061, 48.8618439], [2.3406664, 48.8617781]]}}, {"type": "Feature", "properties": {"highway": "footway", "footway": "sidewalk", "name": null, "surface": "asphalt", "lit": "yes", "length_m": 32.29, "type_element": "Way", "__fid": 55971}, "geometry": {"type": "LineString", "coordinates": [[2.3410781, 48.8616754], [2.3406664, 48.8617781]]}}, {"type": "Feature", "properties": {"highway": "service", "footway": null, "name": "Accès Parking Saint-Germain l'Auxerrois", "surface": "asphalt", "lit": "yes", "length_m": 53.83, "type_element": "Way", "__fid": 55995}, "geometry": {"type": "LineString", "coordinates": [[2.340707161241812, 48.859840025938176], [2.3409536, 48.860296]]}}, {"type": "Feature", "properties": {"highway": "footway", "footway": null, "name": "Place du Louvre", "surface": "compacted", "lit": "yes", "length_m": 3.96, "type_element": "Way", "__fid": 55996}, "geometry": {"type": "LineString", "coordinates": [[2.3407583, 48.8598287], [2.340707161241812, 48.859840025938176]]}}, {"type": "Feature", "properties": {"highway": "service", "footway": null, "name": null, "surface": null, "lit": "yes", "length_m": 2.03, "type_element": "Way", "__fid": 55997}, "geometry": {"type": "LineString", "coordinates": [[2.3406818, 48.863574600000014], [2.3406645, 48.8635888]]}}, {"type": "Feature", "properties": {"highway": "footway", "footway": "sidewalk", "name": null, "surface": "asphalt", "lit": "yes", "length_m": 95.55, "type_element": "Way", "__fid": 56014}, "geometry": {"type": "LineString", "coordinates": [[2.3406818, 48.863574600000014], [2.3416938, 48.8640737], [2.3417083, 48.8640975]]}}, {"type": "Feature", "properties": {"highway": "service", "footway": null, "name": null, "surface": null, "lit": "yes", "length_m": 4.26, "type_element": "Way", "__fid": 56015}, "geometry": {"type": "LineString", "coordinates": [[2.3407187, 48.863545], [2.3406818, 48.863574600000014]]}}, {"type": "Feature", "properties": {"highway": "footway", "footway": "sidewalk", "name": null, "surface": "paving_stones", "lit": "yes", "length_m": 32.91, "type_element": "Way", "__fid": 56017}, "geometry": {"type": "LineString", "coordinates": [[2.341122, 48.8617576], [2.3410811, 48.8617756], [2.3407517, 48.8618551], [2.3407061, 48.8618439]]}}, {"type": "Feature", "properties": {"highway": "steps", "footway": null, "name": null, "surface": "paving_stones", "lit": "yes", "length_m": 9.9, "type_element": "Way", "__fid": 56027}, "geometry": {"type": "LineString", "coordinates": [[2.3407323, 48.860422200000016], [2.3407608, 48.8604783], [2.3408035, 48.8604683]]}}, {"type": "Feature", "properties": {"highway": "footway", "footway": "sidewalk", "name": null, "surface": "paving_stones", "lit": "yes", "length_m": 73.22, "type_element": "Way", "__fid": 56036}, "geometry": {"type": "LineString", "coordinates": [[2.3407109, 48.8626402], [2.3413002, 48.8629376], [2.341383, 48.86298489999999], [2.3414696, 48.8630629]]}}, {"type": "Feature", "properties": {"highway": "footway", "footway": null, "name": "Place du Louvre", "surface": "compacted", "lit": "yes", "length_m": 48.67, "type_element": "Way", "__fid": 56045}, "geometry": {"type": "LineString", "coordinates": [[2.3407583, 48.8598287], [2.3408242, 48.8599567], [2.3408755, 48.8600275], [2.3409844, 48.8602397]]}}, {"type": "Feature", "properties": {"highway": "footway", "footway": "sidewalk", "name": null, "surface": "asphalt", "lit": "yes", "length_m": 81.77, "type_element": "Way", "__fid": 56046}, "geometry": {"type": "LineString", "coordinates": [[2.3417686, 48.8631675], [2.3416722, 48.863167], [2.3407133, 48.8633929]]}}, {"type": "Feature", "properties": {"highway": "footway", "footway": "sidewalk", "name": null, "surface": "paving_stones", "lit": "yes", "length_m": 10.05, "type_element": "Way", "__fid": 56050}, "geometry": {"type": "LineString", "coordinates": [[2.3408035, 48.8604683], [2.3407587, 48.86038289999998]]}}, {"type": "Feature", "properties": {"highway": "footway", "footway": "sidewalk", "name": null, "surface": "paving_stones", "lit": "yes", "length_m": 36.11, "type_element": "Way", "__fid": 56051}, "geometry": {"type": "LineString", "coordinates": [[2.3412249, 48.86027880000001], [2.3407587, 48.86038289999998]]}}, {"type": "Feature", "properties": {"highway": "footway", "footway": "sidewalk", "name": null, "surface": "asphalt", "lit": "yes", "length_m": 71.15, "type_element": "Way", "__fid": 56082}, "geometry": {"type": "LineString", "coordinates": [[2.3407719, 48.861053], [2.3410907, 48.8616573]]}}, {"type": "Feature", "properties": {"highway": "footway", "footway": "crossing", "name": null, "surface": "asphalt", "lit": "yes", "length_m": 17.29, "type_element": "Way", "__fid": 56083}, "geometry": {"type": "LineString", "coordinates": [[2.3409956, 48.8610041], [2.3407719, 48.861053]]}}, {"type": "Feature", "properties": {"highway": "footway", "footway": "crossing", "name": null, "surface": "asphalt", "lit": "yes", "length_m": 3.7, "type_element": "Way", "__fid": 56103}, "geometry": {"type": "LineString", "coordinates": [[2.3408074, 48.859314300000015], [2.3408207, 48.8593464]]}}, {"type": "Feature", "properties": {"highway": "footway", "footway": "sidewalk", "name": null, "surface": "paving_stones", "lit": "yes", "length_m": 108.56, "type_element": "Way", "__fid": 56104}, "geometry": {"type": "LineString", "coordinates": [[2.3408074, 48.859314300000015], [2.3409748, 48.859283], [2.3417291, 48.85908360000001], [2.3415978, 48.85877]]}}, {"type": "Feature", "properties": {"highway": "pedestrian", "footway": null, "name": "Place du Louvre", "surface": "paving_stones", "lit": "yes", "length_m": 57.51, "type_element": "Way", "__fid": 56110}, "geometry": {"type": "LineString", "coordinates": [[2.3408052, 48.8597865], [2.3408794, 48.8599329], [2.3409864, 48.8600971], [2.3411181, 48.8602594]]}}, {"type": "Feature", "properties": {"highway": "pedestrian", "footway": null, "name": "Place du Louvre", "surface": "paving_stones", "lit": "yes", "length_m": 59.42, "type_element": "Way", "__fid": 56111}, "geometry": {"type": "LineString", "coordinates": [[2.3408052, 48.8597865], [2.3406436, 48.8593916], [2.3408207, 48.8593464]]}}, {"type": "Feature", "properties": {"highway": "service", "footway": null, "name": null, "surface": null, "lit": null, "length_m": 41.94, "type_element": "Way", "__fid": 56112}, "geometry": {"type": "LineString", "coordinates": [[2.3408052, 48.8597865], [2.340984, 48.85974820000002], [2.3413591, 48.85969510000001]]}}, {"type": "Feature", "properties": {"highway": "footway", "footway": "sidewalk", "name": null, "surface": "paving_stones", "lit": "yes", "length_m": 35.82, "type_element": "Way", "__fid": 56129}, "geometry": {"type": "LineString", "coordinates": [[2.3409588, 48.86077370000001], [2.3408035, 48.8604683]]}}, {"type": "Feature", "properties": {"highway": "footway", "footway": "crossing", "name": null, "surface": "asphalt", "lit": "yes", "length_m": 2.38, "type_element": "Way", "__fid": 56136}, "geometry": {"type": "LineString", "coordinates": [[2.3408289, 48.8593671], [2.3408207, 48.8593464]]}}, {"type": "Feature", "properties": {"highway": "living_street", "footway": null, "name": "Rue des Prêtres Saint-Germain l'Auxerrois", "surface": "asphalt", "lit": "yes", "length_m": 76.57, "type_element": "Way", "__fid": 56137}, "geometry": {"type": "LineString", "coordinates": [[2.3418102, 48.859145], [2.341717, 48.85913879999998], [2.3408207, 48.8593464]]}}, {"type": "Feature", "properties": {"highway": "corridor", "footway": null, "name": null, "surface": null, "lit": null, "length_m": 12.4, "type_element": "Way", "__fid": 56211}, "geometry": {"type": "LineString", "coordinates": [[2.340857580334063, 48.86079347439831], [2.3409191, 48.86089730000001]]}}, {"type": "Feature", "properties": {"highway": "footway", "footway": "sidewalk", "name": null, "surface": "paving_stones", "lit": "yes", "length_m": 7.74, "type_element": "Way", "__fid": 56212}, "geometry": {"type": "LineString", "coordinates": [[2.340857580334063, 48.86079347439831], [2.3409588, 48.86077370000001]]}}, {"type": "Feature", "properties": {"highway": "footway", "footway": "sidewalk", "name": null, "surface": "asphalt", "lit": "yes", "length_m": 141.57, "type_element": "Way", "__fid": 56259}, "geometry": {"type": "LineString", "coordinates": [[2.342373499999927, 48.86538126666682], [2.342353, 48.8653499], [2.3420082, 48.8651779], [2.3420017, 48.8651667], [2.340862866666738, 48.8645987666667]]}}, {"type": "Feature", "properties": {"highway": "footway", "footway": "crossing", "name": null, "surface": "asphalt", "lit": "yes", "length_m": 5.57, "type_element": "Way", "__fid": 56260}, "geometry": {"type": "LineString", "coordinates": [[2.340862866666738, 48.8645987666667], [2.340921966666781, 48.86456726666677]]}}, {"type": "Feature", "properties": {"highway": "footway", "footway": "crossing", "name": null, "surface": "asphalt", "lit": "yes", "length_m": 6.57, "type_element": "Way", "__fid": 56301}, "geometry": {"type": "LineString", "coordinates": [[2.3408896, 48.8644983], [2.340947, 48.8645437]]}}, {"type": "Feature", "properties": {"highway": "footway", "footway": "sidewalk", "name": null, "surface": "asphalt", "lit": "yes", "length_m": 75.65, "type_element": "Way", "__fid": 56302}, "geometry": {"type": "LineString", "coordinates": [[2.3417083, 48.8640975], [2.3416633, 48.8641331], [2.3415827, 48.8641682], [2.3415765, 48.86419], [2.3408896, 48.8644983]]}}, {"type": "Feature", "properties": {"highway": "footway", "footway": "crossing", "name": null, "surface": "asphalt", "lit": "yes", "length_m": 16.95, "type_element": "Way", "__fid": 56323}, "geometry": {"type": "LineString", "coordinates": [[2.3410686, 48.8609068], [2.3409877, 48.8607951], [2.3409588, 48.86077370000001]]}}, {"type": "Feature", "properties": {"highway": "footway", "footway": "sidewalk", "name": null, "surface": "paving_stones", "lit": "yes", "length_m": 20.14, "type_element": "Way", "__fid": 56324}, "geometry": {"type": "LineString", "coordinates": [[2.3409588, 48.86077370000001], [2.3412089, 48.860699]]}}, {"type": "Feature", "properties": {"highway": "footway", "footway": "sidewalk", "name": null, "surface": "asphalt", "lit": "yes", "length_m": 3.2, "type_element": "Way", "__fid": 56337}, "geometry": {"type": "LineString", "coordinates": [[2.340947, 48.8645437], [2.340921966666781, 48.86456726666677]]}}, {"type": "Feature", "properties": {"highway": "footway", "footway": "sidewalk", "name": null, "surface": "asphalt", "lit": "yes", "length_m": 146.09, "type_element": "Way", "__fid": 56338}, "geometry": {"type": "LineString", "coordinates": [[2.3425131, 48.8653475], [2.3421623, 48.86517460000002], [2.3420985, 48.8651289], [2.34154, 48.8648574], [2.3415086, 48.8648537], [2.3412849, 48.8647299], [2.3412454, 48.8647238], [2.340921966666781, 48.86456726666677]]}}, {"type": "Feature", "properties": {"highway": "footway", "footway": "sidewalk", "name": null, "surface": "asphalt", "lit": "yes", "length_m": 78.01, "type_element": "Way", "__fid": 56368}, "geometry": {"type": "LineString", "coordinates": [[2.3418206, 48.8641438], [2.340947, 48.8645437]]}}, {"type": "Feature", "properties": {"highway": "footway", "footway": "sidewalk", "name": null, "surface": "paving_stones", "lit": "yes", "length_m": 10.07, "type_element": "Way", "__fid": 56372}, "geometry": {"type": "LineString", "coordinates": [[2.3410475, 48.8610846], [2.3410242, 48.8610727], [2.3409956, 48.8610041]]}}, {"type": "Feature", "properties": {"highway": "footway", "footway": "sidewalk", "name": null, "surface": "paving_stones", "lit": "yes", "length_m": 12.49, "type_element": "Way", "__fid": 56373}, "geometry": {"type": "LineString", "coordinates": [[2.3409956, 48.8610041], [2.341044, 48.860916], [2.3410686, 48.8609068]]}}, {"type": "Feature", "properties": {"highway": "footway", "footway": "sidewalk", "name": null, "surface": "asphalt", "lit": "yes", "length_m": 63.12, "type_element": "Way", "__fid": 56427}, "geometry": {"type": "LineString", "coordinates": [[2.3412636, 48.8616198], [2.3410539, 48.8611603], [2.3410789, 48.86113790000001], [2.3410653, 48.8610938], [2.3410475, 48.8610846]]}}, {"type": "Feature", "properties": {"highway": "footway", "footway": "sidewalk", "name": null, "surface": "asphalt", "lit": "yes", "length_m": 33.38, "type_element": "Way", "__fid": 56428}, "geometry": {"type": "LineString", "coordinates": [[2.3411779, 48.8608871], [2.3412008, 48.860918], [2.3412481, 48.8610381], [2.34124, 48.8610449], [2.3410475, 48.8610846]]}}, {"type": "Feature", "properties": {"highway": "footway", "footway": "sidewalk", "name": null, "surface": "paving_stones", "lit": "yes", "length_m": 8.31, "type_element": "Way", "__fid": 56439}, "geometry": {"type": "LineString", "coordinates": [[2.3410686, 48.8609068], [2.3411779, 48.8608871]]}}, {"type": "Feature", "properties": {"highway": "footway", "footway": "crossing", "name": null, "surface": "asphalt", "lit": "yes", "length_m": 9.69, "type_element": "Way", "__fid": 56457}, "geometry": {"type": "LineString", "coordinates": [[2.341122, 48.8617576], [2.3410781, 48.8616754]]}}, {"type": "Feature", "properties": {"highway": "footway", "footway": "sidewalk", "name": null, "surface": "asphalt", "lit": "yes", "length_m": 2.21, "type_element": "Way", "__fid": 56458}, "geometry": {"type": "LineString", "coordinates": [[2.3410781, 48.8616754], [2.3410907, 48.8616573]]}}, {"type": "Feature", "properties": {"highway": "footway", "footway": "crossing", "name": null, "surface": "asphalt", "lit": "yes", "length_m": 13.35, "type_element": "Way", "__fid": 56469}, "geometry": {"type": "LineString", "coordinates": [[2.3412636, 48.8616198], [2.3410907, 48.8616573]]}}, {"type": "Feature", "properties": {"highway": "footway", "footway": "sidewalk", "name": null, "surface": "asphalt", "lit": "yes", "length_m": 3.99, "type_element": "Way", "__fid": 56509}, "geometry": {"type": "LineString", "coordinates": [[2.3411583, 48.86178429999998], [2.341122, 48.8617576]]}}, {"type": "Feature", "properties": {"highway": "footway", "footway": "sidewalk", "name": null, "surface": "asphalt", "lit": "yes", "length_m": 64.73, "type_element": "Way", "__fid": 56559}, "geometry": {"type": "LineString", "coordinates": [[2.3414377, 48.8623365], [2.3411583, 48.86178429999998]]}}, {"type": "Feature", "properties": {"highway": "footway", "footway": "crossing", "name": null, "surface": "asphalt", "lit": "yes", "length_m": 16.08, "type_element": "Way", "__fid": 56560}, "geometry": {"type": "LineString", "coordinates": [[2.3411583, 48.86178429999998], [2.3413649, 48.8617359]]}}, {"type": "Feature", "properties": {"highway": "footway", "footway": "crossing", "name": null, "surface": "asphalt", "lit": "yes", "length_m": 11.34, "type_element": "Way", "__fid": 56565}, "geometry": {"type": "LineString", "coordinates": [[2.3411779, 48.8608871], [2.3412915, 48.86085760000001], [2.3413075, 48.860839]]}}, {"type": "Feature", "properties": {"highway": "footway", "footway": "crossing", "name": null, "surface": "asphalt", "lit": "yes", "length_m": 17.17, "type_element": "Way", "__fid": 56599}, "geometry": {"type": "LineString", "coordinates": [[2.3412089, 48.860699], [2.3413075, 48.860839]]}}, {"type": "Feature", "properties": {"highway": "footway", "footway": "sidewalk", "name": null, "surface": "paving_stones", "lit": "yes", "length_m": 60.72, "type_element": "Way", "__fid": 56600}, "geometry": {"type": "LineString", "coordinates": [[2.3412089, 48.860699], [2.3418833, 48.8604828], [2.3419421, 48.8604491]]}}, {"type": "Feature", "properties": {"highway": "footway", "footway": "sidewalk", "name": null, "surface": "paving_stones", "lit": "yes", "length_m": 56.38, "type_element": "Way", "__fid": 56612}, "geometry": {"type": "LineString", "coordinates": [[2.3419421, 48.8604491], [2.3419105, 48.86042620000001], [2.3418776, 48.8604152], [2.3412249, 48.86027880000001]]}}, {"type": "Feature", "properties": {"highway": "footway", "footway": "sidewalk", "name": null, "surface": "asphalt", "lit": "yes", "length_m": 75.69, "type_element": "Way", "__fid": 56613}, "geometry": {"type": "LineString", "coordinates": [[2.3421206, 48.8603859], [2.3412546, 48.8602068], [2.3412428, 48.860213], [2.3412139, 48.8602718], [2.3412249, 48.86027880000001]]}}, {"type": "Feature", "properties": {"highway": "footway", "footway": "sidewalk", "name": null, "surface": "asphalt", "lit": "yes", "length_m": 5.48, "type_element": "Way", "__fid": 56659}, "geometry": {"type": "LineString", "coordinates": [[2.3412636, 48.8616198], [2.341336, 48.861632]]}}, {"type": "Feature", "properties": {"highway": "footway", "footway": "sidewalk", "name": null, "surface": "paving_stones", "lit": "yes", "length_m": 61.46, "type_element": "Way", "__fid": 56701}, "geometry": {"type": "LineString", "coordinates": [[2.3413075, 48.860839], [2.3420581, 48.8605935]]}}, {"type": "Feature", "properties": {"highway": "footway", "footway": "crossing", "name": null, "surface": "asphalt", "lit": "yes", "length_m": 8.99, "type_element": "Way", "__fid": 56744}, "geometry": {"type": "LineString", "coordinates": [[2.3413605, 48.8617112], [2.341336, 48.861632]]}}, {"type": "Feature", "properties": {"highway": "footway", "footway": "sidewalk", "name": null, "surface": "paving_stones", "lit": "yes", "length_m": 67.36, "type_element": "Way", "__fid": 56745}, "geometry": {"type": "LineString", "coordinates": [[2.341336, 48.861632], [2.3414592, 48.8615971], [2.3421859, 48.8614501], [2.3422043, 48.86146020000001]]}}, {"type": "Feature", "properties": {"highway": "footway", "footway": "sidewalk", "name": null, "surface": "asphalt", "lit": "yes", "length_m": 2.77, "type_element": "Way", "__fid": 56770}, "geometry": {"type": "LineString", "coordinates": [[2.3413649, 48.8617359], [2.3413605, 48.8617112]]}}, {"type": "Feature", "properties": {"highway": "footway", "footway": "sidewalk", "name": null, "surface": "paving_stones", "lit": "yes", "length_m": 68.03, "type_element": "Way", "__fid": 56771}, "geometry": {"type": "LineString", "coordinates": [[2.3422454, 48.8615289], [2.3419984, 48.8615738], [2.3413605, 48.8617112]]}}, {"type": "Feature", "properties": {"highway": "service", "footway": null, "name": null, "surface": "sett", "lit": "yes", "length_m": 4.4, "type_element": "Way", "__fid": 56776}, "geometry": {"type": "LineString", "coordinates": [[2.3413484, 48.8629227], [2.3413853, 48.86289150000002]]}}, {"type": "Feature", "properties": {"highway": "footway", "footway": "sidewalk", "name": null, "surface": "asphalt", "lit": "yes", "length_m": 65.27, "type_element": "Way", "__fid": 56779}, "geometry": {"type": "LineString", "coordinates": [[2.3416484, 48.8622923], [2.3413649, 48.8617359]]}}, {"type": "Feature", "properties": {"highway": "footway", "footway": null, "name": null, "surface": "paving_stones", "lit": "yes", "length_m": 22.68, "type_element": "Way", "__fid": 56823}, "geometry": {"type": "LineString", "coordinates": [[2.3413853, 48.86289150000002], [2.3416259, 48.863019600000015]]}}, {"type": "Feature", "properties": {"highway": "service", "footway": null, "name": null, "surface": "sett", "lit": "yes", "length_m": 20.38, "type_element": "Way", "__fid": 56824}, "geometry": {"type": "LineString", "coordinates": [[2.3413853, 48.86289150000002], [2.3414957, 48.8627916], [2.3414831, 48.862769], [2.3414438, 48.8627447]]}}, {"type": "Feature", "properties": {"highway": "footway", "footway": "sidewalk", "name": null, "surface": "paving_stones", "lit": "yes", "length_m": 37.67, "type_element": "Way", "__fid": 56868}, "geometry": {"type": "LineString", "coordinates": [[2.3416031, 48.8626572], [2.3414377, 48.8623365]]}}, {"type": "Feature", "properties": {"highway": "footway", "footway": "crossing", "name": null, "surface": "asphalt", "lit": "yes", "length_m": 16.22, "type_element": "Way", "__fid": 56869}, "geometry": {"type": "LineString", "coordinates": [[2.3414377, 48.8623365], [2.3416484, 48.8622923]]}}, {"type": "Feature", "properties": {"highway": "footway", "footway": "crossing", "name": null, "surface": "paving_stones", "lit": "yes", "length_m": 12.73, "type_element": "Way", "__fid": 56910}, "geometry": {"type": "LineString", "coordinates": [[2.3416259, 48.863019600000015], [2.3416058, 48.8630351], [2.3414696, 48.8630629]]}}, {"type": "Feature", "properties": {"highway": "footway", "footway": "sidewalk", "name": null, "surface": "paving_stones", "lit": "yes", "length_m": 31.68, "type_element": "Way", "__fid": 57027}, "geometry": {"type": "LineString", "coordinates": [[2.3417472, 48.8629258], [2.3416031, 48.8626572]]}}, {"type": "Feature", "properties": {"highway": "footway", "footway": "crossing", "name": null, "surface": "asphalt", "lit": "yes", "length_m": 15.92, "type_element": "Way", "__fid": 57028}, "geometry": {"type": "LineString", "coordinates": [[2.3418079, 48.86260990000001], [2.3416031, 48.8626572]]}}, {"type": "Feature", "properties": {"highway": "footway", "footway": null, "name": null, "surface": "paving_stones", "lit": "yes", "length_m": 6.17, "type_element": "Way", "__fid": 57076}, "geometry": {"type": "LineString", "coordinates": [[2.3416845, 48.8629798], [2.3416259, 48.863019600000015]]}}, {"type": "Feature", "properties": {"highway": "footway", "footway": "sidewalk", "name": null, "surface": "asphalt", "lit": "yes", "length_m": 4.25, "type_element": "Way", "__fid": 57088}, "geometry": {"type": "LineString", "coordinates": [[2.3416874, 48.8623206], [2.3416484, 48.8622923]]}}, {"type": "Feature", "properties": {"highway": "footway", "footway": "crossing", "name": null, "surface": "asphalt", "lit": "yes", "length_m": 16.09, "type_element": "Way", "__fid": 57123}, "geometry": {"type": "LineString", "coordinates": [[2.3416874, 48.8623206], [2.3417552, 48.8624582]]}}, {"type": "Feature", "properties": {"highway": "footway", "footway": "sidewalk", "name": null, "surface": "asphalt", "lit": "yes", "length_m": 60.62, "type_element": "Way", "__fid": 57124}, "geometry": {"type": "LineString", "coordinates": [[2.3424672, 48.8621404], [2.3416874, 48.8623206]]}}, {"type": "Feature", "properties": {"highway": "footway", "footway": "crossing", "name": null, "surface": "asphalt", "lit": "yes", "length_m": 22.28, "type_element": "Way", "__fid": 57133}, "geometry": {"type": "LineString", "coordinates": [[2.3417686, 48.8631675], [2.3417712, 48.8631085], [2.3417302, 48.8630336], [2.3416845, 48.8629798]]}}, {"type": "Feature", "properties": {"highway": "footway", "footway": null, "name": null, "surface": "paving_stones", "lit": "yes", "length_m": 7.56, "type_element": "Way", "__fid": 57134}, "geometry": {"type": "LineString", "coordinates": [[2.3417472, 48.8629258], [2.3416845, 48.8629798]]}}, {"type": "Feature", "properties": {"highway": "footway", "footway": "crossing", "name": null, "surface": "paving_stones", "lit": "yes", "length_m": 10.48, "type_element": "Way", "__fid": 57168}, "geometry": {"type": "LineString", "coordinates": [[2.3417083, 48.8640975], [2.341723, 48.8641218], [2.3418206, 48.8641438]]}}, {"type": "Feature", "properties": {"highway": "footway", "footway": "crossing", "name": null, "surface": "paving_stones", "lit": "yes", "length_m": 7.24, "type_element": "Way", "__fid": 57169}, "geometry": {"type": "LineString", "coordinates": [[2.341789966666671, 48.86406283333334], [2.3417242, 48.8640849], [2.3417083, 48.8640975]]}}, {"type": "Feature", "properties": {"highway": "footway", "footway": "crossing", "name": null, "surface": "asphalt", "lit": "yes", "length_m": 15.66, "type_element": "Way", "__fid": 57197}, "geometry": {"type": "LineString", "coordinates": [[2.3417472, 48.8629258], [2.3419458, 48.8628743]]}}, {"type": "Feature", "properties": {"highway": "footway", "footway": "sidewalk", "name": null, "surface": "asphalt", "lit": "yes", "length_m": 17.76, "type_element": "Way", "__fid": 57200}, "geometry": {"type": "LineString", "coordinates": [[2.3417552, 48.8624582], [2.3417437, 48.862486], [2.3418079, 48.86260990000001]]}}, {"type": "Feature", "properties": {"highway": "footway", "footway": "sidewalk", "name": null, "surface": "asphalt", "lit": "yes", "length_m": 54.01, "type_element": "Way", "__fid": 57201}, "geometry": {"type": "LineString", "coordinates": [[2.3417552, 48.8624582], [2.3424477, 48.8622933]]}}, {"type": "Feature", "properties": {"highway": "pedestrian", "footway": null, "name": "Rue de l'Arbre Sec", "surface": "asphalt", "lit": "yes", "length_m": 82.95, "type_element": "Way", "__fid": 57216}, "geometry": {"type": "LineString", "coordinates": [[2.3418102, 48.859145], [2.3420939, 48.85986710000002]]}}, {"type": "Feature", "properties": {"highway": "footway", "footway": "sidewalk", "name": null, "surface": "asphalt", "lit": "yes", "length_m": 5.64, "type_element": "Way", "__fid": 57227}, "geometry": {"type": "LineString", "coordinates": [[2.3418416, 48.8631834], [2.3417686, 48.8631675]]}}, {"type": "Feature", "properties": {"highway": "footway", "footway": "sidewalk", "name": null, "surface": "asphalt", "lit": "yes", "length_m": 31.09, "type_element": "Way", "__fid": 57254}, "geometry": {"type": "LineString", "coordinates": [[2.3418079, 48.86260990000001], [2.3419458, 48.8628743]]}}, {"type": "Feature", "properties": {"highway": "footway", "footway": "sidewalk", "name": null, "surface": "asphalt", "lit": "yes", "length_m": 35.3, "type_element": "Way", "__fid": 57255}, "geometry": {"type": "LineString", "coordinates": [[2.3422006, 48.8638983], [2.3418575, 48.8640432], [2.341789966666671, 48.86406283333334]]}}, {"type": "Feature", "properties": {"highway": "footway", "footway": "sidewalk", "name": null, "surface": "asphalt", "lit": "yes", "length_m": 6.63, "type_element": "Way", "__fid": 57276}, "geometry": {"type": "LineString", "coordinates": [[2.3419034, 48.8641677], [2.3418206, 48.8641438]]}}, {"type": "Feature", "properties": {"highway": "footway", "footway": "sidewalk", "name": null, "surface": "asphalt", "lit": "yes", "length_m": 38.14, "type_element": "Way", "__fid": 57282}, "geometry": {"type": "LineString", "coordinates": [[2.342017533333495, 48.863499400000144], [2.342026, 48.8634974], [2.3419026, 48.8632699], [2.3418416, 48.8631834]]}}, {"type": "Feature", "properties": {"highway": "footway", "footway": "crossing", "name": null, "surface": "asphalt", "lit": "yes", "length_m": 18.36, "type_element": "Way", "__fid": 57283}, "geometry": {"type": "LineString", "coordinates": [[2.3418416, 48.8631834], [2.342079566666588, 48.863132300000025]]}}, {"type": "Feature", "properties": {"highway": "footway", "footway": "sidewalk", "name": null, "surface": "paving_stones", "lit": "yes", "length_m": 92.82, "type_element": "Way", "__fid": 57311}, "geometry": {"type": "LineString", "coordinates": [[2.3419156, 48.8595424], [2.3422236, 48.8602942], [2.342258933333479, 48.86034506666678]]}}, {"type": "Feature", "properties": {"highway": "footway", "footway": null, "name": "Cour des Fermes", "surface": null, "lit": null, "length_m": 11.71, "type_element": "Way", "__fid": 57315}, "geometry": {"type": "LineString", "coordinates": [[2.3418662, 48.8635328], [2.342017533333495, 48.863499400000144]]}}, {"type": "Feature", "properties": {"highway": "pedestrian", "footway": null, "name": "Rue Adolphe-Jullien", "surface": "paving_stones", "lit": "yes", "length_m": 8.33, "type_element": "Way", "__fid": 57318}, "geometry": {"type": "LineString", "coordinates": [[2.3418744, 48.8629684], [2.341982, 48.8629446]]}}, {"type": "Feature", "properties": {"highway": "footway", "footway": "crossing", "name": null, "surface": "asphalt", "lit": "yes", "length_m": 18.17, "type_element": "Way", "__fid": 57344}, "geometry": {"type": "LineString", "coordinates": [[2.3419421, 48.8604491], [2.3420581, 48.8605935]]}}, {"type": "Feature", "properties": {"highway": "footway", "footway": "crossing", "name": null, "surface": "asphalt", "lit": "yes", "length_m": 14.86, "type_element": "Way", "__fid": 57345}, "geometry": {"type": "LineString", "coordinates": [[2.3419421, 48.8604491], [2.3421206, 48.8603859]]}}, {"type": "Feature", "properties": {"highway": "footway", "footway": "sidewalk", "name": null, "surface": "paving_stones", "lit": "yes", "length_m": 57.8, "type_element": "Way", "__fid": 57354}, "geometry": {"type": "LineString", "coordinates": [[2.3419034, 48.8641677], [2.341946, 48.86419709999998], [2.3425243, 48.86448689999999]]}}, {"type": "Feature", "properties": {"highway": "footway", "footway": "crossing", "name": null, "surface": "paving_stones", "lit": "yes", "length_m": 14.49, "type_element": "Way", "__fid": 57355}, "geometry": {"type": "LineString", "coordinates": [[2.3420732, 48.8641064], [2.34192, 48.8641514], [2.3419034, 48.8641677]]}}, {"type": "Feature", "properties": {"highway": "footway", "footway": "sidewalk", "name": null, "surface": "paving_stones", "lit": "yes", "length_m": 8.26, "type_element": "Way", "__fid": 57381}, "geometry": {"type": "LineString", "coordinates": [[2.3419458, 48.8628743], [2.341982, 48.8629446]]}}, {"type": "Feature", "properties": {"highway": "pedestrian", "footway": null, "name": "Rue Adolphe-Jullien", "surface": "paving_stones", "lit": "yes", "length_m": 8.44, "type_element": "Way", "__fid": 57389}, "geometry": {"type": "LineString", "coordinates": [[2.3420552, 48.8630853], [2.3419462, 48.8631096]]}}, {"type": "Feature", "properties": {"highway": "footway", "footway": "sidewalk", "name": null, "surface": "paving_stones", "lit": "yes", "length_m": 16.54, "type_element": "Way", "__fid": 57415}, "geometry": {"type": "LineString", "coordinates": [[2.341982, 48.8629446], [2.3420552, 48.8630853]]}}, {"type": "Feature", "properties": {"highway": "pedestrian", "footway": null, "name": "Rue de Viarmes", "surface": "paving_stones", "lit": "yes", "length_m": 72.66, "type_element": "Way", "__fid": 57416}, "geometry": {"type": "LineString", "coordinates": [[2.341982, 48.8629446], [2.3422164, 48.8628929], [2.3422467, 48.8628576], [2.34224, 48.8627638], [2.3423036, 48.8626549], [2.3423555, 48.8626008], [2.3425039, 48.8624977], [2.3425502, 48.86248530000001]]}}, {"type": "Feature", "properties": {"highway": "footway", "footway": "sidewalk", "name": null, "surface": "asphalt", "lit": "yes", "length_m": 34.88, "type_element": "Way", "__fid": 57452}, "geometry": {"type": "LineString", "coordinates": [[2.342017533333495, 48.863499400000144], [2.342185, 48.863793]]}}, {"type": "Feature", "properties": {"highway": "footway", "footway": "sidewalk", "name": null, "surface": "paving_stones", "lit": "yes", "length_m": 19.76, "type_element": "Way", "__fid": 57456}, "geometry": {"type": "LineString", "coordinates": [[2.3420581, 48.8605935], [2.342227, 48.8605383], [2.3423047, 48.8605235]]}}, {"type": "Feature", "properties": {"highway": "pedestrian", "footway": null, "name": "Rue de l'Arbre Sec", "surface": "asphalt", "lit": "yes", "length_m": 54.11, "type_element": "Way", "__fid": 57478}, "geometry": {"type": "LineString", "coordinates": [[2.3420939, 48.85986710000002], [2.342304, 48.8603336]]}}, {"type": "Feature", "properties": {"highway": "pedestrian", "footway": null, "name": "Rue Baillet", "surface": "sett", "lit": "yes", "length_m": 83.49, "type_element": "Way", "__fid": 57479}, "geometry": {"type": "LineString", "coordinates": [[2.3420939, 48.85986710000002], [2.3431995, 48.8596895]]}}, {"type": "Feature", "properties": {"highway": "footway", "footway": "sidewalk", "name": null, "surface": "paving_stones", "lit": "yes", "length_m": 5.52, "type_element": "Way", "__fid": 57486}, "geometry": {"type": "LineString", "coordinates": [[2.3420552, 48.8630853], [2.342079566666588, 48.863132300000025]]}}, {"type": "Feature", "properties": {"highway": "pedestrian", "footway": null, "name": "Rue de Viarmes", "surface": "paving_stones", "lit": "yes", "length_m": 72.75, "type_element": "Way", "__fid": 57487}, "geometry": {"type": "LineString", "coordinates": [[2.342927, 48.8632079], [2.3427987, 48.863231800000015], [2.3427129, 48.8632281], [2.3426471, 48.8632164], [2.3425056, 48.8631715], [2.3423822, 48.8631054], [2.3423164, 48.8630452], [2.3422955, 48.8630394], [2.3422738, 48.8630364], [2.3420552, 48.8630853]]}}, {"type": "Feature", "properties": {"highway": "footway", "footway": "sidewalk", "name": null, "surface": "asphalt", "lit": "yes", "length_m": 50.57, "type_element": "Way", "__fid": 57499}, "geometry": {"type": "LineString", "coordinates": [[2.342079566666588, 48.863132300000025], [2.3422948, 48.8635643]]}}, {"type": "Feature", "properties": {"highway": "footway", "footway": "sidewalk", "name": null, "surface": "asphalt", "lit": "yes", "length_m": 40.08, "type_element": "Way", "__fid": 57504}, "geometry": {"type": "LineString", "coordinates": [[2.3420732, 48.8641064], [2.3420766, 48.8641363], [2.3424656, 48.864344500000016]]}}, {"type": "Feature", "properties": {"highway": "footway", "footway": "sidewalk", "name": null, "surface": "asphalt", "lit": "yes", "length_m": 18.46, "type_element": "Way", "__fid": 57505}, "geometry": {"type": "LineString", "coordinates": [[2.3422734, 48.8640147], [2.3422246, 48.864024], [2.3420864, 48.86408580000001], [2.3420732, 48.8641064]]}}, {"type": "Feature", "properties": {"highway": "footway", "footway": "sidewalk", "name": null, "surface": "asphalt", "lit": "yes", "length_m": 11.12, "type_element": "Way", "__fid": 57506}, "geometry": {"type": "LineString", "coordinates": [[2.342258933333479, 48.86034506666678], [2.3421206, 48.8603859]]}}, {"type": "Feature", "properties": {"highway": "footway", "footway": "crossing", "name": null, "surface": "asphalt", "lit": "yes", "length_m": 8.42, "type_element": "Way", "__fid": 57601}, "geometry": {"type": "LineString", "coordinates": [[2.3422043, 48.86146020000001], [2.3422196, 48.8614687], [2.3422454, 48.8615289]]}}, {"type": "Feature", "properties": {"highway": "footway", "footway": "sidewalk", "name": null, "surface": "paving_stones", "lit": "yes", "length_m": 25.62, "type_element": "Way", "__fid": 57602}, "geometry": {"type": "LineString", "coordinates": [[2.3422043, 48.86146020000001], [2.3424033, 48.8614132], [2.3424335, 48.8613918], [2.3424334, 48.86133010000002]]}}, {"type": "Feature", "properties": {"highway": "footway", "footway": "sidewalk", "name": null, "surface": "asphalt", "lit": "yes", "length_m": 12.41, "type_element": "Way", "__fid": 57605}, "geometry": {"type": "LineString", "coordinates": [[2.342185, 48.863793], [2.3422207, 48.86386250000002], [2.3422006, 48.8638983]]}}, {"type": "Feature", "properties": {"highway": "footway", "footway": "crossing", "name": null, "surface": "asphalt", "lit": "yes", "length_m": 15.59, "type_element": "Way", "__fid": 57606}, "geometry": {"type": "LineString", "coordinates": [[2.3423872, 48.8637498], [2.342185, 48.863793]]}}, {"type": "Feature", "properties": {"highway": "footway", "footway": "crossing", "name": null, "surface": "asphalt", "lit": "yes", "length_m": 14.13, "type_element": "Way", "__fid": 57634}, "geometry": {"type": "LineString", "coordinates": [[2.3422006, 48.8638983], [2.3422138, 48.86390669999999], [2.3422734, 48.8640147]]}}, {"type": "Feature", "properties": {"highway": "footway", "footway": "crossing", "name": null, "surface": "asphalt", "lit": "yes", "length_m": 3.54, "type_element": "Way", "__fid": 57646}, "geometry": {"type": "LineString", "coordinates": [[2.342258933333479, 48.86034506666678], [2.342304, 48.8603336]]}}, {"type": "Feature", "properties": {"highway": "footway", "footway": "sidewalk", "name": null, "surface": "paving_stones", "lit": "yes", "length_m": 35.49, "type_element": "Way", "__fid": 57647}, "geometry": {"type": "LineString", "coordinates": [[2.342717, 48.861458], [2.3422454, 48.8615289]]}}, {"type": "Feature", "properties": {"highway": "pedestrian", "footway": null, "name": "Rue de l'Arbre Sec", "surface": "asphalt", "lit": "yes", "length_m": 8.26, "type_element": "Way", "__fid": 57698}, "geometry": {"type": "LineString", "coordinates": [[2.342304, 48.8603336], [2.3423329, 48.8604054]]}}, {"type": "Feature", "properties": {"highway": "footway", "footway": "sidewalk", "name": null, "surface": "paving_stones", "lit": "yes", "length_m": 8.33, "type_element": "Way", "__fid": 57699}, "geometry": {"type": "LineString", "coordinates": [[2.342304, 48.8603336], [2.3424081, 48.8603036]]}}, {"type": "Feature", "properties": {"highway": "footway", "footway": "sidewalk", "name": null, "surface": "paving_stones", "lit": "yes", "length_m": 50.69, "type_element": "Way", "__fid": 57702}, "geometry": {"type": "LineString", "coordinates": [[2.3425554, 48.8608757], [2.3424136, 48.860871799999984], [2.3423935, 48.8607169], [2.3423623, 48.86069879999998], [2.3423047, 48.8605235]]}}, {"type": "Feature", "properties": {"highway": "footway", "footway": "crossing", "name": null, "surface": "asphalt", "lit": "yes", "length_m": 10.4, "type_element": "Way", "__fid": 57703}, "geometry": {"type": "LineString", "coordinates": [[2.3423047, 48.8605235], [2.3424344, 48.8604857]]}}, {"type": "Feature", "properties": {"highway": "footway", "footway": "sidewalk", "name": null, "surface": "asphalt", "lit": "yes", "length_m": 3.14, "type_element": "Way", "__fid": 57722}, "geometry": {"type": "LineString", "coordinates": [[2.3423078, 48.8640315], [2.3422734, 48.8640147]]}}, {"type": "Feature", "properties": {"highway": "footway", "footway": "sidewalk", "name": null, "surface": "paving_stones", "lit": "yes", "length_m": 6.8, "type_element": "Way", "__fid": 57730}, "geometry": {"type": "LineString", "coordinates": [[2.3424081, 48.8603036], [2.342333, 48.8602677]]}}, {"type": "Feature", "properties": {"highway": "footway", "footway": "sidewalk", "name": null, "surface": "asphalt", "lit": "yes", "length_m": 21.71, "type_element": "Way", "__fid": 57731}, "geometry": {"type": "LineString", "coordinates": [[2.3422948, 48.8635643], [2.3423872, 48.8637498]]}}, {"type": "Feature", "properties": {"highway": "footway", "footway": null, "name": null, "surface": "concrete", "lit": "yes", "length_m": 52.02, "type_element": "Way", "__fid": 57732}, "geometry": {"type": "LineString", "coordinates": [[2.3422948, 48.8635643], [2.3427072, 48.8634715], [2.3429769, 48.863442]]}}, {"type": "Feature", "properties": {"highway": "footway", "footway": "sidewalk", "name": null, "surface": "asphalt", "lit": "yes", "length_m": 32.34, "type_element": "Way", "__fid": 57756}, "geometry": {"type": "LineString", "coordinates": [[2.3423078, 48.8640315], [2.3424522, 48.8643063]]}}, {"type": "Feature", "properties": {"highway": "footway", "footway": "crossing", "name": null, "surface": "asphalt", "lit": "yes", "length_m": 16.2, "type_element": "Way", "__fid": 57757}, "geometry": {"type": "LineString", "coordinates": [[2.3425095, 48.8639763], [2.3423265, 48.8640189], [2.3423078, 48.8640315]]}}, {"type": "Feature", "properties": {"highway": "living_street", "footway": null, "name": "Rue Coquillière", "surface": "asphalt", "lit": "yes", "length_m": 9.5, "type_element": "Way", "__fid": 57810}, "geometry": {"type": "LineString", "coordinates": [[2.3423575, 48.863896], [2.3424486, 48.8638353]]}}, {"type": "Feature", "properties": {"highway": "footway", "footway": "crossing", "name": null, "surface": "asphalt", "lit": "yes", "length_m": 18.96, "type_element": "Way", "__fid": 57817}, "geometry": {"type": "LineString", "coordinates": [[2.3425293, 48.8604499], [2.3424478, 48.8603226], [2.3424081, 48.8603036]]}}, {"type": "Feature", "properties": {"highway": "footway", "footway": "sidewalk", "name": null, "surface": "paving_stones", "lit": "yes", "length_m": 69.47, "type_element": "Way", "__fid": 57818}, "geometry": {"type": "LineString", "coordinates": [[2.3432606, 48.8600317], [2.3424081, 48.8603036]]}}, {"type": "Feature", "properties": {"highway": "footway", "footway": "sidewalk", "name": null, "surface": "paving_stones", "lit": "yes", "length_m": 43.11, "type_element": "Way", "__fid": 57838}, "geometry": {"type": "LineString", "coordinates": [[2.3424334, 48.86133010000002], [2.3424331, 48.8610522], [2.3424194, 48.8609428]]}}, {"type": "Feature", "properties": {"highway": "footway", "footway": "sidewalk", "name": null, "surface": "asphalt", "lit": "yes", "length_m": 4.15, "type_element": "Way", "__fid": 57847}, "geometry": {"type": "LineString", "coordinates": [[2.3423872, 48.8637498], [2.3423944, 48.8637638], [2.3424236, 48.86377550000001]]}}, {"type": "Feature", "properties": {"highway": "footway", "footway": "sidewalk", "name": null, "surface": "paving_stones", "lit": "yes", "length_m": 44.32, "type_element": "Way", "__fid": 57853}, "geometry": {"type": "LineString", "coordinates": [[2.3424344, 48.8604857], [2.3425138, 48.86069069999997], [2.3425554, 48.8608757]]}}, {"type": "Feature", "properties": {"highway": "footway", "footway": "sidewalk", "name": null, "surface": "paving_stones", "lit": "yes", "length_m": 8.02, "type_element": "Way", "__fid": 57854}, "geometry": {"type": "LineString", "coordinates": [[2.3424344, 48.8604857], [2.3425293, 48.8604499]]}}, {"type": "Feature", "properties": {"highway": "footway", "footway": "crossing", "name": null, "surface": "asphalt", "lit": "yes", "length_m": 10.62, "type_element": "Way", "__fid": 57866}, "geometry": {"type": "LineString", "coordinates": [[2.342578, 48.86133430000001], [2.3424334, 48.86133010000002]]}}, {"type": "Feature", "properties": {"highway": "footway", "footway": "sidewalk", "name": null, "surface": "asphalt", "lit": "yes", "length_m": 20.48, "type_element": "Way", "__fid": 57888}, "geometry": {"type": "LineString", "coordinates": [[2.3424236, 48.86377550000001], [2.3424434, 48.8637768], [2.3424763, 48.8637651], [2.3426275, 48.863658]]}}, {"type": "Feature", "properties": {"highway": "footway", "footway": "crossing", "name": null, "surface": "asphalt", "lit": "yes", "length_m": 7.06, "type_element": "Way", "__fid": 57889}, "geometry": {"type": "LineString", "coordinates": [[2.3424486, 48.8638353], [2.3424204, 48.8637877], [2.3424236, 48.86377550000001]]}}, {"type": "Feature", "properties": {"highway": "pedestrian", "footway": null, "name": "Rue Marie de France", "surface": "asphalt", "lit": "yes", "length_m": 13.34, "type_element": "Way", "__fid": 57897}, "geometry": {"type": "LineString", "coordinates": [[2.3425061, 48.86240690000001], [2.3424477, 48.8622933]]}}, {"type": "Feature", "properties": {"highway": "footway", "footway": "sidewalk", "name": null, "surface": "asphalt", "lit": "yes", "length_m": 10.45, "type_element": "Way", "__fid": 57898}, "geometry": {"type": "LineString", "coordinates": [[2.3424477, 48.8622933], [2.3424326, 48.8622639], [2.3425228, 48.86224330000001]]}}, {"type": "Feature", "properties": {"highway": "footway", "footway": "crossing", "name": null, "surface": "asphalt", "lit": "yes", "length_m": 12.15, "type_element": "Way", "__fid": 57918}, "geometry": {"type": "LineString", "coordinates": [[2.3424672, 48.8621404], [2.3425228, 48.86224330000001]]}}, {"type": "Feature", "properties": {"highway": "footway", "footway": "sidewalk", "name": null, "surface": "asphalt", "lit": "yes", "length_m": 30.24, "type_element": "Way", "__fid": 57919}, "geometry": {"type": "LineString", "coordinates": [[2.3428567, 48.86205140000001], [2.3424672, 48.8621404]]}}, {"type": "Feature", "properties": {"highway": "footway", "footway": "crossing", "name": null, "surface": "asphalt", "lit": "yes", "length_m": 7.37, "type_element": "Way", "__fid": 57922}, "geometry": {"type": "LineString", "coordinates": [[2.3425073, 48.8638835], [2.3424702, 48.8638717], [2.3424486, 48.8638353]]}}, {"type": "Feature", "properties": {"highway": "living_street", "footway": null, "name": "Rue Coquillière", "surface": "asphalt", "lit": "yes", "length_m": 21.9, "type_element": "Way", "__fid": 57923}, "geometry": {"type": "LineString", "coordinates": [[2.3424486, 48.8638353], [2.3426512, 48.8636907]]}}, {"type": "Feature", "properties": {"highway": "footway", "footway": "sidewalk", "name": null, "surface": "asphalt", "lit": "yes", "length_m": 4.36, "type_element": "Way", "__fid": 57941}, "geometry": {"type": "LineString", "coordinates": [[2.3424522, 48.8643063], [2.3424656, 48.864344500000016]]}}, {"type": "Feature", "properties": {"highway": "footway", "footway": "crossing", "name": null, "surface": "asphalt", "lit": "yes", "length_m": 15.91, "type_element": "Way", "__fid": 57942}, "geometry": {"type": "LineString", "coordinates": [[2.3426593, 48.8642637], [2.3424522, 48.8643063]]}}, {"type": "Feature", "properties": {"highway": "footway", "footway": "crossing", "name": null, "surface": "asphalt", "lit": "yes", "length_m": 16.67, "type_element": "Way", "__fid": 57969}, "geometry": {"type": "LineString", "coordinates": [[2.3424656, 48.864344500000016], [2.3425303, 48.8644777], [2.3425243, 48.86448689999999]]}}, {"type": "Feature", "properties": {"highway": "footway", "footway": "sidewalk", "name": null, "surface": "paving_stones", "lit": "yes", "length_m": 68.78, "type_element": "Way", "__fid": 57984}, "geometry": {"type": "LineString", "coordinates": [[2.3425293, 48.8604499], [2.3433698, 48.8601759]]}}, {"type": "Feature", "properties": {"highway": "pedestrian", "footway": null, "name": "Rue Marie de France", "surface": "concrete", "lit": "yes", "length_m": 9.3, "type_element": "Way", "__fid": 57987}, "geometry": {"type": "LineString", "coordinates": [[2.3425502, 48.86248530000001], [2.3425061, 48.86240690000001]]}}, {"type": "Feature", "properties": {"highway": "footway", "footway": null, "name": "Allée Blaise-Cendrars", "surface": "concrete:plates", "lit": "yes", "length_m": 82.17, "type_element": "Way", "__fid": 57988}, "geometry": {"type": "LineString", "coordinates": [[2.3425061, 48.86240690000001], [2.343564, 48.86216430000001]]}}, {"type": "Feature", "properties": {"highway": "footway", "footway": "sidewalk", "name": null, "surface": "asphalt", "lit": "yes", "length_m": 68.38, "type_element": "Way", "__fid": 58008}, "geometry": {"type": "LineString", "coordinates": [[2.3425228, 48.86224330000001], [2.3434064, 48.86204770000001]]}}, {"type": "Feature", "properties": {"highway": "footway", "footway": "sidewalk", "name": null, "surface": "asphalt", "lit": "yes", "length_m": 10.65, "type_element": "Way", "__fid": 58015}, "geometry": {"type": "LineString", "coordinates": [[2.3425073, 48.8638835], [2.3424912, 48.8639417], [2.3425095, 48.8639763]]}}, {"type": "Feature", "properties": {"highway": "footway", "footway": "sidewalk", "name": null, "surface": "asphalt", "lit": "yes", "length_m": 18.76, "type_element": "Way", "__fid": 58016}, "geometry": {"type": "LineString", "coordinates": [[2.3427009, 48.863773299999984], [2.3425073, 48.8638835]]}}, {"type": "Feature", "properties": {"highway": "footway", "footway": "sidewalk", "name": null, "surface": "asphalt", "lit": "yes", "length_m": 33.79, "type_element": "Way", "__fid": 58021}, "geometry": {"type": "LineString", "coordinates": [[2.3425095, 48.8639763], [2.3426593, 48.8642637]]}}, {"type": "Feature", "properties": {"highway": "footway", "footway": "sidewalk", "name": null, "surface": "paving_stones", "lit": "yes", "length_m": 6.39, "type_element": "Way", "__fid": 58028}, "geometry": {"type": "LineString", "coordinates": [[2.3425554, 48.8608757], [2.3425605, 48.8609331]]}}, {"type": "Feature", "properties": {"highway": "footway", "footway": null, "name": null, "surface": "sett", "lit": "yes", "length_m": 15.02, "type_element": "Way", "__fid": 58030}, "geometry": {"type": "LineString", "coordinates": [[2.3427616, 48.8609585], [2.3425605, 48.8609331]]}}, {"type": "Feature", "properties": {"highway": "footway", "footway": "sidewalk", "name": null, "surface": "paving_stones", "lit": "yes", "length_m": 44.63, "type_element": "Way", "__fid": 58031}, "geometry": {"type": "LineString", "coordinates": [[2.3425605, 48.8609331], [2.342578, 48.86133430000001]]}}, {"type": "Feature", "properties": {"highway": "footway", "footway": "sidewalk", "name": null, "surface": "asphalt", "lit": "yes", "length_m": 13.17, "type_element": "Way", "__fid": 58052}, "geometry": {"type": "LineString", "coordinates": [[2.3425932, 48.8645963], [2.3425243, 48.86448689999999]]}}, {"type": "Feature", "properties": {"highway": "pedestrian", "footway": null, "name": "Allée Elsa Triolet", "surface": "concrete", "lit": "yes", "length_m": 25.77, "type_element": "Way", "__fid": 58053}, "geometry": {"type": "LineString", "coordinates": [[2.3428917, 48.862465], [2.3427914, 48.8624492], [2.3426239, 48.8624681], [2.3425502, 48.86248530000001]]}}, {"type": "Feature", "properties": {"highway": "footway", "footway": "sidewalk", "name": null, "surface": "paving_stones", "lit": "yes", "length_m": 11.02, "type_element": "Way", "__fid": 58074}, "geometry": {"type": "LineString", "coordinates": [[2.342578, 48.86133430000001], [2.3425814, 48.8613681], [2.3426794, 48.8613768]]}}, {"type": "Feature", "properties": {"highway": "footway", "footway": "sidewalk", "name": null, "surface": "asphalt", "lit": "yes", "length_m": 74.24, "type_element": "Way", "__fid": 58138}, "geometry": {"type": "LineString", "coordinates": [[2.3425932, 48.8645963], [2.342823, 48.86500430000001], [2.3429319, 48.8652253]]}}, {"type": "Feature", "properties": {"highway": "footway", "footway": "crossing", "name": null, "surface": "asphalt", "lit": "yes", "length_m": 16.61, "type_element": "Way", "__fid": 58139}, "geometry": {"type": "LineString", "coordinates": [[2.3428087, 48.8645504], [2.3425932, 48.8645963]]}}, {"type": "Feature", "properties": {"highway": "footway", "footway": "crossing", "name": null, "surface": "asphalt", "lit": "yes", "length_m": 4.03, "type_element": "Way", "__fid": 58158}, "geometry": {"type": "LineString", "coordinates": [[2.3426275, 48.863658], [2.3426512, 48.8636907]]}}, {"type": "Feature", "properties": {"highway": "footway", "footway": "sidewalk", "name": null, "surface": "asphalt", "lit": "yes", "length_m": 31.8, "type_element": "Way", "__fid": 58159}, "geometry": {"type": "LineString", "coordinates": [[2.343019099999957, 48.8635401], [2.3429502, 48.863552], [2.3427436, 48.86360719999998], [2.3426275, 48.863658]]}}, {"type": "Feature", "properties": {"highway": "footway", "footway": "crossing", "name": null, "surface": "asphalt", "lit": "yes", "length_m": 9.44, "type_element": "Way", "__fid": 58182}, "geometry": {"type": "LineString", "coordinates": [[2.3426794, 48.8613768], [2.342717, 48.861458]]}}, {"type": "Feature", "properties": {"highway": "footway", "footway": "sidewalk", "name": null, "surface": "paving_stones", "lit": "yes", "length_m": 37.74, "type_element": "Way", "__fid": 58183}, "geometry": {"type": "LineString", "coordinates": [[2.3426794, 48.8613768], [2.3427993, 48.8613538], [2.343181566666642, 48.86130436666668]]}}, {"type": "Feature", "properties": {"highway": "footway", "footway": "sidewalk", "name": null, "surface": "asphalt", "lit": "yes", "length_m": 9.88, "type_element": "Way", "__fid": 58185}, "geometry": {"type": "LineString", "coordinates": [[2.3427009, 48.863773299999984], [2.3426512, 48.8636907]]}}, {"type": "Feature", "properties": {"highway": "living_street", "footway": null, "name": "Rue Coquillière", "surface": "asphalt", "lit": "yes", "length_m": 7.81, "type_element": "Way", "__fid": 58186}, "geometry": {"type": "LineString", "coordinates": [[2.3426512, 48.8636907], [2.342729, 48.8636428]]}}, {"type": "Feature", "properties": {"highway": "footway", "footway": "sidewalk", "name": null, "surface": "asphalt", "lit": "yes", "length_m": 25.05, "type_element": "Way", "__fid": 58204}, "geometry": {"type": "LineString", "coordinates": [[2.3426593, 48.8642637], [2.3427703, 48.8644767]]}}, {"type": "Feature", "properties": {"highway": "footway", "footway": "sidewalk", "name": null, "surface": "paving_stones", "lit": "yes", "length_m": 30.95, "type_element": "Way", "__fid": 58229}, "geometry": {"type": "LineString", "coordinates": [[2.343118533333429, 48.861400900000156], [2.3429627, 48.861423], [2.3429362, 48.8614145], [2.3427355, 48.8614449], [2.342717, 48.861458]]}}, {"type": "Feature", "properties": {"highway": "footway", "footway": "sidewalk", "name": null, "surface": "asphalt", "lit": "yes", "length_m": 7.18, "type_element": "Way", "__fid": 58245}, "geometry": {"type": "LineString", "coordinates": [[2.3427934, 48.86375210000001], [2.3427009, 48.863773299999984]]}}, {"type": "Feature", "properties": {"highway": "living_street", "footway": null, "name": "Rue Jean-Jacques Rousseau", "surface": "asphalt", "lit": "yes", "length_m": 11.29, "type_element": "Way", "__fid": 58263}, "geometry": {"type": "LineString", "coordinates": [[2.342729, 48.8636428], [2.342842, 48.86371170000002]]}}, {"type": "Feature", "properties": {"highway": "living_street", "footway": null, "name": "Rue Coquillière", "surface": "asphalt", "lit": "yes", "length_m": 23.95, "type_element": "Way", "__fid": 58264}, "geometry": {"type": "LineString", "coordinates": [[2.342729, 48.8636428], [2.3430261, 48.8635535]]}}, {"type": "Feature", "properties": {"highway": "footway", "footway": "sidewalk", "name": null, "surface": "asphalt", "lit": "yes", "length_m": 8.67, "type_element": "Way", "__fid": 58317}, "geometry": {"type": "LineString", "coordinates": [[2.3427703, 48.8644767], [2.3428087, 48.8645504]]}}, {"type": "Feature", "properties": {"highway": "footway", "footway": null, "name": null, "surface": "paving_stones", "lit": "yes", "length_m": 68.61, "type_element": "Way", "__fid": 58318}, "geometry": {"type": "LineString", "coordinates": [[2.3427703, 48.8644767], [2.3432445, 48.86436909999998], [2.3432942, 48.86437810000001], [2.3433219, 48.8644107], [2.3434184, 48.86461580000001]]}}, {"type": "Feature", "properties": {"highway": "pedestrian", "footway": null, "name": "Rue de la Monnaie", "surface": "sett", "lit": "yes", "length_m": 72.72, "type_element": "Way", "__fid": 58319}, "geometry": {"type": "LineString", "coordinates": [[2.3428409, 48.8590798], [2.3431995, 48.8596895]]}}, {"type": "Feature", "properties": {"highway": "footway", "footway": "sidewalk", "name": null, "surface": "asphalt", "lit": "yes", "length_m": 124.11, "type_element": "Way", "__fid": 58329}, "geometry": {"type": "LineString", "coordinates": [[2.3441324, 48.8644343], [2.3427934, 48.86375210000001]]}}, {"type": "Feature", "properties": {"highway": "footway", "footway": "sidewalk", "name": null, "surface": "asphalt", "lit": "yes", "length_m": 5.74, "type_element": "Way", "__fid": 58330}, "geometry": {"type": "LineString", "coordinates": [[2.3427934, 48.86375210000001], [2.342842, 48.86371170000002]]}}, {"type": "Feature", "properties": {"highway": "footway", "footway": "sidewalk", "name": null, "surface": "asphalt", "lit": "yes", "length_m": 5.72, "type_element": "Way", "__fid": 58353}, "geometry": {"type": "LineString", "coordinates": [[2.3428319, 48.8620837], [2.3428685, 48.8620764], [2.3428567, 48.86205140000001]]}}, {"type": "Feature", "properties": {"highway": "footway", "footway": "sidewalk", "name": null, "surface": "asphalt", "lit": "yes", "length_m": 20.66, "type_element": "Way", "__fid": 58363}, "geometry": {"type": "LineString", "coordinates": [[2.3428087, 48.8645504], [2.3429002, 48.8647261]]}}, {"type": "Feature", "properties": {"highway": "footway", "footway": "sidewalk", "name": null, "surface": "asphalt", "lit": "yes", "length_m": 38.89, "type_element": "Way", "__fid": 58384}, "geometry": {"type": "LineString", "coordinates": [[2.3428567, 48.86205140000001], [2.3433572, 48.86193629999999]]}}, {"type": "Feature", "properties": {"highway": "living_street", "footway": null, "name": "Rue Jean-Jacques Rousseau", "surface": "asphalt", "lit": "yes", "length_m": 151.72, "type_element": "Way", "__fid": 58392}, "geometry": {"type": "LineString", "coordinates": [[2.342842, 48.86371170000002], [2.3444754, 48.8645485]]}}, {"type": "Feature", "properties": {"highway": "footway", "footway": "sidewalk", "name": null, "surface": "paving_stones", "lit": "yes", "length_m": 4.45, "type_element": "Way", "__fid": 58393}, "geometry": {"type": "LineString", "coordinates": [[2.3428801, 48.8636806], [2.342842, 48.86371170000002]]}}, {"type": "Feature", "properties": {"highway": "pedestrian", "footway": null, "name": "Allée Elsa Triolet", "surface": "concrete", "lit": "yes", "length_m": 18.51, "type_element": "Way", "__fid": 58421}, "geometry": {"type": "LineString", "coordinates": [[2.3431353, 48.8625082], [2.3428917, 48.862465]]}}, {"type": "Feature", "properties": {"highway": "footway", "footway": null, "name": null, "surface": "paving_stones", "lit": "yes", "length_m": 24.24, "type_element": "Way", "__fid": 58422}, "geometry": {"type": "LineString", "coordinates": [[2.3428917, 48.862465], [2.3430906, 48.8623695], [2.3431172, 48.8623658], [2.3431639, 48.862344]]}}, {"type": "Feature", "properties": {"highway": "footway", "footway": "sidewalk", "name": null, "surface": "paving_stones", "lit": "yes", "length_m": 196.86, "type_element": "Way", "__fid": 58426}, "geometry": {"type": "LineString", "coordinates": [[2.3428801, 48.8636806], [2.3449521, 48.8647256], [2.3450267, 48.8647324]]}}, {"type": "Feature", "properties": {"highway": "footway", "footway": "sidewalk", "name": null, "surface": "paving_stones", "lit": "yes", "length_m": 17.36, "type_element": "Way", "__fid": 58427}, "geometry": {"type": "LineString", "coordinates": [[2.3428801, 48.8636806], [2.3428867, 48.863643], [2.3430504, 48.863594700000014]]}}, {"type": "Feature", "properties": {"highway": "footway", "footway": "sidewalk", "name": null, "surface": "asphalt", "lit": "yes", "length_m": 30.61, "type_element": "Way", "__fid": 58468}, "geometry": {"type": "LineString", "coordinates": [[2.3429002, 48.8647261], [2.3430359, 48.8649864]]}}, {"type": "Feature", "properties": {"highway": "steps", "footway": null, "name": null, "surface": "paving_stones", "lit": "yes", "length_m": 5.01, "type_element": "Way", "__fid": 58469}, "geometry": {"type": "LineString", "coordinates": [[2.3429641, 48.8647102], [2.3429002, 48.8647261]]}}, {"type": "Feature", "properties": {"highway": "pedestrian", "footway": null, "name": "Rue Clémence Royer", "surface": "concrete", "lit": "yes", "length_m": 22.33, "type_element": "Way", "__fid": 58476}, "geometry": {"type": "LineString", "coordinates": [[2.342927, 48.8632079], [2.3430205, 48.8633749], [2.3430067, 48.86339580000002]]}}, {"type": "Feature", "properties": {"highway": "pedestrian", "footway": null, "name": "Rue de Viarmes", "surface": "concrete", "lit": "yes", "length_m": 31.64, "type_element": "Way", "__fid": 58477}, "geometry": {"type": "LineString", "coordinates": [[2.342927, 48.8632079], [2.34309, 48.8631338], [2.3432611, 48.8630292]]}}, {"type": "Feature", "properties": {"highway": "pedestrian", "footway": null, "name": "Rue Clémence Royer", "surface": "concrete", "lit": "yes", "length_m": 11.34, "type_element": "Way", "__fid": 58534}, "geometry": {"type": "LineString", "coordinates": [[2.3429769, 48.863442], [2.343019099999957, 48.8635401]]}}, {"type": "Feature", "properties": {"highway": "pedestrian", "footway": null, "name": "Rue Clémence Royer", "surface": "concrete", "lit": "yes", "length_m": 5.58, "type_element": "Way", "__fid": 58535}, "geometry": {"type": "LineString", "coordinates": [[2.3430067, 48.86339580000002], [2.3429769, 48.863442]]}}, {"type": "Feature", "properties": {"highway": "footway", "footway": null, "name": null, "surface": "paving_stones", "lit": "yes", "length_m": 30.76, "type_element": "Way", "__fid": 58536}, "geometry": {"type": "LineString", "coordinates": [[2.3431012, 48.86497160000001], [2.3429641, 48.8647102]]}}, {"type": "Feature", "properties": {"highway": "footway", "footway": null, "name": null, "surface": "paving_stones", "lit": "yes", "length_m": 34.94, "type_element": "Way", "__fid": 58537}, "geometry": {"type": "LineString", "coordinates": [[2.3434184, 48.86461580000001], [2.3429641, 48.8647102]]}}, {"type": "Feature", "properties": {"highway": "footway", "footway": null, "name": "Allée Saint-John Perse", "surface": "concrete", "lit": "yes", "length_m": 51.42, "type_element": "Way", "__fid": 58560}, "geometry": {"type": "LineString", "coordinates": [[2.3430067, 48.86339580000002], [2.3436695, 48.8632454]]}}, {"type": "Feature", "properties": {"highway": "footway", "footway": "crossing", "name": null, "surface": "asphalt", "lit": "yes", "length_m": 1.58, "type_element": "Way", "__fid": 58571}, "geometry": {"type": "LineString", "coordinates": [[2.343019099999957, 48.8635401], [2.3430261, 48.8635535]]}}, {"type": "Feature", "properties": {"highway": "footway", "footway": "sidewalk", "name": null, "surface": "paving_stones", "lit": "yes", "length_m": 4.92, "type_element": "Way", "__fid": 58582}, "geometry": {"type": "LineString", "coordinates": [[2.3430261, 48.8635535], [2.3430504, 48.863594700000014]]}}, {"type": "Feature", "properties": {"highway": "living_street", "footway": null, "name": "Rue Coquillière", "surface": "asphalt", "lit": "yes", "length_m": 55.63, "type_element": "Way", "__fid": 58583}, "geometry": {"type": "LineString", "coordinates": [[2.3430261, 48.8635535], [2.3433062, 48.863473200000016], [2.3437334, 48.863374100000016]]}}, {"type": "Feature", "properties": {"highway": "pedestrian", "footway": null, "name": "Rue du Pont Neuf", "surface": "asphalt", "lit": "yes", "length_m": 50.35, "type_element": "Way", "__fid": 58593}, "geometry": {"type": "LineString", "coordinates": [[2.3430885, 48.8589814], [2.343478, 48.8593542]]}}, {"type": "Feature", "properties": {"highway": "footway", "footway": "sidewalk", "name": null, "surface": "sett", "lit": "yes", "length_m": 76.07, "type_element": "Way", "__fid": 58613}, "geometry": {"type": "LineString", "coordinates": [[2.3430504, 48.863594700000014], [2.3433695, 48.8635045], [2.3439475, 48.8633743], [2.3440038, 48.8633809], [2.3440209, 48.8633898]]}}, {"type": "Feature", "properties": {"highway": "footway", "footway": "sidewalk", "name": null, "surface": "asphalt", "lit": "yes", "length_m": 22.42, "type_element": "Way", "__fid": 58616}, "geometry": {"type": "LineString", "coordinates": [[2.3430359, 48.8649864], [2.3431361, 48.8651769]]}}, {"type": "Feature", "properties": {"highway": "steps", "footway": null, "name": null, "surface": "paving_stones", "lit": "yes", "length_m": 5.07, "type_element": "Way", "__fid": 58617}, "geometry": {"type": "LineString", "coordinates": [[2.3431012, 48.86497160000001], [2.3430359, 48.8649864]]}}, {"type": "Feature", "properties": {"highway": "footway", "footway": "sidewalk", "name": null, "surface": "asphalt", "lit": "yes", "length_m": 62.56, "type_element": "Way", "__fid": 58642}, "geometry": {"type": "LineString", "coordinates": [[2.343118533333429, 48.861400900000156], [2.3431212, 48.8614231], [2.3431677, 48.8615089], [2.3432149, 48.861546699999984], [2.343398066666704, 48.861928233333366]]}}, {"type": "Feature", "properties": {"highway": "footway", "footway": "crossing", "name": null, "surface": "asphalt", "lit": "yes", "length_m": 6.15, "type_element": "Way", "__fid": 58643}, "geometry": {"type": "LineString", "coordinates": [[2.343190499999822, 48.86137262000006], [2.343118533333429, 48.861400900000156]]}}, {"type": "Feature", "properties": {"highway": "footway", "footway": null, "name": null, "surface": "concrete", "lit": "yes", "length_m": 3.81, "type_element": "Way", "__fid": 58646}, "geometry": {"type": "LineString", "coordinates": [[2.3431062, 48.86247980000002], [2.3431353, 48.8625082]]}}, {"type": "Feature", "properties": {"highway": "steps", "footway": null, "name": null, "surface": "metal", "lit": "yes", "length_m": 22.55, "type_element": "Way", "__fid": 58647}, "geometry": {"type": "LineString", "coordinates": [[2.3431062, 48.86247980000002], [2.3430943, 48.8624742], [2.3433173, 48.862349]]}}, {"type": "Feature", "properties": {"highway": "steps", "footway": null, "name": null, "surface": "metal", "lit": "yes", "length_m": 25.22, "type_element": "Way", "__fid": 58648}, "geometry": {"type": "LineString", "coordinates": [[2.343407, 48.8623701], [2.3431062, 48.86247980000002]]}}, {"type": "Feature", "properties": {"highway": "footway", "footway": null, "name": null, "surface": "concrete", "lit": "yes", "length_m": 39.64, "type_element": "Way", "__fid": 58649}, "geometry": {"type": "LineString", "coordinates": [[2.3430998, 48.8632236], [2.3431532, 48.86322039999999], [2.3433302, 48.8631598], [2.343433, 48.8631529], [2.3435988, 48.863100400000015]]}}, {"type": "Feature", "properties": {"highway": "footway", "footway": null, "name": null, "surface": "paving_stones", "lit": "yes", "length_m": 67.72, "type_element": "Way", "__fid": 58662}, "geometry": {"type": "LineString", "coordinates": [[2.3434184, 48.86461580000001], [2.3435875, 48.8648615], [2.3431012, 48.86497160000001]]}}, {"type": "Feature", "properties": {"highway": "pedestrian", "footway": null, "name": "Allée Elsa Triolet", "surface": "concrete", "lit": "yes", "length_m": 26.63, "type_element": "Way", "__fid": 58665}, "geometry": {"type": "LineString", "coordinates": [[2.3433509, 48.8626941], [2.3433253, 48.8626382], [2.3432668, 48.86258930000001], [2.3431353, 48.8625082]]}}, {"type": "Feature", "properties": {"highway": "footway", "footway": "sidewalk", "name": null, "surface": "paving_stones", "lit": "yes", "length_m": 65.3, "type_element": "Way", "__fid": 58678}, "geometry": {"type": "LineString", "coordinates": [[2.3436827, 48.8594387], [2.3436422, 48.8594109], [2.3431922, 48.8589495]]}}, {"type": "Feature", "properties": {"highway": "pedestrian", "footway": null, "name": "Rue de la Monnaie", "surface": "sett", "lit": "yes", "length_m": 35.89, "type_element": "Way", "__fid": 58692}, "geometry": {"type": "LineString", "coordinates": [[2.3431995, 48.8596895], [2.3433718, 48.8599916]]}}, {"type": "Feature", "properties": {"highway": "footway", "footway": "crossing", "name": null, "surface": "asphalt", "lit": "yes", "length_m": 7.06, "type_element": "Way", "__fid": 58693}, "geometry": {"type": "LineString", "coordinates": [[2.3432101, 48.861365], [2.343181566666642, 48.86130436666668]]}}, {"type": "Feature", "properties": {"highway": "footway", "footway": "sidewalk", "name": null, "surface": "paving_stones", "lit": "yes", "length_m": 14.25, "type_element": "Way", "__fid": 58694}, "geometry": {"type": "LineString", "coordinates": [[2.3433699, 48.86127290000001], [2.343181566666642, 48.86130436666668]]}}, {"type": "Feature", "properties": {"highway": "footway", "footway": "sidewalk", "name": null, "surface": "paving_stones", "lit": "yes", "length_m": 63.39, "type_element": "Way", "__fid": 58702}, "geometry": {"type": "LineString", "coordinates": [[2.343190499999822, 48.86137262000006], [2.343415, 48.8618291], [2.343465200000125, 48.86191296666679]]}}, {"type": "Feature", "properties": {"highway": "footway", "footway": "sidewalk", "name": null, "surface": "paving_stones", "lit": "yes", "length_m": 1.67, "type_element": "Way", "__fid": 58703}, "geometry": {"type": "LineString", "coordinates": [[2.343190499999822, 48.86137262000006], [2.3432101, 48.861365]]}}, {"type": "Feature", "properties": {"highway": "footway", "footway": "sidewalk", "name": null, "surface": "paving_stones", "lit": "yes", "length_m": 56.37, "type_element": "Way", "__fid": 58708}, "geometry": {"type": "LineString", "coordinates": [[2.3432101, 48.861365], [2.3439495, 48.86122730000001]]}}, {"type": "Feature", "properties": {"highway": "footway", "footway": "sidewalk", "name": null, "surface": "asphalt", "lit": "yes", "length_m": 62.81, "type_element": "Way", "__fid": 58719}, "geometry": {"type": "LineString", "coordinates": [[2.3439834, 48.8650017], [2.3431774, 48.8651921]]}}, {"type": "Feature", "properties": {"highway": "footway", "footway": "crossing", "name": null, "surface": "asphalt", "lit": "yes", "length_m": 17.92, "type_element": "Way", "__fid": 58730}, "geometry": {"type": "LineString", "coordinates": [[2.3433698, 48.8601759], [2.3432606, 48.8600317]]}}, {"type": "Feature", "properties": {"highway": "footway", "footway": "sidewalk", "name": null, "surface": "paving_stones", "lit": "yes", "length_m": 5.5, "type_element": "Way", "__fid": 58731}, "geometry": {"type": "LineString", "coordinates": [[2.3432606, 48.8600317], [2.3432932, 48.859987199999985]]}}, {"type": "Feature", "properties": {"highway": "footway", "footway": "sidewalk", "name": null, "surface": "paving_stones", "lit": "yes", "length_m": 3.51, "type_element": "Way", "__fid": 58732}, "geometry": {"type": "LineString", "coordinates": [[2.3433018, 48.86001570000001], [2.3432606, 48.8600317]]}}, {"type": "Feature", "properties": {"highway": "service", "footway": null, "name": "Accès Parking Rivoli - Pont Neuf", "surface": "asphalt", "lit": "yes", "length_m": 34.58, "type_element": "Way", "__fid": 58733}, "geometry": {"type": "LineString", "coordinates": [[2.3432745, 48.8590825], [2.3434678, 48.8592716], [2.343478, 48.8593542]]}}, {"type": "Feature", "properties": {"highway": "footway", "footway": null, "name": "Village Saint-Honoré", "surface": "asphalt", "lit": "yes", "length_m": 36.4, "type_element": "Way", "__fid": 58752}, "geometry": {"type": "LineString", "coordinates": [[2.3433699, 48.86127290000001], [2.3432767, 48.8609514]]}}, {"type": "Feature", "properties": {"highway": "footway", "footway": "sidewalk", "name": null, "surface": "paving_stones", "lit": "yes", "length_m": 2.24, "type_element": "Way", "__fid": 58753}, "geometry": {"type": "LineString", "coordinates": [[2.3432932, 48.859987199999985], [2.3432895, 48.8599672]]}}, {"type": "Feature", "properties": {"highway": "footway", "footway": "sidewalk", "name": null, "surface": "paving_stones", "lit": "yes", "length_m": 3.23, "type_element": "Way", "__fid": 58754}, "geometry": {"type": "LineString", "coordinates": [[2.3432932, 48.859987199999985], [2.3433018, 48.86001570000001]]}}, {"type": "Feature", "properties": {"highway": "pedestrian", "footway": null, "name": "Rue de Viarmes", "surface": "concrete", "lit": "yes", "length_m": 39.25, "type_element": "Way", "__fid": 58760}, "geometry": {"type": "LineString", "coordinates": [[2.3432611, 48.8630292], [2.3433474, 48.8629262], [2.3433785, 48.8628104], [2.3433509, 48.8626941]]}}, {"type": "Feature", "properties": {"highway": "footway", "footway": null, "name": null, "surface": "concrete", "lit": "yes", "length_m": 20.34, "type_element": "Way", "__fid": 58761}, "geometry": {"type": "LineString", "coordinates": [[2.3435134, 48.8629534], [2.3432611, 48.8630292]]}}, {"type": "Feature", "properties": {"highway": "footway", "footway": "crossing", "name": null, "surface": "sett", "lit": "yes", "length_m": 5.79, "type_element": "Way", "__fid": 58766}, "geometry": {"type": "LineString", "coordinates": [[2.3433018, 48.86001570000001], [2.3433718, 48.8599916]]}}, {"type": "Feature", "properties": {"highway": "pedestrian", "footway": null, "name": "Rue de la Monnaie", "surface": "sett", "lit": "yes", "length_m": 13.19, "type_element": "Way", "__fid": 58823}, "geometry": {"type": "LineString", "coordinates": [[2.3433718, 48.8599916], [2.3434274, 48.8601044]]}}, {"type": "Feature", "properties": {"highway": "footway", "footway": "sidewalk", "name": null, "surface": "paving_stones", "lit": "yes", "length_m": 9.74, "type_element": "Way", "__fid": 58824}, "geometry": {"type": "LineString", "coordinates": [[2.3433718, 48.8599916], [2.3434459, 48.859965500000015], [2.3434942, 48.859961]]}}, {"type": "Feature", "properties": {"highway": "footway", "footway": "sidewalk", "name": null, "surface": "paving_stones", "lit": "yes", "length_m": 117.3, "type_element": "Way", "__fid": 58825}, "geometry": {"type": "LineString", "coordinates": [[2.3433698, 48.8601759], [2.3434372, 48.8602792], [2.3434749, 48.8602935], [2.3439271, 48.8611572]]}}, {"type": "Feature", "properties": {"highway": "footway", "footway": "crossing", "name": null, "surface": "asphalt", "lit": "yes", "length_m": 9.83, "type_element": "Way", "__fid": 58826}, "geometry": {"type": "LineString", "coordinates": [[2.3433698, 48.8601759], [2.3434945, 48.8601435]]}}, {"type": "Feature", "properties": {"highway": "footway", "footway": "crossing", "name": null, "surface": "asphalt", "lit": "yes", "length_m": 12.9, "type_element": "Way", "__fid": 58835}, "geometry": {"type": "LineString", "coordinates": [[2.3434064, 48.86204770000001], [2.3433572, 48.86193629999999]]}}, {"type": "Feature", "properties": {"highway": "footway", "footway": "sidewalk", "name": null, "surface": "asphalt", "lit": "yes", "length_m": 3.13, "type_element": "Way", "__fid": 58836}, "geometry": {"type": "LineString", "coordinates": [[2.3433572, 48.86193629999999], [2.343398066666704, 48.861928233333366]]}}, {"type": "Feature", "properties": {"highway": "pedestrian", "footway": null, "name": "Allée Elsa Triolet", "surface": "concrete", "lit": "yes", "length_m": 31.2, "type_element": "Way", "__fid": 58838}, "geometry": {"type": "LineString", "coordinates": [[2.3435134, 48.8629534], [2.3433509, 48.8626941]]}}, {"type": "Feature", "properties": {"highway": "footway", "footway": null, "name": "Allée Baltard", "surface": "concrete", "lit": "yes", "length_m": 40.08, "type_element": "Way", "__fid": 58839}, "geometry": {"type": "LineString", "coordinates": [[2.3433509, 48.8626941], [2.343862, 48.8625667]]}}, {"type": "Feature", "properties": {"highway": "footway", "footway": "sidewalk", "name": null, "surface": "paving_stones", "lit": "yes", "length_m": 41.14, "type_element": "Way", "__fid": 58840}, "geometry": {"type": "LineString", "coordinates": [[2.3433699, 48.86127290000001], [2.3435206, 48.8612487], [2.3439072, 48.8611678]]}}, {"type": "Feature", "properties": {"highway": "footway", "footway": "crossing", "name": null, "surface": "asphalt", "lit": "yes", "length_m": 5.21, "type_element": "Way", "__fid": 58879}, "geometry": {"type": "LineString", "coordinates": [[2.343398066666704, 48.861928233333366], [2.343465200000125, 48.86191296666679]]}}, {"type": "Feature", "properties": {"highway": "footway", "footway": "sidewalk", "name": null, "surface": "asphalt", "lit": "yes", "length_m": 7.62, "type_element": "Way", "__fid": 58887}, "geometry": {"type": "LineString", "coordinates": [[2.3434064, 48.86204770000001], [2.3435044, 48.862025]]}}, {"type": "Feature", "properties": {"highway": "pedestrian", "footway": null, "name": "Rue du Pont Neuf", "surface": "asphalt", "lit": "yes", "length_m": 16.67, "type_element": "Way", "__fid": 58930}, "geometry": {"type": "LineString", "coordinates": [[2.343478, 48.8593542], [2.3436059, 48.85947810000001]]}}, {"type": "Feature", "properties": {"highway": "footway", "footway": null, "name": null, "surface": "paving_stones", "lit": "yes", "length_m": 56.26, "type_element": "Way", "__fid": 58934}, "geometry": {"type": "LineString", "coordinates": [[2.3441324, 48.8644343], [2.3437451, 48.8645189], [2.3434774, 48.8646046], [2.3434184, 48.86461580000001]]}}, {"type": "Feature", "properties": {"highway": "footway", "footway": "sidewalk", "name": null, "surface": "paving_stones", "lit": "yes", "length_m": 3.61, "type_element": "Way", "__fid": 58950}, "geometry": {"type": "LineString", "coordinates": [[2.343465200000125, 48.86191296666679], [2.3435119, 48.8619028]]}}, {"type": "Feature", "properties": {"highway": "footway", "footway": "crossing", "name": null, "surface": "asphalt", "lit": "yes", "length_m": 16.56, "type_element": "Way", "__fid": 58953}, "geometry": {"type": "LineString", "coordinates": [[2.3435405, 48.86010680000001], [2.3434942, 48.859961]]}}, {"type": "Feature", "properties": {"highway": "footway", "footway": "sidewalk", "name": null, "surface": "paving_stones", "lit": "yes", "length_m": 35.01, "type_element": "Way", "__fid": 58954}, "geometry": {"type": "LineString", "coordinates": [[2.3434942, 48.859961], [2.3437646, 48.8598681], [2.3439095, 48.8598065]]}}, {"type": "Feature", "properties": {"highway": "footway", "footway": "sidewalk", "name": null, "surface": "paving_stones", "lit": "yes", "length_m": 117.27, "type_element": "Way", "__fid": 58955}, "geometry": {"type": "LineString", "coordinates": [[2.3434945, 48.8601435], [2.3435738, 48.8602585], [2.3436193, 48.860377], [2.344015966666698, 48.86113933333336]]}}, {"type": "Feature", "properties": {"highway": "footway", "footway": "sidewalk", "name": null, "surface": "paving_stones", "lit": "yes", "length_m": 5.3, "type_element": "Way", "__fid": 58956}, "geometry": {"type": "LineString", "coordinates": [[2.3435405, 48.86010680000001], [2.3434945, 48.8601435]]}}, {"type": "Feature", "properties": {"highway": "footway", "footway": null, "name": null, "surface": "compacted", "lit": "yes", "length_m": 16.09, "type_element": "Way", "__fid": 58986}, "geometry": {"type": "LineString", "coordinates": [[2.343564, 48.86216430000001], [2.3435044, 48.862025]]}}, {"type": "Feature", "properties": {"highway": "footway", "footway": "sidewalk", "name": null, "surface": "asphalt", "lit": "yes", "length_m": 4.47, "type_element": "Way", "__fid": 58987}, "geometry": {"type": "LineString", "coordinates": [[2.3435044, 48.862025], [2.3435619, 48.86201169999999]]}}, {"type": "Feature", "properties": {"highway": "footway", "footway": "crossing", "name": null, "surface": "asphalt", "lit": "yes", "length_m": 12.65, "type_element": "Way", "__fid": 58993}, "geometry": {"type": "LineString", "coordinates": [[2.3435619, 48.86201169999999], [2.3435119, 48.8619028]]}}, {"type": "Feature", "properties": {"highway": "footway", "footway": "sidewalk", "name": null, "surface": "asphalt", "lit": "yes", "length_m": 52.25, "type_element": "Way", "__fid": 58994}, "geometry": {"type": "LineString", "coordinates": [[2.3435119, 48.8619028], [2.344189, 48.8617572]]}}, {"type": "Feature", "properties": {"highway": "footway", "footway": "sidewalk", "name": null, "surface": "paving_stones", "lit": "yes", "length_m": 27.02, "type_element": "Way", "__fid": 59002}, "geometry": {"type": "LineString", "coordinates": [[2.343877, 48.8600081], [2.3435405, 48.86010680000001]]}}, {"type": "Feature", "properties": {"highway": "pedestrian", "footway": null, "name": "Allée Elsa Triolet", "surface": "concrete", "lit": "yes", "length_m": 17.51, "type_element": "Way", "__fid": 59015}, "geometry": {"type": "LineString", "coordinates": [[2.3435988, 48.863100400000015], [2.3435134, 48.8629534]]}}, {"type": "Feature", "properties": {"highway": "footway", "footway": "crossing", "name": null, "surface": null, "lit": "yes", "length_m": 3.03, "type_element": "Way", "__fid": 59042}, "geometry": {"type": "LineString", "coordinates": [[2.3436059, 48.85947810000001], [2.3435708, 48.8594925]]}}, {"type": "Feature", "properties": {"highway": "footway", "footway": "sidewalk", "name": null, "surface": "asphalt", "lit": "yes", "length_m": 51.9, "type_element": "Way", "__fid": 59066}, "geometry": {"type": "LineString", "coordinates": [[2.3435619, 48.86201169999999], [2.3442293, 48.861856900000014]]}}, {"type": "Feature", "properties": {"highway": "footway", "footway": null, "name": "Allée Blaise-Cendrars", "surface": "concrete:plates", "lit": "yes", "length_m": 66.07, "type_element": "Way", "__fid": 59070}, "geometry": {"type": "LineString", "coordinates": [[2.343564, 48.86216430000001], [2.3444155, 48.8619709]]}}, {"type": "Feature", "properties": {"highway": "footway", "footway": "sidewalk", "name": null, "surface": "asphalt", "lit": "yes", "length_m": 104.83, "type_element": "Way", "__fid": 59076}, "geometry": {"type": "LineString", "coordinates": [[2.3436123, 48.85867420000002], [2.3440093, 48.8591526], [2.3442933, 48.8592691], [2.3444793, 48.85939620000001]]}}, {"type": "Feature", "properties": {"highway": "pedestrian", "footway": null, "name": "Rue du Pont Neuf", "surface": "asphalt", "lit": "yes", "length_m": 5.54, "type_element": "Way", "__fid": 59083}, "geometry": {"type": "LineString", "coordinates": [[2.3436059, 48.85947810000001], [2.3436545, 48.8595162]]}}, {"type": "Feature", "properties": {"highway": "footway", "footway": "sidewalk", "name": null, "surface": null, "lit": "yes", "length_m": 7.14, "type_element": "Way", "__fid": 59084}, "geometry": {"type": "LineString", "coordinates": [[2.3436827, 48.8594387], [2.3436059, 48.85947810000001]]}}, {"type": "Feature", "properties": {"highway": "pedestrian", "footway": null, "name": "Allée Elsa Triolet", "surface": "concrete", "lit": "yes", "length_m": 16.99, "type_element": "Way", "__fid": 59108}, "geometry": {"type": "LineString", "coordinates": [[2.3436695, 48.8632454], [2.3436556, 48.8631983], [2.3435988, 48.863100400000015]]}}, {"type": "Feature", "properties": {"highway": "pedestrian", "footway": null, "name": "Rue du Pont Neuf", "surface": "asphalt", "lit": "yes", "length_m": 37.31, "type_element": "Way", "__fid": 59117}, "geometry": {"type": "LineString", "coordinates": [[2.3436545, 48.8595162], [2.3439095, 48.8598065]]}}, {"type": "Feature", "properties": {"highway": "pedestrian", "footway": null, "name": "Rue Boucher", "surface": "asphalt", "lit": "yes", "length_m": 6.09, "type_element": "Way", "__fid": 59118}, "geometry": {"type": "LineString", "coordinates": [[2.3436545, 48.8595162], [2.343735, 48.859503]]}}, {"type": "Feature", "properties": {"highway": "pedestrian", "footway": null, "name": "Rue des Bourdonnais", "surface": "asphalt", "lit": "yes", "length_m": 87.81, "type_element": "Way", "__fid": 59128}, "geometry": {"type": "LineString", "coordinates": [[2.3436705, 48.858656300000014], [2.3440545, 48.8591226], [2.3443865, 48.8592608]]}}, {"type": "Feature", "properties": {"highway": "footway", "footway": "sidewalk", "name": null, "surface": null, "lit": "yes", "length_m": 2.03, "type_element": "Way", "__fid": 59150}, "geometry": {"type": "LineString", "coordinates": [[2.343708, 48.8594461], [2.3436827, 48.8594387]]}}, {"type": "Feature", "properties": {"highway": "footway", "footway": "sidewalk", "name": null, "surface": null, "lit": "yes", "length_m": 57.22, "type_element": "Way", "__fid": 59170}, "geometry": {"type": "LineString", "coordinates": [[2.3444773, 48.8594332], [2.3444555, 48.85944580000001], [2.3443895, 48.85945859999999], [2.3441729, 48.859448], [2.343708, 48.8594461]]}}, {"type": "Feature", "properties": {"highway": "footway", "footway": "sidewalk", "name": null, "surface": null, "lit": "yes", "length_m": 7.27, "type_element": "Way", "__fid": 59171}, "geometry": {"type": "LineString", "coordinates": [[2.343708, 48.8594461], [2.3437038, 48.859482], [2.343735, 48.859503]]}}, {"type": "Feature", "properties": {"highway": "steps", "footway": null, "name": null, "surface": "metal", "lit": null, "length_m": 17.1, "type_element": "Way", "__fid": 59180}, "geometry": {"type": "LineString", "coordinates": [[2.3438818, 48.8631753], [2.3438548, 48.8631793], [2.343669, 48.8631216]]}}, {"type": "Feature", "properties": {"highway": "steps", "footway": null, "name": "Allée Elsa Triolet", "surface": "paving_stones", "lit": "yes", "length_m": 12.61, "type_element": "Way", "__fid": 59182}, "geometry": {"type": "LineString", "coordinates": [[2.3437215, 48.8633535], [2.3436695, 48.8632454]]}}, {"type": "Feature", "properties": {"highway": "footway", "footway": null, "name": "Allée Saint-John Perse", "surface": "concrete", "lit": "yes", "length_m": 18.84, "type_element": "Way", "__fid": 59183}, "geometry": {"type": "LineString", "coordinates": [[2.3436695, 48.8632454], [2.3437871, 48.8632187], [2.3438562, 48.8632135], [2.343908, 48.8631899]]}}, {"type": "Feature", "properties": {"highway": "steps", "footway": null, "name": null, "surface": "metal", "lit": null, "length_m": 16.65, "type_element": "Way", "__fid": 59186}, "geometry": {"type": "LineString", "coordinates": [[2.3436772, 48.8631105], [2.3438818, 48.8631753]]}}, {"type": "Feature", "properties": {"highway": "footway", "footway": "sidewalk", "name": null, "surface": "asphalt", "lit": "yes", "length_m": 86.01, "type_element": "Way", "__fid": 59187}, "geometry": {"type": "LineString", "coordinates": [[2.3437347, 48.858642], [2.3440666, 48.8590739], [2.3441162, 48.8591165], [2.3443845, 48.8592208], [2.3444068, 48.859247]]}}, {"type": "Feature", "properties": {"highway": "footway", "footway": "sidewalk", "name": null, "surface": "paving_stones", "lit": "yes", "length_m": 37.18, "type_element": "Way", "__fid": 59198}, "geometry": {"type": "LineString", "coordinates": [[2.343735, 48.859503], [2.3437793, 48.8595328], [2.3439489, 48.8597306], [2.3440328, 48.8597653]]}}, {"type": "Feature", "properties": {"highway": "pedestrian", "footway": null, "name": "Rue Boucher", "surface": "asphalt", "lit": "yes", "length_m": 6.11, "type_element": "Way", "__fid": 59199}, "geometry": {"type": "LineString", "coordinates": [[2.343735, 48.859503], [2.3438178, 48.8594974]]}}, {"type": "Feature", "properties": {"highway": "steps", "footway": null, "name": null, "surface": "concrete", "lit": null, "length_m": 17.88, "type_element": "Way", "__fid": 59205}, "geometry": {"type": "LineString", "coordinates": [[2.3436923, 48.86309050000001], [2.343875, 48.8631488], [2.3438818, 48.8631753]]}}, {"type": "Feature", "properties": {"highway": "footway", "footway": null, "name": "Allée Elsa Triolet", "surface": "paving_stones", "lit": "yes", "length_m": 2.45, "type_element": "Way", "__fid": 59235}, "geometry": {"type": "LineString", "coordinates": [[2.3437334, 48.863374100000016], [2.3437215, 48.8633535]]}}, {"type": "Feature", "properties": {"highway": "footway", "footway": "sidewalk", "name": null, "surface": "paving_stones", "lit": "yes", "length_m": 17.94, "type_element": "Way", "__fid": 59236}, "geometry": {"type": "LineString", "coordinates": [[2.3437215, 48.8633535], [2.3439211, 48.8633118], [2.3439563, 48.8633121]]}}, {"type": "Feature", "properties": {"highway": "living_street", "footway": null, "name": "Rue Coquillière", "surface": "asphalt", "lit": "yes", "length_m": 27.26, "type_element": "Way", "__fid": 59254}, "geometry": {"type": "LineString", "coordinates": [[2.3437334, 48.863374100000016], [2.3439151, 48.86333359999998], [2.34396, 48.8633317], [2.3440065, 48.8633394], [2.3440777, 48.8633722]]}}, {"type": "Feature", "properties": {"highway": "footway", "footway": "crossing", "name": null, "surface": "asphalt", "lit": "yes", "length_m": 14.7, "type_element": "Way", "__fid": 59257}, "geometry": {"type": "LineString", "coordinates": [[2.343877, 48.8600081], [2.3437804, 48.8598923]]}}, {"type": "Feature", "properties": {"highway": "service", "footway": "access_aisle", "name": "Accès Parking Rivoli - Pont Neuf", "surface": "asphalt", "lit": "yes", "length_m": 27.42, "type_element": "Way", "__fid": 59288}, "geometry": {"type": "LineString", "coordinates": [[2.3438178, 48.8594974], [2.3439015, 48.85946649999999], [2.3441793, 48.8594678]]}}, {"type": "Feature", "properties": {"highway": "pedestrian", "footway": null, "name": "Rue Boucher", "surface": "sett", "lit": "yes", "length_m": 55.92, "type_element": "Way", "__fid": 59289}, "geometry": {"type": "LineString", "coordinates": [[2.3438178, 48.8594974], [2.3445799, 48.8594969]]}}, {"type": "Feature", "properties": {"highway": "footway", "footway": "sidewalk", "name": null, "surface": "paving_stones", "lit": "yes", "length_m": 5.61, "type_element": "Way", "__fid": 59360}, "geometry": {"type": "LineString", "coordinates": [[2.3439535, 48.860007], [2.343877, 48.8600081]]}}, {"type": "Feature", "properties": {"highway": "footway", "footway": null, "name": null, "surface": "concrete", "lit": "yes", "length_m": 20.48, "type_element": "Way", "__fid": 59379}, "geometry": {"type": "LineString", "coordinates": [[2.343862, 48.8625667], [2.343849, 48.86249370000002], [2.3439369, 48.86244219999998], [2.3439412, 48.8624092]]}}, {"type": "Feature", "properties": {"highway": "footway", "footway": null, "name": "Allée Baltard", "surface": "concrete", "lit": "yes", "length_m": 49.98, "type_element": "Way", "__fid": 59380}, "geometry": {"type": "LineString", "coordinates": [[2.343862, 48.8625667], [2.3444952, 48.862401]]}}, {"type": "Feature", "properties": {"highway": "footway", "footway": null, "name": null, "surface": "paving_stones", "lit": "yes", "length_m": 23.45, "type_element": "Way", "__fid": 59383}, "geometry": {"type": "LineString", "coordinates": [[2.3439834, 48.8650017], [2.3438371, 48.8648142]]}}, {"type": "Feature", "properties": {"highway": "pedestrian", "footway": null, "name": "Rue du Pont Neuf", "surface": "asphalt", "lit": "yes", "length_m": 19.78, "type_element": "Way", "__fid": 59396}, "geometry": {"type": "LineString", "coordinates": [[2.3439095, 48.8598065], [2.3440404, 48.859962]]}}, {"type": "Feature", "properties": {"highway": "footway", "footway": "crossing", "name": null, "surface": "asphalt", "lit": "yes", "length_m": 10.14, "type_element": "Way", "__fid": 59397}, "geometry": {"type": "LineString", "coordinates": [[2.3439095, 48.8598065], [2.3440328, 48.8597653]]}}, {"type": "Feature", "properties": {"highway": "footway", "footway": null, "name": null, "surface": "concrete", "lit": "yes", "length_m": 2.52, "type_element": "Way", "__fid": 59413}, "geometry": {"type": "LineString", "coordinates": [[2.343908, 48.8631899], [2.3438818, 48.8631753]]}}, {"type": "Feature", "properties": {"highway": "footway", "footway": "crossing", "name": null, "surface": "asphalt", "lit": "yes", "length_m": 7.31, "type_element": "Way", "__fid": 59414}, "geometry": {"type": "LineString", "coordinates": [[2.3439495, 48.86122730000001], [2.3439072, 48.8611678]]}}, {"type": "Feature", "properties": {"highway": "footway", "footway": "sidewalk", "name": null, "surface": "paving_stones", "lit": "yes", "length_m": 1.88, "type_element": "Way", "__fid": 59415}, "geometry": {"type": "LineString", "coordinates": [[2.3439072, 48.8611678], [2.3439271, 48.8611572]]}}, {"type": "Feature", "properties": {"highway": "footway", "footway": "crossing", "name": null, "surface": "asphalt", "lit": "yes", "length_m": 6.82, "type_element": "Way", "__fid": 59442}, "geometry": {"type": "LineString", "coordinates": [[2.3439271, 48.8611572], [2.344015966666698, 48.86113933333336]]}}, {"type": "Feature", "properties": {"highway": "steps", "footway": null, "name": null, "surface": "paving_stones", "lit": "yes", "length_m": 14.69, "type_element": "Way", "__fid": 59453}, "geometry": {"type": "LineString", "coordinates": [[2.3440187, 48.8632966], [2.3439651, 48.863221899999985], [2.343908, 48.8631899]]}}, {"type": "Feature", "properties": {"highway": "footway", "footway": null, "name": "Allée Saint-John Perse", "surface": "concrete", "lit": "yes", "length_m": 79.99, "type_element": "Way", "__fid": 59454}, "geometry": {"type": "LineString", "coordinates": [[2.343908, 48.8631899], [2.3449398, 48.8629573]]}}, {"type": "Feature", "properties": {"highway": "footway", "footway": "sidewalk", "name": null, "surface": "asphalt", "lit": "yes", "length_m": 127.25, "type_element": "Way", "__fid": 59462}, "geometry": {"type": "LineString", "coordinates": [[2.3447509, 48.861021], [2.3447477, 48.86099569999999], [2.3446178, 48.86082810000001], [2.3439535, 48.860007]]}}, {"type": "Feature", "properties": {"highway": "footway", "footway": "crossing", "name": null, "surface": "asphalt", "lit": "yes", "length_m": 8.35, "type_element": "Way", "__fid": 59463}, "geometry": {"type": "LineString", "coordinates": [[2.3439535, 48.860007], [2.3439806, 48.8599816], [2.3440404, 48.859962]]}}, {"type": "Feature", "properties": {"highway": "footway", "footway": "sidewalk", "name": null, "surface": "paving_stones", "lit": "yes", "length_m": 4.24, "type_element": "Way", "__fid": 59466}, "geometry": {"type": "LineString", "coordinates": [[2.3439495, 48.86122730000001], [2.3439776, 48.8612296], [2.3439871, 48.861248]]}}, {"type": "Feature", "properties": {"highway": "footway", "footway": "sidewalk", "name": null, "surface": "paving_stones", "lit": "yes", "length_m": 57.99, "type_element": "Way", "__fid": 59489}, "geometry": {"type": "LineString", "coordinates": [[2.3442115, 48.8617436], [2.3441188, 48.8615469], [2.3441295, 48.861525], [2.3439871, 48.861248]]}}, {"type": "Feature", "properties": {"highway": "footway", "footway": "crossing", "name": null, "surface": "asphalt", "lit": "yes", "length_m": 8.86, "type_element": "Way", "__fid": 59490}, "geometry": {"type": "LineString", "coordinates": [[2.3441035, 48.86123], [2.3440653, 48.8612304], [2.3439871, 48.861248]]}}, {"type": "Feature", "properties": {"highway": "footway", "footway": "sidewalk", "name": null, "surface": null, "lit": "yes", "length_m": 2.9, "type_element": "Way", "__fid": 59511}, "geometry": {"type": "LineString", "coordinates": [[2.3440328, 48.8597653], [2.3440722, 48.859767]]}}, {"type": "Feature", "properties": {"highway": "footway", "footway": "sidewalk", "name": null, "surface": "asphalt", "lit": "yes", "length_m": 3.56, "type_element": "Way", "__fid": 59514}, "geometry": {"type": "LineString", "coordinates": [[2.344015966666698, 48.86113933333336], [2.344061566666491, 48.86115023333333]]}}, {"type": "Feature", "properties": {"highway": "living_street", "footway": null, "name": "Rue du Pont Neuf", "surface": "asphalt", "lit": "yes", "length_m": 130.17, "type_element": "Way", "__fid": 59520}, "geometry": {"type": "LineString", "coordinates": [[2.3440404, 48.859962], [2.3448482, 48.8610043]]}}, {"type": "Feature", "properties": {"highway": "footway", "footway": "sidewalk", "name": null, "surface": "paving_stones", "lit": "yes", "length_m": 11.73, "type_element": "Way", "__fid": 59521}, "geometry": {"type": "LineString", "coordinates": [[2.3440404, 48.859962], [2.3441141, 48.8599432], [2.3441783, 48.8599108]]}}, {"type": "Feature", "properties": {"highway": "footway", "footway": "sidewalk", "name": null, "surface": "asphalt", "lit": "yes", "length_m": 61.87, "type_element": "Way", "__fid": 59528}, "geometry": {"type": "LineString", "coordinates": [[2.3447724, 48.8648068], [2.344694, 48.8648346], [2.3439834, 48.8650017]]}}, {"type": "Feature", "properties": {"highway": "footway", "footway": "sidewalk", "name": null, "surface": "paving_stones", "lit": "yes", "length_m": 206.19, "type_element": "Way", "__fid": 59545}, "geometry": {"type": "LineString", "coordinates": [[2.3440209, 48.8633898], [2.344319, 48.863545], [2.3443702, 48.8635994], [2.3447377, 48.863794], [2.3447345, 48.8638431], [2.3450918, 48.8640274], [2.3451521, 48.8640144], [2.3453783, 48.864136], [2.3453805, 48.8641461], [2.3450777, 48.8647012], [2.3450267, 48.8647324]]}}, {"type": "Feature", "properties": {"highway": "footway", "footway": "sidewalk", "name": null, "surface": "asphalt", "lit": "yes", "length_m": 4.6, "type_element": "Way", "__fid": 59546}, "geometry": {"type": "LineString", "coordinates": [[2.3440777, 48.8633722], [2.3440209, 48.8633898]]}}, {"type": "Feature", "properties": {"highway": "footway", "footway": "crossing", "name": null, "surface": "asphalt", "lit": "yes", "length_m": 17.78, "type_element": "Way", "__fid": 59552}, "geometry": {"type": "LineString", "coordinates": [[2.3441783, 48.8599108], [2.3440722, 48.859767]]}}, {"type": "Feature", "properties": {"highway": "footway", "footway": "sidewalk", "name": null, "surface": null, "lit": "yes", "length_m": 46.3, "type_element": "Way", "__fid": 59553}, "geometry": {"type": "LineString", "coordinates": [[2.3440722, 48.859767], [2.3446414, 48.8595872]]}}, {"type": "Feature", "properties": {"highway": "footway", "footway": "crossing", "name": null, "surface": "asphalt", "lit": "yes", "length_m": 8.27, "type_element": "Way", "__fid": 59555}, "geometry": {"type": "LineString", "coordinates": [[2.344061566666491, 48.86115023333333], [2.3441219, 48.8612131]]}}, {"type": "Feature", "properties": {"highway": "footway", "footway": "sidewalk", "name": null, "surface": "asphalt", "lit": "yes", "length_m": 50.44, "type_element": "Way", "__fid": 59556}, "geometry": {"type": "LineString", "coordinates": [[2.344061566666491, 48.86115023333333], [2.344734, 48.861056]]}}, {"type": "Feature", "properties": {"highway": "pedestrian", "footway": null, "name": "Rue de la Jussienne", "surface": "paving_stones", "lit": "yes", "length_m": 7.92, "type_element": "Way", "__fid": 59579}, "geometry": {"type": "LineString", "coordinates": [[2.3440348, 48.86506150000002], [2.3440766, 48.8651272]]}}, {"type": "Feature", "properties": {"highway": "footway", "footway": "sidewalk", "name": null, "surface": "paving_stones", "lit": "yes", "length_m": 55.2, "type_element": "Way", "__fid": 59595}, "geometry": {"type": "LineString", "coordinates": [[2.3443456, 48.8617], [2.3441035, 48.86123]]}}, {"type": "Feature", "properties": {"highway": "footway", "footway": "sidewalk", "name": null, "surface": "paving_stones", "lit": "yes", "length_m": 2.31, "type_element": "Way", "__fid": 59596}, "geometry": {"type": "LineString", "coordinates": [[2.3441035, 48.86123], [2.3441219, 48.8612131]]}}, {"type": "Feature", "properties": {"highway": "living_street", "footway": null, "name": "Rue du Jour", "surface": "asphalt", "lit": "yes", "length_m": 134.85, "type_element": "Way", "__fid": 59599}, "geometry": {"type": "LineString", "coordinates": [[2.3440777, 48.8633722], [2.3443627, 48.8635193], [2.3444362, 48.8636113], [2.3454755, 48.8641467]]}}, {"type": "Feature", "properties": {"highway": "pedestrian", "footway": null, "name": "Rue Rambuteau", "surface": "sett", "lit": "yes", "length_m": 13.07, "type_element": "Way", "__fid": 59600}, "geometry": {"type": "LineString", "coordinates": [[2.3440777, 48.8633722], [2.3442425, 48.8633276]]}}, {"type": "Feature", "properties": {"highway": "footway", "footway": "sidewalk", "name": null, "surface": "paving_stones", "lit": "yes", "length_m": 48.14, "type_element": "Way", "__fid": 59620}, "geometry": {"type": "LineString", "coordinates": [[2.3441219, 48.8612131], [2.3442544, 48.8611877], [2.3447672, 48.8611386]]}}, {"type": "Feature", "properties": {"highway": "footway", "footway": "sidewalk", "name": null, "surface": "asphalt", "lit": "yes", "length_m": 62.78, "type_element": "Way", "__fid": 59625}, "geometry": {"type": "LineString", "coordinates": [[2.3448795, 48.8649318], [2.3440766, 48.8651272]]}}, {"type": "Feature", "properties": {"highway": "footway", "footway": "sidewalk", "name": null, "surface": "paving_stones", "lit": "yes", "length_m": 57.27, "type_element": "Way", "__fid": 59671}, "geometry": {"type": "LineString", "coordinates": [[2.3441783, 48.8599108], [2.3448847, 48.8596917]]}}, {"type": "Feature", "properties": {"highway": "footway", "footway": "sidewalk", "name": null, "surface": "asphalt", "lit": "yes", "length_m": 27.53, "type_element": "Way", "__fid": 59675}, "geometry": {"type": "LineString", "coordinates": [[2.3444286, 48.8645863], [2.3441324, 48.8644343]]}}, {"type": "Feature", "properties": {"highway": "footway", "footway": "crossing", "name": null, "surface": "asphalt", "lit": "yes", "length_m": 11.47, "type_element": "Way", "__fid": 59705}, "geometry": {"type": "LineString", "coordinates": [[2.344189, 48.8617572], [2.3442293, 48.861856900000014]]}}, {"type": "Feature", "properties": {"highway": "footway", "footway": "sidewalk", "name": null, "surface": "paving_stones", "lit": "yes", "length_m": 2.24, "type_element": "Way", "__fid": 59706}, "geometry": {"type": "LineString", "coordinates": [[2.344189, 48.8617572], [2.3442115, 48.8617436]]}}, {"type": "Feature", "properties": {"highway": "footway", "footway": "crossing", "name": null, "surface": "asphalt", "lit": "yes", "length_m": 11.18, "type_element": "Way", "__fid": 59731}, "geometry": {"type": "LineString", "coordinates": [[2.3442115, 48.8617436], [2.3442489, 48.8617212], [2.3443456, 48.8617]]}}, {"type": "Feature", "properties": {"highway": "footway", "footway": null, "name": null, "surface": "paving_stones", "lit": "yes", "length_m": 9.96, "type_element": "Way", "__fid": 59740}, "geometry": {"type": "LineString", "coordinates": [[2.3441963, 48.8632434], [2.3442425, 48.8633276]]}}, {"type": "Feature", "properties": {"highway": "footway", "footway": "sidewalk", "name": null, "surface": "asphalt", "lit": "yes", "length_m": 8.87, "type_element": "Way", "__fid": 59750}, "geometry": {"type": "LineString", "coordinates": [[2.3442293, 48.861856900000014], [2.3443434, 48.8618304]]}}, {"type": "Feature", "properties": {"highway": "pedestrian", "footway": null, "name": "Rue Rambuteau", "surface": "sett", "lit": "yes", "length_m": 62.97, "type_element": "Way", "__fid": 59782}, "geometry": {"type": "LineString", "coordinates": [[2.3442425, 48.8633276], [2.3450384, 48.8631157]]}}, {"type": "Feature", "properties": {"highway": "footway", "footway": null, "name": "Allée Jules-Supervielle", "surface": "concrete", "lit": "yes", "length_m": 16.49, "type_element": "Way", "__fid": 59882}, "geometry": {"type": "LineString", "coordinates": [[2.3443434, 48.8618304], [2.3444155, 48.8619709]]}}, {"type": "Feature", "properties": {"highway": "footway", "footway": "sidewalk", "name": null, "surface": "asphalt", "lit": "yes", "length_m": 7.0, "type_element": "Way", "__fid": 59883}, "geometry": {"type": "LineString", "coordinates": [[2.3443434, 48.8618304], [2.3444321, 48.8618072]]}}, {"type": "Feature", "properties": {"highway": "footway", "footway": "sidewalk", "name": null, "surface": "paving_stones", "lit": "yes", "length_m": 3.5, "type_element": "Way", "__fid": 59884}, "geometry": {"type": "LineString", "coordinates": [[2.3443456, 48.8617], [2.3443925, 48.8617056]]}}, {"type": "Feature", "properties": {"highway": "pedestrian", "footway": null, "name": "Rue des Bourdonnais", "surface": "asphalt", "lit": "yes", "length_m": 15.78, "type_element": "Way", "__fid": 59892}, "geometry": {"type": "LineString", "coordinates": [[2.3443865, 48.8592608], [2.3445256, 48.859369]]}}, {"type": "Feature", "properties": {"highway": "footway", "footway": null, "name": null, "surface": "asphalt", "lit": null, "length_m": 2.14, "type_element": "Way", "__fid": 59893}, "geometry": {"type": "LineString", "coordinates": [[2.3443865, 48.8592608], [2.3444068, 48.859247]]}}, {"type": "Feature", "properties": {"highway": "footway", "footway": "sidewalk", "name": null, "surface": "asphalt", "lit": "yes", "length_m": 15.75, "type_element": "Way", "__fid": 59920}, "geometry": {"type": "LineString", "coordinates": [[2.3444068, 48.859247], [2.3445585, 48.8593472]]}}, {"type": "Feature", "properties": {"highway": "footway", "footway": null, "name": "Impasse des Trois Visages", "surface": null, "lit": null, "length_m": 17.92, "type_element": "Way", "__fid": 59921}, "geometry": {"type": "LineString", "coordinates": [[2.3444068, 48.859247], [2.3444344, 48.8592281], [2.3446087, 48.8591576]]}}, {"type": "Feature", "properties": {"highway": "footway", "footway": "crossing", "name": null, "surface": "asphalt", "lit": "yes", "length_m": 11.73, "type_element": "Way", "__fid": 59939}, "geometry": {"type": "LineString", "coordinates": [[2.3443925, 48.8617056], [2.3443954, 48.8617318], [2.3444321, 48.8618072]]}}, {"type": "Feature", "properties": {"highway": "footway", "footway": "sidewalk", "name": null, "surface": "asphalt", "lit": "yes", "length_m": 68.27, "type_element": "Way", "__fid": 59940}, "geometry": {"type": "LineString", "coordinates": [[2.3443925, 48.8617056], [2.3447604, 48.861624], [2.3448039, 48.86159090000002], [2.34481, 48.86154550000002], [2.3448491, 48.8614639], [2.3448803, 48.8614242], [2.3449716, 48.8613524], [2.3449544, 48.8613094]]}}, {"type": "Feature", "properties": {"highway": "footway", "footway": null, "name": "Allée Jules-Supervielle", "surface": "concrete", "lit": "yes", "length_m": 38.34, "type_element": "Way", "__fid": 59975}, "geometry": {"type": "LineString", "coordinates": [[2.3444155, 48.8619709], [2.344442, 48.8620364], [2.3444177, 48.8620971], [2.344472, 48.8621805], [2.3445616, 48.8622889]]}}, {"type": "Feature", "properties": {"highway": "footway", "footway": null, "name": "Allée Blaise-Cendrars", "surface": "concrete:plates", "lit": "yes", "length_m": 62.61, "type_element": "Way", "__fid": 59976}, "geometry": {"type": "LineString", "coordinates": [[2.3444155, 48.8619709], [2.3452232, 48.861789]]}}, {"type": "Feature", "properties": {"highway": "footway", "footway": "sidewalk", "name": null, "surface": "asphalt", "lit": "yes", "length_m": 22.87, "type_element": "Way", "__fid": 59983}, "geometry": {"type": "LineString", "coordinates": [[2.3444321, 48.8618072], [2.3447227, 48.8617327]]}}, {"type": "Feature", "properties": {"highway": "footway", "footway": "sidewalk", "name": null, "surface": null, "lit": "yes", "length_m": 10.61, "type_element": "Way", "__fid": 60013}, "geometry": {"type": "LineString", "coordinates": [[2.3444773, 48.8594332], [2.3445554, 48.8594675], [2.3445799, 48.8594969]]}}, {"type": "Feature", "properties": {"highway": "footway", "footway": "sidewalk", "name": null, "surface": null, "lit": "yes", "length_m": 4.25, "type_element": "Way", "__fid": 60014}, "geometry": {"type": "LineString", "coordinates": [[2.3444793, 48.85939620000001], [2.3444854, 48.8594156], [2.3444773, 48.8594332]]}}, {"type": "Feature", "properties": {"highway": "footway", "footway": "crossing", "name": null, "surface": "asphalt", "lit": "yes", "length_m": 4.55, "type_element": "Way", "__fid": 60016}, "geometry": {"type": "LineString", "coordinates": [[2.3444793, 48.85939620000001], [2.3445256, 48.859369]]}}, {"type": "Feature", "properties": {"highway": "service", "footway": null, "name": null, "surface": "asphalt", "lit": "yes", "length_m": 1.21, "type_element": "Way", "__fid": 60020}, "geometry": {"type": "LineString", "coordinates": [[2.3444286, 48.8645863], [2.3444181, 48.8645947]]}}, {"type": "Feature", "properties": {"highway": "footway", "footway": "sidewalk", "name": null, "surface": "asphalt", "lit": "yes", "length_m": 4.26, "type_element": "Way", "__fid": 60036}, "geometry": {"type": "LineString", "coordinates": [[2.3444745, 48.8646098], [2.3444286, 48.8645863]]}}, {"type": "Feature", "properties": {"highway": "service", "footway": null, "name": null, "surface": "asphalt", "lit": "yes", "length_m": 5.43, "type_element": "Way", "__fid": 60037}, "geometry": {"type": "LineString", "coordinates": [[2.3444754, 48.8645485], [2.3444286, 48.8645863]]}}, {"type": "Feature", "properties": {"highway": "pedestrian", "footway": null, "name": "Rue des Bourdonnais", "surface": "asphalt", "lit": "yes", "length_m": 17.61, "type_element": "Way", "__fid": 60080}, "geometry": {"type": "LineString", "coordinates": [[2.3445256, 48.859369], [2.3446662, 48.8594973]]}}, {"type": "Feature", "properties": {"highway": "footway", "footway": "crossing", "name": null, "surface": "asphalt", "lit": "yes", "length_m": 3.42, "type_element": "Way", "__fid": 60081}, "geometry": {"type": "LineString", "coordinates": [[2.3445256, 48.859369], [2.3445585, 48.8593472]]}}, {"type": "Feature", "properties": {"highway": "service", "footway": null, "name": null, "surface": "asphalt", "lit": "yes", "length_m": 1.21, "type_element": "Way", "__fid": 60082}, "geometry": {"type": "LineString", "coordinates": [[2.3444634, 48.8646179], [2.3444745, 48.8646098]]}}, {"type": "Feature", "properties": {"highway": "footway", "footway": null, "name": "Allée Jules-Supervielle", "surface": "concrete", "lit": "yes", "length_m": 10.88, "type_element": "Way", "__fid": 60084}, "geometry": {"type": "LineString", "coordinates": [[2.3444952, 48.862401], [2.3446275, 48.8624452]]}}, {"type": "Feature", "properties": {"highway": "footway", "footway": null, "name": "Allée Jules-Supervielle", "surface": "concrete", "lit": "yes", "length_m": 13.38, "type_element": "Way", "__fid": 60085}, "geometry": {"type": "LineString", "coordinates": [[2.3445616, 48.8622889], [2.3444952, 48.862401]]}}, {"type": "Feature", "properties": {"highway": "footway", "footway": "sidewalk", "name": null, "surface": "asphalt", "lit": "yes", "length_m": 32.04, "type_element": "Way", "__fid": 60092}, "geometry": {"type": "LineString", "coordinates": [[2.3447724, 48.8648068], [2.3447519, 48.8647522], [2.3444745, 48.8646098]]}}, {"type": "Feature", "properties": {"highway": "service", "footway": null, "name": null, "surface": "asphalt", "lit": "yes", "length_m": 5.42, "type_element": "Way", "__fid": 60093}, "geometry": {"type": "LineString", "coordinates": [[2.3444745, 48.8646098], [2.3445241, 48.8645737]]}}, {"type": "Feature", "properties": {"highway": "living_street", "footway": null, "name": "Rue Jean-Jacques Rousseau", "surface": "asphalt", "lit": "yes", "length_m": 4.54, "type_element": "Way", "__fid": 60094}, "geometry": {"type": "LineString", "coordinates": [[2.3444754, 48.8645485], [2.3445241, 48.8645737]]}}, {"type": "Feature", "properties": {"highway": "footway", "footway": "sidewalk", "name": null, "surface": null, "lit": "yes", "length_m": 25.3, "type_element": "Way", "__fid": 60105}, "geometry": {"type": "LineString", "coordinates": [[2.3445585, 48.8593472], [2.3447777, 48.8595228]]}}, {"type": "Feature", "properties": {"highway": "footway", "footway": "sidewalk", "name": null, "surface": null, "lit": "yes", "length_m": 11.01, "type_element": "Way", "__fid": 60127}, "geometry": {"type": "LineString", "coordinates": [[2.3445799, 48.8594969], [2.3446414, 48.8595872]]}}, {"type": "Feature", "properties": {"highway": "pedestrian", "footway": null, "name": "Rue Boucher", "surface": "sett", "lit": "yes", "length_m": 6.33, "type_element": "Way", "__fid": 60128}, "geometry": {"type": "LineString", "coordinates": [[2.3445799, 48.8594969], [2.3446662, 48.8594973]]}}, {"type": "Feature", "properties": {"highway": "living_street", "footway": null, "name": "Rue Jean-Jacques Rousseau", "surface": "asphalt", "lit": "yes", "length_m": 34.53, "type_element": "Way", "__fid": 60142}, "geometry": {"type": "LineString", "coordinates": [[2.3445241, 48.8645737], [2.3448941, 48.8647657]]}}, {"type": "Feature", "properties": {"highway": "footway", "footway": null, "name": null, "surface": "concrete", "lit": "yes", "length_m": 16.57, "type_element": "Way", "__fid": 60152}, "geometry": {"type": "LineString", "coordinates": [[2.3445616, 48.8622889], [2.3446095, 48.8622967], [2.3446952, 48.8623326], [2.3446741, 48.8623801]]}}]}