{"type": "FeatureCollection", "features": [{"type": "Feature", "geometry": {"type": "Point", "coordinates": [2.349998, 48.844379]}, "properties": {"id": 18323, "name": "Bains-douches Lacépède", "categorie": "Bains-douches", "photo_url": "https://cdn.paris.fr/eqpts-prod/2022/05/10/5e6f73ce2b522ca25006ba0d7e9c2b1b.jpg", "photo_credit": null, "photo_alt": null, "address_street": "50, rue Lacepède", "address_postcode": "75005", "address_city": "Paris", "phone": "01 45 35 46 63", "accessibility": "{\"handicaps\": [{\"name\": \"Personnes à mobilité réduite\", \"status\": \"accessible\"}, {\"name\": \"Personnes déficientes visuelles\", \"status\": \"undefined\"}, {\"name\": \"Personnes déficientes auditives\", \"status\": \"undefined\"}, {\"name\": \"Personnes déficientes mentales\", \"status\": \"undefined\"}, {\"name\": \"Accueil en langue des signes\", \"status\": \"undefined\"}]}", "latitude": 48.844379, "longitude": 2.349998, "url": "https://www.paris.fr/lieux/bains-douches-lacepede-18323", "type_element": "Bains-douches", "__fid": 12}}, {"type": "Feature", "properties": {"@id": "node/530568831", "amenity": "drinking_water", "artist_name": "Charles-Auguste Lebourg", "bottle": "yes", "description": "Fontaine Wallace", "fountain": "wallace", "source": "cadastre-dgi-fr source : Direction Générale des Impôts - Cadastre. Mise à jour : 2009", "wikimedia_commons": "File:Fontaine Wallace, au croisement des rues Thouin et de lEstrapade.jpg", "type_element": "Fontaines à boire", "__fid": 107}, "geometry": {"type": "Point", "coordinates": [2.3478185, 48.8445563]}, "id": "node/530568831"}, {"type": "Feature", "properties": {"@id": "node/3032445505", "amenity": "drinking_water", "check_date": "2022-04-09", "man_made": "water_tap", "source": "survey", "type_element": "Fontaines à boire", "__fid": 413}, "geometry": {"type": "Point", "coordinates": [2.3532344, 48.8453348]}, "id": "node/3032445505"}, {"type": "Feature", "properties": {"@id": "node/6895139485", "amenity": "drinking_water", "man_made": "water_tap", "type_element": "Fontaines à boire", "__fid": 659}, "geometry": {"type": "Point", "coordinates": [2.3531234, 48.8444816]}, "id": "node/6895139485"}, {"type": "Feature", "properties": {"@id": "node/6896338485", "amenity": "drinking_water", "man_made": "water_tap", "type_element": "Fontaines à boire", "__fid": 660}, "geometry": {"type": "Point", "coordinates": [2.3503554, 48.8433918]}, "id": "node/6896338485"}, {"type": "Feature", "properties": {"@id": "node/8101010739", "amenity": "drinking_water", "fee": "no", "man_made": "water_tap", "type_element": "Fontaines à boire", "__fid": 715}, "geometry": {"type": "Point", "coordinates": [2.3453551, 48.8470128]}, "id": "node/8101010739"}, {"type": "Feature", "properties": {"@id": "node/12921443778", "access": "yes", "amenity": "drinking_water", "bottle": "yes", "covered": "no", "fee": "no", "indoor": "no", "man_made": "water_tap", "source": "survey", "wheelchair": "yes", "type_element": "Fontaines à boire", "__fid": 1019}, "geometry": {"type": "Point", "coordinates": [2.3463637, 48.8466463]}, "id": "node/12921443778"}, {"type": "Feature", "geometry": {"type": "Point", "coordinates": [2.344895, 48.845404]}, "properties": {"id": 2445, "name": "Squares Auguste Mariette Pacha et Michel Foucault", "categorie": "Parcs, jardins et bois", "photo_url": "https://cdn.paris.fr/eqpts-prod/2022/06/21/0ea4e07030c0fc7aeb3cef8a394f7257.jpg", "photo_credit": "Sonia Yassa / Ville de Paris", "photo_alt": "Squares Auguste-Mariette-Pacha et Michel-Foucault", "address_street": "45, rue des écoles", "address_postcode": "75005", "address_city": "PARIS", "phone": null, "accessibility": "{\"handicaps\": [{\"name\": \"Personnes déficientes visuelles\", \"status\": \"undefined\"}, {\"name\": \"Personnes déficientes auditives\", \"status\": \"undefined\"}, {\"name\": \"Personnes déficientes mentales\", \"status\": \"undefined\"}, {\"name\": \"Personnes à mobilité réduite\", \"status\": \"undefined\"}, {\"name\": \"Accueil en langue des signes\", \"status\": \"undefined\"}]}", "latitude": 48.845404, "longitude": 2.344895, "url": "https://www.paris.fr/lieux/squares-auguste-mariette-pacha-et-michel-foucault-2445", "type_element": "Parcs, Jardins et Bois", "__fid": 1362}}, {"type": "Feature", "geometry": {"type": "Point", "coordinates": [2.350192, 48.843594]}, "properties": {"id": 2447, "name": "Square Marius Constant", "categorie": "Parcs, jardins et bois", "photo_url": "https://cdn.paris.fr/eqpts-prod/2022/05/10/76b0dcccb893a40e69f11daa55d832e3.jpg", "photo_credit": "Sonia Yassa/ Ville de Paris", "photo_alt": null, "address_street": "15 rue Saint-Médard", "address_postcode": "75005", "address_city": "Paris", "phone": null, "accessibility": "{\"handicaps\": [{\"name\": \"Personnes à mobilité réduite\", \"status\": \"accessible\"}, {\"name\": \"Personnes déficientes visuelles\", \"status\": \"undefined\"}, {\"name\": \"Personnes déficientes auditives\", \"status\": \"undefined\"}, {\"name\": \"Personnes déficientes mentales\", \"status\": \"undefined\"}, {\"name\": \"Accueil en langue des signes\", \"status\": \"undefined\"}], \"additional_info\": \"<p>Espace vert dont l’accessibilité pour les personnes à mobilité réduite est limitée à certaines zones.</p>\"}", "latitude": 48.843594, "longitude": 2.350192, "url": "https://www.paris.fr/lieux/square-marius-constant-2447", "type_element": "Parcs, Jardins et Bois", "__fid": 1593}}, {"type": "Feature", "geometry": {"type": "Point", "coordinates": [2.347994, 48.844744]}, "properties": {"id": 3325, "name": "Piscine Jean Taris", "categorie": "Piscines", "photo_url": "https://cdn.paris.fr/eqpts-prod/2023/07/05/22f58d36991a3cd1e71b7b6517a5b9b4.jpg", "photo_credit": null, "photo_alt": null, "address_street": "16, rue Thouin", "address_postcode": "75005", "address_city": "PARIS", "phone": "0155428190", "accessibility": "{\"handicaps\": [{\"name\": \"Personnes à mobilité réduite\", \"status\": \"undefined\"}, {\"name\": \"Personnes déficientes visuelles\", \"status\": \"undefined\"}, {\"name\": \"Personnes déficientes auditives\", \"status\": \"undefined\"}, {\"name\": \"Personnes déficientes mentales\", \"status\": \"undefined\"}, {\"name\": \"Accueil en langue des signes\", \"status\": \"undefined\"}]}", "latitude": 48.844744, "longitude": 2.347994, "url": "https://www.paris.fr/lieux/piscine-jean-taris-3325", "type_element": "Piscines", "__fid": 1653}}, {"type": "Feature", "properties": {"highway": "footway", "footway": "sidewalk", "name": null, "surface": "asphalt", "lit": "yes", "length_m": 202.88, "type_element": "Way", "__fid": 57676}, "geometry": {"type": "LineString", "coordinates": [[2.3424841, 48.84492810000001], [2.3451288, 48.84439709999999]]}}, {"type": "Feature", "properties": {"highway": "footway", "footway": null, "name": null, "surface": null, "lit": null, "length_m": 102.76, "type_element": "Way", "__fid": 58709}, "geometry": {"type": "LineString", "coordinates": [[2.3447249, 48.8434972], [2.3439662, 48.8436455], [2.343895, 48.84364870000001], [2.3436472, 48.8436929], [2.3435406, 48.843681], [2.3434442, 48.8436251], [2.3434344, 48.8435965]]}}, {"type": "Feature", "properties": {"highway": "footway", "footway": "sidewalk", "name": null, "surface": "asphalt", "lit": "yes", "length_m": 113.13, "type_element": "Way", "__fid": 59081}, "geometry": {"type": "LineString", "coordinates": [[2.3452062, 48.84696820000001], [2.3445424, 48.847169], [2.3437565, 48.847302]]}}, {"type": "Feature", "properties": {"highway": "footway", "footway": "sidewalk", "name": null, "surface": "asphalt", "lit": "yes", "length_m": 114.27, "type_element": "Way", "__fid": 59101}, "geometry": {"type": "LineString", "coordinates": [[2.343786533333272, 48.84736710000002], [2.344589, 48.8472338], [2.3452623, 48.8470483]]}}, {"type": "Feature", "properties": {"highway": "footway", "footway": "sidewalk", "name": null, "surface": "asphalt", "lit": "yes", "length_m": 82.41, "type_element": "Way", "__fid": 59304}, "geometry": {"type": "LineString", "coordinates": [[2.3450988, 48.8443035], [2.3450679, 48.844316], [2.344029, 48.8445262]]}}, {"type": "Feature", "properties": {"highway": "footway", "footway": "sidewalk", "name": null, "surface": "asphalt", "lit": "yes", "length_m": 110.57, "type_element": "Way", "__fid": 59518}, "geometry": {"type": "LineString", "coordinates": [[2.3442589, 48.8425518], [2.3443151, 48.8426899], [2.3447249, 48.8434972]]}}, {"type": "Feature", "properties": {"highway": "service", "footway": null, "name": null, "surface": "asphalt", "lit": null, "length_m": 37.4, "type_element": "Way", "__fid": 59652}, "geometry": {"type": "LineString", "coordinates": [[2.3448558, 48.8437973], [2.344368, 48.8438946]]}}, {"type": "Feature", "properties": {"highway": "footway", "footway": "sidewalk", "name": null, "surface": "paving_stones", "lit": "yes", "length_m": 58.18, "type_element": "Way", "__fid": 59664}, "geometry": {"type": "LineString", "coordinates": [[2.3447543, 48.8460344], [2.3444822, 48.8463888], [2.3443431, 48.846475]]}}, {"type": "Feature", "properties": {"highway": "footway", "footway": "sidewalk", "name": null, "surface": "asphalt", "lit": "yes", "length_m": 111.16, "type_element": "Way", "__fid": 59688}, "geometry": {"type": "LineString", "coordinates": [[2.3444134, 48.8425559], [2.3458319, 48.8422056]]}}, {"type": "Feature", "properties": {"highway": "pedestrian", "footway": null, "name": "Rue Érasme", "surface": "asphalt", "lit": "yes", "length_m": 58.61, "type_element": "Way", "__fid": 59733}, "geometry": {"type": "LineString", "coordinates": [[2.3444524, 48.8426369], [2.3452012, 48.8424537]]}}, {"type": "Feature", "properties": {"highway": "footway", "footway": "sidewalk", "name": null, "surface": "asphalt", "lit": "yes", "length_m": 115.06, "type_element": "Way", "__fid": 59743}, "geometry": {"type": "LineString", "coordinates": [[2.3444227, 48.8454276], [2.344437, 48.8453881], [2.3447066, 48.8451512], [2.3452267, 48.844543600000016]]}}, {"type": "Feature", "properties": {"highway": "footway", "footway": "sidewalk", "name": null, "surface": "asphalt", "lit": "yes", "length_m": 108.46, "type_element": "Way", "__fid": 59754}, "geometry": {"type": "LineString", "coordinates": [[2.3444784, 48.8426916], [2.3444836, 48.8427506], [2.3449206, 48.8436203]]}}, {"type": "Feature", "properties": {"highway": "footway", "footway": "sidewalk", "name": null, "surface": "asphalt", "lit": "yes", "length_m": 58.67, "type_element": "Way", "__fid": 59755}, "geometry": {"type": "LineString", "coordinates": [[2.3452327, 48.842517], [2.3444784, 48.8426916]]}}, {"type": "Feature", "properties": {"highway": "footway", "footway": "sidewalk", "name": null, "surface": "paving_stones", "lit": "yes", "length_m": 59.04, "type_element": "Way", "__fid": 59770}, "geometry": {"type": "LineString", "coordinates": [[2.3444386, 48.846681799999985], [2.3446279, 48.8466842], [2.3451804, 48.84686270000001]]}}, {"type": "Feature", "properties": {"highway": "footway", "footway": null, "name": null, "surface": null, "lit": null, "length_m": 24.68, "type_element": "Way", "__fid": 59784}, "geometry": {"type": "LineString", "coordinates": [[2.3444901, 48.8440451], [2.3445953, 48.8440257], [2.3446571, 48.8441699]]}}, {"type": "Feature", "properties": {"highway": "footway", "footway": null, "name": null, "surface": null, "lit": null, "length_m": 11.54, "type_element": "Way", "__fid": 59798}, "geometry": {"type": "LineString", "coordinates": [[2.3446571, 48.8441699], [2.3445065, 48.84419960000001]]}}, {"type": "Feature", "properties": {"highway": "living_street", "footway": null, "name": "Place du Panthéon", "surface": "sett", "lit": "yes", "length_m": 61.44, "type_element": "Way", "__fid": 59819}, "geometry": {"type": "LineString", "coordinates": [[2.345237, 48.8468006], [2.3444942, 48.8465458]]}}, {"type": "Feature", "properties": {"highway": "living_street", "footway": null, "name": "Place du Panthéon", "surface": "sett", "lit": "yes", "length_m": 60.33, "type_element": "Way", "__fid": 59820}, "geometry": {"type": "LineString", "coordinates": [[2.3444942, 48.8465458], [2.344873, 48.8460643]]}}, {"type": "Feature", "properties": {"highway": "footway", "footway": "sidewalk", "name": null, "surface": "asphalt", "lit": "yes", "length_m": 34.84, "type_element": "Way", "__fid": 59855}, "geometry": {"type": "LineString", "coordinates": [[2.3445281, 48.8455622], [2.3446828, 48.8458584]]}}, {"type": "Feature", "properties": {"highway": "footway", "footway": "sidewalk", "name": null, "surface": "asphalt", "lit": "yes", "length_m": 3.33, "type_element": "Way", "__fid": 59910}, "geometry": {"type": "LineString", "coordinates": [[2.3446133, 48.84541330000001], [2.3445772, 48.8453952]]}}, {"type": "Feature", "properties": {"highway": "footway", "footway": "sidewalk", "name": null, "surface": "paving_stones", "lit": "yes", "length_m": 18.58, "type_element": "Way", "__fid": 59911}, "geometry": {"type": "LineString", "coordinates": [[2.3445772, 48.8453952], [2.3445835, 48.845373], [2.3446671, 48.8453029], [2.3447506, 48.8452979]]}}, {"type": "Feature", "properties": {"highway": "living_street", "footway": null, "name": "Rue Clotaire", "surface": "sett", "lit": "yes", "length_m": 35.63, "type_element": "Way", "__fid": 59914}, "geometry": {"type": "LineString", "coordinates": [[2.3447497, 48.8458383], [2.3445782, 48.84553850000001]]}}, {"type": "Feature", "properties": {"highway": "footway", "footway": "crossing", "name": null, "surface": "asphalt", "lit": "yes", "length_m": 3.93, "type_element": "Way", "__fid": 59915}, "geometry": {"type": "LineString", "coordinates": [[2.3445782, 48.84553850000001], [2.344619300000217, 48.84551580000007]]}}, {"type": "Feature", "properties": {"highway": "footway", "footway": "crossing", "name": null, "surface": "asphalt", "lit": "yes", "length_m": 8.99, "type_element": "Way", "__fid": 59964}, "geometry": {"type": "LineString", "coordinates": [[2.3446133, 48.84541330000001], [2.3446614, 48.8454877]]}}, {"type": "Feature", "properties": {"highway": "footway", "footway": "sidewalk", "name": null, "surface": "paving_stones", "lit": "yes", "length_m": 17.43, "type_element": "Way", "__fid": 59965}, "geometry": {"type": "LineString", "coordinates": [[2.3447506, 48.8452979], [2.3447321, 48.8453566], [2.3446133, 48.84541330000001]]}}, {"type": "Feature", "properties": {"highway": "footway", "footway": "sidewalk", "name": null, "surface": "asphalt", "lit": "yes", "length_m": 37.12, "type_element": "Way", "__fid": 59971}, "geometry": {"type": "LineString", "coordinates": [[2.344619300000217, 48.84551580000007], [2.3446284, 48.8455173], [2.3447622, 48.845785099999986], [2.3448025, 48.8458222]]}}, {"type": "Feature", "properties": {"highway": "footway", "footway": "sidewalk", "name": null, "surface": "asphalt", "lit": "yes", "length_m": 4.39, "type_element": "Way", "__fid": 59972}, "geometry": {"type": "LineString", "coordinates": [[2.3446614, 48.8454877], [2.344619300000217, 48.84551580000007]]}}, {"type": "Feature", "properties": {"highway": "footway", "footway": null, "name": null, "surface": null, "lit": null, "length_m": 26.91, "type_element": "Way", "__fid": 59988}, "geometry": {"type": "LineString", "coordinates": [[2.3450068, 48.8440972], [2.3446571, 48.8441699]]}}, {"type": "Feature", "properties": {"highway": "footway", "footway": "sidewalk", "name": null, "surface": "asphalt", "lit": "yes", "length_m": 75.3, "type_element": "Way", "__fid": 60025}, "geometry": {"type": "LineString", "coordinates": [[2.3455109, 48.8451182], [2.3452102, 48.8452002], [2.3446614, 48.8454877]]}}, {"type": "Feature", "properties": {"highway": "footway", "footway": "sidewalk", "name": null, "surface": "paving_stones", "lit": "yes", "length_m": 20.46, "type_element": "Way", "__fid": 60059}, "geometry": {"type": "LineString", "coordinates": [[2.3446828, 48.8458584], [2.3447583, 48.846013], [2.3447543, 48.8460344]]}}, {"type": "Feature", "properties": {"highway": "footway", "footway": "crossing", "name": null, "surface": "sett", "lit": "yes", "length_m": 5.39, "type_element": "Way", "__fid": 60060}, "geometry": {"type": "LineString", "coordinates": [[2.3446828, 48.8458584], [2.3447497, 48.8458383]]}}, {"type": "Feature", "properties": {"highway": "footway", "footway": "sidewalk", "name": null, "surface": "asphalt", "lit": "yes", "length_m": 17.81, "type_element": "Way", "__fid": 60079}, "geometry": {"type": "LineString", "coordinates": [[2.3447249, 48.8434972], [2.3447995, 48.8436496]]}}, {"type": "Feature", "properties": {"highway": "footway", "footway": "sidewalk", "name": null, "surface": "paving_stones", "lit": "yes", "length_m": 29.26, "type_element": "Way", "__fid": 60121}, "geometry": {"type": "LineString", "coordinates": [[2.3447506, 48.8452979], [2.3448042, 48.8452633], [2.3448736, 48.8452565], [2.3448874, 48.845209899999986], [2.3450184, 48.8451269]]}}, {"type": "Feature", "properties": {"highway": "living_street", "footway": null, "name": "Rue Clotaire", "surface": "sett", "lit": "yes", "length_m": 15.63, "type_element": "Way", "__fid": 60124}, "geometry": {"type": "LineString", "coordinates": [[2.3448249, 48.8459698], [2.3447497, 48.8458383]]}}, {"type": "Feature", "properties": {"highway": "footway", "footway": "crossing", "name": null, "surface": "sett", "lit": "yes", "length_m": 4.27, "type_element": "Way", "__fid": 60125}, "geometry": {"type": "LineString", "coordinates": [[2.3448025, 48.8458222], [2.3447497, 48.8458383]]}}, {"type": "Feature", "properties": {"highway": "footway", "footway": "crossing", "name": null, "surface": "sett", "lit": "yes", "length_m": 9.32, "type_element": "Way", "__fid": 60137}, "geometry": {"type": "LineString", "coordinates": [[2.3447543, 48.8460344], [2.344873, 48.8460643]]}}, {"type": "Feature", "properties": {"highway": "footway", "footway": "sidewalk", "name": null, "surface": "asphalt", "lit": "yes", "length_m": 73.52, "type_element": "Way", "__fid": 60159}, "geometry": {"type": "LineString", "coordinates": [[2.3447995, 48.8436496], [2.3451127, 48.8442776]]}}, {"type": "Feature", "properties": {"highway": "footway", "footway": "crossing", "name": null, "surface": "asphalt", "lit": "yes", "length_m": 9.47, "type_element": "Way", "__fid": 60160}, "geometry": {"type": "LineString", "coordinates": [[2.3447995, 48.8436496], [2.3449206, 48.8436203]]}}, {"type": "Feature", "properties": {"highway": "footway", "footway": "sidewalk", "name": null, "surface": "paving_stones", "lit": "yes", "length_m": 74.54, "type_element": "Way", "__fid": 60196}, "geometry": {"type": "LineString", "coordinates": [[2.3448025, 48.8458222], [2.3457634, 48.845605]]}}, {"type": "Feature", "properties": {"highway": "living_street", "footway": null, "name": "Place du Panthéon", "surface": "sett", "lit": "yes", "length_m": 11.08, "type_element": "Way", "__fid": 60231}, "geometry": {"type": "LineString", "coordinates": [[2.344873, 48.8460643], [2.3448249, 48.8459698]]}}, {"type": "Feature", "properties": {"highway": "living_street", "footway": null, "name": "Place du Panthéon", "surface": "sett", "lit": "yes", "length_m": 79.95, "type_element": "Way", "__fid": 60232}, "geometry": {"type": "LineString", "coordinates": [[2.3448249, 48.8459698], [2.3449286, 48.845891], [2.3458157, 48.8457039]]}}, {"type": "Feature", "properties": {"highway": "footway", "footway": "crossing", "name": null, "surface": "sett", "lit": "yes", "length_m": 6.73, "type_element": "Way", "__fid": 60291}, "geometry": {"type": "LineString", "coordinates": [[2.344873, 48.8460643], [2.3449328, 48.8460793], [2.3449593, 48.8460739]]}}, {"type": "Feature", "properties": {"highway": "service", "footway": null, "name": "Place de l'Estrapade", "surface": "sett", "lit": "yes", "length_m": 14.42, "type_element": "Way", "__fid": 60294}, "geometry": {"type": "LineString", "coordinates": [[2.344889, 48.8450293], [2.3450184, 48.8451269]]}}, {"type": "Feature", "properties": {"highway": "footway", "footway": "sidewalk", "name": null, "surface": "asphalt", "lit": "yes", "length_m": 74.42, "type_element": "Way", "__fid": 60318}, "geometry": {"type": "LineString", "coordinates": [[2.3449206, 48.8436203], [2.3452398, 48.8442556]]}}, {"type": "Feature", "properties": {"highway": "footway", "footway": "sidewalk", "name": null, "surface": "paving_stones", "lit": "yes", "length_m": 25.95, "type_element": "Way", "__fid": 60403}, "geometry": {"type": "LineString", "coordinates": [[2.3450732, 48.84629480000001], [2.3449593, 48.8460739]]}}, {"type": "Feature", "properties": {"highway": "footway", "footway": "sidewalk", "name": null, "surface": "paving_stones", "lit": "yes", "length_m": 82.15, "type_element": "Way", "__fid": 60404}, "geometry": {"type": "LineString", "coordinates": [[2.3458538, 48.845776], [2.3456345, 48.845824], [2.3456646, 48.8459169], [2.3449593, 48.8460739]]}}, {"type": "Feature", "properties": {"highway": "service", "footway": null, "name": "Place de l'Estrapade", "surface": "sett", "lit": "yes", "length_m": 10.13, "type_element": "Way", "__fid": 60443}, "geometry": {"type": "LineString", "coordinates": [[2.3450184, 48.8451269], [2.3451115, 48.8451942]]}}, {"type": "Feature", "properties": {"highway": "footway", "footway": "sidewalk", "name": null, "surface": "asphalt", "lit": "yes", "length_m": 3.88, "type_element": "Way", "__fid": 60444}, "geometry": {"type": "LineString", "coordinates": [[2.3450184, 48.8451269], [2.3450601, 48.8451054]]}}, {"type": "Feature", "properties": {"highway": "footway", "footway": "sidewalk", "name": null, "surface": "asphalt", "lit": "yes", "length_m": 34.67, "type_element": "Way", "__fid": 60494}, "geometry": {"type": "LineString", "coordinates": [[2.3454647, 48.8450366], [2.3453078, 48.8450751], [2.3452907, 48.8450972], [2.3451301, 48.8451444], [2.3450601, 48.8451054]]}}, {"type": "Feature", "properties": {"highway": "footway", "footway": "sidewalk", "name": null, "surface": "asphalt", "lit": "yes", "length_m": 58.85, "type_element": "Way", "__fid": 60495}, "geometry": {"type": "LineString", "coordinates": [[2.3450601, 48.8451054], [2.3449711, 48.8450323], [2.3452602, 48.8446766], [2.345303499999812, 48.84466263333337]]}}, {"type": "Feature", "properties": {"highway": "footway", "footway": "sidewalk", "name": null, "surface": "paving_stones", "lit": "yes", "length_m": 27.31, "type_element": "Way", "__fid": 60538}, "geometry": {"type": "LineString", "coordinates": [[2.3451892, 48.8465282], [2.3450732, 48.84629480000001]]}}, {"type": "Feature", "properties": {"highway": "footway", "footway": null, "name": null, "surface": "sett", "lit": "yes", "length_m": 7.0, "type_element": "Way", "__fid": 60539}, "geometry": {"type": "LineString", "coordinates": [[2.3450732, 48.84629480000001], [2.3451638, 48.846275100000014]]}}, {"type": "Feature", "properties": {"highway": "footway", "footway": "crossing", "name": null, "surface": "asphalt", "lit": "yes", "length_m": 11.1, "type_element": "Way", "__fid": 60540}, "geometry": {"type": "LineString", "coordinates": [[2.3450988, 48.8443035], [2.3451393, 48.8443858], [2.3451288, 48.84439709999999]]}}, {"type": "Feature", "properties": {"highway": "footway", "footway": "sidewalk", "name": null, "surface": "asphalt", "lit": "yes", "length_m": 3.06, "type_element": "Way", "__fid": 60541}, "geometry": {"type": "LineString", "coordinates": [[2.3451127, 48.8442776], [2.3450988, 48.8443035]]}}, {"type": "Feature", "properties": {"highway": "footway", "footway": "crossing", "name": null, "surface": "asphalt", "lit": "yes", "length_m": 9.64, "type_element": "Way", "__fid": 60558}, "geometry": {"type": "LineString", "coordinates": [[2.3451127, 48.8442776], [2.3452398, 48.8442556]]}}, {"type": "Feature", "properties": {"highway": "footway", "footway": "sidewalk", "name": null, "surface": "asphalt", "lit": "yes", "length_m": 19.34, "type_element": "Way", "__fid": 60570}, "geometry": {"type": "LineString", "coordinates": [[2.3452267, 48.844543600000016], [2.3452374, 48.84451329999999], [2.3451891, 48.844424], [2.3451288, 48.84439709999999]]}}, {"type": "Feature", "properties": {"highway": "service", "footway": null, "name": null, "surface": null, "lit": null, "length_m": 7.41, "type_element": "Way", "__fid": 60617}, "geometry": {"type": "LineString", "coordinates": [[2.3452327, 48.842517], [2.3452012, 48.8424537]]}}, {"type": "Feature", "properties": {"highway": "pedestrian", "footway": null, "name": "Rue Érasme", "surface": "asphalt", "lit": "yes", "length_m": 4.2, "type_element": "Way", "__fid": 60618}, "geometry": {"type": "LineString", "coordinates": [[2.3452012, 48.8424537], [2.3452549, 48.8424406]]}}, {"type": "Feature", "properties": {"highway": "footway", "footway": null, "name": null, "surface": "sett", "lit": "yes", "length_m": 27.29, "type_element": "Way", "__fid": 60631}, "geometry": {"type": "LineString", "coordinates": [[2.3452802, 48.8465082], [2.3451638, 48.846275100000014]]}}, {"type": "Feature", "properties": {"highway": "footway", "footway": null, "name": null, "surface": "sett", "lit": "yes", "length_m": 42.39, "type_element": "Way", "__fid": 60632}, "geometry": {"type": "LineString", "coordinates": [[2.3451638, 48.846275100000014], [2.3450936, 48.84613450000001], [2.3451062, 48.846121], [2.3453021, 48.8460757], [2.345326, 48.846084], [2.345355523330499, 48.846143405862954]]}}, {"type": "Feature", "properties": {"highway": "footway", "footway": null, "name": null, "surface": "sett", "lit": "yes", "length_m": 8.47, "type_element": "Way", "__fid": 60633}, "geometry": {"type": "LineString", "coordinates": [[2.3451638, 48.846275100000014], [2.345273375713735, 48.8462511367606]]}}, {"type": "Feature", "properties": {"highway": "service", "footway": null, "name": null, "surface": null, "lit": null, "length_m": 20.7, "type_element": "Way", "__fid": 60665}, "geometry": {"type": "LineString", "coordinates": [[2.3453341, 48.8426907], [2.3452327, 48.842517]]}}, {"type": "Feature", "properties": {"highway": "footway", "footway": "sidewalk", "name": null, "surface": "asphalt", "lit": "yes", "length_m": 4.07, "type_element": "Way", "__fid": 60666}, "geometry": {"type": "LineString", "coordinates": [[2.3452851, 48.842505], [2.3452327, 48.842517]]}}, {"type": "Feature", "properties": {"highway": "footway", "footway": "sidewalk", "name": null, "surface": "paving_stones", "lit": "yes", "length_m": 12.89, "type_element": "Way", "__fid": 60668}, "geometry": {"type": "LineString", "coordinates": [[2.3451804, 48.84686270000001], [2.3452255, 48.8469383], [2.3452267, 48.84695120000002], [2.3452062, 48.84696820000001]]}}, {"type": "Feature", "properties": {"highway": "footway", "footway": "crossing", "name": null, "surface": "sett", "lit": "yes", "length_m": 8.06, "type_element": "Way", "__fid": 60669}, "geometry": {"type": "LineString", "coordinates": [[2.3451804, 48.84686270000001], [2.345237, 48.8468006]]}}, {"type": "Feature", "properties": {"highway": "footway", "footway": "sidewalk", "name": null, "surface": "paving_stones", "lit": "yes", "length_m": 24.83, "type_element": "Way", "__fid": 60674}, "geometry": {"type": "LineString", "coordinates": [[2.3452946, 48.8467404], [2.3451892, 48.8465282]]}}, {"type": "Feature", "properties": {"highway": "footway", "footway": null, "name": null, "surface": "sett", "lit": "yes", "length_m": 7.04, "type_element": "Way", "__fid": 60675}, "geometry": {"type": "LineString", "coordinates": [[2.3451892, 48.8465282], [2.3452802, 48.8465082]]}}, {"type": "Feature", "properties": {"highway": "footway", "footway": "crossing", "name": null, "surface": "asphalt", "lit": "yes", "length_m": 14.39, "type_element": "Way", "__fid": 60686}, "geometry": {"type": "LineString", "coordinates": [[2.3452267, 48.844543600000016], [2.345303499999812, 48.84466263333337]]}}, {"type": "Feature", "properties": {"highway": "service", "footway": null, "name": null, "surface": "asphalt", "lit": null, "length_m": 7.5, "type_element": "Way", "__fid": 60689}, "geometry": {"type": "LineString", "coordinates": [[2.3452549, 48.8424406], [2.3452851, 48.842505]]}}, {"type": "Feature", "properties": {"highway": "pedestrian", "footway": null, "name": "Rue Érasme", "surface": "asphalt", "lit": "yes", "length_m": 49.87, "type_element": "Way", "__fid": 60690}, "geometry": {"type": "LineString", "coordinates": [[2.3452549, 48.8424406], [2.3458921, 48.8422848]]}}, {"type": "Feature", "properties": {"highway": "footway", "footway": "sidewalk", "name": null, "surface": "asphalt", "lit": "yes", "length_m": 14.99, "type_element": "Way", "__fid": 60696}, "geometry": {"type": "LineString", "coordinates": [[2.3452398, 48.8442556], [2.3452858, 48.8443341], [2.3453614, 48.8443425]]}}, {"type": "Feature", "properties": {"highway": "footway", "footway": "crossing", "name": null, "surface": "asphalt", "lit": "yes", "length_m": 4.49, "type_element": "Way", "__fid": 60697}, "geometry": {"type": "LineString", "coordinates": [[2.3452062, 48.84696820000001], [2.3452325, 48.8470047]]}}, {"type": "Feature", "properties": {"highway": "service", "footway": null, "name": null, "surface": "asphalt", "lit": null, "length_m": 143.06, "type_element": "Way", "__fid": 60726}, "geometry": {"type": "LineString", "coordinates": [[2.3452851, 48.842505], [2.3453671, 48.8426479], [2.3454786, 48.842661], [2.3456255, 48.8427329], [2.3460823, 48.8430079], [2.3461016, 48.8430309], [2.3460841, 48.8430832], [2.3458307, 48.843316], [2.3456731, 48.8434424]]}}, {"type": "Feature", "properties": {"highway": "footway", "footway": "sidewalk", "name": null, "surface": "asphalt", "lit": "yes", "length_m": 254.97, "type_element": "Way", "__fid": 60727}, "geometry": {"type": "LineString", "coordinates": [[2.346529, 48.84325740000001], [2.3467361, 48.8430603], [2.3467942, 48.843067200000014], [2.3472584, 48.8426143], [2.3464039, 48.8422334], [2.3452851, 48.842505]]}}, {"type": "Feature", "properties": {"highway": "footway", "footway": "crossing", "name": null, "surface": "asphalt", "lit": "yes", "length_m": 5.32, "type_element": "Way", "__fid": 60730}, "geometry": {"type": "LineString", "coordinates": [[2.3452623, 48.8470483], [2.3452325, 48.8470047]]}}, {"type": "Feature", "properties": {"highway": "living_street", "footway": null, "name": "Rue Cujas", "surface": "sett", "lit": "yes", "length_m": 9.43, "type_element": "Way", "__fid": 60731}, "geometry": {"type": "LineString", "coordinates": [[2.3453257, 48.8469463], [2.3452325, 48.8470047]]}}, {"type": "Feature", "properties": {"highway": "living_street", "footway": null, "name": "Place du Panthéon", "surface": "sett", "lit": "yes", "length_m": 17.46, "type_element": "Way", "__fid": 60732}, "geometry": {"type": "LineString", "coordinates": [[2.3453257, 48.8469463], [2.345237, 48.8468006]]}}, {"type": "Feature", "properties": {"highway": "footway", "footway": "crossing", "name": null, "surface": "sett", "lit": "yes", "length_m": 7.92, "type_element": "Way", "__fid": 60733}, "geometry": {"type": "LineString", "coordinates": [[2.345237, 48.8468006], [2.3452946, 48.8467404]]}}, {"type": "Feature", "properties": {"highway": "footway", "footway": "sidewalk", "name": null, "surface": "paving_stones", "lit": "yes", "length_m": 83.76, "type_element": "Way", "__fid": 60766}, "geometry": {"type": "LineString", "coordinates": [[2.3452623, 48.8470483], [2.3463462, 48.84681230000001]]}}, {"type": "Feature", "properties": {"highway": "footway", "footway": null, "name": null, "surface": "paving_stones", "lit": "24/7", "length_m": 13.8, "type_element": "Way", "__fid": 60767}, "geometry": {"type": "LineString", "coordinates": [[2.345273375713735, 48.8462511367606], [2.3453303, 48.8463694]]}}, {"type": "Feature", "properties": {"highway": "footway", "footway": null, "name": null, "surface": "paving_stones", "lit": "24/7", "length_m": 17.35, "type_element": "Way", "__fid": 60768}, "geometry": {"type": "LineString", "coordinates": [[2.345355523330499, 48.846143405862954], [2.3452696, 48.8461614], [2.3452452, 48.8461926], [2.345273375713735, 48.8462511367606]]}}, {"type": "Feature", "properties": {"highway": "footway", "footway": null, "name": null, "surface": "paving_stones", "lit": "yes", "length_m": 9.67, "type_element": "Way", "__fid": 60769}, "geometry": {"type": "LineString", "coordinates": [[2.345273375713735, 48.8462511367606], [2.345398609695507, 48.84622403444366]]}}, {"type": "Feature", "properties": {"highway": "footway", "footway": null, "name": null, "surface": "sett", "lit": "yes", "length_m": 41.23, "type_element": "Way", "__fid": 60777}, "geometry": {"type": "LineString", "coordinates": [[2.3452802, 48.8465082], [2.3453511, 48.8466452], [2.3453767, 48.84665560000001], [2.3455706, 48.8466113], [2.345581, 48.8465961], [2.345555339779356, 48.8465447177055]]}}, {"type": "Feature", "properties": {"highway": "footway", "footway": null, "name": null, "surface": "sett", "lit": "yes", "length_m": 7.97, "type_element": "Way", "__fid": 60778}, "geometry": {"type": "LineString", "coordinates": [[2.3452802, 48.8465082], [2.345383247661704, 48.84648563438102]]}}, {"type": "Feature", "properties": {"highway": "footway", "footway": "sidewalk", "name": null, "surface": "asphalt", "lit": "yes", "length_m": 2.39, "type_element": "Way", "__fid": 60779}, "geometry": {"type": "LineString", "coordinates": [[2.3453205, 48.844681], [2.345303499999812, 48.84466263333337]]}}, {"type": "Feature", "properties": {"highway": "footway", "footway": "sidewalk", "name": null, "surface": "paving_stones", "lit": "yes", "length_m": 81.39, "type_element": "Way", "__fid": 60793}, "geometry": {"type": "LineString", "coordinates": [[2.3462622, 48.846645], [2.3460605, 48.846687899999985], [2.3460093, 48.84659880000001], [2.3453375, 48.84674740000001], [2.3452946, 48.8467404]]}}, {"type": "Feature", "properties": {"highway": "footway", "footway": "sidewalk", "name": null, "surface": "asphalt", "lit": "yes", "length_m": 38.88, "type_element": "Way", "__fid": 60794}, "geometry": {"type": "LineString", "coordinates": [[2.3453205, 48.844681], [2.3454895, 48.8450124]]}}, {"type": "Feature", "properties": {"highway": "footway", "footway": "crossing", "name": null, "surface": "asphalt", "lit": "yes", "length_m": 9.77, "type_element": "Way", "__fid": 60795}, "geometry": {"type": "LineString", "coordinates": [[2.345433, 48.844634], [2.3453205, 48.844681]]}}, {"type": "Feature", "properties": {"highway": "footway", "footway": null, "name": null, "surface": null, "lit": "24/7", "length_m": 13.5, "type_element": "Way", "__fid": 60822}, "geometry": {"type": "LineString", "coordinates": [[2.3453303, 48.8463694], [2.345383247661704, 48.84648563438102]]}}, {"type": "Feature", "properties": {"highway": "footway", "footway": null, "name": null, "surface": "paving_stones", "lit": "24/7", "length_m": 9.71, "type_element": "Way", "__fid": 60823}, "geometry": {"type": "LineString", "coordinates": [[2.3453303, 48.8463694], [2.345455577539757, 48.84634125098555]]}}, {"type": "Feature", "properties": {"highway": "living_street", "footway": null, "name": "Place du Panthéon", "surface": "sett", "lit": "yes", "length_m": 75.79, "type_element": "Way", "__fid": 60827}, "geometry": {"type": "LineString", "coordinates": [[2.3463018, 48.8467238], [2.3453257, 48.8469463]]}}, {"type": "Feature", "properties": {"highway": "footway", "footway": "crossing", "name": null, "surface": "asphalt", "lit": "yes", "length_m": 18.18, "type_element": "Way", "__fid": 60834}, "geometry": {"type": "LineString", "coordinates": [[2.3453614, 48.8443425], [2.3454505, 48.84449510000001]]}}, {"type": "Feature", "properties": {"highway": "footway", "footway": "sidewalk", "name": null, "surface": "asphalt", "lit": "yes", "length_m": 32.22, "type_element": "Way", "__fid": 60835}, "geometry": {"type": "LineString", "coordinates": [[2.3453614, 48.8443425], [2.3453992, 48.8443314], [2.3456252, 48.8441154]]}}, {"type": "Feature", "properties": {"highway": "footway", "footway": null, "name": null, "surface": "paving_stones", "lit": "yes", "length_m": 9.51, "type_element": "Way", "__fid": 60858}, "geometry": {"type": "LineString", "coordinates": [[2.345355523330499, 48.846143405862954], [2.345398609695507, 48.84622403444366]]}}, {"type": "Feature", "properties": {"highway": "footway", "footway": null, "name": null, "surface": "paving_stones", "lit": "24/7", "length_m": 13.55, "type_element": "Way", "__fid": 60859}, "geometry": {"type": "LineString", "coordinates": [[2.3455078, 48.8461518], [2.3454999, 48.8461323], [2.3454649, 48.8461205], [2.345355523330499, 48.846143405862954]]}}, {"type": "Feature", "properties": {"highway": "footway", "footway": null, "name": null, "surface": null, "lit": "24/7", "length_m": 19.02, "type_element": "Way", "__fid": 60886}, "geometry": {"type": "LineString", "coordinates": [[2.345383247661704, 48.84648563438102], [2.3454148, 48.846554900000015], [2.345455, 48.846566600000024], [2.345555339779356, 48.8465447177055]]}}, {"type": "Feature", "properties": {"highway": "footway", "footway": null, "name": null, "surface": "paving_stones", "lit": "yes", "length_m": 9.95, "type_element": "Way", "__fid": 60887}, "geometry": {"type": "LineString", "coordinates": [[2.345383247661704, 48.84648563438102], [2.345512, 48.8464575]]}}, {"type": "Feature", "properties": {"highway": "footway", "footway": null, "name": null, "surface": "paving_stones", "lit": "yes", "length_m": 0.15, "type_element": "Way", "__fid": 60900}, "geometry": {"type": "LineString", "coordinates": [[2.345399299999912, 48.84622530000008], [2.345398609695507, 48.84622403444366]]}}, {"type": "Feature", "properties": {"highway": "footway", "footway": null, "name": null, "surface": null, "lit": null, "length_m": 16.97, "type_element": "Way", "__fid": 60901}, "geometry": {"type": "LineString", "coordinates": [[2.3455808, 48.8462254], [2.3455621, 48.8461884], [2.345398609695507, 48.84622403444366]]}}, {"type": "Feature", "properties": {"highway": "footway", "footway": null, "name": null, "surface": null, "lit": "24/7", "length_m": 13.54, "type_element": "Way", "__fid": 60903}, "geometry": {"type": "LineString", "coordinates": [[2.3454607, 48.8463401], [2.345399299999912, 48.84622530000008]]}}, {"type": "Feature", "properties": {"highway": "footway", "footway": null, "name": null, "surface": "paving_stones", "lit": "yes", "length_m": 13.54, "type_element": "Way", "__fid": 60904}, "geometry": {"type": "LineString", "coordinates": [[2.345399299999912, 48.84622530000008], [2.345455577539757, 48.84634125098555]]}}, {"type": "Feature", "properties": {"highway": "footway", "footway": "sidewalk", "name": null, "surface": "asphalt", "lit": "yes", "length_m": 40.87, "type_element": "Way", "__fid": 60922}, "geometry": {"type": "LineString", "coordinates": [[2.345433, 48.844634], [2.3456162, 48.8449811]]}}, {"type": "Feature", "properties": {"highway": "footway", "footway": "sidewalk", "name": null, "surface": "asphalt", "lit": "yes", "length_m": 16.12, "type_element": "Way", "__fid": 60923}, "geometry": {"type": "LineString", "coordinates": [[2.3454505, 48.84449510000001], [2.3454113, 48.84456560000001], [2.345433, 48.844634]]}}, {"type": "Feature", "properties": {"highway": "footway", "footway": "sidewalk", "name": null, "surface": "asphalt", "lit": "yes", "length_m": 97.11, "type_element": "Way", "__fid": 60924}, "geometry": {"type": "LineString", "coordinates": [[2.3458319, 48.8422056], [2.3458299, 48.842150400000016], [2.3454757, 48.8413664]]}}, {"type": "Feature", "properties": {"highway": "footway", "footway": "sidewalk", "name": null, "surface": "asphalt", "lit": "yes", "length_m": 42.57, "type_element": "Way", "__fid": 60952}, "geometry": {"type": "LineString", "coordinates": [[2.3457637, 48.84417340000001], [2.3455441, 48.8443826], [2.3454505, 48.84449510000001]]}}, {"type": "Feature", "properties": {"highway": "footway", "footway": "crossing", "name": null, "surface": "sett", "lit": "yes", "length_m": 9.69, "type_element": "Way", "__fid": 60969}, "geometry": {"type": "LineString", "coordinates": [[2.3455109, 48.8451182], [2.3454647, 48.8450366]]}}, {"type": "Feature", "properties": {"highway": "footway", "footway": "sidewalk", "name": null, "surface": "asphalt", "lit": "yes", "length_m": 3.25, "type_element": "Way", "__fid": 60970}, "geometry": {"type": "LineString", "coordinates": [[2.3454895, 48.8450124], [2.3454647, 48.8450366]]}}, {"type": "Feature", "properties": {"highway": "footway", "footway": null, "name": null, "surface": "paving_stones", "lit": "yes", "length_m": 13.57, "type_element": "Way", "__fid": 60980}, "geometry": {"type": "LineString", "coordinates": [[2.345455577539757, 48.84634125098555], [2.345512, 48.8464575]]}}, {"type": "Feature", "properties": {"highway": "footway", "footway": null, "name": null, "surface": "paving_stones", "lit": "24/7", "length_m": 0.4, "type_element": "Way", "__fid": 60981}, "geometry": {"type": "LineString", "coordinates": [[2.345455577539757, 48.84634125098555], [2.3454607, 48.8463401]]}}, {"type": "Feature", "properties": {"highway": "footway", "footway": null, "name": null, "surface": null, "lit": "24/7", "length_m": 13.58, "type_element": "Way", "__fid": 60985}, "geometry": {"type": "LineString", "coordinates": [[2.345515063022415, 48.84645682797493], [2.3454607, 48.8463401]]}}, {"type": "Feature", "properties": {"highway": "footway", "footway": null, "name": null, "surface": "paving_stones", "lit": "24/7", "length_m": 12.4, "type_element": "Way", "__fid": 60986}, "geometry": {"type": "LineString", "coordinates": [[2.3454607, 48.8463401], [2.345621569674808, 48.84630590182631]]}}, {"type": "Feature", "properties": {"highway": "service", "footway": null, "name": null, "surface": "concrete", "lit": null, "length_m": 71.53, "type_element": "Way", "__fid": 60990}, "geometry": {"type": "LineString", "coordinates": [[2.3455287, 48.84135370000001], [2.345581, 48.8413925], [2.345856, 48.8419553]]}}, {"type": "Feature", "properties": {"highway": "footway", "footway": "crossing", "name": null, "surface": "asphalt", "lit": "yes", "length_m": 9.93, "type_element": "Way", "__fid": 60996}, "geometry": {"type": "LineString", "coordinates": [[2.3454895, 48.8450124], [2.3456162, 48.8449811]]}}, {"type": "Feature", "properties": {"highway": "service", "footway": null, "name": null, "surface": "asphalt", "lit": null, "length_m": 13.33, "type_element": "Way", "__fid": 61013}, "geometry": {"type": "LineString", "coordinates": [[2.3456731, 48.8434424], [2.3455283, 48.8433701]]}}, {"type": "Feature", "properties": {"highway": "footway", "footway": "sidewalk", "name": null, "surface": "asphalt", "lit": "yes", "length_m": 2.14, "type_element": "Way", "__fid": 61020}, "geometry": {"type": "LineString", "coordinates": [[2.3455384, 48.84512460000001], [2.3455109, 48.8451182]]}}, {"type": "Feature", "properties": {"highway": "footway", "footway": null, "name": null, "surface": "paving_stones", "lit": "yes", "length_m": 10.21, "type_element": "Way", "__fid": 61048}, "geometry": {"type": "LineString", "coordinates": [[2.345512, 48.8464575], [2.345555339779356, 48.8465447177055]]}}, {"type": "Feature", "properties": {"highway": "footway", "footway": null, "name": null, "surface": "paving_stones", "lit": "yes", "length_m": 0.24, "type_element": "Way", "__fid": 61049}, "geometry": {"type": "LineString", "coordinates": [[2.345515063022415, 48.84645682797493], [2.345512, 48.8464575]]}}, {"type": "Feature", "properties": {"highway": "steps", "footway": null, "name": null, "surface": "stone", "lit": null, "length_m": 6.42, "type_element": "Way", "__fid": 61053}, "geometry": {"type": "LineString", "coordinates": [[2.3455167, 48.8462688], [2.3455467, 48.8462748], [2.345600499395403, 48.84626430010344]]}}, {"type": "Feature", "properties": {"highway": "footway", "footway": null, "name": null, "surface": null, "lit": "24/7", "length_m": 0.33, "type_element": "Way", "__fid": 61058}, "geometry": {"type": "LineString", "coordinates": [[2.3455164, 48.8464597], [2.345515063022415, 48.84645682797493]]}}, {"type": "Feature", "properties": {"highway": "footway", "footway": null, "name": null, "surface": null, "lit": null, "length_m": 12.74, "type_element": "Way", "__fid": 61059}, "geometry": {"type": "LineString", "coordinates": [[2.345515063022415, 48.84645682797493], [2.3456801, 48.8464213]]}}, {"type": "Feature", "properties": {"highway": "footway", "footway": "sidewalk", "name": null, "surface": "asphalt", "lit": "yes", "length_m": 54.5, "type_element": "Way", "__fid": 61065}, "geometry": {"type": "LineString", "coordinates": [[2.3457719, 48.8455899], [2.3455384, 48.84512460000001]]}}, {"type": "Feature", "properties": {"highway": "footway", "footway": "crossing", "name": null, "surface": "asphalt", "lit": "yes", "length_m": 10.43, "type_element": "Way", "__fid": 61066}, "geometry": {"type": "LineString", "coordinates": [[2.3455384, 48.84512460000001], [2.3456733, 48.845095]]}}, {"type": "Feature", "properties": {"highway": "footway", "footway": null, "name": null, "surface": null, "lit": null, "length_m": 4.38, "type_element": "Way", "__fid": 61067}, "geometry": {"type": "LineString", "coordinates": [[2.3455808, 48.8462254], [2.3455247, 48.8462388]]}}, {"type": "Feature", "properties": {"highway": "footway", "footway": null, "name": null, "surface": null, "lit": "24/7", "length_m": 13.76, "type_element": "Way", "__fid": 61108}, "geometry": {"type": "LineString", "coordinates": [[2.345555339779356, 48.8465447177055], [2.3456563, 48.8465227], [2.3456781, 48.8465014], [2.3456669, 48.846474500000014]]}}, {"type": "Feature", "properties": {"highway": "footway", "footway": null, "name": null, "surface": null, "lit": null, "length_m": 4.56, "type_element": "Way", "__fid": 61139}, "geometry": {"type": "LineString", "coordinates": [[2.345600499395403, 48.84626430010344], [2.3455808, 48.8462254]]}}, {"type": "Feature", "properties": {"highway": "footway", "footway": "crossing", "name": null, "surface": null, "lit": "yes", "length_m": 12.04, "type_element": "Way", "__fid": 61155}, "geometry": {"type": "LineString", "coordinates": [[2.3457637, 48.84417340000001], [2.3456252, 48.8441154]]}}, {"type": "Feature", "properties": {"highway": "footway", "footway": "sidewalk", "name": null, "surface": "asphalt", "lit": "yes", "length_m": 54.62, "type_element": "Way", "__fid": 61156}, "geometry": {"type": "LineString", "coordinates": [[2.3456252, 48.8441154], [2.3460508, 48.8437124]]}}, {"type": "Feature", "properties": {"highway": "footway", "footway": "sidewalk", "name": null, "surface": "asphalt", "lit": "yes", "length_m": 1.96, "type_element": "Way", "__fid": 61160}, "geometry": {"type": "LineString", "coordinates": [[2.3456162, 48.8449811], [2.3456424, 48.8449843]]}}, {"type": "Feature", "properties": {"highway": "footway", "footway": null, "name": null, "surface": null, "lit": null, "length_m": 4.58, "type_element": "Way", "__fid": 61161}, "geometry": {"type": "LineString", "coordinates": [[2.3456203, 48.8463034], [2.345600499395403, 48.84626430010344]]}}, {"type": "Feature", "properties": {"highway": "footway", "footway": null, "name": null, "surface": null, "lit": null, "length_m": 22.4, "type_element": "Way", "__fid": 61162}, "geometry": {"type": "LineString", "coordinates": [[2.345600499395403, 48.84626430010344], [2.3456335, 48.846258800000015], [2.345605250000174, 48.84618330000017], [2.345564749999908, 48.84619020000003], [2.3456695, 48.8461649]]}}, {"type": "Feature", "properties": {"highway": "footway", "footway": null, "name": null, "surface": null, "lit": null, "length_m": 4.48, "type_element": "Way", "__fid": 61172}, "geometry": {"type": "LineString", "coordinates": [[2.3456609, 48.8463834], [2.3456049, 48.84639940000001]]}}, {"type": "Feature", "properties": {"highway": "footway", "footway": null, "name": null, "surface": null, "lit": null, "length_m": 0.29, "type_element": "Way", "__fid": 61188}, "geometry": {"type": "LineString", "coordinates": [[2.345621569674808, 48.84630590182631], [2.3456203, 48.8463034]]}}, {"type": "Feature", "properties": {"highway": "footway", "footway": null, "name": null, "surface": null, "lit": null, "length_m": 8.17, "type_element": "Way", "__fid": 61189}, "geometry": {"type": "LineString", "coordinates": [[2.3456203, 48.8463034], [2.3457263, 48.8462808]]}}, {"type": "Feature", "properties": {"highway": "footway", "footway": null, "name": null, "surface": null, "lit": null, "length_m": 9.09, "type_element": "Way", "__fid": 61192}, "geometry": {"type": "LineString", "coordinates": [[2.3456609, 48.8463834], [2.345621569674808, 48.84630590182631]]}}, {"type": "Feature", "properties": {"highway": "footway", "footway": null, "name": null, "surface": "paving_stones", "lit": null, "length_m": 8.17, "type_element": "Way", "__fid": 61193}, "geometry": {"type": "LineString", "coordinates": [[2.345621569674808, 48.84630590182631], [2.345727572060642, 48.84628332555376]]}}, {"type": "Feature", "properties": {"highway": "footway", "footway": "crossing", "name": null, "surface": "asphalt", "lit": "yes", "length_m": 9.61, "type_element": "Way", "__fid": 61208}, "geometry": {"type": "LineString", "coordinates": [[2.3456424, 48.8449843], [2.34568896666654, 48.84506503333336]]}}, {"type": "Feature", "properties": {"highway": "footway", "footway": "sidewalk", "name": null, "surface": "asphalt", "lit": "yes", "length_m": 68.87, "type_element": "Way", "__fid": 61209}, "geometry": {"type": "LineString", "coordinates": [[2.3456424, 48.8449843], [2.3465236, 48.844771399999985]]}}, {"type": "Feature", "properties": {"highway": "service", "footway": null, "name": null, "surface": null, "lit": null, "length_m": 46.67, "type_element": "Way", "__fid": 61221}, "geometry": {"type": "LineString", "coordinates": [[2.3460508, 48.8437124], [2.3456333, 48.8435202], [2.3456318, 48.8435024], [2.3456731, 48.8434424]]}}, {"type": "Feature", "properties": {"highway": "footway", "footway": "sidewalk", "name": null, "surface": "asphalt", "lit": "yes", "length_m": 54.51, "type_element": "Way", "__fid": 61245}, "geometry": {"type": "LineString", "coordinates": [[2.3456733, 48.845095], [2.3459034, 48.8455611]]}}, {"type": "Feature", "properties": {"highway": "footway", "footway": "sidewalk", "name": null, "surface": "asphalt", "lit": "yes", "length_m": 4.47, "type_element": "Way", "__fid": 61246}, "geometry": {"type": "LineString", "coordinates": [[2.3456733, 48.845095], [2.3456664, 48.8450805], [2.3456917, 48.84506990000002], [2.34568896666654, 48.84506503333336]]}}, {"type": "Feature", "properties": {"highway": "footway", "footway": null, "name": null, "surface": null, "lit": null, "length_m": 4.44, "type_element": "Way", "__fid": 61260}, "geometry": {"type": "LineString", "coordinates": [[2.3456801, 48.8464213], [2.3456609, 48.8463834]]}}, {"type": "Feature", "properties": {"highway": "footway", "footway": null, "name": null, "surface": null, "lit": null, "length_m": 4.26, "type_element": "Way", "__fid": 61266}, "geometry": {"type": "LineString", "coordinates": [[2.3456872, 48.8462014], [2.3456695, 48.8461649]]}}, {"type": "Feature", "properties": {"highway": "footway", "footway": null, "name": null, "surface": null, "lit": null, "length_m": 4.48, "type_element": "Way", "__fid": 61267}, "geometry": {"type": "LineString", "coordinates": [[2.3456695, 48.8461649], [2.3457275, 48.8461523]]}}, {"type": "Feature", "properties": {"highway": "footway", "footway": "sidewalk", "name": null, "surface": "asphalt", "lit": "yes", "length_m": 70.54, "type_element": "Way", "__fid": 61275}, "geometry": {"type": "LineString", "coordinates": [[2.3465916, 48.84486690000002], [2.3465722, 48.8448578], [2.34568896666654, 48.84506503333336]]}}, {"type": "Feature", "properties": {"highway": "footway", "footway": null, "name": null, "surface": null, "lit": null, "length_m": 8.07, "type_element": "Way", "__fid": 61281}, "geometry": {"type": "LineString", "coordinates": [[2.3456801, 48.8464213], [2.3457848, 48.846399]]}}, {"type": "Feature", "properties": {"highway": "footway", "footway": null, "name": null, "surface": null, "lit": null, "length_m": 9.28, "type_element": "Way", "__fid": 61288}, "geometry": {"type": "LineString", "coordinates": [[2.3457263, 48.8462808], [2.3456872, 48.8462014]]}}, {"type": "Feature", "properties": {"highway": "footway", "footway": null, "name": null, "surface": null, "lit": null, "length_m": 4.54, "type_element": "Way", "__fid": 61289}, "geometry": {"type": "LineString", "coordinates": [[2.345746, 48.8461888], [2.3456872, 48.8462014]]}}, {"type": "Feature", "properties": {"highway": "footway", "footway": null, "name": null, "surface": null, "lit": null, "length_m": 4.28, "type_element": "Way", "__fid": 61335}, "geometry": {"type": "LineString", "coordinates": [[2.345746, 48.8461888], [2.3457275, 48.8461523]]}}, {"type": "Feature", "properties": {"highway": "footway", "footway": null, "name": null, "surface": null, "lit": null, "length_m": 4.15, "type_element": "Way", "__fid": 61336}, "geometry": {"type": "LineString", "coordinates": [[2.3457275, 48.8461523], [2.3457812, 48.8461405]]}}, {"type": "Feature", "properties": {"highway": "footway", "footway": null, "name": null, "surface": null, "lit": null, "length_m": 0.3, "type_element": "Way", "__fid": 61337}, "geometry": {"type": "LineString", "coordinates": [[2.345727572060642, 48.84628332555376], [2.3457263, 48.8462808]]}}, {"type": "Feature", "properties": {"highway": "footway", "footway": null, "name": null, "surface": null, "lit": null, "length_m": 5.62, "type_element": "Way", "__fid": 61338}, "geometry": {"type": "LineString", "coordinates": [[2.3457263, 48.8462808], [2.345799244045102, 48.84626530747424]]}}, {"type": "Feature", "properties": {"highway": "footway", "footway": null, "name": null, "surface": null, "lit": null, "length_m": 9.17, "type_element": "Way", "__fid": 61339}, "geometry": {"type": "LineString", "coordinates": [[2.3457669, 48.846361600000016], [2.345727572060642, 48.84628332555376]]}}, {"type": "Feature", "properties": {"highway": "footway", "footway": null, "name": null, "surface": "paving_stones", "lit": null, "length_m": 5.62, "type_element": "Way", "__fid": 61340}, "geometry": {"type": "LineString", "coordinates": [[2.345727572060642, 48.84628332555376], [2.3458004, 48.8462678]]}}, {"type": "Feature", "properties": {"highway": "service", "footway": null, "name": null, "surface": null, "lit": null, "length_m": 5.29, "type_element": "Way", "__fid": 61344}, "geometry": {"type": "LineString", "coordinates": [[2.345856, 48.8419553], [2.3457888, 48.8419726]]}}, {"type": "Feature", "properties": {"highway": "footway", "footway": "sidewalk", "name": null, "surface": "asphalt", "lit": "yes", "length_m": 1.75, "type_element": "Way", "__fid": 61350}, "geometry": {"type": "LineString", "coordinates": [[2.3457814, 48.8441628], [2.3457637, 48.84417340000001]]}}, {"type": "Feature", "properties": {"highway": "footway", "footway": null, "name": null, "surface": null, "lit": null, "length_m": 4.19, "type_element": "Way", "__fid": 61357}, "geometry": {"type": "LineString", "coordinates": [[2.3458003, 48.8461772], [2.345746, 48.8461888]]}}, {"type": "Feature", "properties": {"highway": "footway", "footway": "sidewalk", "name": null, "surface": "asphalt", "lit": "yes", "length_m": 88.7, "type_element": "Way", "__fid": 61369}, "geometry": {"type": "LineString", "coordinates": [[2.346578233333354, 48.84475813333334], [2.3463063, 48.8445397], [2.3458276, 48.8441761], [2.3457814, 48.8441628]]}}, {"type": "Feature", "properties": {"highway": "footway", "footway": "crossing", "name": null, "surface": null, "lit": "yes", "length_m": 7.83, "type_element": "Way", "__fid": 61370}, "geometry": {"type": "LineString", "coordinates": [[2.3457814, 48.8441628], [2.345836266666899, 48.8441024333334]]}}, {"type": "Feature", "properties": {"highway": "footway", "footway": "crossing", "name": null, "surface": "sett", "lit": "yes", "length_m": 11.65, "type_element": "Way", "__fid": 61371}, "geometry": {"type": "LineString", "coordinates": [[2.3457634, 48.845605], [2.3458157, 48.8457039]]}}, {"type": "Feature", "properties": {"highway": "footway", "footway": "sidewalk", "name": null, "surface": "paving_stones", "lit": "yes", "length_m": 1.79, "type_element": "Way", "__fid": 61372}, "geometry": {"type": "LineString", "coordinates": [[2.3457634, 48.845605], [2.3457719, 48.8455899]]}}, {"type": "Feature", "properties": {"highway": "footway", "footway": "crossing", "name": null, "surface": "asphalt", "lit": "yes", "length_m": 5.16, "type_element": "Way", "__fid": 61384}, "geometry": {"type": "LineString", "coordinates": [[2.3457719, 48.8455899], [2.3458385, 48.845575099999984]]}}, {"type": "Feature", "properties": {"highway": "footway", "footway": null, "name": null, "surface": null, "lit": null, "length_m": 4.36, "type_element": "Way", "__fid": 61394}, "geometry": {"type": "LineString", "coordinates": [[2.3457848, 48.846399], [2.3457669, 48.846361600000016]]}}, {"type": "Feature", "properties": {"highway": "footway", "footway": null, "name": null, "surface": null, "lit": null, "length_m": 4.56, "type_element": "Way", "__fid": 61395}, "geometry": {"type": "LineString", "coordinates": [[2.3457669, 48.846361600000016], [2.3458262, 48.8463493]]}}, {"type": "Feature", "properties": {"highway": "footway", "footway": null, "name": null, "surface": "paving_stones", "lit": null, "length_m": 6.8, "type_element": "Way", "__fid": 61396}, "geometry": {"type": "LineString", "coordinates": [[2.345799244045102, 48.84626530747424], [2.3457722, 48.8462068]]}}, {"type": "Feature", "properties": {"highway": "footway", "footway": null, "name": null, "surface": null, "lit": null, "length_m": 4.31, "type_element": "Way", "__fid": 61407}, "geometry": {"type": "LineString", "coordinates": [[2.3458003, 48.8461772], [2.3457812, 48.8461405]]}}, {"type": "Feature", "properties": {"highway": "footway", "footway": null, "name": null, "surface": null, "lit": null, "length_m": 5.07, "type_element": "Way", "__fid": 61408}, "geometry": {"type": "LineString", "coordinates": [[2.3457812, 48.8461405], [2.3458468, 48.8461262]]}}, {"type": "Feature", "properties": {"highway": "footway", "footway": "traffic_island", "name": "Place Alfred-Kastler", "surface": "asphalt", "lit": "yes", "length_m": 20.99, "type_element": "Way", "__fid": 61409}, "geometry": {"type": "LineString", "coordinates": [[2.3461046, 48.842150400000016], [2.3459154, 48.8421951], [2.3458319, 48.8422056]]}}, {"type": "Feature", "properties": {"highway": "footway", "footway": null, "name": null, "surface": null, "lit": null, "length_m": 4.44, "type_element": "Way", "__fid": 61414}, "geometry": {"type": "LineString", "coordinates": [[2.3457848, 48.846399], [2.3458424, 48.84638669999998]]}}, {"type": "Feature", "properties": {"highway": "footway", "footway": null, "name": null, "surface": null, "lit": null, "length_m": 7.47, "type_element": "Way", "__fid": 61421}, "geometry": {"type": "LineString", "coordinates": [[2.3458218, 48.8459559], [2.3458005, 48.8458902]]}}, {"type": "Feature", "properties": {"highway": "footway", "footway": null, "name": null, "surface": null, "lit": null, "length_m": 9.3, "type_element": "Way", "__fid": 61424}, "geometry": {"type": "LineString", "coordinates": [[2.3458393, 48.8462568], [2.3458003, 48.8461772]]}}, {"type": "Feature", "properties": {"highway": "footway", "footway": null, "name": null, "surface": null, "lit": null, "length_m": 4.98, "type_element": "Way", "__fid": 61425}, "geometry": {"type": "LineString", "coordinates": [[2.3458648, 48.8461634], [2.3458003, 48.8461772]]}}, {"type": "Feature", "properties": {"highway": "footway", "footway": null, "name": null, "surface": "paving_stones", "lit": null, "length_m": 0.29, "type_element": "Way", "__fid": 61426}, "geometry": {"type": "LineString", "coordinates": [[2.3458004, 48.8462678], [2.345799244045102, 48.84626530747424]]}}, {"type": "Feature", "properties": {"highway": "footway", "footway": null, "name": null, "surface": null, "lit": null, "length_m": 3.09, "type_element": "Way", "__fid": 61427}, "geometry": {"type": "LineString", "coordinates": [[2.345799244045102, 48.84626530747424], [2.3458393, 48.8462568]]}}, {"type": "Feature", "properties": {"highway": "footway", "footway": null, "name": null, "surface": "paving_stones", "lit": null, "length_m": 6.88, "type_element": "Way", "__fid": 61428}, "geometry": {"type": "LineString", "coordinates": [[2.3458307, 48.8463264], [2.3458004, 48.8462678]]}}, {"type": "Feature", "properties": {"highway": "footway", "footway": null, "name": null, "surface": "paving_stones", "lit": null, "length_m": 3.09, "type_element": "Way", "__fid": 61429}, "geometry": {"type": "LineString", "coordinates": [[2.3458004, 48.8462678], [2.345840475504473, 48.846259268111666]]}}, {"type": "Feature", "properties": {"highway": "service", "footway": null, "name": "Rue Pierre Brossolette", "surface": "asphalt", "lit": null, "length_m": 154.53, "type_element": "Way", "__fid": 61430}, "geometry": {"type": "LineString", "coordinates": [[2.345856, 48.8419553], [2.3461838, 48.8421365], [2.346423, 48.8421534], [2.3477735, 48.8418287]]}}, {"type": "Feature", "properties": {"highway": "footway", "footway": "crossing", "name": null, "surface": "sett", "lit": "yes", "length_m": 8.49, "type_element": "Way", "__fid": 61432}, "geometry": {"type": "LineString", "coordinates": [[2.3458538, 48.845776], [2.3458157, 48.8457039]]}}, {"type": "Feature", "properties": {"highway": "living_street", "footway": null, "name": "Place du Panthéon", "surface": "sett", "lit": "yes", "length_m": 6.03, "type_element": "Way", "__fid": 61433}, "geometry": {"type": "LineString", "coordinates": [[2.3458157, 48.8457039], [2.3458936, 48.8456867]]}}, {"type": "Feature", "properties": {"highway": "footway", "footway": "sidewalk", "name": null, "surface": "asphalt", "lit": "yes", "length_m": 100.21, "type_element": "Way", "__fid": 61434}, "geometry": {"type": "LineString", "coordinates": [[2.345836266666899, 48.8441024333334], [2.3458099, 48.844075300000014], [2.3458153, 48.8440597], [2.3460333, 48.8438804], [2.3460815, 48.8438249], [2.3464252, 48.8435011], [2.3465809, 48.8433736]]}}, {"type": "Feature", "properties": {"highway": "footway", "footway": "sidewalk", "name": null, "surface": null, "lit": "yes", "length_m": 93.4, "type_element": "Way", "__fid": 61435}, "geometry": {"type": "LineString", "coordinates": [[2.346642533333362, 48.844742500000024], [2.3462474, 48.8444089], [2.3458414, 48.8440977], [2.345836266666899, 48.8441024333334]]}}, {"type": "Feature", "properties": {"highway": "footway", "footway": null, "name": null, "surface": null, "lit": null, "length_m": 9.47, "type_element": "Way", "__fid": 61441}, "geometry": {"type": "LineString", "coordinates": [[2.3458615, 48.8460369], [2.3458218, 48.8459559]]}}, {"type": "Feature", "properties": {"highway": "footway", "footway": null, "name": null, "surface": null, "lit": null, "length_m": 4.68, "type_element": "Way", "__fid": 61442}, "geometry": {"type": "LineString", "coordinates": [[2.3458218, 48.8459559], [2.3458826, 48.8459431]]}}, {"type": "Feature", "properties": {"highway": "footway", "footway": null, "name": null, "surface": null, "lit": null, "length_m": 4.33, "type_element": "Way", "__fid": 61456}, "geometry": {"type": "LineString", "coordinates": [[2.3458424, 48.84638669999998], [2.3458262, 48.8463493]]}}, {"type": "Feature", "properties": {"highway": "footway", "footway": null, "name": null, "surface": null, "lit": null, "length_m": 4.04, "type_element": "Way", "__fid": 61457}, "geometry": {"type": "LineString", "coordinates": [[2.3458262, 48.8463493], [2.3458788, 48.8463385]]}}, {"type": "Feature", "properties": {"highway": "footway", "footway": null, "name": null, "surface": "paving_stones", "lit": null, "length_m": 4.45, "type_element": "Way", "__fid": 61463}, "geometry": {"type": "LineString", "coordinates": [[2.345890247504153, 48.84595870787018], [2.3458331, 48.84597209999998]]}}, {"type": "Feature", "properties": {"highway": "living_street", "footway": null, "name": "Rue d'Ulm", "surface": "sett", "lit": "yes", "length_m": 13.05, "type_element": "Way", "__fid": 61467}, "geometry": {"type": "LineString", "coordinates": [[2.3458385, 48.845575099999984], [2.3458936, 48.8456867]]}}, {"type": "Feature", "properties": {"highway": "footway", "footway": "crossing", "name": null, "surface": "asphalt", "lit": "yes", "length_m": 5.01, "type_element": "Way", "__fid": 61468}, "geometry": {"type": "LineString", "coordinates": [[2.3458385, 48.845575099999984], [2.3459034, 48.8455611]]}}, {"type": "Feature", "properties": {"highway": "footway", "footway": null, "name": null, "surface": null, "lit": null, "length_m": 0.29, "type_element": "Way", "__fid": 61488}, "geometry": {"type": "LineString", "coordinates": [[2.345840475504473, 48.846259268111666], [2.3458393, 48.8462568]]}}, {"type": "Feature", "properties": {"highway": "footway", "footway": null, "name": null, "surface": null, "lit": null, "length_m": 9.22, "type_element": "Way", "__fid": 61489}, "geometry": {"type": "LineString", "coordinates": [[2.3458393, 48.8462568], [2.3459589, 48.8462313]]}}, {"type": "Feature", "properties": {"highway": "footway", "footway": null, "name": null, "surface": null, "lit": null, "length_m": 9.25, "type_element": "Way", "__fid": 61490}, "geometry": {"type": "LineString", "coordinates": [[2.3458788, 48.8463385], [2.345840475504473, 48.846259268111666]]}}, {"type": "Feature", "properties": {"highway": "footway", "footway": null, "name": null, "surface": "paving_stones", "lit": null, "length_m": 9.23, "type_element": "Way", "__fid": 61491}, "geometry": {"type": "LineString", "coordinates": [[2.345840475504473, 48.846259268111666], [2.345960162012408, 48.84623378731438]]}}, {"type": "Feature", "properties": {"highway": "footway", "footway": null, "name": null, "surface": null, "lit": null, "length_m": 4.23, "type_element": "Way", "__fid": 61497}, "geometry": {"type": "LineString", "coordinates": [[2.3458424, 48.84638669999998], [2.3458973, 48.846375]]}}, {"type": "Feature", "properties": {"highway": "footway", "footway": null, "name": null, "surface": null, "lit": null, "length_m": 4.34, "type_element": "Way", "__fid": 61500}, "geometry": {"type": "LineString", "coordinates": [[2.3458648, 48.8461634], [2.3458468, 48.8461262]]}}, {"type": "Feature", "properties": {"highway": "footway", "footway": null, "name": null, "surface": null, "lit": null, "length_m": 4.08, "type_element": "Way", "__fid": 61501}, "geometry": {"type": "LineString", "coordinates": [[2.3458468, 48.8461262], [2.3458996, 48.8461147]]}}, {"type": "Feature", "properties": {"highway": "footway", "footway": "sidewalk", "name": null, "surface": "paving_stones", "lit": "yes", "length_m": 29.53, "type_element": "Way", "__fid": 61506}, "geometry": {"type": "LineString", "coordinates": [[2.3462357, 48.8456924], [2.3458538, 48.845776]]}}, {"type": "Feature", "properties": {"highway": "footway", "footway": null, "name": null, "surface": null, "lit": null, "length_m": 4.16, "type_element": "Way", "__fid": 61518}, "geometry": {"type": "LineString", "coordinates": [[2.345879, 48.8460725], [2.3458615, 48.8460369]]}}, {"type": "Feature", "properties": {"highway": "footway", "footway": null, "name": null, "surface": null, "lit": null, "length_m": 4.68, "type_element": "Way", "__fid": 61519}, "geometry": {"type": "LineString", "coordinates": [[2.3458615, 48.8460369], [2.3459222, 48.846024]]}}, {"type": "Feature", "properties": {"highway": "footway", "footway": null, "name": null, "surface": null, "lit": null, "length_m": 4.14, "type_element": "Way", "__fid": 61530}, "geometry": {"type": "LineString", "coordinates": [[2.3459185, 48.8461519], [2.3458648, 48.8461634]]}}, {"type": "Feature", "properties": {"highway": "footway", "footway": null, "name": null, "surface": "paving_stones", "lit": null, "length_m": 4.37, "type_element": "Way", "__fid": 61540}, "geometry": {"type": "LineString", "coordinates": [[2.34592717823056, 48.84603421248981], [2.3458707, 48.84604679999999]]}}, {"type": "Feature", "properties": {"highway": "footway", "footway": null, "name": null, "surface": null, "lit": null, "length_m": 2.19, "type_element": "Way", "__fid": 61543}, "geometry": {"type": "LineString", "coordinates": [[2.3458738, 48.8459243], [2.3458826, 48.8459431]]}}, {"type": "Feature", "properties": {"highway": "footway", "footway": null, "name": null, "surface": null, "lit": null, "length_m": 4.93, "type_element": "Way", "__fid": 61559}, "geometry": {"type": "LineString", "coordinates": [[2.3458996, 48.8461147], [2.345879, 48.8460725]]}}, {"type": "Feature", "properties": {"highway": "footway", "footway": null, "name": null, "surface": null, "lit": null, "length_m": 4.67, "type_element": "Way", "__fid": 61560}, "geometry": {"type": "LineString", "coordinates": [[2.345879, 48.8460725], [2.3459397, 48.8460599]]}}, {"type": "Feature", "properties": {"highway": "footway", "footway": null, "name": null, "surface": null, "lit": null, "length_m": 1.82, "type_element": "Way", "__fid": 61561}, "geometry": {"type": "LineString", "coordinates": [[2.3458826, 48.8459431], [2.345890247504153, 48.84595870787018]]}}, {"type": "Feature", "properties": {"highway": "footway", "footway": null, "name": null, "surface": null, "lit": null, "length_m": 5.33, "type_element": "Way", "__fid": 61562}, "geometry": {"type": "LineString", "coordinates": [[2.3458826, 48.8459431], [2.345951806022404, 48.845928551682846]]}}, {"type": "Feature", "properties": {"highway": "footway", "footway": null, "name": null, "surface": null, "lit": null, "length_m": 4.28, "type_element": "Way", "__fid": 61563}, "geometry": {"type": "LineString", "coordinates": [[2.3458973, 48.846375], [2.3458788, 48.8463385]]}}, {"type": "Feature", "properties": {"highway": "footway", "footway": null, "name": null, "surface": null, "lit": null, "length_m": 4.9, "type_element": "Way", "__fid": 61564}, "geometry": {"type": "LineString", "coordinates": [[2.3458788, 48.8463385], [2.3459423, 48.846325]]}}, {"type": "Feature", "properties": {"highway": "living_street", "footway": null, "name": "Place du Panthéon", "surface": "sett", "lit": "yes", "length_m": 23.77, "type_element": "Way", "__fid": 61586}, "geometry": {"type": "LineString", "coordinates": [[2.3458936, 48.8456867], [2.3462003, 48.8456181]]}}, {"type": "Feature", "properties": {"highway": "footway", "footway": null, "name": null, "surface": null, "lit": null, "length_m": 3.42, "type_element": "Way", "__fid": 61587}, "geometry": {"type": "LineString", "coordinates": [[2.345890247504153, 48.84595870787018], [2.3459046, 48.845988]]}}, {"type": "Feature", "properties": {"highway": "footway", "footway": null, "name": null, "surface": "paving_stones", "lit": null, "length_m": 5.36, "type_element": "Way", "__fid": 61588}, "geometry": {"type": "LineString", "coordinates": [[2.345959, 48.8459425], [2.345890247504153, 48.84595870787018]]}}, {"type": "Feature", "properties": {"highway": "footway", "footway": null, "name": null, "surface": "paving_stones", "lit": null, "length_m": 4.24, "type_element": "Way", "__fid": 61590}, "geometry": {"type": "LineString", "coordinates": [[2.34594502005519, 48.846070722668145], [2.3458905, 48.8460833]]}}, {"type": "Feature", "properties": {"highway": "footway", "footway": "sidewalk", "name": null, "surface": "paving_stones", "lit": "yes", "length_m": 18.88, "type_element": "Way", "__fid": 61601}, "geometry": {"type": "LineString", "coordinates": [[2.3459034, 48.8455611], [2.3461486, 48.8455096]]}}, {"type": "Feature", "properties": {"highway": "footway", "footway": null, "name": null, "surface": null, "lit": null, "length_m": 4.36, "type_element": "Way", "__fid": 61604}, "geometry": {"type": "LineString", "coordinates": [[2.3458996, 48.8461147], [2.3459185, 48.8461519]]}}, {"type": "Feature", "properties": {"highway": "footway", "footway": null, "name": null, "surface": null, "lit": null, "length_m": 4.68, "type_element": "Way", "__fid": 61605}, "geometry": {"type": "LineString", "coordinates": [[2.3459601, 48.8461014], [2.3458996, 48.8461147]]}}, {"type": "Feature", "properties": {"highway": "footway", "footway": null, "name": null, "surface": null, "lit": null, "length_m": 4.73, "type_element": "Way", "__fid": 61606}, "geometry": {"type": "LineString", "coordinates": [[2.3458973, 48.846375], [2.3459586, 48.8463619]]}}, {"type": "Feature", "properties": {"highway": "footway", "footway": null, "name": null, "surface": null, "lit": null, "length_m": 9.24, "type_element": "Way", "__fid": 61608}, "geometry": {"type": "LineString", "coordinates": [[2.345907711960785, 48.84599436537823], [2.345846899999779, 48.846004750000034], [2.3459046, 48.845988]]}}, {"type": "Feature", "properties": {"highway": "steps", "footway": null, "name": null, "surface": "stone", "lit": null, "length_m": 5.41, "type_element": "Way", "__fid": 61609}, "geometry": {"type": "LineString", "coordinates": [[2.3459046, 48.845988], [2.345974746237346, 48.84597312208481]]}}, {"type": "Feature", "properties": {"highway": "footway", "footway": null, "name": null, "surface": null, "lit": null, "length_m": 3.46, "type_element": "Way", "__fid": 61613}, "geometry": {"type": "LineString", "coordinates": [[2.345907711960785, 48.84599436537823], [2.3459222, 48.846024]]}}, {"type": "Feature", "properties": {"highway": "footway", "footway": null, "name": null, "surface": "paving_stones", "lit": null, "length_m": 5.43, "type_element": "Way", "__fid": 61614}, "geometry": {"type": "LineString", "coordinates": [[2.3459789, 48.8459812], [2.345907711960785, 48.84599436537823]]}}, {"type": "Feature", "properties": {"highway": "footway", "footway": null, "name": null, "surface": null, "lit": null, "length_m": 9.31, "type_element": "Way", "__fid": 61634}, "geometry": {"type": "LineString", "coordinates": [[2.3459589, 48.8462313], [2.3459185, 48.8461519]]}}, {"type": "Feature", "properties": {"highway": "footway", "footway": null, "name": null, "surface": null, "lit": null, "length_m": 1.19, "type_element": "Way", "__fid": 61642}, "geometry": {"type": "LineString", "coordinates": [[2.3459222, 48.846024], [2.34592717823056, 48.84603421248981]]}}, {"type": "Feature", "properties": {"highway": "footway", "footway": null, "name": null, "surface": null, "lit": null, "length_m": 3.0, "type_element": "Way", "__fid": 61655}, "geometry": {"type": "LineString", "coordinates": [[2.34592717823056, 48.84603421248981], [2.3459397, 48.8460599]]}}, {"type": "Feature", "properties": {"highway": "footway", "footway": null, "name": null, "surface": "paving_stones", "lit": null, "length_m": 5.49, "type_element": "Way", "__fid": 61656}, "geometry": {"type": "LineString", "coordinates": [[2.3459979, 48.846018], [2.34592717823056, 48.84603421248981]]}}, {"type": "Feature", "properties": {"highway": "footway", "footway": null, "name": null, "surface": null, "lit": null, "length_m": 1.27, "type_element": "Way", "__fid": 61672}, "geometry": {"type": "LineString", "coordinates": [[2.3459397, 48.8460599], [2.34594502005519, 48.846070722668145]]}}, {"type": "Feature", "properties": {"highway": "steps", "footway": null, "name": null, "surface": "stone", "lit": null, "length_m": 5.54, "type_element": "Way", "__fid": 61673}, "geometry": {"type": "LineString", "coordinates": [[2.3459397, 48.8460599], [2.34601172301552, 48.846044828546034]]}}, {"type": "Feature", "properties": {"highway": "footway", "footway": null, "name": null, "surface": null, "lit": null, "length_m": 3.59, "type_element": "Way", "__fid": 61679}, "geometry": {"type": "LineString", "coordinates": [[2.34594502005519, 48.846070722668145], [2.3459601, 48.8461014]]}}, {"type": "Feature", "properties": {"highway": "footway", "footway": null, "name": null, "surface": "paving_stones", "lit": null, "length_m": 5.56, "type_element": "Way", "__fid": 61680}, "geometry": {"type": "LineString", "coordinates": [[2.3460165, 48.8460541], [2.34594502005519, 48.846070722668145]]}}, {"type": "Feature", "properties": {"highway": "footway", "footway": null, "name": null, "surface": null, "lit": null, "length_m": 4.27, "type_element": "Way", "__fid": 61681}, "geometry": {"type": "LineString", "coordinates": [[2.3459586, 48.8463619], [2.3459423, 48.846325]]}}, {"type": "Feature", "properties": {"highway": "footway", "footway": null, "name": null, "surface": null, "lit": null, "length_m": 4.46, "type_element": "Way", "__fid": 61682}, "geometry": {"type": "LineString", "coordinates": [[2.3459423, 48.846325], [2.3460002, 48.8463127]]}}, {"type": "Feature", "properties": {"highway": "footway", "footway": null, "name": null, "surface": "paving_stones", "lit": null, "length_m": 1.64, "type_element": "Way", "__fid": 61690}, "geometry": {"type": "LineString", "coordinates": [[2.345951806022404, 48.845928551682846], [2.345959, 48.8459425]]}}, {"type": "Feature", "properties": {"highway": "footway", "footway": null, "name": null, "surface": "paving_stones", "lit": null, "length_m": 7.01, "type_element": "Way", "__fid": 61691}, "geometry": {"type": "LineString", "coordinates": [[2.3459998, 48.845894600000015], [2.345941, 48.8459076], [2.345951806022404, 48.845928551682846]]}}, {"type": "Feature", "properties": {"highway": "footway", "footway": null, "name": null, "surface": null, "lit": null, "length_m": 3.87, "type_element": "Way", "__fid": 61692}, "geometry": {"type": "LineString", "coordinates": [[2.345951806022404, 48.845928551682846], [2.346002, 48.845918]]}}, {"type": "Feature", "properties": {"highway": "footway", "footway": null, "name": null, "surface": "paving_stones", "lit": null, "length_m": 3.6, "type_element": "Way", "__fid": 61699}, "geometry": {"type": "LineString", "coordinates": [[2.345959, 48.8459425], [2.345974746237346, 48.84597312208481]]}}, {"type": "Feature", "properties": {"highway": "steps", "footway": null, "name": null, "surface": "stone", "lit": null, "length_m": 5.61, "type_element": "Way", "__fid": 61707}, "geometry": {"type": "LineString", "coordinates": [[2.346032709879713, 48.84608557089385], [2.3459601, 48.8461014]]}}, {"type": "Feature", "properties": {"highway": "footway", "footway": null, "name": null, "surface": null, "lit": null, "length_m": 0.29, "type_element": "Way", "__fid": 61708}, "geometry": {"type": "LineString", "coordinates": [[2.345960162012408, 48.84623378731438], [2.3459589, 48.8462313]]}}, {"type": "Feature", "properties": {"highway": "footway", "footway": null, "name": null, "surface": null, "lit": null, "length_m": 6.15, "type_element": "Way", "__fid": 61709}, "geometry": {"type": "LineString", "coordinates": [[2.3459589, 48.8462313], [2.3460387, 48.8462143]]}}, {"type": "Feature", "properties": {"highway": "footway", "footway": null, "name": null, "surface": null, "lit": null, "length_m": 9.25, "type_element": "Way", "__fid": 61710}, "geometry": {"type": "LineString", "coordinates": [[2.3460002, 48.8463127], [2.345960162012408, 48.84623378731438]]}}, {"type": "Feature", "properties": {"highway": "footway", "footway": null, "name": null, "surface": "paving_stones", "lit": null, "length_m": 7.14, "type_element": "Way", "__fid": 61711}, "geometry": {"type": "LineString", "coordinates": [[2.345960162012408, 48.84623378731438], [2.3460527, 48.8462141]]}}, {"type": "Feature", "properties": {"highway": "footway", "footway": null, "name": null, "surface": null, "lit": null, "length_m": 4.63, "type_element": "Way", "__fid": 61712}, "geometry": {"type": "LineString", "coordinates": [[2.3459586, 48.8463619], [2.3460187, 48.8463491]]}}, {"type": "Feature", "properties": {"highway": "footway", "footway": null, "name": null, "surface": "paving_stones", "lit": null, "length_m": 0.95, "type_element": "Way", "__fid": 61726}, "geometry": {"type": "LineString", "coordinates": [[2.345974746237346, 48.84597312208481], [2.3459789, 48.8459812]]}}, {"type": "Feature", "properties": {"highway": "footway", "footway": null, "name": null, "surface": null, "lit": null, "length_m": 3.81, "type_element": "Way", "__fid": 61727}, "geometry": {"type": "LineString", "coordinates": [[2.345974746237346, 48.84597312208481], [2.3460242, 48.8459626]]}}, {"type": "Feature", "properties": {"highway": "footway", "footway": null, "name": null, "surface": "paving_stones", "lit": null, "length_m": 4.32, "type_element": "Way", "__fid": 61731}, "geometry": {"type": "LineString", "coordinates": [[2.3459789, 48.8459812], [2.3459979, 48.846018]]}}, {"type": "Feature", "properties": {"highway": "footway", "footway": null, "name": null, "surface": "paving_stones", "lit": null, "length_m": 3.15, "type_element": "Way", "__fid": 61746}, "geometry": {"type": "LineString", "coordinates": [[2.3459979, 48.846018], [2.34601172301552, 48.846044828546034]]}}, {"type": "Feature", "properties": {"highway": "footway", "footway": null, "name": null, "surface": "paving_stones", "lit": null, "length_m": 3.7, "type_element": "Way", "__fid": 61747}, "geometry": {"type": "LineString", "coordinates": [[2.346045437291609, 48.846006910685965], [2.3459979, 48.846018]]}}, {"type": "Feature", "properties": {"highway": "footway", "footway": null, "name": null, "surface": "paving_stones", "lit": null, "length_m": 2.53, "type_element": "Way", "__fid": 61748}, "geometry": {"type": "LineString", "coordinates": [[2.346010860679088, 48.8459161330636], [2.3459998, 48.845894600000015]]}}, {"type": "Feature", "properties": {"highway": "footway", "footway": null, "name": null, "surface": "paving_stones", "lit": null, "length_m": 6.76, "type_element": "Way", "__fid": 61749}, "geometry": {"type": "LineString", "coordinates": [[2.34606583212845, 48.8459045506154], [2.3460549, 48.8458831], [2.3459998, 48.845894600000015]]}}, {"type": "Feature", "properties": {"highway": "steps", "footway": null, "name": null, "surface": "stone", "lit": null, "length_m": 5.22, "type_element": "Way", "__fid": 61750}, "geometry": {"type": "LineString", "coordinates": [[2.346002, 48.845918], [2.3460242, 48.8459626]]}}, {"type": "Feature", "properties": {"highway": "footway", "footway": null, "name": null, "surface": null, "lit": null, "length_m": 0.68, "type_element": "Way", "__fid": 61751}, "geometry": {"type": "LineString", "coordinates": [[2.346002, 48.845918], [2.346010860679088, 48.8459161330636]]}}, {"type": "Feature", "properties": {"highway": "footway", "footway": null, "name": null, "surface": null, "lit": null, "length_m": 4.27, "type_element": "Way", "__fid": 61757}, "geometry": {"type": "LineString", "coordinates": [[2.3460187, 48.8463491], [2.3460002, 48.8463127]]}}, {"type": "Feature", "properties": {"highway": "footway", "footway": null, "name": null, "surface": "paving_stones", "lit": null, "length_m": 5.22, "type_element": "Way", "__fid": 61769}, "geometry": {"type": "LineString", "coordinates": [[2.346033698266919, 48.845960593494496], [2.346010860679088, 48.8459161330636]]}}, {"type": "Feature", "properties": {"highway": "footway", "footway": null, "name": null, "surface": null, "lit": null, "length_m": 4.23, "type_element": "Way", "__fid": 61770}, "geometry": {"type": "LineString", "coordinates": [[2.346010860679088, 48.8459161330636], [2.34606583212845, 48.8459045506154]]}}, {"type": "Feature", "properties": {"highway": "footway", "footway": null, "name": null, "surface": "paving_stones", "lit": null, "length_m": 1.09, "type_element": "Way", "__fid": 61773}, "geometry": {"type": "LineString", "coordinates": [[2.34601172301552, 48.846044828546034], [2.3460165, 48.8460541]]}}, {"type": "Feature", "properties": {"highway": "footway", "footway": null, "name": null, "surface": null, "lit": null, "length_m": 3.63, "type_element": "Way", "__fid": 61774}, "geometry": {"type": "LineString", "coordinates": [[2.34601172301552, 48.846044828546034], [2.3460589, 48.846035]]}}, {"type": "Feature", "properties": {"highway": "footway", "footway": null, "name": null, "surface": "paving_stones", "lit": null, "length_m": 3.7, "type_element": "Way", "__fid": 61787}, "geometry": {"type": "LineString", "coordinates": [[2.3460165, 48.8460541], [2.346032709879713, 48.84608557089385]]}}, {"type": "Feature", "properties": {"highway": "service", "footway": null, "name": null, "surface": null, "lit": "yes", "length_m": 4.81, "type_element": "Way", "__fid": 61796}, "geometry": {"type": "LineString", "coordinates": [[2.3460508, 48.8437124], [2.3461057, 48.843736]]}}, {"type": "Feature", "properties": {"highway": "footway", "footway": "sidewalk", "name": null, "surface": "asphalt", "lit": "yes", "length_m": 61.57, "type_element": "Way", "__fid": 61797}, "geometry": {"type": "LineString", "coordinates": [[2.3460508, 48.8437124], [2.346529, 48.84325740000001]]}}, {"type": "Feature", "properties": {"highway": "footway", "footway": null, "name": null, "surface": null, "lit": null, "length_m": 4.94, "type_element": "Way", "__fid": 61801}, "geometry": {"type": "LineString", "coordinates": [[2.3460187, 48.8463491], [2.3460412, 48.846391]]}}, {"type": "Feature", "properties": {"highway": "footway", "footway": null, "name": null, "surface": null, "lit": null, "length_m": 4.31, "type_element": "Way", "__fid": 61802}, "geometry": {"type": "LineString", "coordinates": [[2.3460746, 48.8463372], [2.3460187, 48.8463491]]}}, {"type": "Feature", "properties": {"highway": "footway", "footway": null, "name": null, "surface": null, "lit": null, "length_m": 5.17, "type_element": "Way", "__fid": 61803}, "geometry": {"type": "LineString", "coordinates": [[2.3460242, 48.8459626], [2.346045437291609, 48.846006910685965]]}}, {"type": "Feature", "properties": {"highway": "footway", "footway": null, "name": null, "surface": null, "lit": null, "length_m": 0.73, "type_element": "Way", "__fid": 61804}, "geometry": {"type": "LineString", "coordinates": [[2.3460242, 48.8459626], [2.346033698266919, 48.845960593494496]]}}, {"type": "Feature", "properties": {"highway": "footway", "footway": null, "name": null, "surface": "paving_stones", "lit": null, "length_m": 5.14, "type_element": "Way", "__fid": 61811}, "geometry": {"type": "LineString", "coordinates": [[2.3460562, 48.8460044], [2.346033698266919, 48.845960593494496]]}}, {"type": "Feature", "properties": {"highway": "footway", "footway": null, "name": null, "surface": null, "lit": null, "length_m": 4.22, "type_element": "Way", "__fid": 61812}, "geometry": {"type": "LineString", "coordinates": [[2.346033698266919, 48.845960593494496], [2.346088491658175, 48.84594901839232]]}}, {"type": "Feature", "properties": {"highway": "footway", "footway": null, "name": null, "surface": "paving_stones", "lit": null, "length_m": 4.59, "type_element": "Way", "__fid": 61813}, "geometry": {"type": "LineString", "coordinates": [[2.346032709879713, 48.84608557089385], [2.346037, 48.84609389999998], [2.346083898703499, 48.846084026591576]]}}, {"type": "Feature", "properties": {"highway": "footway", "footway": null, "name": null, "surface": null, "lit": null, "length_m": 3.53, "type_element": "Way", "__fid": 61814}, "geometry": {"type": "LineString", "coordinates": [[2.3460784, 48.846075599999985], [2.346032709879713, 48.84608557089385]]}}, {"type": "Feature", "properties": {"highway": "footway", "footway": null, "name": null, "surface": null, "lit": null, "length_m": 3.28, "type_element": "Way", "__fid": 61824}, "geometry": {"type": "LineString", "coordinates": [[2.346045437291609, 48.846006910685965], [2.3460589, 48.846035]]}}, {"type": "Feature", "properties": {"highway": "footway", "footway": null, "name": null, "surface": "paving_stones", "lit": null, "length_m": 0.84, "type_element": "Way", "__fid": 61825}, "geometry": {"type": "LineString", "coordinates": [[2.3460562, 48.8460044], [2.346045437291609, 48.846006910685965]]}}, {"type": "Feature", "properties": {"highway": "footway", "footway": null, "name": null, "surface": null, "lit": null, "length_m": 4.26, "type_element": "Way", "__fid": 61826}, "geometry": {"type": "LineString", "coordinates": [[2.3460412, 48.846391], [2.3460606, 48.8464271]]}}, {"type": "Feature", "properties": {"highway": "footway", "footway": null, "name": null, "surface": null, "lit": null, "length_m": 4.25, "type_element": "Way", "__fid": 61827}, "geometry": {"type": "LineString", "coordinates": [[2.3460412, 48.846391], [2.3460963, 48.8463791]]}}, {"type": "Feature", "properties": {"highway": "footway", "footway": null, "name": null, "surface": null, "lit": null, "length_m": 11.85, "type_element": "Way", "__fid": 61837}, "geometry": {"type": "LineString", "coordinates": [[2.3460527, 48.8462141], [2.3460866, 48.84624550000003], [2.3461243, 48.8462568], [2.3461859, 48.8462564]]}}, {"type": "Feature", "properties": {"highway": "footway", "footway": null, "name": null, "surface": null, "lit": null, "length_m": 12.11, "type_element": "Way", "__fid": 61838}, "geometry": {"type": "LineString", "coordinates": [[2.3461191, 48.8461267], [2.3460806, 48.8461411], [2.3460509, 48.8461663], [2.3460527, 48.8462141]]}}, {"type": "Feature", "properties": {"highway": "footway", "footway": null, "name": null, "surface": "paving_stones", "lit": null, "length_m": 7.74, "type_element": "Way", "__fid": 61839}, "geometry": {"type": "LineString", "coordinates": [[2.3460527, 48.8462141], [2.3461525, 48.8461916]]}}, {"type": "Feature", "properties": {"highway": "footway", "footway": null, "name": null, "surface": "paving_stones", "lit": null, "length_m": 3.31, "type_element": "Way", "__fid": 61840}, "geometry": {"type": "LineString", "coordinates": [[2.346070695159054, 48.84603255057679], [2.3460562, 48.8460044]]}}, {"type": "Feature", "properties": {"highway": "footway", "footway": null, "name": null, "surface": "paving_stones", "lit": null, "length_m": 4.21, "type_element": "Way", "__fid": 61841}, "geometry": {"type": "LineString", "coordinates": [[2.3461106, 48.8459925], [2.3460562, 48.8460044]]}}, {"type": "Feature", "properties": {"highway": "footway", "footway": null, "name": null, "surface": null, "lit": null, "length_m": 4.74, "type_element": "Way", "__fid": 61847}, "geometry": {"type": "LineString", "coordinates": [[2.3460589, 48.846035], [2.3460784, 48.846075599999985]]}}, {"type": "Feature", "properties": {"highway": "footway", "footway": null, "name": null, "surface": null, "lit": null, "length_m": 0.91, "type_element": "Way", "__fid": 61848}, "geometry": {"type": "LineString", "coordinates": [[2.3460589, 48.846035], [2.346070695159054, 48.84603255057679]]}}, {"type": "Feature", "properties": {"highway": "footway", "footway": null, "name": null, "surface": "paving_stones", "lit": null, "length_m": 1.74, "type_element": "Way", "__fid": 61851}, "geometry": {"type": "LineString", "coordinates": [[2.3460734, 48.845919400000014], [2.34606583212845, 48.8459045506154]]}}, {"type": "Feature", "properties": {"highway": "footway", "footway": null, "name": null, "surface": null, "lit": null, "length_m": 4.44, "type_element": "Way", "__fid": 61852}, "geometry": {"type": "LineString", "coordinates": [[2.34606583212845, 48.8459045506154], [2.3461235, 48.8458924]]}}, {"type": "Feature", "properties": {"highway": "footway", "footway": null, "name": null, "surface": null, "lit": null, "length_m": 4.4, "type_element": "Way", "__fid": 61853}, "geometry": {"type": "LineString", "coordinates": [[2.3460606, 48.8464271], [2.3460807, 48.8464644]]}}, {"type": "Feature", "properties": {"highway": "footway", "footway": null, "name": null, "surface": null, "lit": null, "length_m": 4.21, "type_element": "Way", "__fid": 61854}, "geometry": {"type": "LineString", "coordinates": [[2.3460606, 48.8464271], [2.3461152, 48.8464156]]}}, {"type": "Feature", "properties": {"highway": "footway", "footway": null, "name": null, "surface": "paving_stones", "lit": null, "length_m": 4.72, "type_element": "Way", "__fid": 61859}, "geometry": {"type": "LineString", "coordinates": [[2.34609140322859, 48.84607276698779], [2.346070695159054, 48.84603255057679]]}}, {"type": "Feature", "properties": {"highway": "footway", "footway": null, "name": null, "surface": null, "lit": null, "length_m": 4.2, "type_element": "Way", "__fid": 61860}, "geometry": {"type": "LineString", "coordinates": [[2.346070695159054, 48.84603255057679], [2.346125230847053, 48.846021225490276]]}}, {"type": "Feature", "properties": {"highway": "footway", "footway": null, "name": null, "surface": "paving_stones", "lit": null, "length_m": 3.47, "type_element": "Way", "__fid": 61863}, "geometry": {"type": "LineString", "coordinates": [[2.346088491658175, 48.84594901839232], [2.3460734, 48.845919400000014]]}}, {"type": "Feature", "properties": {"highway": "footway", "footway": null, "name": null, "surface": "paving_stones", "lit": null, "length_m": 4.47, "type_element": "Way", "__fid": 61864}, "geometry": {"type": "LineString", "coordinates": [[2.346130867230762, 48.84590605105391], [2.3460734, 48.845919400000014]]}}, {"type": "Feature", "properties": {"highway": "footway", "footway": null, "name": null, "surface": null, "lit": null, "length_m": 4.92, "type_element": "Way", "__fid": 61870}, "geometry": {"type": "LineString", "coordinates": [[2.3460963, 48.8463791], [2.3460746, 48.8463372]]}}, {"type": "Feature", "properties": {"highway": "steps", "footway": null, "name": null, "surface": "stone", "lit": null, "length_m": 6.38, "type_element": "Way", "__fid": 61871}, "geometry": {"type": "LineString", "coordinates": [[2.3460746, 48.8463372], [2.346157641516228, 48.846320112772176]]}}, {"type": "Feature", "properties": {"highway": "footway", "footway": null, "name": null, "surface": null, "lit": null, "length_m": 1.02, "type_element": "Way", "__fid": 61872}, "geometry": {"type": "LineString", "coordinates": [[2.3460784, 48.846075599999985], [2.346083898703499, 48.846084026591576]]}}, {"type": "Feature", "properties": {"highway": "footway", "footway": null, "name": null, "surface": null, "lit": null, "length_m": 1.0, "type_element": "Way", "__fid": 61873}, "geometry": {"type": "LineString", "coordinates": [[2.34609140322859, 48.84607276698779], [2.3460784, 48.846075599999985]]}}, {"type": "Feature", "properties": {"highway": "footway", "footway": null, "name": null, "surface": null, "lit": null, "length_m": 4.69, "type_element": "Way", "__fid": 61885}, "geometry": {"type": "LineString", "coordinates": [[2.346083898703499, 48.846084026591576], [2.3461092, 48.8461228]]}}, {"type": "Feature", "properties": {"highway": "footway", "footway": null, "name": null, "surface": "paving_stones", "lit": null, "length_m": 0.92, "type_element": "Way", "__fid": 61886}, "geometry": {"type": "LineString", "coordinates": [[2.346083898703499, 48.846084026591576], [2.3460959, 48.84608149999998]]}}, {"type": "Feature", "properties": {"highway": "footway", "footway": null, "name": null, "surface": null, "lit": null, "length_m": 4.41, "type_element": "Way", "__fid": 61894}, "geometry": {"type": "LineString", "coordinates": [[2.3460807, 48.8464644], [2.3461007, 48.84650180000002]]}}, {"type": "Feature", "properties": {"highway": "footway", "footway": null, "name": null, "surface": null, "lit": null, "length_m": 4.15, "type_element": "Way", "__fid": 61895}, "geometry": {"type": "LineString", "coordinates": [[2.3460807, 48.8464644], [2.3461348, 48.8464534]]}}, {"type": "Feature", "properties": {"highway": "footway", "footway": null, "name": null, "surface": "paving_stones", "lit": null, "length_m": 0.83, "type_element": "Way", "__fid": 61896}, "geometry": {"type": "LineString", "coordinates": [[2.3460921, 48.8459561], [2.346088491658175, 48.84594901839232]]}}, {"type": "Feature", "properties": {"highway": "steps", "footway": null, "name": null, "surface": "stone", "lit": null, "length_m": 4.53, "type_element": "Way", "__fid": 61897}, "geometry": {"type": "LineString", "coordinates": [[2.346088491658175, 48.84594901839232], [2.3461473, 48.8459365]]}}, {"type": "Feature", "properties": {"highway": "footway", "footway": null, "name": null, "surface": "paving_stones", "lit": null, "length_m": 4.27, "type_element": "Way", "__fid": 61904}, "geometry": {"type": "LineString", "coordinates": [[2.3461106, 48.8459925], [2.3460921, 48.8459561]]}}, {"type": "Feature", "properties": {"highway": "footway", "footway": null, "name": null, "surface": "paving_stones", "lit": null, "length_m": 4.55, "type_element": "Way", "__fid": 61905}, "geometry": {"type": "LineString", "coordinates": [[2.346150687111109, 48.84594280827422], [2.3460921, 48.8459561]]}}, {"type": "Feature", "properties": {"highway": "footway", "footway": null, "name": null, "surface": "paving_stones", "lit": null, "length_m": 1.03, "type_element": "Way", "__fid": 61906}, "geometry": {"type": "LineString", "coordinates": [[2.3460959, 48.84608149999998], [2.34609140322859, 48.84607276698779]]}}, {"type": "Feature", "properties": {"highway": "footway", "footway": null, "name": null, "surface": null, "lit": null, "length_m": 4.18, "type_element": "Way", "__fid": 61907}, "geometry": {"type": "LineString", "coordinates": [[2.346145503051876, 48.846060980245845], [2.34609140322859, 48.84607276698779]]}}, {"type": "Feature", "properties": {"highway": "footway", "footway": null, "name": null, "surface": "paving_stones", "lit": null, "length_m": 5.31, "type_element": "Way", "__fid": 61921}, "geometry": {"type": "LineString", "coordinates": [[2.3461191, 48.8461267], [2.3460959, 48.84608149999998]]}}, {"type": "Feature", "properties": {"highway": "footway", "footway": null, "name": null, "surface": "paving_stones", "lit": null, "length_m": 5.19, "type_element": "Way", "__fid": 61922}, "geometry": {"type": "LineString", "coordinates": [[2.3460959, 48.84608149999998], [2.3461499, 48.8460696], [2.346145503051876, 48.846060980245845]]}}, {"type": "Feature", "properties": {"highway": "footway", "footway": null, "name": null, "surface": null, "lit": null, "length_m": 4.29, "type_element": "Way", "__fid": 61932}, "geometry": {"type": "LineString", "coordinates": [[2.3461152, 48.8464156], [2.3460963, 48.8463791]]}}, {"type": "Feature", "properties": {"highway": "steps", "footway": null, "name": null, "surface": null, "lit": null, "length_m": 6.27, "type_element": "Way", "__fid": 61933}, "geometry": {"type": "LineString", "coordinates": [[2.3460963, 48.8463791], [2.346177492138601, 48.84636151519418]]}}, {"type": "Feature", "properties": {"highway": "footway", "footway": null, "name": null, "surface": null, "lit": null, "length_m": 7.51, "type_element": "Way", "__fid": 61941}, "geometry": {"type": "LineString", "coordinates": [[2.3461007, 48.84650180000002], [2.3461351, 48.84656540000002]]}}, {"type": "Feature", "properties": {"highway": "footway", "footway": null, "name": null, "surface": null, "lit": null, "length_m": 4.1, "type_element": "Way", "__fid": 61942}, "geometry": {"type": "LineString", "coordinates": [[2.3461007, 48.84650180000002], [2.3461542, 48.8464911]]}}, {"type": "Feature", "properties": {"highway": "footway", "footway": null, "name": null, "surface": "paving_stones", "lit": null, "length_m": 3.37, "type_element": "Way", "__fid": 61951}, "geometry": {"type": "LineString", "coordinates": [[2.346125230847053, 48.846021225490276], [2.3461106, 48.8459925]]}}, {"type": "Feature", "properties": {"highway": "footway", "footway": null, "name": null, "surface": "paving_stones", "lit": null, "length_m": 4.62, "type_element": "Way", "__fid": 61952}, "geometry": {"type": "LineString", "coordinates": [[2.346170202786135, 48.84597915974236], [2.3461106, 48.8459925]]}}, {"type": "Feature", "properties": {"highway": "footway", "footway": null, "name": null, "surface": null, "lit": null, "length_m": 2.49, "type_element": "Way", "__fid": 61955}, "geometry": {"type": "LineString", "coordinates": [[2.3461235, 48.8458924], [2.3461125, 48.8458712]]}}, {"type": "Feature", "properties": {"highway": "footway", "footway": null, "name": null, "surface": null, "lit": null, "length_m": 4.44, "type_element": "Way", "__fid": 61972}, "geometry": {"type": "LineString", "coordinates": [[2.3461348, 48.8464534], [2.3461152, 48.8464156]]}}, {"type": "Feature", "properties": {"highway": "footway", "footway": null, "name": null, "surface": "paving_stones", "lit": null, "length_m": 9.54, "type_element": "Way", "__fid": 61973}, "geometry": {"type": "LineString", "coordinates": [[2.3462003, 48.8461801], [2.3461738, 48.8461614], [2.3461364, 48.8461603], [2.3461191, 48.8461267]]}}, {"type": "Feature", "properties": {"highway": "footway", "footway": null, "name": null, "surface": null, "lit": null, "length_m": 7.66, "type_element": "Way", "__fid": 61974}, "geometry": {"type": "LineString", "coordinates": [[2.3462177, 48.8461407], [2.346161, 48.8461237], [2.3461191, 48.8461267]]}}, {"type": "Feature", "properties": {"highway": "footway", "footway": null, "name": null, "surface": null, "lit": null, "length_m": 1.61, "type_element": "Way", "__fid": 61975}, "geometry": {"type": "LineString", "coordinates": [[2.3461235, 48.8458924], [2.346130867230762, 48.84590605105391]]}}, {"type": "Feature", "properties": {"highway": "footway", "footway": null, "name": null, "surface": null, "lit": null, "length_m": 4.37, "type_element": "Way", "__fid": 61976}, "geometry": {"type": "LineString", "coordinates": [[2.3461802, 48.8458804], [2.3461235, 48.8458924]]}}, {"type": "Feature", "properties": {"highway": "footway", "footway": null, "name": null, "surface": "paving_stones", "lit": null, "length_m": 1.03, "type_element": "Way", "__fid": 61980}, "geometry": {"type": "LineString", "coordinates": [[2.3461297, 48.84603], [2.346125230847053, 48.846021225490276]]}}, {"type": "Feature", "properties": {"highway": "steps", "footway": null, "name": null, "surface": "stone", "lit": null, "length_m": 4.68, "type_element": "Way", "__fid": 61981}, "geometry": {"type": "LineString", "coordinates": [[2.346125230847053, 48.846021225490276], [2.346186, 48.8460086]]}}, {"type": "Feature", "properties": {"highway": "footway", "footway": null, "name": null, "surface": null, "lit": null, "length_m": 3.59, "type_element": "Way", "__fid": 61983}, "geometry": {"type": "LineString", "coordinates": [[2.346130867230762, 48.84590605105391], [2.3461473, 48.8459365]]}}, {"type": "Feature", "properties": {"highway": "footway", "footway": null, "name": null, "surface": "paving_stones", "lit": null, "length_m": 4.33, "type_element": "Way", "__fid": 61984}, "geometry": {"type": "LineString", "coordinates": [[2.346186515565269, 48.84589317467448], [2.346130867230762, 48.84590605105391]]}}, {"type": "Feature", "properties": {"highway": "footway", "footway": null, "name": null, "surface": "paving_stones", "lit": null, "length_m": 3.63, "type_element": "Way", "__fid": 61985}, "geometry": {"type": "LineString", "coordinates": [[2.346145503051876, 48.846060980245845], [2.3461297, 48.84603]]}}, {"type": "Feature", "properties": {"highway": "footway", "footway": null, "name": null, "surface": "paving_stones", "lit": null, "length_m": 4.69, "type_element": "Way", "__fid": 61986}, "geometry": {"type": "LineString", "coordinates": [[2.346190526684209, 48.84601706577534], [2.3461297, 48.84603]]}}, {"type": "Feature", "properties": {"highway": "footway", "footway": null, "name": null, "surface": null, "lit": null, "length_m": 4.43, "type_element": "Way", "__fid": 61997}, "geometry": {"type": "LineString", "coordinates": [[2.3461542, 48.8464911], [2.3461348, 48.8464534]]}}, {"type": "Feature", "properties": {"highway": "footway", "footway": null, "name": null, "surface": null, "lit": null, "length_m": 3.25, "type_element": "Way", "__fid": 61998}, "geometry": {"type": "LineString", "coordinates": [[2.3461348, 48.8464534], [2.346175800000064, 48.84644240000003]]}}, {"type": "Feature", "properties": {"highway": "footway", "footway": null, "name": null, "surface": "paving_stones", "lit": null, "length_m": 2.72, "type_element": "Way", "__fid": 61999}, "geometry": {"type": "LineString", "coordinates": [[2.3461728, 48.846351699999985], [2.3461373, 48.8463588]]}}, {"type": "Feature", "properties": {"highway": "footway", "footway": "crossing", "name": null, "surface": "sett", "lit": "yes", "length_m": 12.65, "type_element": "Way", "__fid": 62000}, "geometry": {"type": "LineString", "coordinates": [[2.3461486, 48.8455096], [2.3462003, 48.8456181]]}}, {"type": "Feature", "properties": {"highway": "footway", "footway": "sidewalk", "name": null, "surface": "paving_stones", "lit": "yes", "length_m": 48.41, "type_element": "Way", "__fid": 62001}, "geometry": {"type": "LineString", "coordinates": [[2.3461486, 48.8455096], [2.346779, 48.845381400000015]]}}, {"type": "Feature", "properties": {"highway": "footway", "footway": null, "name": null, "surface": "paving_stones", "lit": null, "length_m": 2.72, "type_element": "Way", "__fid": 62002}, "geometry": {"type": "LineString", "coordinates": [[2.34614063999969, 48.846168420000055], [2.3461525, 48.8461916]]}}, {"type": "Feature", "properties": {"highway": "footway", "footway": null, "name": null, "surface": null, "lit": null, "length_m": 4.74, "type_element": "Way", "__fid": 62008}, "geometry": {"type": "LineString", "coordinates": [[2.3462068, 48.8460475], [2.346145503051876, 48.846060980245845]]}}, {"type": "Feature", "properties": {"highway": "footway", "footway": null, "name": null, "surface": null, "lit": null, "length_m": 0.74, "type_element": "Way", "__fid": 62009}, "geometry": {"type": "LineString", "coordinates": [[2.3461473, 48.8459365], [2.346150687111109, 48.84594280827422]]}}, {"type": "Feature", "properties": {"highway": "footway", "footway": null, "name": null, "surface": null, "lit": null, "length_m": 4.23, "type_element": "Way", "__fid": 62010}, "geometry": {"type": "LineString", "coordinates": [[2.3461473, 48.8459365], [2.3462022, 48.845924899999986]]}}, {"type": "Feature", "properties": {"highway": "footway", "footway": null, "name": null, "surface": null, "lit": null, "length_m": 3.41, "type_element": "Way", "__fid": 62015}, "geometry": {"type": "LineString", "coordinates": [[2.346150687111109, 48.84594280827422], [2.3461662, 48.8459717]]}}, {"type": "Feature", "properties": {"highway": "footway", "footway": null, "name": null, "surface": "paving_stones", "lit": null, "length_m": 4.21, "type_element": "Way", "__fid": 62016}, "geometry": {"type": "LineString", "coordinates": [[2.346205033267516, 48.845930599293], [2.346150687111109, 48.84594280827422]]}}, {"type": "Feature", "properties": {"highway": "footway", "footway": null, "name": null, "surface": "paving_stones", "lit": null, "length_m": 2.35, "type_element": "Way", "__fid": 62030}, "geometry": {"type": "LineString", "coordinates": [[2.3461525, 48.8461916], [2.346162799999786, 48.846211600000025]]}}, {"type": "Feature", "properties": {"highway": "footway", "footway": null, "name": null, "surface": null, "lit": null, "length_m": 3.73, "type_element": "Way", "__fid": 62031}, "geometry": {"type": "LineString", "coordinates": [[2.3461525, 48.8461916], [2.3462003, 48.8461801]]}}, {"type": "Feature", "properties": {"highway": "footway", "footway": null, "name": null, "surface": null, "lit": null, "length_m": 2.65, "type_element": "Way", "__fid": 62042}, "geometry": {"type": "LineString", "coordinates": [[2.346166, 48.8465136], [2.3461542, 48.8464911]]}}, {"type": "Feature", "properties": {"highway": "footway", "footway": null, "name": null, "surface": null, "lit": null, "length_m": 5.98, "type_element": "Way", "__fid": 62043}, "geometry": {"type": "LineString", "coordinates": [[2.3461542, 48.8464911], [2.346232196712634, 48.8464754607426]]}}, {"type": "Feature", "properties": {"highway": "footway", "footway": null, "name": null, "surface": "paving_stones", "lit": null, "length_m": 3.68, "type_element": "Way", "__fid": 62044}, "geometry": {"type": "LineString", "coordinates": [[2.346157641516228, 48.846320112772176], [2.3461728, 48.846351699999985]]}}, {"type": "Feature", "properties": {"highway": "footway", "footway": null, "name": null, "surface": "paving_stones", "lit": null, "length_m": 3.7, "type_element": "Way", "__fid": 62045}, "geometry": {"type": "LineString", "coordinates": [[2.346193525415241, 48.84630472573407], [2.3461549, 48.8463144], [2.346157641516228, 48.846320112772176]]}}, {"type": "Feature", "properties": {"highway": "footway", "footway": null, "name": null, "surface": null, "lit": null, "length_m": 3.0, "type_element": "Way", "__fid": 62046}, "geometry": {"type": "LineString", "coordinates": [[2.346157641516228, 48.846320112772176], [2.3461965, 48.8463118]]}}, {"type": "Feature", "properties": {"highway": "footway", "footway": null, "name": null, "surface": "paving_stones", "lit": null, "length_m": 2.65, "type_element": "Way", "__fid": 62048}, "geometry": {"type": "LineString", "coordinates": [[2.3461924, 48.8463927], [2.3461572, 48.846398100000016]]}}, {"type": "Feature", "properties": {"highway": "footway", "footway": null, "name": null, "surface": null, "lit": null, "length_m": 0.88, "type_element": "Way", "__fid": 62050}, "geometry": {"type": "LineString", "coordinates": [[2.3461662, 48.8459717], [2.346170202786135, 48.84597915974236]]}}, {"type": "Feature", "properties": {"highway": "footway", "footway": null, "name": null, "surface": null, "lit": null, "length_m": 4.13, "type_element": "Way", "__fid": 62051}, "geometry": {"type": "LineString", "coordinates": [[2.3461662, 48.8459717], [2.3462195, 48.8459597]]}}, {"type": "Feature", "properties": {"highway": "footway", "footway": null, "name": null, "surface": null, "lit": null, "length_m": 2.71, "type_element": "Way", "__fid": 62053}, "geometry": {"type": "LineString", "coordinates": [[2.3461802, 48.8458804], [2.3461698, 48.845857]]}}, {"type": "Feature", "properties": {"highway": "footway", "footway": null, "name": null, "surface": null, "lit": null, "length_m": 3.47, "type_element": "Way", "__fid": 62055}, "geometry": {"type": "LineString", "coordinates": [[2.346170202786135, 48.84597915974236], [2.346186, 48.8460086]]}}, {"type": "Feature", "properties": {"highway": "footway", "footway": null, "name": null, "surface": "paving_stones", "lit": null, "length_m": 4.11, "type_element": "Way", "__fid": 62056}, "geometry": {"type": "LineString", "coordinates": [[2.346223398235551, 48.8459675794172], [2.346170202786135, 48.84597915974236]]}}, {"type": "Feature", "properties": {"highway": "footway", "footway": null, "name": null, "surface": "paving_stones", "lit": null, "length_m": 1.14, "type_element": "Way", "__fid": 62063}, "geometry": {"type": "LineString", "coordinates": [[2.3461728, 48.846351699999985], [2.346177492138601, 48.84636151519418]]}}, {"type": "Feature", "properties": {"highway": "footway", "footway": null, "name": null, "surface": null, "lit": null, "length_m": 1.49, "type_element": "Way", "__fid": 62065}, "geometry": {"type": "LineString", "coordinates": [[2.346186515565269, 48.84589317467448], [2.3461802, 48.8458804]]}}, {"type": "Feature", "properties": {"highway": "footway", "footway": null, "name": null, "surface": null, "lit": null, "length_m": 4.48, "type_element": "Way", "__fid": 62068}, "geometry": {"type": "LineString", "coordinates": [[2.346193525415241, 48.84630472573407], [2.3461772, 48.8462659]]}}, {"type": "Feature", "properties": {"highway": "footway", "footway": null, "name": null, "surface": "paving_stones", "lit": null, "length_m": 2.87, "type_element": "Way", "__fid": 62069}, "geometry": {"type": "LineString", "coordinates": [[2.3462108, 48.8464309], [2.346175800000064, 48.84644240000003]]}}, {"type": "Feature", "properties": {"highway": "footway", "footway": null, "name": null, "surface": null, "lit": null, "length_m": 2.84, "type_element": "Way", "__fid": 62070}, "geometry": {"type": "LineString", "coordinates": [[2.346175800000064, 48.84644240000003], [2.346213291747398, 48.846436086629915]]}}, {"type": "Feature", "properties": {"highway": "footway", "footway": null, "name": null, "surface": "paving_stones", "lit": null, "length_m": 3.64, "type_element": "Way", "__fid": 62073}, "geometry": {"type": "LineString", "coordinates": [[2.346177492138601, 48.84636151519418], [2.3461924, 48.8463927]]}}, {"type": "Feature", "properties": {"highway": "footway", "footway": null, "name": null, "surface": null, "lit": null, "length_m": 3.0, "type_element": "Way", "__fid": 62074}, "geometry": {"type": "LineString", "coordinates": [[2.346177492138601, 48.84636151519418], [2.3462164, 48.8463531]]}}, {"type": "Feature", "properties": {"highway": "footway", "footway": null, "name": null, "surface": null, "lit": null, "length_m": 3.71, "type_element": "Way", "__fid": 62079}, "geometry": {"type": "LineString", "coordinates": [[2.3462022, 48.845924899999986], [2.346186515565269, 48.84589317467448]]}}, {"type": "Feature", "properties": {"highway": "footway", "footway": null, "name": null, "surface": "paving_stones", "lit": null, "length_m": 1.13, "type_element": "Way", "__fid": 62080}, "geometry": {"type": "LineString", "coordinates": [[2.3462011, 48.8458898], [2.346186515565269, 48.84589317467448]]}}, {"type": "Feature", "properties": {"highway": "footway", "footway": null, "name": null, "surface": null, "lit": null, "length_m": 1.0, "type_element": "Way", "__fid": 62081}, "geometry": {"type": "LineString", "coordinates": [[2.346186, 48.8460086], [2.346190526684209, 48.84601706577534]]}}, {"type": "Feature", "properties": {"highway": "footway", "footway": null, "name": null, "surface": null, "lit": null, "length_m": 4.03, "type_element": "Way", "__fid": 62082}, "geometry": {"type": "LineString", "coordinates": [[2.346186, 48.8460086], [2.3462383, 48.8459977]]}}, {"type": "Feature", "properties": {"highway": "footway", "footway": null, "name": null, "surface": "paving_stones", "lit": null, "length_m": 5.23, "type_element": "Way", "__fid": 62084}, "geometry": {"type": "LineString", "coordinates": [[2.3462088, 48.8463009], [2.3461859, 48.8462564]]}}, {"type": "Feature", "properties": {"highway": "footway", "footway": null, "name": null, "surface": "paving_stones", "lit": null, "length_m": 9.91, "type_element": "Way", "__fid": 62085}, "geometry": {"type": "LineString", "coordinates": [[2.3461859, 48.8462564], [2.346166, 48.8462178], [2.3461936, 48.8462068], [2.3462003, 48.8461801]]}}, {"type": "Feature", "properties": {"highway": "footway", "footway": null, "name": null, "surface": null, "lit": null, "length_m": 7.84, "type_element": "Way", "__fid": 62086}, "geometry": {"type": "LineString", "coordinates": [[2.3461859, 48.8462564], [2.3462171, 48.8462433], [2.3462533, 48.8462039]]}}, {"type": "Feature", "properties": {"highway": "footway", "footway": null, "name": null, "surface": null, "lit": null, "length_m": 3.59, "type_element": "Way", "__fid": 62087}, "geometry": {"type": "LineString", "coordinates": [[2.346190526684209, 48.84601706577534], [2.3462068, 48.8460475]]}}, {"type": "Feature", "properties": {"highway": "footway", "footway": null, "name": null, "surface": "paving_stones", "lit": null, "length_m": 4.0, "type_element": "Way", "__fid": 62088}, "geometry": {"type": "LineString", "coordinates": [[2.346242320203178, 48.84600582416573], [2.346190526684209, 48.84601706577534]]}}, {"type": "Feature", "properties": {"highway": "footway", "footway": "crossing", "name": null, "surface": "sett", "lit": "yes", "length_m": 8.66, "type_element": "Way", "__fid": 62096}, "geometry": {"type": "LineString", "coordinates": [[2.3462003, 48.8456181], [2.3462357, 48.8456924]]}}, {"type": "Feature", "properties": {"highway": "living_street", "footway": null, "name": "Place du Panthéon", "surface": "sett", "lit": "yes", "length_m": 46.92, "type_element": "Way", "__fid": 62097}, "geometry": {"type": "LineString", "coordinates": [[2.3462003, 48.8456181], [2.3468075, 48.845486]]}}, {"type": "Feature", "properties": {"highway": "footway", "footway": null, "name": null, "surface": "paving_stones", "lit": null, "length_m": 4.46, "type_element": "Way", "__fid": 62101}, "geometry": {"type": "LineString", "coordinates": [[2.3461924, 48.8463927], [2.3462108, 48.8464309]]}}, {"type": "Feature", "properties": {"highway": "footway", "footway": null, "name": null, "surface": "paving_stones", "lit": null, "length_m": 3.01, "type_element": "Way", "__fid": 62102}, "geometry": {"type": "LineString", "coordinates": [[2.346231142141948, 48.84638383296411], [2.3461924, 48.8463927]]}}, {"type": "Feature", "properties": {"highway": "footway", "footway": null, "name": null, "surface": null, "lit": null, "length_m": 0.82, "type_element": "Way", "__fid": 62103}, "geometry": {"type": "LineString", "coordinates": [[2.3461965, 48.8463118], [2.346193525415241, 48.84630472573407]]}}, {"type": "Feature", "properties": {"highway": "footway", "footway": null, "name": null, "surface": "paving_stones", "lit": null, "length_m": 1.2, "type_element": "Way", "__fid": 62104}, "geometry": {"type": "LineString", "coordinates": [[2.3462088, 48.8463009], [2.346193525415241, 48.84630472573407]]}}, {"type": "Feature", "properties": {"highway": "footway", "footway": null, "name": null, "surface": null, "lit": null, "length_m": 4.82, "type_element": "Way", "__fid": 62107}, "geometry": {"type": "LineString", "coordinates": [[2.3462164, 48.8463531], [2.3461965, 48.8463118]]}}, {"type": "Feature", "properties": {"highway": "footway", "footway": null, "name": null, "surface": null, "lit": null, "length_m": 1.24, "type_element": "Way", "__fid": 62108}, "geometry": {"type": "LineString", "coordinates": [[2.3461965, 48.8463118], [2.346212619602982, 48.846308350127735]]}}, {"type": "Feature", "properties": {"highway": "footway", "footway": null, "name": null, "surface": null, "lit": null, "length_m": 0.67, "type_element": "Way", "__fid": 62109}, "geometry": {"type": "LineString", "coordinates": [[2.346205033267516, 48.845930599293], [2.3462022, 48.845924899999986]]}}, {"type": "Feature", "properties": {"highway": "footway", "footway": null, "name": null, "surface": "paving_stones", "lit": null, "length_m": 2.53, "type_element": "Way", "__fid": 62110}, "geometry": {"type": "LineString", "coordinates": [[2.3462292, 48.8464692], [2.3461965, 48.8464764]]}}, {"type": "Feature", "properties": {"highway": "footway", "footway": null, "name": null, "surface": "paving_stones", "lit": null, "length_m": 8.95, "type_element": "Way", "__fid": 62111}, "geometry": {"type": "LineString", "coordinates": [[2.346316358133181, 48.84615536210308], [2.3462003, 48.8461801]]}}, {"type": "Feature", "properties": {"highway": "footway", "footway": null, "name": null, "surface": null, "lit": null, "length_m": 3.41, "type_element": "Way", "__fid": 62112}, "geometry": {"type": "LineString", "coordinates": [[2.3462195, 48.8459597], [2.346205033267516, 48.845930599293]]}}, {"type": "Feature", "properties": {"highway": "footway", "footway": null, "name": null, "surface": "paving_stones", "lit": null, "length_m": 1.28, "type_element": "Way", "__fid": 62113}, "geometry": {"type": "LineString", "coordinates": [[2.3462215, 48.8459269], [2.346205033267516, 48.845930599293]]}}, {"type": "Feature", "properties": {"highway": "footway", "footway": null, "name": null, "surface": null, "lit": null, "length_m": 3.92, "type_element": "Way", "__fid": 62116}, "geometry": {"type": "LineString", "coordinates": [[2.3462068, 48.8460475], [2.3462575, 48.8460365]]}}, {"type": "Feature", "properties": {"highway": "footway", "footway": null, "name": null, "surface": "paving_stones", "lit": null, "length_m": 0.87, "type_element": "Way", "__fid": 62125}, "geometry": {"type": "LineString", "coordinates": [[2.346212619602982, 48.846308350127735], [2.3462088, 48.8463009]]}}, {"type": "Feature", "properties": {"highway": "footway", "footway": null, "name": null, "surface": "paving_stones", "lit": null, "length_m": 5.57, "type_element": "Way", "__fid": 62126}, "geometry": {"type": "LineString", "coordinates": [[2.3462088, 48.8463009], [2.346267, 48.846287], [2.346271474353912, 48.846295754176445]]}}, {"type": "Feature", "properties": {"highway": "footway", "footway": null, "name": null, "surface": "paving_stones", "lit": null, "length_m": 0.61, "type_element": "Way", "__fid": 62128}, "geometry": {"type": "LineString", "coordinates": [[2.3462108, 48.8464309], [2.346213291747398, 48.846436086629915]]}}, {"type": "Feature", "properties": {"highway": "footway", "footway": null, "name": null, "surface": "paving_stones", "lit": null, "length_m": 4.81, "type_element": "Way", "__fid": 62130}, "geometry": {"type": "LineString", "coordinates": [[2.346233642149393, 48.846349354519894], [2.346212619602982, 48.846308350127735]]}}, {"type": "Feature", "properties": {"highway": "footway", "footway": null, "name": null, "surface": null, "lit": null, "length_m": 4.54, "type_element": "Way", "__fid": 62131}, "geometry": {"type": "LineString", "coordinates": [[2.346212619602982, 48.846308350127735], [2.346271474353912, 48.846295754176445]]}}, {"type": "Feature", "properties": {"highway": "footway", "footway": null, "name": null, "surface": "paving_stones", "lit": null, "length_m": 3.86, "type_element": "Way", "__fid": 62137}, "geometry": {"type": "LineString", "coordinates": [[2.346213291747398, 48.846436086629915], [2.3462292, 48.8464692]]}}, {"type": "Feature", "properties": {"highway": "footway", "footway": null, "name": null, "surface": null, "lit": null, "length_m": 3.01, "type_element": "Way", "__fid": 62138}, "geometry": {"type": "LineString", "coordinates": [[2.346213291747398, 48.846436086629915], [2.346253, 48.8464294]]}}, {"type": "Feature", "properties": {"highway": "footway", "footway": null, "name": null, "surface": null, "lit": null, "length_m": 0.92, "type_element": "Way", "__fid": 62139}, "geometry": {"type": "LineString", "coordinates": [[2.346223398235551, 48.8459675794172], [2.3462195, 48.8459597]]}}, {"type": "Feature", "properties": {"highway": "footway", "footway": null, "name": null, "surface": null, "lit": null, "length_m": 3.58, "type_element": "Way", "__fid": 62141}, "geometry": {"type": "LineString", "coordinates": [[2.346231142141948, 48.84638383296411], [2.3462164, 48.8463531]]}}, {"type": "Feature", "properties": {"highway": "footway", "footway": null, "name": null, "surface": null, "lit": null, "length_m": 1.33, "type_element": "Way", "__fid": 62142}, "geometry": {"type": "LineString", "coordinates": [[2.3462164, 48.8463531], [2.346233642149393, 48.846349354519894]]}}, {"type": "Feature", "properties": {"highway": "footway", "footway": null, "name": null, "surface": null, "lit": null, "length_m": 3.52, "type_element": "Way", "__fid": 62145}, "geometry": {"type": "LineString", "coordinates": [[2.3462383, 48.8459977], [2.346223398235551, 48.8459675794172]]}}, {"type": "Feature", "properties": {"highway": "footway", "footway": null, "name": null, "surface": "paving_stones", "lit": null, "length_m": 1.31, "type_element": "Way", "__fid": 62146}, "geometry": {"type": "LineString", "coordinates": [[2.3462403, 48.8459639], [2.346223398235551, 48.8459675794172]]}}, {"type": "Feature", "properties": {"highway": "footway", "footway": "sidewalk", "name": null, "surface": "paving_stones", "lit": "yes", "length_m": 126.66, "type_element": "Way", "__fid": 62167}, "geometry": {"type": "LineString", "coordinates": [[2.3471045, 48.846353], [2.3467705, 48.8456773], [2.3462879, 48.8457796], [2.3462357, 48.8456924]]}}, {"type": "Feature", "properties": {"highway": "footway", "footway": null, "name": null, "surface": "paving_stones", "lit": null, "length_m": 0.73, "type_element": "Way", "__fid": 62173}, "geometry": {"type": "LineString", "coordinates": [[2.3462292, 48.8464692], [2.346232196712634, 48.8464754607426]]}}, {"type": "Feature", "properties": {"highway": "footway", "footway": null, "name": null, "surface": null, "lit": null, "length_m": 5.31, "type_element": "Way", "__fid": 62174}, "geometry": {"type": "LineString", "coordinates": [[2.346253, 48.8464294], [2.346231142141948, 48.84638383296411]]}}, {"type": "Feature", "properties": {"highway": "footway", "footway": null, "name": null, "surface": "paving_stones", "lit": null, "length_m": 1.4, "type_element": "Way", "__fid": 62175}, "geometry": {"type": "LineString", "coordinates": [[2.3462492, 48.8463797], [2.346231142141948, 48.84638383296411]]}}, {"type": "Feature", "properties": {"highway": "footway", "footway": null, "name": null, "surface": "paving_stones", "lit": null, "length_m": 3.56, "type_element": "Way", "__fid": 62180}, "geometry": {"type": "LineString", "coordinates": [[2.3462492, 48.8463797], [2.346233642149393, 48.846349354519894]]}}, {"type": "Feature", "properties": {"highway": "footway", "footway": null, "name": null, "surface": null, "lit": null, "length_m": 4.53, "type_element": "Way", "__fid": 62181}, "geometry": {"type": "LineString", "coordinates": [[2.346233642149393, 48.846349354519894], [2.346292333614937, 48.84633660505905]]}}, {"type": "Feature", "properties": {"highway": "footway", "footway": null, "name": null, "surface": "paving_stones", "lit": null, "length_m": 9.17, "type_element": "Way", "__fid": 62182}, "geometry": {"type": "LineString", "coordinates": [[2.346232196712634, 48.8464754607426], [2.3462505, 48.84651369999999], [2.3463106, 48.8464989]]}}, {"type": "Feature", "properties": {"highway": "footway", "footway": null, "name": null, "surface": null, "lit": null, "length_m": 3.01, "type_element": "Way", "__fid": 62183}, "geometry": {"type": "LineString", "coordinates": [[2.346232196712634, 48.8464754607426], [2.3462714, 48.8464676]]}}, {"type": "Feature", "properties": {"highway": "footway", "footway": null, "name": null, "surface": null, "lit": null, "length_m": 0.95, "type_element": "Way", "__fid": 62184}, "geometry": {"type": "LineString", "coordinates": [[2.346242320203178, 48.84600582416573], [2.3462383, 48.8459977]]}}, {"type": "Feature", "properties": {"highway": "footway", "footway": null, "name": null, "surface": null, "lit": null, "length_m": 3.59, "type_element": "Way", "__fid": 62185}, "geometry": {"type": "LineString", "coordinates": [[2.3462575, 48.8460365], [2.346242320203178, 48.84600582416573]]}}, {"type": "Feature", "properties": {"highway": "footway", "footway": null, "name": null, "surface": "paving_stones", "lit": null, "length_m": 1.4, "type_element": "Way", "__fid": 62186}, "geometry": {"type": "LineString", "coordinates": [[2.3462604, 48.84600190000001], [2.346242320203178, 48.84600582416573]]}}, {"type": "Feature", "properties": {"highway": "footway", "footway": null, "name": null, "surface": "paving_stones", "lit": null, "length_m": 5.37, "type_element": "Way", "__fid": 62192}, "geometry": {"type": "LineString", "coordinates": [[2.346272733107241, 48.84642538649287], [2.3462492, 48.8463797]]}}, {"type": "Feature", "properties": {"highway": "footway", "footway": null, "name": null, "surface": "paving_stones", "lit": null, "length_m": 4.53, "type_element": "Way", "__fid": 62193}, "geometry": {"type": "LineString", "coordinates": [[2.3463077, 48.84636680000001], [2.3462492, 48.8463797]]}}, {"type": "Feature", "properties": {"highway": "footway", "footway": null, "name": null, "surface": null, "lit": null, "length_m": 4.68, "type_element": "Way", "__fid": 62198}, "geometry": {"type": "LineString", "coordinates": [[2.3462575, 48.8460365], [2.3462773, 48.8460765]]}}, {"type": "Feature", "properties": {"highway": "footway", "footway": null, "name": null, "surface": null, "lit": null, "length_m": 4.66, "type_element": "Way", "__fid": 62199}, "geometry": {"type": "LineString", "coordinates": [[2.3462575, 48.8460365], [2.3463178, 48.8460233]]}}, {"type": "Feature", "properties": {"highway": "steps", "footway": null, "name": null, "surface": "stone", "lit": null, "length_m": 4.46, "type_element": "Way", "__fid": 62202}, "geometry": {"type": "LineString", "coordinates": [[2.3462714, 48.8464676], [2.346253, 48.8464294]]}}, {"type": "Feature", "properties": {"highway": "footway", "footway": null, "name": null, "surface": null, "lit": null, "length_m": 1.52, "type_element": "Way", "__fid": 62203}, "geometry": {"type": "LineString", "coordinates": [[2.346253, 48.8464294], [2.346272733107241, 48.84642538649287]]}}, {"type": "Feature", "properties": {"highway": "footway", "footway": null, "name": null, "surface": null, "lit": null, "length_m": 4.71, "type_element": "Way", "__fid": 62207}, "geometry": {"type": "LineString", "coordinates": [[2.3462582, 48.8461742], [2.3463195, 48.8461617]]}}, {"type": "Feature", "properties": {"highway": "service", "footway": null, "name": null, "surface": "concrete", "lit": "yes", "length_m": 39.37, "type_element": "Way", "__fid": 62215}, "geometry": {"type": "LineString", "coordinates": [[2.3463148, 48.8421794], [2.3464606, 48.8421792], [2.3467814, 48.842103500000015], [2.3468228, 48.842121900000016]]}}, {"type": "Feature", "properties": {"highway": "footway", "footway": "crossing", "name": null, "surface": "sett", "lit": "yes", "length_m": 9.23, "type_element": "Way", "__fid": 62217}, "geometry": {"type": "LineString", "coordinates": [[2.3462622, 48.846645], [2.3463018, 48.8467238]]}}, {"type": "Feature", "properties": {"highway": "footway", "footway": "sidewalk", "name": null, "surface": "paving_stones", "lit": "yes", "length_m": 15.54, "type_element": "Way", "__fid": 62218}, "geometry": {"type": "LineString", "coordinates": [[2.3464634, 48.8466015], [2.3462622, 48.846645]]}}, {"type": "Feature", "properties": {"highway": "footway", "footway": null, "name": null, "surface": "paving_stones", "lit": null, "length_m": 3.73, "type_element": "Way", "__fid": 62220}, "geometry": {"type": "LineString", "coordinates": [[2.346271474353912, 48.846295754176445], [2.3462877, 48.8463275]]}}, {"type": "Feature", "properties": {"highway": "footway", "footway": null, "name": null, "surface": null, "lit": null, "length_m": 3.67, "type_element": "Way", "__fid": 62221}, "geometry": {"type": "LineString", "coordinates": [[2.346271474353912, 48.846295754176445], [2.3463188, 48.8462852]]}}, {"type": "Feature", "properties": {"highway": "footway", "footway": null, "name": null, "surface": null, "lit": null, "length_m": 1.6, "type_element": "Way", "__fid": 62225}, "geometry": {"type": "LineString", "coordinates": [[2.3462714, 48.8464676], [2.346292323479221, 48.846463418607605]]}}, {"type": "Feature", "properties": {"highway": "footway", "footway": null, "name": null, "surface": "paving_stones", "lit": null, "length_m": 4.47, "type_element": "Way", "__fid": 62227}, "geometry": {"type": "LineString", "coordinates": [[2.346292323479221, 48.846463418607605], [2.346272733107241, 48.84642538649287]]}}, {"type": "Feature", "properties": {"highway": "footway", "footway": null, "name": null, "surface": null, "lit": null, "length_m": 4.51, "type_element": "Way", "__fid": 62228}, "geometry": {"type": "LineString", "coordinates": [[2.346272733107241, 48.84642538649287], [2.346331403293864, 48.846413453569]]}}, {"type": "Feature", "properties": {"highway": "footway", "footway": null, "name": null, "surface": null, "lit": null, "length_m": 9.23, "type_element": "Way", "__fid": 62229}, "geometry": {"type": "LineString", "coordinates": [[2.3462773, 48.8460765], [2.346316358133181, 48.84615536210308]]}}, {"type": "Feature", "properties": {"highway": "footway", "footway": null, "name": null, "surface": null, "lit": null, "length_m": 4.65, "type_element": "Way", "__fid": 62230}, "geometry": {"type": "LineString", "coordinates": [[2.3462773, 48.8460765], [2.3463372, 48.8460629]]}}, {"type": "Feature", "properties": {"highway": "footway", "footway": null, "name": null, "surface": "paving_stones", "lit": null, "length_m": 1.07, "type_element": "Way", "__fid": 62249}, "geometry": {"type": "LineString", "coordinates": [[2.3462877, 48.8463275], [2.346292333614937, 48.84633660505905]]}}, {"type": "Feature", "properties": {"highway": "footway", "footway": null, "name": null, "surface": "paving_stones", "lit": null, "length_m": 2.92, "type_element": "Way", "__fid": 62250}, "geometry": {"type": "LineString", "coordinates": [[2.3463256, 48.8463196], [2.3462877, 48.8463275]]}}, {"type": "Feature", "properties": {"highway": "footway", "footway": null, "name": null, "surface": "paving_stones", "lit": null, "length_m": 3.54, "type_element": "Way", "__fid": 62260}, "geometry": {"type": "LineString", "coordinates": [[2.346292333614937, 48.84633660505905], [2.3463077, 48.84636680000001]]}}, {"type": "Feature", "properties": {"highway": "footway", "footway": null, "name": null, "surface": null, "lit": null, "length_m": 3.66, "type_element": "Way", "__fid": 62261}, "geometry": {"type": "LineString", "coordinates": [[2.346292333614937, 48.84633660505905], [2.3463397, 48.8463263]]}}, {"type": "Feature", "properties": {"highway": "footway", "footway": null, "name": null, "surface": "paving_stones", "lit": null, "length_m": 4.17, "type_element": "Way", "__fid": 62266}, "geometry": {"type": "LineString", "coordinates": [[2.3463106, 48.8464989], [2.346292323479221, 48.846463418607605]]}}, {"type": "Feature", "properties": {"highway": "footway", "footway": null, "name": null, "surface": null, "lit": null, "length_m": 4.49, "type_element": "Way", "__fid": 62267}, "geometry": {"type": "LineString", "coordinates": [[2.346292323479221, 48.846463418607605], [2.346350865289271, 48.84645171946531]]}}, {"type": "Feature", "properties": {"highway": "footway", "footway": "sidewalk", "name": null, "surface": "paving_stones", "lit": "yes", "length_m": 10.37, "type_element": "Way", "__fid": 62283}, "geometry": {"type": "LineString", "coordinates": [[2.3463018, 48.8467238], [2.3463462, 48.84681230000001]]}}, {"type": "Feature", "properties": {"highway": "living_street", "footway": null, "name": "Place du Panthéon", "surface": "sett", "lit": "yes", "length_m": 7.76, "type_element": "Way", "__fid": 62284}, "geometry": {"type": "LineString", "coordinates": [[2.3464019, 48.8467012], [2.3463018, 48.8467238]]}}, {"type": "Feature", "properties": {"highway": "footway", "footway": null, "name": null, "surface": "paving_stones", "lit": null, "length_m": 4.43, "type_element": "Way", "__fid": 62285}, "geometry": {"type": "LineString", "coordinates": [[2.3463077, 48.84636680000001], [2.3463269, 48.8464046]]}}, {"type": "Feature", "properties": {"highway": "footway", "footway": null, "name": null, "surface": "paving_stones", "lit": null, "length_m": 2.93, "type_element": "Way", "__fid": 62286}, "geometry": {"type": "LineString", "coordinates": [[2.3463452, 48.8463578], [2.3463077, 48.84636680000001]]}}, {"type": "Feature", "properties": {"highway": "footway", "footway": null, "name": null, "surface": "paving_stones", "lit": null, "length_m": 8.59, "type_element": "Way", "__fid": 62298}, "geometry": {"type": "LineString", "coordinates": [[2.346350865289271, 48.84645171946531], [2.3463687, 48.846486800000015], [2.3463106, 48.8464989]]}}, {"type": "Feature", "properties": {"highway": "footway", "footway": null, "name": null, "surface": null, "lit": null, "length_m": 4.63, "type_element": "Way", "__fid": 62301}, "geometry": {"type": "LineString", "coordinates": [[2.3463372, 48.8460629], [2.3463178, 48.8460233]]}}, {"type": "Feature", "properties": {"highway": "footway", "footway": null, "name": null, "surface": null, "lit": null, "length_m": 4.42, "type_element": "Way", "__fid": 62302}, "geometry": {"type": "LineString", "coordinates": [[2.3463178, 48.8460233], [2.346375, 48.8460108]]}}, {"type": "Feature", "properties": {"highway": "footway", "footway": null, "name": null, "surface": null, "lit": null, "length_m": 0.74, "type_element": "Way", "__fid": 62303}, "geometry": {"type": "LineString", "coordinates": [[2.346316358133181, 48.84615536210308], [2.3463195, 48.8461617]]}}, {"type": "Feature", "properties": {"highway": "footway", "footway": null, "name": null, "surface": "paving_stones", "lit": null, "length_m": 4.61, "type_element": "Way", "__fid": 62304}, "geometry": {"type": "LineString", "coordinates": [[2.34637616654847, 48.84614258513042], [2.346316358133181, 48.84615536210308]]}}, {"type": "Feature", "properties": {"highway": "footway", "footway": null, "name": null, "surface": null, "lit": null, "length_m": 8.67, "type_element": "Way", "__fid": 62309}, "geometry": {"type": "LineString", "coordinates": [[2.3463195, 48.8461617], [2.3463562, 48.84623580000002]]}}, {"type": "Feature", "properties": {"highway": "footway", "footway": null, "name": null, "surface": null, "lit": null, "length_m": 4.61, "type_element": "Way", "__fid": 62310}, "geometry": {"type": "LineString", "coordinates": [[2.3463195, 48.8461617], [2.3463792, 48.8461488]]}}, {"type": "Feature", "properties": {"highway": "footway", "footway": null, "name": null, "surface": null, "lit": null, "length_m": 4.82, "type_element": "Way", "__fid": 62311}, "geometry": {"type": "LineString", "coordinates": [[2.3463397, 48.8463263], [2.3463188, 48.8462852]]}}, {"type": "Feature", "properties": {"highway": "footway", "footway": null, "name": null, "surface": null, "lit": null, "length_m": 4.32, "type_element": "Way", "__fid": 62312}, "geometry": {"type": "LineString", "coordinates": [[2.3463188, 48.8462852], [2.3463748, 48.8462733]]}}, {"type": "Feature", "properties": {"highway": "footway", "footway": null, "name": null, "surface": "paving_stones", "lit": null, "length_m": 1.04, "type_element": "Way", "__fid": 62322}, "geometry": {"type": "LineString", "coordinates": [[2.3463269, 48.8464046], [2.346331403293864, 48.846413453569]]}}, {"type": "Feature", "properties": {"highway": "footway", "footway": null, "name": null, "surface": "paving_stones", "lit": null, "length_m": 2.96, "type_element": "Way", "__fid": 62323}, "geometry": {"type": "LineString", "coordinates": [[2.3463656, 48.8463972], [2.3463269, 48.8464046]]}}, {"type": "Feature", "properties": {"highway": "footway", "footway": null, "name": null, "surface": "paving_stones", "lit": null, "length_m": 3.71, "type_element": "Way", "__fid": 62333}, "geometry": {"type": "LineString", "coordinates": [[2.346331403293864, 48.846413453569], [2.3463475, 48.8464451]]}}, {"type": "Feature", "properties": {"highway": "footway", "footway": null, "name": null, "surface": null, "lit": null, "length_m": 3.65, "type_element": "Way", "__fid": 62334}, "geometry": {"type": "LineString", "coordinates": [[2.346331403293864, 48.846413453569], [2.346379, 48.8464038]]}}, {"type": "Feature", "properties": {"highway": "footway", "footway": null, "name": null, "surface": null, "lit": null, "length_m": 9.31, "type_element": "Way", "__fid": 62336}, "geometry": {"type": "LineString", "coordinates": [[2.34637616654847, 48.84614258513042], [2.3463372, 48.8460629]]}}, {"type": "Feature", "properties": {"highway": "footway", "footway": null, "name": null, "surface": null, "lit": null, "length_m": 4.79, "type_element": "Way", "__fid": 62337}, "geometry": {"type": "LineString", "coordinates": [[2.3463372, 48.8460629], [2.346398968924601, 48.846048981420466]]}}, {"type": "Feature", "properties": {"highway": "footway", "footway": null, "name": null, "surface": null, "lit": null, "length_m": 4.66, "type_element": "Way", "__fid": 62344}, "geometry": {"type": "LineString", "coordinates": [[2.3463598, 48.8463661], [2.3463397, 48.8463263]]}}, {"type": "Feature", "properties": {"highway": "footway", "footway": null, "name": null, "surface": null, "lit": null, "length_m": 4.28, "type_element": "Way", "__fid": 62345}, "geometry": {"type": "LineString", "coordinates": [[2.3463397, 48.8463263], [2.3463951, 48.84631429999998]]}}, {"type": "Feature", "properties": {"highway": "footway", "footway": null, "name": null, "surface": "paving_stones", "lit": null, "length_m": 0.78, "type_element": "Way", "__fid": 62353}, "geometry": {"type": "LineString", "coordinates": [[2.3463475, 48.8464451], [2.346350865289271, 48.84645171946531]]}}, {"type": "Feature", "properties": {"highway": "footway", "footway": null, "name": null, "surface": "paving_stones", "lit": null, "length_m": 2.98, "type_element": "Way", "__fid": 62354}, "geometry": {"type": "LineString", "coordinates": [[2.3463475, 48.8464451], [2.3463857, 48.846436]]}}, {"type": "Feature", "properties": {"highway": "footway", "footway": "sidewalk", "name": null, "surface": "paving_stones", "lit": "yes", "length_m": 2.89, "type_element": "Way", "__fid": 62360}, "geometry": {"type": "LineString", "coordinates": [[2.3463462, 48.84681230000001], [2.3463836, 48.8468041]]}}, {"type": "Feature", "properties": {"highway": "footway", "footway": null, "name": null, "surface": null, "lit": null, "length_m": 3.65, "type_element": "Way", "__fid": 62361}, "geometry": {"type": "LineString", "coordinates": [[2.346350865289271, 48.84645171946531], [2.3463985, 48.84644220000001]]}}, {"type": "Feature", "properties": {"highway": "footway", "footway": null, "name": null, "surface": null, "lit": null, "length_m": 4.39, "type_element": "Way", "__fid": 62363}, "geometry": {"type": "LineString", "coordinates": [[2.3463562, 48.84623580000002], [2.3463748, 48.8462733]]}}, {"type": "Feature", "properties": {"highway": "footway", "footway": null, "name": null, "surface": null, "lit": null, "length_m": 4.57, "type_element": "Way", "__fid": 62364}, "geometry": {"type": "LineString", "coordinates": [[2.3463562, 48.84623580000002], [2.3464156, 48.8462234]]}}, {"type": "Feature", "properties": {"highway": "footway", "footway": "crossing", "name": null, "surface": "asphalt", "lit": "yes", "length_m": 6.93, "type_element": "Way", "__fid": 62368}, "geometry": {"type": "LineString", "coordinates": [[2.3464938, 48.8422053], [2.346408500000061, 48.842232]]}}, {"type": "Feature", "properties": {"highway": "footway", "footway": null, "name": null, "surface": null, "lit": null, "length_m": 4.42, "type_element": "Way", "__fid": 62371}, "geometry": {"type": "LineString", "coordinates": [[2.346379, 48.8464038], [2.3463598, 48.8463661]]}}, {"type": "Feature", "properties": {"highway": "footway", "footway": null, "name": null, "surface": null, "lit": null, "length_m": 4.25, "type_element": "Way", "__fid": 62372}, "geometry": {"type": "LineString", "coordinates": [[2.3463598, 48.8463661], [2.3464148, 48.846354]]}}, {"type": "Feature", "properties": {"highway": "footway", "footway": null, "name": null, "surface": null, "lit": null, "length_m": 4.6, "type_element": "Way", "__fid": 62380}, "geometry": {"type": "LineString", "coordinates": [[2.346398968924601, 48.846048981420466], [2.346375, 48.8460108]]}}, {"type": "Feature", "properties": {"highway": "footway", "footway": null, "name": null, "surface": null, "lit": null, "length_m": 4.97, "type_element": "Way", "__fid": 62381}, "geometry": {"type": "LineString", "coordinates": [[2.346375, 48.8460108], [2.3464393, 48.8459968]]}}, {"type": "Feature", "properties": {"highway": "footway", "footway": null, "name": null, "surface": null, "lit": null, "length_m": 0.73, "type_element": "Way", "__fid": 62384}, "geometry": {"type": "LineString", "coordinates": [[2.3463792, 48.8461488], [2.34637616654847, 48.84614258513042]]}}, {"type": "Feature", "properties": {"highway": "footway", "footway": null, "name": null, "surface": "paving_stones", "lit": null, "length_m": 5.26, "type_element": "Way", "__fid": 62385}, "geometry": {"type": "LineString", "coordinates": [[2.3464444, 48.846128], [2.34637616654847, 48.84614258513042]]}}, {"type": "Feature", "properties": {"highway": "footway", "footway": null, "name": null, "surface": null, "lit": null, "length_m": 4.8, "type_element": "Way", "__fid": 62386}, "geometry": {"type": "LineString", "coordinates": [[2.3463748, 48.8462733], [2.3463951, 48.84631429999998]]}}, {"type": "Feature", "properties": {"highway": "footway", "footway": null, "name": null, "surface": null, "lit": null, "length_m": 4.56, "type_element": "Way", "__fid": 62387}, "geometry": {"type": "LineString", "coordinates": [[2.3463748, 48.8462733], [2.3464339, 48.8462607]]}}, {"type": "Feature", "properties": {"highway": "footway", "footway": null, "name": null, "surface": null, "lit": null, "length_m": 8.71, "type_element": "Way", "__fid": 62391}, "geometry": {"type": "LineString", "coordinates": [[2.3464156, 48.8462234], [2.3463792, 48.8461488]]}}, {"type": "Feature", "properties": {"highway": "footway", "footway": null, "name": null, "surface": null, "lit": null, "length_m": 5.26, "type_element": "Way", "__fid": 62392}, "geometry": {"type": "LineString", "coordinates": [[2.3463792, 48.8461488], [2.346447322655134, 48.846134121342786]]}}, {"type": "Feature", "properties": {"highway": "footway", "footway": null, "name": null, "surface": null, "lit": null, "length_m": 4.5, "type_element": "Way", "__fid": 62393}, "geometry": {"type": "LineString", "coordinates": [[2.3463985, 48.84644220000001], [2.346379, 48.8464038]]}}, {"type": "Feature", "properties": {"highway": "footway", "footway": null, "name": null, "surface": null, "lit": null, "length_m": 4.22, "type_element": "Way", "__fid": 62394}, "geometry": {"type": "LineString", "coordinates": [[2.346379, 48.8464038], [2.3464339, 48.8463926]]}}, {"type": "Feature", "properties": {"highway": "footway", "footway": null, "name": null, "surface": null, "lit": null, "length_m": 2.97, "type_element": "Way", "__fid": 62398}, "geometry": {"type": "LineString", "coordinates": [[2.3463911, 48.84602249999999], [2.3464036465331, 48.846047925427406]]}}, {"type": "Feature", "properties": {"highway": "footway", "footway": "sidewalk", "name": null, "surface": "asphalt", "lit": "yes", "length_m": 147.91, "type_element": "Way", "__fid": 62400}, "geometry": {"type": "LineString", "coordinates": [[2.3463836, 48.8468041], [2.3469942, 48.8480718]]}}, {"type": "Feature", "properties": {"highway": "footway", "footway": "crossing", "name": null, "surface": "asphalt", "lit": "yes", "length_m": 4.81, "type_element": "Way", "__fid": 62401}, "geometry": {"type": "LineString", "coordinates": [[2.3463836, 48.8468041], [2.3464459, 48.84679060000002]]}}, {"type": "Feature", "properties": {"highway": "footway", "footway": null, "name": null, "surface": null, "lit": null, "length_m": 4.65, "type_element": "Way", "__fid": 62403}, "geometry": {"type": "LineString", "coordinates": [[2.3463951, 48.84631429999998], [2.3464148, 48.846354]]}}, {"type": "Feature", "properties": {"highway": "footway", "footway": null, "name": null, "surface": "paving_stones", "lit": null, "length_m": 0.48, "type_element": "Way", "__fid": 62404}, "geometry": {"type": "LineString", "coordinates": [[2.346405024872397, 48.846050718616965], [2.346398968924601, 48.846048981420466]]}}, {"type": "Feature", "properties": {"highway": "footway", "footway": null, "name": null, "surface": null, "lit": null, "length_m": 0.36, "type_element": "Way", "__fid": 62405}, "geometry": {"type": "LineString", "coordinates": [[2.346398968924601, 48.846048981420466], [2.3464036465331, 48.846047925427406]]}}, {"type": "Feature", "properties": {"highway": "footway", "footway": null, "name": null, "surface": null, "lit": null, "length_m": 2.35, "type_element": "Way", "__fid": 62411}, "geometry": {"type": "LineString", "coordinates": [[2.3463985, 48.84644220000001], [2.3464075, 48.84646249999999]]}}, {"type": "Feature", "properties": {"highway": "footway", "footway": null, "name": null, "surface": null, "lit": null, "length_m": 4.18, "type_element": "Way", "__fid": 62412}, "geometry": {"type": "LineString", "coordinates": [[2.3464531, 48.84643139999998], [2.3463985, 48.84644220000001]]}}, {"type": "Feature", "properties": {"highway": "footway", "footway": null, "name": null, "surface": null, "lit": null, "length_m": 0.33, "type_element": "Way", "__fid": 62413}, "geometry": {"type": "LineString", "coordinates": [[2.3464036465331, 48.846047925427406], [2.346405024872397, 48.846050718616965]]}}, {"type": "Feature", "properties": {"highway": "footway", "footway": null, "name": null, "surface": null, "lit": null, "length_m": 4.2, "type_element": "Way", "__fid": 62414}, "geometry": {"type": "LineString", "coordinates": [[2.3464036465331, 48.846047925427406], [2.3464578, 48.846035700000016]]}}, {"type": "Feature", "properties": {"highway": "footway", "footway": null, "name": null, "surface": null, "lit": null, "length_m": 9.07, "type_element": "Way", "__fid": 62421}, "geometry": {"type": "LineString", "coordinates": [[2.346405024872397, 48.846050718616965], [2.3464444, 48.846128]]}}, {"type": "Feature", "properties": {"highway": "footway", "footway": null, "name": null, "surface": "paving_stones", "lit": null, "length_m": 4.2, "type_element": "Way", "__fid": 62422}, "geometry": {"type": "LineString", "coordinates": [[2.346460358801898, 48.84604105642645], [2.346405024872397, 48.846050718616965]]}}, {"type": "Feature", "properties": {"highway": "living_street", "footway": null, "name": "Rue Valette", "surface": "sett", "lit": "yes", "length_m": 10.45, "type_element": "Way", "__fid": 62428}, "geometry": {"type": "LineString", "coordinates": [[2.3464019, 48.8467012], [2.3464459, 48.84679060000002]]}}, {"type": "Feature", "properties": {"highway": "living_street", "footway": null, "name": "Place du Panthéon", "surface": "sett", "lit": "yes", "length_m": 7.75, "type_element": "Way", "__fid": 62429}, "geometry": {"type": "LineString", "coordinates": [[2.3465018, 48.846678599999976], [2.3464019, 48.8467012]]}}, {"type": "Feature", "properties": {"highway": "footway", "footway": null, "name": null, "surface": null, "lit": null, "length_m": 4.36, "type_element": "Way", "__fid": 62444}, "geometry": {"type": "LineString", "coordinates": [[2.3464339, 48.8462607], [2.3464156, 48.8462234]]}}, {"type": "Feature", "properties": {"highway": "footway", "footway": null, "name": null, "surface": null, "lit": null, "length_m": 4.97, "type_element": "Way", "__fid": 62445}, "geometry": {"type": "LineString", "coordinates": [[2.3464156, 48.8462234], [2.34648009985643, 48.846209916193]]}}, {"type": "Feature", "properties": {"highway": "footway", "footway": null, "name": null, "surface": null, "lit": null, "length_m": 4.52, "type_element": "Way", "__fid": 62446}, "geometry": {"type": "LineString", "coordinates": [[2.3464148, 48.846354], [2.3464339, 48.8463926]]}}, {"type": "Feature", "properties": {"highway": "footway", "footway": null, "name": null, "surface": null, "lit": null, "length_m": 9.18, "type_element": "Way", "__fid": 62458}, "geometry": {"type": "LineString", "coordinates": [[2.3464339, 48.8462607], [2.3465529, 48.84623530000002]]}}, {"type": "Feature", "properties": {"highway": "footway", "footway": null, "name": null, "surface": null, "lit": null, "length_m": 4.54, "type_element": "Way", "__fid": 62460}, "geometry": {"type": "LineString", "coordinates": [[2.3464339, 48.8463926], [2.3464531, 48.84643139999998]]}}, {"type": "Feature", "properties": {"highway": "footway", "footway": null, "name": null, "surface": null, "lit": null, "length_m": 4.53, "type_element": "Way", "__fid": 62461}, "geometry": {"type": "LineString", "coordinates": [[2.3464578, 48.846035700000016], [2.3464393, 48.8459968]]}}, {"type": "Feature", "properties": {"highway": "footway", "footway": null, "name": null, "surface": null, "lit": null, "length_m": 4.46, "type_element": "Way", "__fid": 62462}, "geometry": {"type": "LineString", "coordinates": [[2.3464393, 48.8459968], [2.346497, 48.8459841]]}}, {"type": "Feature", "properties": {"highway": "footway", "footway": null, "name": null, "surface": null, "lit": null, "length_m": 0.71, "type_element": "Way", "__fid": 62475}, "geometry": {"type": "LineString", "coordinates": [[2.3464444, 48.846128], [2.346447322655134, 48.846134121342786]]}}, {"type": "Feature", "properties": {"highway": "footway", "footway": null, "name": null, "surface": "paving_stones", "lit": null, "length_m": 4.02, "type_element": "Way", "__fid": 62476}, "geometry": {"type": "LineString", "coordinates": [[2.346496509065334, 48.84611684036062], [2.3464444, 48.846128]]}}, {"type": "Feature", "properties": {"highway": "footway", "footway": "sidewalk", "name": null, "surface": "asphalt", "lit": "yes", "length_m": 9.66, "type_element": "Way", "__fid": 62477}, "geometry": {"type": "LineString", "coordinates": [[2.3464938, 48.8422053], [2.3465327, 48.8422337], [2.3465941, 48.8422605]]}}, {"type": "Feature", "properties": {"highway": "footway", "footway": "sidewalk", "name": null, "surface": "asphalt", "lit": "yes", "length_m": 12.32, "type_element": "Way", "__fid": 62478}, "geometry": {"type": "LineString", "coordinates": [[2.3466455, 48.8421594], [2.3465751, 48.84217420000002], [2.3464938, 48.8422053]]}}, {"type": "Feature", "properties": {"highway": "footway", "footway": null, "name": null, "surface": null, "lit": null, "length_m": 8.53, "type_element": "Way", "__fid": 62480}, "geometry": {"type": "LineString", "coordinates": [[2.346447322655134, 48.846134121342786], [2.346483175608026, 48.846207129082316]]}}, {"type": "Feature", "properties": {"highway": "footway", "footway": null, "name": null, "surface": null, "lit": null, "length_m": 4.02, "type_element": "Way", "__fid": 62481}, "geometry": {"type": "LineString", "coordinates": [[2.346447322655134, 48.846134121342786], [2.3464994, 48.8461229]]}}, {"type": "Feature", "properties": {"highway": "footway", "footway": "crossing", "name": null, "surface": "asphalt", "lit": "yes", "length_m": 4.89, "type_element": "Way", "__fid": 62493}, "geometry": {"type": "LineString", "coordinates": [[2.3464459, 48.84679060000002], [2.3465092, 48.8467768]]}}, {"type": "Feature", "properties": {"highway": "footway", "footway": null, "name": null, "surface": null, "lit": null, "length_m": 0.62, "type_element": "Way", "__fid": 62495}, "geometry": {"type": "LineString", "coordinates": [[2.346460358801898, 48.84604105642645], [2.3464578, 48.846035700000016]]}}, {"type": "Feature", "properties": {"highway": "footway", "footway": null, "name": null, "surface": null, "lit": null, "length_m": 4.34, "type_element": "Way", "__fid": 62496}, "geometry": {"type": "LineString", "coordinates": [[2.3464578, 48.846035700000016], [2.346513746738841, 48.84602314847121]]}}, {"type": "Feature", "properties": {"highway": "footway", "footway": null, "name": null, "surface": null, "lit": null, "length_m": 2.48, "type_element": "Way", "__fid": 62497}, "geometry": {"type": "LineString", "coordinates": [[2.3464531, 48.84643139999998], [2.3464634, 48.8464526]]}}, {"type": "Feature", "properties": {"highway": "footway", "footway": null, "name": null, "surface": null, "lit": null, "length_m": 8.83, "type_element": "Way", "__fid": 62504}, "geometry": {"type": "LineString", "coordinates": [[2.346496509065334, 48.84611684036062], [2.346460358801898, 48.84604105642645]]}}, {"type": "Feature", "properties": {"highway": "footway", "footway": null, "name": null, "surface": "paving_stones", "lit": null, "length_m": 0.15, "type_element": "Way", "__fid": 62505}, "geometry": {"type": "LineString", "coordinates": [[2.3464624, 48.84604070000001], [2.346460358801898, 48.84604105642645]]}}, {"type": "Feature", "properties": {"highway": "footway", "footway": null, "name": null, "surface": "paving_stones", "lit": null, "length_m": 8.83, "type_element": "Way", "__fid": 62508}, "geometry": {"type": "LineString", "coordinates": [[2.3465009, 48.84611589999999], [2.3464624, 48.84604070000001]]}}, {"type": "Feature", "properties": {"highway": "footway", "footway": null, "name": null, "surface": "paving_stones", "lit": null, "length_m": 4.22, "type_element": "Way", "__fid": 62509}, "geometry": {"type": "LineString", "coordinates": [[2.346514848617909, 48.846025221742686], [2.3464624, 48.84604070000001]]}}, {"type": "Feature", "properties": {"highway": "footway", "footway": "crossing", "name": null, "surface": "sett", "lit": "yes", "length_m": 9.02, "type_element": "Way", "__fid": 62514}, "geometry": {"type": "LineString", "coordinates": [[2.3464634, 48.8466015], [2.3465018, 48.846678599999976]]}}, {"type": "Feature", "properties": {"highway": "footway", "footway": "sidewalk", "name": null, "surface": "paving_stones", "lit": "yes", "length_m": 64.24, "type_element": "Way", "__fid": 62515}, "geometry": {"type": "LineString", "coordinates": [[2.3471045, 48.846353], [2.3466219, 48.8464605], [2.3466657, 48.8465572], [2.3464634, 48.8466015]]}}, {"type": "Feature", "properties": {"highway": "footway", "footway": null, "name": null, "surface": "paving_stones", "lit": null, "length_m": 0.38, "type_element": "Way", "__fid": 62522}, "geometry": {"type": "LineString", "coordinates": [[2.34648009985643, 48.846209916193], [2.346483175608026, 48.846207129082316]]}}, {"type": "Feature", "properties": {"highway": "footway", "footway": null, "name": null, "surface": null, "lit": null, "length_m": 0.29, "type_element": "Way", "__fid": 62523}, "geometry": {"type": "LineString", "coordinates": [[2.34648009985643, 48.846209916193], [2.34648392200864, 48.84620911186896]]}}, {"type": "Feature", "properties": {"highway": "footway", "footway": null, "name": null, "surface": null, "lit": null, "length_m": 0.23, "type_element": "Way", "__fid": 62528}, "geometry": {"type": "LineString", "coordinates": [[2.346483175608026, 48.846207129082316], [2.34648392200864, 48.84620911186896]]}}, {"type": "Feature", "properties": {"highway": "footway", "footway": null, "name": null, "surface": "paving_stones", "lit": null, "length_m": 3.96, "type_element": "Way", "__fid": 62529}, "geometry": {"type": "LineString", "coordinates": [[2.346483175608026, 48.846207129082316], [2.346533022973932, 48.846193530554544]]}}, {"type": "Feature", "properties": {"highway": "footway", "footway": null, "name": null, "surface": null, "lit": null, "length_m": 3.96, "type_element": "Way", "__fid": 62530}, "geometry": {"type": "LineString", "coordinates": [[2.34648392200864, 48.84620911186896], [2.3465353, 48.8461983]]}}, {"type": "Feature", "properties": {"highway": "footway", "footway": "crossing", "name": null, "surface": null, "lit": "yes", "length_m": 9.6, "type_element": "Way", "__fid": 62537}, "geometry": {"type": "LineString", "coordinates": [[2.346529, 48.84325740000001], [2.3466426, 48.8433002]]}}, {"type": "Feature", "properties": {"highway": "footway", "footway": null, "name": null, "surface": null, "lit": null, "length_m": 4.51, "type_element": "Way", "__fid": 62539}, "geometry": {"type": "LineString", "coordinates": [[2.346514664362021, 48.846022942604186], [2.346497, 48.8459841]]}}, {"type": "Feature", "properties": {"highway": "footway", "footway": null, "name": null, "surface": null, "lit": null, "length_m": 6.69, "type_element": "Way", "__fid": 62540}, "geometry": {"type": "LineString", "coordinates": [[2.346497, 48.8459841], [2.3465836, 48.8459652]]}}, {"type": "Feature", "properties": {"highway": "footway", "footway": null, "name": null, "surface": null, "lit": null, "length_m": 0.71, "type_element": "Way", "__fid": 62543}, "geometry": {"type": "LineString", "coordinates": [[2.3464994, 48.8461229], [2.346496509065334, 48.84611684036062]]}}, {"type": "Feature", "properties": {"highway": "footway", "footway": null, "name": null, "surface": "paving_stones", "lit": null, "length_m": 0.34, "type_element": "Way", "__fid": 62544}, "geometry": {"type": "LineString", "coordinates": [[2.3465009, 48.84611589999999], [2.346496509065334, 48.84611684036062]]}}, {"type": "Feature", "properties": {"highway": "footway", "footway": null, "name": null, "surface": null, "lit": null, "length_m": 2.89, "type_element": "Way", "__fid": 62548}, "geometry": {"type": "LineString", "coordinates": [[2.3465007, 48.8459986], [2.346513746738841, 48.84602314847121]]}}, {"type": "Feature", "properties": {"highway": "footway", "footway": null, "name": null, "surface": null, "lit": null, "length_m": 8.23, "type_element": "Way", "__fid": 62549}, "geometry": {"type": "LineString", "coordinates": [[2.346533022973932, 48.846193530554544], [2.3464994, 48.8461229]]}}, {"type": "Feature", "properties": {"highway": "footway", "footway": null, "name": null, "surface": null, "lit": null, "length_m": 0.35, "type_element": "Way", "__fid": 62550}, "geometry": {"type": "LineString", "coordinates": [[2.3464994, 48.8461229], [2.346503883156628, 48.84612191417532]]}}, {"type": "Feature", "properties": {"highway": "footway", "footway": null, "name": null, "surface": "paving_stones", "lit": null, "length_m": 0.7, "type_element": "Way", "__fid": 62553}, "geometry": {"type": "LineString", "coordinates": [[2.346503883156628, 48.84612191417532], [2.3465009, 48.84611589999999]]}}, {"type": "Feature", "properties": {"highway": "footway", "footway": null, "name": null, "surface": "paving_stones", "lit": null, "length_m": 4.74, "type_element": "Way", "__fid": 62554}, "geometry": {"type": "LineString", "coordinates": [[2.3465623, 48.8461028], [2.3465009, 48.84611589999999]]}}, {"type": "Feature", "properties": {"highway": "footway", "footway": null, "name": null, "surface": "paving_stones", "lit": null, "length_m": 8.2, "type_element": "Way", "__fid": 62560}, "geometry": {"type": "LineString", "coordinates": [[2.346539, 48.846191900000015], [2.346503883156628, 48.84612191417532]]}}, {"type": "Feature", "properties": {"highway": "steps", "footway": null, "name": null, "surface": "stone", "lit": null, "length_m": 2.71, "type_element": "Way", "__fid": 62561}, "geometry": {"type": "LineString", "coordinates": [[2.346503883156628, 48.84612191417532], [2.3465389, 48.84611430000001]]}}, {"type": "Feature", "properties": {"highway": "footway", "footway": "crossing", "name": null, "surface": "asphalt", "lit": "yes", "length_m": 9.65, "type_element": "Way", "__fid": 62565}, "geometry": {"type": "LineString", "coordinates": [[2.3465236, 48.844771399999985], [2.346567999999812, 48.84485313333338]]}}, {"type": "Feature", "properties": {"highway": "footway", "footway": "sidewalk", "name": null, "surface": "asphalt", "lit": "yes", "length_m": 4.27, "type_element": "Way", "__fid": 62566}, "geometry": {"type": "LineString", "coordinates": [[2.3465236, 48.844771399999985], [2.346578233333354, 48.84475813333334]]}}, {"type": "Feature", "properties": {"highway": "footway", "footway": "crossing", "name": null, "surface": "sett", "lit": "yes", "length_m": 10.53, "type_element": "Way", "__fid": 62570}, "geometry": {"type": "LineString", "coordinates": [[2.3465018, 48.846678599999976], [2.3465466, 48.84676860000001]]}}, {"type": "Feature", "properties": {"highway": "living_street", "footway": null, "name": "Place du Panthéon", "surface": "sett", "lit": "yes", "length_m": 33.56, "type_element": "Way", "__fid": 62571}, "geometry": {"type": "LineString", "coordinates": [[2.3469347, 48.84658119999998], [2.3465018, 48.846678599999976]]}}, {"type": "Feature", "properties": {"highway": "footway", "footway": null, "name": null, "surface": null, "lit": null, "length_m": 0.24, "type_element": "Way", "__fid": 62575}, "geometry": {"type": "LineString", "coordinates": [[2.346513746738841, 48.84602314847121], [2.346514848617909, 48.846025221742686]]}}, {"type": "Feature", "properties": {"highway": "footway", "footway": null, "name": null, "surface": null, "lit": null, "length_m": 0.07, "type_element": "Way", "__fid": 62576}, "geometry": {"type": "LineString", "coordinates": [[2.346513746738841, 48.84602314847121], [2.346514664362021, 48.846022942604186]]}}, {"type": "Feature", "properties": {"highway": "footway", "footway": null, "name": null, "surface": null, "lit": null, "length_m": 0.25, "type_element": "Way", "__fid": 62577}, "geometry": {"type": "LineString", "coordinates": [[2.346514664362021, 48.846022942604186], [2.346514848617909, 48.846025221742686]]}}, {"type": "Feature", "properties": {"highway": "footway", "footway": null, "name": null, "surface": null, "lit": null, "length_m": 6.83, "type_element": "Way", "__fid": 62578}, "geometry": {"type": "LineString", "coordinates": [[2.346514664362021, 48.846022942604186], [2.3466027, 48.846003]]}}, {"type": "Feature", "properties": {"highway": "footway", "footway": null, "name": null, "surface": null, "lit": null, "length_m": 9.3, "type_element": "Way", "__fid": 62581}, "geometry": {"type": "LineString", "coordinates": [[2.346514848617909, 48.846025221742686], [2.3465623, 48.8461028]]}}, {"type": "Feature", "properties": {"highway": "footway", "footway": "sidewalk", "name": null, "surface": "asphalt", "lit": "yes", "length_m": 80.62, "type_element": "Way", "__fid": 62587}, "geometry": {"type": "LineString", "coordinates": [[2.3465092, 48.8467768], [2.3465574, 48.8469031], [2.346849133333312, 48.847465833333345]]}}, {"type": "Feature", "properties": {"highway": "footway", "footway": "sidewalk", "name": null, "surface": "paving_stones", "lit": "yes", "length_m": 2.89, "type_element": "Way", "__fid": 62588}, "geometry": {"type": "LineString", "coordinates": [[2.3465092, 48.8467768], [2.3465466, 48.84676860000001]]}}, {"type": "Feature", "properties": {"highway": "footway", "footway": null, "name": null, "surface": null, "lit": null, "length_m": 0.56, "type_element": "Way", "__fid": 62602}, "geometry": {"type": "LineString", "coordinates": [[2.3465353, 48.8461983], [2.346533022973932, 48.846193530554544]]}}, {"type": "Feature", "properties": {"highway": "footway", "footway": null, "name": null, "surface": "paving_stones", "lit": null, "length_m": 0.47, "type_element": "Way", "__fid": 62603}, "geometry": {"type": "LineString", "coordinates": [[2.346533022973932, 48.846193530554544], [2.346539, 48.846191900000015]]}}, {"type": "Feature", "properties": {"highway": "footway", "footway": null, "name": null, "surface": null, "lit": null, "length_m": 4.31, "type_element": "Way", "__fid": 62608}, "geometry": {"type": "LineString", "coordinates": [[2.3465529, 48.84623530000002], [2.3465353, 48.8461983]]}}, {"type": "Feature", "properties": {"highway": "footway", "footway": null, "name": null, "surface": null, "lit": null, "length_m": 4.79, "type_element": "Way", "__fid": 62609}, "geometry": {"type": "LineString", "coordinates": [[2.3465353, 48.8461983], [2.346597522454765, 48.84618534806027]]}}, {"type": "Feature", "properties": {"highway": "footway", "footway": null, "name": null, "surface": "paving_stones", "lit": null, "length_m": 4.36, "type_element": "Way", "__fid": 62613}, "geometry": {"type": "LineString", "coordinates": [[2.346539, 48.846191900000015], [2.346597522454765, 48.84618534806027]]}}, {"type": "Feature", "properties": {"highway": "footway", "footway": "sidewalk", "name": null, "surface": "asphalt", "lit": "yes", "length_m": 151.94, "type_element": "Way", "__fid": 62616}, "geometry": {"type": "LineString", "coordinates": [[2.3465941, 48.8422605], [2.3470656, 48.8424637], [2.3470925, 48.84249710000002], [2.3472889, 48.842581], [2.3474835, 48.8423364], [2.3478429, 48.8419479], [2.3478067, 48.841881]]}}, {"type": "Feature", "properties": {"highway": "footway", "footway": null, "name": null, "surface": "asphalt", "lit": "yes", "length_m": 12.26, "type_element": "Way", "__fid": 62617}, "geometry": {"type": "LineString", "coordinates": [[2.3465941, 48.8422605], [2.3466433, 48.8422076], [2.3466455, 48.8421594]]}}, {"type": "Feature", "properties": {"highway": "footway", "footway": "sidewalk", "name": null, "surface": "paving_stones", "lit": "yes", "length_m": 36.95, "type_element": "Way", "__fid": 62618}, "geometry": {"type": "LineString", "coordinates": [[2.3465809, 48.8433736], [2.3469699, 48.8434359], [2.3470412, 48.8434575], [2.347047599999923, 48.84347326666675]]}}, {"type": "Feature", "properties": {"highway": "footway", "footway": "crossing", "name": null, "surface": "sett", "lit": "yes", "length_m": 8.52, "type_element": "Way", "__fid": 62619}, "geometry": {"type": "LineString", "coordinates": [[2.3465809, 48.8433736], [2.3465899, 48.8433561], [2.3466436, 48.84331]]}}, {"type": "Feature", "properties": {"highway": "footway", "footway": null, "name": null, "surface": null, "lit": null, "length_m": 11.62, "type_element": "Way", "__fid": 62626}, "geometry": {"type": "LineString", "coordinates": [[2.3465529, 48.84623530000002], [2.3467036, 48.8462032]]}}, {"type": "Feature", "properties": {"highway": "footway", "footway": "sidewalk", "name": null, "surface": "paving_stones", "lit": "yes", "length_m": 91.41, "type_element": "Way", "__fid": 62628}, "geometry": {"type": "LineString", "coordinates": [[2.3465466, 48.84676860000001], [2.3469144, 48.8466885], [2.3475894, 48.8468292], [2.3476705, 48.8468045], [2.347729966666722, 48.846813900000015]]}}, {"type": "Feature", "properties": {"highway": "footway", "footway": null, "name": null, "surface": null, "lit": null, "length_m": 5.34, "type_element": "Way", "__fid": 62637}, "geometry": {"type": "LineString", "coordinates": [[2.3465836, 48.8459652], [2.3465621, 48.8459193]]}}, {"type": "Feature", "properties": {"highway": "footway", "footway": "crossing", "name": null, "surface": "asphalt", "lit": "yes", "length_m": 5.03, "type_element": "Way", "__fid": 62642}, "geometry": {"type": "LineString", "coordinates": [[2.346578233333354, 48.84475813333334], [2.346642533333362, 48.844742500000024]]}}, {"type": "Feature", "properties": {"highway": "footway", "footway": null, "name": null, "surface": null, "lit": null, "length_m": 9.53, "type_element": "Way", "__fid": 62643}, "geometry": {"type": "LineString", "coordinates": [[2.3465623, 48.8461028], [2.346600180371504, 48.84618479311173]]}}, {"type": "Feature", "properties": {"highway": "footway", "footway": null, "name": null, "surface": "paving_stones", "lit": null, "length_m": 6.32, "type_element": "Way", "__fid": 62644}, "geometry": {"type": "LineString", "coordinates": [[2.346644231255505, 48.84608535958178], [2.3465623, 48.8461028]]}}, {"type": "Feature", "properties": {"highway": "footway", "footway": "sidewalk", "name": null, "surface": "asphalt", "lit": "yes", "length_m": 58.84, "type_element": "Way", "__fid": 62652}, "geometry": {"type": "LineString", "coordinates": [[2.346779, 48.845381400000015], [2.3465916, 48.84486690000002]]}}, {"type": "Feature", "properties": {"highway": "footway", "footway": "crossing", "name": null, "surface": "asphalt", "lit": "yes", "length_m": 9.3, "type_element": "Way", "__fid": 62653}, "geometry": {"type": "LineString", "coordinates": [[2.3465916, 48.84486690000002], [2.3467093, 48.844836]]}}, {"type": "Feature", "properties": {"highway": "footway", "footway": null, "name": null, "surface": null, "lit": null, "length_m": 4.43, "type_element": "Way", "__fid": 62666}, "geometry": {"type": "LineString", "coordinates": [[2.3465836, 48.8459652], [2.3466027, 48.846003]]}}, {"type": "Feature", "properties": {"highway": "footway", "footway": null, "name": null, "surface": null, "lit": null, "length_m": 24.54, "type_element": "Way", "__fid": 62667}, "geometry": {"type": "LineString", "coordinates": [[2.346779, 48.84605650000001], [2.3467181, 48.845935800000014], [2.3465836, 48.8459652]]}}, {"type": "Feature", "properties": {"highway": "footway", "footway": "sidewalk", "name": null, "surface": "asphalt", "lit": "yes", "length_m": 13.66, "type_element": "Way", "__fid": 62680}, "geometry": {"type": "LineString", "coordinates": [[2.3468228, 48.842121900000016], [2.3466455, 48.8421594]]}}, {"type": "Feature", "properties": {"highway": "footway", "footway": null, "name": null, "surface": null, "lit": null, "length_m": 0.2, "type_element": "Way", "__fid": 62686}, "geometry": {"type": "LineString", "coordinates": [[2.346597522454765, 48.84618534806027], [2.346600180371504, 48.84618479311173]]}}, {"type": "Feature", "properties": {"highway": "footway", "footway": null, "name": null, "surface": null, "lit": null, "length_m": 6.56, "type_element": "Way", "__fid": 62687}, "geometry": {"type": "LineString", "coordinates": [[2.346600180371504, 48.84618479311173], [2.3466854, 48.846167]]}}, {"type": "Feature", "properties": {"highway": "footway", "footway": null, "name": null, "surface": null, "lit": null, "length_m": 9.65, "type_element": "Way", "__fid": 62688}, "geometry": {"type": "LineString", "coordinates": [[2.3466027, 48.846003], [2.346644231255505, 48.84608535958178]]}}, {"type": "Feature", "properties": {"highway": "footway", "footway": null, "name": null, "surface": null, "lit": null, "length_m": 4.42, "type_element": "Way", "__fid": 62689}, "geometry": {"type": "LineString", "coordinates": [[2.3466027, 48.846003], [2.3466581, 48.8459875]]}}, {"type": "Feature", "properties": {"highway": "footway", "footway": "sidewalk", "name": null, "surface": "paving_stones", "lit": "yes", "length_m": 1.09, "type_element": "Way", "__fid": 62696}, "geometry": {"type": "LineString", "coordinates": [[2.3466436, 48.84331], [2.3466426, 48.8433002]]}}, {"type": "Feature", "properties": {"highway": "footway", "footway": "sidewalk", "name": null, "surface": "paving_stones", "lit": "yes", "length_m": 89.02, "type_element": "Way", "__fid": 62697}, "geometry": {"type": "LineString", "coordinates": [[2.3466426, 48.8433002], [2.3468096, 48.8431236], [2.3470639, 48.8428762], [2.3471233, 48.842871], [2.347313, 48.8426831], [2.3473215, 48.8426556]]}}, {"type": "Feature", "properties": {"highway": "footway", "footway": "sidewalk", "name": null, "surface": "paving_stones", "lit": "yes", "length_m": 109.1, "type_element": "Way", "__fid": 62700}, "geometry": {"type": "LineString", "coordinates": [[2.3480644, 48.8435559], [2.3477892, 48.8435138], [2.3476397, 48.8435145], [2.3471318, 48.84343479999998], [2.3470865, 48.8434269], [2.3467015, 48.8433047], [2.3466436, 48.84331]]}}, {"type": "Feature", "properties": {"highway": "footway", "footway": "sidewalk", "name": null, "surface": "asphalt", "lit": "yes", "length_m": 3.23, "type_element": "Way", "__fid": 62712}, "geometry": {"type": "LineString", "coordinates": [[2.346642533333362, 48.844742500000024], [2.3466845, 48.8447337]]}}, {"type": "Feature", "properties": {"highway": "footway", "footway": null, "name": null, "surface": null, "lit": null, "length_m": 9.57, "type_element": "Way", "__fid": 62732}, "geometry": {"type": "LineString", "coordinates": [[2.346644231255505, 48.84608535958178], [2.3466854, 48.846167]]}}, {"type": "Feature", "properties": {"highway": "footway", "footway": null, "name": null, "surface": "paving_stones", "lit": null, "length_m": 10.4, "type_element": "Way", "__fid": 62733}, "geometry": {"type": "LineString", "coordinates": [[2.346779, 48.84605650000001], [2.346644231255505, 48.84608535958178]]}}, {"type": "Feature", "properties": {"highway": "footway", "footway": null, "name": null, "surface": "paving_stones", "lit": null, "length_m": 5.28, "type_element": "Way", "__fid": 62736}, "geometry": {"type": "LineString", "coordinates": [[2.3466479, 48.84603910000002], [2.3466365, 48.8460137], [2.346655333333276, 48.84599683333339]]}}, {"type": "Feature", "properties": {"highway": "steps", "footway": null, "name": null, "surface": "paving_stones", "lit": null, "length_m": 1.06, "type_element": "Way", "__fid": 62751}, "geometry": {"type": "LineString", "coordinates": [[2.346655333333276, 48.84599683333339], [2.3466581, 48.8459875]]}}, {"type": "Feature", "properties": {"highway": "footway", "footway": "crossing", "name": null, "surface": "asphalt", "lit": "yes", "length_m": 9.54, "type_element": "Way", "__fid": 62758}, "geometry": {"type": "LineString", "coordinates": [[2.3466845, 48.8447337], [2.3467295, 48.8448142]]}}, {"type": "Feature", "properties": {"highway": "footway", "footway": "sidewalk", "name": null, "surface": "asphalt", "lit": "yes", "length_m": 36.67, "type_element": "Way", "__fid": 62759}, "geometry": {"type": "LineString", "coordinates": [[2.3471527, 48.8446186], [2.3466845, 48.8447337]]}}, {"type": "Feature", "properties": {"highway": "footway", "footway": null, "name": null, "surface": null, "lit": null, "length_m": 4.24, "type_element": "Way", "__fid": 62780}, "geometry": {"type": "LineString", "coordinates": [[2.3466854, 48.846167], [2.3467036, 48.8462032]]}}, {"type": "Feature", "properties": {"highway": "footway", "footway": null, "name": null, "surface": null, "lit": null, "length_m": 4.04, "type_element": "Way", "__fid": 62781}, "geometry": {"type": "LineString", "coordinates": [[2.3466854, 48.846167], [2.346736699999767, 48.8461537333334]]}}, {"type": "Feature", "properties": {"highway": "footway", "footway": "sidewalk", "name": null, "surface": "paving_stones", "lit": "yes", "length_m": 59.92, "type_element": "Way", "__fid": 62789}, "geometry": {"type": "LineString", "coordinates": [[2.3467093, 48.844836], [2.3468914, 48.8453613]]}}, {"type": "Feature", "properties": {"highway": "footway", "footway": "sidewalk", "name": null, "surface": "paving_stones", "lit": "yes", "length_m": 2.84, "type_element": "Way", "__fid": 62790}, "geometry": {"type": "LineString", "coordinates": [[2.3467295, 48.8448142], [2.3467093, 48.844836]]}}, {"type": "Feature", "properties": {"highway": "footway", "footway": null, "name": null, "surface": null, "lit": null, "length_m": 5.12, "type_element": "Way", "__fid": 62798}, "geometry": {"type": "LineString", "coordinates": [[2.3467036, 48.8462032], [2.3467254, 48.8462469]]}}, {"type": "Feature", "properties": {"highway": "footway", "footway": null, "name": null, "surface": null, "lit": null, "length_m": 24.22, "type_element": "Way", "__fid": 62799}, "geometry": {"type": "LineString", "coordinates": [[2.3467036, 48.8462032], [2.3468385, 48.84617440000002], [2.346779, 48.84605650000001]]}}, {"type": "Feature", "properties": {"highway": "footway", "footway": "sidewalk", "name": null, "surface": "paving_stones", "lit": "yes", "length_m": 47.96, "type_element": "Way", "__fid": 62807}, "geometry": {"type": "LineString", "coordinates": [[2.3473409, 48.8446618], [2.3467295, 48.8448142]]}}, {"type": "Feature", "properties": {"highway": "steps", "footway": null, "name": null, "surface": null, "lit": null, "length_m": 4.82, "type_element": "Way", "__fid": 62833}, "geometry": {"type": "LineString", "coordinates": [[2.346736699999767, 48.8461537333334], [2.3467369, 48.8461449], [2.3467574, 48.8461493], [2.3467525, 48.8461578], [2.346736699999767, 48.8461537333334]]}}, {"type": "Feature", "properties": {"highway": "footway", "footway": "sidewalk", "name": null, "surface": "paving_stones", "lit": "yes", "length_m": 4.37, "type_element": "Way", "__fid": 62856}, "geometry": {"type": "LineString", "coordinates": [[2.346779, 48.845381400000015], [2.3468364, 48.845371]]}}, {"type": "Feature", "properties": {"highway": "service", "footway": null, "name": null, "surface": "concrete", "lit": "yes", "length_m": 3.32, "type_element": "Way", "__fid": 62862}, "geometry": {"type": "LineString", "coordinates": [[2.3468228, 48.842121900000016], [2.3468595, 48.8421394]]}}, {"type": "Feature", "properties": {"highway": "footway", "footway": "sidewalk", "name": null, "surface": "asphalt", "lit": "yes", "length_m": 77.05, "type_element": "Way", "__fid": 62863}, "geometry": {"type": "LineString", "coordinates": [[2.3478067, 48.841881], [2.3474543, 48.8419764], [2.3468228, 48.842121900000016]]}}, {"type": "Feature", "properties": {"highway": "service", "footway": null, "name": null, "surface": "asphalt", "lit": "yes", "length_m": 9.9, "type_element": "Way", "__fid": 62889}, "geometry": {"type": "LineString", "coordinates": [[2.3468075, 48.845486], [2.3469408, 48.8454994]]}}, {"type": "Feature", "properties": {"highway": "living_street", "footway": null, "name": "Rue Clotilde", "surface": "asphalt", "lit": "yes", "length_m": 100.69, "type_element": "Way", "__fid": 62890}, "geometry": {"type": "LineString", "coordinates": [[2.3468075, 48.845486], [2.3471765, 48.8463582]]}}, {"type": "Feature", "properties": {"highway": "living_street", "footway": null, "name": "Rue Clotilde", "surface": "asphalt", "lit": "yes", "length_m": 13.41, "type_element": "Way", "__fid": 62891}, "geometry": {"type": "LineString", "coordinates": [[2.3468075, 48.845486], [2.3468492, 48.845405], [2.3468364, 48.845371]]}}, {"type": "Feature", "properties": {"highway": "footway", "footway": "sidewalk", "name": null, "surface": "paving_stones", "lit": "yes", "length_m": 4.18, "type_element": "Way", "__fid": 62927}, "geometry": {"type": "LineString", "coordinates": [[2.3468364, 48.845371], [2.3468914, 48.8453613]]}}, {"type": "Feature", "properties": {"highway": "footway", "footway": "sidewalk", "name": null, "surface": "asphalt", "lit": "yes", "length_m": 95.93, "type_element": "Way", "__fid": 62969}, "geometry": {"type": "LineString", "coordinates": [[2.348071666666468, 48.84716236666671], [2.3477719, 48.8472267], [2.347467, 48.8473018], [2.3471461, 48.8473962], [2.346849133333312, 48.847465833333345]]}}, {"type": "Feature", "properties": {"highway": "footway", "footway": "sidewalk", "name": null, "surface": "asphalt", "lit": "yes", "length_m": 97.96, "type_element": "Way", "__fid": 62997}, "geometry": {"type": "LineString", "coordinates": [[2.348119, 48.8472113], [2.3479984, 48.8472146], [2.3478836, 48.847232799999986], [2.3471882, 48.847424], [2.346864322258928, 48.84749806796711]]}}, {"type": "Feature", "properties": {"highway": "footway", "footway": "sidewalk", "name": null, "surface": "paving_stones", "lit": "yes", "length_m": 15.78, "type_element": "Way", "__fid": 62998}, "geometry": {"type": "LineString", "coordinates": [[2.3468914, 48.8453613], [2.3469408, 48.8454994]]}}, {"type": "Feature", "properties": {"highway": "service", "footway": null, "name": null, "surface": null, "lit": null, "length_m": 15.91, "type_element": "Way", "__fid": 63051}, "geometry": {"type": "LineString", "coordinates": [[2.3469408, 48.8454994], [2.3470097, 48.8454967], [2.3471532, 48.84547330000002]]}}, {"type": "Feature", "properties": {"highway": "footway", "footway": "sidewalk", "name": null, "surface": "paving_stones", "lit": "yes", "length_m": 98.64, "type_element": "Way", "__fid": 63052}, "geometry": {"type": "LineString", "coordinates": [[2.3469408, 48.8454994], [2.3472422, 48.8463639]]}}, {"type": "Feature", "properties": {"highway": "living_street", "footway": null, "name": "Rue de la Montagne Sainte-Geneviève", "surface": "sett", "lit": "yes", "length_m": 63.48, "type_element": "Way", "__fid": 63059}, "geometry": {"type": "LineString", "coordinates": [[2.3477369, 48.8467948], [2.3469347, 48.84658119999998]]}}, {"type": "Feature", "properties": {"highway": "living_street", "footway": null, "name": "Place du Panthéon", "surface": "sett", "lit": "yes", "length_m": 23.92, "type_element": "Way", "__fid": 63060}, "geometry": {"type": "LineString", "coordinates": [[2.3472401, 48.8465061], [2.3469347, 48.84658119999998]]}}, {"type": "Feature", "properties": {"highway": "footway", "footway": "crossing", "name": null, "surface": null, "lit": "yes", "length_m": 6.25, "type_element": "Way", "__fid": 63153}, "geometry": {"type": "LineString", "coordinates": [[2.347047599999923, 48.84347326666675], [2.3471159, 48.8434851], [2.3471244, 48.8434929]]}}, {"type": "Feature", "properties": {"highway": "footway", "footway": "sidewalk", "name": null, "surface": "paving_stones", "lit": "yes", "length_m": 126.73, "type_element": "Way", "__fid": 63154}, "geometry": {"type": "LineString", "coordinates": [[2.347047599999923, 48.84347326666675], [2.3470899, 48.8439155], [2.3470678, 48.8439371], [2.3471216, 48.8443175], [2.3471516, 48.84435220000001], [2.347198599999953, 48.84459883333342]]}}, {"type": "Feature", "properties": {"highway": "service", "footway": null, "name": null, "surface": null, "lit": null, "length_m": 22.38, "type_element": "Way", "__fid": 63243}, "geometry": {"type": "LineString", "coordinates": [[2.3471532, 48.84547330000002], [2.3470892, 48.8452765]]}}, {"type": "Feature", "properties": {"highway": "footway", "footway": "sidewalk", "name": null, "surface": "paving_stones", "lit": "yes", "length_m": 52.45, "type_element": "Way", "__fid": 63259}, "geometry": {"type": "LineString", "coordinates": [[2.3471761, 48.8439624], [2.3471182, 48.8435074], [2.3471244, 48.8434929]]}}, {"type": "Feature", "properties": {"highway": "footway", "footway": "sidewalk", "name": null, "surface": null, "lit": "yes", "length_m": 70.96, "type_element": "Way", "__fid": 63260}, "geometry": {"type": "LineString", "coordinates": [[2.3471244, 48.8434929], [2.3471595, 48.843481300000015], [2.3477903, 48.84357819999999], [2.348060400000209, 48.843626800000095]]}}, {"type": "Feature", "properties": {"highway": "footway", "footway": "crossing", "name": null, "surface": "asphalt", "lit": "yes", "length_m": 5.32, "type_element": "Way", "__fid": 63280}, "geometry": {"type": "LineString", "coordinates": [[2.3471045, 48.846353], [2.3471765, 48.8463582]]}}, {"type": "Feature", "properties": {"highway": "footway", "footway": null, "name": "Villa Laromiguière", "surface": null, "lit": null, "length_m": 2.84, "type_element": "Way", "__fid": 63282}, "geometry": {"type": "LineString", "coordinates": [[2.3471376, 48.8439651], [2.3471761, 48.8439624]]}}, {"type": "Feature", "properties": {"highway": "footway", "footway": "crossing", "name": null, "surface": "asphalt", "lit": "yes", "length_m": 8.66, "type_element": "Way", "__fid": 63319}, "geometry": {"type": "LineString", "coordinates": [[2.3471527, 48.8446186], [2.347193966666561, 48.84469156666669]]}}, {"type": "Feature", "properties": {"highway": "footway", "footway": "sidewalk", "name": null, "surface": "asphalt", "lit": "yes", "length_m": 4.02, "type_element": "Way", "__fid": 63320}, "geometry": {"type": "LineString", "coordinates": [[2.347198599999953, 48.84459883333342], [2.3471527, 48.8446186]]}}, {"type": "Feature", "properties": {"highway": "service", "footway": null, "name": null, "surface": null, "lit": null, "length_m": 25.15, "type_element": "Way", "__fid": 63326}, "geometry": {"type": "LineString", "coordinates": [[2.3471532, 48.84547330000002], [2.347486, 48.845419200000016]]}}, {"type": "Feature", "properties": {"highway": "footway", "footway": "sidewalk", "name": null, "surface": "paving_stones", "lit": "yes", "length_m": 69.98, "type_element": "Way", "__fid": 63333}, "geometry": {"type": "LineString", "coordinates": [[2.347258233333535, 48.84458926666676], [2.347206, 48.84426950000002], [2.3471761, 48.8439624]]}}, {"type": "Feature", "properties": {"highway": "footway", "footway": null, "name": "Villa Laromiguière", "surface": null, "lit": null, "length_m": 31.11, "type_element": "Way", "__fid": 63334}, "geometry": {"type": "LineString", "coordinates": [[2.3471761, 48.8439624], [2.3475977, 48.843933]]}}, {"type": "Feature", "properties": {"highway": "footway", "footway": "sidewalk", "name": null, "surface": "asphalt", "lit": "yes", "length_m": 96.46, "type_element": "Way", "__fid": 63365}, "geometry": {"type": "LineString", "coordinates": [[2.348227533333375, 48.84148706666666], [2.3472618, 48.84094420000001], [2.3472417, 48.8409171]]}}, {"type": "Feature", "properties": {"highway": "footway", "footway": "crossing", "name": null, "surface": "asphalt", "lit": "yes", "length_m": 4.86, "type_element": "Way", "__fid": 63367}, "geometry": {"type": "LineString", "coordinates": [[2.3471765, 48.8463582], [2.3472422, 48.8463639]]}}, {"type": "Feature", "properties": {"highway": "living_street", "footway": null, "name": "Rue Clotilde", "surface": "asphalt", "lit": "yes", "length_m": 17.1, "type_element": "Way", "__fid": 63368}, "geometry": {"type": "LineString", "coordinates": [[2.3471765, 48.8463582], [2.3472401, 48.8465061]]}}, {"type": "Feature", "properties": {"highway": "footway", "footway": "crossing", "name": null, "surface": "asphalt", "lit": "yes", "length_m": 4.5, "type_element": "Way", "__fid": 63369}, "geometry": {"type": "LineString", "coordinates": [[2.347198599999953, 48.84459883333342], [2.347258233333535, 48.84458926666676]]}}, {"type": "Feature", "properties": {"highway": "footway", "footway": "sidewalk", "name": null, "surface": "asphalt", "lit": "yes", "length_m": 3.76, "type_element": "Way", "__fid": 63438}, "geometry": {"type": "LineString", "coordinates": [[2.347258233333535, 48.84458926666676], [2.3473, 48.8445843], [2.347302999999842, 48.844589766666715]]}}, {"type": "Feature", "properties": {"highway": "living_street", "footway": null, "name": "Rue Clovis", "surface": "sett", "lit": "yes", "length_m": 22.52, "type_element": "Way", "__fid": 63441}, "geometry": {"type": "LineString", "coordinates": [[2.3472401, 48.8465061], [2.3473734, 48.8464451], [2.3475099, 48.8464135]]}}, {"type": "Feature", "properties": {"highway": "footway", "footway": "sidewalk", "name": null, "surface": "paving_stones", "lit": "yes", "length_m": 22.06, "type_element": "Way", "__fid": 63442}, "geometry": {"type": "LineString", "coordinates": [[2.3472422, 48.8463639], [2.3472629, 48.8464044], [2.3474935, 48.846372]]}}, {"type": "Feature", "properties": {"highway": "footway", "footway": "crossing", "name": null, "surface": null, "lit": null, "length_m": 3.66, "type_element": "Way", "__fid": 63470}, "geometry": {"type": "LineString", "coordinates": [[2.347302299999925, 48.842571866666724], [2.347347199999904, 48.84258623333338]]}}, {"type": "Feature", "properties": {"highway": "footway", "footway": "sidewalk", "name": null, "surface": "paving_stones", "lit": "yes", "length_m": 64.5, "type_element": "Way", "__fid": 63498}, "geometry": {"type": "LineString", "coordinates": [[2.3473215, 48.8426556], [2.347442, 48.8426799], [2.348142666666758, 48.84286176666669]]}}, {"type": "Feature", "properties": {"highway": "footway", "footway": "crossing", "name": null, "surface": null, "lit": null, "length_m": 4.4, "type_element": "Way", "__fid": 63499}, "geometry": {"type": "LineString", "coordinates": [[2.3473215, 48.8426556], [2.347344200000081, 48.84261896666666]]}}, {"type": "Feature", "properties": {"highway": "footway", "footway": "crossing", "name": null, "surface": "asphalt", "lit": "yes", "length_m": 8.48, "type_element": "Way", "__fid": 63503}, "geometry": {"type": "LineString", "coordinates": [[2.347302999999842, 48.844589766666715], [2.3473409, 48.8446618]]}}, {"type": "Feature", "properties": {"highway": "footway", "footway": "sidewalk", "name": null, "surface": "asphalt", "lit": "yes", "length_m": 15.18, "type_element": "Way", "__fid": 63504}, "geometry": {"type": "LineString", "coordinates": [[2.3474925, 48.8445351], [2.347302999999842, 48.844589766666715]]}}, {"type": "Feature", "properties": {"highway": "footway", "footway": "sidewalk", "name": null, "surface": "paving_stones", "lit": "yes", "length_m": 61.89, "type_element": "Way", "__fid": 63523}, "geometry": {"type": "LineString", "coordinates": [[2.3481359, 48.8427996], [2.3480919, 48.84279380000001], [2.3475597, 48.842653], [2.3475098, 48.842656200000015], [2.347344200000081, 48.84261896666666]]}}, {"type": "Feature", "properties": {"highway": "footway", "footway": "sidewalk", "name": null, "surface": null, "lit": null, "length_m": 3.97, "type_element": "Way", "__fid": 63524}, "geometry": {"type": "LineString", "coordinates": [[2.347347199999904, 48.84258623333338], [2.347335, 48.84260780000001], [2.347344200000081, 48.84261896666666]]}}, {"type": "Feature", "properties": {"highway": "footway", "footway": "sidewalk", "name": null, "surface": null, "lit": "yes", "length_m": 83.25, "type_element": "Way", "__fid": 63529}, "geometry": {"type": "LineString", "coordinates": [[2.347347199999904, 48.84258623333338], [2.3479225, 48.841941]]}}, {"type": "Feature", "properties": {"highway": "footway", "footway": null, "name": null, "surface": null, "lit": null, "length_m": 24.57, "type_element": "Way", "__fid": 63545}, "geometry": {"type": "LineString", "coordinates": [[2.3475057, 48.8452295], [2.3475232, 48.845193], [2.3475167, 48.8451575], [2.3474953, 48.8451337], [2.3474488, 48.8451191], [2.3473952, 48.8451182], [2.3473276, 48.8451405]]}}, {"type": "Feature", "properties": {"highway": "footway", "footway": "sidewalk", "name": null, "surface": "paving_stones", "lit": "yes", "length_m": 31.83, "type_element": "Way", "__fid": 63560}, "geometry": {"type": "LineString", "coordinates": [[2.3477445, 48.844655], [2.3475654, 48.8446061], [2.3473409, 48.8446618]]}}, {"type": "Feature", "properties": {"highway": "footway", "footway": "crossing", "name": null, "surface": "asphalt", "lit": "yes", "length_m": 8.48, "type_element": "Way", "__fid": 63717}, "geometry": {"type": "LineString", "coordinates": [[2.347533566666484, 48.84460640000005], [2.3474925, 48.8445351]]}}, {"type": "Feature", "properties": {"highway": "footway", "footway": "sidewalk", "name": null, "surface": "asphalt", "lit": "yes", "length_m": 43.75, "type_element": "Way", "__fid": 63718}, "geometry": {"type": "LineString", "coordinates": [[2.348036166666625, 48.8443859333334], [2.3480205, 48.84440450000001], [2.3474925, 48.8445351]]}}, {"type": "Feature", "properties": {"highway": "footway", "footway": null, "name": null, "surface": null, "lit": null, "length_m": 22.47, "type_element": "Way", "__fid": 63723}, "geometry": {"type": "LineString", "coordinates": [[2.347486, 48.845419200000016], [2.3474456, 48.8453232], [2.3474674, 48.845302400000016], [2.3475057, 48.8452295]]}}, {"type": "Feature", "properties": {"highway": "service", "footway": null, "name": null, "surface": null, "lit": null, "length_m": 19.23, "type_element": "Way", "__fid": 63724}, "geometry": {"type": "LineString", "coordinates": [[2.347486, 48.845419200000016], [2.3477403, 48.8453775]]}}, {"type": "Feature", "properties": {"highway": "footway", "footway": "sidewalk", "name": null, "surface": "asphalt", "lit": "yes", "length_m": 60.7, "type_element": "Way", "__fid": 63727}, "geometry": {"type": "LineString", "coordinates": [[2.3481723, 48.84156869999999], [2.3475426, 48.8412148]]}}, {"type": "Feature", "properties": {"highway": "footway", "footway": null, "name": null, "surface": null, "lit": null, "length_m": 13.73, "type_element": "Way", "__fid": 63742}, "geometry": {"type": "LineString", "coordinates": [[2.3475057, 48.8452295], [2.3475947, 48.8452526], [2.3476315, 48.84525559999999], [2.3476845, 48.8452478]]}}, {"type": "Feature", "properties": {"highway": "footway", "footway": "crossing", "name": null, "surface": "sett", "lit": "yes", "length_m": 4.77, "type_element": "Way", "__fid": 63749}, "geometry": {"type": "LineString", "coordinates": [[2.3474935, 48.846372], [2.3475099, 48.8464135]]}}, {"type": "Feature", "properties": {"highway": "footway", "footway": "sidewalk", "name": null, "surface": "paving_stones", "lit": "yes", "length_m": 111.13, "type_element": "Way", "__fid": 63750}, "geometry": {"type": "LineString", "coordinates": [[2.3474935, 48.846372], [2.3489633, 48.8461314]]}}, {"type": "Feature", "properties": {"highway": "steps", "footway": null, "name": null, "surface": "sett", "lit": "yes", "length_m": 4.28, "type_element": "Way", "__fid": 63759}, "geometry": {"type": "LineString", "coordinates": [[2.3475027, 48.8465219], [2.3475603, 48.8465279]]}}, {"type": "Feature", "properties": {"highway": "footway", "footway": "sidewalk", "name": null, "surface": "sett", "lit": "yes", "length_m": 9.94, "type_element": "Way", "__fid": 63760}, "geometry": {"type": "LineString", "coordinates": [[2.3475027, 48.8465219], [2.3475172, 48.8466108]]}}, {"type": "Feature", "properties": {"highway": "footway", "footway": "sidewalk", "name": null, "surface": "sett", "lit": "yes", "length_m": 8.0, "type_element": "Way", "__fid": 63761}, "geometry": {"type": "LineString", "coordinates": [[2.3475237, 48.8464513], [2.3475027, 48.8465219]]}}, {"type": "Feature", "properties": {"highway": "footway", "footway": "crossing", "name": null, "surface": "sett", "lit": "yes", "length_m": 4.32, "type_element": "Way", "__fid": 63768}, "geometry": {"type": "LineString", "coordinates": [[2.3475099, 48.8464135], [2.3475237, 48.8464513]]}}, {"type": "Feature", "properties": {"highway": "footway", "footway": "sidewalk", "name": null, "surface": "sett", "lit": "yes", "length_m": 11.43, "type_element": "Way", "__fid": 63773}, "geometry": {"type": "LineString", "coordinates": [[2.3475172, 48.8466108], [2.3476106, 48.8466931]]}}, {"type": "Feature", "properties": {"highway": "steps", "footway": null, "name": null, "surface": "sett", "lit": "yes", "length_m": 5.99, "type_element": "Way", "__fid": 63774}, "geometry": {"type": "LineString", "coordinates": [[2.3475934, 48.846591400000015], [2.3475172, 48.8466108]]}}, {"type": "Feature", "properties": {"highway": "footway", "footway": "sidewalk", "name": null, "surface": "paving_stones", "lit": "yes", "length_m": 108.51, "type_element": "Way", "__fid": 63779}, "geometry": {"type": "LineString", "coordinates": [[2.3475237, 48.8464513], [2.3489333, 48.8462248], [2.3489611, 48.8462253]]}}, {"type": "Feature", "properties": {"highway": "footway", "footway": null, "name": "Villa Laromiguière", "surface": null, "lit": null, "length_m": 11.21, "type_element": "Way", "__fid": 63813}, "geometry": {"type": "LineString", "coordinates": [[2.3475977, 48.843933], [2.3475858, 48.8438325]]}}, {"type": "Feature", "properties": {"highway": "footway", "footway": null, "name": "Villa Laromiguière", "surface": null, "lit": null, "length_m": 9.96, "type_element": "Way", "__fid": 63835}, "geometry": {"type": "LineString", "coordinates": [[2.3475977, 48.843933], [2.347613, 48.844022]]}}, {"type": "Feature", "properties": {"highway": "footway", "footway": "sidewalk", "name": null, "surface": "sett", "lit": "yes", "length_m": 13.35, "type_element": "Way", "__fid": 63894}, "geometry": {"type": "LineString", "coordinates": [[2.3476106, 48.8466931], [2.3477106, 48.8467574], [2.347750350000119, 48.84676685]]}}, {"type": "Feature", "properties": {"highway": "steps", "footway": null, "name": null, "surface": "sett", "lit": "yes", "length_m": 5.15, "type_element": "Way", "__fid": 63895}, "geometry": {"type": "LineString", "coordinates": [[2.3476106, 48.8466931], [2.3476482, 48.846654]]}}, {"type": "Feature", "properties": {"highway": "footway", "footway": "sidewalk", "name": null, "surface": "asphalt", "lit": "yes", "length_m": 6.31, "type_element": "Way", "__fid": 64019}, "geometry": {"type": "LineString", "coordinates": [[2.3477735, 48.8418287], [2.3478067, 48.841881]]}}, {"type": "Feature", "properties": {"highway": "footway", "footway": "sidewalk", "name": null, "surface": "asphalt", "lit": "yes", "length_m": 49.47, "type_element": "Way", "__fid": 64020}, "geometry": {"type": "LineString", "coordinates": [[2.3477735, 48.8418287], [2.3477372, 48.8417651], [2.3481091, 48.84167020000001], [2.3481758, 48.8415965], [2.3481723, 48.84156869999999]]}}, {"type": "Feature", "properties": {"highway": "service", "footway": null, "name": "Rue Pierre Brossolette", "surface": "asphalt", "lit": null, "length_m": 6.11, "type_element": "Way", "__fid": 64021}, "geometry": {"type": "LineString", "coordinates": [[2.3477735, 48.8418287], [2.3478508, 48.8418084]]}}, {"type": "Feature", "properties": {"highway": "footway", "footway": "sidewalk", "name": null, "surface": "paving_stones", "lit": "yes", "length_m": 11.81, "type_element": "Way", "__fid": 64030}, "geometry": {"type": "LineString", "coordinates": [[2.3478933, 48.8446955], [2.3477445, 48.844655]]}}, {"type": "Feature", "properties": {"highway": "footway", "footway": "crossing", "name": null, "surface": "asphalt", "lit": "yes", "length_m": 8.96, "type_element": "Way", "__fid": 64031}, "geometry": {"type": "LineString", "coordinates": [[2.3477445, 48.844655], [2.34779, 48.8445802]]}}, {"type": "Feature", "properties": {"highway": "footway", "footway": "sidewalk", "name": null, "surface": "sett", "lit": "yes", "length_m": 46.8, "type_element": "Way", "__fid": 64044}, "geometry": {"type": "LineString", "coordinates": [[2.347729966666722, 48.846813900000015], [2.3478204, 48.8468645], [2.3479159, 48.84694549999998], [2.348071666666468, 48.84716236666671]]}}, {"type": "Feature", "properties": {"highway": "footway", "footway": "crossing", "name": null, "surface": "sett", "lit": "yes", "length_m": 2.18, "type_element": "Way", "__fid": 64045}, "geometry": {"type": "LineString", "coordinates": [[2.3477369, 48.8467948], [2.347729966666722, 48.846813900000015]]}}, {"type": "Feature", "properties": {"highway": "living_street", "footway": null, "name": "Rue de la Montagne Sainte-Geneviève", "surface": "sett", "lit": "yes", "length_m": 12.22, "type_element": "Way", "__fid": 64047}, "geometry": {"type": "LineString", "coordinates": [[2.3477369, 48.8467948], [2.3478455, 48.8468274], [2.3478627, 48.8467984]]}}, {"type": "Feature", "properties": {"highway": "footway", "footway": "crossing", "name": null, "surface": "sett", "lit": "yes", "length_m": 3.26, "type_element": "Way", "__fid": 64048}, "geometry": {"type": "LineString", "coordinates": [[2.347750350000119, 48.84676685], [2.3477369, 48.8467948]]}}, {"type": "Feature", "properties": {"highway": "footway", "footway": "crossing", "name": null, "surface": "paving_stones", "lit": "yes", "length_m": 10.85, "type_element": "Way", "__fid": 64065}, "geometry": {"type": "LineString", "coordinates": [[2.3478067, 48.841881], [2.3479236, 48.84184530000001], [2.3479426, 48.8418452]]}}, {"type": "Feature", "properties": {"highway": "footway", "footway": "sidewalk", "name": null, "surface": "sett", "lit": "yes", "length_m": 8.96, "type_element": "Way", "__fid": 64070}, "geometry": {"type": "LineString", "coordinates": [[2.347750350000119, 48.84676685], [2.3478627, 48.8467984]]}}, {"type": "Feature", "properties": {"highway": "steps", "footway": null, "name": null, "surface": "sett", "lit": "yes", "length_m": 4.72, "type_element": "Way", "__fid": 64071}, "geometry": {"type": "LineString", "coordinates": [[2.347793199999975, 48.84673520000001], [2.347750350000119, 48.84676685]]}}, {"type": "Feature", "properties": {"highway": "footway", "footway": "sidewalk", "name": null, "surface": "asphalt", "lit": "yes", "length_m": 24.84, "type_element": "Way", "__fid": 64096}, "geometry": {"type": "LineString", "coordinates": [[2.34779, 48.8445802], [2.3481024, 48.8446661]]}}, {"type": "Feature", "properties": {"highway": "footway", "footway": "sidewalk", "name": null, "surface": "asphalt", "lit": "yes", "length_m": 28.35, "type_element": "Way", "__fid": 64097}, "geometry": {"type": "LineString", "coordinates": [[2.3481084, 48.8444682], [2.3478076, 48.844536900000016], [2.34779, 48.8445802]]}}, {"type": "Feature", "properties": {"highway": "footway", "footway": null, "name": null, "surface": "asphalt", "lit": "yes", "length_m": 2.85, "type_element": "Way", "__fid": 64164}, "geometry": {"type": "LineString", "coordinates": [[2.3479225, 48.841941], [2.3478839, 48.84193790000001]]}}, {"type": "Feature", "properties": {"highway": "steps", "footway": null, "name": null, "surface": null, "lit": "yes", "length_m": 2.73, "type_element": "Way", "__fid": 64207}, "geometry": {"type": "LineString", "coordinates": [[2.3478789, 48.844718100000016], [2.3478933, 48.8446955]]}}, {"type": "Feature", "properties": {"highway": "footway", "footway": null, "name": null, "surface": "paving_stones", "lit": "yes", "length_m": 20.85, "type_element": "Way", "__fid": 64218}, "geometry": {"type": "LineString", "coordinates": [[2.3479225, 48.841941], [2.3481963, 48.8419909]]}}, {"type": "Feature", "properties": {"highway": "footway", "footway": "sidewalk", "name": null, "surface": null, "lit": "yes", "length_m": 10.75, "type_element": "Way", "__fid": 64219}, "geometry": {"type": "LineString", "coordinates": [[2.3479225, 48.841941], [2.3479426, 48.8418452]]}}, {"type": "Feature", "properties": {"highway": "footway", "footway": "sidewalk", "name": null, "surface": "asphalt", "lit": "yes", "length_m": 66.56, "type_element": "Way", "__fid": 64221}, "geometry": {"type": "LineString", "coordinates": [[2.3478627, 48.8467984], [2.3479521, 48.846817], [2.3481384, 48.8471328], [2.3483, 48.84724580000001], [2.3483503, 48.8472723]]}}, {"type": "Feature", "properties": {"highway": "pedestrian", "footway": null, "name": "Rue Saint-Étienne du Mont", "surface": "sett", "lit": "yes", "length_m": 81.15, "type_element": "Way", "__fid": 64222}, "geometry": {"type": "LineString", "coordinates": [[2.3478627, 48.8467984], [2.3479256, 48.8467447], [2.3479911, 48.8467262], [2.3489082, 48.84661790000001]]}}, {"type": "Feature", "properties": {"highway": "footway", "footway": "sidewalk", "name": null, "surface": "paving_stones", "lit": "yes", "length_m": 94.74, "type_element": "Way", "__fid": 64224}, "geometry": {"type": "LineString", "coordinates": [[2.3490867, 48.845020300000016], [2.3478933, 48.8446955]]}}, {"type": "Feature", "properties": {"highway": "footway", "footway": "sidewalk", "name": null, "surface": "asphalt", "lit": "yes", "length_m": 21.65, "type_element": "Way", "__fid": 64236}, "geometry": {"type": "LineString", "coordinates": [[2.3479426, 48.8418452], [2.3480038, 48.8418042], [2.3481214, 48.84176450000001], [2.348196, 48.841773199999984]]}}, {"type": "Feature", "properties": {"highway": "footway", "footway": "crossing", "name": null, "surface": "sett", "lit": "yes", "length_m": 5.3, "type_element": "Way", "__fid": 64386}, "geometry": {"type": "LineString", "coordinates": [[2.348036166666625, 48.8443859333334], [2.3481084, 48.8443866]]}}, {"type": "Feature", "properties": {"highway": "footway", "footway": "sidewalk", "name": null, "surface": "paving_stones", "lit": "yes", "length_m": 83.14, "type_element": "Way", "__fid": 64387}, "geometry": {"type": "LineString", "coordinates": [[2.3480672, 48.8436527], [2.3480603, 48.8440639], [2.3480306, 48.8440805], [2.3480172, 48.8442378], [2.348042, 48.8442618], [2.348036166666625, 48.8443859333334]]}}, {"type": "Feature", "properties": {"highway": "footway", "footway": "sidewalk", "name": null, "surface": null, "lit": "yes", "length_m": 2.92, "type_element": "Way", "__fid": 64399}, "geometry": {"type": "LineString", "coordinates": [[2.348060400000209, 48.843626800000095], [2.3480672, 48.8436527]]}}, {"type": "Feature", "properties": {"highway": "footway", "footway": "crossing", "name": null, "surface": null, "lit": "yes", "length_m": 8.23, "type_element": "Way", "__fid": 64400}, "geometry": {"type": "LineString", "coordinates": [[2.348060400000209, 48.843626800000095], [2.3480762, 48.843568900000015], [2.3480644, 48.8435559]]}}, {"type": "Feature", "properties": {"highway": "footway", "footway": "sidewalk", "name": null, "surface": null, "lit": "yes", "length_m": 2.61, "type_element": "Way", "__fid": 64405}, "geometry": {"type": "LineString", "coordinates": [[2.3480644, 48.8435559], [2.348096033333183, 48.84354516666671]]}}, {"type": "Feature", "properties": {"highway": "footway", "footway": "crossing", "name": null, "surface": "sett", "lit": "yes", "length_m": 5.4, "type_element": "Way", "__fid": 64410}, "geometry": {"type": "LineString", "coordinates": [[2.3480672, 48.8436527], [2.348140833333398, 48.843652466666725]]}}, {"type": "Feature", "properties": {"highway": "footway", "footway": "crossing", "name": null, "surface": null, "lit": "yes", "length_m": 3.82, "type_element": "Way", "__fid": 64437}, "geometry": {"type": "LineString", "coordinates": [[2.348096033333183, 48.84354516666671], [2.348147366666655, 48.8435508000001]]}}, {"type": "Feature", "properties": {"highway": "footway", "footway": "sidewalk", "name": null, "surface": "paving_stones", "lit": "yes", "length_m": 74.14, "type_element": "Way", "__fid": 64438}, "geometry": {"type": "LineString", "coordinates": [[2.348159866666773, 48.84287970000009], [2.348096033333183, 48.84354516666671]]}}, {"type": "Feature", "properties": {"highway": "footway", "footway": "sidewalk", "name": null, "surface": null, "lit": "yes", "length_m": 78.71, "type_element": "Way", "__fid": 64454}, "geometry": {"type": "LineString", "coordinates": [[2.3481024, 48.8446661], [2.3488707, 48.84487810000002], [2.3490955, 48.8449332]]}}, {"type": "Feature", "properties": {"highway": "footway", "footway": "sidewalk", "name": null, "surface": "asphalt", "lit": "yes", "length_m": 22.01, "type_element": "Way", "__fid": 64455}, "geometry": {"type": "LineString", "coordinates": [[2.3481024, 48.8446661], [2.3481084, 48.8444682]]}}, {"type": "Feature", "properties": {"highway": "footway", "footway": "crossing", "name": null, "surface": "asphalt", "lit": "yes", "length_m": 6.46, "type_element": "Way", "__fid": 64456}, "geometry": {"type": "LineString", "coordinates": [[2.348071666666468, 48.84716236666671], [2.348119, 48.8472113]]}}, {"type": "Feature", "properties": {"highway": "footway", "footway": "sidewalk", "name": null, "surface": "asphalt", "lit": "yes", "length_m": 5.05, "type_element": "Way", "__fid": 64458}, "geometry": {"type": "LineString", "coordinates": [[2.3481084, 48.8443866], [2.3481717, 48.84440450000002]]}}, {"type": "Feature", "properties": {"highway": "footway", "footway": "sidewalk", "name": null, "surface": "paving_stones", "lit": "yes", "length_m": 81.68, "type_element": "Way", "__fid": 64459}, "geometry": {"type": "LineString", "coordinates": [[2.348140833333398, 48.843652466666725], [2.3481289, 48.84410820000002], [2.3481084, 48.8443866]]}}, {"type": "Feature", "properties": {"highway": "footway", "footway": "sidewalk", "name": null, "surface": "asphalt", "lit": "yes", "length_m": 4.13, "type_element": "Way", "__fid": 64462}, "geometry": {"type": "LineString", "coordinates": [[2.3481631, 48.8444594], [2.3481084, 48.8444682]]}}, {"type": "Feature", "properties": {"highway": "footway", "footway": "crossing", "name": null, "surface": "asphalt", "lit": "yes", "length_m": 7.14, "type_element": "Way", "__fid": 64465}, "geometry": {"type": "LineString", "coordinates": [[2.348142666666758, 48.84286176666669], [2.3481451, 48.8428078], [2.3481359, 48.8427996]]}}, {"type": "Feature", "properties": {"highway": "footway", "footway": "sidewalk", "name": null, "surface": null, "lit": "yes", "length_m": 1.71, "type_element": "Way", "__fid": 64466}, "geometry": {"type": "LineString", "coordinates": [[2.3481359, 48.8427996], [2.3481529, 48.8427891]]}}, {"type": "Feature", "properties": {"highway": "footway", "footway": "sidewalk", "name": null, "surface": null, "lit": "yes", "length_m": 2.84, "type_element": "Way", "__fid": 64476}, "geometry": {"type": "LineString", "coordinates": [[2.348142666666758, 48.84286176666669], [2.348153, 48.8428813], [2.348159866666773, 48.84287970000009]]}}, {"type": "Feature", "properties": {"highway": "footway", "footway": "sidewalk", "name": null, "surface": null, "lit": "yes", "length_m": 11.31, "type_element": "Way", "__fid": 64484}, "geometry": {"type": "LineString", "coordinates": [[2.348147366666655, 48.8435508000001], [2.348140833333398, 48.843652466666725]]}}, {"type": "Feature", "properties": {"highway": "footway", "footway": "crossing", "name": null, "surface": "sett", "lit": "yes", "length_m": 5.34, "type_element": "Way", "__fid": 64486}, "geometry": {"type": "LineString", "coordinates": [[2.3481529, 48.8427891], [2.348225133333307, 48.84279480000009]]}}, {"type": "Feature", "properties": {"highway": "footway", "footway": "sidewalk", "name": null, "surface": null, "lit": "yes", "length_m": 89.2, "type_element": "Way", "__fid": 64487}, "geometry": {"type": "LineString", "coordinates": [[2.3481963, 48.8419909], [2.3481718, 48.8424997], [2.3481488, 48.8425397], [2.3481444, 48.8427722], [2.3481529, 48.8427891]]}}, {"type": "Feature", "properties": {"highway": "footway", "footway": "sidewalk", "name": null, "surface": "paving_stones", "lit": "yes", "length_m": 75.22, "type_element": "Way", "__fid": 64488}, "geometry": {"type": "LineString", "coordinates": [[2.348218299999971, 48.842883000000114], [2.3482035, 48.84309409999999], [2.3482218, 48.8431191], [2.3482067, 48.8432663], [2.3481806, 48.843297600000014], [2.348147366666655, 48.8435508000001]]}}, {"type": "Feature", "properties": {"highway": "footway", "footway": "crossing", "name": null, "surface": "asphalt", "lit": "yes", "length_m": 9.94, "type_element": "Way", "__fid": 64489}, "geometry": {"type": "LineString", "coordinates": [[2.3481723, 48.84156869999999], [2.348227533333375, 48.84148706666666]]}}, {"type": "Feature", "properties": {"highway": "footway", "footway": "crossing", "name": null, "surface": "sett", "lit": "yes", "length_m": 4.3, "type_element": "Way", "__fid": 64493}, "geometry": {"type": "LineString", "coordinates": [[2.348159866666773, 48.84287970000009], [2.348218299999971, 48.842883000000114]]}}, {"type": "Feature", "properties": {"highway": "footway", "footway": "sidewalk", "name": null, "surface": "asphalt", "lit": "yes", "length_m": 18.55, "type_element": "Way", "__fid": 64517}, "geometry": {"type": "LineString", "coordinates": [[2.348296, 48.8473259], [2.348166, 48.8472237], [2.348119, 48.8472113]]}}, {"type": "Feature", "properties": {"highway": "footway", "footway": "sidewalk", "name": null, "surface": null, "lit": "yes", "length_m": 24.21, "type_element": "Way", "__fid": 64528}, "geometry": {"type": "LineString", "coordinates": [[2.348196, 48.841773199999984], [2.3481963, 48.8419909]]}}, {"type": "Feature", "properties": {"highway": "footway", "footway": "crossing", "name": null, "surface": "sett", "lit": "yes", "length_m": 5.82, "type_element": "Way", "__fid": 64529}, "geometry": {"type": "LineString", "coordinates": [[2.348196, 48.841773199999984], [2.3482753, 48.8417734]]}}, {"type": "Feature", "properties": {"highway": "footway", "footway": "sidewalk", "name": null, "surface": "asphalt", "lit": "yes", "length_m": 75.19, "type_element": "Way", "__fid": 64532}, "geometry": {"type": "LineString", "coordinates": [[2.349182233333446, 48.8445265666667], [2.3486795, 48.844502], [2.3481631, 48.8444594]]}}, {"type": "Feature", "properties": {"highway": "footway", "footway": "crossing", "name": null, "surface": "asphalt", "lit": "yes", "length_m": 6.14, "type_element": "Way", "__fid": 64533}, "geometry": {"type": "LineString", "coordinates": [[2.3481631, 48.8444594], [2.3481717, 48.84440450000002]]}}, {"type": "Feature", "properties": {"highway": "footway", "footway": null, "name": null, "surface": "paving_stones", "lit": "yes", "length_m": 2.52, "type_element": "Way", "__fid": 64535}, "geometry": {"type": "LineString", "coordinates": [[2.3482304, 48.8419935], [2.3481963, 48.8419909]]}}, {"type": "Feature", "properties": {"highway": "footway", "footway": "sidewalk", "name": null, "surface": "asphalt", "lit": "yes", "length_m": 75.09, "type_element": "Way", "__fid": 64547}, "geometry": {"type": "LineString", "coordinates": [[2.3481717, 48.84440450000002], [2.348552, 48.8444522], [2.3487798, 48.84447330000001], [2.3491851, 48.84448980000001]]}}, {"type": "Feature", "properties": {"highway": "pedestrian", "footway": null, "name": "Rue du Pot de Fer", "surface": "paving_stones", "lit": "yes", "length_m": 2.69, "type_element": "Way", "__fid": 64551}, "geometry": {"type": "LineString", "coordinates": [[2.3482309, 48.8428572], [2.348196, 48.8428499]]}}, {"type": "Feature", "properties": {"highway": "footway", "footway": "sidewalk", "name": null, "surface": "asphalt", "lit": "yes", "length_m": 2.82, "type_element": "Way", "__fid": 64575}, "geometry": {"type": "LineString", "coordinates": [[2.348227533333375, 48.84148706666666], [2.34826326666647, 48.84147773333345]]}}, {"type": "Feature", "properties": {"highway": "footway", "footway": "sidewalk", "name": null, "surface": "sett", "lit": "yes", "length_m": 3.5, "type_element": "Way", "__fid": 64590}, "geometry": {"type": "LineString", "coordinates": [[2.3482309, 48.8428572], [2.3482259, 48.8428834], [2.348218299999971, 48.842883000000114]]}}, {"type": "Feature", "properties": {"highway": "pedestrian", "footway": null, "name": "Rue Jean Calvin", "surface": "asphalt", "lit": "yes", "length_m": 13.72, "type_element": "Way", "__fid": 64591}, "geometry": {"type": "LineString", "coordinates": [[2.3482347, 48.841677800000014], [2.3484048, 48.8416266]]}}, {"type": "Feature", "properties": {"highway": "footway", "footway": "sidewalk", "name": null, "surface": null, "lit": "yes", "length_m": 113.69, "type_element": "Way", "__fid": 64595}, "geometry": {"type": "LineString", "coordinates": [[2.3482753, 48.8417734], [2.3482661, 48.8422323], [2.3482492, 48.8423199], [2.348225133333307, 48.84279480000009]]}}, {"type": "Feature", "properties": {"highway": "footway", "footway": "sidewalk", "name": null, "surface": "sett", "lit": "yes", "length_m": 6.95, "type_element": "Way", "__fid": 64596}, "geometry": {"type": "LineString", "coordinates": [[2.348225133333307, 48.84279480000009], [2.3482309, 48.8428572]]}}, {"type": "Feature", "properties": {"highway": "pedestrian", "footway": null, "name": "Rue du Pot de Fer", "surface": "paving_stones", "lit": "yes", "length_m": 101.44, "type_element": "Way", "__fid": 64606}, "geometry": {"type": "LineString", "coordinates": [[2.3495481, 48.8431335], [2.3482309, 48.8428572]]}}, {"type": "Feature", "properties": {"highway": "footway", "footway": "crossing", "name": null, "surface": "asphalt", "lit": "yes", "length_m": 10.57, "type_element": "Way", "__fid": 64621}, "geometry": {"type": "LineString", "coordinates": [[2.3483861, 48.8415274], [2.34826326666647, 48.84147773333345]]}}, {"type": "Feature", "properties": {"highway": "footway", "footway": "sidewalk", "name": null, "surface": "asphalt", "lit": "yes", "length_m": 123.95, "type_element": "Way", "__fid": 64622}, "geometry": {"type": "LineString", "coordinates": [[2.34826326666647, 48.84147773333345], [2.3482558, 48.841475], [2.3485516, 48.8409081], [2.348624, 48.8408672], [2.3486948, 48.8406715], [2.3488064, 48.8404374]]}}, {"type": "Feature", "properties": {"highway": "footway", "footway": "sidewalk", "name": null, "surface": "asphalt", "lit": "yes", "length_m": 11.69, "type_element": "Way", "__fid": 64640}, "geometry": {"type": "LineString", "coordinates": [[2.3483623, 48.8417049], [2.348281, 48.8417261], [2.3482753, 48.8417734]]}}, {"type": "Feature", "properties": {"highway": "footway", "footway": "sidewalk", "name": null, "surface": "asphalt", "lit": "yes", "length_m": 3.26, "type_element": "Way", "__fid": 64711}, "geometry": {"type": "LineString", "coordinates": [[2.348281233333206, 48.84735353333336], [2.348296, 48.8473259]]}}, {"type": "Feature", "properties": {"highway": "footway", "footway": "sidewalk", "name": null, "surface": "asphalt", "lit": "yes", "length_m": 9.25, "type_element": "Way", "__fid": 64722}, "geometry": {"type": "LineString", "coordinates": [[2.3483623, 48.8417049], [2.3484048, 48.8416266]]}}, {"type": "Feature", "properties": {"highway": "footway", "footway": "sidewalk", "name": null, "surface": "asphalt", "lit": "yes", "length_m": 88.32, "type_element": "Way", "__fid": 64723}, "geometry": {"type": "LineString", "coordinates": [[2.3493438, 48.8414398], [2.3493558, 48.8415322], [2.3492046, 48.8415661], [2.3490471, 48.841528], [2.3483623, 48.8417049]]}}, {"type": "Feature", "properties": {"highway": "footway", "footway": "crossing", "name": null, "surface": "asphalt", "lit": "yes", "length_m": 8.0, "type_element": "Way", "__fid": 64730}, "geometry": {"type": "LineString", "coordinates": [[2.348296, 48.8473259], [2.3483499, 48.84730049999998], [2.3483503, 48.8472723]]}}, {"type": "Feature", "properties": {"highway": "footway", "footway": "sidewalk", "name": null, "surface": "asphalt", "lit": "yes", "length_m": 6.79, "type_element": "Way", "__fid": 64748}, "geometry": {"type": "LineString", "coordinates": [[2.3483861, 48.8415274], [2.3484325, 48.8415802]]}}, {"type": "Feature", "properties": {"highway": "footway", "footway": "sidewalk", "name": null, "surface": null, "lit": "yes", "length_m": 59.35, "type_element": "Way", "__fid": 64749}, "geometry": {"type": "LineString", "coordinates": [[2.3486368, 48.84101990000001], [2.3483861, 48.8415274]]}}, {"type": "Feature", "properties": {"highway": "footway", "footway": "crossing", "name": null, "surface": "asphalt", "lit": "yes", "length_m": 5.55, "type_element": "Way", "__fid": 64769}, "geometry": {"type": "LineString", "coordinates": [[2.3484048, 48.8416266], [2.3484325, 48.8415802]]}}, {"type": "Feature", "properties": {"highway": "pedestrian", "footway": null, "name": "Rue Jean Calvin", "surface": "asphalt", "lit": "yes", "length_m": 72.33, "type_element": "Way", "__fid": 64770}, "geometry": {"type": "LineString", "coordinates": [[2.3484048, 48.8416266], [2.3491629, 48.84145010000001], [2.3493438, 48.8414398]]}}, {"type": "Feature", "properties": {"highway": "footway", "footway": "sidewalk", "name": null, "surface": "asphalt", "lit": "yes", "length_m": 14.77, "type_element": "Way", "__fid": 64787}, "geometry": {"type": "LineString", "coordinates": [[2.3485367, 48.8472221], [2.3483503, 48.8472723]]}}, {"type": "Feature", "properties": {"highway": "footway", "footway": "sidewalk", "name": null, "surface": "asphalt", "lit": "yes", "length_m": 73.6, "type_element": "Way", "__fid": 64788}, "geometry": {"type": "LineString", "coordinates": [[2.3484325, 48.8415802], [2.3492225, 48.8413897], [2.349337, 48.8414123], [2.3493438, 48.8414398]]}}, {"type": "Feature", "properties": {"highway": "footway", "footway": "crossing", "name": null, "surface": "asphalt", "lit": "yes", "length_m": 9.41, "type_element": "Way", "__fid": 64986}, "geometry": {"type": "LineString", "coordinates": [[2.348663, 48.847230300000014], [2.3486188, 48.847221699999984], [2.3485367, 48.8472221]]}}, {"type": "Feature", "properties": {"highway": "footway", "footway": "sidewalk", "name": null, "surface": "asphalt", "lit": "yes", "length_m": 75.65, "type_element": "Way", "__fid": 64987}, "geometry": {"type": "LineString", "coordinates": [[2.3489082, 48.84661790000001], [2.3489147, 48.84663470000002], [2.3488396, 48.8469638], [2.3487582, 48.8470584], [2.3485643, 48.8471848], [2.3485367, 48.8472221]]}}, {"type": "Feature", "properties": {"highway": "footway", "footway": "sidewalk", "name": null, "surface": "asphalt", "lit": "yes", "length_m": 23.69, "type_element": "Way", "__fid": 65119}, "geometry": {"type": "LineString", "coordinates": [[2.348663, 48.847230300000014], [2.3487093, 48.84735649999998], [2.3486589, 48.8474328]]}}, {"type": "Feature", "properties": {"highway": "footway", "footway": "sidewalk", "name": null, "surface": "asphalt", "lit": "yes", "length_m": 33.52, "type_element": "Way", "__fid": 65121}, "geometry": {"type": "LineString", "coordinates": [[2.3489202, 48.8469874], [2.3488991, 48.8470357], [2.3486842, 48.8471952], [2.348663, 48.847230300000014]]}}, {"type": "Feature", "properties": {"highway": "steps", "footway": null, "name": null, "surface": null, "lit": null, "length_m": 14.46, "type_element": "Way", "__fid": 65135}, "geometry": {"type": "LineString", "coordinates": [[2.348852, 48.8462982], [2.3488523, 48.8463195], [2.3486877, 48.846325]]}}, {"type": "Feature", "properties": {"highway": "service", "footway": null, "name": null, "surface": null, "lit": null, "length_m": 15.91, "type_element": "Way", "__fid": 65152}, "geometry": {"type": "LineString", "coordinates": [[2.3487246, 48.8458279], [2.3487685, 48.845968]]}}, {"type": "Feature", "properties": {"highway": "service", "footway": null, "name": null, "surface": null, "lit": null, "length_m": 7.83, "type_element": "Way", "__fid": 65180}, "geometry": {"type": "LineString", "coordinates": [[2.348852, 48.8462982], [2.3487454, 48.8463005]]}}, {"type": "Feature", "properties": {"highway": "service", "footway": null, "name": null, "surface": null, "lit": null, "length_m": 14.58, "type_element": "Way", "__fid": 65205}, "geometry": {"type": "LineString", "coordinates": [[2.3487685, 48.845968], [2.3488104, 48.8460962]]}}, {"type": "Feature", "properties": {"highway": "service", "footway": null, "name": null, "surface": null, "lit": null, "length_m": 20.75, "type_element": "Way", "__fid": 65206}, "geometry": {"type": "LineString", "coordinates": [[2.3490463, 48.8459334], [2.3487685, 48.845968]]}}, {"type": "Feature", "properties": {"highway": "service", "footway": null, "name": null, "surface": null, "lit": null, "length_m": 10.92, "type_element": "Way", "__fid": 65298}, "geometry": {"type": "LineString", "coordinates": [[2.3490007, 48.84629540000001], [2.348852, 48.8462982]]}}, {"type": "Feature", "properties": {"highway": "footway", "footway": null, "name": null, "surface": null, "lit": "yes", "length_m": 4.23, "type_element": "Way", "__fid": 65314}, "geometry": {"type": "LineString", "coordinates": [[2.3488626, 48.84698570000001], [2.3489202, 48.8469874]]}}, {"type": "Feature", "properties": {"highway": "footway", "footway": "sidewalk", "name": null, "surface": null, "lit": "yes", "length_m": 36.92, "type_element": "Way", "__fid": 65360}, "geometry": {"type": "LineString", "coordinates": [[2.3489082, 48.84661790000001], [2.3489009, 48.846598], [2.3489476, 48.846458900000016], [2.3489861, 48.8463991], [2.3490007, 48.84629540000001]]}}, {"type": "Feature", "properties": {"highway": "pedestrian", "footway": null, "name": "Rue Saint-Étienne du Mont", "surface": "sett", "lit": "yes", "length_m": 4.83, "type_element": "Way", "__fid": 65361}, "geometry": {"type": "LineString", "coordinates": [[2.3489082, 48.84661790000001], [2.348973, 48.84661029999998]]}}, {"type": "Feature", "properties": {"highway": "footway", "footway": null, "name": null, "surface": null, "lit": null, "length_m": 16.73, "type_element": "Way", "__fid": 65377}, "geometry": {"type": "LineString", "coordinates": [[2.3489202, 48.8469874], [2.3491482, 48.8469866]]}}, {"type": "Feature", "properties": {"highway": "footway", "footway": "sidewalk", "name": null, "surface": "asphalt", "lit": "yes", "length_m": 72.87, "type_element": "Way", "__fid": 65378}, "geometry": {"type": "LineString", "coordinates": [[2.3491947, 48.8463737], [2.3491672, 48.8464782], [2.3490789, 48.84652370000001], [2.3489202, 48.8469874]]}}, {"type": "Feature", "properties": {"highway": "footway", "footway": "sidewalk", "name": null, "surface": "asphalt", "lit": "yes", "length_m": 4.52, "type_element": "Way", "__fid": 65413}, "geometry": {"type": "LineString", "coordinates": [[2.3489611, 48.8462253], [2.3490068, 48.8462525]]}}, {"type": "Feature", "properties": {"highway": "footway", "footway": "crossing", "name": null, "surface": "asphalt", "lit": "yes", "length_m": 10.99, "type_element": "Way", "__fid": 65414}, "geometry": {"type": "LineString", "coordinates": [[2.3489633, 48.8461314], [2.3489772, 48.8462149], [2.3489611, 48.8462253]]}}, {"type": "Feature", "properties": {"highway": "footway", "footway": "sidewalk", "name": null, "surface": "paving_stones", "lit": "yes", "length_m": 6.79, "type_element": "Way", "__fid": 65417}, "geometry": {"type": "LineString", "coordinates": [[2.3489633, 48.8461314], [2.3490096, 48.8461226], [2.349035, 48.8460986]]}}, {"type": "Feature", "properties": {"highway": "service", "footway": null, "name": null, "surface": null, "lit": "yes", "length_m": 6.35, "type_element": "Way", "__fid": 65442}, "geometry": {"type": "LineString", "coordinates": [[2.3490872, 48.8462963], [2.3490007, 48.84629540000001]]}}, {"type": "Feature", "properties": {"highway": "footway", "footway": "sidewalk", "name": null, "surface": null, "lit": "yes", "length_m": 4.79, "type_element": "Way", "__fid": 65443}, "geometry": {"type": "LineString", "coordinates": [[2.3490007, 48.84629540000001], [2.3490068, 48.8462525]]}}, {"type": "Feature", "properties": {"highway": "footway", "footway": "crossing", "name": null, "surface": "asphalt", "lit": "yes", "length_m": 11.04, "type_element": "Way", "__fid": 65444}, "geometry": {"type": "LineString", "coordinates": [[2.3490068, 48.8462525], [2.3491489, 48.8462199]]}}, {"type": "Feature", "properties": {"highway": "footway", "footway": null, "name": null, "surface": null, "lit": "yes", "length_m": 1.29, "type_element": "Way", "__fid": 65461}, "geometry": {"type": "LineString", "coordinates": [[2.3490444, 48.845961], [2.3490268, 48.8459613]]}}, {"type": "Feature", "properties": {"highway": "footway", "footway": "crossing", "name": null, "surface": "asphalt", "lit": "yes", "length_m": 7.2, "type_element": "Way", "__fid": 65465}, "geometry": {"type": "LineString", "coordinates": [[2.349035, 48.8460986], [2.349133100000143, 48.84609676666675]]}}, {"type": "Feature", "properties": {"highway": "footway", "footway": "sidewalk", "name": null, "surface": "paving_stones", "lit": "yes", "length_m": 15.32, "type_element": "Way", "__fid": 65466}, "geometry": {"type": "LineString", "coordinates": [[2.349035, 48.8460986], [2.3490444, 48.845961]]}}, {"type": "Feature", "properties": {"highway": "footway", "footway": "sidewalk", "name": null, "surface": "paving_stones", "lit": "yes", "length_m": 3.07, "type_element": "Way", "__fid": 65474}, "geometry": {"type": "LineString", "coordinates": [[2.3490444, 48.845961], [2.3490463, 48.8459334]]}}, {"type": "Feature", "properties": {"highway": "footway", "footway": "sidewalk", "name": null, "surface": "paving_stones", "lit": "yes", "length_m": 102.28, "type_element": "Way", "__fid": 65475}, "geometry": {"type": "LineString", "coordinates": [[2.3490463, 48.8459334], [2.3490604, 48.8457283], [2.3491116, 48.8457113], [2.3490751, 48.845273599999985], [2.3491072, 48.8450362]]}}, {"type": "Feature", "properties": {"highway": "service", "footway": null, "name": null, "surface": "paving_stones", "lit": "yes", "length_m": 5.0, "type_element": "Way", "__fid": 65476}, "geometry": {"type": "LineString", "coordinates": [[2.3491141, 48.84592860000002], [2.3490463, 48.8459334]]}}, {"type": "Feature", "properties": {"highway": "footway", "footway": "sidewalk", "name": null, "surface": "paving_stones", "lit": "yes", "length_m": 2.32, "type_element": "Way", "__fid": 65498}, "geometry": {"type": "LineString", "coordinates": [[2.3491072, 48.8450362], [2.3490867, 48.845020300000016]]}}, {"type": "Feature", "properties": {"highway": "footway", "footway": "crossing", "name": null, "surface": "asphalt", "lit": "yes", "length_m": 9.71, "type_element": "Way", "__fid": 65499}, "geometry": {"type": "LineString", "coordinates": [[2.3490867, 48.845020300000016], [2.3490955, 48.8449332]]}}, {"type": "Feature", "properties": {"highway": "service", "footway": null, "name": null, "surface": "asphalt", "lit": "yes", "length_m": 4.69, "type_element": "Way", "__fid": 65503}, "geometry": {"type": "LineString", "coordinates": [[2.3491365, 48.84636739999998], [2.3490734, 48.8463606]]}}, {"type": "Feature", "properties": {"highway": "footway", "footway": "sidewalk", "name": null, "surface": "asphalt", "lit": "yes", "length_m": 2.24, "type_element": "Way", "__fid": 65505}, "geometry": {"type": "LineString", "coordinates": [[2.3490955, 48.8449332], [2.3491216, 48.8449228]]}}, {"type": "Feature", "properties": {"highway": "footway", "footway": "crossing", "name": null, "surface": "asphalt", "lit": "yes", "length_m": 7.43, "type_element": "Way", "__fid": 65523}, "geometry": {"type": "LineString", "coordinates": [[2.3491072, 48.8450362], [2.3491845, 48.845053], [2.3491977, 48.8450628]]}}, {"type": "Feature", "properties": {"highway": "service", "footway": null, "name": null, "surface": "asphalt", "lit": "yes", "length_m": 7.5, "type_element": "Way", "__fid": 65524}, "geometry": {"type": "LineString", "coordinates": [[2.3490961, 48.846162100000015], [2.3491489, 48.8462199]]}}, {"type": "Feature", "properties": {"highway": "footway", "footway": "crossing", "name": null, "surface": "asphalt", "lit": "yes", "length_m": 9.17, "type_element": "Way", "__fid": 65527}, "geometry": {"type": "LineString", "coordinates": [[2.3491216, 48.8449228], [2.3492355, 48.8449568]]}}, {"type": "Feature", "properties": {"highway": "footway", "footway": "sidewalk", "name": null, "surface": "asphalt", "lit": "yes", "length_m": 35.41, "type_element": "Way", "__fid": 65528}, "geometry": {"type": "LineString", "coordinates": [[2.3491216, 48.8449228], [2.3491732, 48.8446062]]}}, {"type": "Feature", "properties": {"highway": "footway", "footway": "sidewalk", "name": null, "surface": "asphalt", "lit": "yes", "length_m": 4.93, "type_element": "Way", "__fid": 65551}, "geometry": {"type": "LineString", "coordinates": [[2.349133100000143, 48.84609676666675], [2.349189399999967, 48.84612093333334]]}}, {"type": "Feature", "properties": {"highway": "footway", "footway": "sidewalk", "name": null, "surface": "asphalt", "lit": "yes", "length_m": 115.92, "type_element": "Way", "__fid": 65552}, "geometry": {"type": "LineString", "coordinates": [[2.3491977, 48.8450628], [2.3491684, 48.8451227], [2.3491438, 48.8452621], [2.3491825, 48.84575780000002], [2.3491702, 48.8459959], [2.3491456, 48.84608270000001], [2.349133100000143, 48.84609676666675]]}}, {"type": "Feature", "properties": {"highway": "service", "footway": null, "name": null, "surface": "asphalt", "lit": "yes", "length_m": 4.33, "type_element": "Way", "__fid": 65556}, "geometry": {"type": "LineString", "coordinates": [[2.3491365, 48.84636739999998], [2.3491947, 48.8463737]]}}, {"type": "Feature", "properties": {"highway": "service", "footway": null, "name": null, "surface": "asphalt", "lit": "yes", "length_m": 17.0, "type_element": "Way", "__fid": 65557}, "geometry": {"type": "LineString", "coordinates": [[2.3491489, 48.8462199], [2.3491685, 48.8462414], [2.3491365, 48.84636739999998]]}}, {"type": "Feature", "properties": {"highway": "footway", "footway": "crossing", "name": null, "surface": "asphalt", "lit": "yes", "length_m": 6.41, "type_element": "Way", "__fid": 65571}, "geometry": {"type": "LineString", "coordinates": [[2.3491489, 48.8462199], [2.3492051, 48.8462086], [2.3492326, 48.8462137]]}}, {"type": "Feature", "properties": {"highway": "footway", "footway": "crossing", "name": null, "surface": "asphalt", "lit": "yes", "length_m": 7.57, "type_element": "Way", "__fid": 65576}, "geometry": {"type": "LineString", "coordinates": [[2.3491732, 48.8446062], [2.3492744, 48.8446193]]}}, {"type": "Feature", "properties": {"highway": "footway", "footway": "sidewalk", "name": null, "surface": "asphalt", "lit": "yes", "length_m": 8.88, "type_element": "Way", "__fid": 65577}, "geometry": {"type": "LineString", "coordinates": [[2.3491732, 48.8446062], [2.349182233333446, 48.8445265666667]]}}, {"type": "Feature", "properties": {"highway": "footway", "footway": null, "name": null, "surface": null, "lit": null, "length_m": 28.39, "type_element": "Way", "__fid": 65585}, "geometry": {"type": "LineString", "coordinates": [[2.3491482, 48.8469866], [2.34919, 48.8472404]]}}, {"type": "Feature", "properties": {"highway": "footway", "footway": null, "name": null, "surface": null, "lit": null, "length_m": 25.6, "type_element": "Way", "__fid": 65586}, "geometry": {"type": "LineString", "coordinates": [[2.3491482, 48.8469866], [2.349497, 48.8469816]]}}, {"type": "Feature", "properties": {"highway": "footway", "footway": "crossing", "name": null, "surface": "asphalt", "lit": "yes", "length_m": 4.09, "type_element": "Way", "__fid": 65589}, "geometry": {"type": "LineString", "coordinates": [[2.349182233333446, 48.8445265666667], [2.3491851, 48.84448980000001]]}}, {"type": "Feature", "properties": {"highway": "footway", "footway": "sidewalk", "name": null, "surface": "asphalt", "lit": "yes", "length_m": 23.02, "type_element": "Way", "__fid": 65590}, "geometry": {"type": "LineString", "coordinates": [[2.3491851, 48.84448980000001], [2.349217, 48.8444839], [2.349263699999975, 48.84430130000009]]}}, {"type": "Feature", "properties": {"highway": "footway", "footway": "sidewalk", "name": null, "surface": "asphalt", "lit": "yes", "length_m": 3.04, "type_element": "Way", "__fid": 65603}, "geometry": {"type": "LineString", "coordinates": [[2.349236699999988, 48.845053700000015], [2.3491977, 48.8450628]]}}, {"type": "Feature", "properties": {"highway": "footway", "footway": "crossing", "name": null, "surface": "asphalt", "lit": "yes", "length_m": 7.9, "type_element": "Way", "__fid": 65609}, "geometry": {"type": "LineString", "coordinates": [[2.349189399999967, 48.84612093333334], [2.3492385, 48.84618420000001]]}}, {"type": "Feature", "properties": {"highway": "footway", "footway": "sidewalk", "name": null, "surface": "asphalt", "lit": "yes", "length_m": 97.26, "type_element": "Way", "__fid": 65610}, "geometry": {"type": "LineString", "coordinates": [[2.349189399999967, 48.84612093333334], [2.3495595, 48.84605470000002], [2.349598, 48.8460294], [2.3500097, 48.8459666], [2.3500459, 48.84597], [2.3501157, 48.8459609], [2.35019, 48.8459324], [2.350456033333221, 48.84589733333334]]}}, {"type": "Feature", "properties": {"highway": "service", "footway": null, "name": null, "surface": null, "lit": null, "length_m": 11.36, "type_element": "Way", "__fid": 65620}, "geometry": {"type": "LineString", "coordinates": [[2.3491947, 48.8463737], [2.3493475, 48.8463903]]}}, {"type": "Feature", "properties": {"highway": "footway", "footway": "sidewalk", "name": null, "surface": "asphalt", "lit": "yes", "length_m": 18.01, "type_element": "Way", "__fid": 65621}, "geometry": {"type": "LineString", "coordinates": [[2.3492326, 48.8462137], [2.3491947, 48.8463737]]}}, {"type": "Feature", "properties": {"highway": "footway", "footway": null, "name": null, "surface": null, "lit": null, "length_m": 29.02, "type_element": "Way", "__fid": 65624}, "geometry": {"type": "LineString", "coordinates": [[2.34919, 48.8472404], [2.3492358, 48.8474996]]}}, {"type": "Feature", "properties": {"highway": "footway", "footway": null, "name": null, "surface": null, "lit": null, "length_m": 11.68, "type_element": "Way", "__fid": 65625}, "geometry": {"type": "LineString", "coordinates": [[2.3493487, 48.8472321], [2.34919, 48.8472404]]}}, {"type": "Feature", "properties": {"highway": "footway", "footway": "sidewalk", "name": null, "surface": "asphalt", "lit": "yes", "length_m": 3.51, "type_element": "Way", "__fid": 65645}, "geometry": {"type": "LineString", "coordinates": [[2.349259, 48.8449843], [2.3492355, 48.8449568]]}}, {"type": "Feature", "properties": {"highway": "footway", "footway": "sidewalk", "name": null, "surface": "asphalt", "lit": "yes", "length_m": 37.66, "type_element": "Way", "__fid": 65646}, "geometry": {"type": "LineString", "coordinates": [[2.3492355, 48.8449568], [2.3492428, 48.8448177], [2.3492744, 48.8446193]]}}, {"type": "Feature", "properties": {"highway": "footway", "footway": "sidewalk", "name": null, "surface": null, "lit": "yes", "length_m": 45.36, "type_element": "Way", "__fid": 65650}, "geometry": {"type": "LineString", "coordinates": [[2.3498115, 48.8451747], [2.3497094, 48.8451794], [2.3496256, 48.845165], [2.3492369, 48.8450595], [2.349236699999988, 48.845053700000015]]}}, {"type": "Feature", "properties": {"highway": "footway", "footway": "crossing", "name": null, "surface": "asphalt", "lit": "yes", "length_m": 7.89, "type_element": "Way", "__fid": 65651}, "geometry": {"type": "LineString", "coordinates": [[2.349236699999988, 48.845053700000015], [2.349259, 48.8449843]]}}, {"type": "Feature", "properties": {"highway": "footway", "footway": "sidewalk", "name": null, "surface": "asphalt", "lit": "yes", "length_m": 3.31, "type_element": "Way", "__fid": 65662}, "geometry": {"type": "LineString", "coordinates": [[2.3492385, 48.84618420000001], [2.3492326, 48.8462137]]}}, {"type": "Feature", "properties": {"highway": "footway", "footway": "sidewalk", "name": null, "surface": "asphalt", "lit": "yes", "length_m": 94.9, "type_element": "Way", "__fid": 65669}, "geometry": {"type": "LineString", "coordinates": [[2.350492333333304, 48.84597526666668], [2.3492385, 48.84618420000001]]}}, {"type": "Feature", "properties": {"highway": "footway", "footway": "crossing", "name": null, "surface": "asphalt", "lit": "yes", "length_m": 1.86, "type_element": "Way", "__fid": 65670}, "geometry": {"type": "LineString", "coordinates": [[2.349263699999975, 48.84430130000009], [2.3492884, 48.844305]]}}, {"type": "Feature", "properties": {"highway": "footway", "footway": "sidewalk", "name": null, "surface": "asphalt", "lit": "yes", "length_m": 55.7, "type_element": "Way", "__fid": 65671}, "geometry": {"type": "LineString", "coordinates": [[2.349263699999975, 48.84430130000009], [2.34937, 48.84380533333337]]}}, {"type": "Feature", "properties": {"highway": "footway", "footway": "sidewalk", "name": null, "surface": null, "lit": "yes", "length_m": 37.79, "type_element": "Way", "__fid": 65674}, "geometry": {"type": "LineString", "coordinates": [[2.349719, 48.84507450000001], [2.3496836, 48.8450978], [2.3496363, 48.8450985], [2.349555, 48.84505979999999], [2.349259, 48.8449843]]}}, {"type": "Feature", "properties": {"highway": "pedestrian", "footway": null, "name": "Rue Mouffetard", "surface": "sett", "lit": "yes", "length_m": 11.15, "type_element": "Way", "__fid": 65678}, "geometry": {"type": "LineString", "coordinates": [[2.3492712, 48.8444046], [2.3492884, 48.844305]]}}, {"type": "Feature", "properties": {"highway": "footway", "footway": "sidewalk", "name": null, "surface": "asphalt", "lit": "yes", "length_m": 23.5, "type_element": "Way", "__fid": 65687}, "geometry": {"type": "LineString", "coordinates": [[2.3492744, 48.8446193], [2.3492934, 48.8446002], [2.3495411, 48.8446209], [2.3495615, 48.8446327], [2.349569100000208, 48.84462983333346]]}}, {"type": "Feature", "properties": {"highway": "footway", "footway": "crossing", "name": null, "surface": "asphalt", "lit": "yes", "length_m": 2.45, "type_element": "Way", "__fid": 65698}, "geometry": {"type": "LineString", "coordinates": [[2.3492884, 48.844305], [2.3493208, 48.8443103]]}}, {"type": "Feature", "properties": {"highway": "pedestrian", "footway": null, "name": "Rue Mouffetard", "surface": "sett", "lit": "yes", "length_m": 55.87, "type_element": "Way", "__fid": 65699}, "geometry": {"type": "LineString", "coordinates": [[2.3492884, 48.844305], [2.3493965, 48.843807599999984]]}}, {"type": "Feature", "properties": {"highway": "footway", "footway": "sidewalk", "name": null, "surface": "asphalt", "lit": "yes", "length_m": 25.48, "type_element": "Way", "__fid": 65728}, "geometry": {"type": "LineString", "coordinates": [[2.3493208, 48.8443103], [2.3493335, 48.84432140000001], [2.3496586, 48.84433880000001]]}}, {"type": "Feature", "properties": {"highway": "footway", "footway": "sidewalk", "name": null, "surface": "asphalt", "lit": "yes", "length_m": 56.36, "type_element": "Way", "__fid": 65729}, "geometry": {"type": "LineString", "coordinates": [[2.3494284, 48.843808399999986], [2.3493208, 48.8443103]]}}, {"type": "Feature", "properties": {"highway": "footway", "footway": "crossing", "name": null, "surface": "sett", "lit": "yes", "length_m": 1.96, "type_element": "Way", "__fid": 65766}, "geometry": {"type": "LineString", "coordinates": [[2.34937, 48.84380533333337], [2.3493965, 48.843807599999984]]}}, {"type": "Feature", "properties": {"highway": "footway", "footway": "sidewalk", "name": null, "surface": "asphalt", "lit": "yes", "length_m": 67.08, "type_element": "Way", "__fid": 65767}, "geometry": {"type": "LineString", "coordinates": [[2.34937, 48.84380533333337], [2.3494579, 48.8434511], [2.349532066666596, 48.84321173333348]]}}, {"type": "Feature", "properties": {"highway": "service", "footway": null, "name": null, "surface": null, "lit": null, "length_m": 32.86, "type_element": "Way", "__fid": 65768}, "geometry": {"type": "LineString", "coordinates": [[2.3493475, 48.8463903], [2.3497894, 48.8464382]]}}, {"type": "Feature", "properties": {"highway": "service", "footway": null, "name": null, "surface": null, "lit": null, "length_m": 5.21, "type_element": "Way", "__fid": 65769}, "geometry": {"type": "LineString", "coordinates": [[2.3493534, 48.846437], [2.3493475, 48.8463903]]}}, {"type": "Feature", "properties": {"highway": "service", "footway": null, "name": null, "surface": null, "lit": null, "length_m": 30.34, "type_element": "Way", "__fid": 65770}, "geometry": {"type": "LineString", "coordinates": [[2.3493475, 48.8463903], [2.3493785, 48.8463514], [2.3494407, 48.846316299999984], [2.3495373, 48.846301], [2.3497023, 48.8463111]]}}, {"type": "Feature", "properties": {"highway": "service", "footway": null, "name": null, "surface": null, "lit": null, "length_m": 45.23, "type_element": "Way", "__fid": 65774}, "geometry": {"type": "LineString", "coordinates": [[2.3497894, 48.8464382], [2.3497629, 48.8465276], [2.3497414, 48.84653879999998], [2.349699, 48.8465438], [2.3494891, 48.84652220000002], [2.3494258, 48.8465037], [2.3493782, 48.846472], [2.3493534, 48.846437]]}}, {"type": "Feature", "properties": {"highway": "footway", "footway": null, "name": null, "surface": null, "lit": null, "length_m": 72.47, "type_element": "Way", "__fid": 65775}, "geometry": {"type": "LineString", "coordinates": [[2.349497, 48.8469816], [2.3494842, 48.8469069], [2.3495258, 48.8469069], [2.3495282, 48.846894200000015], [2.3495237, 48.846658], [2.3494008, 48.84657510000002], [2.3493207, 48.8465096], [2.3492986, 48.8464766], [2.3493118, 48.8464417], [2.3493534, 48.846437]]}}, {"type": "Feature", "properties": {"highway": "footway", "footway": null, "name": null, "surface": null, "lit": null, "length_m": 22.9, "type_element": "Way", "__fid": 65785}, "geometry": {"type": "LineString", "coordinates": [[2.349526, 48.84732], [2.349365, 48.8473307], [2.3493487, 48.8472321]]}}, {"type": "Feature", "properties": {"highway": "footway", "footway": null, "name": null, "surface": null, "lit": null, "length_m": 16.46, "type_element": "Way", "__fid": 65786}, "geometry": {"type": "LineString", "coordinates": [[2.3493487, 48.8472321], [2.3493336, 48.8471248], [2.3493942, 48.8471201]]}}, {"type": "Feature", "properties": {"highway": "footway", "footway": "crossing", "name": null, "surface": "sett", "lit": "yes", "length_m": 2.34, "type_element": "Way", "__fid": 65797}, "geometry": {"type": "LineString", "coordinates": [[2.3493965, 48.843807599999984], [2.3494284, 48.843808399999986]]}}, {"type": "Feature", "properties": {"highway": "pedestrian", "footway": null, "name": "Rue Mouffetard", "surface": "sett", "lit": "yes", "length_m": 6.23, "type_element": "Way", "__fid": 65798}, "geometry": {"type": "LineString", "coordinates": [[2.3493965, 48.843807599999984], [2.3494085, 48.84375209999998]]}}, {"type": "Feature", "properties": {"highway": "pedestrian", "footway": null, "name": "Rue Saint-Médard", "surface": "sett", "lit": "yes", "length_m": 3.26, "type_element": "Way", "__fid": 65812}, "geometry": {"type": "LineString", "coordinates": [[2.3494085, 48.84375209999998], [2.3494522, 48.8437575]]}}, {"type": "Feature", "properties": {"highway": "pedestrian", "footway": null, "name": "Rue Mouffetard", "surface": "sett", "lit": "yes", "length_m": 60.74, "type_element": "Way", "__fid": 65813}, "geometry": {"type": "LineString", "coordinates": [[2.3494085, 48.84375209999998], [2.3495588, 48.8432149]]}}, {"type": "Feature", "properties": {"highway": "footway", "footway": "sidewalk", "name": null, "surface": "asphalt", "lit": "yes", "length_m": 1.47, "type_element": "Way", "__fid": 65837}, "geometry": {"type": "LineString", "coordinates": [[2.3494416, 48.8437985], [2.3494284, 48.843808399999986]]}}, {"type": "Feature", "properties": {"highway": "footway", "footway": null, "name": null, "surface": null, "lit": null, "length_m": 13.84, "type_element": "Way", "__fid": 65850}, "geometry": {"type": "LineString", "coordinates": [[2.3495049, 48.8470301], [2.3494006, 48.8470821], [2.3493942, 48.8471201]]}}, {"type": "Feature", "properties": {"highway": "footway", "footway": null, "name": null, "surface": null, "lit": null, "length_m": 12.86, "type_element": "Way", "__fid": 65851}, "geometry": {"type": "LineString", "coordinates": [[2.3493942, 48.8471201], [2.3495682, 48.84710650000001]]}}, {"type": "Feature", "properties": {"highway": "footway", "footway": "sidewalk", "name": null, "surface": "asphalt", "lit": "yes", "length_m": 108.57, "type_element": "Way", "__fid": 65854}, "geometry": {"type": "LineString", "coordinates": [[2.3508875, 48.843625], [2.3503698, 48.8436776], [2.3495981, 48.84381130000001], [2.3494416, 48.8437985]]}}, {"type": "Feature", "properties": {"highway": "footway", "footway": "crossing", "name": null, "surface": "sett", "lit": "yes", "length_m": 4.62, "type_element": "Way", "__fid": 65855}, "geometry": {"type": "LineString", "coordinates": [[2.3494416, 48.8437985], [2.3494522, 48.8437575]]}}, {"type": "Feature", "properties": {"highway": "pedestrian", "footway": null, "name": "Rue Saint-Médard", "surface": "sett", "lit": "yes", "length_m": 58.45, "type_element": "Way", "__fid": 65865}, "geometry": {"type": "LineString", "coordinates": [[2.3494522, 48.8437575], [2.3495599, 48.8437704], [2.3496319, 48.8437693], [2.3502241, 48.8436598]]}}, {"type": "Feature", "properties": {"highway": "footway", "footway": "crossing", "name": null, "surface": "sett", "lit": "yes", "length_m": 3.42, "type_element": "Way", "__fid": 65866}, "geometry": {"type": "LineString", "coordinates": [[2.3494522, 48.8437575], [2.349462100000177, 48.843727466666735]]}}, {"type": "Feature", "properties": {"highway": "footway", "footway": "sidewalk", "name": null, "surface": "asphalt", "lit": "yes", "length_m": 57.51, "type_element": "Way", "__fid": 65878}, "geometry": {"type": "LineString", "coordinates": [[2.349462100000177, 48.843727466666735], [2.3494564, 48.8437066], [2.349584933333305, 48.84321790000005]]}}, {"type": "Feature", "properties": {"highway": "footway", "footway": "sidewalk", "name": null, "surface": "asphalt", "lit": "yes", "length_m": 56.19, "type_element": "Way", "__fid": 65879}, "geometry": {"type": "LineString", "coordinates": [[2.3502029, 48.843612], [2.3495339, 48.8437323], [2.349462100000177, 48.843727466666735]]}}, {"type": "Feature", "properties": {"highway": "footway", "footway": "crossing", "name": null, "surface": "sett", "lit": "yes", "length_m": 1.99, "type_element": "Way", "__fid": 65919}, "geometry": {"type": "LineString", "coordinates": [[2.349532066666596, 48.84321173333348], [2.3495588, 48.8432149]]}}, {"type": "Feature", "properties": {"highway": "footway", "footway": "sidewalk", "name": null, "surface": "paving_stones", "lit": "yes", "length_m": 9.36, "type_element": "Way", "__fid": 65920}, "geometry": {"type": "LineString", "coordinates": [[2.3495481, 48.8431335], [2.3495242, 48.8432108], [2.349532066666596, 48.84321173333348]]}}, {"type": "Feature", "properties": {"highway": "footway", "footway": null, "name": null, "surface": null, "lit": null, "length_m": 5.42, "type_element": "Way", "__fid": 65929}, "geometry": {"type": "LineString", "coordinates": [[2.349497, 48.8469816], [2.3495049, 48.8470301]]}}, {"type": "Feature", "properties": {"highway": "pedestrian", "footway": null, "name": "Rue du Pot de Fer", "surface": "paving_stones", "lit": "yes", "length_m": 4.39, "type_element": "Way", "__fid": 65932}, "geometry": {"type": "LineString", "coordinates": [[2.3496018, 48.8431509], [2.3495481, 48.8431335]]}}, {"type": "Feature", "properties": {"highway": "footway", "footway": "sidewalk", "name": null, "surface": "paving_stones", "lit": "yes", "length_m": 3.22, "type_element": "Way", "__fid": 65933}, "geometry": {"type": "LineString", "coordinates": [[2.349566599999949, 48.84311133333346], [2.3495592, 48.8431106], [2.3495481, 48.8431335]]}}, {"type": "Feature", "properties": {"highway": "footway", "footway": null, "name": null, "surface": null, "lit": null, "length_m": 10.07, "type_element": "Way", "__fid": 65938}, "geometry": {"type": "LineString", "coordinates": [[2.3495049, 48.8470301], [2.3495569, 48.8470671], [2.3495682, 48.84710650000001]]}}, {"type": "Feature", "properties": {"highway": "footway", "footway": "crossing", "name": null, "surface": "sett", "lit": "yes", "length_m": 1.95, "type_element": "Way", "__fid": 65946}, "geometry": {"type": "LineString", "coordinates": [[2.3495588, 48.8432149], [2.349584933333305, 48.84321790000005]]}}, {"type": "Feature", "properties": {"highway": "pedestrian", "footway": null, "name": "Rue Mouffetard", "surface": "sett", "lit": "yes", "length_m": 7.78, "type_element": "Way", "__fid": 65947}, "geometry": {"type": "LineString", "coordinates": [[2.3495588, 48.8432149], [2.3496018, 48.8431509]]}}, {"type": "Feature", "properties": {"highway": "footway", "footway": "crossing", "name": null, "surface": null, "lit": "yes", "length_m": 4.25, "type_element": "Way", "__fid": 65954}, "geometry": {"type": "LineString", "coordinates": [[2.349566599999949, 48.84311133333346], [2.3496228, 48.8431207]]}}, {"type": "Feature", "properties": {"highway": "footway", "footway": "sidewalk", "name": null, "surface": "asphalt", "lit": "yes", "length_m": 184.08, "type_element": "Way", "__fid": 65955}, "geometry": {"type": "LineString", "coordinates": [[2.349566599999949, 48.84311133333346], [2.3497192, 48.8423753], [2.3497248, 48.84226840000002], [2.3496966, 48.8422253], [2.3496978, 48.8421406], [2.3497124, 48.8420899], [2.3496962, 48.8419752], [2.3495985, 48.841562300000014], [2.3495906, 48.841479], [2.349597999999778, 48.84148213333345]]}}, {"type": "Feature", "properties": {"highway": "pedestrian", "footway": null, "name": "Rue Jean Calvin", "surface": "asphalt", "lit": "yes", "length_m": 3.44, "type_element": "Way", "__fid": 65961}, "geometry": {"type": "LineString", "coordinates": [[2.34959, 48.8414401], [2.3496366, 48.841443400000024]]}}, {"type": "Feature", "properties": {"highway": "footway", "footway": "sidewalk", "name": null, "surface": "asphalt", "lit": "yes", "length_m": 4.71, "type_element": "Way", "__fid": 65962}, "geometry": {"type": "LineString", "coordinates": [[2.349597999999778, 48.84148213333345], [2.34959, 48.8414401]]}}, {"type": "Feature", "properties": {"highway": "footway", "footway": "crossing", "name": null, "surface": "sett", "lit": "yes", "length_m": 3.52, "type_element": "Way", "__fid": 65971}, "geometry": {"type": "LineString", "coordinates": [[2.349597999999778, 48.84148213333345], [2.3496431, 48.841493]]}}, {"type": "Feature", "properties": {"highway": "footway", "footway": null, "name": null, "surface": null, "lit": null, "length_m": 15.98, "type_element": "Way", "__fid": 65972}, "geometry": {"type": "LineString", "coordinates": [[2.349526, 48.84732], [2.3495507, 48.8474628]]}}, {"type": "Feature", "properties": {"highway": "footway", "footway": null, "name": null, "surface": null, "lit": null, "length_m": 23.26, "type_element": "Way", "__fid": 65973}, "geometry": {"type": "LineString", "coordinates": [[2.3496651, 48.847207], [2.3496857, 48.8473093], [2.349526, 48.84732]]}}, {"type": "Feature", "properties": {"highway": "footway", "footway": "sidewalk", "name": null, "surface": "asphalt", "lit": "yes", "length_m": 7.14, "type_element": "Way", "__fid": 65980}, "geometry": {"type": "LineString", "coordinates": [[2.349584933333305, 48.84321790000005], [2.3496821, 48.8432155]]}}, {"type": "Feature", "properties": {"highway": "footway", "footway": "sidewalk", "name": null, "surface": "asphalt", "lit": "yes", "length_m": 30.19, "type_element": "Way", "__fid": 65981}, "geometry": {"type": "LineString", "coordinates": [[2.349569100000208, 48.84462983333346], [2.3496422, 48.8447685], [2.3496731, 48.8448915]]}}, {"type": "Feature", "properties": {"highway": "footway", "footway": "crossing", "name": null, "surface": "asphalt", "lit": "yes", "length_m": 4.83, "type_element": "Way", "__fid": 65982}, "geometry": {"type": "LineString", "coordinates": [[2.349630300000158, 48.84461380000013], [2.349569100000208, 48.84462983333346]]}}, {"type": "Feature", "properties": {"highway": "pedestrian", "footway": null, "name": "Rue Ortolan", "surface": "sett", "lit": "yes", "length_m": 6.91, "type_element": "Way", "__fid": 65990}, "geometry": {"type": "LineString", "coordinates": [[2.3496863, 48.8431783], [2.3496018, 48.8431509]]}}, {"type": "Feature", "properties": {"highway": "pedestrian", "footway": null, "name": "Rue Mouffetard", "surface": "paving_stones", "lit": "yes", "length_m": 3.69, "type_element": "Way", "__fid": 65991}, "geometry": {"type": "LineString", "coordinates": [[2.3496018, 48.8431509], [2.3496228, 48.8431207]]}}, {"type": "Feature", "properties": {"highway": "footway", "footway": null, "name": null, "surface": null, "lit": null, "length_m": 54.5, "type_element": "Way", "__fid": 65998}, "geometry": {"type": "LineString", "coordinates": [[2.3495507, 48.8474628], [2.3499295, 48.8474274], [2.3498619, 48.847194]]}}, {"type": "Feature", "properties": {"highway": "pedestrian", "footway": null, "name": "Rue Mouffetard", "surface": "sett", "lit": "yes", "length_m": 38.1, "type_element": "Way", "__fid": 66007}, "geometry": {"type": "LineString", "coordinates": [[2.3496366, 48.841443400000024], [2.3496317, 48.8411008]]}}, {"type": "Feature", "properties": {"highway": "pedestrian", "footway": null, "name": "Rue de l'Épée de Bois", "surface": "asphalt", "lit": "yes", "length_m": 4.86, "type_element": "Way", "__fid": 66021}, "geometry": {"type": "LineString", "coordinates": [[2.3496366, 48.841443400000024], [2.3497022, 48.841449200000014]]}}, {"type": "Feature", "properties": {"highway": "pedestrian", "footway": null, "name": "Rue Mouffetard", "surface": "paving_stones", "lit": "yes", "length_m": 5.54, "type_element": "Way", "__fid": 66022}, "geometry": {"type": "LineString", "coordinates": [[2.3496431, 48.841493], [2.3496366, 48.841443400000024]]}}, {"type": "Feature", "properties": {"highway": "footway", "footway": null, "name": null, "surface": null, "lit": null, "length_m": 17.69, "type_element": "Way", "__fid": 66023}, "geometry": {"type": "LineString", "coordinates": [[2.3495682, 48.84710650000001], [2.3496462, 48.8471005], [2.3496651, 48.847207]]}}, {"type": "Feature", "properties": {"highway": "footway", "footway": "crossing", "name": null, "surface": "sett", "lit": "yes", "length_m": 3.2, "type_element": "Way", "__fid": 66027}, "geometry": {"type": "LineString", "coordinates": [[2.3496431, 48.841493], [2.349684366666588, 48.84150223333342]]}}, {"type": "Feature", "properties": {"highway": "pedestrian", "footway": null, "name": "Rue Mouffetard", "surface": "paving_stones", "lit": "yes", "length_m": 78.69, "type_element": "Way", "__fid": 66028}, "geometry": {"type": "LineString", "coordinates": [[2.3497662, 48.8421959], [2.3497377, 48.8419824], [2.3496431, 48.841493]]}}, {"type": "Feature", "properties": {"highway": "footway", "footway": "crossing", "name": null, "surface": null, "lit": "yes", "length_m": 4.71, "type_element": "Way", "__fid": 66029}, "geometry": {"type": "LineString", "coordinates": [[2.3496228, 48.8431207], [2.3496846, 48.8431321]]}}, {"type": "Feature", "properties": {"highway": "pedestrian", "footway": null, "name": "Rue Mouffetard", "surface": "paving_stones", "lit": "yes", "length_m": 103.53, "type_element": "Way", "__fid": 66030}, "geometry": {"type": "LineString", "coordinates": [[2.3496228, 48.8431207], [2.3497159, 48.8425981], [2.3497595, 48.8424153], [2.349773, 48.84228939999998], [2.3497662, 48.8421959]]}}, {"type": "Feature", "properties": {"highway": "footway", "footway": "sidewalk", "name": null, "surface": "asphalt", "lit": "yes", "length_m": 26.54, "type_element": "Way", "__fid": 66049}, "geometry": {"type": "LineString", "coordinates": [[2.349630300000158, 48.84461380000013], [2.3496019, 48.8445567], [2.3496257, 48.844433], [2.349698, 48.844408]]}}, {"type": "Feature", "properties": {"highway": "footway", "footway": "sidewalk", "name": null, "surface": "asphalt", "lit": "yes", "length_m": 25.53, "type_element": "Way", "__fid": 66050}, "geometry": {"type": "LineString", "coordinates": [[2.3497541, 48.8448222], [2.3496385, 48.84461180000001], [2.349630300000158, 48.84461380000013]]}}, {"type": "Feature", "properties": {"highway": "footway", "footway": "sidewalk", "name": null, "surface": "asphalt", "lit": "yes", "length_m": 77.78, "type_element": "Way", "__fid": 66067}, "geometry": {"type": "LineString", "coordinates": [[2.3498104, 48.84219680000001], [2.349684366666588, 48.84150223333342]]}}, {"type": "Feature", "properties": {"highway": "footway", "footway": "sidewalk", "name": null, "surface": "paving_stones", "lit": "yes", "length_m": 1.99, "type_element": "Way", "__fid": 66068}, "geometry": {"type": "LineString", "coordinates": [[2.349684366666588, 48.84150223333342], [2.3497109, 48.8414985]]}}, {"type": "Feature", "properties": {"highway": "footway", "footway": "crossing", "name": null, "surface": "asphalt", "lit": "yes", "length_m": 8.22, "type_element": "Way", "__fid": 66079}, "geometry": {"type": "LineString", "coordinates": [[2.349698, 48.844408], [2.3496586, 48.84433880000001]]}}, {"type": "Feature", "properties": {"highway": "footway", "footway": "sidewalk", "name": null, "surface": "asphalt", "lit": "yes", "length_m": 146.72, "type_element": "Way", "__fid": 66080}, "geometry": {"type": "LineString", "coordinates": [[2.3496586, 48.84433880000001], [2.3497373, 48.84433720000002], [2.3497908, 48.84431370000002], [2.3504102, 48.8441767], [2.3504378, 48.8441414], [2.3513424, 48.8439431], [2.351399, 48.8439518], [2.3514866, 48.8439305], [2.35151729999982, 48.84391566666679]]}}, {"type": "Feature", "properties": {"highway": "footway", "footway": "crossing", "name": null, "surface": "asphalt", "lit": "yes", "length_m": 3.84, "type_element": "Way", "__fid": 66087}, "geometry": {"type": "LineString", "coordinates": [[2.3497004, 48.8414147], [2.3497022, 48.841449200000014]]}}, {"type": "Feature", "properties": {"highway": "pedestrian", "footway": null, "name": "Rue de l'Épée de Bois", "surface": "asphalt", "lit": "yes", "length_m": 16.13, "type_element": "Way", "__fid": 66088}, "geometry": {"type": "LineString", "coordinates": [[2.3497022, 48.841449200000014], [2.3499197, 48.8414701]]}}, {"type": "Feature", "properties": {"highway": "footway", "footway": "crossing", "name": null, "surface": "asphalt", "lit": "yes", "length_m": 5.52, "type_element": "Way", "__fid": 66089}, "geometry": {"type": "LineString", "coordinates": [[2.3497109, 48.8414985], [2.3497022, 48.841449200000014]]}}, {"type": "Feature", "properties": {"highway": "footway", "footway": "sidewalk", "name": null, "surface": "asphalt", "lit": "yes", "length_m": 62.26, "type_element": "Way", "__fid": 66095}, "geometry": {"type": "LineString", "coordinates": [[2.3496821, 48.8432155], [2.3505298, 48.8432369]]}}, {"type": "Feature", "properties": {"highway": "footway", "footway": "crossing", "name": null, "surface": "sett", "lit": "yes", "length_m": 4.15, "type_element": "Way", "__fid": 66096}, "geometry": {"type": "LineString", "coordinates": [[2.3496821, 48.8432155], [2.3496863, 48.8431783]]}}, {"type": "Feature", "properties": {"highway": "footway", "footway": "sidewalk", "name": null, "surface": null, "lit": "yes", "length_m": 3.2, "type_element": "Way", "__fid": 66097}, "geometry": {"type": "LineString", "coordinates": [[2.349688333333352, 48.84316076666668], [2.3496846, 48.8431321]]}}, {"type": "Feature", "properties": {"highway": "footway", "footway": "sidewalk", "name": null, "surface": "asphalt", "lit": "yes", "length_m": 104.6, "type_element": "Way", "__fid": 66098}, "geometry": {"type": "LineString", "coordinates": [[2.3496846, 48.8431321], [2.3497223, 48.84289190000001], [2.3497538, 48.84258689999998], [2.3497929, 48.8424461], [2.3498188, 48.8422824], [2.3498104, 48.84219680000001]]}}, {"type": "Feature", "properties": {"highway": "pedestrian", "footway": null, "name": "Rue Ortolan", "surface": "sett", "lit": "yes", "length_m": 62.14, "type_element": "Way", "__fid": 66099}, "geometry": {"type": "LineString", "coordinates": [[2.3505323, 48.8431998], [2.3496863, 48.8431783]]}}, {"type": "Feature", "properties": {"highway": "footway", "footway": "crossing", "name": null, "surface": "sett", "lit": "yes", "length_m": 1.96, "type_element": "Way", "__fid": 66100}, "geometry": {"type": "LineString", "coordinates": [[2.3496863, 48.8431783], [2.349688333333352, 48.84316076666668]]}}, {"type": "Feature", "properties": {"highway": "footway", "footway": "sidewalk", "name": null, "surface": "asphalt", "lit": "yes", "length_m": 120.58, "type_element": "Way", "__fid": 66103}, "geometry": {"type": "LineString", "coordinates": [[2.35133033333336, 48.84319630000001], [2.349688333333352, 48.84316076666668]]}}, {"type": "Feature", "properties": {"highway": "footway", "footway": "sidewalk", "name": null, "surface": "asphalt", "lit": "yes", "length_m": 67.45, "type_element": "Way", "__fid": 66106}, "geometry": {"type": "LineString", "coordinates": [[2.3497109, 48.8414985], [2.3506216, 48.84158]]}}, {"type": "Feature", "properties": {"highway": "footway", "footway": "sidewalk", "name": null, "surface": "asphalt", "lit": "yes", "length_m": 20.89, "type_element": "Way", "__fid": 66111}, "geometry": {"type": "LineString", "coordinates": [[2.3496731, 48.8448915], [2.3497275, 48.8450608], [2.349719, 48.84507450000001]]}}, {"type": "Feature", "properties": {"highway": "footway", "footway": "crossing", "name": null, "surface": "asphalt", "lit": "yes", "length_m": 6.85, "type_element": "Way", "__fid": 66112}, "geometry": {"type": "LineString", "coordinates": [[2.3496731, 48.8448915], [2.349764266666753, 48.844878100000116]]}}, {"type": "Feature", "properties": {"highway": "footway", "footway": "sidewalk", "name": null, "surface": "asphalt", "lit": "yes", "length_m": 153.95, "type_element": "Way", "__fid": 66126}, "geometry": {"type": "LineString", "coordinates": [[2.349698, 48.844408], [2.3501146, 48.844315], [2.350202, 48.844312], [2.3516884, 48.8439776]]}}, {"type": "Feature", "properties": {"highway": "footway", "footway": null, "name": null, "surface": null, "lit": null, "length_m": 14.51, "type_element": "Way", "__fid": 66128}, "geometry": {"type": "LineString", "coordinates": [[2.3498619, 48.847194], [2.3496651, 48.847207]]}}, {"type": "Feature", "properties": {"highway": "pedestrian", "footway": null, "name": "Rue Rollin", "surface": "sett", "lit": "yes", "length_m": 2.73, "type_element": "Way", "__fid": 66143}, "geometry": {"type": "LineString", "coordinates": [[2.3497174, 48.8448263], [2.3497541, 48.8448222]]}}, {"type": "Feature", "properties": {"highway": "service", "footway": null, "name": null, "surface": null, "lit": null, "length_m": 19.94, "type_element": "Way", "__fid": 66149}, "geometry": {"type": "LineString", "coordinates": [[2.3497023, 48.8463111], [2.349793, 48.84632520000001], [2.3498103, 48.84634], [2.3497894, 48.8464382]]}}, {"type": "Feature", "properties": {"highway": "service", "footway": null, "name": null, "surface": null, "lit": null, "length_m": 15.5, "type_element": "Way", "__fid": 66150}, "geometry": {"type": "LineString", "coordinates": [[2.3497311, 48.846173], [2.3497023, 48.8463111]]}}, {"type": "Feature", "properties": {"highway": "footway", "footway": "crossing", "name": null, "surface": null, "lit": "yes", "length_m": 13.54, "type_element": "Way", "__fid": 66154}, "geometry": {"type": "LineString", "coordinates": [[2.3498115, 48.8451747], [2.3498145, 48.8451565], [2.349719, 48.84507450000001]]}}, {"type": "Feature", "properties": {"highway": "service", "footway": null, "name": null, "surface": "asphalt", "lit": null, "length_m": 3.25, "type_element": "Way", "__fid": 66159}, "geometry": {"type": "LineString", "coordinates": [[2.3498104, 48.84219680000001], [2.3497662, 48.8421959]]}}, {"type": "Feature", "properties": {"highway": "footway", "footway": "sidewalk", "name": null, "surface": "asphalt", "lit": "yes", "length_m": 6.26, "type_element": "Way", "__fid": 66180}, "geometry": {"type": "LineString", "coordinates": [[2.349764266666753, 48.844878100000116], [2.3497541, 48.8448222]]}}, {"type": "Feature", "properties": {"highway": "pedestrian", "footway": null, "name": "Rue Rollin", "surface": "sett", "lit": "yes", "length_m": 171.67, "type_element": "Way", "__fid": 66181}, "geometry": {"type": "LineString", "coordinates": [[2.3497541, 48.8448222], [2.3505984, 48.84472760000001], [2.3520523, 48.84453530000001]]}}, {"type": "Feature", "properties": {"highway": "footway", "footway": "sidewalk", "name": null, "surface": null, "lit": "yes", "length_m": 39.81, "type_element": "Way", "__fid": 66193}, "geometry": {"type": "LineString", "coordinates": [[2.3499971, 48.845193], [2.3498242, 48.8450085], [2.3497716, 48.84487689999999], [2.349764266666753, 48.844878100000116]]}}, {"type": "Feature", "properties": {"highway": "service", "footway": null, "name": null, "surface": "sett", "lit": null, "length_m": 27.17, "type_element": "Way", "__fid": 66207}, "geometry": {"type": "LineString", "coordinates": [[2.3501784, 48.842223699999984], [2.3498104, 48.84219680000001]]}}, {"type": "Feature", "properties": {"highway": "footway", "footway": "sidewalk", "name": null, "surface": null, "lit": "yes", "length_m": 9.33, "type_element": "Way", "__fid": 66243}, "geometry": {"type": "LineString", "coordinates": [[2.3499068, 48.8452303], [2.3498115, 48.8451747]]}}, {"type": "Feature", "properties": {"highway": "pedestrian", "footway": null, "name": "Rue de l'Épée de Bois", "surface": "asphalt", "lit": "yes", "length_m": 52.53, "type_element": "Way", "__fid": 66312}, "geometry": {"type": "LineString", "coordinates": [[2.3499197, 48.8414701], [2.3506279, 48.8415386]]}}, {"type": "Feature", "properties": {"highway": "pedestrian", "footway": null, "name": "Rue du Père Teilhard de Chardin", "surface": "sett", "lit": "yes", "length_m": 4.17, "type_element": "Way", "__fid": 66313}, "geometry": {"type": "LineString", "coordinates": [[2.3499197, 48.8414701], [2.3499443, 48.8414363]]}}, {"type": "Feature", "properties": {"highway": "service", "footway": null, "name": "Passage Clopin", "surface": null, "lit": null, "length_m": 111.49, "type_element": "Way", "__fid": 66327}, "geometry": {"type": "LineString", "coordinates": [[2.3498619, 48.847194], [2.349772, 48.8469146], [2.349725, 48.8468247], [2.349764, 48.8467789], [2.3505654, 48.84668340000001], [2.3506081, 48.8466684]]}}, {"type": "Feature", "properties": {"highway": "footway", "footway": null, "name": null, "surface": null, "lit": null, "length_m": 4.56, "type_element": "Way", "__fid": 66328}, "geometry": {"type": "LineString", "coordinates": [[2.349923060000221, 48.84718672000032], [2.3498619, 48.847194]]}}, {"type": "Feature", "properties": {"highway": "footway", "footway": "sidewalk", "name": null, "surface": "asphalt", "lit": "yes", "length_m": 51.62, "type_element": "Way", "__fid": 66337}, "geometry": {"type": "LineString", "coordinates": [[2.3499443, 48.8414363], [2.3506417, 48.8414961]]}}, {"type": "Feature", "properties": {"highway": "footway", "footway": "sidewalk", "name": null, "surface": "asphalt", "lit": "yes", "length_m": 82.82, "type_element": "Way", "__fid": 66352}, "geometry": {"type": "LineString", "coordinates": [[2.350476633333372, 48.845872], [2.3503519, 48.845759], [2.350085, 48.8454586], [2.3499068, 48.8452303]]}}, {"type": "Feature", "properties": {"highway": "footway", "footway": "crossing", "name": null, "surface": "asphalt", "lit": "yes", "length_m": 7.82, "type_element": "Way", "__fid": 66353}, "geometry": {"type": "LineString", "coordinates": [[2.3499068, 48.8452303], [2.3499971, 48.845193]]}}, {"type": "Feature", "properties": {"highway": "footway", "footway": "sidewalk", "name": null, "surface": "asphalt", "lit": "yes", "length_m": 40.92, "type_element": "Way", "__fid": 66446}, "geometry": {"type": "LineString", "coordinates": [[2.3502791, 48.84551050000001], [2.3499971, 48.845193]]}}, {"type": "Feature", "properties": {"highway": "footway", "footway": null, "name": null, "surface": "concrete", "lit": "no", "length_m": 5.54, "type_element": "Way", "__fid": 66644}, "geometry": {"type": "LineString", "coordinates": [[2.3502241, 48.8436598], [2.3502029, 48.843612]]}}, {"type": "Feature", "properties": {"highway": "footway", "footway": null, "name": null, "surface": "concrete", "lit": "no", "length_m": 40.69, "type_element": "Way", "__fid": 66645}, "geometry": {"type": "LineString", "coordinates": [[2.3502029, 48.843612], [2.350158, 48.8435049], [2.3501564, 48.8434767], [2.3501878, 48.8434486], [2.3503017, 48.84340320000002], [2.3503782, 48.84335270000001], [2.3503815, 48.8433203]]}}, {"type": "Feature", "properties": {"highway": "footway", "footway": "sidewalk", "name": null, "surface": "asphalt", "lit": "yes", "length_m": 50.07, "type_element": "Way", "__fid": 66646}, "geometry": {"type": "LineString", "coordinates": [[2.3508719, 48.8435308], [2.3504845, 48.843560199999985], [2.3502029, 48.843612]]}}, {"type": "Feature", "properties": {"highway": "pedestrian", "footway": null, "name": "Rue Saint-Médard", "surface": "sett", "lit": "yes", "length_m": 48.85, "type_element": "Way", "__fid": 66677}, "geometry": {"type": "LineString", "coordinates": [[2.3502241, 48.8436598], [2.3505315, 48.843604], [2.3508754, 48.8435746]]}}, {"type": "Feature", "properties": {"highway": "footway", "footway": "sidewalk", "name": null, "surface": "asphalt", "lit": "yes", "length_m": 42.59, "type_element": "Way", "__fid": 66771}, "geometry": {"type": "LineString", "coordinates": [[2.3505765, 48.845839], [2.3504503, 48.8457143], [2.3502791, 48.84551050000001]]}}, {"type": "Feature", "properties": {"highway": "footway", "footway": null, "name": "Passage Commun H/5", "surface": null, "lit": null, "length_m": 73.69, "type_element": "Way", "__fid": 66772}, "geometry": {"type": "LineString", "coordinates": [[2.3502791, 48.84551050000001], [2.3510353, 48.8452595], [2.351103, 48.845246], [2.3511897, 48.8452502]]}}, {"type": "Feature", "properties": {"highway": "steps", "footway": null, "name": null, "surface": "concrete", "lit": null, "length_m": 1.94, "type_element": "Way", "__fid": 66856}, "geometry": {"type": "LineString", "coordinates": [[2.3503815, 48.8433203], [2.3503931, 48.84330460000001]]}}, {"type": "Feature", "properties": {"highway": "footway", "footway": null, "name": null, "surface": "concrete", "lit": "no", "length_m": 7.27, "type_element": "Way", "__fid": 66869}, "geometry": {"type": "LineString", "coordinates": [[2.3503931, 48.84330460000001], [2.3504367, 48.8433174], [2.3504643, 48.843346]]}}, {"type": "Feature", "properties": {"highway": "footway", "footway": null, "name": null, "surface": null, "lit": "no", "length_m": 11.06, "type_element": "Way", "__fid": 66931}, "geometry": {"type": "LineString", "coordinates": [[2.3504643, 48.843346], [2.3505099, 48.8433884], [2.3505692, 48.8433616]]}}, {"type": "Feature", "properties": {"highway": "footway", "footway": null, "name": null, "surface": null, "lit": "no", "length_m": 5.36, "type_element": "Way", "__fid": 66932}, "geometry": {"type": "LineString", "coordinates": [[2.3505242, 48.8433185], [2.3504643, 48.843346]]}}, {"type": "Feature", "properties": {"highway": "footway", "footway": "crossing", "name": null, "surface": null, "lit": "yes", "length_m": 9.07, "type_element": "Way", "__fid": 66952}, "geometry": {"type": "LineString", "coordinates": [[2.350456033333221, 48.84589733333334], [2.350492333333304, 48.84597526666668]]}}, {"type": "Feature", "properties": {"highway": "footway", "footway": "sidewalk", "name": null, "surface": "asphalt", "lit": "yes", "length_m": 3.2, "type_element": "Way", "__fid": 66953}, "geometry": {"type": "LineString", "coordinates": [[2.350456033333221, 48.84589733333334], [2.350476633333372, 48.845872]]}}, {"type": "Feature", "properties": {"highway": "footway", "footway": "crossing", "name": null, "surface": null, "lit": "yes", "length_m": 8.43, "type_element": "Way", "__fid": 66965}, "geometry": {"type": "LineString", "coordinates": [[2.350476633333372, 48.845872], [2.3505383, 48.8458615], [2.3505765, 48.845839]]}}, {"type": "Feature", "properties": {"highway": "footway", "footway": null, "name": null, "surface": null, "lit": "no", "length_m": 5.82, "type_element": "Way", "__fid": 66978}, "geometry": {"type": "LineString", "coordinates": [[2.3505692, 48.8433616], [2.3505242, 48.8433185]]}}, {"type": "Feature", "properties": {"highway": "footway", "footway": null, "name": null, "surface": null, "lit": null, "length_m": 9.08, "type_element": "Way", "__fid": 66979}, "geometry": {"type": "LineString", "coordinates": [[2.3505242, 48.8433185], [2.3505298, 48.8432369]]}}, {"type": "Feature", "properties": {"highway": "footway", "footway": "sidewalk", "name": null, "surface": "asphalt", "lit": "yes", "length_m": 62.62, "type_element": "Way", "__fid": 66980}, "geometry": {"type": "LineString", "coordinates": [[2.351128, 48.8463449], [2.351006, 48.8462563], [2.3505939, 48.8460056], [2.350492333333304, 48.84597526666668]]}}, {"type": "Feature", "properties": {"highway": "footway", "footway": "sidewalk", "name": null, "surface": "asphalt", "lit": "yes", "length_m": 25.47, "type_element": "Way", "__fid": 66981}, "geometry": {"type": "LineString", "coordinates": [[2.3505298, 48.8432369], [2.3508766, 48.843245]]}}, {"type": "Feature", "properties": {"highway": "footway", "footway": null, "name": null, "surface": null, "lit": null, "length_m": 4.13, "type_element": "Way", "__fid": 66982}, "geometry": {"type": "LineString", "coordinates": [[2.3505298, 48.8432369], [2.3505323, 48.8431998]]}}, {"type": "Feature", "properties": {"highway": "pedestrian", "footway": null, "name": "Rue Ortolan", "surface": "sett", "lit": "yes", "length_m": 25.38, "type_element": "Way", "__fid": 66983}, "geometry": {"type": "LineString", "coordinates": [[2.3508778, 48.8432098], [2.3505323, 48.8431998]]}}, {"type": "Feature", "properties": {"highway": "footway", "footway": null, "name": null, "surface": "paved", "lit": "no", "length_m": 25.39, "type_element": "Way", "__fid": 67021}, "geometry": {"type": "LineString", "coordinates": [[2.3505692, 48.8433616], [2.3506542, 48.8433251], [2.3507311, 48.84331009999998], [2.3507668, 48.8433123], [2.3508064, 48.84332770000001], [2.3508256, 48.843347], [2.3508731, 48.84334780000002]]}}, {"type": "Feature", "properties": {"highway": "footway", "footway": "sidewalk", "name": null, "surface": "asphalt", "lit": "yes", "length_m": 21.59, "type_element": "Way", "__fid": 67045}, "geometry": {"type": "LineString", "coordinates": [[2.3509133, 48.8416051], [2.3506216, 48.84158]]}}, {"type": "Feature", "properties": {"highway": "footway", "footway": "sidewalk", "name": null, "surface": "asphalt", "lit": "yes", "length_m": 4.63, "type_element": "Way", "__fid": 67046}, "geometry": {"type": "LineString", "coordinates": [[2.3506216, 48.84158], [2.3506279, 48.8415386]]}}, {"type": "Feature", "properties": {"highway": "pedestrian", "footway": null, "name": "Rue de l'Épée de Bois", "surface": "asphalt", "lit": "yes", "length_m": 13.92, "type_element": "Way", "__fid": 67050}, "geometry": {"type": "LineString", "coordinates": [[2.3506279, 48.8415386], [2.3508156, 48.8415565]]}}, {"type": "Feature", "properties": {"highway": "footway", "footway": "crossing", "name": null, "surface": "asphalt", "lit": "yes", "length_m": 4.83, "type_element": "Way", "__fid": 67051}, "geometry": {"type": "LineString", "coordinates": [[2.3506417, 48.8414961], [2.3506279, 48.8415386]]}}, {"type": "Feature", "properties": {"highway": "footway", "footway": "sidewalk", "name": null, "surface": null, "lit": "yes", "length_m": 98.55, "type_element": "Way", "__fid": 67052}, "geometry": {"type": "LineString", "coordinates": [[2.3515825, 48.8464028], [2.3514573, 48.8463779], [2.3511051, 48.8461267], [2.350761, 48.84598479999999], [2.3505765, 48.845839]]}}, {"type": "Feature", "properties": {"highway": "footway", "footway": "sidewalk", "name": null, "surface": "asphalt", "lit": "yes", "length_m": 5.0, "type_element": "Way", "__fid": 67063}, "geometry": {"type": "LineString", "coordinates": [[2.3506417, 48.8414961], [2.3507081, 48.841486]]}}, {"type": "Feature", "properties": {"highway": "footway", "footway": "sidewalk", "name": null, "surface": "paving_stones", "lit": "yes", "length_m": 90.42, "type_element": "Way", "__fid": 67066}, "geometry": {"type": "LineString", "coordinates": [[2.3505632, 48.847824299999985], [2.3510965, 48.8471329], [2.3511045, 48.8470959]]}}, {"type": "Feature", "properties": {"highway": "footway", "footway": null, "name": "Rue Jacques-Henri Lartigue", "surface": null, "lit": null, "length_m": 1.92, "type_element": "Way", "__fid": 67085}, "geometry": {"type": "LineString", "coordinates": [[2.3506213, 48.8466833], [2.3506081, 48.8466684]]}}, {"type": "Feature", "properties": {"highway": "service", "footway": null, "name": "Rue Jacques-Henri Lartigue", "surface": "sett", "lit": null, "length_m": 52.44, "type_element": "Way", "__fid": 67086}, "geometry": {"type": "LineString", "coordinates": [[2.351128, 48.8463449], [2.3506081, 48.8466684]]}}, {"type": "Feature", "properties": {"highway": "footway", "footway": "sidewalk", "name": null, "surface": "asphalt", "lit": "yes", "length_m": 36.34, "type_element": "Way", "__fid": 67092}, "geometry": {"type": "LineString", "coordinates": [[2.3507081, 48.841486], [2.3507517, 48.8414229], [2.3506885, 48.841168799999984]]}}, {"type": "Feature", "properties": {"highway": "steps", "footway": null, "name": "Rue Jacques-Henri Lartigue", "surface": "paving_stones", "lit": null, "length_m": 56.82, "type_element": "Way", "__fid": 67095}, "geometry": {"type": "LineString", "coordinates": [[2.3509618, 48.84697989999999], [2.3508483, 48.8468971], [2.3509222, 48.8468503], [2.3508993, 48.8468331], [2.3508389, 48.8468703], [2.3508124, 48.8468686], [2.3507836, 48.84681349999999], [2.3507339, 48.8467986], [2.3506573, 48.846755399999985], [2.3506213, 48.8466833]]}}, {"type": "Feature", "properties": {"highway": "footway", "footway": null, "name": "Rue Jacques-Henri Lartigue", "surface": null, "lit": null, "length_m": 7.76, "type_element": "Way", "__fid": 67096}, "geometry": {"type": "LineString", "coordinates": [[2.3506213, 48.8466833], [2.3506756, 48.8466835], [2.3507108, 48.8467083]]}}, {"type": "Feature", "properties": {"highway": "footway", "footway": "crossing", "name": null, "surface": "asphalt", "lit": "yes", "length_m": 14.95, "type_element": "Way", "__fid": 67113}, "geometry": {"type": "LineString", "coordinates": [[2.3507081, 48.841486], [2.350898566666847, 48.84153363333339]]}}, {"type": "Feature", "properties": {"highway": "footway", "footway": "sidewalk", "name": null, "surface": "asphalt", "lit": "yes", "length_m": 48.21, "type_element": "Way", "__fid": 67182}, "geometry": {"type": "LineString", "coordinates": [[2.3508107, 48.841104], [2.350898566666847, 48.84153363333339]]}}, {"type": "Feature", "properties": {"highway": "footway", "footway": "sidewalk", "name": null, "surface": "paving_stones", "lit": "yes", "length_m": 82.7, "type_element": "Way", "__fid": 67225}, "geometry": {"type": "LineString", "coordinates": [[2.3507802, 48.8478801], [2.3507886, 48.8478441], [2.3512513, 48.8472504], [2.351296433333381, 48.8472242]]}}, {"type": "Feature", "properties": {"highway": "steps", "footway": null, "name": "Passage Jaillot", "surface": "concrete", "lit": null, "length_m": 20.35, "type_element": "Way", "__fid": 67249}, "geometry": {"type": "LineString", "coordinates": [[2.3508719, 48.8435308], [2.3508731, 48.84334780000002]]}}, {"type": "Feature", "properties": {"highway": "footway", "footway": null, "name": "Passage Jaillot", "surface": "concrete", "lit": null, "length_m": 11.43, "type_element": "Way", "__fid": 67250}, "geometry": {"type": "LineString", "coordinates": [[2.3508731, 48.84334780000002], [2.3508766, 48.843245]]}}, {"type": "Feature", "properties": {"highway": "footway", "footway": "crossing", "name": "Passage Jaillot", "surface": "paving_stones", "lit": "yes", "length_m": 4.88, "type_element": "Way", "__fid": 67253}, "geometry": {"type": "LineString", "coordinates": [[2.3508754, 48.8435746], [2.3508719, 48.8435308]]}}, {"type": "Feature", "properties": {"highway": "footway", "footway": "sidewalk", "name": null, "surface": "asphalt", "lit": "yes", "length_m": 37.41, "type_element": "Way", "__fid": 67254}, "geometry": {"type": "LineString", "coordinates": [[2.3513667, 48.8434677], [2.351294, 48.8434958], [2.3508719, 48.8435308]]}}, {"type": "Feature", "properties": {"highway": "footway", "footway": "sidewalk", "name": null, "surface": "asphalt", "lit": "yes", "length_m": 33.53, "type_element": "Way", "__fid": 67256}, "geometry": {"type": "LineString", "coordinates": [[2.3508766, 48.843245], [2.3512729, 48.8432523], [2.351329, 48.8432672]]}}, {"type": "Feature", "properties": {"highway": "footway", "footway": null, "name": "Passage Jaillot", "surface": "concrete", "lit": null, "length_m": 3.92, "type_element": "Way", "__fid": 67257}, "geometry": {"type": "LineString", "coordinates": [[2.3508766, 48.843245], [2.3508778, 48.8432098]]}}, {"type": "Feature", "properties": {"highway": "footway", "footway": "sidewalk", "name": null, "surface": "asphalt", "lit": "yes", "length_m": 3.11, "type_element": "Way", "__fid": 67260}, "geometry": {"type": "LineString", "coordinates": [[2.350898566666847, 48.84153363333339], [2.3509394, 48.8415411]]}}, {"type": "Feature", "properties": {"highway": "pedestrian", "footway": null, "name": "Rue Ortolan", "surface": "sett", "lit": "yes", "length_m": 33.36, "type_element": "Way", "__fid": 67261}, "geometry": {"type": "LineString", "coordinates": [[2.3513323, 48.8432121], [2.3508778, 48.8432098]]}}, {"type": "Feature", "properties": {"highway": "footway", "footway": "crossing", "name": "Passage Jaillot", "surface": "paving_stones", "lit": "yes", "length_m": 5.67, "type_element": "Way", "__fid": 67263}, "geometry": {"type": "LineString", "coordinates": [[2.3508875, 48.843625], [2.3508754, 48.8435746]]}}, {"type": "Feature", "properties": {"highway": "pedestrian", "footway": null, "name": "Rue Saint-Médard", "surface": "sett", "lit": "yes", "length_m": 37.76, "type_element": "Way", "__fid": 67264}, "geometry": {"type": "LineString", "coordinates": [[2.3508754, 48.8435746], [2.3513858, 48.843532]]}}, {"type": "Feature", "properties": {"highway": "footway", "footway": "sidewalk", "name": null, "surface": null, "lit": "yes", "length_m": 36.78, "type_element": "Way", "__fid": 67283}, "geometry": {"type": "LineString", "coordinates": [[2.3513864, 48.843604499999984], [2.3511667, 48.843602], [2.3508875, 48.843625]]}}, {"type": "Feature", "properties": {"highway": "footway", "footway": "sidewalk", "name": null, "surface": "asphalt", "lit": "yes", "length_m": 8.69, "type_element": "Way", "__fid": 67286}, "geometry": {"type": "LineString", "coordinates": [[2.351024599999918, 48.84163176666681], [2.3509133, 48.8416051]]}}, {"type": "Feature", "properties": {"highway": "footway", "footway": "crossing", "name": null, "surface": "asphalt", "lit": "yes", "length_m": 7.37, "type_element": "Way", "__fid": 67287}, "geometry": {"type": "LineString", "coordinates": [[2.3509133, 48.8416051], [2.3509394, 48.8415411]]}}, {"type": "Feature", "properties": {"highway": "footway", "footway": "sidewalk", "name": null, "surface": null, "lit": "yes", "length_m": 69.71, "type_element": "Way", "__fid": 67303}, "geometry": {"type": "LineString", "coordinates": [[2.3509394, 48.8415411], [2.3518112, 48.841622800000025], [2.3518746, 48.8416045]]}}, {"type": "Feature", "properties": {"highway": "footway", "footway": "crossing", "name": null, "surface": null, "lit": "yes", "length_m": 7.92, "type_element": "Way", "__fid": 67400}, "geometry": {"type": "LineString", "coordinates": [[2.351024599999918, 48.84163176666681], [2.351131699999805, 48.841640833333464]]}}, {"type": "Feature", "properties": {"highway": "footway", "footway": "sidewalk", "name": null, "surface": null, "lit": "yes", "length_m": 92.45, "type_element": "Way", "__fid": 67401}, "geometry": {"type": "LineString", "coordinates": [[2.351443, 48.8421744], [2.3514135, 48.8421669], [2.350987, 48.8421444], [2.3509555, 48.8421188], [2.3510166, 48.84163070000001], [2.351024599999918, 48.84163176666681]]}}, {"type": "Feature", "properties": {"highway": "service", "footway": null, "name": null, "surface": "sett", "lit": null, "length_m": 10.58, "type_element": "Way", "__fid": 67408}, "geometry": {"type": "LineString", "coordinates": [[2.3510056, 48.8470155], [2.3509342, 48.8470236], [2.3509618, 48.84697989999999]]}}, {"type": "Feature", "properties": {"highway": "service", "footway": null, "name": null, "surface": "sett", "lit": "yes", "length_m": 3.41, "type_element": "Way", "__fid": 67409}, "geometry": {"type": "LineString", "coordinates": [[2.3509618, 48.84697989999999], [2.3509963, 48.8469593]]}}, {"type": "Feature", "properties": {"highway": "footway", "footway": "sidewalk", "name": null, "surface": "paving_stones", "lit": "yes", "length_m": 18.11, "type_element": "Way", "__fid": 67442}, "geometry": {"type": "LineString", "coordinates": [[2.3509944, 48.84689560000001], [2.3511414, 48.8470037], [2.3511654, 48.8470115]]}}, {"type": "Feature", "properties": {"highway": "footway", "footway": "sidewalk", "name": null, "surface": "paving_stones", "lit": "yes", "length_m": 11.62, "type_element": "Way", "__fid": 67454}, "geometry": {"type": "LineString", "coordinates": [[2.3511045, 48.8470959], [2.3510871, 48.84707229999999], [2.3510056, 48.8470155]]}}, {"type": "Feature", "properties": {"highway": "service", "footway": null, "name": null, "surface": "sett", "lit": "yes", "length_m": 3.78, "type_element": "Way", "__fid": 67455}, "geometry": {"type": "LineString", "coordinates": [[2.351044, 48.84699280000001], [2.3510056, 48.8470155]]}}, {"type": "Feature", "properties": {"highway": "footway", "footway": "sidewalk", "name": null, "surface": null, "lit": "yes", "length_m": 29.21, "type_element": "Way", "__fid": 67498}, "geometry": {"type": "LineString", "coordinates": [[2.351131699999805, 48.841640833333464], [2.3511708, 48.84163380000001], [2.3515087, 48.8416669], [2.3515161, 48.8416762]]}}, {"type": "Feature", "properties": {"highway": "footway", "footway": "sidewalk", "name": null, "surface": null, "lit": "yes", "length_m": 84.83, "type_element": "Way", "__fid": 67499}, "geometry": {"type": "LineString", "coordinates": [[2.351131699999805, 48.841640833333464], [2.3510856, 48.8420336], [2.351095, 48.8420623], [2.351469350000148, 48.84208545000013], [2.351455, 48.8421581], [2.351443, 48.8421744]]}}, {"type": "Feature", "properties": {"highway": "footway", "footway": "crossing", "name": null, "surface": "paving_stones", "lit": "yes", "length_m": 10.39, "type_element": "Way", "__fid": 67531}, "geometry": {"type": "LineString", "coordinates": [[2.3511045, 48.8470959], [2.3511654, 48.8470115]]}}, {"type": "Feature", "properties": {"highway": "footway", "footway": "sidewalk", "name": null, "surface": "asphalt", "lit": "yes", "length_m": 36.03, "type_element": "Way", "__fid": 67538}, "geometry": {"type": "LineString", "coordinates": [[2.3514589, 48.84658430000001], [2.351128, 48.8463449]]}}, {"type": "Feature", "properties": {"highway": "service", "footway": null, "name": "Rue Jacques-Henri Lartigue", "surface": "sett", "lit": null, "length_m": 7.36, "type_element": "Way", "__fid": 67539}, "geometry": {"type": "LineString", "coordinates": [[2.3512038, 48.8463015], [2.351128, 48.8463449]]}}, {"type": "Feature", "properties": {"highway": "footway", "footway": "sidewalk", "name": null, "surface": "paving_stones", "lit": "yes", "length_m": 44.91, "type_element": "Way", "__fid": 67573}, "geometry": {"type": "LineString", "coordinates": [[2.3511654, 48.8470115], [2.3511843, 48.8469997], [2.3514603, 48.8466586]]}}, {"type": "Feature", "properties": {"highway": "footway", "footway": null, "name": null, "surface": null, "lit": null, "length_m": 18.29, "type_element": "Way", "__fid": 67577}, "geometry": {"type": "LineString", "coordinates": [[2.3511897, 48.8452502], [2.3512494, 48.8452531], [2.3513775, 48.8452428], [2.3514312, 48.8452246]]}}, {"type": "Feature", "properties": {"highway": "footway", "footway": null, "name": null, "surface": null, "lit": null, "length_m": 71.55, "type_element": "Way", "__fid": 67578}, "geometry": {"type": "LineString", "coordinates": [[2.3511897, 48.8452502], [2.3514303, 48.8455287], [2.3514736, 48.8455167], [2.3515296, 48.84522719999998]]}}, {"type": "Feature", "properties": {"highway": "footway", "footway": "sidewalk", "name": null, "surface": "asphalt", "lit": "yes", "length_m": 23.63, "type_element": "Way", "__fid": 67669}, "geometry": {"type": "LineString", "coordinates": [[2.351329, 48.8432672], [2.3513702, 48.8433247], [2.3513947, 48.84343410000001], [2.3513667, 48.8434677]]}}, {"type": "Feature", "properties": {"highway": "footway", "footway": "crossing", "name": null, "surface": "sett", "lit": "yes", "length_m": 6.29, "type_element": "Way", "__fid": 67670}, "geometry": {"type": "LineString", "coordinates": [[2.3513323, 48.8432121], [2.3513389, 48.843251], [2.351329, 48.8432672]]}}, {"type": "Feature", "properties": {"highway": "footway", "footway": "crossing", "name": null, "surface": "sett", "lit": "yes", "length_m": 1.76, "type_element": "Way", "__fid": 67671}, "geometry": {"type": "LineString", "coordinates": [[2.35133033333336, 48.84319630000001], [2.3513323, 48.8432121]]}}, {"type": "Feature", "properties": {"highway": "footway", "footway": "sidewalk", "name": null, "surface": "asphalt", "lit": "yes", "length_m": 5.75, "type_element": "Way", "__fid": 67672}, "geometry": {"type": "LineString", "coordinates": [[2.3513476, 48.8431459], [2.35133033333336, 48.84319630000001]]}}, {"type": "Feature", "properties": {"highway": "pedestrian", "footway": null, "name": "Rue Ortolan", "surface": "sett", "lit": "yes", "length_m": 5.12, "type_element": "Way", "__fid": 67673}, "geometry": {"type": "LineString", "coordinates": [[2.351402, 48.8432125], [2.3513323, 48.8432121]]}}, {"type": "Feature", "properties": {"highway": "footway", "footway": "sidewalk", "name": null, "surface": "asphalt", "lit": "yes", "length_m": 60.86, "type_element": "Way", "__fid": 67689}, "geometry": {"type": "LineString", "coordinates": [[2.351296433333381, 48.8472242], [2.3518224, 48.8476057], [2.3518383, 48.8476354]]}}, {"type": "Feature", "properties": {"highway": "footway", "footway": "crossing", "name": null, "surface": "asphalt", "lit": "yes", "length_m": 8.74, "type_element": "Way", "__fid": 67690}, "geometry": {"type": "LineString", "coordinates": [[2.3513501, 48.847154], [2.351296433333381, 48.8472242]]}}, {"type": "Feature", "properties": {"highway": "footway", "footway": "sidewalk", "name": null, "surface": "asphalt", "lit": "yes", "length_m": 48.44, "type_element": "Way", "__fid": 67691}, "geometry": {"type": "LineString", "coordinates": [[2.3514, 48.8427116], [2.3513476, 48.8431459]]}}, {"type": "Feature", "properties": {"highway": "footway", "footway": "crossing", "name": null, "surface": "asphalt", "lit": "yes", "length_m": 12.9, "type_element": "Way", "__fid": 67692}, "geometry": {"type": "LineString", "coordinates": [[2.3513476, 48.8431459], [2.3514785, 48.8431372], [2.3515198, 48.8431475]]}}, {"type": "Feature", "properties": {"highway": "footway", "footway": "crossing", "name": null, "surface": null, "lit": "yes", "length_m": 7.29, "type_element": "Way", "__fid": 67711}, "geometry": {"type": "LineString", "coordinates": [[2.3513667, 48.8434677], [2.3513858, 48.843532]]}}, {"type": "Feature", "properties": {"highway": "footway", "footway": "crossing", "name": null, "surface": null, "lit": "yes", "length_m": 8.22, "type_element": "Way", "__fid": 67731}, "geometry": {"type": "LineString", "coordinates": [[2.3513864, 48.843604499999984], [2.3513972, 48.84357089999999], [2.3513858, 48.843532]]}}, {"type": "Feature", "properties": {"highway": "pedestrian", "footway": null, "name": "Rue Saint-Médard", "surface": "sett", "lit": "yes", "length_m": 6.8, "type_element": "Way", "__fid": 67732}, "geometry": {"type": "LineString", "coordinates": [[2.3513858, 48.843532], [2.3514777, 48.843524]]}}, {"type": "Feature", "properties": {"highway": "footway", "footway": "sidewalk", "name": null, "surface": null, "lit": "yes", "length_m": 2.5, "type_element": "Way", "__fid": 67734}, "geometry": {"type": "LineString", "coordinates": [[2.351416, 48.8436156], [2.3513864, 48.843604499999984]]}}, {"type": "Feature", "properties": {"highway": "footway", "footway": "sidewalk", "name": null, "surface": null, "lit": "yes", "length_m": 58.15, "type_element": "Way", "__fid": 67738}, "geometry": {"type": "LineString", "coordinates": [[2.3514551, 48.8421899], [2.3514, 48.8427116]]}}, {"type": "Feature", "properties": {"highway": "footway", "footway": "crossing", "name": null, "surface": null, "lit": "yes", "length_m": 12.09, "type_element": "Way", "__fid": 67739}, "geometry": {"type": "LineString", "coordinates": [[2.3514, 48.8427116], [2.3515645, 48.84271660000001]]}}, {"type": "Feature", "properties": {"highway": "footway", "footway": "sidewalk", "name": null, "surface": "asphalt", "lit": "yes", "length_m": 67.17, "type_element": "Way", "__fid": 67747}, "geometry": {"type": "LineString", "coordinates": [[2.3519684, 48.8475994], [2.3513501, 48.847154]]}}, {"type": "Feature", "properties": {"highway": "footway", "footway": "sidewalk", "name": null, "surface": "paving_stones", "lit": "yes", "length_m": 48.53, "type_element": "Way", "__fid": 67748}, "geometry": {"type": "LineString", "coordinates": [[2.3513501, 48.847154], [2.3513498, 48.847131], [2.3516282, 48.8467606]]}}, {"type": "Feature", "properties": {"highway": "footway", "footway": null, "name": null, "surface": null, "lit": null, "length_m": 13.26, "type_element": "Way", "__fid": 67753}, "geometry": {"type": "LineString", "coordinates": [[2.3514312, 48.8452246], [2.351387, 48.845109]]}}, {"type": "Feature", "properties": {"highway": "footway", "footway": "sidewalk", "name": null, "surface": null, "lit": "yes", "length_m": 35.05, "type_element": "Way", "__fid": 67761}, "geometry": {"type": "LineString", "coordinates": [[2.35151729999982, 48.84391566666679], [2.3515097, 48.84391320000001], [2.351475, 48.8437438], [2.3514403, 48.84372], [2.351416, 48.8436156]]}}, {"type": "Feature", "properties": {"highway": "footway", "footway": "crossing", "name": null, "surface": null, "lit": "yes", "length_m": 9.47, "type_element": "Way", "__fid": 67762}, "geometry": {"type": "LineString", "coordinates": [[2.351416, 48.8436156], [2.3514594, 48.843603], [2.351541033333346, 48.84360120000008]]}}, {"type": "Feature", "properties": {"highway": "footway", "footway": "sidewalk", "name": null, "surface": null, "lit": "yes", "length_m": 1.94, "type_element": "Way", "__fid": 67771}, "geometry": {"type": "LineString", "coordinates": [[2.351443, 48.8421744], [2.3514551, 48.8421899]]}}, {"type": "Feature", "properties": {"highway": "footway", "footway": "crossing", "name": null, "surface": null, "lit": "yes", "length_m": 9.28, "type_element": "Way", "__fid": 67780}, "geometry": {"type": "LineString", "coordinates": [[2.3514551, 48.8421899], [2.351581199999877, 48.84219580000012]]}}, {"type": "Feature", "properties": {"highway": "footway", "footway": null, "name": null, "surface": null, "lit": null, "length_m": 7.31, "type_element": "Way", "__fid": 67791}, "geometry": {"type": "LineString", "coordinates": [[2.3514312, 48.8452246], [2.351477, 48.845230800000024], [2.3515296, 48.84522719999998]]}}, {"type": "Feature", "properties": {"highway": "footway", "footway": "sidewalk", "name": null, "surface": null, "lit": "yes", "length_m": 55.23, "type_element": "Way", "__fid": 67824}, "geometry": {"type": "LineString", "coordinates": [[2.3515161, 48.8416762], [2.3515208, 48.841707100000015], [2.3514747, 48.842084], [2.3516073, 48.8420844]]}}, {"type": "Feature", "properties": {"highway": "footway", "footway": "crossing", "name": null, "surface": null, "lit": "yes", "length_m": 11.57, "type_element": "Way", "__fid": 67825}, "geometry": {"type": "LineString", "coordinates": [[2.3515161, 48.8416762], [2.3515349, 48.8416705], [2.3516703, 48.8416841]]}}, {"type": "Feature", "properties": {"highway": "footway", "footway": "sidewalk", "name": null, "surface": "paving_stones", "lit": "yes", "length_m": 8.72, "type_element": "Way", "__fid": 67827}, "geometry": {"type": "LineString", "coordinates": [[2.3514603, 48.8466586], [2.3514447, 48.8465962], [2.3514589, 48.84658430000001]]}}, {"type": "Feature", "properties": {"highway": "footway", "footway": "crossing", "name": null, "surface": "asphalt", "lit": "yes", "length_m": 22.41, "type_element": "Way", "__fid": 67828}, "geometry": {"type": "LineString", "coordinates": [[2.3514589, 48.84658430000001], [2.3515336, 48.8465132], [2.3515825, 48.8464028]]}}, {"type": "Feature", "properties": {"highway": "footway", "footway": "crossing", "name": null, "surface": "asphalt", "lit": "yes", "length_m": 16.83, "type_element": "Way", "__fid": 67829}, "geometry": {"type": "LineString", "coordinates": [[2.3514603, 48.8466586], [2.3516153, 48.8467465], [2.3516282, 48.8467606]]}}, {"type": "Feature", "properties": {"highway": "steps", "footway": null, "name": null, "surface": "asphalt", "lit": "yes", "length_m": 6.88, "type_element": "Way", "__fid": 67830}, "geometry": {"type": "LineString", "coordinates": [[2.3514603, 48.8466586], [2.35148, 48.846646200000016], [2.3514717, 48.8466026]]}}, {"type": "Feature", "properties": {"highway": "footway", "footway": "sidewalk", "name": null, "surface": null, "lit": "yes", "length_m": 34.15, "type_element": "Way", "__fid": 67840}, "geometry": {"type": "LineString", "coordinates": [[2.3515198, 48.8431475], [2.3519819, 48.8431835]]}}, {"type": "Feature", "properties": {"highway": "footway", "footway": "crossing", "name": null, "surface": "asphalt", "lit": "yes", "length_m": 11.63, "type_element": "Way", "__fid": 67841}, "geometry": {"type": "LineString", "coordinates": [[2.351522, 48.8432521], [2.3515198, 48.8431475]]}}, {"type": "Feature", "properties": {"highway": "footway", "footway": "sidewalk", "name": null, "surface": null, "lit": "yes", "length_m": 48.03, "type_element": "Way", "__fid": 67842}, "geometry": {"type": "LineString", "coordinates": [[2.3515198, 48.8431475], [2.3515645, 48.84271660000001]]}}, {"type": "Feature", "properties": {"highway": "footway", "footway": "sidewalk", "name": null, "surface": null, "lit": "yes", "length_m": 42.09, "type_element": "Way", "__fid": 67843}, "geometry": {"type": "LineString", "coordinates": [[2.351522, 48.8432521], [2.3520938, 48.84328160000001]]}}, {"type": "Feature", "properties": {"highway": "footway", "footway": "sidewalk", "name": null, "surface": null, "lit": "yes", "length_m": 40.43, "type_element": "Way", "__fid": 67844}, "geometry": {"type": "LineString", "coordinates": [[2.351541033333346, 48.84360120000008], [2.3514863, 48.8432783], [2.3514963, 48.8432591], [2.351522, 48.8432521]]}}, {"type": "Feature", "properties": {"highway": "footway", "footway": "crossing", "name": null, "surface": "asphalt", "lit": "yes", "length_m": 8.23, "type_element": "Way", "__fid": 67851}, "geometry": {"type": "LineString", "coordinates": [[2.3516121, 48.843887], [2.3516052, 48.8439002], [2.35151729999982, 48.84391566666679]]}}, {"type": "Feature", "properties": {"highway": "footway", "footway": "sidewalk", "name": null, "surface": null, "lit": "yes", "length_m": 32.3, "type_element": "Way", "__fid": 67875}, "geometry": {"type": "LineString", "coordinates": [[2.3516121, 48.843887], [2.3515988, 48.84386830000001], [2.351541033333346, 48.84360120000008]]}}, {"type": "Feature", "properties": {"highway": "footway", "footway": "crossing", "name": null, "surface": null, "lit": "yes", "length_m": 9.86, "type_element": "Way", "__fid": 67878}, "geometry": {"type": "LineString", "coordinates": [[2.351560166666826, 48.842627933333375], [2.3515645, 48.84271660000001]]}}, {"type": "Feature", "properties": {"highway": "footway", "footway": "sidewalk", "name": null, "surface": null, "lit": "yes", "length_m": 48.95, "type_element": "Way", "__fid": 67879}, "geometry": {"type": "LineString", "coordinates": [[2.351560166666826, 48.842627933333375], [2.3515382, 48.8425906], [2.3515892, 48.8421974], [2.351581199999877, 48.84219580000012]]}}, {"type": "Feature", "properties": {"highway": "footway", "footway": "sidewalk", "name": null, "surface": null, "lit": "yes", "length_m": 32.34, "type_element": "Way", "__fid": 67880}, "geometry": {"type": "LineString", "coordinates": [[2.3519949, 48.84263510000001], [2.3519151, 48.8426409], [2.3515637, 48.8426232], [2.351560166666826, 48.842627933333375]]}}, {"type": "Feature", "properties": {"highway": "footway", "footway": null, "name": null, "surface": null, "lit": null, "length_m": 6.29, "type_element": "Way", "__fid": 67884}, "geometry": {"type": "LineString", "coordinates": [[2.3515296, 48.84522719999998], [2.3515506, 48.8452257], [2.3516034, 48.8452012]]}}, {"type": "Feature", "properties": {"highway": "footway", "footway": "sidewalk", "name": null, "surface": "asphalt", "lit": "yes", "length_m": 22.71, "type_element": "Way", "__fid": 67885}, "geometry": {"type": "LineString", "coordinates": [[2.3515645, 48.84271660000001], [2.3518586, 48.842780099999985]]}}, {"type": "Feature", "properties": {"highway": "footway", "footway": "sidewalk", "name": null, "surface": null, "lit": "yes", "length_m": 2.43, "type_element": "Way", "__fid": 67897}, "geometry": {"type": "LineString", "coordinates": [[2.351581199999877, 48.84219580000012], [2.3516113, 48.8421868]]}}, {"type": "Feature", "properties": {"highway": "footway", "footway": "sidewalk", "name": null, "surface": null, "lit": "yes", "length_m": 2.45, "type_element": "Way", "__fid": 67922}, "geometry": {"type": "LineString", "coordinates": [[2.3516254, 48.8421029], [2.3516073, 48.8420844]]}}, {"type": "Feature", "properties": {"highway": "footway", "footway": "sidewalk", "name": null, "surface": null, "lit": "yes", "length_m": 45.08, "type_element": "Way", "__fid": 67923}, "geometry": {"type": "LineString", "coordinates": [[2.3516073, 48.8420844], [2.3516536, 48.8416978], [2.3516703, 48.8416841]]}}, {"type": "Feature", "properties": {"highway": "footway", "footway": "crossing", "name": null, "surface": null, "lit": "yes", "length_m": 9.79, "type_element": "Way", "__fid": 67935}, "geometry": {"type": "LineString", "coordinates": [[2.3516113, 48.8421868], [2.3516048, 48.8421771], [2.3516139, 48.84211110000001], [2.3516254, 48.8421029]]}}, {"type": "Feature", "properties": {"highway": "footway", "footway": "sidewalk", "name": null, "surface": "asphalt", "lit": "yes", "length_m": 24.11, "type_element": "Way", "__fid": 67936}, "geometry": {"type": "LineString", "coordinates": [[2.3516113, 48.8421868], [2.3516529, 48.8421784], [2.351937433333411, 48.84218943333336]]}}, {"type": "Feature", "properties": {"highway": "footway", "footway": "sidewalk", "name": null, "surface": null, "lit": "yes", "length_m": 21.88, "type_element": "Way", "__fid": 67958}, "geometry": {"type": "LineString", "coordinates": [[2.3519211, 48.8421254], [2.3518306, 48.8421131], [2.3516254, 48.8421029]]}}, {"type": "Feature", "properties": {"highway": "footway", "footway": "sidewalk", "name": null, "surface": "asphalt", "lit": "yes", "length_m": 2.79, "type_element": "Way", "__fid": 67966}, "geometry": {"type": "LineString", "coordinates": [[2.3516472, 48.8438967], [2.3516121, 48.843887]]}}, {"type": "Feature", "properties": {"highway": "footway", "footway": "sidewalk", "name": null, "surface": "paving_stones", "lit": "yes", "length_m": 16.67, "type_element": "Way", "__fid": 67967}, "geometry": {"type": "LineString", "coordinates": [[2.3516491, 48.84626], [2.3516169, 48.846349], [2.3515825, 48.8464028]]}}, {"type": "Feature", "properties": {"highway": "footway", "footway": "sidewalk", "name": null, "surface": "paving_stones", "lit": "yes", "length_m": 15.37, "type_element": "Way", "__fid": 67997}, "geometry": {"type": "LineString", "coordinates": [[2.3518776, 48.8416926], [2.3517126, 48.84167879999998], [2.3516703, 48.8416841]]}}, {"type": "Feature", "properties": {"highway": "footway", "footway": "crossing", "name": null, "surface": "asphalt", "lit": "yes", "length_m": 9.49, "type_element": "Way", "__fid": 68001}, "geometry": {"type": "LineString", "coordinates": [[2.3516472, 48.8438967], [2.3516884, 48.8439776]]}}, {"type": "Feature", "properties": {"highway": "footway", "footway": "sidewalk", "name": null, "surface": "asphalt", "lit": "yes", "length_m": 39.62, "type_element": "Way", "__fid": 68002}, "geometry": {"type": "LineString", "coordinates": [[2.3521596, 48.84378440000001], [2.3516472, 48.8438967]]}}, {"type": "Feature", "properties": {"highway": "footway", "footway": "sidewalk", "name": null, "surface": "paving_stones", "lit": "yes", "length_m": 4.54, "type_element": "Way", "__fid": 68019}, "geometry": {"type": "LineString", "coordinates": [[2.3516282, 48.8467606], [2.3516522, 48.8467498], [2.351685, 48.8467488]]}}, {"type": "Feature", "properties": {"highway": "footway", "footway": "crossing", "name": null, "surface": "asphalt", "lit": "yes", "length_m": 15.9, "type_element": "Way", "__fid": 68034}, "geometry": {"type": "LineString", "coordinates": [[2.3516491, 48.84626], [2.3518609, 48.8462903]]}}, {"type": "Feature", "properties": {"highway": "footway", "footway": "sidewalk", "name": null, "surface": "paving_stones", "lit": "yes", "length_m": 192.59, "type_element": "Way", "__fid": 68035}, "geometry": {"type": "LineString", "coordinates": [[2.3522533, 48.8445777], [2.352095, 48.8450181], [2.3520777, 48.8451123], [2.3517772, 48.8459262], [2.351752, 48.8459491], [2.3516971, 48.8461462], [2.3516491, 48.84626]]}}, {"type": "Feature", "properties": {"highway": "footway", "footway": "sidewalk", "name": null, "surface": "asphalt", "lit": "yes", "length_m": 37.65, "type_element": "Way", "__fid": 68043}, "geometry": {"type": "LineString", "coordinates": [[2.3516884, 48.8439776], [2.352117, 48.84388240000001], [2.3521778, 48.84388120000001]]}}, {"type": "Feature", "properties": {"highway": "footway", "footway": "sidewalk", "name": null, "surface": "asphalt", "lit": "yes", "length_m": 97.94, "type_element": "Way", "__fid": 68078}, "geometry": {"type": "LineString", "coordinates": [[2.351685, 48.8467488], [2.3517488, 48.846778], [2.3521263, 48.8470609], [2.3524965, 48.8473172], [2.3525689, 48.84740329999999]]}}, {"type": "Feature", "properties": {"highway": "footway", "footway": "crossing", "name": null, "surface": "asphalt", "lit": "yes", "length_m": 17.29, "type_element": "Way", "__fid": 68079}, "geometry": {"type": "LineString", "coordinates": [[2.351685, 48.8467488], [2.3516884, 48.846732], [2.35184, 48.84663619999998]]}}, {"type": "Feature", "properties": {"highway": "footway", "footway": "sidewalk", "name": null, "surface": "paving_stones", "lit": "yes", "length_m": 67.64, "type_element": "Way", "__fid": 68117}, "geometry": {"type": "LineString", "coordinates": [[2.351875, 48.8415834], [2.3517855, 48.840978]]}}, {"type": "Feature", "properties": {"highway": "pedestrian", "footway": null, "name": "Rue des Boulangers", "surface": "sett", "lit": "yes", "length_m": 9.74, "type_element": "Way", "__fid": 68119}, "geometry": {"type": "LineString", "coordinates": [[2.3518513, 48.846409], [2.3517202, 48.8463956]]}}, {"type": "Feature", "properties": {"highway": "footway", "footway": "sidewalk", "name": null, "surface": "asphalt", "lit": "yes", "length_m": 45.76, "type_element": "Way", "__fid": 68189}, "geometry": {"type": "LineString", "coordinates": [[2.3518586, 48.842780099999985], [2.3519819, 48.8431835]]}}, {"type": "Feature", "properties": {"highway": "footway", "footway": "sidewalk", "name": null, "surface": "asphalt", "lit": "yes", "length_m": 5.99, "type_element": "Way", "__fid": 68190}, "geometry": {"type": "LineString", "coordinates": [[2.3518586, 48.842780099999985], [2.3519401, 48.842777]]}}, {"type": "Feature", "properties": {"highway": "footway", "footway": "crossing", "name": null, "surface": "asphalt", "lit": "yes", "length_m": 9.8, "type_element": "Way", "__fid": 68193}, "geometry": {"type": "LineString", "coordinates": [[2.3518746, 48.8416045], [2.3518776, 48.8416926]]}}, {"type": "Feature", "properties": {"highway": "footway", "footway": "sidewalk", "name": null, "surface": "paving_stones", "lit": "yes", "length_m": 2.35, "type_element": "Way", "__fid": 68194}, "geometry": {"type": "LineString", "coordinates": [[2.3518746, 48.8416045], [2.351875, 48.8415834]]}}, {"type": "Feature", "properties": {"highway": "footway", "footway": "crossing", "name": null, "surface": "asphalt", "lit": "yes", "length_m": 15.49, "type_element": "Way", "__fid": 68195}, "geometry": {"type": "LineString", "coordinates": [[2.351875, 48.8415834], [2.352085, 48.8415695]]}}, {"type": "Feature", "properties": {"highway": "footway", "footway": "sidewalk", "name": null, "surface": "paving_stones", "lit": "yes", "length_m": 3.67, "type_element": "Way", "__fid": 68205}, "geometry": {"type": "LineString", "coordinates": [[2.3518776, 48.8416926], [2.3519004, 48.841722]]}}, {"type": "Feature", "properties": {"highway": "steps", "footway": null, "name": null, "surface": "concrete", "lit": "yes", "length_m": 8.07, "type_element": "Way", "__fid": 68227}, "geometry": {"type": "LineString", "coordinates": [[2.35184, 48.84663619999998], [2.3518185, 48.84661350000001], [2.3518352, 48.846569]]}}, {"type": "Feature", "properties": {"highway": "footway", "footway": "sidewalk", "name": null, "surface": "paving_stones", "lit": "yes", "length_m": 40.21, "type_element": "Way", "__fid": 68231}, "geometry": {"type": "LineString", "coordinates": [[2.3519004, 48.841722], [2.3518997, 48.8417825], [2.3519482, 48.84208189999998]]}}, {"type": "Feature", "properties": {"highway": "footway", "footway": "crossing", "name": null, "surface": null, "lit": "yes", "length_m": 15.51, "type_element": "Way", "__fid": 68232}, "geometry": {"type": "LineString", "coordinates": [[2.3519004, 48.841722], [2.3521109, 48.8417098]]}}, {"type": "Feature", "properties": {"highway": "footway", "footway": "sidewalk", "name": null, "surface": "asphalt", "lit": "yes", "length_m": 103.72, "type_element": "Way", "__fid": 68233}, "geometry": {"type": "LineString", "coordinates": [[2.3528539, 48.8472728], [2.3527649, 48.8472514], [2.3527031, 48.8472277], [2.3525421, 48.8471249], [2.3519352, 48.8466942], [2.351893, 48.8466793], [2.35184, 48.84663619999998]]}}, {"type": "Feature", "properties": {"highway": "footway", "footway": "sidewalk", "name": null, "surface": "asphalt", "lit": "yes", "length_m": 18.36, "type_element": "Way", "__fid": 68234}, "geometry": {"type": "LineString", "coordinates": [[2.35184, 48.84663619999998], [2.3518537, 48.84662239999999], [2.3518771, 48.8465581], [2.3518638, 48.8464761]]}}, {"type": "Feature", "properties": {"highway": "pedestrian", "footway": null, "name": "Rue des Boulangers", "surface": "sett", "lit": "yes", "length_m": 221.78, "type_element": "Way", "__fid": 68240}, "geometry": {"type": "LineString", "coordinates": [[2.3544079, 48.8460671], [2.3542287, 48.8459949], [2.3536679, 48.8457278], [2.3532608, 48.84584], [2.3526251, 48.8460295], [2.3519701, 48.84639740000002], [2.3518932, 48.8464112], [2.3518513, 48.846409]]}}, {"type": "Feature", "properties": {"highway": "footway", "footway": "sidewalk", "name": null, "surface": "asphalt", "lit": "yes", "length_m": 7.81, "type_element": "Way", "__fid": 68241}, "geometry": {"type": "LineString", "coordinates": [[2.3518638, 48.8464761], [2.351843, 48.8464422], [2.3518513, 48.846409]]}}, {"type": "Feature", "properties": {"highway": "footway", "footway": "sidewalk", "name": null, "surface": "paving_stones", "lit": "yes", "length_m": 5.92, "type_element": "Way", "__fid": 68242}, "geometry": {"type": "LineString", "coordinates": [[2.3518513, 48.846409], [2.351874, 48.8463579]]}}, {"type": "Feature", "properties": {"highway": "footway", "footway": "sidewalk", "name": null, "surface": "paving_stones", "lit": "yes", "length_m": 7.58, "type_element": "Way", "__fid": 68258}, "geometry": {"type": "LineString", "coordinates": [[2.3518609, 48.8462903], [2.351874, 48.8463579]]}}, {"type": "Feature", "properties": {"highway": "footway", "footway": "sidewalk", "name": null, "surface": "paving_stones", "lit": "yes", "length_m": 132.5, "type_element": "Way", "__fid": 68259}, "geometry": {"type": "LineString", "coordinates": [[2.3522741, 48.8451303], [2.3518609, 48.8462903]]}}, {"type": "Feature", "properties": {"highway": "footway", "footway": "sidewalk", "name": null, "surface": "asphalt", "lit": "yes", "length_m": 223.97, "type_element": "Way", "__fid": 68269}, "geometry": {"type": "LineString", "coordinates": [[2.3518638, 48.8464761], [2.3519732, 48.8464601], [2.3524451, 48.8461964], [2.352452, 48.8461742], [2.3527046, 48.8460402], [2.3528351, 48.8459857], [2.353652, 48.84575719999999], [2.3536706, 48.84575550000002], [2.3536942, 48.8457651], [2.3542197, 48.8460296], [2.3544024, 48.8461032]]}}, {"type": "Feature", "properties": {"highway": "footway", "footway": "crossing", "name": null, "surface": "asphalt", "lit": "yes", "length_m": 7.22, "type_element": "Way", "__fid": 68272}, "geometry": {"type": "LineString", "coordinates": [[2.3519211, 48.8421254], [2.351937433333411, 48.84218943333336]]}}, {"type": "Feature", "properties": {"highway": "footway", "footway": "sidewalk", "name": null, "surface": "paving_stones", "lit": "yes", "length_m": 5.36, "type_element": "Way", "__fid": 68273}, "geometry": {"type": "LineString", "coordinates": [[2.3519482, 48.84208189999998], [2.3519426, 48.8421045], [2.3519211, 48.8421254]]}}, {"type": "Feature", "properties": {"highway": "footway", "footway": "sidewalk", "name": null, "surface": "asphalt", "lit": "yes", "length_m": 217.65, "type_element": "Way", "__fid": 68278}, "geometry": {"type": "LineString", "coordinates": [[2.351874, 48.8463579], [2.351997, 48.846318900000014], [2.3526065, 48.8459834], [2.3532942, 48.8458164], [2.3536623, 48.8457102], [2.353705, 48.8457184], [2.3541978, 48.8459692], [2.3543253, 48.8460115], [2.3544143, 48.8460257]]}}, {"type": "Feature", "properties": {"highway": "footway", "footway": "sidewalk", "name": null, "surface": "paving_stones", "lit": "yes", "length_m": 46.75, "type_element": "Way", "__fid": 68287}, "geometry": {"type": "LineString", "coordinates": [[2.351937433333411, 48.84218943333336], [2.3519728, 48.8422375], [2.3520244, 48.8426029]]}}, {"type": "Feature", "properties": {"highway": "footway", "footway": "crossing", "name": null, "surface": null, "lit": "yes", "length_m": 16.44, "type_element": "Way", "__fid": 68297}, "geometry": {"type": "LineString", "coordinates": [[2.3521694, 48.8421053], [2.3519482, 48.84208189999998]]}}, {"type": "Feature", "properties": {"highway": "footway", "footway": "crossing", "name": null, "surface": "asphalt", "lit": "yes", "length_m": 24.02, "type_element": "Way", "__fid": 68300}, "geometry": {"type": "LineString", "coordinates": [[2.3519401, 48.842777], [2.3520714, 48.8427832], [2.3522668, 48.8427772]]}}, {"type": "Feature", "properties": {"highway": "steps", "footway": null, "name": null, "surface": "metal", "lit": null, "length_m": 9.73, "type_element": "Way", "__fid": 68301}, "geometry": {"type": "LineString", "coordinates": [[2.3519401, 48.842777], [2.3519542, 48.842864]]}}, {"type": "Feature", "properties": {"highway": "footway", "footway": "crossing", "name": null, "surface": "asphalt", "lit": "yes", "length_m": 18.92, "type_element": "Way", "__fid": 68302}, "geometry": {"type": "LineString", "coordinates": [[2.3519949, 48.84263510000001], [2.3520063, 48.8426475], [2.3520249, 48.8427238], [2.3519596, 48.8427563], [2.3519401, 48.842777]]}}, {"type": "Feature", "properties": {"highway": "footway", "footway": "sidewalk", "name": null, "surface": "paving_stones", "lit": "yes", "length_m": 68.36, "type_element": "Way", "__fid": 68325}, "geometry": {"type": "LineString", "coordinates": [[2.3519884, 48.840958], [2.352085, 48.8415695]]}}, {"type": "Feature", "properties": {"highway": "footway", "footway": "sidewalk", "name": null, "surface": "asphalt", "lit": "yes", "length_m": 4.03, "type_element": "Way", "__fid": 68349}, "geometry": {"type": "LineString", "coordinates": [[2.3519819, 48.8431835], [2.3520359, 48.8431899]]}}, {"type": "Feature", "properties": {"highway": "footway", "footway": "sidewalk", "name": null, "surface": "paving_stones", "lit": "yes", "length_m": 4.18, "type_element": "Way", "__fid": 68355}, "geometry": {"type": "LineString", "coordinates": [[2.3520244, 48.8426029], [2.3519949, 48.84263510000001]]}}, {"type": "Feature", "properties": {"highway": "footway", "footway": "crossing", "name": null, "surface": "asphalt", "lit": "yes", "length_m": 16.34, "type_element": "Way", "__fid": 68377}, "geometry": {"type": "LineString", "coordinates": [[2.3520244, 48.8426029], [2.3522463, 48.8426144]]}}, {"type": "Feature", "properties": {"highway": "steps", "footway": null, "name": null, "surface": "asphalt", "lit": "yes", "length_m": 6.02, "type_element": "Way", "__fid": 68388}, "geometry": {"type": "LineString", "coordinates": [[2.3520362, 48.843176600000014], [2.3520306, 48.8431226]]}}, {"type": "Feature", "properties": {"highway": "footway", "footway": "crossing", "name": null, "surface": "asphalt", "lit": "yes", "length_m": 14.1, "type_element": "Way", "__fid": 68391}, "geometry": {"type": "LineString", "coordinates": [[2.3520359, 48.8431899], [2.3520929, 48.8431965], [2.3521057, 48.8432729], [2.3520938, 48.84328160000001]]}}, {"type": "Feature", "properties": {"highway": "footway", "footway": "sidewalk", "name": null, "surface": "paving_stones", "lit": "yes", "length_m": 1.48, "type_element": "Way", "__fid": 68392}, "geometry": {"type": "LineString", "coordinates": [[2.3520359, 48.8431899], [2.3520362, 48.843176600000014]]}}, {"type": "Feature", "properties": {"highway": "footway", "footway": "crossing", "name": null, "surface": "asphalt", "lit": "yes", "length_m": 20.78, "type_element": "Way", "__fid": 68393}, "geometry": {"type": "LineString", "coordinates": [[2.3523141, 48.8431797], [2.3521227, 48.8431717], [2.352086, 48.8431645], [2.3520362, 48.843176600000014]]}}, {"type": "Feature", "properties": {"highway": "footway", "footway": "sidewalk", "name": null, "surface": "paving_stones", "lit": "yes", "length_m": 15.72, "type_element": "Way", "__fid": 68430}, "geometry": {"type": "LineString", "coordinates": [[2.352085, 48.8415695], [2.3521109, 48.8417098]]}}, {"type": "Feature", "properties": {"highway": "footway", "footway": null, "name": "Rue Rollin", "surface": "paving_stones", "lit": "yes", "length_m": 12.56, "type_element": "Way", "__fid": 68432}, "geometry": {"type": "LineString", "coordinates": [[2.35208, 48.8445311], [2.3520638, 48.844485], [2.3520375, 48.84448840000002], [2.3520523, 48.84453530000001]]}}, {"type": "Feature", "properties": {"highway": "footway", "footway": "sidewalk", "name": null, "surface": "paving_stones", "lit": "yes", "length_m": 44.19, "type_element": "Way", "__fid": 68447}, "geometry": {"type": "LineString", "coordinates": [[2.3521109, 48.8417098], [2.3521694, 48.8421053]]}}, {"type": "Feature", "properties": {"highway": "footway", "footway": "sidewalk", "name": null, "surface": "paving_stones", "lit": "yes", "length_m": 51.73, "type_element": "Way", "__fid": 68450}, "geometry": {"type": "LineString", "coordinates": [[2.3520938, 48.84328160000001], [2.3521288, 48.8433244], [2.3521658, 48.843599], [2.3521533, 48.8436207], [2.3521882, 48.843736100000015]]}}, {"type": "Feature", "properties": {"highway": "pedestrian", "footway": null, "name": "Rue Rollin", "surface": "sett", "lit": "yes", "length_m": 15.08, "type_element": "Way", "__fid": 68454}, "geometry": {"type": "LineString", "coordinates": [[2.35208, 48.8445311], [2.3522793, 48.84449810000001]]}}, {"type": "Feature", "properties": {"highway": "footway", "footway": "sidewalk", "name": null, "surface": "paving_stones", "lit": "yes", "length_m": 6.81, "type_element": "Way", "__fid": 68503}, "geometry": {"type": "LineString", "coordinates": [[2.3521694, 48.8421053], [2.3521706, 48.842129], [2.352207, 48.8421578]]}}, {"type": "Feature", "properties": {"highway": "footway", "footway": "crossing", "name": null, "surface": "asphalt", "lit": "yes", "length_m": 11.32, "type_element": "Way", "__fid": 68513}, "geometry": {"type": "LineString", "coordinates": [[2.3521778, 48.84388120000001], [2.3521915, 48.8438647], [2.3521596, 48.84378440000001]]}}, {"type": "Feature", "properties": {"highway": "footway", "footway": "sidewalk", "name": null, "surface": "paving_stones", "lit": "yes", "length_m": 5.77, "type_element": "Way", "__fid": 68514}, "geometry": {"type": "LineString", "coordinates": [[2.3521882, 48.843736100000015], [2.3521596, 48.84378440000001]]}}, {"type": "Feature", "properties": {"highway": "footway", "footway": "sidewalk", "name": null, "surface": "paving_stones", "lit": "yes", "length_m": 3.13, "type_element": "Way", "__fid": 68525}, "geometry": {"type": "LineString", "coordinates": [[2.3521778, 48.84388120000001], [2.3522085, 48.8439008]]}}, {"type": "Feature", "properties": {"highway": "footway", "footway": "sidewalk", "name": null, "surface": "asphalt", "lit": "yes", "length_m": 27.85, "type_element": "Way", "__fid": 68539}, "geometry": {"type": "LineString", "coordinates": [[2.352205199999907, 48.84220490000002], [2.3525836, 48.8422238]]}}, {"type": "Feature", "properties": {"highway": "footway", "footway": "sidewalk", "name": null, "surface": "paving_stones", "lit": "yes", "length_m": 45.98, "type_element": "Way", "__fid": 68540}, "geometry": {"type": "LineString", "coordinates": [[2.3522463, 48.8426144], [2.352188, 48.8422349], [2.352205199999907, 48.84220490000002]]}}, {"type": "Feature", "properties": {"highway": "footway", "footway": "crossing", "name": null, "surface": null, "lit": "yes", "length_m": 5.45, "type_element": "Way", "__fid": 68541}, "geometry": {"type": "LineString", "coordinates": [[2.352207, 48.8421578], [2.3521981, 48.8421674], [2.352205199999907, 48.84220490000002]]}}, {"type": "Feature", "properties": {"highway": "footway", "footway": "sidewalk", "name": null, "surface": "asphalt", "lit": "yes", "length_m": 29.0, "type_element": "Way", "__fid": 68542}, "geometry": {"type": "LineString", "coordinates": [[2.352207, 48.8421578], [2.3526011, 48.8421766]]}}, {"type": "Feature", "properties": {"highway": "footway", "footway": "crossing", "name": null, "surface": "asphalt", "lit": "yes", "length_m": 15.61, "type_element": "Way", "__fid": 68545}, "geometry": {"type": "LineString", "coordinates": [[2.3521882, 48.843736100000015], [2.3523946, 48.8437022]]}}, {"type": "Feature", "properties": {"highway": "footway", "footway": "sidewalk", "name": null, "surface": "paving_stones", "lit": "yes", "length_m": 66.71, "type_element": "Way", "__fid": 68580}, "geometry": {"type": "LineString", "coordinates": [[2.3522085, 48.8439008], [2.3522867, 48.844449799999985], [2.3522793, 48.84449810000001]]}}, {"type": "Feature", "properties": {"highway": "footway", "footway": "crossing", "name": null, "surface": "asphalt", "lit": "yes", "length_m": 16.03, "type_element": "Way", "__fid": 68581}, "geometry": {"type": "LineString", "coordinates": [[2.3522085, 48.8439008], [2.3524111, 48.84384690000001]]}}, {"type": "Feature", "properties": {"highway": "footway", "footway": "sidewalk", "name": null, "surface": "paving_stones", "lit": "yes", "length_m": 5.86, "type_element": "Way", "__fid": 68600}, "geometry": {"type": "LineString", "coordinates": [[2.3522772, 48.842663], [2.3522463, 48.8426144]]}}, {"type": "Feature", "properties": {"highway": "footway", "footway": "sidewalk", "name": null, "surface": "paving_stones", "lit": "yes", "length_m": 23.0, "type_element": "Way", "__fid": 68611}, "geometry": {"type": "LineString", "coordinates": [[2.3522668, 48.8427772], [2.3522898, 48.842848], [2.3522643, 48.8428795], [2.3522722, 48.8429391], [2.3523229, 48.8429589]]}}, {"type": "Feature", "properties": {"highway": "footway", "footway": "sidewalk", "name": null, "surface": null, "lit": "yes", "length_m": 3.21, "type_element": "Way", "__fid": 68612}, "geometry": {"type": "LineString", "coordinates": [[2.3522668, 48.8427772], [2.3522828, 48.8427503]]}}, {"type": "Feature", "properties": {"highway": "footway", "footway": "crossing", "name": null, "surface": "asphalt", "lit": "yes", "length_m": 16.71, "type_element": "Way", "__fid": 68617}, "geometry": {"type": "LineString", "coordinates": [[2.3522533, 48.8445777], [2.3524804, 48.8445889]]}}, {"type": "Feature", "properties": {"highway": "footway", "footway": "sidewalk", "name": null, "surface": "paving_stones", "lit": "yes", "length_m": 9.05, "type_element": "Way", "__fid": 68618}, "geometry": {"type": "LineString", "coordinates": [[2.3522793, 48.84449810000001], [2.3522533, 48.8445777]]}}, {"type": "Feature", "properties": {"highway": "footway", "footway": "sidewalk", "name": null, "surface": "asphalt", "lit": "yes", "length_m": 25.83, "type_element": "Way", "__fid": 68619}, "geometry": {"type": "LineString", "coordinates": [[2.3526252, 48.84266030000002], [2.3525897, 48.842671299999985], [2.3522772, 48.842663]]}}, {"type": "Feature", "properties": {"highway": "footway", "footway": "crossing", "name": null, "surface": null, "lit": "yes", "length_m": 9.78, "type_element": "Way", "__fid": 68620}, "geometry": {"type": "LineString", "coordinates": [[2.3522828, 48.8427503], [2.3522718, 48.84268630000001], [2.3522772, 48.842663]]}}, {"type": "Feature", "properties": {"highway": "footway", "footway": "sidewalk", "name": null, "surface": "asphalt", "lit": "yes", "length_m": 26.22, "type_element": "Way", "__fid": 68626}, "geometry": {"type": "LineString", "coordinates": [[2.3526334, 48.8427721], [2.3525908, 48.8427571], [2.3523279, 48.8427462], [2.3522828, 48.8427503]]}}, {"type": "Feature", "properties": {"highway": "pedestrian", "footway": null, "name": "Rue Rollin", "surface": "sett", "lit": "yes", "length_m": 9.79, "type_element": "Way", "__fid": 68647}, "geometry": {"type": "LineString", "coordinates": [[2.3522793, 48.84449810000001], [2.3524085, 48.8444763]]}}, {"type": "Feature", "properties": {"highway": "footway", "footway": "path", "name": null, "surface": null, "lit": "no", "length_m": 77.7, "type_element": "Way", "__fid": 68650}, "geometry": {"type": "LineString", "coordinates": [[2.3530712, 48.8447739], [2.3530193, 48.8448482], [2.352491, 48.84516340000001], [2.3522741, 48.8451303]]}}, {"type": "Feature", "properties": {"highway": "footway", "footway": "sidewalk", "name": null, "surface": "paving_stones", "lit": "yes", "length_m": 62.08, "type_element": "Way", "__fid": 68651}, "geometry": {"type": "LineString", "coordinates": [[2.3524804, 48.8445889], [2.3522741, 48.8451303]]}}, {"type": "Feature", "properties": {"highway": "footway", "footway": "sidewalk", "name": null, "surface": "paving_stones", "lit": "yes", "length_m": 6.35, "type_element": "Way", "__fid": 68662}, "geometry": {"type": "LineString", "coordinates": [[2.3523759, 48.843211300000014], [2.3523448, 48.8432101], [2.3523141, 48.8431797]]}}, {"type": "Feature", "properties": {"highway": "footway", "footway": "sidewalk", "name": null, "surface": "paving_stones", "lit": "yes", "length_m": 15.93, "type_element": "Way", "__fid": 68663}, "geometry": {"type": "LineString", "coordinates": [[2.3523141, 48.8431797], [2.3523018, 48.8430662], [2.3523288, 48.8430427]]}}, {"type": "Feature", "properties": {"highway": "footway", "footway": "crossing", "name": null, "surface": "asphalt", "lit": "yes", "length_m": 9.33, "type_element": "Way", "__fid": 68667}, "geometry": {"type": "LineString", "coordinates": [[2.3523229, 48.8429589], [2.3523288, 48.8430427]]}}, {"type": "Feature", "properties": {"highway": "footway", "footway": "sidewalk", "name": null, "surface": "paving_stones", "lit": "yes", "length_m": 23.29, "type_element": "Way", "__fid": 68668}, "geometry": {"type": "LineString", "coordinates": [[2.3523229, 48.8429589], [2.3526315, 48.84294580000001], [2.352634899999844, 48.84295060000003]]}}, {"type": "Feature", "properties": {"highway": "footway", "footway": "sidewalk", "name": null, "surface": "paving_stones", "lit": "yes", "length_m": 22.64, "type_element": "Way", "__fid": 68674}, "geometry": {"type": "LineString", "coordinates": [[2.3523288, 48.8430427], [2.352636300000178, 48.84302680000007]]}}, {"type": "Feature", "properties": {"highway": "footway", "footway": "sidewalk", "name": null, "surface": "asphalt", "lit": "yes", "length_m": 21.69, "type_element": "Way", "__fid": 68713}, "geometry": {"type": "LineString", "coordinates": [[2.3523649, 48.843288], [2.3526338, 48.8432995], [2.3526544, 48.84331]]}}, {"type": "Feature", "properties": {"highway": "footway", "footway": "sidewalk", "name": null, "surface": "paving_stones", "lit": "yes", "length_m": 47.33, "type_element": "Way", "__fid": 68714}, "geometry": {"type": "LineString", "coordinates": [[2.3523946, 48.8437022], [2.3523301, 48.8433124], [2.3523649, 48.843288]]}}, {"type": "Feature", "properties": {"highway": "footway", "footway": "crossing", "name": null, "surface": "asphalt", "lit": "yes", "length_m": 9.39, "type_element": "Way", "__fid": 68715}, "geometry": {"type": "LineString", "coordinates": [[2.3523759, 48.843211300000014], [2.3523521, 48.8432309], [2.3523498, 48.8432667], [2.3523649, 48.843288]]}}, {"type": "Feature", "properties": {"highway": "footway", "footway": "sidewalk", "name": null, "surface": "asphalt", "lit": "yes", "length_m": 20.15, "type_element": "Way", "__fid": 68716}, "geometry": {"type": "LineString", "coordinates": [[2.352650466666644, 48.8432146], [2.3523759, 48.843211300000014]]}}, {"type": "Feature", "properties": {"highway": "footway", "footway": "sidewalk", "name": null, "surface": "paving_stones", "lit": "yes", "length_m": 4.09, "type_element": "Way", "__fid": 68742}, "geometry": {"type": "LineString", "coordinates": [[2.3524312, 48.8437299], [2.3523946, 48.8437022]]}}, {"type": "Feature", "properties": {"highway": "footway", "footway": "sidewalk", "name": null, "surface": "paving_stones", "lit": "yes", "length_m": 64.35, "type_element": "Way", "__fid": 68751}, "geometry": {"type": "LineString", "coordinates": [[2.3524111, 48.84384690000001], [2.352506, 48.8443974], [2.3525308, 48.84441590000002]]}}, {"type": "Feature", "properties": {"highway": "footway", "footway": "sidewalk", "name": null, "surface": "paving_stones", "lit": "yes", "length_m": 5.18, "type_element": "Way", "__fid": 68752}, "geometry": {"type": "LineString", "coordinates": [[2.3524485, 48.8438074], [2.3524111, 48.84384690000001]]}}, {"type": "Feature", "properties": {"highway": "footway", "footway": "crossing", "name": null, "surface": "asphalt", "lit": "yes", "length_m": 8.71, "type_element": "Way", "__fid": 68766}, "geometry": {"type": "LineString", "coordinates": [[2.3524312, 48.8437299], [2.3524485, 48.8438074]]}}, {"type": "Feature", "properties": {"highway": "footway", "footway": "sidewalk", "name": null, "surface": "asphalt", "lit": "yes", "length_m": 21.89, "type_element": "Way", "__fid": 68767}, "geometry": {"type": "LineString", "coordinates": [[2.35269876666655, 48.843651466666756], [2.3526476, 48.8436839], [2.3524312, 48.8437299]]}}, {"type": "Feature", "properties": {"highway": "footway", "footway": "sidewalk", "name": null, "surface": "asphalt", "lit": "yes", "length_m": 84.88, "type_element": "Way", "__fid": 68780}, "geometry": {"type": "LineString", "coordinates": [[2.3535883, 48.8437177], [2.3529501, 48.8437295], [2.3526796, 48.84375329999999], [2.3524485, 48.8438074]]}}, {"type": "Feature", "properties": {"highway": "footway", "footway": "sidewalk", "name": null, "surface": "paving_stones", "lit": "yes", "length_m": 12.03, "type_element": "Way", "__fid": 68823}, "geometry": {"type": "LineString", "coordinates": [[2.3525331, 48.844486500000016], [2.3524804, 48.8445889]]}}, {"type": "Feature", "properties": {"highway": "footway", "footway": "crossing", "name": null, "surface": "asphalt", "lit": "yes", "length_m": 7.85, "type_element": "Way", "__fid": 68873}, "geometry": {"type": "LineString", "coordinates": [[2.3525331, 48.844486500000016], [2.3525308, 48.84441590000002]]}}, {"type": "Feature", "properties": {"highway": "footway", "footway": "sidewalk", "name": null, "surface": null, "lit": "yes", "length_m": 69.5, "type_element": "Way", "__fid": 68874}, "geometry": {"type": "LineString", "coordinates": [[2.3525308, 48.84441590000002], [2.3529733, 48.8443159], [2.3531504, 48.8443096], [2.3534419, 48.8443326], [2.353440033333429, 48.844338]]}}, {"type": "Feature", "properties": {"highway": "footway", "footway": "sidewalk", "name": null, "surface": "concrete", "lit": "yes", "length_m": 58.61, "type_element": "Way", "__fid": 68885}, "geometry": {"type": "LineString", "coordinates": [[2.3525331, 48.844486500000016], [2.3529632, 48.8444023], [2.3531704, 48.8444015], [2.353307, 48.844429]]}}, {"type": "Feature", "properties": {"highway": "footway", "footway": "sidewalk", "name": null, "surface": "asphalt", "lit": "yes", "length_m": 110.62, "type_element": "Way", "__fid": 68886}, "geometry": {"type": "LineString", "coordinates": [[2.352630733333256, 48.84217403333338], [2.3526245, 48.841918], [2.352578233333574, 48.8411798333334]]}}, {"type": "Feature", "properties": {"highway": "footway", "footway": "sidewalk", "name": null, "surface": null, "lit": "yes", "length_m": 4.02, "type_element": "Way", "__fid": 68901}, "geometry": {"type": "LineString", "coordinates": [[2.3525836, 48.8422238], [2.352625433333383, 48.84224710000017]]}}, {"type": "Feature", "properties": {"highway": "footway", "footway": "crossing", "name": null, "surface": null, "lit": "yes", "length_m": 6.1, "type_element": "Way", "__fid": 68902}, "geometry": {"type": "LineString", "coordinates": [[2.3525836, 48.8422238], [2.3525997, 48.8422203], [2.3526011, 48.8421766]]}}, {"type": "Feature", "properties": {"highway": "steps", "footway": null, "name": null, "surface": "concrete", "lit": "no", "length_m": 16.27, "type_element": "Way", "__fid": 68906}, "geometry": {"type": "LineString", "coordinates": [[2.3526113, 48.845462], [2.3525452, 48.845444399999984], [2.3525841, 48.8453751], [2.3525503, 48.845363]]}}, {"type": "Feature", "properties": {"highway": "footway", "footway": "sidewalk", "name": null, "surface": null, "lit": "yes", "length_m": 2.19, "type_element": "Way", "__fid": 68921}, "geometry": {"type": "LineString", "coordinates": [[2.3526011, 48.8421766], [2.352630733333256, 48.84217403333338]]}}, {"type": "Feature", "properties": {"highway": "footway", "footway": "crossing", "name": null, "surface": null, "lit": "yes", "length_m": 9.42, "type_element": "Way", "__fid": 68944}, "geometry": {"type": "LineString", "coordinates": [[2.3527452, 48.842268], [2.3527358, 48.8422591], [2.352625433333383, 48.84224710000017]]}}, {"type": "Feature", "properties": {"highway": "footway", "footway": "sidewalk", "name": null, "surface": "asphalt", "lit": "yes", "length_m": 46.4, "type_element": "Way", "__fid": 68945}, "geometry": {"type": "LineString", "coordinates": [[2.352625433333383, 48.84224710000017], [2.3526413, 48.8426479], [2.3526252, 48.84266030000002]]}}, {"type": "Feature", "properties": {"highway": "footway", "footway": "crossing", "name": null, "surface": null, "lit": "yes", "length_m": 4.1, "type_element": "Way", "__fid": 68952}, "geometry": {"type": "LineString", "coordinates": [[2.352630733333256, 48.84217403333338], [2.352686433333352, 48.84217713333341]]}}, {"type": "Feature", "properties": {"highway": "footway", "footway": "crossing", "name": null, "surface": null, "lit": "yes", "length_m": 12.45, "type_element": "Way", "__fid": 68953}, "geometry": {"type": "LineString", "coordinates": [[2.3526334, 48.8427721], [2.3526252, 48.84266030000002]]}}, {"type": "Feature", "properties": {"highway": "footway", "footway": "traffic_island", "name": null, "surface": "asphalt", "lit": "yes", "length_m": 25.75, "type_element": "Way", "__fid": 68956}, "geometry": {"type": "LineString", "coordinates": [[2.3525689, 48.84740329999999], [2.3525903, 48.8474033], [2.3528539, 48.8472728]]}}, {"type": "Feature", "properties": {"highway": "footway", "footway": "sidewalk", "name": null, "surface": "asphalt", "lit": "yes", "length_m": 17.11, "type_element": "Way", "__fid": 68965}, "geometry": {"type": "LineString", "coordinates": [[2.352665733333171, 48.84292130000015], [2.3526503, 48.84278450000002], [2.3526334, 48.8427721]]}}, {"type": "Feature", "properties": {"highway": "footway", "footway": "crossing", "name": null, "surface": "asphalt", "lit": "yes", "length_m": 8.47, "type_element": "Way", "__fid": 68967}, "geometry": {"type": "LineString", "coordinates": [[2.352636300000178, 48.84302680000007], [2.352634899999844, 48.84295060000003]]}}, {"type": "Feature", "properties": {"highway": "footway", "footway": "sidewalk", "name": null, "surface": "asphalt", "lit": "yes", "length_m": 4.51, "type_element": "Way", "__fid": 68968}, "geometry": {"type": "LineString", "coordinates": [[2.352634899999844, 48.84295060000003], [2.3526572, 48.84291930000001], [2.352665733333171, 48.84292130000015]]}}, {"type": "Feature", "properties": {"highway": "footway", "footway": "sidewalk", "name": null, "surface": "asphalt", "lit": "yes", "length_m": 2.21, "type_element": "Way", "__fid": 68969}, "geometry": {"type": "LineString", "coordinates": [[2.352636300000178, 48.84302680000007], [2.3526517, 48.8430439]]}}, {"type": "Feature", "properties": {"highway": "footway", "footway": "path", "name": null, "surface": "compacted", "lit": "yes", "length_m": 41.31, "type_element": "Way", "__fid": 68975}, "geometry": {"type": "LineString", "coordinates": [[2.3529766, 48.8453526], [2.3529919, 48.8454562], [2.3528618, 48.8454629], [2.3527149, 48.8454512], [2.3526737, 48.8454792], [2.3526113, 48.845462]]}}, {"type": "Feature", "properties": {"highway": "footway", "footway": "path", "name": "Allée Théodore Vacquer", "surface": "concrete:plates", "lit": "no", "length_m": 18.79, "type_element": "Way", "__fid": 68976}, "geometry": {"type": "LineString", "coordinates": [[2.3527082, 48.84530560000001], [2.3526113, 48.845462]]}}, {"type": "Feature", "properties": {"highway": "footway", "footway": "sidewalk", "name": null, "surface": "asphalt", "lit": "yes", "length_m": 111.15, "type_element": "Way", "__fid": 68977}, "geometry": {"type": "LineString", "coordinates": [[2.3526653, 48.84117893333334], [2.3526701, 48.8412653], [2.3526799, 48.84128410000002], [2.352697, 48.8417044], [2.3526845, 48.8419271], [2.352686433333352, 48.84217713333341]]}}, {"type": "Feature", "properties": {"highway": "footway", "footway": "sidewalk", "name": null, "surface": "asphalt", "lit": "yes", "length_m": 17.75, "type_element": "Way", "__fid": 68988}, "geometry": {"type": "LineString", "coordinates": [[2.3526517, 48.8430439], [2.352665066666525, 48.843203266666706]]}}, {"type": "Feature", "properties": {"highway": "footway", "footway": "crossing", "name": null, "surface": "asphalt", "lit": "yes", "length_m": 8.51, "type_element": "Way", "__fid": 68989}, "geometry": {"type": "LineString", "coordinates": [[2.3526517, 48.8430439], [2.3526636, 48.8430382], [2.352764733333109, 48.843035100000115]]}}, {"type": "Feature", "properties": {"highway": "footway", "footway": "crossing", "name": null, "surface": "asphalt", "lit": "yes", "length_m": 10.61, "type_element": "Way", "__fid": 68990}, "geometry": {"type": "LineString", "coordinates": [[2.3526544, 48.84331], [2.352650466666644, 48.8432146]]}}, {"type": "Feature", "properties": {"highway": "footway", "footway": "sidewalk", "name": null, "surface": null, "lit": "yes", "length_m": 1.65, "type_element": "Way", "__fid": 68991}, "geometry": {"type": "LineString", "coordinates": [[2.352665066666525, 48.843203266666706], [2.352650466666644, 48.8432146]]}}, {"type": "Feature", "properties": {"highway": "footway", "footway": "sidewalk", "name": null, "surface": "asphalt", "lit": "yes", "length_m": 38.77, "type_element": "Way", "__fid": 68999}, "geometry": {"type": "LineString", "coordinates": [[2.3526544, 48.84331], [2.3526736, 48.8433305], [2.3526915, 48.8436498], [2.35269876666655, 48.843651466666756]]}}, {"type": "Feature", "properties": {"highway": "footway", "footway": "crossing", "name": null, "surface": "asphalt", "lit": "yes", "length_m": 9.33, "type_element": "Way", "__fid": 69012}, "geometry": {"type": "LineString", "coordinates": [[2.352665733333171, 48.84292130000015], [2.352775, 48.8429185], [2.352786, 48.8429093]]}}, {"type": "Feature", "properties": {"highway": "footway", "footway": "crossing", "name": null, "surface": null, "lit": "yes", "length_m": 7.77, "type_element": "Way", "__fid": 69018}, "geometry": {"type": "LineString", "coordinates": [[2.352665066666525, 48.843203266666706], [2.352770566666649, 48.84320853333343]]}}, {"type": "Feature", "properties": {"highway": "footway", "footway": "sidewalk", "name": null, "surface": null, "lit": "yes", "length_m": 65.74, "type_element": "Way", "__fid": 69031}, "geometry": {"type": "LineString", "coordinates": [[2.352686433333352, 48.84217713333341], [2.3531895, 48.842202], [2.3532277, 48.8421777], [2.3535646, 48.8421974]]}}, {"type": "Feature", "properties": {"highway": "footway", "footway": "path", "name": null, "surface": "concrete", "lit": "no", "length_m": 23.88, "type_element": "Way", "__fid": 69033}, "geometry": {"type": "LineString", "coordinates": [[2.3528539, 48.8444934], [2.3527031, 48.84453760000001], [2.3526655, 48.8445551], [2.3526581, 48.8446304]]}}, {"type": "Feature", "properties": {"highway": "footway", "footway": "crossing", "name": null, "surface": "asphalt", "lit": "yes", "length_m": 7.69, "type_element": "Way", "__fid": 69077}, "geometry": {"type": "LineString", "coordinates": [[2.352802333333411, 48.84364103333341], [2.35269876666655, 48.843651466666756]]}}, {"type": "Feature", "properties": {"highway": "footway", "footway": "sidewalk", "name": null, "surface": "asphalt", "lit": "yes", "length_m": 71.37, "type_element": "Way", "__fid": 69110}, "geometry": {"type": "LineString", "coordinates": [[2.352786, 48.8429093], [2.3527452, 48.842268]]}}, {"type": "Feature", "properties": {"highway": "footway", "footway": "sidewalk", "name": null, "surface": null, "lit": "yes", "length_m": 57.6, "type_element": "Way", "__fid": 69111}, "geometry": {"type": "LineString", "coordinates": [[2.3527452, 48.842268], [2.3527821, 48.84225030000001], [2.3534889, 48.842283], [2.3535103, 48.8422975]]}}, {"type": "Feature", "properties": {"highway": "footway", "footway": "sidewalk", "name": null, "surface": null, "lit": "yes", "length_m": 5.07, "type_element": "Way", "__fid": 69140}, "geometry": {"type": "LineString", "coordinates": [[2.352764733333109, 48.843035100000115], [2.352772, 48.84303830000001], [2.35281289999998, 48.84300896666669]]}}, {"type": "Feature", "properties": {"highway": "footway", "footway": "sidewalk", "name": null, "surface": "asphalt", "lit": "yes", "length_m": 19.85, "type_element": "Way", "__fid": 69141}, "geometry": {"type": "LineString", "coordinates": [[2.352764733333109, 48.843035100000115], [2.3527775, 48.8432088], [2.352770566666649, 48.84320853333343]]}}, {"type": "Feature", "properties": {"highway": "footway", "footway": "sidewalk", "name": null, "surface": "asphalt", "lit": "yes", "length_m": 48.15, "type_element": "Way", "__fid": 69148}, "geometry": {"type": "LineString", "coordinates": [[2.352770566666649, 48.84320853333343], [2.352802333333411, 48.84364103333341]]}}, {"type": "Feature", "properties": {"highway": "footway", "footway": "sidewalk", "name": null, "surface": null, "lit": "yes", "length_m": 3.12, "type_element": "Way", "__fid": 69158}, "geometry": {"type": "LineString", "coordinates": [[2.352786, 48.8429093], [2.3528187, 48.8429272]]}}, {"type": "Feature", "properties": {"highway": "footway", "footway": "sidewalk", "name": null, "surface": "asphalt", "lit": "yes", "length_m": 58.54, "type_element": "Way", "__fid": 69178}, "geometry": {"type": "LineString", "coordinates": [[2.352802333333411, 48.84364103333341], [2.3533918, 48.8436355], [2.3534593, 48.84366460000001], [2.3535867, 48.84366290000001]]}}, {"type": "Feature", "properties": {"highway": "footway", "footway": "crossing", "name": null, "surface": "asphalt", "lit": "yes", "length_m": 9.1, "type_element": "Way", "__fid": 69181}, "geometry": {"type": "LineString", "coordinates": [[2.35281289999998, 48.84300896666669], [2.3528187, 48.8429272]]}}, {"type": "Feature", "properties": {"highway": "footway", "footway": "sidewalk", "name": null, "surface": null, "lit": "yes", "length_m": 113.34, "type_element": "Way", "__fid": 69182}, "geometry": {"type": "LineString", "coordinates": [[2.35281289999998, 48.84300896666669], [2.3534705, 48.8429927], [2.3534917, 48.8429748], [2.3536216, 48.8424246], [2.353613599999913, 48.84242346666681]]}}, {"type": "Feature", "properties": {"highway": "footway", "footway": "sidewalk", "name": null, "surface": null, "lit": "yes", "length_m": 95.26, "type_element": "Way", "__fid": 69189}, "geometry": {"type": "LineString", "coordinates": [[2.3528187, 48.8429272], [2.3533279, 48.8429085], [2.3533831, 48.8428697], [2.3534956, 48.84240879999999]]}}, {"type": "Feature", "properties": {"highway": "steps", "footway": null, "name": null, "surface": null, "lit": null, "length_m": 32.43, "type_element": "Way", "__fid": 69225}, "geometry": {"type": "LineString", "coordinates": [[2.3528539, 48.8444934], [2.3528804, 48.84453040000001], [2.3529858, 48.8445422], [2.3530003, 48.8445757], [2.352974, 48.8446462], [2.3529214, 48.8447101]]}}, {"type": "Feature", "properties": {"highway": "footway", "footway": "path", "name": null, "surface": "concrete", "lit": "no", "length_m": 31.29, "type_element": "Way", "__fid": 69226}, "geometry": {"type": "LineString", "coordinates": [[2.3532611, 48.8445021], [2.3532111, 48.8444814], [2.3530931, 48.84446040000002], [2.3529354, 48.8444761], [2.3528539, 48.8444934]]}}, {"type": "Feature", "properties": {"highway": "footway", "footway": "path", "name": null, "surface": "compacted", "lit": "no", "length_m": 8.83, "type_element": "Way", "__fid": 69237}, "geometry": {"type": "LineString", "coordinates": [[2.3529766, 48.8453526], [2.3528567, 48.84535970000002]]}}, {"type": "Feature", "properties": {"highway": "footway", "footway": "sidewalk", "name": null, "surface": "asphalt", "lit": "yes", "length_m": 22.08, "type_element": "Way", "__fid": 69253}, "geometry": {"type": "LineString", "coordinates": [[2.3531529, 48.8472803], [2.3529515, 48.847285], [2.3528539, 48.8472728]]}}, {"type": "Feature", "properties": {"highway": "footway", "footway": "path", "name": null, "surface": "compacted", "lit": "no", "length_m": 8.11, "type_element": "Way", "__fid": 69348}, "geometry": {"type": "LineString", "coordinates": [[2.3530798, 48.8453788], [2.3529766, 48.8453526]]}}, {"type": "Feature", "properties": {"highway": "steps", "footway": null, "name": null, "surface": "sett", "lit": "no", "length_m": 9.82, "type_element": "Way", "__fid": 69354}, "geometry": {"type": "LineString", "coordinates": [[2.3530712, 48.8447739], [2.3530275, 48.8447618], [2.3529916, 48.8448137]]}}, {"type": "Feature", "properties": {"highway": "footway", "footway": "path", "name": "Allée Théodore Vacquer", "surface": "concrete", "lit": "no", "length_m": 33.28, "type_element": "Way", "__fid": 69439}, "geometry": {"type": "LineString", "coordinates": [[2.3532611, 48.8445021], [2.3530712, 48.8447739]]}}, {"type": "Feature", "properties": {"highway": "footway", "footway": "path", "name": null, "surface": "compacted", "lit": "no", "length_m": 6.52, "type_element": "Way", "__fid": 69462}, "geometry": {"type": "LineString", "coordinates": [[2.3531628, 48.8453998], [2.3530798, 48.8453788]]}}, {"type": "Feature", "properties": {"highway": "footway", "footway": "path", "name": null, "surface": "compacted", "lit": "no", "length_m": 24.09, "type_element": "Way", "__fid": 69463}, "geometry": {"type": "LineString", "coordinates": [[2.3530798, 48.8453788], [2.3532111, 48.8451802]]}}, {"type": "Feature", "properties": {"highway": "footway", "footway": "path", "name": null, "surface": "compacted", "lit": "no", "length_m": 8.51, "type_element": "Way", "__fid": 69518}, "geometry": {"type": "LineString", "coordinates": [[2.3532168, 48.8449527], [2.3531506, 48.84488990000001]]}}, {"type": "Feature", "properties": {"highway": "footway", "footway": "path", "name": null, "surface": "compacted", "lit": "no", "length_m": 19.14, "type_element": "Way", "__fid": 69545}, "geometry": {"type": "LineString", "coordinates": [[2.3531628, 48.8453998], [2.3533328, 48.8454481], [2.3533923, 48.845479]]}}, {"type": "Feature", "properties": {"highway": "footway", "footway": "path", "name": null, "surface": "compacted", "lit": "no", "length_m": 23.9, "type_element": "Way", "__fid": 69546}, "geometry": {"type": "LineString", "coordinates": [[2.3532964, 48.8452038], [2.3531628, 48.8453998]]}}, {"type": "Feature", "properties": {"highway": "footway", "footway": "crossing", "name": null, "surface": "asphalt", "lit": "yes", "length_m": 21.44, "type_element": "Way", "__fid": 69562}, "geometry": {"type": "LineString", "coordinates": [[2.3531529, 48.8472803], [2.3533541, 48.84737860000001], [2.3533682, 48.84740459999998]]}}, {"type": "Feature", "properties": {"highway": "footway", "footway": "sidewalk", "name": null, "surface": "asphalt", "lit": "yes", "length_m": 169.82, "type_element": "Way", "__fid": 69563}, "geometry": {"type": "LineString", "coordinates": [[2.3544024, 48.8461032], [2.3544217, 48.84612060000001], [2.3543971, 48.8462821], [2.3543517, 48.8463744], [2.3543379, 48.8465103], [2.3542915, 48.8465842], [2.3541987, 48.8466336], [2.3533719, 48.8471872], [2.3532844, 48.8472388], [2.3532243, 48.847263], [2.3531529, 48.8472803]]}}, {"type": "Feature", "properties": {"highway": "footway", "footway": "path", "name": null, "surface": "sett", "lit": "no", "length_m": 6.79, "type_element": "Way", "__fid": 69599}, "geometry": {"type": "LineString", "coordinates": [[2.3532964, 48.8452038], [2.3532111, 48.8451802]]}}, {"type": "Feature", "properties": {"highway": "footway", "footway": "path", "name": null, "surface": "compacted", "lit": "no", "length_m": 22.31, "type_element": "Way", "__fid": 69600}, "geometry": {"type": "LineString", "coordinates": [[2.3532111, 48.8451802], [2.3533197, 48.8449928]]}}, {"type": "Feature", "properties": {"highway": "footway", "footway": "path", "name": null, "surface": "compacted", "lit": "no", "length_m": 8.97, "type_element": "Way", "__fid": 69603}, "geometry": {"type": "LineString", "coordinates": [[2.3533197, 48.8449928], [2.3532304, 48.8449656], [2.3532168, 48.8449527]]}}, {"type": "Feature", "properties": {"highway": "steps", "footway": null, "name": null, "surface": "compacted", "lit": "no", "length_m": 63.3, "type_element": "Way", "__fid": 69604}, "geometry": {"type": "LineString", "coordinates": [[2.3535682, 48.8448051], [2.353395, 48.8447034], [2.3533358, 48.844686899999985], [2.3532817, 48.8446949], [2.3532459, 48.8447208], [2.3532343, 48.84477609999998], [2.3533545, 48.8448752], [2.3532168, 48.8449527]]}}, {"type": "Feature", "properties": {"highway": "footway", "footway": "path", "name": null, "surface": "concrete", "lit": "no", "length_m": 42.47, "type_element": "Way", "__fid": 69632}, "geometry": {"type": "LineString", "coordinates": [[2.3532611, 48.8445021], [2.3533401, 48.8445272], [2.3534819, 48.8446305], [2.3535398, 48.844716], [2.3535682, 48.8448051]]}}, {"type": "Feature", "properties": {"highway": "footway", "footway": "path", "name": "Allée Théodore Vacquer", "surface": "concrete", "lit": "no", "length_m": 8.8, "type_element": "Way", "__fid": 69633}, "geometry": {"type": "LineString", "coordinates": [[2.353307, 48.844429], [2.3532611, 48.8445021]]}}, {"type": "Feature", "properties": {"highway": "footway", "footway": "path", "name": null, "surface": "compacted", "lit": "yes", "length_m": 13.72, "type_element": "Way", "__fid": 69652}, "geometry": {"type": "LineString", "coordinates": [[2.3533923, 48.845479], [2.353264, 48.8455687]]}}, {"type": "Feature", "properties": {"highway": "footway", "footway": "path", "name": null, "surface": "compacted", "lit": "no", "length_m": 22.59, "type_element": "Way", "__fid": 69683}, "geometry": {"type": "LineString", "coordinates": [[2.3534227, 48.8450185], [2.3532964, 48.8452038]]}}, {"type": "Feature", "properties": {"highway": "footway", "footway": "sidewalk", "name": null, "surface": "concrete", "lit": "yes", "length_m": 89.35, "type_element": "Way", "__fid": 69684}, "geometry": {"type": "LineString", "coordinates": [[2.353307, 48.844429], [2.353389, 48.8444575], [2.353446, 48.8445144], [2.3538067, 48.8450246], [2.3539093, 48.8450643], [2.3539584, 48.84506810000001]]}}, {"type": "Feature", "properties": {"highway": "footway", "footway": "path", "name": "Allée Théodore Vacquer", "surface": "concrete", "lit": "no", "length_m": 7.13, "type_element": "Way", "__fid": 69685}, "geometry": {"type": "LineString", "coordinates": [[2.3533416, 48.8443691], [2.353307, 48.844429]]}}, {"type": "Feature", "properties": {"highway": "footway", "footway": "path", "name": null, "surface": "compacted", "lit": "no", "length_m": 8.08, "type_element": "Way", "__fid": 69705}, "geometry": {"type": "LineString", "coordinates": [[2.3533197, 48.8449928], [2.3534227, 48.8450185]]}}, {"type": "Feature", "properties": {"highway": "footway", "footway": "crossing", "name": null, "surface": null, "lit": "yes", "length_m": 13.28, "type_element": "Way", "__fid": 69769}, "geometry": {"type": "LineString", "coordinates": [[2.353440033333429, 48.844338], [2.353392533333478, 48.844453233333354]]}}, {"type": "Feature", "properties": {"highway": "steps", "footway": null, "name": null, "surface": "concrete", "lit": "no", "length_m": 25.6, "type_element": "Way", "__fid": 69775}, "geometry": {"type": "LineString", "coordinates": [[2.3533923, 48.845479], [2.3536407, 48.8453174]]}}, {"type": "Feature", "properties": {"highway": "footway", "footway": "path", "name": null, "surface": "compacted", "lit": "no", "length_m": 5.34, "type_element": "Way", "__fid": 69806}, "geometry": {"type": "LineString", "coordinates": [[2.3534921, 48.845033], [2.3534227, 48.8450185]]}}, {"type": "Feature", "properties": {"highway": "footway", "footway": "sidewalk", "name": null, "surface": "asphalt", "lit": "yes", "length_m": 9.41, "type_element": "Way", "__fid": 69815}, "geometry": {"type": "LineString", "coordinates": [[2.353440033333429, 48.844338], [2.3535018, 48.8443363], [2.353551, 48.84430690000011]]}}, {"type": "Feature", "properties": {"highway": "service", "footway": null, "name": null, "surface": "asphalt", "lit": "yes", "length_m": 13.41, "type_element": "Way", "__fid": 69819}, "geometry": {"type": "LineString", "coordinates": [[2.3534109, 48.8472862], [2.3535935, 48.847291100000014]]}}, {"type": "Feature", "properties": {"highway": "footway", "footway": "crossing", "name": null, "surface": null, "lit": "yes", "length_m": 8.81, "type_element": "Way", "__fid": 69835}, "geometry": {"type": "LineString", "coordinates": [[2.3534956, 48.84240879999999], [2.353613599999913, 48.84242346666681]]}}, {"type": "Feature", "properties": {"highway": "footway", "footway": "sidewalk", "name": null, "surface": null, "lit": "yes", "length_m": 12.53, "type_element": "Way", "__fid": 69836}, "geometry": {"type": "LineString", "coordinates": [[2.3535103, 48.8422975], [2.3535164, 48.8423231], [2.3534956, 48.84240879999999]]}}, {"type": "Feature", "properties": {"highway": "footway", "footway": "crossing", "name": null, "surface": null, "lit": "yes", "length_m": 12.12, "type_element": "Way", "__fid": 69846}, "geometry": {"type": "LineString", "coordinates": [[2.3535103, 48.8422975], [2.35357, 48.842208], [2.3535646, 48.8421974]]}}, {"type": "Feature", "properties": {"highway": "footway", "footway": "path", "name": null, "surface": "concrete", "lit": "no", "length_m": 13.15, "type_element": "Way", "__fid": 69859}, "geometry": {"type": "LineString", "coordinates": [[2.3534921, 48.845033], [2.3536166, 48.845118]]}}, {"type": "Feature", "properties": {"highway": "footway", "footway": "path", "name": null, "surface": "concrete", "lit": "no", "length_m": 26.55, "type_element": "Way", "__fid": 69860}, "geometry": {"type": "LineString", "coordinates": [[2.3535682, 48.8448051], [2.3535745, 48.84485849999999], [2.3535672, 48.8449042], [2.3535509, 48.8449503], [2.3535148, 48.8450119], [2.3534921, 48.845033]]}}, {"type": "Feature", "properties": {"highway": "footway", "footway": "sidewalk", "name": null, "surface": "asphalt", "lit": "yes", "length_m": 15.96, "type_element": "Way", "__fid": 69877}, "geometry": {"type": "LineString", "coordinates": [[2.3534818, 48.8474088], [2.3534914, 48.8473751], [2.3535174, 48.84733949999998], [2.3535935, 48.847291100000014]]}}, {"type": "Feature", "properties": {"highway": "footway", "footway": "crossing", "name": null, "surface": null, "lit": "yes", "length_m": 7.23, "type_element": "Way", "__fid": 69893}, "geometry": {"type": "LineString", "coordinates": [[2.353617666666767, 48.84459576666676], [2.353526533333457, 48.84462053333345]]}}, {"type": "Feature", "properties": {"highway": "footway", "footway": "sidewalk", "name": null, "surface": null, "lit": "yes", "length_m": 20.74, "type_element": "Way", "__fid": 69902}, "geometry": {"type": "LineString", "coordinates": [[2.3535646, 48.8421974], [2.3535774, 48.8421841], [2.3536183, 48.8420155]]}}, {"type": "Feature", "properties": {"highway": "footway", "footway": "crossing", "name": null, "surface": "asphalt", "lit": "yes", "length_m": 8.37, "type_element": "Way", "__fid": 69918}, "geometry": {"type": "LineString", "coordinates": [[2.353551, 48.84430690000011], [2.353664433333223, 48.84431476666683]]}}, {"type": "Feature", "properties": {"highway": "footway", "footway": "sidewalk", "name": null, "surface": "asphalt", "lit": "yes", "length_m": 64.27, "type_element": "Way", "__fid": 69919}, "geometry": {"type": "LineString", "coordinates": [[2.353551, 48.84430690000011], [2.353631833333394, 48.843731366666816]]}}, {"type": "Feature", "properties": {"highway": "steps", "footway": null, "name": null, "surface": "concrete", "lit": "no", "length_m": 16.51, "type_element": "Way", "__fid": 70008}, "geometry": {"type": "LineString", "coordinates": [[2.3536245, 48.84524960000001], [2.3535903, 48.8452232], [2.3535761, 48.8451966], [2.3535767, 48.8451644], [2.3536166, 48.845118]]}}, {"type": "Feature", "properties": {"highway": "footway", "footway": "path", "name": null, "surface": "concrete", "lit": "yes", "length_m": 10.72, "type_element": "Way", "__fid": 70026}, "geometry": {"type": "LineString", "coordinates": [[2.3536245, 48.84524960000001], [2.3535807, 48.84528], [2.3536407, 48.8453174]]}}]}