{"type": "FeatureCollection", "features": [{"type": "Feature", "properties": {"@id": "node/918204411", "amenity": "drinking_water", "man_made": "water_tap", "source": "Eau de Paris", "type_element": "Fontaines à boire", "__fid": 179}, "geometry": {"type": "Point", "coordinates": [2.3538145, 48.8269146]}, "id": "node/918204411"}, {"type": "Feature", "properties": {"@id": "node/2462768068", "amenity": "drinking_water", "check_date": "2022-06-11", "man_made": "water_tap", "type_element": "Fontaines à boire", "__fid": 355}, "geometry": {"type": "Point", "coordinates": [2.3600431, 48.8276674]}, "id": "node/2462768068"}, {"type": "Feature", "properties": {"@id": "node/2462768071", "amenity": "drinking_water", "check_date": "2022-06-11", "man_made": "water_tap", "type_element": "Fontaines à boire", "__fid": 356}, "geometry": {"type": "Point", "coordinates": [2.3594556, 48.8279422]}, "id": "node/2462768071"}, {"type": "Feature", "properties": {"@id": "node/2940769968", "amenity": "drinking_water", "check_date": "2022-06-11", "man_made": "water_tap", "type_element": "Fontaines à boire", "__fid": 392}, "geometry": {"type": "Point", "coordinates": [2.3606649, 48.8279269]}, "id": "node/2940769968"}, {"type": "Feature", "properties": {"@id": "node/2940769970", "amenity": "drinking_water", "check_date": "2024-05-04", "man_made": "water_tap", "type_element": "Fontaines à boire", "__fid": 393}, "geometry": {"type": "Point", "coordinates": [2.3608761, 48.8281328]}, "id": "node/2940769970"}, {"type": "Feature", "properties": {"@id": "node/2940769971", "amenity": "drinking_water", "check_date": "2022-06-11", "man_made": "water_tap", "type_element": "Fontaines à boire", "__fid": 394}, "geometry": {"type": "Point", "coordinates": [2.3604824, 48.8284383]}, "id": "node/2940769971"}, {"type": "Feature", "properties": {"@id": "node/2940769972", "amenity": "drinking_water", "check_date": "2024-05-04", "man_made": "water_tap", "type_element": "Fontaines à boire", "__fid": 395}, "geometry": {"type": "Point", "coordinates": [2.3599418, 48.8290169]}, "id": "node/2940769972"}, {"type": "Feature", "geometry": {"type": "Point", "coordinates": [2.355062, 48.827723]}, "properties": {"id": 2863, "name": "Square de la place André-Masson", "categorie": "Parcs, jardins et bois", "photo_url": "https://cdn.paris.fr/eqpts-prod/2022/09/16/22ed497f01d73e7e271744baa693ade9.jpg", "photo_credit": "Sonia Yassa / Ville de Paris", "photo_alt": null, "address_street": "1, place André Masson", "address_postcode": "75013", "address_city": "PARIS", "phone": null, "accessibility": "{\"handicaps\": [{\"name\": \"Personnes déficientes visuelles\", \"status\": \"undefined\"}, {\"name\": \"Personnes déficientes auditives\", \"status\": \"undefined\"}, {\"name\": \"Personnes déficientes mentales\", \"status\": \"undefined\"}, {\"name\": \"Personnes à mobilité réduite\", \"status\": \"undefined\"}, {\"name\": \"Accueil en langue des signes\", \"status\": \"undefined\"}]}", "latitude": 48.827723, "longitude": 2.355062, "url": "https://www.paris.fr/lieux/square-de-la-place-andre-masson-2863", "type_element": "Parcs, Jardins et Bois", "__fid": 1173}}, {"type": "Feature", "geometry": {"type": "Point", "coordinates": [2.353874, 48.826864]}, "properties": {"id": 2566, "name": "Square de la Montgolfière", "categorie": "Parcs, jardins et bois", "photo_url": "https://cdn.paris.fr/eqpts-prod/2022/05/10/3ea47a5aa7791072fb1d22bd5ea7ed9c.jpg", "photo_credit": "Clement Dorval / Ville de Paris", "photo_alt": null, "address_street": "42 rue du Moulinet", "address_postcode": "75013", "address_city": "PARIS", "phone": null, "accessibility": "{\"handicaps\": [{\"name\": \"Personnes à mobilité réduite\", \"status\": \"accessible\"}, {\"name\": \"Personnes déficientes visuelles\", \"status\": \"undefined\"}, {\"name\": \"Personnes déficientes auditives\", \"status\": \"undefined\"}, {\"name\": \"Personnes déficientes mentales\", \"status\": \"undefined\"}, {\"name\": \"Accueil en langue des signes\", \"status\": \"undefined\"}]}", "latitude": 48.826864, "longitude": 2.353874, "url": "https://www.paris.fr/lieux/square-de-la-montgolfiere-2566", "type_element": "Parcs, Jardins et Bois", "__fid": 1470}}, {"type": "Feature", "geometry": {"type": "Point", "coordinates": [2.359658, 48.826778]}, "properties": {"id": 1803, "name": "Parc de Choisy", "categorie": "Parcs, jardins et bois", "photo_url": "https://cdn.paris.fr/eqpts-prod/2026/02/23/36379c235d83ca3dc4b44507cf661aad.jpg", "photo_credit": "Frédéric Combeau / Ville de Paris", "photo_alt": null, "address_street": "128, avenue de Choisy", "address_postcode": "75013", "address_city": "PARIS", "phone": null, "accessibility": "{\"handicaps\": [{\"name\": \"Personnes à mobilité réduite\", \"status\": \"accessible\"}, {\"name\": \"Personnes déficientes visuelles\", \"status\": \"undefined\"}, {\"name\": \"Personnes déficientes auditives\", \"status\": \"undefined\"}, {\"name\": \"Personnes déficientes mentales\", \"status\": \"undefined\"}, {\"name\": \"Accueil en langue des signes\", \"status\": \"undefined\"}], \"additional_info\": \"<p>Espace vert dont l’accessibilité est limitée à certaines zones et à certaines entrées pour les personnes à mobilité réduite.</p>\"}", "latitude": 48.826778, "longitude": 2.359658, "url": "https://www.paris.fr/lieux/parc-de-choisy-1803", "type_element": "Parcs, Jardins et Bois", "__fid": 1614}}, {"type": "Feature", "properties": {"highway": "footway", "footway": "sidewalk", "name": null, "surface": "asphalt", "lit": "yes", "length_m": 126.9, "type_element": "Way", "__fid": 69011}, "geometry": {"type": "LineString", "coordinates": [[2.3528497, 48.8280984], [2.3534627, 48.8275502], [2.3537501, 48.8274856], [2.3538057, 48.82748929999999], [2.3541063, 48.8275898]]}}, {"type": "Feature", "properties": {"highway": "footway", "footway": "sidewalk", "name": null, "surface": "asphalt", "lit": "yes", "length_m": 100.74, "type_element": "Way", "__fid": 69188}, "geometry": {"type": "LineString", "coordinates": [[2.3529997, 48.828304], [2.3536558, 48.8290997]]}}, {"type": "Feature", "properties": {"highway": "footway", "footway": null, "name": null, "surface": "sett", "lit": "yes", "length_m": 31.64, "type_element": "Way", "__fid": 69500}, "geometry": {"type": "LineString", "coordinates": [[2.3533919, 48.8238279], [2.3535208, 48.8238041], [2.3535284, 48.823858], [2.3537434, 48.8238638]]}}, {"type": "Feature", "properties": {"highway": "footway", "footway": "sidewalk", "name": null, "surface": "asphalt", "lit": "yes", "length_m": 18.19, "type_element": "Way", "__fid": 69507}, "geometry": {"type": "LineString", "coordinates": [[2.3536086, 48.8268704], [2.3533615, 48.8268585]]}}, {"type": "Feature", "properties": {"highway": "footway", "footway": "sidewalk", "name": null, "surface": "asphalt", "lit": "yes", "length_m": 75.32, "type_element": "Way", "__fid": 69544}, "geometry": {"type": "LineString", "coordinates": [[2.353686, 48.8260718], [2.3533943, 48.8267212]]}}, {"type": "Feature", "properties": {"highway": "footway", "footway": "sidewalk", "name": null, "surface": "asphalt", "lit": "yes", "length_m": 22.73, "type_element": "Way", "__fid": 69571}, "geometry": {"type": "LineString", "coordinates": [[2.3534151, 48.82675780000001], [2.3535734, 48.8267706], [2.3536144, 48.8267861], [2.3537159, 48.82677490000001]]}}, {"type": "Feature", "properties": {"highway": "footway", "footway": "sidewalk", "name": null, "surface": "asphalt", "lit": "yes", "length_m": 133.19, "type_element": "Way", "__fid": 69578}, "geometry": {"type": "LineString", "coordinates": [[2.3539016, 48.8252772], [2.3535499, 48.8243292], [2.3534989, 48.8242444], [2.3534549, 48.8241171]]}}, {"type": "Feature", "properties": {"highway": "footway", "footway": "sidewalk", "name": null, "surface": "sett", "lit": "yes", "length_m": 17.22, "type_element": "Way", "__fid": 69579}, "geometry": {"type": "LineString", "coordinates": [[2.3536396, 48.8240265], [2.353571, 48.8240762], [2.353513, 48.8241031], [2.3534549, 48.8241171]]}}, {"type": "Feature", "properties": {"highway": "pedestrian", "footway": null, "name": "Rue Vandrezanne", "surface": "sett", "lit": "yes", "length_m": 57.63, "type_element": "Way", "__fid": 69586}, "geometry": {"type": "LineString", "coordinates": [[2.3541422, 48.8275459], [2.3538493, 48.8274533], [2.3538057, 48.827447099999986], [2.3537557, 48.8274513], [2.3534641, 48.8275217], [2.3534205, 48.8275436]]}}, {"type": "Feature", "properties": {"highway": "footway", "footway": "sidewalk", "name": null, "surface": "asphalt", "lit": "yes", "length_m": 109.48, "type_element": "Way", "__fid": 69645}, "geometry": {"type": "LineString", "coordinates": [[2.3541708, 48.830032], [2.3534614, 48.8291659]]}}, {"type": "Feature", "properties": {"highway": "footway", "footway": "crossing", "name": null, "surface": "asphalt", "lit": "yes", "length_m": 16.06, "type_element": "Way", "__fid": 69646}, "geometry": {"type": "LineString", "coordinates": [[2.3536558, 48.8290997], [2.3534614, 48.8291659]]}}, {"type": "Feature", "properties": {"highway": "footway", "footway": "crossing", "name": null, "surface": "asphalt", "lit": "yes", "length_m": 12.73, "type_element": "Way", "__fid": 69667}, "geometry": {"type": "LineString", "coordinates": [[2.353686, 48.8260718], [2.3536544, 48.82606209999999], [2.3535693, 48.8260586], [2.3535197, 48.8260714]]}}, {"type": "Feature", "properties": {"highway": "footway", "footway": "sidewalk", "name": null, "surface": null, "lit": "yes", "length_m": 5.66, "type_element": "Way", "__fid": 69696}, "geometry": {"type": "LineString", "coordinates": [[2.3535439, 48.8259124], [2.353619, 48.825901]]}}, {"type": "Feature", "properties": {"highway": "footway", "footway": null, "name": "Passage Vandrezanne", "surface": "sett", "lit": "yes", "length_m": 11.95, "type_element": "Way", "__fid": 69707}, "geometry": {"type": "LineString", "coordinates": [[2.3535392, 48.8273917], [2.3536138, 48.8272962]]}}, {"type": "Feature", "properties": {"highway": "footway", "footway": "sidewalk", "name": null, "surface": null, "lit": "yes", "length_m": 65.49, "type_element": "Way", "__fid": 69715}, "geometry": {"type": "LineString", "coordinates": [[2.3538034, 48.8253686], [2.3536089, 48.8248313], [2.3535817, 48.8247995]]}}, {"type": "Feature", "properties": {"highway": "footway", "footway": "sidewalk", "name": null, "surface": "asphalt", "lit": "yes", "length_m": 64.48, "type_element": "Way", "__fid": 69753}, "geometry": {"type": "LineString", "coordinates": [[2.3536396, 48.8240265], [2.3543033, 48.8243563], [2.3543167, 48.82438650000001]]}}, {"type": "Feature", "properties": {"highway": "footway", "footway": "crossing", "name": null, "surface": "asphalt", "lit": "yes", "length_m": 8.16, "type_element": "Way", "__fid": 69754}, "geometry": {"type": "LineString", "coordinates": [[2.3536396, 48.8240265], [2.3537058, 48.823967600000024]]}}, {"type": "Feature", "properties": {"highway": "footway", "footway": "crossing", "name": null, "surface": "asphalt", "lit": "yes", "length_m": 10.8, "type_element": "Way", "__fid": 69758}, "geometry": {"type": "LineString", "coordinates": [[2.3537625, 48.8259063], [2.3537281, 48.82591390000002], [2.353619, 48.825901]]}}, {"type": "Feature", "properties": {"highway": "footway", "footway": "sidewalk", "name": null, "surface": null, "lit": "yes", "length_m": 54.66, "type_element": "Way", "__fid": 69759}, "geometry": {"type": "LineString", "coordinates": [[2.353619, 48.825901], [2.353845, 48.8254326]]}}, {"type": "Feature", "properties": {"highway": "footway", "footway": "sidewalk", "name": null, "surface": "asphalt", "lit": "yes", "length_m": 9.61, "type_element": "Way", "__fid": 69760}, "geometry": {"type": "LineString", "coordinates": [[2.3537385, 48.82686], [2.3536086, 48.8268704]]}}, {"type": "Feature", "properties": {"highway": "footway", "footway": null, "name": "Passage Vandrezanne", "surface": "sett", "lit": "yes", "length_m": 47.96, "type_element": "Way", "__fid": 69761}, "geometry": {"type": "LineString", "coordinates": [[2.3536138, 48.8272962], [2.3536429, 48.827259], [2.3536152, 48.8270601], [2.3536086, 48.8268704]]}}, {"type": "Feature", "properties": {"highway": "footway", "footway": "sidewalk", "name": null, "surface": "sett", "lit": "yes", "length_m": 23.71, "type_element": "Way", "__fid": 69767}, "geometry": {"type": "LineString", "coordinates": [[2.3537434, 48.8238638], [2.3537366, 48.8237779], [2.3537175, 48.8237312], [2.3536495, 48.82366640000003]]}}, {"type": "Feature", "properties": {"highway": "footway", "footway": "sidewalk", "name": null, "surface": "sett", "lit": "yes", "length_m": 45.67, "type_element": "Way", "__fid": 69773}, "geometry": {"type": "LineString", "coordinates": [[2.3541688, 48.8274818], [2.3536138, 48.8272962]]}}, {"type": "Feature", "properties": {"highway": "footway", "footway": "sidewalk", "name": null, "surface": "asphalt", "lit": "yes", "length_m": 21.53, "type_element": "Way", "__fid": 69823}, "geometry": {"type": "LineString", "coordinates": [[2.3539445, 48.8240801], [2.3537058, 48.823967600000024]]}}, {"type": "Feature", "properties": {"highway": "footway", "footway": "sidewalk", "name": null, "surface": "sett", "lit": "yes", "length_m": 11.87, "type_element": "Way", "__fid": 69824}, "geometry": {"type": "LineString", "coordinates": [[2.3537058, 48.823967600000024], [2.3537434, 48.8238638]]}}, {"type": "Feature", "properties": {"highway": "pedestrian", "footway": null, "name": "Passage du Moulinet", "surface": "sett", "lit": "yes", "length_m": 6.3, "type_element": "Way", "__fid": 69826}, "geometry": {"type": "LineString", "coordinates": [[2.353671, 48.826823200000014], [2.3537159, 48.82677490000001]]}}, {"type": "Feature", "properties": {"highway": "footway", "footway": "sidewalk", "name": null, "surface": "asphalt", "lit": "yes", "length_m": 3.39, "type_element": "Way", "__fid": 69829}, "geometry": {"type": "LineString", "coordinates": [[2.3537309, 48.82606470000001], [2.353686, 48.8260718]]}}, {"type": "Feature", "properties": {"highway": "footway", "footway": "sidewalk", "name": null, "surface": "asphalt", "lit": "yes", "length_m": 109.57, "type_element": "Way", "__fid": 69830}, "geometry": {"type": "LineString", "coordinates": [[2.3536558, 48.8290997], [2.3543619, 48.82996789999998]]}}, {"type": "Feature", "properties": {"highway": "footway", "footway": "crossing", "name": null, "surface": "asphalt", "lit": "yes", "length_m": 9.61, "type_element": "Way", "__fid": 69853}, "geometry": {"type": "LineString", "coordinates": [[2.3537159, 48.82677490000001], [2.3537385, 48.82686]]}}, {"type": "Feature", "properties": {"highway": "pedestrian", "footway": null, "name": "Passage du Moulinet", "surface": "sett", "lit": "yes", "length_m": 87.53, "type_element": "Way", "__fid": 69854}, "geometry": {"type": "LineString", "coordinates": [[2.3537159, 48.82677490000001], [2.3543302, 48.8261002]]}}, {"type": "Feature", "properties": {"highway": "footway", "footway": "sidewalk", "name": null, "surface": "asphalt", "lit": "yes", "length_m": 75.0, "type_element": "Way", "__fid": 69855}, "geometry": {"type": "LineString", "coordinates": [[2.3537159, 48.82677490000001], [2.3543021, 48.8267083], [2.3546906, 48.8268249]]}}, {"type": "Feature", "properties": {"highway": "footway", "footway": "sidewalk", "name": null, "surface": "asphalt", "lit": "yes", "length_m": 44.18, "type_element": "Way", "__fid": 69864}, "geometry": {"type": "LineString", "coordinates": [[2.3543302, 48.8261002], [2.3537309, 48.82606470000001]]}}, {"type": "Feature", "properties": {"highway": "footway", "footway": "crossing", "name": null, "surface": "asphalt", "lit": "yes", "length_m": 14.66, "type_element": "Way", "__fid": 69865}, "geometry": {"type": "LineString", "coordinates": [[2.3538014, 48.82594249999999], [2.3537342, 48.8260412], [2.3537309, 48.82606470000001]]}}, {"type": "Feature", "properties": {"highway": "footway", "footway": "sidewalk", "name": null, "surface": "asphalt", "lit": "yes", "length_m": 4.45, "type_element": "Way", "__fid": 69878}, "geometry": {"type": "LineString", "coordinates": [[2.3537982, 48.826853], [2.3537385, 48.82686]]}}, {"type": "Feature", "properties": {"highway": "footway", "footway": "sidewalk", "name": null, "surface": "asphalt", "lit": "yes", "length_m": 4.94, "type_element": "Way", "__fid": 69894}, "geometry": {"type": "LineString", "coordinates": [[2.3537625, 48.8259063], [2.3538014, 48.82594249999999]]}}, {"type": "Feature", "properties": {"highway": "footway", "footway": "sidewalk", "name": null, "surface": "asphalt", "lit": "yes", "length_m": 52.58, "type_element": "Way", "__fid": 69895}, "geometry": {"type": "LineString", "coordinates": [[2.3539596, 48.825452], [2.3539449, 48.825505], [2.3537625, 48.8259063]]}}, {"type": "Feature", "properties": {"highway": "footway", "footway": "sidewalk", "name": null, "surface": null, "lit": "yes", "length_m": 8.49, "type_element": "Way", "__fid": 69936}, "geometry": {"type": "LineString", "coordinates": [[2.3538034, 48.8253686], [2.3538268, 48.8254309], [2.353845, 48.8254326]]}}, {"type": "Feature", "properties": {"highway": "footway", "footway": "crossing", "name": null, "surface": "sett", "lit": "yes", "length_m": 14.11, "type_element": "Way", "__fid": 69937}, "geometry": {"type": "LineString", "coordinates": [[2.3539016, 48.8252772], [2.3538627, 48.82536020000001], [2.3538034, 48.8253686]]}}, {"type": "Feature", "properties": {"highway": "footway", "footway": null, "name": null, "surface": "concrete", "lit": "no", "length_m": 4.92, "type_element": "Way", "__fid": 69938}, "geometry": {"type": "LineString", "coordinates": [[2.3537889, 48.8268092], [2.3537982, 48.826853]]}}, {"type": "Feature", "properties": {"highway": "footway", "footway": "sidewalk", "name": null, "surface": "asphalt", "lit": "yes", "length_m": 104.39, "type_element": "Way", "__fid": 69941}, "geometry": {"type": "LineString", "coordinates": [[2.3538014, 48.82594249999999], [2.3538523, 48.825928799999986], [2.3548327, 48.8259813], [2.3552154, 48.825995]]}}, {"type": "Feature", "properties": {"highway": "footway", "footway": null, "name": null, "surface": "concrete", "lit": "no", "length_m": 4.05, "type_element": "Way", "__fid": 69953}, "geometry": {"type": "LineString", "coordinates": [[2.3537982, 48.826853], [2.353806, 48.82688910000001]]}}, {"type": "Feature", "properties": {"highway": "footway", "footway": "sidewalk", "name": null, "surface": "asphalt", "lit": "yes", "length_m": 41.04, "type_element": "Way", "__fid": 69954}, "geometry": {"type": "LineString", "coordinates": [[2.3543063, 48.8268863], [2.3541752, 48.82680869999999], [2.3537982, 48.826853]]}}, {"type": "Feature", "properties": {"highway": "steps", "footway": null, "name": null, "surface": "concrete", "lit": "no", "length_m": 18.03, "type_element": "Way", "__fid": 69965}, "geometry": {"type": "LineString", "coordinates": [[2.353806, 48.82688910000001], [2.3539166, 48.82694020000001], [2.3540272, 48.82694080000001]]}}, {"type": "Feature", "properties": {"highway": "footway", "footway": null, "name": null, "surface": "concrete", "lit": "no", "length_m": 45.06, "type_element": "Way", "__fid": 69966}, "geometry": {"type": "LineString", "coordinates": [[2.3540344, 48.8270596], [2.3538921, 48.827090599999984], [2.3537664, 48.8270993], [2.3537462, 48.8269474], [2.353806, 48.82688910000001]]}}, {"type": "Feature", "properties": {"highway": "footway", "footway": "crossing", "name": null, "surface": "asphalt", "lit": "yes", "length_m": 8.69, "type_element": "Way", "__fid": 69988}, "geometry": {"type": "LineString", "coordinates": [[2.3539596, 48.825452], [2.353845, 48.8254326]]}}, {"type": "Feature", "properties": {"highway": "footway", "footway": "sidewalk", "name": null, "surface": null, "lit": "yes", "length_m": 7.64, "type_element": "Way", "__fid": 70075}, "geometry": {"type": "LineString", "coordinates": [[2.3539395, 48.8252147], [2.353919, 48.82526420000002], [2.3539016, 48.8252772]]}}, {"type": "Feature", "properties": {"highway": "footway", "footway": "crossing", "name": null, "surface": "asphalt", "lit": "yes", "length_m": 7.74, "type_element": "Way", "__fid": 70100}, "geometry": {"type": "LineString", "coordinates": [[2.3539445, 48.8240801], [2.3540143, 48.824115800000015], [2.3540314, 48.8241148]]}}, {"type": "Feature", "properties": {"highway": "footway", "footway": "sidewalk", "name": null, "surface": null, "lit": "yes", "length_m": 113.16, "type_element": "Way", "__fid": 70101}, "geometry": {"type": "LineString", "coordinates": [[2.3547715, 48.82328], [2.3548283, 48.8233232], [2.3539801, 48.8240731], [2.3539445, 48.8240801]]}}, {"type": "Feature", "properties": {"highway": "service", "footway": null, "name": null, "surface": "asphalt", "lit": "yes", "length_m": 24.16, "type_element": "Way", "__fid": 70108}, "geometry": {"type": "LineString", "coordinates": [[2.3542283, 48.8271962], [2.353965, 48.8271684], [2.3539267, 48.8271732], [2.3539102, 48.8271842]]}}, {"type": "Feature", "properties": {"highway": "footway", "footway": "crossing", "name": null, "surface": "sett", "lit": "yes", "length_m": 9.65, "type_element": "Way", "__fid": 70111}, "geometry": {"type": "LineString", "coordinates": [[2.3539395, 48.8252147], [2.3540671, 48.825235599999985]]}}, {"type": "Feature", "properties": {"highway": "footway", "footway": "sidewalk", "name": null, "surface": "asphalt", "lit": "yes", "length_m": 96.16, "type_element": "Way", "__fid": 70112}, "geometry": {"type": "LineString", "coordinates": [[2.3543167, 48.82438650000001], [2.3539395, 48.8252147]]}}, {"type": "Feature", "properties": {"highway": "footway", "footway": "sidewalk", "name": null, "surface": null, "lit": "yes", "length_m": 2.84, "type_element": "Way", "__fid": 70139}, "geometry": {"type": "LineString", "coordinates": [[2.3539961, 48.8254436], [2.3539596, 48.825452]]}}, {"type": "Feature", "properties": {"highway": "footway", "footway": "crossing", "name": null, "surface": "asphalt", "lit": "yes", "length_m": 16.13, "type_element": "Way", "__fid": 70175}, "geometry": {"type": "LineString", "coordinates": [[2.3540632, 48.8253072], [2.3540436, 48.825323], [2.3539961, 48.8254436]]}}, {"type": "Feature", "properties": {"highway": "footway", "footway": "sidewalk", "name": null, "surface": "asphalt", "lit": "yes", "length_m": 108.36, "type_element": "Way", "__fid": 70176}, "geometry": {"type": "LineString", "coordinates": [[2.3552578, 48.8249456], [2.3552015, 48.82495910000003], [2.3540956, 48.8254268], [2.3539961, 48.8254436]]}}, {"type": "Feature", "properties": {"highway": "service", "footway": null, "name": null, "surface": "concrete", "lit": "yes", "length_m": 36.68, "type_element": "Way", "__fid": 70186}, "geometry": {"type": "LineString", "coordinates": [[2.354144, 48.8278636], [2.3540387, 48.827969600000024], [2.3539764, 48.8281042], [2.3539737, 48.8281665]]}}, {"type": "Feature", "properties": {"highway": "footway", "footway": "sidewalk", "name": null, "surface": "asphalt", "lit": "yes", "length_m": 30.21, "type_element": "Way", "__fid": 70194}, "geometry": {"type": "LineString", "coordinates": [[2.3543683, 48.8242642], [2.3543194, 48.8242598], [2.3540314, 48.8241148]]}}, {"type": "Feature", "properties": {"highway": "footway", "footway": "sidewalk", "name": null, "surface": null, "lit": "yes", "length_m": 121.76, "type_element": "Way", "__fid": 70195}, "geometry": {"type": "LineString", "coordinates": [[2.3550114, 48.8232332], [2.3540371, 48.82409819999999], [2.3540314, 48.8241148]]}}, {"type": "Feature", "properties": {"highway": "footway", "footway": null, "name": null, "surface": "concrete", "lit": "no", "length_m": 25.5, "type_element": "Way", "__fid": 70228}, "geometry": {"type": "LineString", "coordinates": [[2.3541044, 48.8269864], [2.3541505, 48.8269744], [2.354175, 48.826946], [2.3541752, 48.8269295], [2.3541514, 48.8269008], [2.3541056, 48.826888299999986], [2.3540806, 48.8268902], [2.3540404, 48.8269093], [2.3540272, 48.82694080000001]]}}, {"type": "Feature", "properties": {"highway": "footway", "footway": null, "name": null, "surface": "concrete", "lit": "no", "length_m": 10.26, "type_element": "Way", "__fid": 70239}, "geometry": {"type": "LineString", "coordinates": [[2.3540344, 48.8270596], [2.3540855, 48.827079199999986], [2.3541239, 48.8270709], [2.3541461, 48.8270487]]}}, {"type": "Feature", "properties": {"highway": "footway", "footway": null, "name": null, "surface": "concrete", "lit": "no", "length_m": 10.09, "type_element": "Way", "__fid": 70240}, "geometry": {"type": "LineString", "coordinates": [[2.3540993, 48.826999599999986], [2.3540599, 48.8270028], [2.3540319, 48.8270213], [2.3540344, 48.8270596]]}}, {"type": "Feature", "properties": {"highway": "footway", "footway": "sidewalk", "name": null, "surface": null, "lit": "yes", "length_m": 97.12, "type_element": "Way", "__fid": 70246}, "geometry": {"type": "LineString", "coordinates": [[2.355191599999801, 48.82487133333338], [2.3541189, 48.82531510000001], [2.3540632, 48.8253072]]}}, {"type": "Feature", "properties": {"highway": "footway", "footway": "sidewalk", "name": null, "surface": null, "lit": "yes", "length_m": 8.41, "type_element": "Way", "__fid": 70247}, "geometry": {"type": "LineString", "coordinates": [[2.3540632, 48.8253072], [2.3540468, 48.8252803], [2.3540671, 48.825235599999985]]}}, {"type": "Feature", "properties": {"highway": "footway", "footway": "sidewalk", "name": null, "surface": null, "lit": "yes", "length_m": 91.18, "type_element": "Way", "__fid": 70253}, "geometry": {"type": "LineString", "coordinates": [[2.3540671, 48.825235599999985], [2.3544116, 48.8244801], [2.3544411, 48.824456]]}}, {"type": "Feature", "properties": {"highway": "footway", "footway": null, "name": null, "surface": "concrete", "lit": "no", "length_m": 7.0, "type_element": "Way", "__fid": 70315}, "geometry": {"type": "LineString", "coordinates": [[2.3541461, 48.8270487], [2.3541432, 48.8270233], [2.3540993, 48.826999599999986]]}}, {"type": "Feature", "properties": {"highway": "footway", "footway": null, "name": null, "surface": "concrete", "lit": "no", "length_m": 1.51, "type_element": "Way", "__fid": 70316}, "geometry": {"type": "LineString", "coordinates": [[2.3541044, 48.8269864], [2.3540993, 48.826999599999986]]}}, {"type": "Feature", "properties": {"highway": "footway", "footway": "sidewalk", "name": null, "surface": "asphalt", "lit": "yes", "length_m": 8.72, "type_element": "Way", "__fid": 70335}, "geometry": {"type": "LineString", "coordinates": [[2.3541063, 48.8275898], [2.3542134, 48.8276238]]}}, {"type": "Feature", "properties": {"highway": "footway", "footway": "sidewalk", "name": null, "surface": "asphalt", "lit": "yes", "length_m": 5.55, "type_element": "Way", "__fid": 70336}, "geometry": {"type": "LineString", "coordinates": [[2.3541063, 48.8275898], [2.3541422, 48.8275459]]}}, {"type": "Feature", "properties": {"highway": "footway", "footway": null, "name": null, "surface": "concrete", "lit": "no", "length_m": 8.77, "type_element": "Way", "__fid": 70371}, "geometry": {"type": "LineString", "coordinates": [[2.3542643, 48.8270599], [2.3541461, 48.8270487]]}}, {"type": "Feature", "properties": {"highway": "footway", "footway": "sidewalk", "name": null, "surface": "asphalt", "lit": "yes", "length_m": 7.39, "type_element": "Way", "__fid": 70374}, "geometry": {"type": "LineString", "coordinates": [[2.3541422, 48.8275459], [2.3541688, 48.8274818]]}}, {"type": "Feature", "properties": {"highway": "service", "footway": null, "name": "Accès Parking Italie 2", "surface": "asphalt", "lit": "yes", "length_m": 33.7, "type_element": "Way", "__fid": 70379}, "geometry": {"type": "LineString", "coordinates": [[2.354144, 48.8278636], [2.3540869, 48.8280656], [2.3540924, 48.828094], [2.3541299, 48.8281126], [2.3541846, 48.8281243]]}}, {"type": "Feature", "properties": {"highway": "service", "footway": null, "name": "Accès Parking Italie 2", "surface": "asphalt", "lit": "yes", "length_m": 27.15, "type_element": "Way", "__fid": 70380}, "geometry": {"type": "LineString", "coordinates": [[2.3542134, 48.8276238], [2.354144, 48.8278636]]}}, {"type": "Feature", "properties": {"highway": "footway", "footway": "crossing", "name": null, "surface": "asphalt", "lit": "yes", "length_m": 12.26, "type_element": "Way", "__fid": 70405}, "geometry": {"type": "LineString", "coordinates": [[2.354317, 48.8275255], [2.3542896, 48.8275277], [2.3541688, 48.8274818]]}}, {"type": "Feature", "properties": {"highway": "footway", "footway": "sidewalk", "name": null, "surface": "asphalt", "lit": "yes", "length_m": 32.06, "type_element": "Way", "__fid": 70406}, "geometry": {"type": "LineString", "coordinates": [[2.3541688, 48.8274818], [2.3542283, 48.8271962]]}}, {"type": "Feature", "properties": {"highway": "footway", "footway": "sidewalk", "name": null, "surface": "asphalt", "lit": "yes", "length_m": 14.51, "type_element": "Way", "__fid": 70463}, "geometry": {"type": "LineString", "coordinates": [[2.3542134, 48.8276238], [2.3543902, 48.8276821]]}}, {"type": "Feature", "properties": {"highway": "service", "footway": null, "name": "Accès Parking Italie 2", "surface": "asphalt", "lit": "yes", "length_m": 5.7, "type_element": "Way", "__fid": 70464}, "geometry": {"type": "LineString", "coordinates": [[2.3542264, 48.8275733], [2.3542134, 48.8276238]]}}, {"type": "Feature", "properties": {"highway": "service", "footway": null, "name": null, "surface": "asphalt", "lit": "yes", "length_m": 6.2, "type_element": "Way", "__fid": 70475}, "geometry": {"type": "LineString", "coordinates": [[2.3543117, 48.827205], [2.3542283, 48.8271962]]}}, {"type": "Feature", "properties": {"highway": "footway", "footway": "sidewalk", "name": null, "surface": "asphalt", "lit": "yes", "length_m": 15.38, "type_element": "Way", "__fid": 70476}, "geometry": {"type": "LineString", "coordinates": [[2.3542283, 48.8271962], [2.3542643, 48.8270599]]}}, {"type": "Feature", "properties": {"highway": "footway", "footway": null, "name": null, "surface": "concrete", "lit": "yes", "length_m": 5.84, "type_element": "Way", "__fid": 70531}, "geometry": {"type": "LineString", "coordinates": [[2.3543428, 48.8270683], [2.3542643, 48.8270599]]}}, {"type": "Feature", "properties": {"highway": "footway", "footway": "sidewalk", "name": null, "surface": "asphalt", "lit": "yes", "length_m": 19.55, "type_element": "Way", "__fid": 70532}, "geometry": {"type": "LineString", "coordinates": [[2.3542643, 48.8270599], [2.3543063, 48.8268863]]}}, {"type": "Feature", "properties": {"highway": "footway", "footway": "crossing", "name": null, "surface": "asphalt", "lit": "yes", "length_m": 11.96, "type_element": "Way", "__fid": 70552}, "geometry": {"type": "LineString", "coordinates": [[2.3543167, 48.82438650000001], [2.3544411, 48.824456]]}}, {"type": "Feature", "properties": {"highway": "footway", "footway": "crossing", "name": null, "surface": "asphalt", "lit": "yes", "length_m": 14.95, "type_element": "Way", "__fid": 70580}, "geometry": {"type": "LineString", "coordinates": [[2.3545022, 48.8268953], [2.3543249, 48.8268763], [2.3543063, 48.8268863]]}}, {"type": "Feature", "properties": {"highway": "footway", "footway": "sidewalk", "name": null, "surface": "asphalt", "lit": "yes", "length_m": 58.52, "type_element": "Way", "__fid": 70603}, "geometry": {"type": "LineString", "coordinates": [[2.3551244, 48.8261453], [2.3543302, 48.8261002]]}}, {"type": "Feature", "properties": {"highway": "pedestrian", "footway": null, "name": "Passage du Moulinet", "surface": "sett", "lit": "yes", "length_m": 9.22, "type_element": "Way", "__fid": 70604}, "geometry": {"type": "LineString", "coordinates": [[2.3543302, 48.8261002], [2.3543948, 48.8260291]]}}, {"type": "Feature", "properties": {"highway": "footway", "footway": "sidewalk", "name": null, "surface": null, "lit": "yes", "length_m": 14.5, "type_element": "Way", "__fid": 70608}, "geometry": {"type": "LineString", "coordinates": [[2.3544491, 48.82761330000001], [2.3543378, 48.82756660000001], [2.354317, 48.8275255]]}}, {"type": "Feature", "properties": {"highway": "footway", "footway": "sidewalk", "name": null, "surface": "asphalt", "lit": "yes", "length_m": 1.69, "type_element": "Way", "__fid": 70609}, "geometry": {"type": "LineString", "coordinates": [[2.3543261, 48.8275115], [2.354317, 48.8275255]]}}, {"type": "Feature", "properties": {"highway": "footway", "footway": "crossing", "name": null, "surface": "paving_stones", "lit": "yes", "length_m": 8.28, "type_element": "Way", "__fid": 70620}, "geometry": {"type": "LineString", "coordinates": [[2.3543261, 48.8275115], [2.3544268, 48.8275451]]}}, {"type": "Feature", "properties": {"highway": "footway", "footway": "sidewalk", "name": null, "surface": "asphalt", "lit": "yes", "length_m": 69.82, "type_element": "Way", "__fid": 70621}, "geometry": {"type": "LineString", "coordinates": [[2.3545022, 48.8268953], [2.3544706, 48.8269543], [2.3543261, 48.8275115]]}}, {"type": "Feature", "properties": {"highway": "footway", "footway": "crossing", "name": null, "surface": "asphalt", "lit": "yes", "length_m": 13.76, "type_element": "Way", "__fid": 70622}, "geometry": {"type": "LineString", "coordinates": [[2.3543683, 48.8242642], [2.3543771, 48.8242786], [2.3544889, 48.8243322], [2.3545147, 48.8243324]]}}, {"type": "Feature", "properties": {"highway": "footway", "footway": "sidewalk", "name": null, "surface": "asphalt", "lit": "yes", "length_m": 35.33, "type_element": "Way", "__fid": 70623}, "geometry": {"type": "LineString", "coordinates": [[2.3546737, 48.8240258], [2.3544119, 48.82425580000001], [2.3543683, 48.8242642]]}}, {"type": "Feature", "properties": {"highway": "footway", "footway": "sidewalk", "name": null, "surface": "asphalt", "lit": "yes", "length_m": 18.98, "type_element": "Way", "__fid": 70668}, "geometry": {"type": "LineString", "coordinates": [[2.3543902, 48.8276821], [2.3546214, 48.8277584]]}}, {"type": "Feature", "properties": {"highway": "footway", "footway": "crossing", "name": null, "surface": "asphalt", "lit": "yes", "length_m": 8.79, "type_element": "Way", "__fid": 70669}, "geometry": {"type": "LineString", "coordinates": [[2.3543902, 48.8276821], [2.3544491, 48.82761330000001]]}}, {"type": "Feature", "properties": {"highway": "footway", "footway": "sidewalk", "name": null, "surface": "asphalt", "lit": "yes", "length_m": 2.35, "type_element": "Way", "__fid": 70681}, "geometry": {"type": "LineString", "coordinates": [[2.3544411, 48.824456], [2.3544722, 48.824451]]}}, {"type": "Feature", "properties": {"highway": "footway", "footway": "sidewalk", "name": null, "surface": "asphalt", "lit": "yes", "length_m": 68.02, "type_element": "Way", "__fid": 70721}, "geometry": {"type": "LineString", "coordinates": [[2.3544722, 48.824451], [2.3545041, 48.8244589], [2.3551924, 48.8248037], [2.3552065, 48.82482]]}}, {"type": "Feature", "properties": {"highway": "footway", "footway": "crossing", "name": null, "surface": "asphalt", "lit": "yes", "length_m": 11.93, "type_element": "Way", "__fid": 70722}, "geometry": {"type": "LineString", "coordinates": [[2.3544722, 48.824451], [2.3545032, 48.8243609], [2.3545256, 48.8243591]]}}, {"type": "Feature", "properties": {"highway": "footway", "footway": "sidewalk", "name": null, "surface": null, "lit": "yes", "length_m": 158.78, "type_element": "Way", "__fid": 70746}, "geometry": {"type": "LineString", "coordinates": [[2.3563823, 48.82823970000001], [2.3555548, 48.828], [2.3555367, 48.827983300000014], [2.3550231, 48.8278239], [2.3549547, 48.8277798], [2.3544491, 48.82761330000001]]}}, {"type": "Feature", "properties": {"highway": "footway", "footway": "sidewalk", "name": null, "surface": "asphalt", "lit": "yes", "length_m": 3.07, "type_element": "Way", "__fid": 70771}, "geometry": {"type": "LineString", "coordinates": [[2.3545256, 48.8243591], [2.3545147, 48.8243324]]}}, {"type": "Feature", "properties": {"highway": "footway", "footway": "sidewalk", "name": null, "surface": null, "lit": "yes", "length_m": 71.21, "type_element": "Way", "__fid": 70772}, "geometry": {"type": "LineString", "coordinates": [[2.355358733333506, 48.824197400000024], [2.355355, 48.8242022], [2.3546925, 48.8241843], [2.3546395, 48.8242007], [2.3545184, 48.8243066], [2.3545147, 48.8243324]]}}, {"type": "Feature", "properties": {"highway": "footway", "footway": "sidewalk", "name": null, "surface": "asphalt", "lit": "yes", "length_m": 71.0, "type_element": "Way", "__fid": 70787}, "geometry": {"type": "LineString", "coordinates": [[2.3552999, 48.8247355], [2.3552722, 48.82473550000001], [2.3545256, 48.8243591]]}}, {"type": "Feature", "properties": {"highway": "footway", "footway": "sidewalk", "name": null, "surface": "asphalt", "lit": "yes", "length_m": 10.68, "type_element": "Way", "__fid": 70796}, "geometry": {"type": "LineString", "coordinates": [[2.3546475, 48.8268898], [2.3545022, 48.8268953]]}}, {"type": "Feature", "properties": {"highway": "footway", "footway": null, "name": null, "surface": "asphalt", "lit": "yes", "length_m": 14.3, "type_element": "Way", "__fid": 70800}, "geometry": {"type": "LineString", "coordinates": [[2.3544935, 48.8278927], [2.354553, 48.82789980000001], [2.3546519, 48.8278398]]}}, {"type": "Feature", "properties": {"highway": "service", "footway": null, "name": null, "surface": "asphalt", "lit": "yes", "length_m": 4.9, "type_element": "Way", "__fid": 70927}, "geometry": {"type": "LineString", "coordinates": [[2.3546095, 48.827715], [2.3546214, 48.8277584]]}}, {"type": "Feature", "properties": {"highway": "footway", "footway": "sidewalk", "name": null, "surface": "asphalt", "lit": "yes", "length_m": 50.5, "type_element": "Way", "__fid": 70933}, "geometry": {"type": "LineString", "coordinates": [[2.3546214, 48.8277584], [2.3552325, 48.827967]]}}, {"type": "Feature", "properties": {"highway": "service", "footway": null, "name": null, "surface": "asphalt", "lit": "yes", "length_m": 9.45, "type_element": "Way", "__fid": 70934}, "geometry": {"type": "LineString", "coordinates": [[2.3546214, 48.8277584], [2.3546306, 48.827810700000015], [2.3546519, 48.8278398]]}}, {"type": "Feature", "properties": {"highway": "footway", "footway": "crossing", "name": null, "surface": "asphalt", "lit": "yes", "length_m": 10.02, "type_element": "Way", "__fid": 70950}, "geometry": {"type": "LineString", "coordinates": [[2.3547971, 48.82406420000002], [2.3546737, 48.8240258]]}}, {"type": "Feature", "properties": {"highway": "footway", "footway": "sidewalk", "name": null, "surface": null, "lit": "yes", "length_m": 83.25, "type_element": "Way", "__fid": 70951}, "geometry": {"type": "LineString", "coordinates": [[2.3553547, 48.8234272], [2.3546737, 48.8240258]]}}, {"type": "Feature", "properties": {"highway": "footway", "footway": "sidewalk", "name": null, "surface": "asphalt", "lit": "yes", "length_m": 157.42, "type_element": "Way", "__fid": 70961}, "geometry": {"type": "LineString", "coordinates": [[2.3566217, 48.827431], [2.3565748, 48.8274001], [2.3557749, 48.8272124], [2.3552839, 48.8270827], [2.3546475, 48.8268898]]}}, {"type": "Feature", "properties": {"highway": "footway", "footway": "crossing", "name": null, "surface": "asphalt", "lit": "yes", "length_m": 7.88, "type_element": "Way", "__fid": 70962}, "geometry": {"type": "LineString", "coordinates": [[2.3546906, 48.8268249], [2.3546475, 48.8268898]]}}, {"type": "Feature", "properties": {"highway": "service", "footway": null, "name": null, "surface": "asphalt", "lit": "yes", "length_m": 18.11, "type_element": "Way", "__fid": 70982}, "geometry": {"type": "LineString", "coordinates": [[2.3546519, 48.8278398], [2.3546684, 48.827853], [2.354869, 48.82791380000001]]}}, {"type": "Feature", "properties": {"highway": "footway", "footway": "crossing", "name": null, "surface": "concrete", "lit": "yes", "length_m": 12.49, "type_element": "Way", "__fid": 70986}, "geometry": {"type": "LineString", "coordinates": [[2.3546999, 48.8241719], [2.3547941, 48.8240784]]}}, {"type": "Feature", "properties": {"highway": "footway", "footway": "sidewalk", "name": null, "surface": "asphalt", "lit": "yes", "length_m": 20.69, "type_element": "Way", "__fid": 71011}, "geometry": {"type": "LineString", "coordinates": [[2.3546906, 48.8268249], [2.3549471, 48.82690190000001]]}}, {"type": "Feature", "properties": {"highway": "footway", "footway": "sidewalk", "name": null, "surface": null, "lit": "yes", "length_m": 42.76, "type_element": "Way", "__fid": 71101}, "geometry": {"type": "LineString", "coordinates": [[2.3547941, 48.8240784], [2.3548102, 48.8240989], [2.3553292, 48.8241121], [2.3553554, 48.8241055]]}}, {"type": "Feature", "properties": {"highway": "footway", "footway": "sidewalk", "name": null, "surface": null, "lit": "yes", "length_m": 1.59, "type_element": "Way", "__fid": 71102}, "geometry": {"type": "LineString", "coordinates": [[2.3547971, 48.82406420000002], [2.3547941, 48.8240784]]}}, {"type": "Feature", "properties": {"highway": "footway", "footway": "sidewalk", "name": null, "surface": null, "lit": "yes", "length_m": 67.69, "type_element": "Way", "__fid": 71106}, "geometry": {"type": "LineString", "coordinates": [[2.3553832, 48.8236285], [2.3553017, 48.823621], [2.3547971, 48.82406420000002]]}}, {"type": "Feature", "properties": {"highway": "footway", "footway": null, "name": null, "surface": "asphalt", "lit": "yes", "length_m": 9.01, "type_element": "Way", "__fid": 71210}, "geometry": {"type": "LineString", "coordinates": [[2.354869, 48.82791380000001], [2.3548429, 48.827993]]}}, {"type": "Feature", "properties": {"highway": "service", "footway": null, "name": null, "surface": "asphalt", "lit": "yes", "length_m": 23.95, "type_element": "Way", "__fid": 71256}, "geometry": {"type": "LineString", "coordinates": [[2.354869, 48.82791380000001], [2.355103, 48.8279844], [2.3551713, 48.8279908]]}}, {"type": "Feature", "properties": {"highway": "service", "footway": null, "name": null, "surface": "asphalt", "lit": "yes", "length_m": 3.91, "type_element": "Way", "__fid": 71320}, "geometry": {"type": "LineString", "coordinates": [[2.3549175, 48.82693110000002], [2.3549471, 48.82690190000001]]}}, {"type": "Feature", "properties": {"highway": "footway", "footway": "sidewalk", "name": null, "surface": "asphalt", "lit": "yes", "length_m": 137.66, "type_element": "Way", "__fid": 71341}, "geometry": {"type": "LineString", "coordinates": [[2.3549471, 48.82690190000001], [2.3556521, 48.8271097], [2.3561878, 48.8272412], [2.3566921, 48.827352]]}}, {"type": "Feature", "properties": {"highway": "service", "footway": null, "name": null, "surface": "asphalt", "lit": "yes", "length_m": 1.48, "type_element": "Way", "__fid": 71342}, "geometry": {"type": "LineString", "coordinates": [[2.3549471, 48.82690190000001], [2.3549577, 48.826890599999984]]}}, {"type": "Feature", "properties": {"highway": "service", "footway": null, "name": null, "surface": null, "lit": null, "length_m": 32.63, "type_element": "Way", "__fid": 71456}, "geometry": {"type": "LineString", "coordinates": [[2.3550576, 48.826431], [2.3550881, 48.8264038], [2.3551244, 48.8261453]]}}, {"type": "Feature", "properties": {"highway": "footway", "footway": "sidewalk", "name": null, "surface": "asphalt", "lit": "yes", "length_m": 12.74, "type_element": "Way", "__fid": 71547}, "geometry": {"type": "LineString", "coordinates": [[2.3552974, 48.8261539], [2.3551244, 48.8261453]]}}, {"type": "Feature", "properties": {"highway": "service", "footway": null, "name": null, "surface": "asphalt", "lit": "yes", "length_m": 8.38, "type_element": "Way", "__fid": 71548}, "geometry": {"type": "LineString", "coordinates": [[2.3551352, 48.8260703], [2.3551244, 48.8261453]]}}, {"type": "Feature", "properties": {"highway": "footway", "footway": "crossing", "name": null, "surface": "asphalt", "lit": "yes", "length_m": 9.58, "type_element": "Way", "__fid": 71608}, "geometry": {"type": "LineString", "coordinates": [[2.355191599999801, 48.82487133333338], [2.3552578, 48.8249456]]}}, {"type": "Feature", "properties": {"highway": "footway", "footway": "sidewalk", "name": null, "surface": null, "lit": "yes", "length_m": 6.32, "type_element": "Way", "__fid": 71609}, "geometry": {"type": "LineString", "coordinates": [[2.3552065, 48.82482], [2.3552058, 48.8248532], [2.3551874, 48.8248664], [2.355191599999801, 48.82487133333338]]}}, {"type": "Feature", "properties": {"highway": "footway", "footway": "crossing", "name": null, "surface": "asphalt", "lit": "yes", "length_m": 11.78, "type_element": "Way", "__fid": 71625}, "geometry": {"type": "LineString", "coordinates": [[2.3552999, 48.8247355], [2.3552953, 48.8247491], [2.3552065, 48.82482]]}}, {"type": "Feature", "properties": {"highway": "footway", "footway": null, "name": null, "surface": "asphalt", "lit": "yes", "length_m": 3.81, "type_element": "Way", "__fid": 71632}, "geometry": {"type": "LineString", "coordinates": [[2.3551713, 48.8279908], [2.3551704, 48.8280251]]}}, {"type": "Feature", "properties": {"highway": "service", "footway": null, "name": null, "surface": "asphalt", "lit": "yes", "length_m": 5.21, "type_element": "Way", "__fid": 71633}, "geometry": {"type": "LineString", "coordinates": [[2.3551713, 48.8279908], [2.3552325, 48.827967]]}}, {"type": "Feature", "properties": {"highway": "pedestrian", "footway": null, "name": "Rue Damesme", "surface": "asphalt", "lit": "yes", "length_m": 8.88, "type_element": "Way", "__fid": 71648}, "geometry": {"type": "LineString", "coordinates": [[2.3552126, 48.8260748], [2.3552154, 48.825995]]}}, {"type": "Feature", "properties": {"highway": "pedestrian", "footway": null, "name": "Rue Damesme", "surface": "asphalt", "lit": "yes", "length_m": 117.15, "type_element": "Way", "__fid": 71653}, "geometry": {"type": "LineString", "coordinates": [[2.3552154, 48.825995], [2.3552431, 48.8256409], [2.3552393, 48.8255835], [2.35532, 48.8249791], [2.3553333, 48.8249454]]}}, {"type": "Feature", "properties": {"highway": "footway", "footway": "sidewalk", "name": null, "surface": null, "lit": "yes", "length_m": 5.58, "type_element": "Way", "__fid": 71654}, "geometry": {"type": "LineString", "coordinates": [[2.3552913, 48.8259968], [2.3552154, 48.825995]]}}, {"type": "Feature", "properties": {"highway": "footway", "footway": "sidewalk", "name": null, "surface": null, "lit": "yes", "length_m": 5.86, "type_element": "Way", "__fid": 71707}, "geometry": {"type": "LineString", "coordinates": [[2.3552578, 48.8249456], [2.3552953, 48.824954], [2.3553333, 48.8249454]]}}, {"type": "Feature", "properties": {"highway": "footway", "footway": "sidewalk", "name": null, "surface": "asphalt", "lit": "yes", "length_m": 93.17, "type_element": "Way", "__fid": 71716}, "geometry": {"type": "LineString", "coordinates": [[2.3552325, 48.827967], [2.3563793, 48.828326]]}}, {"type": "Feature", "properties": {"highway": "service", "footway": null, "name": null, "surface": "asphalt", "lit": "yes", "length_m": 3.26, "type_element": "Way", "__fid": 71717}, "geometry": {"type": "LineString", "coordinates": [[2.3552325, 48.827967], [2.3552705, 48.8279518]]}}, {"type": "Feature", "properties": {"highway": "footway", "footway": "sidewalk", "name": null, "surface": "asphalt", "lit": "yes", "length_m": 3.93, "type_element": "Way", "__fid": 71755}, "geometry": {"type": "LineString", "coordinates": [[2.3553495, 48.82472230000002], [2.3552999, 48.8247355]]}}, {"type": "Feature", "properties": {"highway": "footway", "footway": "sidewalk", "name": null, "surface": "asphalt", "lit": "yes", "length_m": 2.92, "type_element": "Way", "__fid": 71759}, "geometry": {"type": "LineString", "coordinates": [[2.3552913, 48.8259968], [2.3553202, 48.82601489999998]]}}, {"type": "Feature", "properties": {"highway": "footway", "footway": "sidewalk", "name": null, "surface": null, "lit": "yes", "length_m": 119.25, "type_element": "Way", "__fid": 71760}, "geometry": {"type": "LineString", "coordinates": [[2.3554154, 48.8249275], [2.3552913, 48.8259968]]}}, {"type": "Feature", "properties": {"highway": "footway", "footway": "sidewalk", "name": null, "surface": "asphalt", "lit": "yes", "length_m": 53.14, "type_element": "Way", "__fid": 71764}, "geometry": {"type": "LineString", "coordinates": [[2.3560191, 48.82619], [2.3552974, 48.8261539]]}}, {"type": "Feature", "properties": {"highway": "footway", "footway": "crossing", "name": null, "surface": "asphalt", "lit": "yes", "length_m": 15.55, "type_element": "Way", "__fid": 71765}, "geometry": {"type": "LineString", "coordinates": [[2.3553202, 48.82601489999998], [2.3552974, 48.8261539]]}}, {"type": "Feature", "properties": {"highway": "pedestrian", "footway": null, "name": "Rue Damesme", "surface": "asphalt", "lit": "yes", "length_m": 9.21, "type_element": "Way", "__fid": 71792}, "geometry": {"type": "LineString", "coordinates": [[2.3553333, 48.8249454], [2.3553653, 48.8248653]]}}, {"type": "Feature", "properties": {"highway": "footway", "footway": "sidewalk", "name": null, "surface": "asphalt", "lit": "yes", "length_m": 6.35, "type_element": "Way", "__fid": 71793}, "geometry": {"type": "LineString", "coordinates": [[2.3554154, 48.8249275], [2.3553333, 48.8249454]]}}, {"type": "Feature", "properties": {"highway": "footway", "footway": "sidewalk", "name": null, "surface": "asphalt", "lit": "yes", "length_m": 129.18, "type_element": "Way", "__fid": 71796}, "geometry": {"type": "LineString", "coordinates": [[2.3553202, 48.82601489999998], [2.3570736, 48.82611150000001]]}}, {"type": "Feature", "properties": {"highway": "footway", "footway": "crossing", "name": null, "surface": "concrete:plates", "lit": "yes", "length_m": 10.43, "type_element": "Way", "__fid": 71819}, "geometry": {"type": "LineString", "coordinates": [[2.3553554, 48.8241055], [2.3553645, 48.8241144], [2.355358733333506, 48.824197400000024]]}}, {"type": "Feature", "properties": {"highway": "footway", "footway": "sidewalk", "name": null, "surface": null, "lit": "yes", "length_m": 1.87, "type_element": "Way", "__fid": 71820}, "geometry": {"type": "LineString", "coordinates": [[2.3553554, 48.8241055], [2.3553758, 48.8240954]]}}, {"type": "Feature", "properties": {"highway": "footway", "footway": "crossing", "name": null, "surface": "paving_stones", "lit": "yes", "length_m": 11.95, "type_element": "Way", "__fid": 71824}, "geometry": {"type": "LineString", "coordinates": [[2.3553495, 48.82472230000002], [2.355463, 48.82479929999999]]}}, {"type": "Feature", "properties": {"highway": "footway", "footway": "sidewalk", "name": null, "surface": "asphalt", "lit": "yes", "length_m": 58.7, "type_element": "Way", "__fid": 71825}, "geometry": {"type": "LineString", "coordinates": [[2.355358733333506, 48.824197400000024], [2.3553818, 48.8242415], [2.3553495, 48.82472230000002]]}}, {"type": "Feature", "properties": {"highway": "footway", "footway": "crossing", "name": null, "surface": "sett", "lit": "yes", "length_m": 10.69, "type_element": "Way", "__fid": 71847}, "geometry": {"type": "LineString", "coordinates": [[2.3553758, 48.8240954], [2.3553873, 48.8241015], [2.355518, 48.8241057]]}}, {"type": "Feature", "properties": {"highway": "footway", "footway": "sidewalk", "name": null, "surface": null, "lit": "yes", "length_m": 52.31, "type_element": "Way", "__fid": 71848}, "geometry": {"type": "LineString", "coordinates": [[2.3553758, 48.8240954], [2.3553899, 48.82407039999998], [2.355405, 48.8237892], [2.3553949, 48.8236475], [2.3553832, 48.8236285]]}}, {"type": "Feature", "properties": {"highway": "footway", "footway": "sidewalk", "name": null, "surface": "asphalt", "lit": "yes", "length_m": 8.2, "type_element": "Way", "__fid": 71924}, "geometry": {"type": "LineString", "coordinates": [[2.3554838, 48.82487320000001], [2.3554174, 48.824913], [2.3554154, 48.8249275]]}}, {"type": "Feature", "properties": {"highway": "service", "footway": null, "name": null, "surface": null, "lit": "yes", "length_m": 5.3, "type_element": "Way", "__fid": 71940}, "geometry": {"type": "LineString", "coordinates": [[2.3554304, 48.8244154], [2.3555025, 48.82441690000002]]}}, {"type": "Feature", "properties": {"highway": "footway", "footway": null, "name": "Impasse Onfroy", "surface": "asphalt", "lit": "yes", "length_m": 5.33, "type_element": "Way", "__fid": 71941}, "geometry": {"type": "LineString", "coordinates": [[2.355432, 48.824376], [2.3555046, 48.8243768]]}}, {"type": "Feature", "properties": {"highway": "footway", "footway": null, "name": "Impasse Baudran", "surface": "asphalt", "lit": "yes", "length_m": 5.18, "type_element": "Way", "__fid": 71952}, "geometry": {"type": "LineString", "coordinates": [[2.3554455, 48.82415189999998], [2.355516, 48.8241523]]}}, {"type": "Feature", "properties": {"highway": "footway", "footway": "sidewalk", "name": null, "surface": "paving_stones", "lit": "yes", "length_m": 2.69, "type_element": "Way", "__fid": 71993}, "geometry": {"type": "LineString", "coordinates": [[2.355463, 48.82479929999999], [2.3554811, 48.8248203]]}}, {"type": "Feature", "properties": {"highway": "footway", "footway": "sidewalk", "name": null, "surface": "asphalt", "lit": "yes", "length_m": 42.92, "type_element": "Way", "__fid": 71994}, "geometry": {"type": "LineString", "coordinates": [[2.3555025, 48.82441690000002], [2.3554797, 48.8247827], [2.355463, 48.82479929999999]]}}, {"type": "Feature", "properties": {"highway": "footway", "footway": "sidewalk", "name": null, "surface": "asphalt", "lit": "yes", "length_m": 124.64, "type_element": "Way", "__fid": 72024}, "geometry": {"type": "LineString", "coordinates": [[2.3554811, 48.8248203], [2.3564018, 48.82487719999999], [2.3570904, 48.8250141], [2.3571427, 48.8250059]]}}, {"type": "Feature", "properties": {"highway": "footway", "footway": "crossing", "name": null, "surface": "asphalt", "lit": "yes", "length_m": 5.89, "type_element": "Way", "__fid": 72025}, "geometry": {"type": "LineString", "coordinates": [[2.3554811, 48.8248203], [2.3554838, 48.82487320000001]]}}, {"type": "Feature", "properties": {"highway": "footway", "footway": "sidewalk", "name": null, "surface": "paving_stones", "lit": "yes", "length_m": 124.44, "type_element": "Way", "__fid": 72028}, "geometry": {"type": "LineString", "coordinates": [[2.3554838, 48.82487320000001], [2.355929, 48.8249006], [2.3560638, 48.82492580000001], [2.356265, 48.8249355], [2.3563716, 48.8249236], [2.35713, 48.8250873]]}}, {"type": "Feature", "properties": {"highway": "service", "footway": null, "name": null, "surface": null, "lit": "yes", "length_m": 1.15, "type_element": "Way", "__fid": 72045}, "geometry": {"type": "LineString", "coordinates": [[2.3555025, 48.82441690000002], [2.3555181, 48.8244172]]}}, {"type": "Feature", "properties": {"highway": "footway", "footway": "sidewalk", "name": null, "surface": "asphalt", "lit": "yes", "length_m": 4.46, "type_element": "Way", "__fid": 72046}, "geometry": {"type": "LineString", "coordinates": [[2.3555046, 48.8243768], [2.3555025, 48.82441690000002]]}}, {"type": "Feature", "properties": {"highway": "footway", "footway": null, "name": "Impasse Onfroy", "surface": null, "lit": null, "length_m": 14.18, "type_element": "Way", "__fid": 72051}, "geometry": {"type": "LineString", "coordinates": [[2.3555046, 48.8243768], [2.3556977, 48.8243789]]}}, {"type": "Feature", "properties": {"highway": "footway", "footway": "sidewalk", "name": null, "surface": "asphalt", "lit": "yes", "length_m": 24.98, "type_element": "Way", "__fid": 72052}, "geometry": {"type": "LineString", "coordinates": [[2.355516, 48.8241523], [2.3555046, 48.8243768]]}}, {"type": "Feature", "properties": {"highway": "footway", "footway": "sidewalk", "name": null, "surface": null, "lit": "yes", "length_m": 55.01, "type_element": "Way", "__fid": 72060}, "geometry": {"type": "LineString", "coordinates": [[2.3555186, 48.8236115], [2.3555347, 48.8238005], [2.355518, 48.8241057]]}}, {"type": "Feature", "properties": {"highway": "footway", "footway": "sidewalk", "name": null, "surface": "asphalt", "lit": "yes", "length_m": 5.18, "type_element": "Way", "__fid": 72064}, "geometry": {"type": "LineString", "coordinates": [[2.355518, 48.8241057], [2.355516, 48.8241523]]}}, {"type": "Feature", "properties": {"highway": "footway", "footway": null, "name": "Impasse Baudran", "surface": "asphalt", "lit": "yes", "length_m": 59.4, "type_element": "Way", "__fid": 72065}, "geometry": {"type": "LineString", "coordinates": [[2.355516, 48.8241523], [2.3563251, 48.8241535]]}}, {"type": "Feature", "properties": {"highway": "footway", "footway": null, "name": null, "surface": null, "lit": null, "length_m": 9.87, "type_element": "Way", "__fid": 72367}, "geometry": {"type": "LineString", "coordinates": [[2.3556887, 48.824563699999985], [2.3558231, 48.8245652]]}}, {"type": "Feature", "properties": {"highway": "footway", "footway": null, "name": null, "surface": null, "lit": null, "length_m": 44.68, "type_element": "Way", "__fid": 72368}, "geometry": {"type": "LineString", "coordinates": [[2.3556887, 48.824563699999985], [2.3556829, 48.82468470000001], [2.3556937, 48.8246958], [2.3559307, 48.82470660000001], [2.3559373, 48.824596]]}}, {"type": "Feature", "properties": {"highway": "footway", "footway": null, "name": null, "surface": null, "lit": null, "length_m": 20.56, "type_element": "Way", "__fid": 72369}, "geometry": {"type": "LineString", "coordinates": [[2.3556977, 48.8243789], [2.3556887, 48.824563699999985]]}}, {"type": "Feature", "properties": {"highway": "footway", "footway": null, "name": "Impasse Onfroy", "surface": null, "lit": null, "length_m": 3.22, "type_element": "Way", "__fid": 72382}, "geometry": {"type": "LineString", "coordinates": [[2.3556977, 48.8243789], [2.3557416, 48.8243793]]}}, {"type": "Feature", "properties": {"highway": "footway", "footway": null, "name": "Impasse Onfroy", "surface": null, "lit": null, "length_m": 38.25, "type_element": "Way", "__fid": 72439}, "geometry": {"type": "LineString", "coordinates": [[2.3557416, 48.8243793], [2.3562625, 48.824385]]}}, {"type": "Feature", "properties": {"highway": "footway", "footway": null, "name": null, "surface": null, "lit": null, "length_m": 21.52, "type_element": "Way", "__fid": 72440}, "geometry": {"type": "LineString", "coordinates": [[2.3558231, 48.8245652], [2.3557416, 48.8243793]]}}, {"type": "Feature", "properties": {"highway": "footway", "footway": "sidewalk", "name": null, "surface": "asphalt", "lit": "yes", "length_m": 133.32, "type_element": "Way", "__fid": 72522}, "geometry": {"type": "LineString", "coordinates": [[2.3560967, 48.8293579], [2.3557359, 48.830533]]}}, {"type": "Feature", "properties": {"highway": "footway", "footway": null, "name": null, "surface": null, "lit": null, "length_m": 11.81, "type_element": "Way", "__fid": 72531}, "geometry": {"type": "LineString", "coordinates": [[2.3558231, 48.8245652], [2.3559391, 48.8245664], [2.3559373, 48.824596]]}}, {"type": "Feature", "properties": {"highway": "steps", "footway": null, "name": null, "surface": null, "lit": null, "length_m": 8.48, "type_element": "Way", "__fid": 72570}, "geometry": {"type": "LineString", "coordinates": [[2.3559373, 48.824596], [2.3558499, 48.824596], [2.3558492, 48.82460750000001], [2.3558599, 48.8246079]]}}, {"type": "Feature", "properties": {"highway": "service", "footway": null, "name": null, "surface": "asphalt", "lit": "yes", "length_m": 24.89, "type_element": "Way", "__fid": 72727}, "geometry": {"type": "LineString", "coordinates": [[2.3559326, 48.82878130000001], [2.3562646, 48.82882690000001]]}}, {"type": "Feature", "properties": {"highway": "service", "footway": null, "name": null, "surface": null, "lit": null, "length_m": 13.81, "type_element": "Way", "__fid": 72780}, "geometry": {"type": "LineString", "coordinates": [[2.3560191, 48.82619], [2.3560052, 48.8263139]]}}, {"type": "Feature", "properties": {"highway": "footway", "footway": "sidewalk", "name": null, "surface": "asphalt", "lit": "yes", "length_m": 74.64, "type_element": "Way", "__fid": 72802}, "geometry": {"type": "LineString", "coordinates": [[2.3570314, 48.8262382], [2.3569731, 48.8262444], [2.3560191, 48.82619]]}}, {"type": "Feature", "properties": {"highway": "service", "footway": null, "name": null, "surface": "asphalt", "lit": "yes", "length_m": 7.73, "type_element": "Way", "__fid": 72803}, "geometry": {"type": "LineString", "coordinates": [[2.3560257, 48.8261206], [2.3560191, 48.82619]]}}, {"type": "Feature", "properties": {"highway": "footway", "footway": "crossing", "name": null, "surface": "asphalt", "lit": "yes", "length_m": 26.53, "type_element": "Way", "__fid": 72962}, "geometry": {"type": "LineString", "coordinates": [[2.3564514, 48.8294034], [2.3560967, 48.8293579]]}}, {"type": "Feature", "properties": {"highway": "footway", "footway": "sidewalk", "name": null, "surface": "asphalt", "lit": "yes", "length_m": 60.32, "type_element": "Way", "__fid": 72963}, "geometry": {"type": "LineString", "coordinates": [[2.3560967, 48.8293579], [2.3562646, 48.82882690000001]]}}, {"type": "Feature", "properties": {"highway": "footway", "footway": "sidewalk", "name": null, "surface": "asphalt", "lit": "yes", "length_m": 133.91, "type_element": "Way", "__fid": 72974}, "geometry": {"type": "LineString", "coordinates": [[2.3560914, 48.830584], [2.3564514, 48.8294034]]}}, {"type": "Feature", "properties": {"highway": "service", "footway": null, "name": null, "surface": "asphalt", "lit": "yes", "length_m": 13.98, "type_element": "Way", "__fid": 73180}, "geometry": {"type": "LineString", "coordinates": [[2.3562646, 48.82882690000001], [2.3564512, 48.8288521]]}}, {"type": "Feature", "properties": {"highway": "footway", "footway": "sidewalk", "name": null, "surface": "asphalt", "lit": "yes", "length_m": 49.03, "type_element": "Way", "__fid": 73181}, "geometry": {"type": "LineString", "coordinates": [[2.3562646, 48.82882690000001], [2.3564035, 48.8283956]]}}, {"type": "Feature", "properties": {"highway": "footway", "footway": "sidewalk", "name": null, "surface": "asphalt", "lit": "yes", "length_m": 8.89, "type_element": "Way", "__fid": 73324}, "geometry": {"type": "LineString", "coordinates": [[2.3563793, 48.828326], [2.3564142, 48.8283481], [2.3564035, 48.8283956]]}}, {"type": "Feature", "properties": {"highway": "footway", "footway": "crossing", "name": null, "surface": "asphalt", "lit": "yes", "length_m": 10.14, "type_element": "Way", "__fid": 73325}, "geometry": {"type": "LineString", "coordinates": [[2.3563793, 48.828326], [2.3564024, 48.8282686], [2.3563823, 48.82823970000001]]}}, {"type": "Feature", "properties": {"highway": "footway", "footway": "sidewalk", "name": null, "surface": "asphalt", "lit": "yes", "length_m": 83.65, "type_element": "Way", "__fid": 73333}, "geometry": {"type": "LineString", "coordinates": [[2.3563823, 48.82823970000001], [2.3563769, 48.8282199], [2.3565994, 48.8275026]]}}, {"type": "Feature", "properties": {"highway": "footway", "footway": "traffic_island", "name": null, "surface": "asphalt", "lit": "yes", "length_m": 26.2, "type_element": "Way", "__fid": 73363}, "geometry": {"type": "LineString", "coordinates": [[2.3564035, 48.8283956], [2.3567518, 48.8284468]]}}, {"type": "Feature", "properties": {"highway": "footway", "footway": "sidewalk", "name": null, "surface": "asphalt", "lit": "yes", "length_m": 108.63, "type_element": "Way", "__fid": 73434}, "geometry": {"type": "LineString", "coordinates": [[2.3567518, 48.8284468], [2.3564514, 48.8294034]]}}, {"type": "Feature", "properties": {"highway": "footway", "footway": "sidewalk", "name": null, "surface": "asphalt", "lit": "yes", "length_m": 221.96, "type_element": "Way", "__fid": 73473}, "geometry": {"type": "LineString", "coordinates": [[2.3572021, 48.8249642], [2.3572121, 48.824937], [2.356953, 48.8241422], [2.3566093, 48.82343010000001], [2.3565583, 48.8230237]]}}, {"type": "Feature", "properties": {"highway": "footway", "footway": "sidewalk", "name": null, "surface": "asphalt", "lit": "yes", "length_m": 225.61, "type_element": "Way", "__fid": 73558}, "geometry": {"type": "LineString", "coordinates": [[2.3566309, 48.8230187], [2.3566708, 48.8234062], [2.3567129, 48.8234937], [2.3567409, 48.8235007], [2.3569603, 48.8239511], [2.3569451, 48.82396880000001], [2.3571246, 48.8243558], [2.3572487, 48.8247421], [2.357244, 48.8247836], [2.3573003, 48.8249743]]}}, {"type": "Feature", "properties": {"highway": "footway", "footway": "crossing", "name": null, "surface": "asphalt", "lit": "yes", "length_m": 31.96, "type_element": "Way", "__fid": 73591}, "geometry": {"type": "LineString", "coordinates": [[2.3565994, 48.8275026], [2.3570274, 48.82755520000001]]}}, {"type": "Feature", "properties": {"highway": "footway", "footway": "sidewalk", "name": null, "surface": "asphalt", "lit": "yes", "length_m": 8.13, "type_element": "Way", "__fid": 73592}, "geometry": {"type": "LineString", "coordinates": [[2.3565994, 48.8275026], [2.3566217, 48.827431]]}}, {"type": "Feature", "properties": {"highway": "footway", "footway": "crossing", "name": null, "surface": "asphalt", "lit": "yes", "length_m": 11.64, "type_element": "Way", "__fid": 73616}, "geometry": {"type": "LineString", "coordinates": [[2.3566921, 48.827352], [2.3566816, 48.82741269999998], [2.3566217, 48.827431]]}}, {"type": "Feature", "properties": {"highway": "footway", "footway": "sidewalk", "name": null, "surface": "asphalt", "lit": "yes", "length_m": 76.41, "type_element": "Way", "__fid": 73683}, "geometry": {"type": "LineString", "coordinates": [[2.3566921, 48.827352], [2.3566713, 48.8272721], [2.356853, 48.826678]]}}, {"type": "Feature", "properties": {"highway": "footway", "footway": "sidewalk", "name": null, "surface": "asphalt", "lit": "yes", "length_m": 71.42, "type_element": "Way", "__fid": 73753}, "geometry": {"type": "LineString", "coordinates": [[2.3567518, 48.8284468], [2.3569467, 48.8278175]]}}, {"type": "Feature", "properties": {"highway": "pedestrian", "footway": null, "name": "Rue des Deux Avenues", "surface": "asphalt", "lit": "yes", "length_m": 12.97, "type_element": "Way", "__fid": 73767}, "geometry": {"type": "LineString", "coordinates": [[2.356773, 48.82779630000002], [2.3569467, 48.8278175]]}}, {"type": "Feature", "properties": {"highway": "footway", "footway": null, "name": null, "surface": null, "lit": null, "length_m": 36.24, "type_element": "Way", "__fid": 73818}, "geometry": {"type": "LineString", "coordinates": [[2.3572675, 48.8293489], [2.3570374, 48.8292857], [2.3568002, 48.8292467]]}}, {"type": "Feature", "properties": {"highway": "steps", "footway": null, "name": null, "surface": null, "lit": "yes", "length_m": 13.62, "type_element": "Way", "__fid": 73862}, "geometry": {"type": "LineString", "coordinates": [[2.3568736, 48.8267728], [2.356901, 48.8266845], [2.356853, 48.826678]]}}, {"type": "Feature", "properties": {"highway": "footway", "footway": "sidewalk", "name": null, "surface": "asphalt", "lit": "yes", "length_m": 48.42, "type_element": "Way", "__fid": 73863}, "geometry": {"type": "LineString", "coordinates": [[2.356853, 48.826678], [2.3569422, 48.8263861], [2.3570079, 48.826342400000016], [2.3570387, 48.8262691]]}}, {"type": "Feature", "properties": {"highway": "footway", "footway": null, "name": null, "surface": "asphalt", "lit": "yes", "length_m": 31.72, "type_element": "Way", "__fid": 73877}, "geometry": {"type": "LineString", "coordinates": [[2.3568736, 48.8267728], [2.3568775, 48.8267812], [2.357063100000072, 48.826810750000014], [2.3568623, 48.8267866], [2.3568736, 48.8267728]]}}, {"type": "Feature", "properties": {"highway": "pedestrian", "footway": null, "name": "Rue des Deux Avenues", "surface": "paving_stones", "lit": "yes", "length_m": 49.33, "type_element": "Way", "__fid": 73961}, "geometry": {"type": "LineString", "coordinates": [[2.3569467, 48.8278175], [2.3576062, 48.8279024]]}}, {"type": "Feature", "properties": {"highway": "footway", "footway": "sidewalk", "name": null, "surface": "asphalt", "lit": "yes", "length_m": 29.76, "type_element": "Way", "__fid": 73962}, "geometry": {"type": "LineString", "coordinates": [[2.3569467, 48.8278175], [2.3570274, 48.82755520000001]]}}, {"type": "Feature", "properties": {"highway": "steps", "footway": null, "name": null, "surface": "concrete", "lit": "24/7", "length_m": 7.09, "type_element": "Way", "__fid": 74026}, "geometry": {"type": "LineString", "coordinates": [[2.3570433, 48.8263758], [2.3570171, 48.8264372]]}}, {"type": "Feature", "properties": {"highway": "footway", "footway": "sidewalk", "name": null, "surface": "paving_stones", "lit": "yes", "length_m": 3.48, "type_element": "Way", "__fid": 74038}, "geometry": {"type": "LineString", "coordinates": [[2.3570387, 48.8262691], [2.3570314, 48.8262382]]}}, {"type": "Feature", "properties": {"highway": "footway", "footway": "crossing", "name": null, "surface": "asphalt", "lit": "yes", "length_m": 14.64, "type_element": "Way", "__fid": 74039}, "geometry": {"type": "LineString", "coordinates": [[2.3570736, 48.82611150000001], [2.3570499, 48.826221], [2.3570314, 48.8262382]]}}, {"type": "Feature", "properties": {"highway": "footway", "footway": "sidewalk", "name": null, "surface": "asphalt", "lit": "yes", "length_m": 2.19, "type_element": "Way", "__fid": 74052}, "geometry": {"type": "LineString", "coordinates": [[2.3570387, 48.8262691], [2.3570681, 48.826272199999984]]}}, {"type": "Feature", "properties": {"highway": "footway", "footway": "sidewalk", "name": null, "surface": "asphalt", "lit": "yes", "length_m": 81.98, "type_element": "Way", "__fid": 74059}, "geometry": {"type": "LineString", "coordinates": [[2.3570274, 48.82755520000001], [2.3572446, 48.8268523], [2.3572701, 48.82684170000002]]}}, {"type": "Feature", "properties": {"highway": "footway", "footway": null, "name": null, "surface": null, "lit": "24/7", "length_m": 6.78, "type_element": "Way", "__fid": 74060}, "geometry": {"type": "LineString", "coordinates": [[2.357133619308496, 48.826388554722094], [2.3570433, 48.8263758]]}}, {"type": "Feature", "properties": {"highway": "steps", "footway": null, "name": null, "surface": "concrete", "lit": "yes", "length_m": 11.66, "type_element": "Way", "__fid": 74061}, "geometry": {"type": "LineString", "coordinates": [[2.3570433, 48.8263758], [2.3570681, 48.826272199999984]]}}, {"type": "Feature", "properties": {"highway": "footway", "footway": "traffic_island", "name": null, "surface": "asphalt", "lit": "yes", "length_m": 24.28, "type_element": "Way", "__fid": 74091}, "geometry": {"type": "LineString", "coordinates": [[2.3570681, 48.826272199999984], [2.357393126998538, 48.82631245065252]]}}, {"type": "Feature", "properties": {"highway": "footway", "footway": "sidewalk", "name": null, "surface": "paving_stones", "lit": "yes", "length_m": 9.94, "type_element": "Way", "__fid": 74098}, "geometry": {"type": "LineString", "coordinates": [[2.3570736, 48.82611150000001], [2.3571078, 48.826025]]}}, {"type": "Feature", "properties": {"highway": "footway", "footway": "sidewalk", "name": null, "surface": "asphalt", "lit": "yes", "length_m": 36.46, "type_element": "Way", "__fid": 74116}, "geometry": {"type": "LineString", "coordinates": [[2.3570428, 48.8296413], [2.3572675, 48.8293489]]}}, {"type": "Feature", "properties": {"highway": "footway", "footway": "traffic_island", "name": null, "surface": "asphalt", "lit": "yes", "length_m": 28.41, "type_element": "Way", "__fid": 74139}, "geometry": {"type": "LineString", "coordinates": [[2.3571078, 48.826025], [2.3574555, 48.8260705], [2.357478366018569, 48.82608578231892]]}}, {"type": "Feature", "properties": {"highway": "footway", "footway": "sidewalk", "name": null, "surface": "paving_stones", "lit": "yes", "length_m": 38.8, "type_element": "Way", "__fid": 74140}, "geometry": {"type": "LineString", "coordinates": [[2.3571078, 48.826025], [2.3571762, 48.82587359999999], [2.3572367, 48.8256869]]}}, {"type": "Feature", "properties": {"highway": "footway", "footway": "sidewalk", "name": null, "surface": "sett", "lit": "yes", "length_m": 19.86, "type_element": "Way", "__fid": 74146}, "geometry": {"type": "LineString", "coordinates": [[2.35713, 48.8250873], [2.3573875, 48.8251421]]}}, {"type": "Feature", "properties": {"highway": "footway", "footway": "crossing", "name": null, "surface": "asphalt", "lit": "yes", "length_m": 9.58, "type_element": "Way", "__fid": 74147}, "geometry": {"type": "LineString", "coordinates": [[2.35713, 48.8250873], [2.3571555, 48.82501760000001], [2.3571427, 48.8250059]]}}, {"type": "Feature", "properties": {"highway": "footway", "footway": "sidewalk", "name": null, "surface": "asphalt", "lit": "yes", "length_m": 6.37, "type_element": "Way", "__fid": 74164}, "geometry": {"type": "LineString", "coordinates": [[2.3571427, 48.8250059], [2.3572021, 48.8249642]]}}, {"type": "Feature", "properties": {"highway": "footway", "footway": null, "name": null, "surface": null, "lit": "24/7", "length_m": 5.99, "type_element": "Way", "__fid": 74172}, "geometry": {"type": "LineString", "coordinates": [[2.3572135, 48.8263994], [2.357133619308496, 48.826388554722094]]}}, {"type": "Feature", "properties": {"highway": "footway", "footway": null, "name": null, "surface": null, "lit": "24/7", "length_m": 6.11, "type_element": "Way", "__fid": 74173}, "geometry": {"type": "LineString", "coordinates": [[2.3571908, 48.8264103], [2.3571294, 48.8264018], [2.357133619308496, 48.826388554722094]]}}, {"type": "Feature", "properties": {"highway": "steps", "footway": null, "name": null, "surface": null, "lit": "24/7", "length_m": 9.76, "type_element": "Way", "__fid": 74174}, "geometry": {"type": "LineString", "coordinates": [[2.357133619308496, 48.826388554722094], [2.357161, 48.8263027]]}}, {"type": "Feature", "properties": {"highway": "footway", "footway": "crossing", "name": null, "surface": "asphalt", "lit": "yes", "length_m": 7.38, "type_element": "Way", "__fid": 74233}, "geometry": {"type": "LineString", "coordinates": [[2.3572021, 48.8249642], [2.3572538, 48.8249745], [2.3573003, 48.8249743]]}}, {"type": "Feature", "properties": {"highway": "footway", "footway": null, "name": null, "surface": null, "lit": "24/7", "length_m": 10.92, "type_element": "Way", "__fid": 74273}, "geometry": {"type": "LineString", "coordinates": [[2.357359081461449, 48.82641945277914], [2.3572135, 48.8263994]]}}, {"type": "Feature", "properties": {"highway": "footway", "footway": null, "name": null, "surface": "asphalt", "lit": "24/7", "length_m": 11.0, "type_element": "Way", "__fid": 74274}, "geometry": {"type": "LineString", "coordinates": [[2.3572135, 48.8263994], [2.3572445, 48.8263026]]}}, {"type": "Feature", "properties": {"highway": "footway", "footway": "traffic_island", "name": null, "surface": "asphalt", "lit": "yes", "length_m": 26.69, "type_element": "Way", "__fid": 74294}, "geometry": {"type": "LineString", "coordinates": [[2.3572367, 48.8256869], [2.3575906, 48.825742]]}}, {"type": "Feature", "properties": {"highway": "footway", "footway": "sidewalk", "name": null, "surface": "asphalt", "lit": "yes", "length_m": 61.94, "type_element": "Way", "__fid": 74295}, "geometry": {"type": "LineString", "coordinates": [[2.3572367, 48.8256869], [2.3574002, 48.82518229999999], [2.3573875, 48.8251421]]}}, {"type": "Feature", "properties": {"highway": "footway", "footway": "crossing", "name": null, "surface": "asphalt", "lit": "yes", "length_m": 7.64, "type_element": "Way", "__fid": 74369}, "geometry": {"type": "LineString", "coordinates": [[2.3572906, 48.8267743], [2.3572701, 48.82684170000002]]}}, {"type": "Feature", "properties": {"highway": "footway", "footway": "sidewalk", "name": null, "surface": "paving_stones", "lit": "yes", "length_m": 130.49, "type_element": "Way", "__fid": 74370}, "geometry": {"type": "LineString", "coordinates": [[2.3589152, 48.8272688], [2.3588573, 48.82723720000001], [2.358223, 48.827069], [2.3573285, 48.8268386], [2.3572701, 48.82684170000002]]}}, {"type": "Feature", "properties": {"highway": "footway", "footway": "sidewalk", "name": null, "surface": "asphalt", "lit": "yes", "length_m": 10.39, "type_element": "Way", "__fid": 74380}, "geometry": {"type": "LineString", "coordinates": [[2.3573003, 48.8249743], [2.3573117, 48.82499090000001], [2.3573402, 48.825007], [2.3574143, 48.8250194]]}}, {"type": "Feature", "properties": {"highway": "footway", "footway": "sidewalk", "name": null, "surface": "sett", "lit": "yes", "length_m": 130.45, "type_element": "Way", "__fid": 74401}, "geometry": {"type": "LineString", "coordinates": [[2.3589457, 48.8272009], [2.3575925, 48.8268574], [2.3572906, 48.8267743]]}}, {"type": "Feature", "properties": {"highway": "footway", "footway": "sidewalk", "name": null, "surface": "asphalt", "lit": "yes", "length_m": 52.75, "type_element": "Way", "__fid": 74402}, "geometry": {"type": "LineString", "coordinates": [[2.3574852, 48.82632550000001], [2.3573647, 48.826707100000014], [2.3572922, 48.8267644], [2.3572906, 48.8267743]]}}, {"type": "Feature", "properties": {"highway": "steps", "footway": null, "name": null, "surface": "concrete", "lit": "yes", "length_m": 16.75, "type_element": "Way", "__fid": 74408}, "geometry": {"type": "LineString", "coordinates": [[2.3574146, 48.8264271], [2.357386, 48.8265181], [2.3572999, 48.8265081]]}}, {"type": "Feature", "properties": {"highway": "footway", "footway": null, "name": null, "surface": "asphalt", "lit": "no", "length_m": 9.66, "type_element": "Way", "__fid": 74412}, "geometry": {"type": "LineString", "coordinates": [[2.3573883, 48.8293834], [2.3572675, 48.8293489]]}}, {"type": "Feature", "properties": {"highway": "footway", "footway": "sidewalk", "name": null, "surface": "asphalt", "lit": "yes", "length_m": 28.33, "type_element": "Way", "__fid": 74413}, "geometry": {"type": "LineString", "coordinates": [[2.3572675, 48.8293489], [2.3574512, 48.8291248]]}}, {"type": "Feature", "properties": {"highway": "footway", "footway": null, "name": null, "surface": null, "lit": "24/7", "length_m": 5.0, "type_element": "Way", "__fid": 74424}, "geometry": {"type": "LineString", "coordinates": [[2.357309, 48.8264264], [2.3573547, 48.8264332], [2.357359081461449, 48.82641945277914]]}}, {"type": "Feature", "properties": {"highway": "footway", "footway": "sidewalk", "name": null, "surface": "asphalt", "lit": "yes", "length_m": 66.17, "type_element": "Way", "__fid": 74448}, "geometry": {"type": "LineString", "coordinates": [[2.3572889, 48.8297212], [2.3574009, 48.8296991], [2.357759, 48.8292383]]}}, {"type": "Feature", "properties": {"highway": "footway", "footway": null, "name": null, "surface": null, "lit": "24/7", "length_m": 4.16, "type_element": "Way", "__fid": 74484}, "geometry": {"type": "LineString", "coordinates": [[2.3574146, 48.8264271], [2.357359081461449, 48.82641945277914]]}}, {"type": "Feature", "properties": {"highway": "steps", "footway": null, "name": null, "surface": null, "lit": "24/7", "length_m": 12.16, "type_element": "Way", "__fid": 74485}, "geometry": {"type": "LineString", "coordinates": [[2.357359081461449, 48.82641945277914], [2.357393126998538, 48.82631245065252]]}}, {"type": "Feature", "properties": {"highway": "footway", "footway": "crossing", "name": null, "surface": "asphalt", "lit": "yes", "length_m": 13.78, "type_element": "Way", "__fid": 74509}, "geometry": {"type": "LineString", "coordinates": [[2.3573875, 48.8251421], [2.3574143, 48.8250194]]}}, {"type": "Feature", "properties": {"highway": "footway", "footway": "sidewalk", "name": null, "surface": "paving_stones", "lit": "yes", "length_m": 4.14, "type_element": "Way", "__fid": 74535}, "geometry": {"type": "LineString", "coordinates": [[2.3574482, 48.8263203], [2.357393126998538, 48.82631245065252]]}}, {"type": "Feature", "properties": {"highway": "footway", "footway": null, "name": null, "surface": null, "lit": "24/7", "length_m": 25.97, "type_element": "Way", "__fid": 74536}, "geometry": {"type": "LineString", "coordinates": [[2.357393126998538, 48.82631245065252], [2.357478366018569, 48.82608578231892]]}}, {"type": "Feature", "properties": {"highway": "footway", "footway": "sidewalk", "name": null, "surface": "asphalt", "lit": "yes", "length_m": 6.25, "type_element": "Way", "__fid": 74544}, "geometry": {"type": "LineString", "coordinates": [[2.3574143, 48.8250194], [2.3574492, 48.825008300000015], [2.3574586, 48.8249783]]}}, {"type": "Feature", "properties": {"highway": "steps", "footway": null, "name": null, "surface": "concrete", "lit": "yes", "length_m": 12.13, "type_element": "Way", "__fid": 74570}, "geometry": {"type": "LineString", "coordinates": [[2.3574146, 48.8264271], [2.3574482, 48.8263203]]}}, {"type": "Feature", "properties": {"highway": "footway", "footway": "crossing", "name": null, "surface": "asphalt", "lit": "yes", "length_m": 26.84, "type_element": "Way", "__fid": 74603}, "geometry": {"type": "LineString", "coordinates": [[2.357817, 48.825025900000014], [2.3574586, 48.8249783]]}}, {"type": "Feature", "properties": {"highway": "footway", "footway": "sidewalk", "name": null, "surface": "asphalt", "lit": "yes", "length_m": 49.6, "type_element": "Way", "__fid": 74604}, "geometry": {"type": "LineString", "coordinates": [[2.3574586, 48.8249783], [2.3575957, 48.8245415]]}}, {"type": "Feature", "properties": {"highway": "footway", "footway": "sidewalk", "name": null, "surface": "paving_stones", "lit": "yes", "length_m": 2.78, "type_element": "Way", "__fid": 74617}, "geometry": {"type": "LineString", "coordinates": [[2.3574482, 48.8263203], [2.3574852, 48.82632550000001]]}}, {"type": "Feature", "properties": {"highway": "footway", "footway": "sidewalk", "name": null, "surface": "paving_stones", "lit": "yes", "length_m": 1.77, "type_element": "Way", "__fid": 74643}, "geometry": {"type": "LineString", "coordinates": [[2.357478366018569, 48.82608578231892], [2.3574953, 48.8260971]]}}, {"type": "Feature", "properties": {"highway": "footway", "footway": null, "name": null, "surface": null, "lit": "24/7", "length_m": 15.55, "type_element": "Way", "__fid": 74644}, "geometry": {"type": "LineString", "coordinates": [[2.357478366018569, 48.82608578231892], [2.3575212, 48.8259755], [2.3575598, 48.8259808]]}}, {"type": "Feature", "properties": {"highway": "footway", "footway": "sidewalk", "name": null, "surface": "asphalt", "lit": "yes", "length_m": 8.26, "type_element": "Way", "__fid": 74661}, "geometry": {"type": "LineString", "coordinates": [[2.3575082, 48.8262528], [2.3574852, 48.82632550000001]]}}, {"type": "Feature", "properties": {"highway": "footway", "footway": "crossing", "name": null, "surface": "asphalt", "lit": "yes", "length_m": 25.93, "type_element": "Way", "__fid": 74662}, "geometry": {"type": "LineString", "coordinates": [[2.357759, 48.8292383], [2.3576535, 48.8291912], [2.3574512, 48.8291248]]}}, {"type": "Feature", "properties": {"highway": "footway", "footway": "sidewalk", "name": null, "surface": null, "lit": "yes", "length_m": 24.66, "type_element": "Way", "__fid": 74663}, "geometry": {"type": "LineString", "coordinates": [[2.3574512, 48.8291248], [2.3576047, 48.8289275]]}}, {"type": "Feature", "properties": {"highway": "footway", "footway": "crossing", "name": null, "surface": "asphalt", "lit": "yes", "length_m": 19.55, "type_element": "Way", "__fid": 74668}, "geometry": {"type": "LineString", "coordinates": [[2.3574953, 48.8260971], [2.3574564, 48.8262285], [2.3575082, 48.8262528]]}}, {"type": "Feature", "properties": {"highway": "footway", "footway": "sidewalk", "name": null, "surface": "paving_stones", "lit": "yes", "length_m": 2.13, "type_element": "Way", "__fid": 74669}, "geometry": {"type": "LineString", "coordinates": [[2.3574953, 48.8260971], [2.3575234, 48.8260924]]}}, {"type": "Feature", "properties": {"highway": "footway", "footway": "sidewalk", "name": null, "surface": "asphalt", "lit": "yes", "length_m": 159.69, "type_element": "Way", "__fid": 74683}, "geometry": {"type": "LineString", "coordinates": [[2.3575082, 48.8262528], [2.3591711, 48.826217499999984], [2.3593485, 48.8262206], [2.3596788, 48.8262532]]}}, {"type": "Feature", "properties": {"highway": "steps", "footway": null, "name": null, "surface": "concrete", "lit": "yes", "length_m": 12.69, "type_element": "Way", "__fid": 74697}, "geometry": {"type": "LineString", "coordinates": [[2.3575598, 48.8259808], [2.3575234, 48.8260924]]}}, {"type": "Feature", "properties": {"highway": "footway", "footway": "sidewalk", "name": null, "surface": "paving_stones", "lit": "yes", "length_m": 3.48, "type_element": "Way", "__fid": 74698}, "geometry": {"type": "LineString", "coordinates": [[2.3575234, 48.8260924], [2.3575694, 48.82608480000001]]}}, {"type": "Feature", "properties": {"highway": "steps", "footway": null, "name": null, "surface": "concrete", "lit": "yes", "length_m": 12.39, "type_element": "Way", "__fid": 74756}, "geometry": {"type": "LineString", "coordinates": [[2.3575598, 48.8259808], [2.3575935, 48.8258716]]}}, {"type": "Feature", "properties": {"highway": "footway", "footway": "sidewalk", "name": null, "surface": "asphalt", "lit": "yes", "length_m": 67.11, "type_element": "Way", "__fid": 74767}, "geometry": {"type": "LineString", "coordinates": [[2.3575694, 48.82608480000001], [2.3576285, 48.826114], [2.3584208, 48.8260983], [2.358461, 48.8260815]]}}, {"type": "Feature", "properties": {"highway": "footway", "footway": "sidewalk", "name": null, "surface": "asphalt", "lit": "yes", "length_m": 22.25, "type_element": "Way", "__fid": 74768}, "geometry": {"type": "LineString", "coordinates": [[2.3576185, 48.8258886], [2.3575642, 48.826061], [2.3575694, 48.82608480000001]]}}, {"type": "Feature", "properties": {"highway": "footway", "footway": "crossing", "name": null, "surface": "asphalt", "lit": "yes", "length_m": 25.76, "type_element": "Way", "__fid": 74779}, "geometry": {"type": "LineString", "coordinates": [[2.3579387, 48.8245903], [2.3575957, 48.8245415]]}}, {"type": "Feature", "properties": {"highway": "footway", "footway": "sidewalk", "name": null, "surface": "asphalt", "lit": "yes", "length_m": 27.12, "type_element": "Way", "__fid": 74780}, "geometry": {"type": "LineString", "coordinates": [[2.3575957, 48.8245415], [2.3576708, 48.8243027]]}}, {"type": "Feature", "properties": {"highway": "footway", "footway": "sidewalk", "name": null, "surface": "paving_stones", "lit": "yes", "length_m": 4.6, "type_element": "Way", "__fid": 74797}, "geometry": {"type": "LineString", "coordinates": [[2.3575906, 48.825742], [2.3575905, 48.8257834]]}}, {"type": "Feature", "properties": {"highway": "footway", "footway": "sidewalk", "name": null, "surface": "asphalt", "lit": "yes", "length_m": 81.34, "type_element": "Way", "__fid": 74798}, "geometry": {"type": "LineString", "coordinates": [[2.3575906, 48.825742], [2.357817, 48.825025900000014]]}}, {"type": "Feature", "properties": {"highway": "footway", "footway": "sidewalk", "name": null, "surface": "asphalt", "lit": "yes", "length_m": 92.82, "type_element": "Way", "__fid": 74799}, "geometry": {"type": "LineString", "coordinates": [[2.3587307, 48.8260963], [2.3586358, 48.8260067], [2.3575905, 48.8257834]]}}, {"type": "Feature", "properties": {"highway": "footway", "footway": "crossing", "name": null, "surface": "asphalt", "lit": "yes", "length_m": 10.59, "type_element": "Way", "__fid": 74800}, "geometry": {"type": "LineString", "coordinates": [[2.3575935, 48.8258716], [2.3575712, 48.8258563], [2.3575905, 48.8257834]]}}, {"type": "Feature", "properties": {"highway": "footway", "footway": "sidewalk", "name": null, "surface": "paving_stones", "lit": "yes", "length_m": 2.63, "type_element": "Way", "__fid": 74815}, "geometry": {"type": "LineString", "coordinates": [[2.3576185, 48.8258886], [2.3575935, 48.8258716]]}}, {"type": "Feature", "properties": {"highway": "service", "footway": null, "name": null, "surface": "paving_stones", "lit": null, "length_m": 8.15, "type_element": "Way", "__fid": 74849}, "geometry": {"type": "LineString", "coordinates": [[2.3575868, 48.8279746], [2.3576062, 48.8279024]]}}, {"type": "Feature", "properties": {"highway": "footway", "footway": "sidewalk", "name": null, "surface": "asphalt", "lit": "yes", "length_m": 67.26, "type_element": "Way", "__fid": 74859}, "geometry": {"type": "LineString", "coordinates": [[2.3576185, 48.8258886], [2.3576584, 48.8258738], [2.3583645, 48.8260268], [2.358461, 48.8260815]]}}, {"type": "Feature", "properties": {"highway": "pedestrian", "footway": null, "name": "Rue des Deux Avenues", "surface": "paving_stones", "lit": "yes", "length_m": 52.46, "type_element": "Way", "__fid": 74882}, "geometry": {"type": "LineString", "coordinates": [[2.3576062, 48.8279024], [2.3582707, 48.8280758]]}}, {"type": "Feature", "properties": {"highway": "service", "footway": null, "name": null, "surface": "paving_stones", "lit": null, "length_m": 7.4, "type_element": "Way", "__fid": 74883}, "geometry": {"type": "LineString", "coordinates": [[2.3576062, 48.8279024], [2.3576455, 48.8278411]]}}, {"type": "Feature", "properties": {"highway": "footway", "footway": "crossing", "name": null, "surface": "asphalt", "lit": "yes", "length_m": 19.19, "type_element": "Way", "__fid": 74896}, "geometry": {"type": "LineString", "coordinates": [[2.3578317, 48.8290131], [2.3576047, 48.8289275]]}}, {"type": "Feature", "properties": {"highway": "footway", "footway": "sidewalk", "name": null, "surface": null, "lit": "yes", "length_m": 49.25, "type_element": "Way", "__fid": 74897}, "geometry": {"type": "LineString", "coordinates": [[2.3576047, 48.8289275], [2.3579118, 48.8285337]]}}, {"type": "Feature", "properties": {"highway": "footway", "footway": "crossing", "name": null, "surface": "asphalt", "lit": "yes", "length_m": 31.08, "type_element": "Way", "__fid": 74914}, "geometry": {"type": "LineString", "coordinates": [[2.3576708, 48.8243027], [2.3580852, 48.82436]]}}, {"type": "Feature", "properties": {"highway": "footway", "footway": "sidewalk", "name": null, "surface": "asphalt", "lit": "yes", "length_m": 140.25, "type_element": "Way", "__fid": 74915}, "geometry": {"type": "LineString", "coordinates": [[2.3576708, 48.8243027], [2.3580587, 48.8230676]]}}, {"type": "Feature", "properties": {"highway": "service", "footway": null, "name": null, "surface": null, "lit": "yes", "length_m": 13.77, "type_element": "Way", "__fid": 74956}, "geometry": {"type": "LineString", "coordinates": [[2.3578698, 48.824837], [2.3576873, 48.8248085]]}}, {"type": "Feature", "properties": {"highway": "footway", "footway": "sidewalk", "name": null, "surface": "asphalt", "lit": "yes", "length_m": 6.38, "type_element": "Way", "__fid": 75125}, "geometry": {"type": "LineString", "coordinates": [[2.357759, 48.8292383], [2.3578294, 48.8292047]]}}, {"type": "Feature", "properties": {"highway": "footway", "footway": "sidewalk", "name": null, "surface": "paving_stones", "lit": "yes", "length_m": 21.36, "type_element": "Way", "__fid": 75144}, "geometry": {"type": "LineString", "coordinates": [[2.357817, 48.825025900000014], [2.3578698, 48.824837]]}}, {"type": "Feature", "properties": {"highway": "service", "footway": null, "name": null, "surface": null, "lit": null, "length_m": 21.18, "type_element": "Way", "__fid": 75225}, "geometry": {"type": "LineString", "coordinates": [[2.3581506, 48.8248807], [2.3578698, 48.824837]]}}, {"type": "Feature", "properties": {"highway": "footway", "footway": "sidewalk", "name": null, "surface": "paving_stones", "lit": "yes", "length_m": 27.89, "type_element": "Way", "__fid": 75226}, "geometry": {"type": "LineString", "coordinates": [[2.3578698, 48.824837], [2.3579387, 48.8245903]]}}, {"type": "Feature", "properties": {"highway": "footway", "footway": "sidewalk", "name": null, "surface": null, "lit": "yes", "length_m": 3.52, "type_element": "Way", "__fid": 75249}, "geometry": {"type": "LineString", "coordinates": [[2.3578381, 48.82904449999999], [2.3578317, 48.8290131]]}}, {"type": "Feature", "properties": {"highway": "footway", "footway": "sidewalk", "name": null, "surface": null, "lit": "yes", "length_m": 50.23, "type_element": "Way", "__fid": 75250}, "geometry": {"type": "LineString", "coordinates": [[2.3578317, 48.8290131], [2.3581512, 48.8286136]]}}, {"type": "Feature", "properties": {"highway": "footway", "footway": "sidewalk", "name": null, "surface": "asphalt", "lit": "yes", "length_m": 109.64, "type_element": "Way", "__fid": 75251}, "geometry": {"type": "LineString", "coordinates": [[2.3578294, 48.8292047], [2.357989, 48.8292369], [2.3583417, 48.829412199999986], [2.3590793, 48.82973530000002]]}}, {"type": "Feature", "properties": {"highway": "footway", "footway": "sidewalk", "name": null, "surface": "asphalt", "lit": "yes", "length_m": 19.53, "type_element": "Way", "__fid": 75252}, "geometry": {"type": "LineString", "coordinates": [[2.3578294, 48.8292047], [2.357783, 48.8290982], [2.3578381, 48.82904449999999]]}}, {"type": "Feature", "properties": {"highway": "footway", "footway": "sidewalk", "name": null, "surface": null, "lit": "yes", "length_m": 19.32, "type_element": "Way", "__fid": 75256}, "geometry": {"type": "LineString", "coordinates": [[2.3580513, 48.8291463], [2.3578381, 48.82904449999999]]}}, {"type": "Feature", "properties": {"highway": "footway", "footway": "sidewalk", "name": null, "surface": "paving_stones", "lit": "yes", "length_m": 6.95, "type_element": "Way", "__fid": 75349}, "geometry": {"type": "LineString", "coordinates": [[2.3580027, 48.82454420000001], [2.3579387, 48.8245903]]}}, {"type": "Feature", "properties": {"highway": "footway", "footway": "traffic_island", "name": null, "surface": "asphalt", "lit": "yes", "length_m": 19.69, "type_element": "Way", "__fid": 75385}, "geometry": {"type": "LineString", "coordinates": [[2.3581512, 48.8286136], [2.3579118, 48.8285337]]}}, {"type": "Feature", "properties": {"highway": "footway", "footway": "sidewalk", "name": null, "surface": "asphalt", "lit": "yes", "length_m": 21.41, "type_element": "Way", "__fid": 75386}, "geometry": {"type": "LineString", "coordinates": [[2.3579118, 48.8285337], [2.3580439, 48.828362]]}}, {"type": "Feature", "properties": {"highway": "footway", "footway": "sidewalk", "name": null, "surface": "asphalt", "lit": "yes", "length_m": 89.27, "type_element": "Way", "__fid": 75463}, "geometry": {"type": "LineString", "coordinates": [[2.3580027, 48.82454420000001], [2.3580997, 48.8245502], [2.3591567, 48.82479159999998]]}}, {"type": "Feature", "properties": {"highway": "footway", "footway": "crossing", "name": null, "surface": "asphalt", "lit": "yes", "length_m": 12.02, "type_element": "Way", "__fid": 75464}, "geometry": {"type": "LineString", "coordinates": [[2.3580027, 48.82454420000001], [2.357998, 48.8245139], [2.3580285, 48.8244389]]}}, {"type": "Feature", "properties": {"highway": "footway", "footway": "sidewalk", "name": null, "surface": "asphalt", "lit": "yes", "length_m": 96.69, "type_element": "Way", "__fid": 75511}, "geometry": {"type": "LineString", "coordinates": [[2.3592651, 48.824735199999985], [2.3592319, 48.8247196], [2.3580285, 48.8244389]]}}, {"type": "Feature", "properties": {"highway": "footway", "footway": "sidewalk", "name": null, "surface": "paving_stones", "lit": "yes", "length_m": 3.26, "type_element": "Way", "__fid": 75512}, "geometry": {"type": "LineString", "coordinates": [[2.3580285, 48.8244389], [2.3580475, 48.824412399999986]]}}, {"type": "Feature", "properties": {"highway": "footway", "footway": null, "name": null, "surface": null, "lit": "yes", "length_m": 51.72, "type_element": "Way", "__fid": 75543}, "geometry": {"type": "LineString", "coordinates": [[2.3580475, 48.824412399999986], [2.3587511, 48.8244357]]}}, {"type": "Feature", "properties": {"highway": "footway", "footway": "sidewalk", "name": null, "surface": "paving_stones", "lit": "yes", "length_m": 6.45, "type_element": "Way", "__fid": 75544}, "geometry": {"type": "LineString", "coordinates": [[2.3580475, 48.824412399999986], [2.3580852, 48.82436]]}}, {"type": "Feature", "properties": {"highway": "footway", "footway": null, "name": null, "surface": null, "lit": null, "length_m": 3.86, "type_element": "Way", "__fid": 75624}, "geometry": {"type": "LineString", "coordinates": [[2.3580513, 48.8291463], [2.3580209, 48.8291746]]}}, {"type": "Feature", "properties": {"highway": "footway", "footway": "sidewalk", "name": null, "surface": "asphalt", "lit": "yes", "length_m": 140.5, "type_element": "Way", "__fid": 75650}, "geometry": {"type": "LineString", "coordinates": [[2.3580852, 48.82436], [2.358459, 48.8231208]]}}, {"type": "Feature", "properties": {"highway": "footway", "footway": "traffic_island", "name": null, "surface": "asphalt", "lit": "yes", "length_m": 19.66, "type_element": "Way", "__fid": 75663}, "geometry": {"type": "LineString", "coordinates": [[2.3582803, 48.828445], [2.3580439, 48.828362]]}}, {"type": "Feature", "properties": {"highway": "footway", "footway": "sidewalk", "name": null, "surface": "asphalt", "lit": "yes", "length_m": 35.92, "type_element": "Way", "__fid": 75664}, "geometry": {"type": "LineString", "coordinates": [[2.3580439, 48.828362], [2.3582707, 48.8280758]]}}, {"type": "Feature", "properties": {"highway": "footway", "footway": "sidewalk", "name": null, "surface": null, "lit": "yes", "length_m": 18.98, "type_element": "Way", "__fid": 75690}, "geometry": {"type": "LineString", "coordinates": [[2.3582607, 48.8292464], [2.3580513, 48.8291463]]}}, {"type": "Feature", "properties": {"highway": "footway", "footway": null, "name": null, "surface": null, "lit": null, "length_m": 10.53, "type_element": "Way", "__fid": 75691}, "geometry": {"type": "LineString", "coordinates": [[2.3581332, 48.8290686], [2.3580513, 48.8291463]]}}, {"type": "Feature", "properties": {"highway": "footway", "footway": null, "name": null, "surface": null, "lit": null, "length_m": 26.05, "type_element": "Way", "__fid": 75856}, "geometry": {"type": "LineString", "coordinates": [[2.3582578, 48.828876], [2.3582838, 48.8288933], [2.3582923, 48.8289238], [2.3581332, 48.8290686]]}}, {"type": "Feature", "properties": {"highway": "footway", "footway": "sidewalk", "name": null, "surface": null, "lit": "yes", "length_m": 3.64, "type_element": "Way", "__fid": 75900}, "geometry": {"type": "LineString", "coordinates": [[2.3581512, 48.8286136], [2.3581901, 48.8285933]]}}, {"type": "Feature", "properties": {"highway": "footway", "footway": "sidewalk", "name": null, "surface": null, "lit": "yes", "length_m": 23.1, "type_element": "Way", "__fid": 75971}, "geometry": {"type": "LineString", "coordinates": [[2.3581901, 48.8285933], [2.3584634, 48.8286962]]}}, {"type": "Feature", "properties": {"highway": "footway", "footway": "crossing", "name": null, "surface": "asphalt", "lit": "yes", "length_m": 13.84, "type_element": "Way", "__fid": 75972}, "geometry": {"type": "LineString", "coordinates": [[2.3581901, 48.8285933], [2.3582165, 48.82854680000001], [2.358277, 48.82848360000001]]}}, {"type": "Feature", "properties": {"highway": "footway", "footway": null, "name": null, "surface": null, "lit": null, "length_m": 4.03, "type_element": "Way", "__fid": 76096}, "geometry": {"type": "LineString", "coordinates": [[2.3582319, 48.8292773], [2.3582607, 48.8292464]]}}, {"type": "Feature", "properties": {"highway": "footway", "footway": null, "name": null, "surface": null, "lit": null, "length_m": 19.25, "type_element": "Way", "__fid": 76151}, "geometry": {"type": "LineString", "coordinates": [[2.3584167, 48.8287383], [2.3582578, 48.828876]]}}, {"type": "Feature", "properties": {"highway": "pedestrian", "footway": null, "name": "Rue des Deux Avenues", "surface": "paving_stones", "lit": "yes", "length_m": 9.02, "type_element": "Way", "__fid": 76161}, "geometry": {"type": "LineString", "coordinates": [[2.3582707, 48.8280758], [2.3583851, 48.8281055]]}}, {"type": "Feature", "properties": {"highway": "footway", "footway": "sidewalk", "name": null, "surface": "asphalt", "lit": "yes", "length_m": 3.9, "type_element": "Way", "__fid": 76162}, "geometry": {"type": "LineString", "coordinates": [[2.3582707, 48.8280758], [2.3582974, 48.8280455]]}}, {"type": "Feature", "properties": {"highway": "footway", "footway": "sidewalk", "name": null, "surface": null, "lit": "yes", "length_m": 37.15, "type_element": "Way", "__fid": 76178}, "geometry": {"type": "LineString", "coordinates": [[2.3586749, 48.8294378], [2.3586069, 48.8294124], [2.3582607, 48.8292464]]}}, {"type": "Feature", "properties": {"highway": "footway", "footway": null, "name": null, "surface": null, "lit": null, "length_m": 11.41, "type_element": "Way", "__fid": 76179}, "geometry": {"type": "LineString", "coordinates": [[2.3582607, 48.8292464], [2.358354, 48.8291643]]}}, {"type": "Feature", "properties": {"highway": "footway", "footway": "sidewalk", "name": null, "surface": "asphalt", "lit": "yes", "length_m": 27.75, "type_element": "Way", "__fid": 76203}, "geometry": {"type": "LineString", "coordinates": [[2.358277, 48.82848360000001], [2.3585831, 48.82863]]}}, {"type": "Feature", "properties": {"highway": "footway", "footway": "sidewalk", "name": null, "surface": "asphalt", "lit": "yes", "length_m": 4.3, "type_element": "Way", "__fid": 76204}, "geometry": {"type": "LineString", "coordinates": [[2.358277, 48.82848360000001], [2.3582803, 48.828445]]}}, {"type": "Feature", "properties": {"highway": "footway", "footway": "sidewalk", "name": null, "surface": "asphalt", "lit": "yes", "length_m": 43.13, "type_element": "Way", "__fid": 76210}, "geometry": {"type": "LineString", "coordinates": [[2.358554, 48.8281018], [2.3582803, 48.828445]]}}, {"type": "Feature", "properties": {"highway": "footway", "footway": "crossing", "name": null, "surface": "asphalt", "lit": "yes", "length_m": 19.85, "type_element": "Way", "__fid": 76243}, "geometry": {"type": "LineString", "coordinates": [[2.358554, 48.8281018], [2.3582974, 48.8280455]]}}, {"type": "Feature", "properties": {"highway": "footway", "footway": "sidewalk", "name": null, "surface": "asphalt", "lit": "yes", "length_m": 54.48, "type_element": "Way", "__fid": 76244}, "geometry": {"type": "LineString", "coordinates": [[2.3582974, 48.8280455], [2.3586416, 48.8276114]]}}, {"type": "Feature", "properties": {"highway": "footway", "footway": null, "name": null, "surface": null, "lit": null, "length_m": 21.49, "type_element": "Way", "__fid": 76426}, "geometry": {"type": "LineString", "coordinates": [[2.358354, 48.8291643], [2.3584925, 48.8290434], [2.3585226, 48.82903550000002], [2.3585527, 48.8290395]]}}, {"type": "Feature", "properties": {"highway": "footway", "footway": null, "name": null, "surface": null, "lit": null, "length_m": 48.42, "type_element": "Way", "__fid": 76550}, "geometry": {"type": "LineString", "coordinates": [[2.3585527, 48.8290395], [2.3587166, 48.8288832], [2.3584167, 48.8287383]]}}, {"type": "Feature", "properties": {"highway": "footway", "footway": null, "name": null, "surface": null, "lit": null, "length_m": 5.8, "type_element": "Way", "__fid": 76551}, "geometry": {"type": "LineString", "coordinates": [[2.3584634, 48.8286962], [2.3584167, 48.8287383]]}}, {"type": "Feature", "properties": {"highway": "footway", "footway": "crossing", "name": null, "surface": "asphalt", "lit": "yes", "length_m": 19.87, "type_element": "Way", "__fid": 76578}, "geometry": {"type": "LineString", "coordinates": [[2.358461, 48.8260815], [2.3587307, 48.8260963]]}}, {"type": "Feature", "properties": {"highway": "footway", "footway": "sidewalk", "name": null, "surface": null, "lit": "yes", "length_m": 92.5, "type_element": "Way", "__fid": 76654}, "geometry": {"type": "LineString", "coordinates": [[2.3584634, 48.8286962], [2.3594791, 48.8291885]]}}, {"type": "Feature", "properties": {"highway": "footway", "footway": null, "name": null, "surface": null, "lit": null, "length_m": 6.01, "type_element": "Way", "__fid": 76655}, "geometry": {"type": "LineString", "coordinates": [[2.3585105, 48.828652], [2.3584634, 48.8286962]]}}, {"type": "Feature", "properties": {"highway": "footway", "footway": "sidewalk", "name": null, "surface": "asphalt", "lit": "yes", "length_m": 33.2, "type_element": "Way", "__fid": 76822}, "geometry": {"type": "LineString", "coordinates": [[2.3587646, 48.82783760000002], [2.358554, 48.8281018]]}}, {"type": "Feature", "properties": {"highway": "footway", "footway": "sidewalk", "name": null, "surface": "asphalt", "lit": "yes", "length_m": 108.13, "type_element": "Way", "__fid": 76891}, "geometry": {"type": "LineString", "coordinates": [[2.3585831, 48.82863], [2.3597721, 48.8292039]]}}, {"type": "Feature", "properties": {"highway": "footway", "footway": "path", "name": null, "surface": "compacted", "lit": "no", "length_m": 11.6, "type_element": "Way", "__fid": 76892}, "geometry": {"type": "LineString", "coordinates": [[2.3586708, 48.8285432], [2.3585831, 48.82863]]}}, {"type": "Feature", "properties": {"highway": "footway", "footway": "crossing", "name": null, "surface": "asphalt", "lit": "yes", "length_m": 19.62, "type_element": "Way", "__fid": 77002}, "geometry": {"type": "LineString", "coordinates": [[2.3588817, 48.82768889999998], [2.3586416, 48.8276114]]}}, {"type": "Feature", "properties": {"highway": "footway", "footway": "sidewalk", "name": null, "surface": "asphalt", "lit": "yes", "length_m": 39.87, "type_element": "Way", "__fid": 77003}, "geometry": {"type": "LineString", "coordinates": [[2.3586416, 48.8276114], [2.3588977, 48.8272952]]}}, {"type": "Feature", "properties": {"highway": "footway", "footway": "path", "name": null, "surface": "compacted", "lit": "yes", "length_m": 36.77, "type_element": "Way", "__fid": 77068}, "geometry": {"type": "LineString", "coordinates": [[2.3588576, 48.8282401], [2.3587591, 48.82845850000001], [2.3586708, 48.8285432]]}}, {"type": "Feature", "properties": {"highway": "footway", "footway": "sidewalk", "name": null, "surface": null, "lit": "yes", "length_m": 51.07, "type_element": "Way", "__fid": 77099}, "geometry": {"type": "LineString", "coordinates": [[2.3592603, 48.8296859], [2.3586749, 48.8294378]]}}, {"type": "Feature", "properties": {"highway": "footway", "footway": null, "name": null, "surface": null, "lit": null, "length_m": 17.43, "type_element": "Way", "__fid": 77100}, "geometry": {"type": "LineString", "coordinates": [[2.3586749, 48.8294378], [2.3588284, 48.8293182]]}}, {"type": "Feature", "properties": {"highway": "footway", "footway": "sidewalk", "name": null, "surface": "asphalt", "lit": "yes", "length_m": 72.21, "type_element": "Way", "__fid": 77134}, "geometry": {"type": "LineString", "coordinates": [[2.3597134, 48.82608410000001], [2.3588207, 48.826102], [2.3587307, 48.8260963]]}}, {"type": "Feature", "properties": {"highway": "footway", "footway": "sidewalk", "name": null, "surface": "asphalt", "lit": "no", "length_m": 13.78, "type_element": "Way", "__fid": 77259}, "geometry": {"type": "LineString", "coordinates": [[2.3587646, 48.82783760000002], [2.3589289, 48.8278975]]}}, {"type": "Feature", "properties": {"highway": "footway", "footway": "sidewalk", "name": null, "surface": "asphalt", "lit": "yes", "length_m": 18.64, "type_element": "Way", "__fid": 77260}, "geometry": {"type": "LineString", "coordinates": [[2.3588817, 48.82768889999998], [2.3587646, 48.82783760000002]]}}, {"type": "Feature", "properties": {"highway": "footway", "footway": null, "name": null, "surface": null, "lit": null, "length_m": 45.45, "type_element": "Way", "__fid": 77443}, "geometry": {"type": "LineString", "coordinates": [[2.3588284, 48.8293182], [2.3590062, 48.8291782], [2.3592752, 48.8293181]]}}, {"type": "Feature", "properties": {"highway": "footway", "footway": "path", "name": null, "surface": "compacted", "lit": "no", "length_m": 9.63, "type_element": "Way", "__fid": 77488}, "geometry": {"type": "LineString", "coordinates": [[2.3589395, 48.8281724], [2.3588576, 48.8282401]]}}, {"type": "Feature", "properties": {"highway": "footway", "footway": "sidewalk", "name": null, "surface": "asphalt", "lit": "yes", "length_m": 38.96, "type_element": "Way", "__fid": 77531}, "geometry": {"type": "LineString", "coordinates": [[2.3591265, 48.827378], [2.3588817, 48.82768889999998]]}}, {"type": "Feature", "properties": {"highway": "footway", "footway": "crossing", "name": null, "surface": "asphalt", "lit": "yes", "length_m": 19.16, "type_element": "Way", "__fid": 77571}, "geometry": {"type": "LineString", "coordinates": [[2.3591265, 48.827378], [2.3588977, 48.8272952]]}}, {"type": "Feature", "properties": {"highway": "footway", "footway": "sidewalk", "name": null, "surface": "asphalt", "lit": "yes", "length_m": 3.2, "type_element": "Way", "__fid": 77572}, "geometry": {"type": "LineString", "coordinates": [[2.3588977, 48.8272952], [2.3589152, 48.8272688]]}}, {"type": "Feature", "properties": {"highway": "footway", "footway": "crossing", "name": null, "surface": "asphalt", "lit": "yes", "length_m": 8.06, "type_element": "Way", "__fid": 77613}, "geometry": {"type": "LineString", "coordinates": [[2.3589152, 48.8272688], [2.3589491, 48.82721460000001], [2.3589457, 48.8272009]]}}, {"type": "Feature", "properties": {"highway": "footway", "footway": "path", "name": null, "surface": "compacted", "lit": "yes", "length_m": 25.86, "type_element": "Way", "__fid": 77652}, "geometry": {"type": "LineString", "coordinates": [[2.3589289, 48.8278975], [2.358849, 48.8279682], [2.3590255, 48.8280534]]}}, {"type": "Feature", "properties": {"highway": "footway", "footway": "path", "name": null, "surface": "concrete", "lit": "no", "length_m": 13.57, "type_element": "Way", "__fid": 77653}, "geometry": {"type": "LineString", "coordinates": [[2.3590395, 48.8277997], [2.3589289, 48.8278975]]}}, {"type": "Feature", "properties": {"highway": "footway", "footway": "sidewalk", "name": null, "surface": "asphalt", "lit": "yes", "length_m": 116.71, "type_element": "Way", "__fid": 77667}, "geometry": {"type": "LineString", "coordinates": [[2.3589457, 48.8272009], [2.3590289, 48.8271104], [2.3596466, 48.82632960000002], [2.3597062, 48.8262806]]}}, {"type": "Feature", "properties": {"highway": "footway", "footway": "path", "name": null, "surface": "compacted", "lit": "no", "length_m": 15.79, "type_element": "Way", "__fid": 77674}, "geometry": {"type": "LineString", "coordinates": [[2.3590852, 48.8280813], [2.358981, 48.828173], [2.3589395, 48.8281724]]}}, {"type": "Feature", "properties": {"highway": "footway", "footway": "path", "name": null, "surface": "compacted", "lit": "yes", "length_m": 15.92, "type_element": "Way", "__fid": 77675}, "geometry": {"type": "LineString", "coordinates": [[2.3589395, 48.8281724], [2.3589245, 48.82814], [2.3590255, 48.8280534]]}}, {"type": "Feature", "properties": {"highway": "footway", "footway": null, "name": "Allée du Parc de Choisy", "surface": null, "lit": null, "length_m": 78.2, "type_element": "Way", "__fid": 77757}, "geometry": {"type": "LineString", "coordinates": [[2.3600289, 48.825883500000025], [2.3597324, 48.8258082], [2.3590142, 48.8256716]]}}, {"type": "Feature", "properties": {"highway": "footway", "footway": "path", "name": null, "surface": "compacted", "lit": "yes", "length_m": 5.37, "type_element": "Way", "__fid": 77827}, "geometry": {"type": "LineString", "coordinates": [[2.3590255, 48.8280534], [2.3590852, 48.8280813]]}}, {"type": "Feature", "properties": {"highway": "footway", "footway": "path", "name": null, "surface": "compacted", "lit": "yes", "length_m": 20.96, "type_element": "Way", "__fid": 77848}, "geometry": {"type": "LineString", "coordinates": [[2.3590395, 48.8277997], [2.3592694, 48.827911399999984]]}}, {"type": "Feature", "properties": {"highway": "footway", "footway": "path", "name": null, "surface": "woodchips", "lit": "no", "length_m": 27.19, "type_element": "Way", "__fid": 77849}, "geometry": {"type": "LineString", "coordinates": [[2.3592995, 48.8276256], [2.3590395, 48.8277997]]}}, {"type": "Feature", "properties": {"highway": "footway", "footway": "path", "name": null, "surface": "compacted", "lit": "yes", "length_m": 41.26, "type_element": "Way", "__fid": 77919}, "geometry": {"type": "LineString", "coordinates": [[2.3590852, 48.8280813], [2.3595357, 48.8283031]]}}, {"type": "Feature", "properties": {"highway": "footway", "footway": "sidewalk", "name": null, "surface": null, "lit": "yes", "length_m": 112.64, "type_element": "Way", "__fid": 77976}, "geometry": {"type": "LineString", "coordinates": [[2.3591567, 48.82479159999998], [2.3605889, 48.8251548]]}}, {"type": "Feature", "properties": {"highway": "footway", "footway": "crossing", "name": null, "surface": null, "lit": "yes", "length_m": 10.13, "type_element": "Way", "__fid": 77977}, "geometry": {"type": "LineString", "coordinates": [[2.3591567, 48.82479159999998], [2.3592651, 48.824735199999985]]}}, {"type": "Feature", "properties": {"highway": "footway", "footway": "sidewalk", "name": null, "surface": "asphalt", "lit": "yes", "length_m": 120.34, "type_element": "Way", "__fid": 77983}, "geometry": {"type": "LineString", "coordinates": [[2.3599081, 48.8264309], [2.3598414, 48.82647], [2.3591265, 48.827378]]}}, {"type": "Feature", "properties": {"highway": "footway", "footway": "sidewalk", "name": null, "surface": null, "lit": "yes", "length_m": 109.07, "type_element": "Way", "__fid": 78165}, "geometry": {"type": "LineString", "coordinates": [[2.360655, 48.8250816], [2.3592651, 48.824735199999985]]}}, {"type": "Feature", "properties": {"highway": "footway", "footway": "path", "name": null, "surface": "compacted", "lit": "yes", "length_m": 33.13, "type_element": "Way", "__fid": 78243}, "geometry": {"type": "LineString", "coordinates": [[2.3592694, 48.827911399999984], [2.3596328, 48.8280881]]}}, {"type": "Feature", "properties": {"highway": "footway", "footway": "path", "name": null, "surface": "compacted", "lit": "no", "length_m": 26.65, "type_element": "Way", "__fid": 78244}, "geometry": {"type": "LineString", "coordinates": [[2.3592694, 48.827911399999984], [2.3594926, 48.8277224]]}}, {"type": "Feature", "properties": {"highway": "footway", "footway": "sidewalk", "name": null, "surface": null, "lit": "yes", "length_m": 36.96, "type_element": "Way", "__fid": 78276}, "geometry": {"type": "LineString", "coordinates": [[2.3597056, 48.8295323], [2.3593126, 48.829675299999984], [2.3592603, 48.8296859]]}}, {"type": "Feature", "properties": {"highway": "footway", "footway": null, "name": null, "surface": null, "lit": null, "length_m": 20.78, "type_element": "Way", "__fid": 78289}, "geometry": {"type": "LineString", "coordinates": [[2.3594791, 48.8291885], [2.3592752, 48.8293181]]}}, {"type": "Feature", "properties": {"highway": "footway", "footway": "path", "name": null, "surface": "compacted", "lit": "no", "length_m": 17.8, "type_element": "Way", "__fid": 78294}, "geometry": {"type": "LineString", "coordinates": [[2.3594926, 48.8277224], [2.3592995, 48.8276256]]}}, {"type": "Feature", "properties": {"highway": "footway", "footway": "path", "name": null, "surface": "compacted", "lit": "yes", "length_m": 99.15, "type_element": "Way", "__fid": 78295}, "geometry": {"type": "LineString", "coordinates": [[2.3596563, 48.826979], [2.3597885, 48.826985], [2.3598957, 48.8270368], [2.3599007, 48.82707150000001], [2.3592995, 48.8276256]]}}, {"type": "Feature", "properties": {"highway": "footway", "footway": "path", "name": null, "surface": "compacted", "lit": null, "length_m": 5.76, "type_element": "Way", "__fid": 78540}, "geometry": {"type": "LineString", "coordinates": [[2.3594661, 48.828451], [2.359512, 48.828409]]}}, {"type": "Feature", "properties": {"highway": "footway", "footway": "path", "name": null, "surface": "compacted", "lit": "no", "length_m": 24.18, "type_element": "Way", "__fid": 78572}, "geometry": {"type": "LineString", "coordinates": [[2.3594926, 48.8277224], [2.3596069, 48.8277808], [2.3597172, 48.8276829]]}}, {"type": "Feature", "properties": {"highway": "footway", "footway": "sidewalk", "name": null, "surface": null, "lit": "yes", "length_m": 42.85, "type_element": "Way", "__fid": 78582}, "geometry": {"type": "LineString", "coordinates": [[2.3594791, 48.8291885], [2.3599496, 48.82941659999999]]}}, {"type": "Feature", "properties": {"highway": "footway", "footway": "path", "name": null, "surface": "compacted", "lit": null, "length_m": 26.55, "type_element": "Way", "__fid": 78632}, "geometry": {"type": "LineString", "coordinates": [[2.3598061, 48.8285479], [2.359512, 48.828409]]}}, {"type": "Feature", "properties": {"highway": "footway", "footway": "path", "name": null, "surface": "compacted", "lit": null, "length_m": 10.5, "type_element": "Way", "__fid": 78633}, "geometry": {"type": "LineString", "coordinates": [[2.359512, 48.828409], [2.3595956, 48.8283324]]}}, {"type": "Feature", "properties": {"highway": "footway", "footway": "path", "name": null, "surface": "compacted", "lit": "yes", "length_m": 5.47, "type_element": "Way", "__fid": 78658}, "geometry": {"type": "LineString", "coordinates": [[2.3595357, 48.8283031], [2.3595956, 48.8283324]]}}, {"type": "Feature", "properties": {"highway": "footway", "footway": "path", "name": null, "surface": "compacted", "lit": "no", "length_m": 23.48, "type_element": "Way", "__fid": 78659}, "geometry": {"type": "LineString", "coordinates": [[2.359721, 48.828131], [2.3595357, 48.8283031]]}}, {"type": "Feature", "properties": {"highway": "footway", "footway": "path", "name": null, "surface": "compacted", "lit": "yes", "length_m": 26.65, "type_element": "Way", "__fid": 78760}, "geometry": {"type": "LineString", "coordinates": [[2.3595956, 48.8283324], [2.3598876, 48.8284748]]}}, {"type": "Feature", "properties": {"highway": "footway", "footway": "path", "name": null, "surface": "compacted", "lit": "yes", "length_m": 8.04, "type_element": "Way", "__fid": 78793}, "geometry": {"type": "LineString", "coordinates": [[2.3596328, 48.8280881], [2.359721, 48.828131]]}}, {"type": "Feature", "properties": {"highway": "footway", "footway": "path", "name": null, "surface": "concrete", "lit": "yes", "length_m": 40.07, "type_element": "Way", "__fid": 78794}, "geometry": {"type": "LineString", "coordinates": [[2.3599559, 48.8277977], [2.3596328, 48.8280881]]}}, {"type": "Feature", "properties": {"highway": "footway", "footway": "sidewalk", "name": null, "surface": "asphalt", "lit": "yes", "length_m": 3.65, "type_element": "Way", "__fid": 78833}, "geometry": {"type": "LineString", "coordinates": [[2.3596788, 48.8262532], [2.3597062, 48.8262806]]}}, {"type": "Feature", "properties": {"highway": "footway", "footway": "crossing", "name": null, "surface": "asphalt", "lit": "yes", "length_m": 19.07, "type_element": "Way", "__fid": 78834}, "geometry": {"type": "LineString", "coordinates": [[2.3596788, 48.8262532], [2.3596842, 48.826162], [2.3597134, 48.82608410000001]]}}, {"type": "Feature", "properties": {"highway": "footway", "footway": "crossing", "name": null, "surface": "asphalt", "lit": "yes", "length_m": 22.52, "type_element": "Way", "__fid": 78892}, "geometry": {"type": "LineString", "coordinates": [[2.3597062, 48.8262806], [2.3597528, 48.826274], [2.3599735, 48.826274], [2.3600067, 48.8262868]]}}, {"type": "Feature", "properties": {"highway": "footway", "footway": "sidewalk", "name": null, "surface": "asphalt", "lit": "yes", "length_m": 16.63, "type_element": "Way", "__fid": 78911}, "geometry": {"type": "LineString", "coordinates": [[2.3599168, 48.8260361], [2.3598552, 48.8260736], [2.3597134, 48.82608410000001]]}}, {"type": "Feature", "properties": {"highway": "footway", "footway": "path", "name": null, "surface": "concrete", "lit": "no", "length_m": 21.68, "type_element": "Way", "__fid": 78953}, "geometry": {"type": "LineString", "coordinates": [[2.3599559, 48.8277977], [2.3597172, 48.8276829]]}}, {"type": "Feature", "properties": {"highway": "footway", "footway": "path", "name": null, "surface": "compacted", "lit": "no", "length_m": 56.58, "type_element": "Way", "__fid": 78954}, "geometry": {"type": "LineString", "coordinates": [[2.3597172, 48.8276829], [2.3600027, 48.8274296], [2.3602387, 48.8275436]]}}, {"type": "Feature", "properties": {"highway": "footway", "footway": "path", "name": null, "surface": "compacted", "lit": "yes", "length_m": 37.72, "type_element": "Way", "__fid": 78969}, "geometry": {"type": "LineString", "coordinates": [[2.359721, 48.828131], [2.3601346, 48.8283322]]}}, {"type": "Feature", "properties": {"highway": "footway", "footway": "crossing", "name": null, "surface": "asphalt", "lit": "yes", "length_m": 15.2, "type_element": "Way", "__fid": 78981}, "geometry": {"type": "LineString", "coordinates": [[2.3597592, 48.829656700000015], [2.359771, 48.829606], [2.3597056, 48.8295323]]}}, {"type": "Feature", "properties": {"highway": "footway", "footway": "sidewalk", "name": null, "surface": null, "lit": "yes", "length_m": 22.05, "type_element": "Way", "__fid": 78982}, "geometry": {"type": "LineString", "coordinates": [[2.3599496, 48.82941659999999], [2.3597056, 48.8295323]]}}, {"type": "Feature", "properties": {"highway": "footway", "footway": "path", "name": null, "surface": "compacted", "lit": null, "length_m": 5.72, "type_element": "Way", "__fid": 79052}, "geometry": {"type": "LineString", "coordinates": [[2.3597599, 48.8285893], [2.3598061, 48.8285479]]}}, {"type": "Feature", "properties": {"highway": "footway", "footway": "sidewalk", "name": null, "surface": "asphalt", "lit": "yes", "length_m": 28.49, "type_element": "Way", "__fid": 79090}, "geometry": {"type": "LineString", "coordinates": [[2.3597721, 48.8292039], [2.3600878, 48.8293529]]}}, {"type": "Feature", "properties": {"highway": "footway", "footway": "path", "name": null, "surface": "compacted", "lit": "yes", "length_m": 7.23, "type_element": "Way", "__fid": 79091}, "geometry": {"type": "LineString", "coordinates": [[2.3597721, 48.8292039], [2.3598301, 48.8291513]]}}, {"type": "Feature", "properties": {"highway": "living_street", "footway": null, "name": "Rue du Docteur Magnan", "surface": "asphalt", "lit": "yes", "length_m": 11.93, "type_element": "Way", "__fid": 79122}, "geometry": {"type": "LineString", "coordinates": [[2.3598216, 48.826327], [2.3599549, 48.8263883]]}}, {"type": "Feature", "properties": {"highway": "footway", "footway": "path", "name": null, "surface": "compacted", "lit": null, "length_m": 10.09, "type_element": "Way", "__fid": 79139}, "geometry": {"type": "LineString", "coordinates": [[2.3598061, 48.8285479], [2.3598876, 48.8284748]]}}, {"type": "Feature", "properties": {"highway": "service", "footway": null, "name": null, "surface": "asphalt", "lit": "yes", "length_m": 15.62, "type_element": "Way", "__fid": 79183}, "geometry": {"type": "LineString", "coordinates": [[2.3600653, 48.825835], [2.3598664, 48.8257851]]}}, {"type": "Feature", "properties": {"highway": "footway", "footway": "path", "name": null, "surface": "compacted", "lit": "no", "length_m": 6.31, "type_element": "Way", "__fid": 79185}, "geometry": {"type": "LineString", "coordinates": [[2.3598301, 48.8291513], [2.3599005, 48.8291839]]}}, {"type": "Feature", "properties": {"highway": "footway", "footway": "path", "name": null, "surface": "compacted", "lit": "yes", "length_m": 7.14, "type_element": "Way", "__fid": 79186}, "geometry": {"type": "LineString", "coordinates": [[2.3598301, 48.8291513], [2.3598862, 48.8290988]]}}, {"type": "Feature", "properties": {"highway": "footway", "footway": "path", "name": null, "surface": "compacted", "lit": "no", "length_m": 4.92, "type_element": "Way", "__fid": 79224}, "geometry": {"type": "LineString", "coordinates": [[2.3598618, 48.82922], [2.3599005, 48.8291839]]}}, {"type": "Feature", "properties": {"highway": "footway", "footway": "sidewalk", "name": null, "surface": "asphalt", "lit": "yes", "length_m": 120.85, "type_element": "Way", "__fid": 79236}, "geometry": {"type": "LineString", "coordinates": [[2.3612374, 48.827072], [2.3599081, 48.8264309]]}}, {"type": "Feature", "properties": {"highway": "footway", "footway": "sidewalk", "name": null, "surface": "asphalt", "lit": "yes", "length_m": 5.85, "type_element": "Way", "__fid": 79237}, "geometry": {"type": "LineString", "coordinates": [[2.3599081, 48.8264309], [2.3599549, 48.8263883]]}}, {"type": "Feature", "properties": {"highway": "footway", "footway": "crossing", "name": null, "surface": "asphalt", "lit": "yes", "length_m": 12.96, "type_element": "Way", "__fid": 79242}, "geometry": {"type": "LineString", "coordinates": [[2.3599168, 48.8260361], [2.3599585, 48.82605649999998], [2.3600786, 48.8260785]]}}, {"type": "Feature", "properties": {"highway": "footway", "footway": "sidewalk", "name": null, "surface": "asphalt", "lit": "yes", "length_m": 18.86, "type_element": "Way", "__fid": 79243}, "geometry": {"type": "LineString", "coordinates": [[2.3599168, 48.8260361], [2.3600289, 48.825883500000025]]}}, {"type": "Feature", "properties": {"highway": "footway", "footway": "path", "name": null, "surface": "compacted", "lit": "yes", "length_m": 5.71, "type_element": "Way", "__fid": 79244}, "geometry": {"type": "LineString", "coordinates": [[2.3598876, 48.8284748], [2.3599501, 48.82850529999999]]}}, {"type": "Feature", "properties": {"highway": "footway", "footway": "path", "name": null, "surface": "compacted", "lit": "no", "length_m": 6.35, "type_element": "Way", "__fid": 79257}, "geometry": {"type": "LineString", "coordinates": [[2.3598862, 48.8290988], [2.3599482, 48.8291386]]}}, {"type": "Feature", "properties": {"highway": "footway", "footway": "path", "name": null, "surface": "compacted", "lit": "yes", "length_m": 40.95, "type_element": "Way", "__fid": 79258}, "geometry": {"type": "LineString", "coordinates": [[2.3598862, 48.8290988], [2.3599266, 48.8290281], [2.3600195, 48.8289734], [2.3601977, 48.828928400000024], [2.3602912, 48.8288706]]}}, {"type": "Feature", "properties": {"highway": "footway", "footway": "path", "name": null, "surface": "compacted", "lit": "no", "length_m": 12.59, "type_element": "Way", "__fid": 79282}, "geometry": {"type": "LineString", "coordinates": [[2.3599005, 48.8291839], [2.3599611, 48.829212], [2.3600176, 48.82915959999998]]}}, {"type": "Feature", "properties": {"highway": "footway", "footway": "path", "name": null, "surface": "compacted", "lit": "no", "length_m": 6.13, "type_element": "Way", "__fid": 79283}, "geometry": {"type": "LineString", "coordinates": [[2.3599005, 48.8291839], [2.3599482, 48.8291386]]}}, {"type": "Feature", "properties": {"highway": "living_street", "footway": null, "name": "Rue du Docteur Magnan", "surface": "asphalt", "lit": "yes", "length_m": 215.92, "type_element": "Way", "__fid": 79314}, "geometry": {"type": "LineString", "coordinates": [[2.3599549, 48.8263883], [2.362331, 48.8275326]]}}, {"type": "Feature", "properties": {"highway": "footway", "footway": "sidewalk", "name": null, "surface": "asphalt", "lit": "yes", "length_m": 6.34, "type_element": "Way", "__fid": 79315}, "geometry": {"type": "LineString", "coordinates": [[2.3599972, 48.826338600000014], [2.3599549, 48.8263883]]}}, {"type": "Feature", "properties": {"highway": "footway", "footway": "path", "name": null, "surface": "concrete", "lit": "yes", "length_m": 35.06, "type_element": "Way", "__fid": 79333}, "geometry": {"type": "LineString", "coordinates": [[2.3602387, 48.8275436], [2.3599559, 48.8277977]]}}, {"type": "Feature", "properties": {"highway": "footway", "footway": "path", "name": null, "surface": "compacted", "lit": "yes", "length_m": 44.09, "type_element": "Way", "__fid": 79338}, "geometry": {"type": "LineString", "coordinates": [[2.3599501, 48.82850529999999], [2.3604331, 48.8287409]]}}, {"type": "Feature", "properties": {"highway": "footway", "footway": "path", "name": null, "surface": "compacted", "lit": "no", "length_m": 23.54, "type_element": "Way", "__fid": 79339}, "geometry": {"type": "LineString", "coordinates": [[2.3601346, 48.8283322], [2.3599501, 48.82850529999999]]}}, {"type": "Feature", "properties": {"highway": "footway", "footway": "path", "name": null, "surface": "compacted", "lit": "no", "length_m": 5.6, "type_element": "Way", "__fid": 79342}, "geometry": {"type": "LineString", "coordinates": [[2.3599482, 48.8291386], [2.3600176, 48.82915959999998]]}}, {"type": "Feature", "properties": {"highway": "footway", "footway": "sidewalk", "name": null, "surface": "compacted", "lit": null, "length_m": 65.82, "type_element": "Way", "__fid": 79345}, "geometry": {"type": "LineString", "coordinates": [[2.3599423, 48.8297433], [2.3600636, 48.8296409], [2.3606108, 48.829353]]}}, {"type": "Feature", "properties": {"highway": "footway", "footway": "crossing", "name": null, "surface": "asphalt", "lit": "yes", "length_m": 12.37, "type_element": "Way", "__fid": 79357}, "geometry": {"type": "LineString", "coordinates": [[2.3599496, 48.82941659999999], [2.3600878, 48.8293529]]}}, {"type": "Feature", "properties": {"highway": "footway", "footway": "sidewalk", "name": null, "surface": "asphalt", "lit": "yes", "length_m": 217.92, "type_element": "Way", "__fid": 79373}, "geometry": {"type": "LineString", "coordinates": [[2.3623955, 48.82748260000001], [2.3623634, 48.827486], [2.3599972, 48.826338600000014]]}}, {"type": "Feature", "properties": {"highway": "footway", "footway": "sidewalk", "name": null, "surface": "asphalt", "lit": "yes", "length_m": 5.8, "type_element": "Way", "__fid": 79374}, "geometry": {"type": "LineString", "coordinates": [[2.3599972, 48.826338600000014], [2.3600067, 48.8262868]]}}, {"type": "Feature", "properties": {"highway": "footway", "footway": "sidewalk", "name": null, "surface": "asphalt", "lit": "yes", "length_m": 21.66, "type_element": "Way", "__fid": 79385}, "geometry": {"type": "LineString", "coordinates": [[2.3600067, 48.8262868], [2.3600562, 48.826240800000015], [2.3601483, 48.8262377], [2.3602633, 48.82625319999998]]}}, {"type": "Feature", "properties": {"highway": "footway", "footway": "sidewalk", "name": null, "surface": "asphalt", "lit": "yes", "length_m": 6.02, "type_element": "Way", "__fid": 79399}, "geometry": {"type": "LineString", "coordinates": [[2.3600653, 48.825835], [2.3600289, 48.825883500000025]]}}, {"type": "Feature", "properties": {"highway": "footway", "footway": "path", "name": null, "surface": "compacted", "lit": "no", "length_m": 48.94, "type_element": "Way", "__fid": 79429}, "geometry": {"type": "LineString", "coordinates": [[2.3600176, 48.82915959999998], [2.3601384, 48.82915240000001], [2.3601929, 48.8291378], [2.3603099, 48.8290734], [2.3603507, 48.82903360000001], [2.3603575, 48.8289867], [2.3603317, 48.8289156], [2.3602912, 48.8288706]]}}, {"type": "Feature", "properties": {"highway": "service", "footway": null, "name": null, "surface": "asphalt", "lit": "yes", "length_m": 8.03, "type_element": "Way", "__fid": 79434}, "geometry": {"type": "LineString", "coordinates": [[2.3601676, 48.8258606], [2.3600653, 48.825835]]}}, {"type": "Feature", "properties": {"highway": "footway", "footway": "sidewalk", "name": null, "surface": "asphalt", "lit": "yes", "length_m": 4.09, "type_element": "Way", "__fid": 79435}, "geometry": {"type": "LineString", "coordinates": [[2.3600909, 48.82580229999998], [2.3600653, 48.825835]]}}, {"type": "Feature", "properties": {"highway": "footway", "footway": "crossing", "name": null, "surface": "asphalt", "lit": "yes", "length_m": 17.44, "type_element": "Way", "__fid": 79457}, "geometry": {"type": "LineString", "coordinates": [[2.3600786, 48.8260785], [2.3603108, 48.8261115]]}}, {"type": "Feature", "properties": {"highway": "footway", "footway": "sidewalk", "name": null, "surface": "paving_stones", "lit": "yes", "length_m": 22.61, "type_element": "Way", "__fid": 79458}, "geometry": {"type": "LineString", "coordinates": [[2.3600786, 48.8260785], [2.3601441, 48.8260414], [2.3601476, 48.826015], [2.3602685, 48.8259256]]}}, {"type": "Feature", "properties": {"highway": "footway", "footway": "crossing", "name": null, "surface": "asphalt", "lit": "yes", "length_m": 17.23, "type_element": "Way", "__fid": 79476}, "geometry": {"type": "LineString", "coordinates": [[2.3602416, 48.82591], [2.3602186, 48.8258967], [2.3602111, 48.8258712], [2.3601499, 48.825818], [2.3600909, 48.82580229999998]]}}, {"type": "Feature", "properties": {"highway": "footway", "footway": "sidewalk", "name": null, "surface": "asphalt", "lit": "yes", "length_m": 80.75, "type_element": "Way", "__fid": 79477}, "geometry": {"type": "LineString", "coordinates": [[2.3605889, 48.8251548], [2.3600909, 48.82580229999998]]}}, {"type": "Feature", "properties": {"highway": "footway", "footway": "sidewalk", "name": null, "surface": "asphalt", "lit": "yes", "length_m": 17.26, "type_element": "Way", "__fid": 79529}, "geometry": {"type": "LineString", "coordinates": [[2.3600878, 48.8293529], [2.3601777, 48.8293209], [2.3602688, 48.829257]]}}, {"type": "Feature", "properties": {"highway": "footway", "footway": "path", "name": null, "surface": "compacted", "lit": "yes", "length_m": 8.77, "type_element": "Way", "__fid": 79576}, "geometry": {"type": "LineString", "coordinates": [[2.3601346, 48.8283322], [2.3602308, 48.828379]]}}, {"type": "Feature", "properties": {"highway": "footway", "footway": "sidewalk", "name": null, "surface": "paving_stones", "lit": "yes", "length_m": 2.63, "type_element": "Way", "__fid": 79692}, "geometry": {"type": "LineString", "coordinates": [[2.3602685, 48.8259256], [2.3602416, 48.82591]]}}, {"type": "Feature", "properties": {"highway": "footway", "footway": "sidewalk", "name": null, "surface": "asphalt", "lit": "yes", "length_m": 100.67, "type_element": "Way", "__fid": 79693}, "geometry": {"type": "LineString", "coordinates": [[2.3608751, 48.825107], [2.3602416, 48.82591]]}}, {"type": "Feature", "properties": {"highway": "footway", "footway": "path", "name": null, "surface": "compacted", "lit": "no", "length_m": 27.66, "type_element": "Way", "__fid": 79715}, "geometry": {"type": "LineString", "coordinates": [[2.3605427, 48.8276905], [2.3602387, 48.8275436]]}}, {"type": "Feature", "properties": {"highway": "footway", "footway": "path", "name": null, "surface": "concrete", "lit": "yes", "length_m": 32.34, "type_element": "Way", "__fid": 79716}, "geometry": {"type": "LineString", "coordinates": [[2.3604995, 48.827309200000016], [2.3602387, 48.8275436]]}}, {"type": "Feature", "properties": {"highway": "footway", "footway": "path", "name": null, "surface": "compacted", "lit": "yes", "length_m": 36.32, "type_element": "Way", "__fid": 79720}, "geometry": {"type": "LineString", "coordinates": [[2.3602308, 48.828379], [2.3606291, 48.8285727]]}}, {"type": "Feature", "properties": {"highway": "footway", "footway": "path", "name": null, "surface": "concrete", "lit": "yes", "length_m": 40.29, "type_element": "Way", "__fid": 79721}, "geometry": {"type": "LineString", "coordinates": [[2.3605594, 48.8280888], [2.3602308, 48.828379]]}}, {"type": "Feature", "properties": {"highway": "footway", "footway": "sidewalk", "name": null, "surface": "asphalt", "lit": "yes", "length_m": 232.23, "type_element": "Way", "__fid": 79728}, "geometry": {"type": "LineString", "coordinates": [[2.3602633, 48.82625319999998], [2.3633628, 48.8266704]]}}, {"type": "Feature", "properties": {"highway": "footway", "footway": "crossing", "name": null, "surface": "asphalt", "lit": "yes", "length_m": 16.14, "type_element": "Way", "__fid": 79729}, "geometry": {"type": "LineString", "coordinates": [[2.3603108, 48.8261115], [2.3602633, 48.82625319999998]]}}, {"type": "Feature", "properties": {"highway": "footway", "footway": "crossing", "name": null, "surface": "asphalt", "lit": "yes", "length_m": 17.59, "type_element": "Way", "__fid": 79732}, "geometry": {"type": "LineString", "coordinates": [[2.3602685, 48.8259256], [2.3603349, 48.825964], [2.3603835, 48.8260118], [2.3604293, 48.8260415]]}}, {"type": "Feature", "properties": {"highway": "footway", "footway": "sidewalk", "name": null, "surface": "asphalt", "lit": "yes", "length_m": 185.8, "type_element": "Way", "__fid": 79733}, "geometry": {"type": "LineString", "coordinates": [[2.3602685, 48.8259256], [2.3603691, 48.8258932], [2.3604506, 48.8258538], [2.3622998, 48.8249311]]}}, {"type": "Feature", "properties": {"highway": "footway", "footway": "sidewalk", "name": null, "surface": "asphalt", "lit": null, "length_m": 31.4, "type_element": "Way", "__fid": 79787}, "geometry": {"type": "LineString", "coordinates": [[2.3602688, 48.829257], [2.3603845, 48.8293153], [2.360411, 48.829310599999985], [2.3604597, 48.8292845], [2.3604821, 48.829281899999984], [2.3605197, 48.8292946], [2.3606108, 48.829353]]}}, {"type": "Feature", "properties": {"highway": "footway", "footway": "sidewalk", "name": null, "surface": "asphalt", "lit": "yes", "length_m": 43.7, "type_element": "Way", "__fid": 79788}, "geometry": {"type": "LineString", "coordinates": [[2.3602688, 48.829257], [2.3602876, 48.8292336], [2.3606392, 48.8289499]]}}, {"type": "Feature", "properties": {"highway": "footway", "footway": "sidewalk", "name": null, "surface": null, "lit": "yes", "length_m": 81.49, "type_element": "Way", "__fid": 79791}, "geometry": {"type": "LineString", "coordinates": [[2.3603108, 48.8261115], [2.3604395, 48.8261368], [2.3613965, 48.8262621]]}}, {"type": "Feature", "properties": {"highway": "footway", "footway": "sidewalk", "name": null, "surface": null, "lit": "yes", "length_m": 11.67, "type_element": "Way", "__fid": 79792}, "geometry": {"type": "LineString", "coordinates": [[2.3604293, 48.8260415], [2.3603108, 48.8261115]]}}, {"type": "Feature", "properties": {"highway": "footway", "footway": "path", "name": null, "surface": "compacted", "lit": "yes", "length_m": 17.79, "type_element": "Way", "__fid": 79810}, "geometry": {"type": "LineString", "coordinates": [[2.3602912, 48.8288706], [2.3604331, 48.8287409]]}}, {"type": "Feature", "properties": {"highway": "footway", "footway": "sidewalk", "name": null, "surface": null, "lit": "yes", "length_m": 56.11, "type_element": "Way", "__fid": 79961}, "geometry": {"type": "LineString", "coordinates": [[2.3610335, 48.825733], [2.3609548, 48.8257806], [2.3604293, 48.8260415]]}}, {"type": "Feature", "properties": {"highway": "footway", "footway": "path", "name": null, "surface": "compacted", "lit": "yes", "length_m": 8.45, "type_element": "Way", "__fid": 79991}, "geometry": {"type": "LineString", "coordinates": [[2.3604331, 48.8287409], [2.3605257, 48.82878609999999]]}}, {"type": "Feature", "properties": {"highway": "footway", "footway": "path", "name": null, "surface": "compacted", "lit": "no", "length_m": 27.84, "type_element": "Way", "__fid": 80052}, "geometry": {"type": "LineString", "coordinates": [[2.3604995, 48.827309200000016], [2.3608055, 48.8274571]]}}, {"type": "Feature", "properties": {"highway": "footway", "footway": "path", "name": null, "surface": "concrete", "lit": "yes", "length_m": 47.56, "type_element": "Way", "__fid": 80053}, "geometry": {"type": "LineString", "coordinates": [[2.3609321, 48.827166], [2.3607526, 48.82708169999999], [2.3604995, 48.827309200000016]]}}, {"type": "Feature", "properties": {"highway": "footway", "footway": "path", "name": null, "surface": "compacted", "lit": "yes", "length_m": 18.01, "type_element": "Way", "__fid": 80109}, "geometry": {"type": "LineString", "coordinates": [[2.3605257, 48.82878609999999], [2.3607229, 48.8288824]]}}, {"type": "Feature", "properties": {"highway": "footway", "footway": "path", "name": null, "surface": "concrete", "lit": "no", "length_m": 23.61, "type_element": "Way", "__fid": 80110}, "geometry": {"type": "LineString", "coordinates": [[2.360719, 48.8286164], [2.3605257, 48.82878609999999]]}}, {"type": "Feature", "properties": {"highway": "footway", "footway": "path", "name": null, "surface": "compacted", "lit": "no", "length_m": 27.5, "type_element": "Way", "__fid": 80115}, "geometry": {"type": "LineString", "coordinates": [[2.360845, 48.8278365], [2.3605427, 48.8276905]]}}, {"type": "Feature", "properties": {"highway": "footway", "footway": "path", "name": null, "surface": "compacted", "lit": "no", "length_m": 32.34, "type_element": "Way", "__fid": 80116}, "geometry": {"type": "LineString", "coordinates": [[2.3605427, 48.8276905], [2.3608055, 48.8274571]]}}, {"type": "Feature", "properties": {"highway": "footway", "footway": "crossing", "name": null, "surface": "asphalt", "lit": "yes", "length_m": 9.48, "type_element": "Way", "__fid": 80127}, "geometry": {"type": "LineString", "coordinates": [[2.3605889, 48.8251548], [2.360655, 48.8250816]]}}, {"type": "Feature", "properties": {"highway": "footway", "footway": "path", "name": null, "surface": "concrete", "lit": "no", "length_m": 21.16, "type_element": "Way", "__fid": 80134}, "geometry": {"type": "LineString", "coordinates": [[2.3607917, 48.8282015], [2.3605594, 48.8280888]]}}, {"type": "Feature", "properties": {"highway": "footway", "footway": "path", "name": null, "surface": "concrete", "lit": "yes", "length_m": 35.02, "type_element": "Way", "__fid": 80135}, "geometry": {"type": "LineString", "coordinates": [[2.360845, 48.8278365], [2.3605594, 48.8280888]]}}, {"type": "Feature", "properties": {"highway": "footway", "footway": "sidewalk", "name": null, "surface": "asphalt", "lit": "yes", "length_m": 4.76, "type_element": "Way", "__fid": 80192}, "geometry": {"type": "LineString", "coordinates": [[2.360655, 48.8250816], [2.3606935, 48.825047200000014]]}}, {"type": "Feature", "properties": {"highway": "footway", "footway": "sidewalk", "name": null, "surface": "compacted", "lit": null, "length_m": 9.73, "type_element": "Way", "__fid": 80196}, "geometry": {"type": "LineString", "coordinates": [[2.3606108, 48.829353], [2.3607422, 48.8293416]]}}, {"type": "Feature", "properties": {"highway": "footway", "footway": "path", "name": null, "surface": "compacted", "lit": "yes", "length_m": 8.2, "type_element": "Way", "__fid": 80202}, "geometry": {"type": "LineString", "coordinates": [[2.3606291, 48.8285727], [2.360719, 48.8286164]]}}, {"type": "Feature", "properties": {"highway": "footway", "footway": "path", "name": null, "surface": "concrete", "lit": "yes", "length_m": 24.88, "type_element": "Way", "__fid": 80203}, "geometry": {"type": "LineString", "coordinates": [[2.3606291, 48.8285727], [2.3608233, 48.8283893]]}}, {"type": "Feature", "properties": {"highway": "footway", "footway": "crossing", "name": null, "surface": "asphalt", "lit": "yes", "length_m": 11.5, "type_element": "Way", "__fid": 80216}, "geometry": {"type": "LineString", "coordinates": [[2.3607592, 48.8290164], [2.3606392, 48.8289499]]}}, {"type": "Feature", "properties": {"highway": "footway", "footway": "sidewalk", "name": null, "surface": "asphalt", "lit": "yes", "length_m": 9.7, "type_element": "Way", "__fid": 80217}, "geometry": {"type": "LineString", "coordinates": [[2.3606392, 48.8289499], [2.3607229, 48.8288824]]}}, {"type": "Feature", "properties": {"highway": "footway", "footway": "crossing", "name": null, "surface": "asphalt", "lit": "yes", "length_m": 14.9, "type_element": "Way", "__fid": 80220}, "geometry": {"type": "LineString", "coordinates": [[2.3606935, 48.825047200000014], [2.3608751, 48.825107]]}}, {"type": "Feature", "properties": {"highway": "footway", "footway": "sidewalk", "name": null, "surface": "asphalt", "lit": "yes", "length_m": 161.47, "type_element": "Way", "__fid": 80221}, "geometry": {"type": "LineString", "coordinates": [[2.3616959, 48.82375460000002], [2.3606935, 48.825047200000014]]}}, {"type": "Feature", "properties": {"highway": "living_street", "footway": null, "name": "Rue Ricaut", "surface": "asphalt", "lit": "yes", "length_m": 9.52, "type_element": "Way", "__fid": 80251}, "geometry": {"type": "LineString", "coordinates": [[2.3606931, 48.82924650000001], [2.3607843, 48.8293074]]}}, {"type": "Feature", "properties": {"highway": "footway", "footway": "path", "name": null, "surface": "compacted", "lit": "yes", "length_m": 19.1, "type_element": "Way", "__fid": 80263}, "geometry": {"type": "LineString", "coordinates": [[2.360719, 48.8286164], [2.3609285, 48.8287183]]}}, {"type": "Feature", "properties": {"highway": "footway", "footway": "sidewalk", "name": null, "surface": "asphalt", "lit": "yes", "length_m": 23.68, "type_element": "Way", "__fid": 80273}, "geometry": {"type": "LineString", "coordinates": [[2.3607229, 48.8288824], [2.3609285, 48.8287183]]}}, {"type": "Feature", "properties": {"highway": "footway", "footway": "sidewalk", "name": null, "surface": null, "lit": "yes", "length_m": 140.53, "type_element": "Way", "__fid": 80307}, "geometry": {"type": "LineString", "coordinates": [[2.3607422, 48.8293416], [2.3607905, 48.82938750000001], [2.36209, 48.8302378]]}}, {"type": "Feature", "properties": {"highway": "footway", "footway": "sidewalk", "name": null, "surface": "compacted", "lit": null, "length_m": 4.9, "type_element": "Way", "__fid": 80308}, "geometry": {"type": "LineString", "coordinates": [[2.3607422, 48.8293416], [2.3607843, 48.8293074]]}}, {"type": "Feature", "properties": {"highway": "footway", "footway": "sidewalk", "name": null, "surface": "asphalt", "lit": "yes", "length_m": 12.13, "type_element": "Way", "__fid": 80313}, "geometry": {"type": "LineString", "coordinates": [[2.3607592, 48.8290164], [2.3608455, 48.8291094]]}}, {"type": "Feature", "properties": {"highway": "footway", "footway": "sidewalk", "name": null, "surface": "asphalt", "lit": "yes", "length_m": 39.4, "type_element": "Way", "__fid": 80314}, "geometry": {"type": "LineString", "coordinates": [[2.3611082, 48.8287472], [2.3607592, 48.8290164]]}}, {"type": "Feature", "properties": {"highway": "footway", "footway": "path", "name": null, "surface": "compacted", "lit": "no", "length_m": 29.56, "type_element": "Way", "__fid": 80331}, "geometry": {"type": "LineString", "coordinates": [[2.3608233, 48.8283893], [2.3606679, 48.82831150000002], [2.3607917, 48.8282015]]}}, {"type": "Feature", "properties": {"highway": "footway", "footway": "path", "name": null, "surface": "compacted", "lit": "no", "length_m": 35.06, "type_element": "Way", "__fid": 80332}, "geometry": {"type": "LineString", "coordinates": [[2.3607917, 48.8282015], [2.3610766, 48.82794840000001]]}}, {"type": "Feature", "properties": {"highway": "footway", "footway": "path", "name": null, "surface": "compacted", "lit": "no", "length_m": 27.59, "type_element": "Way", "__fid": 80339}, "geometry": {"type": "LineString", "coordinates": [[2.3608055, 48.8274571], [2.3611088, 48.8276036]]}}, {"type": "Feature", "properties": {"highway": "footway", "footway": "path", "name": null, "surface": "asphalt", "lit": "no", "length_m": 13.26, "type_element": "Way", "__fid": 80340}, "geometry": {"type": "LineString", "coordinates": [[2.3608055, 48.8274571], [2.3609132, 48.8273614]]}}, {"type": "Feature", "properties": {"highway": "living_street", "footway": null, "name": "Rue Ricaut", "surface": "asphalt", "lit": "yes", "length_m": 141.17, "type_element": "Way", "__fid": 80342}, "geometry": {"type": "LineString", "coordinates": [[2.3607843, 48.8293074], [2.362137, 48.8302098]]}}, {"type": "Feature", "properties": {"highway": "footway", "footway": "sidewalk", "name": null, "surface": "asphalt", "lit": "yes", "length_m": 13.8, "type_element": "Way", "__fid": 80343}, "geometry": {"type": "LineString", "coordinates": [[2.3607843, 48.8293074], [2.3608212, 48.8292845], [2.3608696, 48.8292771], [2.3609152, 48.8292277]]}}, {"type": "Feature", "properties": {"highway": "footway", "footway": "path", "name": null, "surface": "compacted", "lit": "no", "length_m": 65.21, "type_element": "Way", "__fid": 80356}, "geometry": {"type": "LineString", "coordinates": [[2.3613892, 48.8280994], [2.3609878, 48.828466800000015], [2.3608233, 48.8283893]]}}, {"type": "Feature", "properties": {"highway": "footway", "footway": "sidewalk", "name": null, "surface": "asphalt", "lit": "yes", "length_m": 159.53, "type_element": "Way", "__fid": 80368}, "geometry": {"type": "LineString", "coordinates": [[2.3618663, 48.8238323], [2.3612298, 48.8246602], [2.3612047, 48.8246752], [2.3611586, 48.8247321], [2.3611406, 48.824766], [2.3608751, 48.825107]]}}, {"type": "Feature", "properties": {"highway": "footway", "footway": "path", "name": null, "surface": "compacted", "lit": "no", "length_m": 21.07, "type_element": "Way", "__fid": 80374}, "geometry": {"type": "LineString", "coordinates": [[2.3610766, 48.82794840000001], [2.360845, 48.8278365]]}}, {"type": "Feature", "properties": {"highway": "footway", "footway": "path", "name": null, "surface": "concrete", "lit": "yes", "length_m": 32.34, "type_element": "Way", "__fid": 80375}, "geometry": {"type": "LineString", "coordinates": [[2.3611088, 48.8276036], [2.360845, 48.8278365]]}}, {"type": "Feature", "properties": {"highway": "footway", "footway": "crossing", "name": null, "surface": "asphalt", "lit": "yes", "length_m": 15.6, "type_element": "Way", "__fid": 80411}, "geometry": {"type": "LineString", "coordinates": [[2.3609152, 48.8292277], [2.3608737, 48.8292065], [2.360831, 48.829158200000016], [2.3608455, 48.8291094]]}}, {"type": "Feature", "properties": {"highway": "footway", "footway": "sidewalk", "name": null, "surface": "asphalt", "lit": "yes", "length_m": 298.34, "type_element": "Way", "__fid": 80412}, "geometry": {"type": "LineString", "coordinates": [[2.3608455, 48.8291094], [2.3643637, 48.8277665]]}}, {"type": "Feature", "properties": {"highway": "footway", "footway": "path", "name": null, "surface": "asphalt", "lit": "no", "length_m": 29.13, "type_element": "Way", "__fid": 80462}, "geometry": {"type": "LineString", "coordinates": [[2.3611816, 48.8272868], [2.3610326, 48.8274187], [2.3609132, 48.8273614]]}}, {"type": "Feature", "properties": {"highway": "footway", "footway": "path", "name": null, "surface": "asphalt", "lit": "no", "length_m": 30.01, "type_element": "Way", "__fid": 80463}, "geometry": {"type": "LineString", "coordinates": [[2.3609321, 48.827166], [2.3607852, 48.8273], [2.3609132, 48.8273614]]}}, {"type": "Feature", "properties": {"highway": "footway", "footway": "path", "name": null, "surface": "asphalt", "lit": "yes", "length_m": 22.71, "type_element": "Way", "__fid": 80482}, "geometry": {"type": "LineString", "coordinates": [[2.3611816, 48.8272868], [2.3609321, 48.827166]]}}, {"type": "Feature", "properties": {"highway": "footway", "footway": "sidewalk", "name": null, "surface": "asphalt", "lit": "yes", "length_m": 299.65, "type_element": "Way", "__fid": 80485}, "geometry": {"type": "LineString", "coordinates": [[2.3609152, 48.8292277], [2.3644517, 48.8278822]]}}, {"type": "Feature", "properties": {"highway": "footway", "footway": "crossing", "name": null, "surface": "asphalt", "lit": "yes", "length_m": 18.09, "type_element": "Way", "__fid": 80495}, "geometry": {"type": "LineString", "coordinates": [[2.3609285, 48.8287183], [2.3609779, 48.8286777], [2.3611082, 48.8287472]]}}, {"type": "Feature", "properties": {"highway": "footway", "footway": "sidewalk", "name": null, "surface": null, "lit": "yes", "length_m": 68.7, "type_element": "Way", "__fid": 80543}, "geometry": {"type": "LineString", "coordinates": [[2.3613965, 48.8262621], [2.3614106, 48.8262002], [2.3613965, 48.826016299999985], [2.3610335, 48.825733]]}}, {"type": "Feature", "properties": {"highway": "footway", "footway": "crossing", "name": null, "surface": "asphalt", "lit": "yes", "length_m": 7.95, "type_element": "Way", "__fid": 80544}, "geometry": {"type": "LineString", "coordinates": [[2.3610335, 48.825733], [2.3611188, 48.82568889999999]]}}, {"type": "Feature", "properties": {"highway": "footway", "footway": "path", "name": null, "surface": "compacted", "lit": "no", "length_m": 28.44, "type_element": "Way", "__fid": 80590}, "geometry": {"type": "LineString", "coordinates": [[2.3613892, 48.8280994], [2.3610766, 48.82794840000001]]}}, {"type": "Feature", "properties": {"highway": "footway", "footway": "path", "name": null, "surface": "concrete", "lit": "no", "length_m": 35.81, "type_element": "Way", "__fid": 80591}, "geometry": {"type": "LineString", "coordinates": [[2.3614819, 48.8277955], [2.3614456, 48.8277873], [2.3613844, 48.8277928], [2.3610766, 48.82794840000001]]}}, {"type": "Feature", "properties": {"highway": "footway", "footway": "sidewalk", "name": null, "surface": "asphalt", "lit": "yes", "length_m": 58.87, "type_element": "Way", "__fid": 80605}, "geometry": {"type": "LineString", "coordinates": [[2.361525, 48.8261257], [2.3615235, 48.8260466], [2.3611267, 48.82572050000001], [2.3611188, 48.82568889999999]]}}, {"type": "Feature", "properties": {"highway": "footway", "footway": "sidewalk", "name": null, "surface": "asphalt", "lit": "yes", "length_m": 115.73, "type_element": "Way", "__fid": 80606}, "geometry": {"type": "LineString", "coordinates": [[2.3611188, 48.82568889999999], [2.362384, 48.825068]]}}, {"type": "Feature", "properties": {"highway": "footway", "footway": "path", "name": null, "surface": "concrete", "lit": "yes", "length_m": 31.66, "type_element": "Way", "__fid": 80616}, "geometry": {"type": "LineString", "coordinates": [[2.361367, 48.8273755], [2.3611088, 48.8276036]]}}, {"type": "Feature", "properties": {"highway": "footway", "footway": "sidewalk", "name": null, "surface": "asphalt", "lit": "yes", "length_m": 7.29, "type_element": "Way", "__fid": 80628}, "geometry": {"type": "LineString", "coordinates": [[2.3611714, 48.8286966], [2.3611082, 48.8287472]]}}, {"type": "Feature", "properties": {"highway": "footway", "footway": "path", "name": null, "surface": "asphalt", "lit": "yes", "length_m": 4.17, "type_element": "Way", "__fid": 80681}, "geometry": {"type": "LineString", "coordinates": [[2.3612276, 48.8273088], [2.3611816, 48.8272868]]}}, {"type": "Feature", "properties": {"highway": "pedestrian", "footway": null, "name": "Rue Charles Moureu", "surface": "asphalt", "lit": "yes", "length_m": 137.92, "type_element": "Way", "__fid": 80692}, "geometry": {"type": "LineString", "coordinates": [[2.3611749, 48.82860140000001], [2.3623559, 48.8276368]]}}, {"type": "Feature", "properties": {"highway": "footway", "footway": "path", "name": null, "surface": "asphalt", "lit": "yes", "length_m": 12.64, "type_element": "Way", "__fid": 80714}, "geometry": {"type": "LineString", "coordinates": [[2.361367, 48.8273755], [2.3612276, 48.8273088]]}}, {"type": "Feature", "properties": {"highway": "footway", "footway": "path", "name": null, "surface": "paving_stones", "lit": "no", "length_m": 26.68, "type_element": "Way", "__fid": 80715}, "geometry": {"type": "LineString", "coordinates": [[2.3612276, 48.8273088], [2.361223, 48.8270849], [2.3612374, 48.827072]]}}, {"type": "Feature", "properties": {"highway": "footway", "footway": "sidewalk", "name": null, "surface": "asphalt", "lit": "yes", "length_m": 94.54, "type_element": "Way", "__fid": 80720}, "geometry": {"type": "LineString", "coordinates": [[2.3622734, 48.827576], [2.3622278, 48.8275454], [2.3612374, 48.827072]]}}, {"type": "Feature", "properties": {"highway": "footway", "footway": "path", "name": null, "surface": "asphalt", "lit": "yes", "length_m": 34.98, "type_element": "Way", "__fid": 80830}, "geometry": {"type": "LineString", "coordinates": [[2.3617529, 48.82756], [2.361367, 48.8273755]]}}, {"type": "Feature", "properties": {"highway": "footway", "footway": "crossing", "name": null, "surface": "asphalt", "lit": "yes", "length_m": 11.6, "type_element": "Way", "__fid": 80844}, "geometry": {"type": "LineString", "coordinates": [[2.3613965, 48.8262621], [2.3615512, 48.8262832]]}}, {"type": "Feature", "properties": {"highway": "footway", "footway": "path", "name": null, "surface": "compacted", "lit": "no", "length_m": 23.72, "type_element": "Way", "__fid": 80863}, "geometry": {"type": "LineString", "coordinates": [[2.3614947, 48.8278978], [2.3613892, 48.8280994]]}}, {"type": "Feature", "properties": {"highway": "service", "footway": null, "name": null, "surface": null, "lit": null, "length_m": 2.46, "type_element": "Way", "__fid": 80938}, "geometry": {"type": "LineString", "coordinates": [[2.361525, 48.8261257], [2.3614915, 48.826126500000015]]}}, {"type": "Feature", "properties": {"highway": "footway", "footway": "path", "name": null, "surface": "concrete", "lit": "no", "length_m": 12.76, "type_element": "Way", "__fid": 80944}, "geometry": {"type": "LineString", "coordinates": [[2.3614947, 48.8278978], [2.3615226, 48.8278471], [2.3615148, 48.827818], [2.3614819, 48.8277955]]}}, {"type": "Feature", "properties": {"highway": "footway", "footway": "path", "name": null, "surface": "concrete", "lit": "yes", "length_m": 32.89, "type_element": "Way", "__fid": 80945}, "geometry": {"type": "LineString", "coordinates": [[2.3617529, 48.82756], [2.3614819, 48.8277955]]}}, {"type": "Feature", "properties": {"highway": "footway", "footway": "path", "name": null, "surface": "concrete", "lit": "no", "length_m": 44.28, "type_element": "Way", "__fid": 80957}, "geometry": {"type": "LineString", "coordinates": [[2.3618987, 48.8276297], [2.3616078, 48.8278895], [2.3614947, 48.8278978]]}}, {"type": "Feature", "properties": {"highway": "footway", "footway": "sidewalk", "name": null, "surface": "asphalt", "lit": "yes", "length_m": 17.89, "type_element": "Way", "__fid": 80964}, "geometry": {"type": "LineString", "coordinates": [[2.3615512, 48.8262832], [2.3615272, 48.8262479], [2.361525, 48.8261257]]}}, {"type": "Feature", "properties": {"highway": "service", "footway": null, "name": null, "surface": null, "lit": null, "length_m": 6.36, "type_element": "Way", "__fid": 80965}, "geometry": {"type": "LineString", "coordinates": [[2.3616116, 48.8261239], [2.361525, 48.8261257]]}}, {"type": "Feature", "properties": {"highway": "footway", "footway": "sidewalk", "name": null, "surface": "asphalt", "lit": "yes", "length_m": 25.5, "type_element": "Way", "__fid": 80992}, "geometry": {"type": "LineString", "coordinates": [[2.3618916, 48.8263287], [2.3615512, 48.8262832]]}}, {"type": "Feature", "properties": {"highway": "footway", "footway": "crossing", "name": null, "surface": "asphalt", "lit": "yes", "length_m": 15.2, "type_element": "Way", "__fid": 81093}, "geometry": {"type": "LineString", "coordinates": [[2.3616959, 48.82375460000002], [2.3618663, 48.8238323]]}}, {"type": "Feature", "properties": {"highway": "footway", "footway": "sidewalk", "name": null, "surface": "asphalt", "lit": "yes", "length_m": 6.71, "type_element": "Way", "__fid": 81094}, "geometry": {"type": "LineString", "coordinates": [[2.3616959, 48.82375460000002], [2.3617352, 48.82370010000001]]}}, {"type": "Feature", "properties": {"highway": "footway", "footway": "path", "name": null, "surface": "asphalt", "lit": "yes", "length_m": 13.22, "type_element": "Way", "__fid": 81196}, "geometry": {"type": "LineString", "coordinates": [[2.3618987, 48.8276297], [2.3617529, 48.82756]]}}, {"type": "Feature", "properties": {"highway": "footway", "footway": "sidewalk", "name": null, "surface": "asphalt", "lit": "yes", "length_m": 4.77, "type_element": "Way", "__fid": 81254}, "geometry": {"type": "LineString", "coordinates": [[2.3618663, 48.8238323], [2.3619304, 48.8238251]]}}, {"type": "Feature", "properties": {"highway": "service", "footway": null, "name": null, "surface": null, "lit": null, "length_m": 7.16, "type_element": "Way", "__fid": 81270}, "geometry": {"type": "LineString", "coordinates": [[2.3618586, 48.82638930000001], [2.3618916, 48.8263287]]}}, {"type": "Feature", "properties": {"highway": "footway", "footway": "sidewalk", "name": null, "surface": "asphalt", "lit": "yes", "length_m": 113.21, "type_element": "Way", "__fid": 81300}, "geometry": {"type": "LineString", "coordinates": [[2.3634027, 48.82653160000001], [2.3618916, 48.8263287]]}}, {"type": "Feature", "properties": {"highway": "service", "footway": null, "name": null, "surface": null, "lit": null, "length_m": 45.5, "type_element": "Way", "__fid": 81301}, "geometry": {"type": "LineString", "coordinates": [[2.3618916, 48.8263287], [2.361931, 48.8262699], [2.3621078, 48.8262505], [2.3621793, 48.8260289]]}}, {"type": "Feature", "properties": {"highway": "footway", "footway": "sidewalk", "name": null, "surface": "asphalt", "lit": "yes", "length_m": 120.73, "type_element": "Way", "__fid": 81308}, "geometry": {"type": "LineString", "coordinates": [[2.3623709, 48.8248711], [2.3622502, 48.824564], [2.3619304, 48.8238251]]}}, {"type": "Feature", "properties": {"highway": "footway", "footway": "crossing", "name": null, "surface": "asphalt", "lit": "yes", "length_m": 17.94, "type_element": "Way", "__fid": 81309}, "geometry": {"type": "LineString", "coordinates": [[2.3619304, 48.8238251], [2.3619357, 48.823766], [2.3620203, 48.823680500000016]]}}, {"type": "Feature", "properties": {"highway": "footway", "footway": "path", "name": null, "surface": "concrete", "lit": "no", "length_m": 28.05, "type_element": "Way", "__fid": 81322}, "geometry": {"type": "LineString", "coordinates": [[2.3622766, 48.82759229999998], [2.3618987, 48.8276297]]}}, {"type": "Feature", "properties": {"highway": "pedestrian", "footway": null, "name": "Rue des Frères d'Astier de la Vigerie", "surface": "sett", "lit": "yes", "length_m": 6.31, "type_element": "Way", "__fid": 81359}, "geometry": {"type": "LineString", "coordinates": [[2.3619778, 48.8237497], [2.3620584, 48.8237694]]}}, {"type": "Feature", "properties": {"highway": "footway", "footway": "sidewalk", "name": null, "surface": "asphalt", "lit": "yes", "length_m": 10.27, "type_element": "Way", "__fid": 81382}, "geometry": {"type": "LineString", "coordinates": [[2.3620203, 48.823680500000016], [2.3620584, 48.8237694]]}}, {"type": "Feature", "properties": {"highway": "pedestrian", "footway": null, "name": "Rue des Frères d'Astier de la Vigerie", "surface": "sett", "lit": "yes", "length_m": 77.76, "type_element": "Way", "__fid": 81431}, "geometry": {"type": "LineString", "coordinates": [[2.3620584, 48.8237694], [2.3630537, 48.8240084]]}}, {"type": "Feature", "properties": {"highway": "footway", "footway": "sidewalk", "name": null, "surface": "asphalt", "lit": "yes", "length_m": 41.9, "type_element": "Way", "__fid": 81432}, "geometry": {"type": "LineString", "coordinates": [[2.3620584, 48.8237694], [2.3622137, 48.824132]]}}, {"type": "Feature", "properties": {"highway": "footway", "footway": "sidewalk", "name": null, "surface": "asphalt", "lit": "yes", "length_m": 49.24, "type_element": "Way", "__fid": 81643}, "geometry": {"type": "LineString", "coordinates": [[2.3622137, 48.824132], [2.3623962, 48.8245581]]}}, {"type": "Feature", "properties": {"highway": "footway", "footway": "residential", "name": null, "surface": "asphalt", "lit": null, "length_m": 61.17, "type_element": "Way", "__fid": 81644}, "geometry": {"type": "LineString", "coordinates": [[2.3628176, 48.824260400000014], [2.3627553, 48.824231], [2.3627231, 48.8242475], [2.3626992, 48.8242755], [2.3626451, 48.8242646], [2.3625973, 48.8242413], [2.3625734, 48.8242173], [2.3625942, 48.8241701], [2.3624934, 48.824101], [2.3624051, 48.8240956], [2.3622137, 48.824132]]}}, {"type": "Feature", "properties": {"highway": "footway", "footway": "crossing", "name": null, "surface": "asphalt", "lit": "yes", "length_m": 16.43, "type_element": "Way", "__fid": 81746}, "geometry": {"type": "LineString", "coordinates": [[2.3622998, 48.8249311], [2.362384, 48.825068]]}}, {"type": "Feature", "properties": {"highway": "footway", "footway": "sidewalk", "name": null, "surface": "asphalt", "lit": "yes", "length_m": 8.68, "type_element": "Way", "__fid": 81747}, "geometry": {"type": "LineString", "coordinates": [[2.3622998, 48.8249311], [2.3623403, 48.8249106], [2.3623709, 48.8248711]]}}, {"type": "Feature", "properties": {"highway": "footway", "footway": "sidewalk", "name": null, "surface": "asphalt", "lit": "yes", "length_m": 1.83, "type_element": "Way", "__fid": 81753}, "geometry": {"type": "LineString", "coordinates": [[2.3622766, 48.82759229999998], [2.3622734, 48.827576]]}}, {"type": "Feature", "properties": {"highway": "footway", "footway": "sidewalk", "name": null, "surface": "asphalt", "lit": "yes", "length_m": 6.42, "type_element": "Way", "__fid": 81754}, "geometry": {"type": "LineString", "coordinates": [[2.3622734, 48.827576], [2.362331, 48.8275326]]}}, {"type": "Feature", "properties": {"highway": "footway", "footway": "sidewalk", "name": null, "surface": "asphalt", "lit": "yes", "length_m": 8.5, "type_element": "Way", "__fid": 81755}, "geometry": {"type": "LineString", "coordinates": [[2.3623559, 48.8276368], [2.3623214, 48.8276183], [2.3622802, 48.8276111], [2.3622766, 48.82759229999998]]}}, {"type": "Feature", "properties": {"highway": "service", "footway": null, "name": null, "surface": null, "lit": null, "length_m": 170.78, "type_element": "Way", "__fid": 81762}, "geometry": {"type": "LineString", "coordinates": [[2.3623358, 48.8232555], [2.362499, 48.82334270000001], [2.3631106, 48.8237064], [2.3631398, 48.8237108], [2.3631663, 48.8237044], [2.3636943, 48.8232959], [2.3636992, 48.8232769], [2.3636883, 48.823263199999985], [2.3634106, 48.8231029]]}}, {"type": "Feature", "properties": {"highway": "living_street", "footway": null, "name": "Rue du Docteur Magnan", "surface": "asphalt", "lit": "yes", "length_m": 16.93, "type_element": "Way", "__fid": 81819}, "geometry": {"type": "LineString", "coordinates": [[2.3623559, 48.8276368], [2.362426, 48.8275781], [2.362331, 48.8275326]]}}, {"type": "Feature", "properties": {"highway": "footway", "footway": "sidewalk", "name": null, "surface": "asphalt", "lit": "yes", "length_m": 7.3, "type_element": "Way", "__fid": 81820}, "geometry": {"type": "LineString", "coordinates": [[2.3623955, 48.82748260000001], [2.362331, 48.8275326]]}}, {"type": "Feature", "properties": {"highway": "footway", "footway": "crossing", "name": null, "surface": "asphalt", "lit": "yes", "length_m": 12.09, "type_element": "Way", "__fid": 81829}, "geometry": {"type": "LineString", "coordinates": [[2.3625044, 48.8248178], [2.3624013, 48.8248742], [2.3623709, 48.8248711]]}}, {"type": "Feature", "properties": {"highway": "footway", "footway": "sidewalk", "name": null, "surface": "asphalt", "lit": "yes", "length_m": 2.6, "type_element": "Way", "__fid": 81840}, "geometry": {"type": "LineString", "coordinates": [[2.362384, 48.825068], [2.3624194, 48.825067899999986]]}}, {"type": "Feature", "properties": {"highway": "footway", "footway": "sidewalk", "name": null, "surface": "asphalt", "lit": "yes", "length_m": 21.85, "type_element": "Way", "__fid": 81842}, "geometry": {"type": "LineString", "coordinates": [[2.3625573, 48.8275615], [2.3624208, 48.8276709], [2.3623559, 48.8276368]]}}, {"type": "Feature", "properties": {"highway": "footway", "footway": "sidewalk", "name": null, "surface": "asphalt", "lit": null, "length_m": 33.58, "type_element": "Way", "__fid": 81845}, "geometry": {"type": "LineString", "coordinates": [[2.3623962, 48.8245581], [2.3628235, 48.8246658]]}}, {"type": "Feature", "properties": {"highway": "footway", "footway": "sidewalk", "name": null, "surface": "asphalt", "lit": "yes", "length_m": 29.95, "type_element": "Way", "__fid": 81846}, "geometry": {"type": "LineString", "coordinates": [[2.3623962, 48.8245581], [2.3625044, 48.8248178]]}}, {"type": "Feature", "properties": {"highway": "footway", "footway": "sidewalk", "name": null, "surface": "asphalt", "lit": "yes", "length_m": 49.39, "type_element": "Way", "__fid": 81880}, "geometry": {"type": "LineString", "coordinates": [[2.3624194, 48.825067899999986], [2.3627181, 48.8254659]]}}, {"type": "Feature", "properties": {"highway": "footway", "footway": "crossing", "name": null, "surface": "asphalt", "lit": "yes", "length_m": 9.57, "type_element": "Way", "__fid": 81881}, "geometry": {"type": "LineString", "coordinates": [[2.3624194, 48.825067899999986], [2.362436, 48.8250485], [2.3625118, 48.825009]]}}, {"type": "Feature", "properties": {"highway": "footway", "footway": "sidewalk", "name": null, "surface": "asphalt", "lit": "yes", "length_m": 1.23, "type_element": "Way", "__fid": 81884}, "geometry": {"type": "LineString", "coordinates": [[2.3624122, 48.8274813], [2.3623955, 48.82748260000001]]}}, {"type": "Feature", "properties": {"highway": "footway", "footway": "crossing", "name": null, "surface": "asphalt", "lit": "yes", "length_m": 13.89, "type_element": "Way", "__fid": 81894}, "geometry": {"type": "LineString", "coordinates": [[2.3625573, 48.8275615], [2.3624122, 48.8274813]]}}, {"type": "Feature", "properties": {"highway": "footway", "footway": "sidewalk", "name": null, "surface": "asphalt", "lit": "yes", "length_m": 107.88, "type_element": "Way", "__fid": 81895}, "geometry": {"type": "LineString", "coordinates": [[2.363345, 48.8267402], [2.3624546, 48.8274759], [2.3624122, 48.8274813]]}}, {"type": "Feature", "properties": {"highway": "footway", "footway": "sidewalk", "name": null, "surface": "asphalt", "lit": "yes", "length_m": 2.83, "type_element": "Way", "__fid": 81947}, "geometry": {"type": "LineString", "coordinates": [[2.3625044, 48.8248178], [2.3625419, 48.8248237]]}}, {"type": "Feature", "properties": {"highway": "footway", "footway": "sidewalk", "name": null, "surface": "asphalt", "lit": "yes", "length_m": 69.19, "type_element": "Way", "__fid": 81960}, "geometry": {"type": "LineString", "coordinates": [[2.3629157, 48.8255709], [2.3628392, 48.8254459], [2.3625118, 48.825009]]}}, {"type": "Feature", "properties": {"highway": "footway", "footway": "sidewalk", "name": null, "surface": "asphalt", "lit": "yes", "length_m": 7.12, "type_element": "Way", "__fid": 81961}, "geometry": {"type": "LineString", "coordinates": [[2.3625118, 48.825009], [2.3625865, 48.824968200000015]]}}, {"type": "Feature", "properties": {"highway": "footway", "footway": "crossing", "name": null, "surface": "asphalt", "lit": "yes", "length_m": 16.4, "type_element": "Way", "__fid": 81977}, "geometry": {"type": "LineString", "coordinates": [[2.3625419, 48.8248237], [2.3625865, 48.824968200000015]]}}, {"type": "Feature", "properties": {"highway": "footway", "footway": "sidewalk", "name": null, "surface": "asphalt", "lit": "yes", "length_m": 27.34, "type_element": "Way", "__fid": 81978}, "geometry": {"type": "LineString", "coordinates": [[2.3625419, 48.8248237], [2.3625833, 48.8247845], [2.3628235, 48.8246658]]}}, {"type": "Feature", "properties": {"highway": "footway", "footway": "sidewalk", "name": null, "surface": "asphalt", "lit": "yes", "length_m": 107.17, "type_element": "Way", "__fid": 82027}, "geometry": {"type": "LineString", "coordinates": [[2.3634634, 48.8268069], [2.363354, 48.8269097], [2.3630583, 48.8271507], [2.3630349, 48.82717979999999], [2.3625573, 48.8275615]]}}]}