{"type": "FeatureCollection", "features": [{"type": "Feature", "properties": {"@id": "node/918205702", "FIXME": "verifier la position", "amenity": "drinking_water", "source": "Eau de Paris", "type_element": "Fontaines à boire", "__fid": 238}, "geometry": {"type": "Point", "coordinates": [2.3583714, 48.8847495]}, "id": "node/918205702"}, {"type": "Feature", "properties": {"@id": "node/918205735", "amenity": "drinking_water", "fixme": "verifier la position", "source": "Eau de Paris", "type_element": "Fontaines à boire", "__fid": 242}, "geometry": {"type": "Point", "coordinates": [2.3599665, 48.8847394]}, "id": "node/918205735"}, {"type": "Feature", "properties": {"@id": "node/918206004", "amenity": "drinking_water", "fixme": "verifier la position", "source": "Eau de Paris", "type_element": "Fontaines à boire", "__fid": 268}, "geometry": {"type": "Point", "coordinates": [2.3561753, 48.8861355]}, "id": "node/918206004"}, {"type": "Feature", "geometry": {"type": "Point", "coordinates": [2.358372, 48.884826]}, "properties": {"id": 2668, "name": "Square Louise de Marillac", "categorie": "Parcs, jardins et bois", "photo_url": "https://cdn.paris.fr/eqpts-prod/2022/05/10/4596cf6fb5678f9c53335369827df213.jpg", "photo_credit": "Jean-Pierre Viguié/Ville de Paris", "photo_alt": null, "address_street": "place de la Chapelle", "address_postcode": "75018", "address_city": "PARIS", "phone": null, "accessibility": "{\"handicaps\": [{\"name\": \"Personnes à mobilité réduite\", \"status\": \"accessible\"}, {\"name\": \"Personnes déficientes visuelles\", \"status\": \"undefined\"}, {\"name\": \"Personnes déficientes auditives\", \"status\": \"undefined\"}, {\"name\": \"Personnes déficientes mentales\", \"status\": \"undefined\"}, {\"name\": \"Accueil en langue des signes\", \"status\": \"undefined\"}]}", "latitude": 48.884826, "longitude": 2.358372, "url": "https://www.paris.fr/lieux/square-louise-de-marillac-2668", "type_element": "Parcs, Jardins et Bois", "__fid": 1158}}, {"type": "Feature", "geometry": {"type": "Point", "coordinates": [2.355783, 48.886059]}, "properties": {"id": 2686, "name": "Square Saint-Bernard  Saïd Bouziri", "categorie": "Parcs, jardins et bois", "photo_url": "https://cdn.paris.fr/eqpts-prod/2022/05/10/dbeda753626deb5d44f5c96a4c221e35.jpg", "photo_credit": "Jean-Pierre Viguié/Ville de Paris", "photo_alt": null, "address_street": "16 rue Affre", "address_postcode": "75018", "address_city": "PARIS", "phone": null, "accessibility": "{\"handicaps\": [{\"name\": \"Personnes à mobilité réduite\", \"status\": \"accessible\"}, {\"name\": \"Personnes déficientes visuelles\", \"status\": \"accessible\"}, {\"name\": \"Personnes déficientes auditives\", \"status\": \"accessible\"}, {\"name\": \"Personnes déficientes mentales\", \"status\": \"accessible\"}, {\"name\": \"Accueil en langue des signes\", \"status\": \"non_accessible\"}], \"additional_info\": \"<p>Précision : L’accessibilité est limitée à certaines zones pour les personnes à mobilité réduite.</p>\"}", "latitude": 48.886059, "longitude": 2.355783, "url": "https://www.paris.fr/lieux/square-saint-bernard-said-bouziri-2686", "type_element": "Parcs, Jardins et Bois", "__fid": 1212}}, {"type": "Feature", "geometry": {"type": "Point", "coordinates": [2.356181, 48.885028]}, "properties": {"id": 15429, "name": "Square Alain Bashung", "categorie": "Parcs, jardins et bois", "photo_url": "https://cdn.paris.fr/eqpts-prod/2022/05/10/53cab8757fad2b395d6a57d749df39ec.jpg", "photo_credit": "Romain DUFLOS/Ville de Paris", "photo_alt": null, "address_street": "16 rue de Jessaint", "address_postcode": "75018", "address_city": "Paris", "phone": null, "accessibility": "{\"handicaps\": [{\"name\": \"Personnes à mobilité réduite\", \"status\": \"accessible\"}, {\"name\": \"Personnes déficientes visuelles\", \"status\": \"undefined\"}, {\"name\": \"Personnes déficientes auditives\", \"status\": \"undefined\"}, {\"name\": \"Personnes déficientes mentales\", \"status\": \"undefined\"}, {\"name\": \"Accueil en langue des signes\", \"status\": \"undefined\"}]}", "latitude": 48.885028, "longitude": 2.356181, "url": "https://www.paris.fr/lieux/square-alain-bashung-15429", "type_element": "Parcs, Jardins et Bois", "__fid": 1466}}, {"type": "Feature", "geometry": {"type": "Point", "coordinates": [2.358372, 48.884826]}, "properties": {"id": 2661, "name": "Square de Jessaint", "categorie": "Parcs, jardins et bois", "photo_url": "https://cdn.paris.fr/eqpts-prod/2024/01/17/0a5444bb31e2736bacfcc3d2730c420f.jpg", "photo_credit": "Frédéric Combeau / Ville de Paris", "photo_alt": null, "address_street": "place de la chapelle", "address_postcode": "75018", "address_city": "PARIS", "phone": null, "accessibility": "{\"handicaps\": [{\"name\": \"Personnes à mobilité réduite\", \"status\": \"accessible\"}, {\"name\": \"Personnes déficientes visuelles\", \"status\": \"undefined\"}, {\"name\": \"Personnes déficientes auditives\", \"status\": \"undefined\"}, {\"name\": \"Personnes déficientes mentales\", \"status\": \"undefined\"}, {\"name\": \"Accueil en langue des signes\", \"status\": \"undefined\"}]}", "latitude": 48.884826, "longitude": 2.358372, "url": "https://www.paris.fr/lieux/square-de-jessaint-2661", "type_element": "Parcs, Jardins et Bois", "__fid": 1621}}, {"type": "Feature", "properties": {"highway": "footway", "footway": "sidewalk", "name": null, "surface": null, "lit": "yes", "length_m": 114.49, "type_element": "Way", "__fid": 69209}, "geometry": {"type": "LineString", "coordinates": [[2.3538309, 48.8846743], [2.3537189, 48.8847039], [2.3527187, 48.8848783], [2.3525752, 48.8848906], [2.3523236, 48.88493720000001]]}}, {"type": "Feature", "properties": {"highway": "footway", "footway": "sidewalk", "name": null, "surface": null, "lit": "yes", "length_m": 111.7, "type_element": "Way", "__fid": 69211}, "geometry": {"type": "LineString", "coordinates": [[2.3523295, 48.8848745], [2.3523617, 48.8848745], [2.3537987, 48.8846122]]}}, {"type": "Feature", "properties": {"highway": "footway", "footway": "sidewalk", "name": null, "surface": null, "lit": "yes", "length_m": 99.98, "type_element": "Way", "__fid": 69367}, "geometry": {"type": "LineString", "coordinates": [[2.3537879, 48.8845862], [2.3537383, 48.884565400000014], [2.352508766666757, 48.88427776666666]]}}, {"type": "Feature", "properties": {"highway": "footway", "footway": "sidewalk", "name": null, "surface": "asphalt", "lit": "yes", "length_m": 118.41, "type_element": "Way", "__fid": 69384}, "geometry": {"type": "LineString", "coordinates": [[2.352526, 48.8841298], [2.3541313, 48.8842446]]}}, {"type": "Feature", "properties": {"highway": "footway", "footway": "sidewalk", "name": null, "surface": null, "lit": "yes", "length_m": 99.45, "type_element": "Way", "__fid": 69401}, "geometry": {"type": "LineString", "coordinates": [[2.3538208, 48.8845174], [2.3525427, 48.8842184]]}}, {"type": "Feature", "properties": {"highway": "footway", "footway": "sidewalk", "name": null, "surface": null, "lit": "yes", "length_m": 101.62, "type_element": "Way", "__fid": 69558}, "geometry": {"type": "LineString", "coordinates": [[2.3526822, 48.8849878], [2.3540671, 48.88495680000001]]}}, {"type": "Feature", "properties": {"highway": "footway", "footway": "sidewalk", "name": null, "surface": null, "lit": "yes", "length_m": 101.17, "type_element": "Way", "__fid": 69567}, "geometry": {"type": "LineString", "coordinates": [[2.3540651, 48.8850239], [2.3526865, 48.8850574]]}}, {"type": "Feature", "properties": {"highway": "footway", "footway": "sidewalk", "name": null, "surface": null, "lit": "yes", "length_m": 68.02, "type_element": "Way", "__fid": 69949}, "geometry": {"type": "LineString", "coordinates": [[2.3530671, 48.8856537], [2.3531194, 48.88562939999998], [2.3539133, 48.88540539999999]]}}, {"type": "Feature", "properties": {"highway": "footway", "footway": "sidewalk", "name": null, "surface": "asphalt", "lit": "yes", "length_m": 153.33, "type_element": "Way", "__fid": 70142}, "geometry": {"type": "LineString", "coordinates": [[2.3532397, 48.8838255], [2.3553181, 48.883975700000015]]}}, {"type": "Feature", "properties": {"highway": "footway", "footway": "sidewalk", "name": null, "surface": null, "lit": "yes", "length_m": 55.29, "type_element": "Way", "__fid": 70255}, "geometry": {"type": "LineString", "coordinates": [[2.353971, 48.8854817], [2.353965, 48.8855112], [2.3538905, 48.88553680000001], [2.3533171, 48.88570040000001]]}}, {"type": "Feature", "properties": {"highway": "footway", "footway": null, "name": "Passage Léon", "surface": "compacted", "lit": null, "length_m": 63.06, "type_element": "Way", "__fid": 70350}, "geometry": {"type": "LineString", "coordinates": [[2.3540218, 48.88546369999999], [2.3539817, 48.8855555], [2.353878, 48.8856211], [2.3536776, 48.8857204], [2.3533947, 48.8858201]]}}, {"type": "Feature", "properties": {"highway": "footway", "footway": "crossing", "name": null, "surface": null, "lit": "yes", "length_m": 11.3, "type_element": "Way", "__fid": 70546}, "geometry": {"type": "LineString", "coordinates": [[2.353544, 48.8866169], [2.3536877, 48.8866535]]}}, {"type": "Feature", "properties": {"highway": "footway", "footway": "sidewalk", "name": null, "surface": null, "lit": "yes", "length_m": 72.95, "type_element": "Way", "__fid": 70548}, "geometry": {"type": "LineString", "coordinates": [[2.353544, 48.8866169], [2.3542929, 48.8862524], [2.3543237, 48.8862154]]}}, {"type": "Feature", "properties": {"highway": "footway", "footway": "crossing", "name": null, "surface": null, "lit": "yes", "length_m": 6.98, "type_element": "Way", "__fid": 70555}, "geometry": {"type": "LineString", "coordinates": [[2.3535217, 48.8885421], [2.353616933333361, 48.88854100000012]]}}, {"type": "Feature", "properties": {"highway": "footway", "footway": null, "name": null, "surface": "compacted", "lit": null, "length_m": 49.27, "type_element": "Way", "__fid": 70565}, "geometry": {"type": "LineString", "coordinates": [[2.3535713, 48.8861676], [2.3536259, 48.8862236], [2.3536629, 48.886314], [2.3536651, 48.886361], [2.3536517, 48.8864322], [2.3536115, 48.8865115], [2.3535493, 48.8865808]]}}, {"type": "Feature", "properties": {"highway": "footway", "footway": "sidewalk", "name": null, "surface": null, "lit": "yes", "length_m": 89.74, "type_element": "Way", "__fid": 70566}, "geometry": {"type": "LineString", "coordinates": [[2.354772766666693, 48.88678453333334], [2.3535492, 48.886771400000015]]}}, {"type": "Feature", "properties": {"highway": "footway", "footway": "crossing", "name": null, "surface": null, "lit": "yes", "length_m": 14.93, "type_element": "Way", "__fid": 70567}, "geometry": {"type": "LineString", "coordinates": [[2.3535492, 48.886771400000015], [2.3536867, 48.8866724]]}}, {"type": "Feature", "properties": {"highway": "footway", "footway": "sidewalk", "name": null, "surface": null, "lit": "yes", "length_m": 135.05, "type_element": "Way", "__fid": 70571}, "geometry": {"type": "LineString", "coordinates": [[2.3553772, 48.887301], [2.3537605, 48.8871757], [2.3535492, 48.8871539]]}}, {"type": "Feature", "properties": {"highway": "footway", "footway": "sidewalk", "name": null, "surface": "asphalt", "lit": "yes", "length_m": 62.77, "type_element": "Way", "__fid": 70575}, "geometry": {"type": "LineString", "coordinates": [[2.3535479, 48.8878561], [2.3535626, 48.887886], [2.353602433333307, 48.88841843333341]]}}, {"type": "Feature", "properties": {"highway": "footway", "footway": "sidewalk", "name": null, "surface": null, "lit": "yes", "length_m": 134.97, "type_element": "Way", "__fid": 70578}, "geometry": {"type": "LineString", "coordinates": [[2.3535579, 48.8870874], [2.3553859, 48.8872291]]}}, {"type": "Feature", "properties": {"highway": "footway", "footway": "sidewalk", "name": null, "surface": null, "lit": "yes", "length_m": 188.12, "type_element": "Way", "__fid": 70601}, "geometry": {"type": "LineString", "coordinates": [[2.353563100000073, 48.887758166666686], [2.3561087, 48.8879676]]}}, {"type": "Feature", "properties": {"highway": "service", "footway": null, "name": null, "surface": null, "lit": "yes", "length_m": 46.44, "type_element": "Way", "__fid": 70612}, "geometry": {"type": "LineString", "coordinates": [[2.354252, 48.88309189999999], [2.3536278, 48.88316250000001]]}}, {"type": "Feature", "properties": {"highway": "footway", "footway": "crossing", "name": null, "surface": "asphalt", "lit": "yes", "length_m": 2.92, "type_element": "Way", "__fid": 70613}, "geometry": {"type": "LineString", "coordinates": [[2.353563, 48.8884148], [2.353602433333307, 48.88841843333341]]}}, {"type": "Feature", "properties": {"highway": "footway", "footway": "sidewalk", "name": null, "surface": null, "lit": "yes", "length_m": 185.91, "type_element": "Way", "__fid": 70619}, "geometry": {"type": "LineString", "coordinates": [[2.3560906, 48.8880452], [2.3560222, 48.888034], [2.3535774, 48.8878274]]}}, {"type": "Feature", "properties": {"highway": "footway", "footway": "sidewalk", "name": null, "surface": "asphalt", "lit": "yes", "length_m": 6.41, "type_element": "Way", "__fid": 70641}, "geometry": {"type": "LineString", "coordinates": [[2.353602433333307, 48.88841843333341], [2.3536844, 48.8884385]]}}, {"type": "Feature", "properties": {"highway": "footway", "footway": "sidewalk", "name": null, "surface": null, "lit": "yes", "length_m": 40.82, "type_element": "Way", "__fid": 70654}, "geometry": {"type": "LineString", "coordinates": [[2.353616933333361, 48.88854100000012], [2.3536555, 48.8889021], [2.353648100000104, 48.88890356666678]]}}, {"type": "Feature", "properties": {"highway": "footway", "footway": "sidewalk", "name": null, "surface": null, "lit": "yes", "length_m": 3.41, "type_element": "Way", "__fid": 70655}, "geometry": {"type": "LineString", "coordinates": [[2.3536632, 48.8885381], [2.353616933333361, 48.88854100000012]]}}, {"type": "Feature", "properties": {"highway": "footway", "footway": "sidewalk", "name": null, "surface": "asphalt", "lit": "yes", "length_m": 59.69, "type_element": "Way", "__fid": 70702}, "geometry": {"type": "LineString", "coordinates": [[2.3544699, 48.88861], [2.3536632, 48.8885381]]}}, {"type": "Feature", "properties": {"highway": "footway", "footway": "crossing", "name": null, "surface": "asphalt", "lit": "yes", "length_m": 11.18, "type_element": "Way", "__fid": 70703}, "geometry": {"type": "LineString", "coordinates": [[2.3536632, 48.8885381], [2.3536844, 48.8884385]]}}, {"type": "Feature", "properties": {"highway": "footway", "footway": "sidewalk", "name": null, "surface": null, "lit": "yes", "length_m": 80.75, "type_element": "Way", "__fid": 70704}, "geometry": {"type": "LineString", "coordinates": [[2.354772066666643, 48.88672073333334], [2.353735, 48.8866997], [2.3536867, 48.8866724]]}}, {"type": "Feature", "properties": {"highway": "footway", "footway": "sidewalk", "name": null, "surface": null, "lit": "yes", "length_m": 2.1, "type_element": "Way", "__fid": 70705}, "geometry": {"type": "LineString", "coordinates": [[2.3536867, 48.8866724], [2.3536877, 48.8866535]]}}, {"type": "Feature", "properties": {"highway": "footway", "footway": "sidewalk", "name": null, "surface": null, "lit": "yes", "length_m": 67.45, "type_element": "Way", "__fid": 70710}, "geometry": {"type": "LineString", "coordinates": [[2.3536877, 48.8866535], [2.3544189, 48.886285500000014]]}}, {"type": "Feature", "properties": {"highway": "footway", "footway": "sidewalk", "name": null, "surface": "asphalt", "lit": "yes", "length_m": 60.13, "type_element": "Way", "__fid": 70727}, "geometry": {"type": "LineString", "coordinates": [[2.3536844, 48.8884385], [2.3544967, 48.88851240000001]]}}, {"type": "Feature", "properties": {"highway": "footway", "footway": "sidewalk", "name": null, "surface": null, "lit": "yes", "length_m": 3.41, "type_element": "Way", "__fid": 70798}, "geometry": {"type": "LineString", "coordinates": [[2.3537987, 48.8846122], [2.3538054, 48.8846025], [2.3537879, 48.8845862]]}}, {"type": "Feature", "properties": {"highway": "footway", "footway": "crossing", "name": null, "surface": null, "lit": "yes", "length_m": 8.02, "type_element": "Way", "__fid": 70799}, "geometry": {"type": "LineString", "coordinates": [[2.3537879, 48.8845862], [2.3538208, 48.8845174]]}}, {"type": "Feature", "properties": {"highway": "footway", "footway": "crossing", "name": null, "surface": null, "lit": "yes", "length_m": 7.3, "type_element": "Way", "__fid": 70810}, "geometry": {"type": "LineString", "coordinates": [[2.3537987, 48.8846122], [2.3538309, 48.8846743]]}}, {"type": "Feature", "properties": {"highway": "service", "footway": null, "name": null, "surface": null, "lit": "yes", "length_m": 27.21, "type_element": "Way", "__fid": 70823}, "geometry": {"type": "LineString", "coordinates": [[2.3541928, 48.8827803], [2.3538285, 48.88282670000002]]}}, {"type": "Feature", "properties": {"highway": "footway", "footway": "sidewalk", "name": null, "surface": null, "lit": "yes", "length_m": 20.13, "type_element": "Way", "__fid": 70843}, "geometry": {"type": "LineString", "coordinates": [[2.3540883, 48.8845551], [2.3539368, 48.8845412], [2.3538208, 48.8845174]]}}, {"type": "Feature", "properties": {"highway": "footway", "footway": "sidewalk", "name": null, "surface": null, "lit": "yes", "length_m": 18.52, "type_element": "Way", "__fid": 70849}, "geometry": {"type": "LineString", "coordinates": [[2.3540805, 48.884657], [2.3539851, 48.88465450000002], [2.3538309, 48.8846743]]}}, {"type": "Feature", "properties": {"highway": "footway", "footway": "crossing", "name": null, "surface": null, "lit": "yes", "length_m": 9.48, "type_element": "Way", "__fid": 70952}, "geometry": {"type": "LineString", "coordinates": [[2.353971, 48.8854817], [2.3539133, 48.88540539999999]]}}, {"type": "Feature", "properties": {"highway": "footway", "footway": "sidewalk", "name": null, "surface": null, "lit": "yes", "length_m": 12.5, "type_element": "Way", "__fid": 70953}, "geometry": {"type": "LineString", "coordinates": [[2.3539133, 48.88540539999999], [2.3540687, 48.88535919999999]]}}, {"type": "Feature", "properties": {"highway": "footway", "footway": "sidewalk", "name": null, "surface": null, "lit": "yes", "length_m": 4.23, "type_element": "Way", "__fid": 71019}, "geometry": {"type": "LineString", "coordinates": [[2.3540218, 48.88546369999999], [2.353971, 48.8854817]]}}, {"type": "Feature", "properties": {"highway": "pedestrian", "footway": null, "name": "Rue Saint-Luc", "surface": "asphalt", "lit": "yes", "length_m": 5.23, "type_element": "Way", "__fid": 71041}, "geometry": {"type": "LineString", "coordinates": [[2.3539881, 48.8854222], [2.3540218, 48.88546369999999]]}}, {"type": "Feature", "properties": {"highway": "pedestrian", "footway": null, "name": "Rue Saint-Luc", "surface": "asphalt", "lit": "yes", "length_m": 45.19, "type_element": "Way", "__fid": 71088}, "geometry": {"type": "LineString", "coordinates": [[2.3540218, 48.88546369999999], [2.3544273, 48.88576970000001]]}}, {"type": "Feature", "properties": {"highway": "footway", "footway": "sidewalk", "name": null, "surface": null, "lit": "yes", "length_m": 10.8, "type_element": "Way", "__fid": 71089}, "geometry": {"type": "LineString", "coordinates": [[2.3541515, 48.8854177], [2.3540218, 48.88546369999999]]}}, {"type": "Feature", "properties": {"highway": "pedestrian", "footway": null, "name": "Rue Boris Vian", "surface": null, "lit": "yes", "length_m": 37.29, "type_element": "Way", "__fid": 71129}, "geometry": {"type": "LineString", "coordinates": [[2.3540651, 48.8850239], [2.3540687, 48.88535919999999]]}}, {"type": "Feature", "properties": {"highway": "footway", "footway": "crossing", "name": "Rue Boris Vian", "surface": null, "lit": "yes", "length_m": 7.46, "type_element": "Way", "__fid": 71130}, "geometry": {"type": "LineString", "coordinates": [[2.3540651, 48.8850239], [2.3540671, 48.88495680000001]]}}, {"type": "Feature", "properties": {"highway": "footway", "footway": "sidewalk", "name": null, "surface": null, "lit": "yes", "length_m": 5.53, "type_element": "Way", "__fid": 71131}, "geometry": {"type": "LineString", "coordinates": [[2.3541404, 48.8850218], [2.3540651, 48.8850239]]}}, {"type": "Feature", "properties": {"highway": "pedestrian", "footway": null, "name": "Rue Boris Vian", "surface": null, "lit": "yes", "length_m": 33.35, "type_element": "Way", "__fid": 71134}, "geometry": {"type": "LineString", "coordinates": [[2.3540671, 48.88495680000001], [2.3540805, 48.884657]]}}, {"type": "Feature", "properties": {"highway": "footway", "footway": "sidewalk", "name": null, "surface": null, "lit": "yes", "length_m": 69.06, "type_element": "Way", "__fid": 71135}, "geometry": {"type": "LineString", "coordinates": [[2.3540671, 48.88495680000001], [2.3549996, 48.884934], [2.35500026666663, 48.8849396]]}}, {"type": "Feature", "properties": {"highway": "pedestrian", "footway": null, "name": "Rue Boris Vian", "surface": null, "lit": "yes", "length_m": 3.98, "type_element": "Way", "__fid": 71139}, "geometry": {"type": "LineString", "coordinates": [[2.3540687, 48.88535919999999], [2.354072, 48.8853949]]}}, {"type": "Feature", "properties": {"highway": "footway", "footway": "sidewalk", "name": null, "surface": null, "lit": "yes", "length_m": 2.03, "type_element": "Way", "__fid": 71140}, "geometry": {"type": "LineString", "coordinates": [[2.3540687, 48.88535919999999], [2.3540944, 48.88535250000001]]}}, {"type": "Feature", "properties": {"highway": "footway", "footway": "sidewalk", "name": null, "surface": null, "lit": "yes", "length_m": 18.79, "type_element": "Way", "__fid": 71146}, "geometry": {"type": "LineString", "coordinates": [[2.3543297, 48.884692], [2.3542131, 48.8846664], [2.3540805, 48.884657]]}}, {"type": "Feature", "properties": {"highway": "pedestrian", "footway": null, "name": "Rue Boris Vian", "surface": null, "lit": "yes", "length_m": 11.35, "type_element": "Way", "__fid": 71147}, "geometry": {"type": "LineString", "coordinates": [[2.3540805, 48.884657], [2.3540883, 48.8845551]]}}, {"type": "Feature", "properties": {"highway": "pedestrian", "footway": null, "name": "Rue Fleury", "surface": "asphalt", "lit": "yes", "length_m": 31.73, "type_element": "Way", "__fid": 71154}, "geometry": {"type": "LineString", "coordinates": [[2.3540883, 48.8845551], [2.3541276, 48.884270899999976]]}}, {"type": "Feature", "properties": {"highway": "footway", "footway": "sidewalk", "name": null, "surface": null, "lit": "yes", "length_m": 21.62, "type_element": "Way", "__fid": 71155}, "geometry": {"type": "LineString", "coordinates": [[2.354376, 48.8845178], [2.3541608, 48.884554399999985], [2.3540883, 48.8845551]]}}, {"type": "Feature", "properties": {"highway": "footway", "footway": "crossing", "name": null, "surface": null, "lit": "yes", "length_m": 8.48, "type_element": "Way", "__fid": 71173}, "geometry": {"type": "LineString", "coordinates": [[2.3540944, 48.88535250000001], [2.354142, 48.8853957], [2.3541515, 48.8854177]]}}, {"type": "Feature", "properties": {"highway": "footway", "footway": "sidewalk", "name": null, "surface": null, "lit": "yes", "length_m": 73.99, "type_element": "Way", "__fid": 71174}, "geometry": {"type": "LineString", "coordinates": [[2.3540944, 48.88535250000001], [2.3543639, 48.88527009999998], [2.355023299999938, 48.88509313333335]]}}, {"type": "Feature", "properties": {"highway": "pedestrian", "footway": null, "name": "Rue Fleury", "surface": "asphalt", "lit": "yes", "length_m": 2.94, "type_element": "Way", "__fid": 71197}, "geometry": {"type": "LineString", "coordinates": [[2.3541276, 48.884270899999976], [2.3541313, 48.8842446]]}}, {"type": "Feature", "properties": {"highway": "footway", "footway": "sidewalk", "name": null, "surface": "asphalt", "lit": "yes", "length_m": 4.19, "type_element": "Way", "__fid": 71199}, "geometry": {"type": "LineString", "coordinates": [[2.3541313, 48.8842446], [2.3541881, 48.8842484]]}}, {"type": "Feature", "properties": {"highway": "pedestrian", "footway": null, "name": "Rue Fleury", "surface": "asphalt", "lit": "yes", "length_m": 6.5, "type_element": "Way", "__fid": 71200}, "geometry": {"type": "LineString", "coordinates": [[2.3541313, 48.8842446], [2.3541393, 48.8841864]]}}, {"type": "Feature", "properties": {"highway": "service", "footway": null, "name": null, "surface": null, "lit": "yes", "length_m": 3.32, "type_element": "Way", "__fid": 71214}, "geometry": {"type": "LineString", "coordinates": [[2.3541404, 48.8850218], [2.3541389, 48.884992]]}}, {"type": "Feature", "properties": {"highway": "service", "footway": null, "name": null, "surface": null, "lit": "yes", "length_m": 2.16, "type_element": "Way", "__fid": 71218}, "geometry": {"type": "LineString", "coordinates": [[2.3541413, 48.8850412], [2.3541404, 48.8850218]]}}, {"type": "Feature", "properties": {"highway": "footway", "footway": "sidewalk", "name": null, "surface": null, "lit": "yes", "length_m": 63.85, "type_element": "Way", "__fid": 71219}, "geometry": {"type": "LineString", "coordinates": [[2.3550107, 48.88500590000001], [2.3541404, 48.8850218]]}}, {"type": "Feature", "properties": {"highway": "footway", "footway": "sidewalk", "name": null, "surface": null, "lit": "yes", "length_m": 49.7, "type_element": "Way", "__fid": 71249}, "geometry": {"type": "LineString", "coordinates": [[2.3541515, 48.8854177], [2.3541671, 48.88546119999999], [2.3545694, 48.88576360000001]]}}, {"type": "Feature", "properties": {"highway": "footway", "footway": "sidewalk", "name": null, "surface": null, "lit": "yes", "length_m": 73.53, "type_element": "Way", "__fid": 71250}, "geometry": {"type": "LineString", "coordinates": [[2.3550516, 48.885135200000015], [2.3542848, 48.8853463], [2.3541515, 48.8854177]]}}, {"type": "Feature", "properties": {"highway": "service", "footway": null, "name": null, "surface": null, "lit": "yes", "length_m": 34.92, "type_element": "Way", "__fid": 71262}, "geometry": {"type": "LineString", "coordinates": [[2.354252, 48.88309189999999], [2.3541928, 48.8827803]]}}, {"type": "Feature", "properties": {"highway": "footway", "footway": "sidewalk", "name": null, "surface": "asphalt", "lit": "yes", "length_m": 83.71, "type_element": "Way", "__fid": 71290}, "geometry": {"type": "LineString", "coordinates": [[2.3541881, 48.8842484], [2.3553231, 48.88432820000001]]}}, {"type": "Feature", "properties": {"highway": "footway", "footway": "crossing", "name": "Rue Fleury", "surface": "asphalt", "lit": "yes", "length_m": 11.19, "type_element": "Way", "__fid": 71291}, "geometry": {"type": "LineString", "coordinates": [[2.3541881, 48.8842484], [2.354213, 48.8841491]]}}, {"type": "Feature", "properties": {"highway": "service", "footway": null, "name": null, "surface": null, "lit": "yes", "length_m": 36.18, "type_element": "Way", "__fid": 71346}, "geometry": {"type": "LineString", "coordinates": [[2.3543219, 48.883414], [2.354252, 48.88309189999999]]}}, {"type": "Feature", "properties": {"highway": "footway", "footway": "sidewalk", "name": null, "surface": null, "lit": "yes", "length_m": 60.72, "type_element": "Way", "__fid": 71450}, "geometry": {"type": "LineString", "coordinates": [[2.3551099, 48.8848747], [2.3543297, 48.884692]]}}, {"type": "Feature", "properties": {"highway": "footway", "footway": "crossing", "name": null, "surface": null, "lit": "yes", "length_m": 8.51, "type_element": "Way", "__fid": 71451}, "geometry": {"type": "LineString", "coordinates": [[2.3543713, 48.8846206], [2.3543297, 48.884692]]}}, {"type": "Feature", "properties": {"highway": "footway", "footway": "crossing", "name": null, "surface": null, "lit": "yes", "length_m": 10.46, "type_element": "Way", "__fid": 71471}, "geometry": {"type": "LineString", "coordinates": [[2.3543237, 48.8862154], [2.3544189, 48.886285500000014]]}}, {"type": "Feature", "properties": {"highway": "footway", "footway": "sidewalk", "name": null, "surface": null, "lit": "yes", "length_m": 50.14, "type_element": "Way", "__fid": 71472}, "geometry": {"type": "LineString", "coordinates": [[2.3543237, 48.8862154], [2.3544273, 48.88576970000001]]}}, {"type": "Feature", "properties": {"highway": "footway", "footway": "sidewalk", "name": null, "surface": null, "lit": "yes", "length_m": 60.47, "type_element": "Way", "__fid": 71508}, "geometry": {"type": "LineString", "coordinates": [[2.3543713, 48.8846206], [2.3544464, 48.8846479], [2.3551358, 48.88480879999999], [2.355133333333445, 48.88481353333335]]}}, {"type": "Feature", "properties": {"highway": "footway", "footway": "sidewalk", "name": null, "surface": null, "lit": "yes", "length_m": 6.48, "type_element": "Way", "__fid": 71509}, "geometry": {"type": "LineString", "coordinates": [[2.3544183, 48.884583100000015], [2.354378, 48.8845901], [2.3543713, 48.8846206]]}}, {"type": "Feature", "properties": {"highway": "footway", "footway": "crossing", "name": null, "surface": null, "lit": "yes", "length_m": 7.9, "type_element": "Way", "__fid": 71520}, "geometry": {"type": "LineString", "coordinates": [[2.3544183, 48.884583100000015], [2.354376, 48.8845178]]}}, {"type": "Feature", "properties": {"highway": "footway", "footway": "sidewalk", "name": null, "surface": null, "lit": "yes", "length_m": 72.87, "type_element": "Way", "__fid": 71521}, "geometry": {"type": "LineString", "coordinates": [[2.354376, 48.8845178], [2.3551894, 48.8843769], [2.3553231, 48.88432820000001]]}}, {"type": "Feature", "properties": {"highway": "footway", "footway": "sidewalk", "name": null, "surface": "asphalt", "lit": "yes", "length_m": 85.12, "type_element": "Way", "__fid": 71571}, "geometry": {"type": "LineString", "coordinates": [[2.3555305, 48.884366399999976], [2.3552179, 48.884442], [2.3544183, 48.884583100000015]]}}, {"type": "Feature", "properties": {"highway": "footway", "footway": "sidewalk", "name": null, "surface": null, "lit": "yes", "length_m": 7.55, "type_element": "Way", "__fid": 71592}, "geometry": {"type": "LineString", "coordinates": [[2.3544189, 48.886285500000014], [2.3545188, 48.8862692]]}}, {"type": "Feature", "properties": {"highway": "pedestrian", "footway": null, "name": "Rue Saint-Luc", "surface": "asphalt", "lit": "yes", "length_m": 10.95, "type_element": "Way", "__fid": 71596}, "geometry": {"type": "LineString", "coordinates": [[2.3544273, 48.88576970000001], [2.3545216, 48.88584609999999]]}}, {"type": "Feature", "properties": {"highway": "footway", "footway": "sidewalk", "name": null, "surface": null, "lit": "yes", "length_m": 10.44, "type_element": "Way", "__fid": 71597}, "geometry": {"type": "LineString", "coordinates": [[2.3544273, 48.88576970000001], [2.3545694, 48.88576360000001]]}}, {"type": "Feature", "properties": {"highway": "footway", "footway": "sidewalk", "name": null, "surface": "asphalt", "lit": "yes", "length_m": 134.08, "type_element": "Way", "__fid": 71612}, "geometry": {"type": "LineString", "coordinates": [[2.3551065, 48.88339269999999], [2.3544854, 48.8822586]]}}, {"type": "Feature", "properties": {"highway": "footway", "footway": "sidewalk", "name": null, "surface": null, "lit": "yes", "length_m": 4.28, "type_element": "Way", "__fid": 71709}, "geometry": {"type": "LineString", "coordinates": [[2.354527666666636, 48.888615766666774], [2.3544699, 48.88861]]}}, {"type": "Feature", "properties": {"highway": "footway", "footway": "crossing", "name": null, "surface": null, "lit": "yes", "length_m": 11.03, "type_element": "Way", "__fid": 71710}, "geometry": {"type": "LineString", "coordinates": [[2.3544967, 48.88851240000001], [2.3544699, 48.88861]]}}, {"type": "Feature", "properties": {"highway": "footway", "footway": "sidewalk", "name": null, "surface": null, "lit": "yes", "length_m": 27.24, "type_element": "Way", "__fid": 71728}, "geometry": {"type": "LineString", "coordinates": [[2.3545188, 48.8862692], [2.354834, 48.8862961], [2.3548769, 48.8863173]]}}, {"type": "Feature", "properties": {"highway": "footway", "footway": "crossing", "name": null, "surface": null, "lit": "yes", "length_m": 11.6, "type_element": "Way", "__fid": 71729}, "geometry": {"type": "LineString", "coordinates": [[2.3545188, 48.8862692], [2.3545269, 48.88622860000001], [2.3545584, 48.8861687]]}}, {"type": "Feature", "properties": {"highway": "footway", "footway": "sidewalk", "name": null, "surface": null, "lit": "yes", "length_m": 109.27, "type_element": "Way", "__fid": 71737}, "geometry": {"type": "LineString", "coordinates": [[2.3544967, 48.88851240000001], [2.3559729, 48.888646600000015]]}}, {"type": "Feature", "properties": {"highway": "footway", "footway": "sidewalk", "name": null, "surface": "asphalt", "lit": "yes", "length_m": 102.77, "type_element": "Way", "__fid": 71743}, "geometry": {"type": "LineString", "coordinates": [[2.3545839, 48.8821237], [2.3547328, 48.8823691], [2.3550711, 48.8829901]]}}, {"type": "Feature", "properties": {"highway": "footway", "footway": "sidewalk", "name": null, "surface": "asphalt", "lit": "yes", "length_m": 27.63, "type_element": "Way", "__fid": 71757}, "geometry": {"type": "LineString", "coordinates": [[2.3545074, 48.8888591], [2.3545208, 48.8886153], [2.354527666666636, 48.888615766666774]]}}, {"type": "Feature", "properties": {"highway": "footway", "footway": "crossing", "name": null, "surface": null, "lit": "yes", "length_m": 8.84, "type_element": "Way", "__fid": 71768}, "geometry": {"type": "LineString", "coordinates": [[2.354527666666636, 48.888615766666774], [2.3546469, 48.8886274]]}}, {"type": "Feature", "properties": {"highway": "footway", "footway": "sidewalk", "name": null, "surface": null, "lit": "yes", "length_m": 39.03, "type_element": "Way", "__fid": 71769}, "geometry": {"type": "LineString", "coordinates": [[2.3545584, 48.8861687], [2.3546362, 48.88619340000001], [2.3550794, 48.8862255]]}}, {"type": "Feature", "properties": {"highway": "footway", "footway": "sidewalk", "name": null, "surface": null, "lit": "yes", "length_m": 38.45, "type_element": "Way", "__fid": 71770}, "geometry": {"type": "LineString", "coordinates": [[2.3545584, 48.8861687], [2.3545168, 48.8861431], [2.354482, 48.88609370000001], [2.3544712, 48.8860267], [2.3544954, 48.8859394], [2.3545571, 48.88590150000001], [2.3546121, 48.8858803]]}}, {"type": "Feature", "properties": {"highway": "footway", "footway": "sidewalk", "name": null, "surface": null, "lit": "yes", "length_m": 4.49, "type_element": "Way", "__fid": 71775}, "geometry": {"type": "LineString", "coordinates": [[2.3545694, 48.88576360000001], [2.3546302, 48.8857683]]}}, {"type": "Feature", "properties": {"highway": "footway", "footway": "crossing", "name": null, "surface": null, "lit": "yes", "length_m": 12.52, "type_element": "Way", "__fid": 71849}, "geometry": {"type": "LineString", "coordinates": [[2.3546121, 48.8858803], [2.3546302, 48.8857683]]}}, {"type": "Feature", "properties": {"highway": "footway", "footway": "sidewalk", "name": null, "surface": null, "lit": "yes", "length_m": 72.79, "type_element": "Way", "__fid": 71850}, "geometry": {"type": "LineString", "coordinates": [[2.3555937, 48.88593980000001], [2.3546912, 48.885864], [2.3546121, 48.8858803]]}}, {"type": "Feature", "properties": {"highway": "footway", "footway": "sidewalk", "name": null, "surface": null, "lit": "yes", "length_m": 26.15, "type_element": "Way", "__fid": 71877}, "geometry": {"type": "LineString", "coordinates": [[2.3546302, 48.8857683], [2.3549487, 48.8857904], [2.3549809, 48.8857793]]}}, {"type": "Feature", "properties": {"highway": "footway", "footway": "sidewalk", "name": null, "surface": "asphalt", "lit": "yes", "length_m": 26.63, "type_element": "Way", "__fid": 71911}, "geometry": {"type": "LineString", "coordinates": [[2.3546469, 48.8886274], [2.3546315, 48.8886653], [2.3546261, 48.8888605], [2.354618566666666, 48.888860500000106]]}}, {"type": "Feature", "properties": {"highway": "footway", "footway": "sidewalk", "name": null, "surface": null, "lit": "yes", "length_m": 94.85, "type_element": "Way", "__fid": 71950}, "geometry": {"type": "LineString", "coordinates": [[2.355927, 48.88874959999998], [2.3546469, 48.8886274]]}}, {"type": "Feature", "properties": {"highway": "footway", "footway": "crossing", "name": null, "surface": null, "lit": "yes", "length_m": 7.09, "type_element": "Way", "__fid": 72121}, "geometry": {"type": "LineString", "coordinates": [[2.354772066666643, 48.88672073333334], [2.354772766666693, 48.88678453333334]]}}, {"type": "Feature", "properties": {"highway": "footway", "footway": "sidewalk", "name": null, "surface": null, "lit": "yes", "length_m": 3.78, "type_element": "Way", "__fid": 72122}, "geometry": {"type": "LineString", "coordinates": [[2.3548105, 48.8867026], [2.3547716, 48.8867154], [2.354772066666643, 48.88672073333334]]}}, {"type": "Feature", "properties": {"highway": "footway", "footway": "sidewalk", "name": null, "surface": null, "lit": "yes", "length_m": 12.52, "type_element": "Way", "__fid": 72123}, "geometry": {"type": "LineString", "coordinates": [[2.3549341, 48.8867906], [2.3547723, 48.8867904], [2.354772766666693, 48.88678453333334]]}}, {"type": "Feature", "properties": {"highway": "footway", "footway": "crossing", "name": null, "surface": null, "lit": "yes", "length_m": 11.82, "type_element": "Way", "__fid": 72190}, "geometry": {"type": "LineString", "coordinates": [[2.3548105, 48.8867026], [2.3548239, 48.8867088], [2.3549467, 48.88671369999998], [2.3549674, 48.8867092]]}}, {"type": "Feature", "properties": {"highway": "footway", "footway": "sidewalk", "name": null, "surface": null, "lit": "yes", "length_m": 43.56, "type_element": "Way", "__fid": 72191}, "geometry": {"type": "LineString", "coordinates": [[2.3548769, 48.8863173], [2.3548823, 48.8863428], [2.354832, 48.8866559], [2.3548253, 48.8866934], [2.3548105, 48.8867026]]}}, {"type": "Feature", "properties": {"highway": "footway", "footway": "crossing", "name": null, "surface": null, "lit": "yes", "length_m": 10.26, "type_element": "Way", "__fid": 72289}, "geometry": {"type": "LineString", "coordinates": [[2.3550144, 48.886327], [2.3549842, 48.886319], [2.3548769, 48.8863173]]}}, {"type": "Feature", "properties": {"highway": "pedestrian", "footway": null, "name": "Rue Cavé", "surface": "asphalt", "lit": "yes", "length_m": 6.67, "type_element": "Way", "__fid": 72310}, "geometry": {"type": "LineString", "coordinates": [[2.3549743, 48.8867553], [2.3548833, 48.88675389999999]]}}, {"type": "Feature", "properties": {"highway": "service", "footway": null, "name": null, "surface": null, "lit": null, "length_m": 84.05, "type_element": "Way", "__fid": 72387}, "geometry": {"type": "LineString", "coordinates": [[2.3550711, 48.8829901], [2.3553286, 48.8829335], [2.355296149999836, 48.88288630000002], [2.3551974, 48.8827814], [2.3551083, 48.8826378], [2.3549869, 48.8824048]]}}, {"type": "Feature", "properties": {"highway": "footway", "footway": "sidewalk", "name": null, "surface": null, "lit": "yes", "length_m": 40.09, "type_element": "Way", "__fid": 72389}, "geometry": {"type": "LineString", "coordinates": [[2.3554797, 48.886809], [2.3553899, 48.886801], [2.3549341, 48.8867906]]}}, {"type": "Feature", "properties": {"highway": "footway", "footway": "sidewalk", "name": null, "surface": null, "lit": "yes", "length_m": 4.91, "type_element": "Way", "__fid": 72390}, "geometry": {"type": "LineString", "coordinates": [[2.3549341, 48.8867906], [2.3549743, 48.8867553]]}}, {"type": "Feature", "properties": {"highway": "service", "footway": null, "name": null, "surface": null, "lit": null, "length_m": 6.97, "type_element": "Way", "__fid": 72391}, "geometry": {"type": "LineString", "coordinates": [[2.354981, 48.8830101], [2.3550711, 48.8829901]]}}, {"type": "Feature", "properties": {"highway": "footway", "footway": "sidewalk", "name": null, "surface": null, "lit": "yes", "length_m": 1.83, "type_element": "Way", "__fid": 72431}, "geometry": {"type": "LineString", "coordinates": [[2.3549822, 48.886722499999976], [2.3549674, 48.8867092]]}}, {"type": "Feature", "properties": {"highway": "footway", "footway": "sidewalk", "name": null, "surface": null, "lit": "yes", "length_m": 42.72, "type_element": "Way", "__fid": 72432}, "geometry": {"type": "LineString", "coordinates": [[2.3549674, 48.8867092], [2.3549621, 48.8866898], [2.3550144, 48.886327]]}}, {"type": "Feature", "properties": {"highway": "footway", "footway": "crossing", "name": null, "surface": null, "lit": "yes", "length_m": 9.82, "type_element": "Way", "__fid": 72437}, "geometry": {"type": "LineString", "coordinates": [[2.3551076, 48.88579210000001], [2.3550057, 48.8857926], [2.3549809, 48.8857793]]}}, {"type": "Feature", "properties": {"highway": "footway", "footway": "sidewalk", "name": null, "surface": null, "lit": "yes", "length_m": 72.25, "type_element": "Way", "__fid": 72438}, "geometry": {"type": "LineString", "coordinates": [[2.3549809, 48.8857793], [2.3550812, 48.8851329]]}}, {"type": "Feature", "properties": {"highway": "pedestrian", "footway": null, "name": "Rue Cavé", "surface": "asphalt", "lit": "yes", "length_m": 36.74, "type_element": "Way", "__fid": 72449}, "geometry": {"type": "LineString", "coordinates": [[2.3554746, 48.8867725], [2.3549743, 48.8867553]]}}, {"type": "Feature", "properties": {"highway": "footway", "footway": "sidewalk", "name": null, "surface": null, "lit": "yes", "length_m": 3.69, "type_element": "Way", "__fid": 72450}, "geometry": {"type": "LineString", "coordinates": [[2.3549822, 48.886722499999976], [2.3549743, 48.8867553]]}}, {"type": "Feature", "properties": {"highway": "footway", "footway": "crossing", "name": null, "surface": null, "lit": "yes", "length_m": 7.41, "type_element": "Way", "__fid": 72453}, "geometry": {"type": "LineString", "coordinates": [[2.3550107, 48.88500590000001], [2.35500026666663, 48.8849396]]}}, {"type": "Feature", "properties": {"highway": "footway", "footway": "sidewalk", "name": null, "surface": null, "lit": "yes", "length_m": 18.43, "type_element": "Way", "__fid": 72454}, "geometry": {"type": "LineString", "coordinates": [[2.35500026666663, 48.8849396], [2.3551404, 48.88492739999998], [2.3551512, 48.8848844], [2.3551099, 48.8848747]]}}, {"type": "Feature", "properties": {"highway": "footway", "footway": "sidewalk", "name": null, "surface": null, "lit": "yes", "length_m": 36.16, "type_element": "Way", "__fid": 72460}, "geometry": {"type": "LineString", "coordinates": [[2.3554747, 48.886725099999985], [2.3554201, 48.88673], [2.3549822, 48.886722499999976]]}}, {"type": "Feature", "properties": {"highway": "footway", "footway": "sidewalk", "name": null, "surface": null, "lit": "yes", "length_m": 5.68, "type_element": "Way", "__fid": 72473}, "geometry": {"type": "LineString", "coordinates": [[2.3550881, 48.8850086], [2.3550107, 48.88500590000001]]}}, {"type": "Feature", "properties": {"highway": "footway", "footway": "crossing", "name": null, "surface": null, "lit": "yes", "length_m": 5.12, "type_element": "Way", "__fid": 72487}, "geometry": {"type": "LineString", "coordinates": [[2.3550516, 48.885135200000015], [2.355023299999938, 48.88509313333335]]}}, {"type": "Feature", "properties": {"highway": "footway", "footway": "sidewalk", "name": null, "surface": null, "lit": "yes", "length_m": 10.53, "type_element": "Way", "__fid": 72488}, "geometry": {"type": "LineString", "coordinates": [[2.355023299999938, 48.88509313333335], [2.3550881, 48.8850086]]}}, {"type": "Feature", "properties": {"highway": "footway", "footway": "sidewalk", "name": null, "surface": null, "lit": "yes", "length_m": 5.07, "type_element": "Way", "__fid": 72496}, "geometry": {"type": "LineString", "coordinates": [[2.3550144, 48.886327], [2.3550291, 48.8863155], [2.3550741, 48.8863084]]}}, {"type": "Feature", "properties": {"highway": "footway", "footway": "sidewalk", "name": null, "surface": "asphalt", "lit": "yes", "length_m": 43.22, "type_element": "Way", "__fid": 72507}, "geometry": {"type": "LineString", "coordinates": [[2.3550711, 48.8829901], [2.3552704, 48.8833559]]}}, {"type": "Feature", "properties": {"highway": "footway", "footway": "sidewalk", "name": null, "surface": null, "lit": "yes", "length_m": 2.19, "type_element": "Way", "__fid": 72514}, "geometry": {"type": "LineString", "coordinates": [[2.3550812, 48.8851329], [2.3550516, 48.885135200000015]]}}, {"type": "Feature", "properties": {"highway": "footway", "footway": "crossing", "name": null, "surface": null, "lit": "yes", "length_m": 9.66, "type_element": "Way", "__fid": 72542}, "geometry": {"type": "LineString", "coordinates": [[2.3550812, 48.8851329], [2.3552129, 48.8851303]]}}, {"type": "Feature", "properties": {"highway": "footway", "footway": "sidewalk", "name": null, "surface": "asphalt", "lit": "yes", "length_m": 65.04, "type_element": "Way", "__fid": 72544}, "geometry": {"type": "LineString", "coordinates": [[2.3553921, 48.88394630000001], [2.3552701, 48.8836914], [2.3551065, 48.88339269999999]]}}, {"type": "Feature", "properties": {"highway": "footway", "footway": "crossing", "name": null, "surface": null, "lit": "yes", "length_m": 12.7, "type_element": "Way", "__fid": 72545}, "geometry": {"type": "LineString", "coordinates": [[2.3552704, 48.8833559], [2.3551065, 48.88339269999999]]}}, {"type": "Feature", "properties": {"highway": "footway", "footway": "crossing", "name": null, "surface": null, "lit": "yes", "length_m": 15.66, "type_element": "Way", "__fid": 72547}, "geometry": {"type": "LineString", "coordinates": [[2.3550881, 48.8850086], [2.3552655, 48.8850179], [2.3552759, 48.8850403]]}}, {"type": "Feature", "properties": {"highway": "footway", "footway": "sidewalk", "name": null, "surface": null, "lit": "yes", "length_m": 31.65, "type_element": "Way", "__fid": 72549}, "geometry": {"type": "LineString", "coordinates": [[2.3550741, 48.8863084], [2.3555025, 48.8863433]]}}, {"type": "Feature", "properties": {"highway": "footway", "footway": "crossing", "name": null, "surface": null, "lit": "yes", "length_m": 9.23, "type_element": "Way", "__fid": 72550}, "geometry": {"type": "LineString", "coordinates": [[2.3550741, 48.8863084], [2.3550794, 48.8862255]]}}, {"type": "Feature", "properties": {"highway": "footway", "footway": "sidewalk", "name": null, "surface": null, "lit": "yes", "length_m": 32.98, "type_element": "Way", "__fid": 72557}, "geometry": {"type": "LineString", "coordinates": [[2.3550794, 48.8862255], [2.3555267, 48.8862564]]}}, {"type": "Feature", "properties": {"highway": "footway", "footway": "crossing", "name": null, "surface": null, "lit": "yes", "length_m": 7.02, "type_element": "Way", "__fid": 72568}, "geometry": {"type": "LineString", "coordinates": [[2.3551099, 48.8848747], [2.355133333333445, 48.88481353333335]]}}, {"type": "Feature", "properties": {"highway": "footway", "footway": "sidewalk", "name": null, "surface": null, "lit": "yes", "length_m": 37.34, "type_element": "Way", "__fid": 72573}, "geometry": {"type": "LineString", "coordinates": [[2.3551076, 48.88579210000001], [2.3551244, 48.8858084], [2.3556004, 48.88584549999999]]}}, {"type": "Feature", "properties": {"highway": "footway", "footway": "sidewalk", "name": null, "surface": null, "lit": "yes", "length_m": 73.99, "type_element": "Way", "__fid": 72574}, "geometry": {"type": "LineString", "coordinates": [[2.3552129, 48.8851303], [2.3551076, 48.88579210000001]]}}, {"type": "Feature", "properties": {"highway": "footway", "footway": "sidewalk", "name": null, "surface": null, "lit": "yes", "length_m": 60.9, "type_element": "Way", "__fid": 72581}, "geometry": {"type": "LineString", "coordinates": [[2.355133333333445, 48.88481353333335], [2.355702, 48.88493429999998], [2.3559347, 48.8849263]]}}, {"type": "Feature", "properties": {"highway": "footway", "footway": "sidewalk", "name": null, "surface": null, "lit": "yes", "length_m": 11.35, "type_element": "Way", "__fid": 72690}, "geometry": {"type": "LineString", "coordinates": [[2.3552759, 48.8850403], [2.3552256, 48.8850833], [2.3552129, 48.8851303]]}}, {"type": "Feature", "properties": {"highway": "footway", "footway": "sidewalk", "name": null, "surface": "asphalt", "lit": "yes", "length_m": 73.0, "type_element": "Way", "__fid": 72741}, "geometry": {"type": "LineString", "coordinates": [[2.3552704, 48.8833559], [2.3555281, 48.88384910000001], [2.3556189, 48.8839699]]}}, {"type": "Feature", "properties": {"highway": "footway", "footway": "sidewalk", "name": null, "surface": null, "lit": "yes", "length_m": 38.42, "type_element": "Way", "__fid": 72778}, "geometry": {"type": "LineString", "coordinates": [[2.355794933333325, 48.88502370000004], [2.3557694, 48.88501680000001], [2.3555025, 48.8850421], [2.3552759, 48.8850403]]}}, {"type": "Feature", "properties": {"highway": "footway", "footway": "sidewalk", "name": null, "surface": "asphalt", "lit": "yes", "length_m": 7.67, "type_element": "Way", "__fid": 72825}, "geometry": {"type": "LineString", "coordinates": [[2.3553181, 48.883975700000015], [2.3553771, 48.8839747], [2.3553921, 48.88394630000001]]}}, {"type": "Feature", "properties": {"highway": "footway", "footway": "crossing", "name": null, "surface": null, "lit": "yes", "length_m": 16.82, "type_element": "Way", "__fid": 72826}, "geometry": {"type": "LineString", "coordinates": [[2.3553674, 48.8840983], [2.3553002, 48.8840772], [2.3553181, 48.883975700000015]]}}, {"type": "Feature", "properties": {"highway": "footway", "footway": "crossing", "name": null, "surface": null, "lit": "yes", "length_m": 15.79, "type_element": "Way", "__fid": 72848}, "geometry": {"type": "LineString", "coordinates": [[2.3553231, 48.88432820000001], [2.3555305, 48.884366399999976]]}}, {"type": "Feature", "properties": {"highway": "footway", "footway": null, "name": null, "surface": null, "lit": "yes", "length_m": 25.77, "type_element": "Way", "__fid": 72849}, "geometry": {"type": "LineString", "coordinates": [[2.3553231, 48.88432820000001], [2.3553674, 48.8840983]]}}, {"type": "Feature", "properties": {"highway": "footway", "footway": null, "name": null, "surface": null, "lit": null, "length_m": 8.1, "type_element": "Way", "__fid": 72868}, "geometry": {"type": "LineString", "coordinates": [[2.355355830611487, 48.8827621706649], [2.3554067, 48.88282679999999]]}}, {"type": "Feature", "properties": {"highway": "footway", "footway": "crossing", "name": null, "surface": null, "lit": "yes", "length_m": 20.14, "type_element": "Way", "__fid": 72905}, "geometry": {"type": "LineString", "coordinates": [[2.3553674, 48.8840983], [2.3556405, 48.884117]]}}, {"type": "Feature", "properties": {"highway": "footway", "footway": "crossing", "name": null, "surface": null, "lit": "yes", "length_m": 16.84, "type_element": "Way", "__fid": 72927}, "geometry": {"type": "LineString", "coordinates": [[2.3553921, 48.88394630000001], [2.3556189, 48.8839699]]}}, {"type": "Feature", "properties": {"highway": "footway", "footway": "sidewalk", "name": null, "surface": null, "lit": "yes", "length_m": 12.57, "type_element": "Way", "__fid": 72958}, "geometry": {"type": "LineString", "coordinates": [[2.3555475, 48.8873137], [2.3553772, 48.887301]]}}, {"type": "Feature", "properties": {"highway": "footway", "footway": "crossing", "name": null, "surface": null, "lit": "yes", "length_m": 8.02, "type_element": "Way", "__fid": 72959}, "geometry": {"type": "LineString", "coordinates": [[2.3553772, 48.887301], [2.3553859, 48.8872291]]}}, {"type": "Feature", "properties": {"highway": "footway", "footway": "sidewalk", "name": null, "surface": null, "lit": "yes", "length_m": 3.65, "type_element": "Way", "__fid": 72970}, "geometry": {"type": "LineString", "coordinates": [[2.3553859, 48.8872291], [2.355408, 48.8872278], [2.3554187, 48.887211]]}}, {"type": "Feature", "properties": {"highway": "footway", "footway": "crossing", "name": null, "surface": null, "lit": "yes", "length_m": 7.37, "type_element": "Way", "__fid": 73011}, "geometry": {"type": "LineString", "coordinates": [[2.3554187, 48.887211], [2.3555186, 48.8872181]]}}, {"type": "Feature", "properties": {"highway": "footway", "footway": "sidewalk", "name": null, "surface": null, "lit": "yes", "length_m": 44.94, "type_element": "Way", "__fid": 73012}, "geometry": {"type": "LineString", "coordinates": [[2.3554187, 48.887211], [2.3554502, 48.887054499999984], [2.3554797, 48.886809]]}}, {"type": "Feature", "properties": {"highway": "footway", "footway": "sidewalk", "name": null, "surface": null, "lit": "yes", "length_m": 5.27, "type_element": "Way", "__fid": 73072}, "geometry": {"type": "LineString", "coordinates": [[2.3554747, 48.886725099999985], [2.3554746, 48.8867725]]}}, {"type": "Feature", "properties": {"highway": "footway", "footway": "sidewalk", "name": null, "surface": null, "lit": "yes", "length_m": 40.06, "type_element": "Way", "__fid": 73073}, "geometry": {"type": "LineString", "coordinates": [[2.3555414, 48.8863675], [2.3554747, 48.886725099999985]]}}, {"type": "Feature", "properties": {"highway": "footway", "footway": "crossing", "name": null, "surface": null, "lit": "yes", "length_m": 9.93, "type_element": "Way", "__fid": 73074}, "geometry": {"type": "LineString", "coordinates": [[2.3554747, 48.886725099999985], [2.3554965, 48.8867176], [2.3556072, 48.8867141]]}}, {"type": "Feature", "properties": {"highway": "footway", "footway": "sidewalk", "name": null, "surface": null, "lit": "yes", "length_m": 4.08, "type_element": "Way", "__fid": 73075}, "geometry": {"type": "LineString", "coordinates": [[2.3554797, 48.886809], [2.3554746, 48.8867725]]}}, {"type": "Feature", "properties": {"highway": "pedestrian", "footway": null, "name": "Rue Cavé", "surface": "asphalt", "lit": "yes", "length_m": 4.86, "type_element": "Way", "__fid": 73076}, "geometry": {"type": "LineString", "coordinates": [[2.3555408, 48.8867712], [2.3554746, 48.8867725]]}}, {"type": "Feature", "properties": {"highway": "footway", "footway": "crossing", "name": null, "surface": null, "lit": "yes", "length_m": 8.58, "type_element": "Way", "__fid": 73085}, "geometry": {"type": "LineString", "coordinates": [[2.3554797, 48.886809], [2.3555012, 48.8868195], [2.3555622, 48.8868239], [2.355587, 48.8868336]]}}, {"type": "Feature", "properties": {"highway": "footway", "footway": "sidewalk", "name": null, "surface": null, "lit": "yes", "length_m": 4.07, "type_element": "Way", "__fid": 73105}, "geometry": {"type": "LineString", "coordinates": [[2.3555025, 48.8863433], [2.3555274, 48.8863521], [2.3555414, 48.8863675]]}}, {"type": "Feature", "properties": {"highway": "footway", "footway": "crossing", "name": null, "surface": null, "lit": "yes", "length_m": 10.0, "type_element": "Way", "__fid": 73106}, "geometry": {"type": "LineString", "coordinates": [[2.3555025, 48.8863433], [2.355524, 48.8863115], [2.3555267, 48.8862564]]}}, {"type": "Feature", "properties": {"highway": "footway", "footway": null, "name": null, "surface": null, "lit": "yes", "length_m": 163.78, "type_element": "Way", "__fid": 73109}, "geometry": {"type": "LineString", "coordinates": [[2.3565714, 48.8840248], [2.3564266, 48.8837761], [2.3561718, 48.883434], [2.355549238393584, 48.88271804324874]]}}, {"type": "Feature", "properties": {"highway": "footway", "footway": "sidewalk", "name": null, "surface": "asphalt", "lit": "yes", "length_m": 4.88, "type_element": "Way", "__fid": 73115}, "geometry": {"type": "LineString", "coordinates": [[2.3555941, 48.8843536], [2.3555305, 48.884366399999976]]}}, {"type": "Feature", "properties": {"highway": "footway", "footway": "sidewalk", "name": null, "surface": null, "lit": "yes", "length_m": 36.67, "type_element": "Way", "__fid": 73141}, "geometry": {"type": "LineString", "coordinates": [[2.3555267, 48.8862564], [2.3555515, 48.886246700000015], [2.3555662, 48.8862211], [2.3556025, 48.88595660000002], [2.3555937, 48.88593980000001]]}}, {"type": "Feature", "properties": {"highway": "footway", "footway": "sidewalk", "name": null, "surface": null, "lit": "yes", "length_m": 4.77, "type_element": "Way", "__fid": 73147}, "geometry": {"type": "LineString", "coordinates": [[2.3555689, 48.8872432], [2.3555381, 48.8872344], [2.3555186, 48.8872181]]}}, {"type": "Feature", "properties": {"highway": "footway", "footway": "sidewalk", "name": null, "surface": null, "lit": "yes", "length_m": 43.05, "type_element": "Way", "__fid": 73148}, "geometry": {"type": "LineString", "coordinates": [[2.3555186, 48.8872181], [2.355587, 48.8868336]]}}, {"type": "Feature", "properties": {"highway": "footway", "footway": "crossing", "name": null, "surface": null, "lit": "yes", "length_m": 9.27, "type_element": "Way", "__fid": 73165}, "geometry": {"type": "LineString", "coordinates": [[2.3555414, 48.8863675], [2.3556353, 48.88636839999999], [2.3556655, 48.8863763]]}}, {"type": "Feature", "properties": {"highway": "footway", "footway": "sidewalk", "name": null, "surface": null, "lit": "yes", "length_m": 51.23, "type_element": "Way", "__fid": 73192}, "geometry": {"type": "LineString", "coordinates": [[2.3562187, 48.8874055], [2.3561329, 48.8873614], [2.3555475, 48.8873137]]}}, {"type": "Feature", "properties": {"highway": "footway", "footway": "crossing", "name": null, "surface": null, "lit": "yes", "length_m": 7.99, "type_element": "Way", "__fid": 73193}, "geometry": {"type": "LineString", "coordinates": [[2.3555475, 48.8873137], [2.3555689, 48.8872432]]}}, {"type": "Feature", "properties": {"highway": "footway", "footway": "sidewalk", "name": null, "surface": "asphalt", "lit": "yes", "length_m": 34.82, "type_element": "Way", "__fid": 73206}, "geometry": {"type": "LineString", "coordinates": [[2.3560563, 48.8843958], [2.3560367, 48.8843805], [2.3555941, 48.8843536]]}}, {"type": "Feature", "properties": {"highway": "footway", "footway": "sidewalk", "name": null, "surface": null, "lit": "yes", "length_m": 26.53, "type_element": "Way", "__fid": 73207}, "geometry": {"type": "LineString", "coordinates": [[2.3555941, 48.8843536], [2.3556405, 48.884117]]}}, {"type": "Feature", "properties": {"highway": "footway", "footway": "sidewalk", "name": null, "surface": null, "lit": "yes", "length_m": 51.23, "type_element": "Way", "__fid": 73220}, "geometry": {"type": "LineString", "coordinates": [[2.356257133333287, 48.88725776666667], [2.3561791, 48.8872789], [2.3561248, 48.8872842], [2.3555689, 48.8872432]]}}, {"type": "Feature", "properties": {"highway": "footway", "footway": "crossing", "name": null, "surface": null, "lit": "yes", "length_m": 10.5, "type_element": "Way", "__fid": 73238}, "geometry": {"type": "LineString", "coordinates": [[2.3555937, 48.88593980000001], [2.3556004, 48.88584549999999]]}}, {"type": "Feature", "properties": {"highway": "footway", "footway": "sidewalk", "name": null, "surface": "asphalt", "lit": "yes", "length_m": 3.36, "type_element": "Way", "__fid": 73239}, "geometry": {"type": "LineString", "coordinates": [[2.3556189, 48.8839699], [2.3556546, 48.8839888]]}}, {"type": "Feature", "properties": {"highway": "footway", "footway": "sidewalk", "name": null, "surface": null, "lit": "yes", "length_m": 4.41, "type_element": "Way", "__fid": 73242}, "geometry": {"type": "LineString", "coordinates": [[2.355587, 48.8868336], [2.3555884, 48.8868195], [2.3556232, 48.8868084]]}}, {"type": "Feature", "properties": {"highway": "footway", "footway": "sidewalk", "name": null, "surface": null, "lit": "yes", "length_m": 3.69, "type_element": "Way", "__fid": 73249}, "geometry": {"type": "LineString", "coordinates": [[2.3556004, 48.88584549999999], [2.355634, 48.88582080000002]]}}, {"type": "Feature", "properties": {"highway": "footway", "footway": "sidewalk", "name": null, "surface": null, "lit": "yes", "length_m": 2.87, "type_element": "Way", "__fid": 73260}, "geometry": {"type": "LineString", "coordinates": [[2.355630866666759, 48.88673470000001], [2.3556072, 48.8867141]]}}, {"type": "Feature", "properties": {"highway": "footway", "footway": "sidewalk", "name": null, "surface": null, "lit": "yes", "length_m": 37.81, "type_element": "Way", "__fid": 73261}, "geometry": {"type": "LineString", "coordinates": [[2.3556072, 48.8867141], [2.3556655, 48.8863763]]}}, {"type": "Feature", "properties": {"highway": "footway", "footway": "crossing", "name": null, "surface": null, "lit": "yes", "length_m": 14.29, "type_element": "Way", "__fid": 73262}, "geometry": {"type": "LineString", "coordinates": [[2.3556546, 48.8839888], [2.3556405, 48.884117]]}}, {"type": "Feature", "properties": {"highway": "footway", "footway": "sidewalk", "name": null, "surface": "asphalt", "lit": "yes", "length_m": 27.98, "type_element": "Way", "__fid": 73276}, "geometry": {"type": "LineString", "coordinates": [[2.3556546, 48.8839888], [2.3557482, 48.8840156], [2.355816, 48.8840254], [2.356025800000015, 48.88403343333335]]}}, {"type": "Feature", "properties": {"highway": "footway", "footway": "crossing", "name": null, "surface": null, "lit": "yes", "length_m": 9.16, "type_element": "Way", "__fid": 73281}, "geometry": {"type": "LineString", "coordinates": [[2.355634, 48.88582080000002], [2.3557587, 48.8858256]]}}, {"type": "Feature", "properties": {"highway": "footway", "footway": "sidewalk", "name": null, "surface": null, "lit": "yes", "length_m": 89.86, "type_element": "Way", "__fid": 73282}, "geometry": {"type": "LineString", "coordinates": [[2.355634, 48.88582080000002], [2.3557091, 48.8853406], [2.3557332, 48.8852277], [2.3557574, 48.88520829999999], [2.355794933333325, 48.88502370000004]]}}, {"type": "Feature", "properties": {"highway": "footway", "footway": "crossing", "name": null, "surface": null, "lit": "yes", "length_m": 8.21, "type_element": "Way", "__fid": 73285}, "geometry": {"type": "LineString", "coordinates": [[2.3556232, 48.8868084], [2.355630866666759, 48.88673470000001]]}}, {"type": "Feature", "properties": {"highway": "footway", "footway": "sidewalk", "name": null, "surface": null, "lit": "yes", "length_m": 53.12, "type_element": "Way", "__fid": 73286}, "geometry": {"type": "LineString", "coordinates": [[2.3556232, 48.8868084], [2.3556655, 48.886804], [2.356326, 48.88681729999998], [2.3563448, 48.886823]]}}, {"type": "Feature", "properties": {"highway": "footway", "footway": "sidewalk", "name": null, "surface": null, "lit": "yes", "length_m": 54.07, "type_element": "Way", "__fid": 73298}, "geometry": {"type": "LineString", "coordinates": [[2.356360833333258, 48.88674556666669], [2.3556326, 48.8867291], [2.355630866666759, 48.88673470000001]]}}, {"type": "Feature", "properties": {"highway": "footway", "footway": null, "name": null, "surface": null, "lit": "yes", "length_m": 125.88, "type_element": "Way", "__fid": 73310}, "geometry": {"type": "LineString", "coordinates": [[2.3565211, 48.88367380000001], [2.3563924, 48.8834939], [2.3561342, 48.883167399999984], [2.3558422, 48.8828667], [2.355693333984312, 48.88268356448962]]}}, {"type": "Feature", "properties": {"highway": "footway", "footway": "sidewalk", "name": null, "surface": null, "lit": "yes", "length_m": 7.03, "type_element": "Way", "__fid": 73334}, "geometry": {"type": "LineString", "coordinates": [[2.3556655, 48.8863763], [2.3556762, 48.8863618], [2.355695, 48.8863565], [2.355746, 48.8863561]]}}, {"type": "Feature", "properties": {"highway": "footway", "footway": null, "name": null, "surface": null, "lit": "yes", "length_m": 125.46, "type_element": "Way", "__fid": 73368}, "geometry": {"type": "LineString", "coordinates": [[2.355735584549687, 48.88267446068529], [2.355921, 48.8828951], [2.3562878, 48.883294599999985], [2.3564346, 48.8835036], [2.3565344, 48.88366970000001]]}}, {"type": "Feature", "properties": {"highway": "pedestrian", "footway": null, "name": "Rue Affre", "surface": "sett", "lit": "yes", "length_m": 53.44, "type_element": "Way", "__fid": 73385}, "geometry": {"type": "LineString", "coordinates": [[2.3557159, 48.8859024], [2.3556776, 48.8859747], [2.3556157, 48.8862933], [2.3557413, 48.8862939]]}}, {"type": "Feature", "properties": {"highway": "footway", "footway": "sidewalk", "name": null, "surface": null, "lit": "yes", "length_m": 6.93, "type_element": "Way", "__fid": 73419}, "geometry": {"type": "LineString", "coordinates": [[2.3557413, 48.8862939], [2.355746, 48.8863561]]}}, {"type": "Feature", "properties": {"highway": "footway", "footway": "crossing", "name": null, "surface": null, "lit": "yes", "length_m": 3.1, "type_element": "Way", "__fid": 73420}, "geometry": {"type": "LineString", "coordinates": [[2.3557439, 48.8862661], [2.3557413, 48.8862939]]}}, {"type": "Feature", "properties": {"highway": "pedestrian", "footway": null, "name": "Rue Saint-Mathieu", "surface": "asphalt", "lit": "yes", "length_m": 52.02, "type_element": "Way", "__fid": 73421}, "geometry": {"type": "LineString", "coordinates": [[2.3564505, 48.8862852], [2.3557413, 48.8862939]]}}, {"type": "Feature", "properties": {"highway": "footway", "footway": "sidewalk", "name": null, "surface": null, "lit": "yes", "length_m": 35.91, "type_element": "Way", "__fid": 73425}, "geometry": {"type": "LineString", "coordinates": [[2.3557439, 48.8862661], [2.3557218, 48.886246700000015], [2.3557681, 48.885978199999975], [2.3557842, 48.8859645], [2.3558009, 48.8859632]]}}, {"type": "Feature", "properties": {"highway": "footway", "footway": "sidewalk", "name": null, "surface": null, "lit": "yes", "length_m": 51.85, "type_element": "Way", "__fid": 73426}, "geometry": {"type": "LineString", "coordinates": [[2.3564507, 48.8862529], [2.3557439, 48.8862661]]}}, {"type": "Feature", "properties": {"highway": "footway", "footway": "sidewalk", "name": null, "surface": "asphalt", "lit": "yes", "length_m": 50.65, "type_element": "Way", "__fid": 73429}, "geometry": {"type": "LineString", "coordinates": [[2.355746, 48.8863561], [2.3564366, 48.8863481]]}}, {"type": "Feature", "properties": {"highway": "footway", "footway": "sidewalk", "name": null, "surface": null, "lit": "yes", "length_m": 7.41, "type_element": "Way", "__fid": 73438}, "geometry": {"type": "LineString", "coordinates": [[2.3558298, 48.88586580000001], [2.3557627, 48.8858415], [2.3557587, 48.8858256]]}}, {"type": "Feature", "properties": {"highway": "footway", "footway": "sidewalk", "name": null, "surface": null, "lit": "yes", "length_m": 89.41, "type_element": "Way", "__fid": 73439}, "geometry": {"type": "LineString", "coordinates": [[2.3557587, 48.8858256], [2.3558962, 48.8850324], [2.355888133333173, 48.885030333333475]]}}, {"type": "Feature", "properties": {"highway": "footway", "footway": "crossing", "name": null, "surface": null, "lit": "yes", "length_m": 6.87, "type_element": "Way", "__fid": 73478}, "geometry": {"type": "LineString", "coordinates": [[2.355794933333325, 48.88502370000004], [2.355888133333173, 48.885030333333475]]}}, {"type": "Feature", "properties": {"highway": "footway", "footway": "sidewalk", "name": null, "surface": null, "lit": "yes", "length_m": 52.69, "type_element": "Way", "__fid": 73492}, "geometry": {"type": "LineString", "coordinates": [[2.3558009, 48.8859632], [2.356499, 48.8860752]]}}, {"type": "Feature", "properties": {"highway": "footway", "footway": "sidewalk", "name": null, "surface": null, "lit": "yes", "length_m": 11.04, "type_element": "Way", "__fid": 73493}, "geometry": {"type": "LineString", "coordinates": [[2.3558298, 48.88586580000001], [2.3558009, 48.8859632]]}}, {"type": "Feature", "properties": {"highway": "footway", "footway": "sidewalk", "name": null, "surface": null, "lit": "yes", "length_m": 53.32, "type_element": "Way", "__fid": 73529}, "geometry": {"type": "LineString", "coordinates": [[2.3565379, 48.8859747], [2.3558298, 48.88586580000001]]}}, {"type": "Feature", "properties": {"highway": "footway", "footway": null, "name": null, "surface": null, "lit": "yes", "length_m": 165.45, "type_element": "Way", "__fid": 73568}, "geometry": {"type": "LineString", "coordinates": [[2.355899751862092, 48.88263888002332], [2.3562978, 48.8830984], [2.356562, 48.88346040000002], [2.3567022, 48.88370339999999], [2.3568296, 48.8839882]]}}, {"type": "Feature", "properties": {"highway": "footway", "footway": "sidewalk", "name": null, "surface": null, "lit": "yes", "length_m": 6.5, "type_element": "Way", "__fid": 73590}, "geometry": {"type": "LineString", "coordinates": [[2.355888133333173, 48.885030333333475], [2.3559619, 48.884998]]}}, {"type": "Feature", "properties": {"highway": "footway", "footway": "crossing", "name": null, "surface": null, "lit": "yes", "length_m": 8.22, "type_element": "Way", "__fid": 73637}, "geometry": {"type": "LineString", "coordinates": [[2.3559619, 48.884998], [2.3559347, 48.8849263]]}}, {"type": "Feature", "properties": {"highway": "footway", "footway": "sidewalk", "name": null, "surface": null, "lit": "yes", "length_m": 49.76, "type_element": "Way", "__fid": 73638}, "geometry": {"type": "LineString", "coordinates": [[2.3559347, 48.8849263], [2.3560031, 48.88491360000001], [2.356609, 48.8848842]]}}, {"type": "Feature", "properties": {"highway": "footway", "footway": "sidewalk", "name": null, "surface": null, "lit": "yes", "length_m": 11.7, "type_element": "Way", "__fid": 73663}, "geometry": {"type": "LineString", "coordinates": [[2.3559619, 48.884998], [2.3561212, 48.8849926]]}}, {"type": "Feature", "properties": {"highway": "footway", "footway": "crossing", "name": null, "surface": "asphalt", "lit": "yes", "length_m": 12.23, "type_element": "Way", "__fid": 73679}, "geometry": {"type": "LineString", "coordinates": [[2.3559729, 48.888646600000015], [2.3559592, 48.88871790000001], [2.355927, 48.88874959999998]]}}, {"type": "Feature", "properties": {"highway": "footway", "footway": "sidewalk", "name": null, "surface": "asphalt", "lit": "yes", "length_m": 54.82, "type_element": "Way", "__fid": 73705}, "geometry": {"type": "LineString", "coordinates": [[2.356025800000015, 48.88403343333335], [2.3560041, 48.88412490000001], [2.3561317, 48.8842778], [2.3563194, 48.884291], [2.356307166666639, 48.88439203333334]]}}, {"type": "Feature", "properties": {"highway": "footway", "footway": "sidewalk", "name": null, "surface": "metal", "lit": "yes", "length_m": 113.89, "type_element": "Way", "__fid": 73706}, "geometry": {"type": "LineString", "coordinates": [[2.356025800000015, 48.88403343333335], [2.3561798, 48.8840337], [2.3575713, 48.8841289]]}}, {"type": "Feature", "properties": {"highway": "footway", "footway": "sidewalk", "name": null, "surface": "paving_stones", "lit": "yes", "length_m": 2.33, "type_element": "Way", "__fid": 73711}, "geometry": {"type": "LineString", "coordinates": [[2.3559729, 48.888646600000015], [2.3560007, 48.8886364]]}}, {"type": "Feature", "properties": {"highway": "footway", "footway": "crossing", "name": null, "surface": "asphalt", "lit": "yes", "length_m": 10.0, "type_element": "Way", "__fid": 73737}, "geometry": {"type": "LineString", "coordinates": [[2.3561362, 48.8886462], [2.3560007, 48.8886364]]}}, {"type": "Feature", "properties": {"highway": "footway", "footway": "sidewalk", "name": null, "surface": null, "lit": "yes", "length_m": 64.76, "type_element": "Way", "__fid": 73738}, "geometry": {"type": "LineString", "coordinates": [[2.3560007, 48.8886364], [2.3560631, 48.8882776], [2.3561081, 48.8880637], [2.3561161, 48.888063700000146]]}}, {"type": "Feature", "properties": {"highway": "footway", "footway": "sidewalk", "name": null, "surface": null, "lit": "yes", "length_m": 66.89, "type_element": "Way", "__fid": 73743}, "geometry": {"type": "LineString", "coordinates": [[2.356621, 48.8848609], [2.3566224, 48.8848388], [2.3565741, 48.8847969], [2.3560563, 48.8843958]]}}, {"type": "Feature", "properties": {"highway": "footway", "footway": "crossing", "name": null, "surface": null, "lit": "yes", "length_m": 16.63, "type_element": "Way", "__fid": 73744}, "geometry": {"type": "LineString", "coordinates": [[2.3560563, 48.8843958], [2.356282533333284, 48.884406200000036]]}}, {"type": "Feature", "properties": {"highway": "footway", "footway": null, "name": null, "surface": null, "lit": "yes", "length_m": 167.17, "type_element": "Way", "__fid": 73769}, "geometry": {"type": "LineString", "coordinates": [[2.356098551813232, 48.88259404529809], [2.356558, 48.88318970000001], [2.3566747, 48.88336610000001], [2.3568477, 48.8836818], [2.3569261, 48.883863], [2.356963, 48.883979]]}}, {"type": "Feature", "properties": {"highway": "footway", "footway": null, "name": null, "surface": null, "lit": "yes", "length_m": 49.95, "type_element": "Way", "__fid": 73819}, "geometry": {"type": "LineString", "coordinates": [[2.3561124, 48.8850555], [2.3560851, 48.885134], [2.3560944, 48.8851905], [2.3561293, 48.885265400000016], [2.3561386, 48.8853319], [2.3561119, 48.8853992], [2.3561142, 48.8854963]]}}, {"type": "Feature", "properties": {"highway": "footway", "footway": null, "name": null, "surface": null, "lit": "yes", "length_m": 7.14, "type_element": "Way", "__fid": 73820}, "geometry": {"type": "LineString", "coordinates": [[2.3561212, 48.8849926], [2.3561247, 48.88503], [2.3561124, 48.8850555]]}}, {"type": "Feature", "properties": {"highway": "footway", "footway": null, "name": null, "surface": "compacted", "lit": null, "length_m": 14.65, "type_element": "Way", "__fid": 73821}, "geometry": {"type": "LineString", "coordinates": [[2.3563118, 48.88504690000001], [2.3561124, 48.8850555]]}}, {"type": "Feature", "properties": {"highway": "footway", "footway": null, "name": null, "surface": null, "lit": "yes", "length_m": 4.13, "type_element": "Way", "__fid": 73834}, "geometry": {"type": "LineString", "coordinates": [[2.3561178, 48.88495549999998], [2.3561212, 48.8849926]]}}, {"type": "Feature", "properties": {"highway": "footway", "footway": null, "name": null, "surface": null, "lit": "yes", "length_m": 36.48, "type_element": "Way", "__fid": 73839}, "geometry": {"type": "LineString", "coordinates": [[2.3561142, 48.8854963], [2.356156, 48.8856071], [2.3561793, 48.8856277], [2.3562107, 48.8856353], [2.356256, 48.8856346], [2.3562711, 48.8855505], [2.356292, 48.88550080000001]]}}, {"type": "Feature", "properties": {"highway": "footway", "footway": "sidewalk", "name": null, "surface": null, "lit": "yes", "length_m": 17.49, "type_element": "Way", "__fid": 73841}, "geometry": {"type": "LineString", "coordinates": [[2.3561212, 48.8849926], [2.3563594, 48.8849843]]}}, {"type": "Feature", "properties": {"highway": "footway", "footway": "sidewalk", "name": null, "surface": null, "lit": "yes", "length_m": 2.78, "type_element": "Way", "__fid": 73853}, "geometry": {"type": "LineString", "coordinates": [[2.3561161, 48.888063700000146], [2.3560906, 48.8880452]]}}, {"type": "Feature", "properties": {"highway": "footway", "footway": "crossing", "name": null, "surface": null, "lit": "yes", "length_m": 8.73, "type_element": "Way", "__fid": 73854}, "geometry": {"type": "LineString", "coordinates": [[2.3560906, 48.8880452], [2.3561087, 48.8879676]]}}, {"type": "Feature", "properties": {"highway": "footway", "footway": "sidewalk", "name": null, "surface": null, "lit": "yes", "length_m": 60.57, "type_element": "Way", "__fid": 73869}, "geometry": {"type": "LineString", "coordinates": [[2.3561087, 48.8879676], [2.3561302, 48.8879531], [2.3562341, 48.8874332]]}}, {"type": "Feature", "properties": {"highway": "footway", "footway": "crossing", "name": null, "surface": null, "lit": "yes", "length_m": 10.4, "type_element": "Way", "__fid": 73874}, "geometry": {"type": "LineString", "coordinates": [[2.3561161, 48.888063700000146], [2.3562576, 48.88805760000001]]}}, {"type": "Feature", "properties": {"highway": "footway", "footway": "sidewalk", "name": null, "surface": null, "lit": "yes", "length_m": 3.02, "type_element": "Way", "__fid": 73907}, "geometry": {"type": "LineString", "coordinates": [[2.3561651, 48.88866560000001], [2.3561362, 48.8886462]]}}, {"type": "Feature", "properties": {"highway": "footway", "footway": "sidewalk", "name": null, "surface": null, "lit": "yes", "length_m": 66.05, "type_element": "Way", "__fid": 73908}, "geometry": {"type": "LineString", "coordinates": [[2.3561362, 48.8886462], [2.3562576, 48.88805760000001]]}}, {"type": "Feature", "properties": {"highway": "footway", "footway": "crossing", "name": null, "surface": "asphalt", "lit": "yes", "length_m": 10.61, "type_element": "Way", "__fid": 73918}, "geometry": {"type": "LineString", "coordinates": [[2.3561472, 48.8887603], [2.3561651, 48.88866560000001]]}}, {"type": "Feature", "properties": {"highway": "footway", "footway": "sidewalk", "name": null, "surface": null, "lit": "yes", "length_m": 158.52, "type_element": "Way", "__fid": 73929}, "geometry": {"type": "LineString", "coordinates": [[2.3583068, 48.88885959999999], [2.3561651, 48.88866560000001]]}}, {"type": "Feature", "properties": {"highway": "footway", "footway": "sidewalk", "name": null, "surface": null, "lit": "yes", "length_m": 3.28, "type_element": "Way", "__fid": 73964}, "geometry": {"type": "LineString", "coordinates": [[2.3562341, 48.8874332], [2.3562187, 48.8874055]]}}, {"type": "Feature", "properties": {"highway": "footway", "footway": "crossing", "name": null, "surface": null, "lit": "yes", "length_m": 16.67, "type_element": "Way", "__fid": 73965}, "geometry": {"type": "LineString", "coordinates": [[2.3562187, 48.8874055], [2.356257133333287, 48.88725776666667]]}}, {"type": "Feature", "properties": {"highway": "footway", "footway": "crossing", "name": null, "surface": null, "lit": "yes", "length_m": 10.94, "type_element": "Way", "__fid": 73989}, "geometry": {"type": "LineString", "coordinates": [[2.3562341, 48.8874332], [2.356383233333263, 48.8874297333335]]}}, {"type": "Feature", "properties": {"highway": "footway", "footway": "sidewalk", "name": null, "surface": null, "lit": "yes", "length_m": 64.1, "type_element": "Way", "__fid": 74000}, "geometry": {"type": "LineString", "coordinates": [[2.3568182, 48.8848534], [2.3562904, 48.8844479], [2.356282533333284, 48.884406200000036]]}}, {"type": "Feature", "properties": {"highway": "footway", "footway": "sidewalk", "name": null, "surface": null, "lit": "yes", "length_m": 2.4, "type_element": "Way", "__fid": 74001}, "geometry": {"type": "LineString", "coordinates": [[2.356282533333284, 48.884406200000036], [2.356307166666639, 48.88439203333334]]}}, {"type": "Feature", "properties": {"highway": "footway", "footway": null, "name": null, "surface": null, "lit": "yes", "length_m": 162.23, "type_element": "Way", "__fid": 74012}, "geometry": {"type": "LineString", "coordinates": [[2.356312045921328, 48.882547813936405], [2.3567618, 48.8832391], [2.3568919, 48.8834741], [2.3569831, 48.883673], [2.3570609, 48.8839164]]}}, {"type": "Feature", "properties": {"highway": "footway", "footway": "sidewalk", "name": null, "surface": null, "lit": "yes", "length_m": 3.83, "type_element": "Way", "__fid": 74016}, "geometry": {"type": "LineString", "coordinates": [[2.356286199999779, 48.887229200000114], [2.356257133333287, 48.88725776666667]]}}, {"type": "Feature", "properties": {"highway": "footway", "footway": "sidewalk", "name": null, "surface": null, "lit": "yes", "length_m": 71.04, "type_element": "Way", "__fid": 74028}, "geometry": {"type": "LineString", "coordinates": [[2.3562576, 48.88805760000001], [2.3563917, 48.887430600000016], [2.356383233333263, 48.8874297333335]]}}, {"type": "Feature", "properties": {"highway": "footway", "footway": null, "name": null, "surface": null, "lit": "yes", "length_m": 51.38, "type_element": "Way", "__fid": 74033}, "geometry": {"type": "LineString", "coordinates": [[2.356292, 48.88550080000001], [2.3563339, 48.8854068], [2.3563385, 48.8853656], [2.3563281, 48.8853082], [2.3562978, 48.8852356], [2.3562909, 48.88515690000001], [2.3563118, 48.88504690000001]]}}, {"type": "Feature", "properties": {"highway": "footway", "footway": "sidewalk", "name": null, "surface": "asphalt", "lit": "yes", "length_m": 145.4, "type_element": "Way", "__fid": 74034}, "geometry": {"type": "LineString", "coordinates": [[2.356307166666639, 48.88439203333334], [2.356675, 48.8844133], [2.3582772, 48.884539]]}}, {"type": "Feature", "properties": {"highway": "footway", "footway": null, "name": null, "surface": null, "lit": "yes", "length_m": 10.3, "type_element": "Way", "__fid": 74050}, "geometry": {"type": "LineString", "coordinates": [[2.3563118, 48.88504690000001], [2.3563629, 48.885043], [2.3563594, 48.8849843]]}}, {"type": "Feature", "properties": {"highway": "footway", "footway": "crossing", "name": null, "surface": null, "lit": "yes", "length_m": 10.76, "type_element": "Way", "__fid": 74055}, "geometry": {"type": "LineString", "coordinates": [[2.356286199999779, 48.887229200000114], [2.3564299, 48.88724890000001]]}}, {"type": "Feature", "properties": {"highway": "footway", "footway": "sidewalk", "name": null, "surface": null, "lit": "yes", "length_m": 46.2, "type_element": "Way", "__fid": 74056}, "geometry": {"type": "LineString", "coordinates": [[2.3563448, 48.886823], [2.3563642, 48.8868547], [2.356279, 48.887226], [2.356286199999779, 48.887229200000114]]}}, {"type": "Feature", "properties": {"highway": "footway", "footway": null, "name": null, "surface": null, "lit": "yes", "length_m": 4.83, "type_element": "Way", "__fid": 74110}, "geometry": {"type": "LineString", "coordinates": [[2.3563594, 48.8849843], [2.3563568, 48.88494090000001]]}}, {"type": "Feature", "properties": {"highway": "footway", "footway": "sidewalk", "name": null, "surface": null, "lit": "yes", "length_m": 21.27, "type_element": "Way", "__fid": 74114}, "geometry": {"type": "LineString", "coordinates": [[2.3563594, 48.8849843], [2.3566485, 48.8849685]]}}, {"type": "Feature", "properties": {"highway": "footway", "footway": "crossing", "name": null, "surface": null, "lit": "yes", "length_m": 8.69, "type_element": "Way", "__fid": 74126}, "geometry": {"type": "LineString", "coordinates": [[2.3563448, 48.886823], [2.356360833333258, 48.88674556666669]]}}, {"type": "Feature", "properties": {"highway": "footway", "footway": "sidewalk", "name": null, "surface": null, "lit": "yes", "length_m": 3.84, "type_element": "Way", "__fid": 74144}, "geometry": {"type": "LineString", "coordinates": [[2.356395033333091, 48.88672323333339], [2.3563595, 48.8867397], [2.356360833333258, 48.88674556666669]]}}, {"type": "Feature", "properties": {"highway": "footway", "footway": "sidewalk", "name": null, "surface": null, "lit": "yes", "length_m": 20.4, "type_element": "Way", "__fid": 74176}, "geometry": {"type": "LineString", "coordinates": [[2.356383233333263, 48.8874297333335], [2.3564299, 48.88724890000001]]}}, {"type": "Feature", "properties": {"highway": "footway", "footway": "crossing", "name": null, "surface": null, "lit": "yes", "length_m": 10.01, "type_element": "Way", "__fid": 74177}, "geometry": {"type": "LineString", "coordinates": [[2.356395033333091, 48.88672323333339], [2.356528033333285, 48.88674350000016]]}}, {"type": "Feature", "properties": {"highway": "footway", "footway": "sidewalk", "name": null, "surface": null, "lit": "yes", "length_m": 39.38, "type_element": "Way", "__fid": 74178}, "geometry": {"type": "LineString", "coordinates": [[2.3564628, 48.8863719], [2.356395033333091, 48.88672323333339]]}}, {"type": "Feature", "properties": {"highway": "footway", "footway": "sidewalk", "name": null, "surface": null, "lit": "yes", "length_m": 3.63, "type_element": "Way", "__fid": 74213}, "geometry": {"type": "LineString", "coordinates": [[2.3564366, 48.8863481], [2.3564554, 48.8863534], [2.3564628, 48.8863719]]}}, {"type": "Feature", "properties": {"highway": "footway", "footway": "sidewalk", "name": null, "surface": "asphalt", "lit": "yes", "length_m": 7.07, "type_element": "Way", "__fid": 74214}, "geometry": {"type": "LineString", "coordinates": [[2.3564366, 48.8863481], [2.3564505, 48.8862852]]}}, {"type": "Feature", "properties": {"highway": "footway", "footway": "sidewalk", "name": null, "surface": null, "lit": "yes", "length_m": 57.3, "type_element": "Way", "__fid": 74227}, "geometry": {"type": "LineString", "coordinates": [[2.3564299, 48.88724890000001], [2.3565365, 48.8867441], [2.356528033333285, 48.88674350000016]]}}, {"type": "Feature", "properties": {"highway": "footway", "footway": "crossing", "name": null, "surface": null, "lit": "yes", "length_m": 3.59, "type_element": "Way", "__fid": 74239}, "geometry": {"type": "LineString", "coordinates": [[2.3564507, 48.8862529], [2.3564505, 48.8862852]]}}, {"type": "Feature", "properties": {"highway": "footway", "footway": "sidewalk", "name": null, "surface": "asphalt", "lit": "yes", "length_m": 19.28, "type_element": "Way", "__fid": 74240}, "geometry": {"type": "LineString", "coordinates": [[2.356507, 48.8860884], [2.3564715, 48.8862432], [2.3564507, 48.8862529]]}}, {"type": "Feature", "properties": {"highway": "pedestrian", "footway": null, "name": "Rue Saint-Mathieu", "surface": "asphalt", "lit": "yes", "length_m": 8.42, "type_element": "Way", "__fid": 74241}, "geometry": {"type": "LineString", "coordinates": [[2.3565653, 48.886285500000014], [2.3564505, 48.8862852]]}}, {"type": "Feature", "properties": {"highway": "footway", "footway": null, "name": null, "surface": null, "lit": "yes", "length_m": 85.43, "type_element": "Way", "__fid": 74257}, "geometry": {"type": "LineString", "coordinates": [[2.3569305, 48.883226499999985], [2.356504758761523, 48.88251134483794]]}}, {"type": "Feature", "properties": {"highway": "footway", "footway": "crossing", "name": null, "surface": null, "lit": "yes", "length_m": 10.28, "type_element": "Way", "__fid": 74263}, "geometry": {"type": "LineString", "coordinates": [[2.3564628, 48.8863719], [2.356602466666603, 48.88637986666676]]}}, {"type": "Feature", "properties": {"highway": "footway", "footway": "sidewalk", "name": null, "surface": null, "lit": "yes", "length_m": 1.58, "type_element": "Way", "__fid": 74308}, "geometry": {"type": "LineString", "coordinates": [[2.356499, 48.8860752], [2.356507, 48.8860884]]}}, {"type": "Feature", "properties": {"highway": "footway", "footway": "crossing", "name": null, "surface": null, "lit": "yes", "length_m": 11.53, "type_element": "Way", "__fid": 74309}, "geometry": {"type": "LineString", "coordinates": [[2.356499, 48.8860752], [2.3565379, 48.8859747]]}}, {"type": "Feature", "properties": {"highway": "footway", "footway": "crossing", "name": null, "surface": null, "lit": "yes", "length_m": 13.85, "type_element": "Way", "__fid": 74325}, "geometry": {"type": "LineString", "coordinates": [[2.356507, 48.8860884], [2.356558, 48.88609240000001], [2.3566747, 48.8861404]]}}, {"type": "Feature", "properties": {"highway": "footway", "footway": "sidewalk", "name": null, "surface": null, "lit": "yes", "length_m": 41.31, "type_element": "Way", "__fid": 74362}, "geometry": {"type": "LineString", "coordinates": [[2.356528033333285, 48.88674350000016], [2.3566096, 48.8863808], [2.356602466666603, 48.88637986666676]]}}, {"type": "Feature", "properties": {"highway": "footway", "footway": "sidewalk", "name": null, "surface": null, "lit": "yes", "length_m": 1.54, "type_element": "Way", "__fid": 74363}, "geometry": {"type": "LineString", "coordinates": [[2.3565546, 48.8859663], [2.3565379, 48.8859747]]}}, {"type": "Feature", "properties": {"highway": "footway", "footway": "crossing", "name": null, "surface": null, "lit": "yes", "length_m": 10.0, "type_element": "Way", "__fid": 74389}, "geometry": {"type": "LineString", "coordinates": [[2.3565546, 48.8859663], [2.3566908, 48.8859698]]}}, {"type": "Feature", "properties": {"highway": "footway", "footway": "sidewalk", "name": null, "surface": "asphalt", "lit": "yes", "length_m": 109.03, "type_element": "Way", "__fid": 74390}, "geometry": {"type": "LineString", "coordinates": [[2.3567431, 48.8849949], [2.3567498, 48.8850156], [2.3565546, 48.8859663]]}}, {"type": "Feature", "properties": {"highway": "footway", "footway": "crossing", "name": null, "surface": null, "lit": "yes", "length_m": 10.03, "type_element": "Way", "__fid": 74449}, "geometry": {"type": "LineString", "coordinates": [[2.3566485, 48.8849685], [2.3566492, 48.8849411], [2.356609, 48.8848842]]}}, {"type": "Feature", "properties": {"highway": "footway", "footway": "sidewalk", "name": null, "surface": null, "lit": "yes", "length_m": 2.74, "type_element": "Way", "__fid": 74450}, "geometry": {"type": "LineString", "coordinates": [[2.356609, 48.8848842], [2.356621, 48.8848609]]}}, {"type": "Feature", "properties": {"highway": "footway", "footway": "crossing", "name": null, "surface": null, "lit": "yes", "length_m": 14.83, "type_element": "Way", "__fid": 74465}, "geometry": {"type": "LineString", "coordinates": [[2.356621, 48.8848609], [2.3568048, 48.8848617], [2.3568182, 48.8848534]]}}, {"type": "Feature", "properties": {"highway": "footway", "footway": "sidewalk", "name": null, "surface": null, "lit": "yes", "length_m": 27.21, "type_element": "Way", "__fid": 74466}, "geometry": {"type": "LineString", "coordinates": [[2.356602466666603, 48.88637986666676], [2.3566613, 48.8861603], [2.3566747, 48.8861404]]}}, {"type": "Feature", "properties": {"highway": "footway", "footway": null, "name": null, "surface": null, "lit": "yes", "length_m": 79.32, "type_element": "Way", "__fid": 74469}, "geometry": {"type": "LineString", "coordinates": [[2.356653626186234, 48.88248320313301], [2.3569952, 48.88316]]}}, {"type": "Feature", "properties": {"highway": "footway", "footway": "sidewalk", "name": null, "surface": null, "lit": "yes", "length_m": 8.02, "type_element": "Way", "__fid": 74505}, "geometry": {"type": "LineString", "coordinates": [[2.3566485, 48.8849685], [2.3567089, 48.884972], [2.3567431, 48.8849949]]}}, {"type": "Feature", "properties": {"highway": "footway", "footway": null, "name": null, "surface": null, "lit": "yes", "length_m": 167.77, "type_element": "Way", "__fid": 74511}, "geometry": {"type": "LineString", "coordinates": [[2.3572728, 48.8831668], [2.3571052, 48.882724], [2.3570391, 48.8825223], [2.3567645, 48.88185510000001], [2.356690409605601, 48.88170837832234]]}}, {"type": "Feature", "properties": {"highway": "footway", "footway": "sidewalk", "name": null, "surface": null, "lit": "yes", "length_m": 2.11, "type_element": "Way", "__fid": 74565}, "geometry": {"type": "LineString", "coordinates": [[2.3566747, 48.8861404], [2.3567035, 48.8861404]]}}, {"type": "Feature", "properties": {"highway": "footway", "footway": "sidewalk", "name": null, "surface": null, "lit": "yes", "length_m": 6.72, "type_element": "Way", "__fid": 74579}, "geometry": {"type": "LineString", "coordinates": [[2.3567216, 48.88601830000001], [2.3566961, 48.8860104], [2.3566867, 48.885993200000016], [2.3566908, 48.8859698]]}}, {"type": "Feature", "properties": {"highway": "footway", "footway": "sidewalk", "name": null, "surface": "asphalt", "lit": "yes", "length_m": 109.99, "type_element": "Way", "__fid": 74580}, "geometry": {"type": "LineString", "coordinates": [[2.3566908, 48.8859698], [2.356898399999857, 48.88499022000013]]}}, {"type": "Feature", "properties": {"highway": "footway", "footway": "sidewalk", "name": null, "surface": null, "lit": "yes", "length_m": 193.94, "type_element": "Way", "__fid": 74600}, "geometry": {"type": "LineString", "coordinates": [[2.3567035, 48.8861404], [2.3567417, 48.8861497], [2.3592744, 48.886163899999985], [2.3593431, 48.88617630000001]]}}, {"type": "Feature", "properties": {"highway": "footway", "footway": "crossing", "name": null, "surface": null, "lit": "yes", "length_m": 13.74, "type_element": "Way", "__fid": 74601}, "geometry": {"type": "LineString", "coordinates": [[2.3567216, 48.88601830000001], [2.3567042, 48.886063300000025], [2.3567035, 48.8861404]]}}, {"type": "Feature", "properties": {"highway": "footway", "footway": "sidewalk", "name": null, "surface": null, "lit": "yes", "length_m": 190.37, "type_element": "Way", "__fid": 74629}, "geometry": {"type": "LineString", "coordinates": [[2.359308, 48.8860439], [2.3592361, 48.8860562], [2.357012, 48.8860382], [2.3569744, 48.8860373], [2.3569295, 48.8860201], [2.3567216, 48.88601830000001]]}}, {"type": "Feature", "properties": {"highway": "footway", "footway": "crossing", "name": null, "surface": null, "lit": "yes", "length_m": 11.4, "type_element": "Way", "__fid": 74634}, "geometry": {"type": "LineString", "coordinates": [[2.3567431, 48.8849949], [2.356898399999857, 48.88499022000013]]}}, {"type": "Feature", "properties": {"highway": "living_street", "footway": null, "name": "Rue de Jessaint", "surface": "asphalt", "lit": "yes", "length_m": 7.12, "type_element": "Way", "__fid": 74701}, "geometry": {"type": "LineString", "coordinates": [[2.3568969, 48.8849209], [2.3567999, 48.8849236]]}}, {"type": "Feature", "properties": {"highway": "footway", "footway": null, "name": null, "surface": "asphalt", "lit": "yes", "length_m": 80.34, "type_element": "Way", "__fid": 74708}, "geometry": {"type": "LineString", "coordinates": [[2.3571179, 48.8831467], [2.3569141, 48.8826769], [2.356834030955354, 48.88244909670967]]}}, {"type": "Feature", "properties": {"highway": "footway", "footway": "sidewalk", "name": null, "surface": null, "lit": "yes", "length_m": 4.11, "type_element": "Way", "__fid": 74739}, "geometry": {"type": "LineString", "coordinates": [[2.3568182, 48.8848534], [2.3568396, 48.8848684], [2.3568644, 48.88486970000002]]}}, {"type": "Feature", "properties": {"highway": "footway", "footway": "crossing", "name": null, "surface": null, "lit": "yes", "length_m": 6.17, "type_element": "Way", "__fid": 74813}, "geometry": {"type": "LineString", "coordinates": [[2.3568644, 48.88486970000002], [2.3568969, 48.8849209]]}}, {"type": "Feature", "properties": {"highway": "footway", "footway": "sidewalk", "name": null, "surface": null, "lit": "yes", "length_m": 102.69, "type_element": "Way", "__fid": 74814}, "geometry": {"type": "LineString", "coordinates": [[2.3568644, 48.88486970000002], [2.3582595, 48.8847903]]}}, {"type": "Feature", "properties": {"highway": "footway", "footway": "crossing", "name": null, "surface": null, "lit": "yes", "length_m": 6.61, "type_element": "Way", "__fid": 74870}, "geometry": {"type": "LineString", "coordinates": [[2.3568969, 48.8849209], [2.3569325, 48.88497550000001]]}}, {"type": "Feature", "properties": {"highway": "living_street", "footway": null, "name": "Rue de Jessaint", "surface": "asphalt", "lit": "yes", "length_m": 96.65, "type_element": "Way", "__fid": 74871}, "geometry": {"type": "LineString", "coordinates": [[2.358210166666704, 48.88484753333346], [2.3568969, 48.8849209]]}}, {"type": "Feature", "properties": {"highway": "footway", "footway": "sidewalk", "name": null, "surface": null, "lit": "yes", "length_m": 2.99, "type_element": "Way", "__fid": 74876}, "geometry": {"type": "LineString", "coordinates": [[2.356898399999857, 48.88499022000013], [2.3569325, 48.88497550000001]]}}, {"type": "Feature", "properties": {"highway": "footway", "footway": null, "name": null, "surface": null, "lit": "yes", "length_m": 77.52, "type_element": "Way", "__fid": 74890}, "geometry": {"type": "LineString", "coordinates": [[2.3572326, 48.8838934], [2.3571736, 48.883717899999986], [2.3570622, 48.883456], [2.3569305, 48.883226499999985]]}}, {"type": "Feature", "properties": {"highway": "footway", "footway": null, "name": null, "surface": null, "lit": null, "length_m": 6.84, "type_element": "Way", "__fid": 74891}, "geometry": {"type": "LineString", "coordinates": [[2.3569305, 48.883226499999985], [2.3570207, 48.8832108]]}}, {"type": "Feature", "properties": {"highway": "footway", "footway": "sidewalk", "name": null, "surface": null, "lit": "yes", "length_m": 93.67, "type_element": "Way", "__fid": 74935}, "geometry": {"type": "LineString", "coordinates": [[2.3569325, 48.88497550000001], [2.3582031, 48.8848891]]}}, {"type": "Feature", "properties": {"highway": "footway", "footway": null, "name": null, "surface": null, "lit": "yes", "length_m": 207.55, "type_element": "Way", "__fid": 74986}, "geometry": {"type": "LineString", "coordinates": [[2.3570032, 48.88188550000001], [2.3571695, 48.88235719999999], [2.3574498, 48.88323290000001], [2.3575303, 48.883538], [2.3575627, 48.8837142]]}}, {"type": "Feature", "properties": {"highway": "steps", "footway": null, "name": null, "surface": null, "lit": null, "length_m": 3.25, "type_element": "Way", "__fid": 75000}, "geometry": {"type": "LineString", "coordinates": [[2.3570207, 48.8832108], [2.3570084, 48.8831827]]}}, {"type": "Feature", "properties": {"highway": "footway", "footway": null, "name": null, "surface": null, "lit": null, "length_m": 8.7, "type_element": "Way", "__fid": 75009}, "geometry": {"type": "LineString", "coordinates": [[2.3570207, 48.8832108], [2.3571354, 48.8831908]]}}, {"type": "Feature", "properties": {"highway": "footway", "footway": null, "name": null, "surface": null, "lit": null, "length_m": 3.88, "type_element": "Way", "__fid": 75188}, "geometry": {"type": "LineString", "coordinates": [[2.3571354, 48.8831908], [2.3571231, 48.8831569]]}}, {"type": "Feature", "properties": {"highway": "footway", "footway": null, "name": null, "surface": null, "lit": null, "length_m": 10.42, "type_element": "Way", "__fid": 75211}, "geometry": {"type": "LineString", "coordinates": [[2.3571354, 48.8831908], [2.3572728, 48.8831668]]}}, {"type": "Feature", "properties": {"highway": "footway", "footway": null, "name": null, "surface": null, "lit": "yes", "length_m": 80.45, "type_element": "Way", "__fid": 75451}, "geometry": {"type": "LineString", "coordinates": [[2.3574713, 48.883878], [2.3573868, 48.883512], [2.3572728, 48.8831668]]}}, {"type": "Feature", "properties": {"highway": "footway", "footway": null, "name": null, "surface": null, "lit": "yes", "length_m": 78.38, "type_element": "Way", "__fid": 75921}, "geometry": {"type": "LineString", "coordinates": [[2.3575015, 48.8825494], [2.3576188, 48.8829604], [2.3576778, 48.8832444]]}}, {"type": "Feature", "properties": {"highway": "footway", "footway": null, "name": null, "surface": null, "lit": "yes", "length_m": 31.28, "type_element": "Way", "__fid": 76100}, "geometry": {"type": "LineString", "coordinates": [[2.3575627, 48.8837142], [2.3576, 48.8839944]]}}, {"type": "Feature", "properties": {"highway": "footway", "footway": null, "name": null, "surface": null, "lit": null, "length_m": 114.83, "type_element": "Way", "__fid": 76101}, "geometry": {"type": "LineString", "coordinates": [[2.3575627, 48.8837142], [2.3576453, 48.883708099999986], [2.3576468, 48.8837169], [2.3576637, 48.8837195], [2.3576624, 48.88370530000001], [2.3577921, 48.883701], [2.3577982, 48.8837539], [2.3580643, 48.8837386], [2.3580696, 48.8835497], [2.358124, 48.8835445], [2.358104587749829, 48.88314141049728]]}}, {"type": "Feature", "properties": {"highway": "footway", "footway": "crossing", "name": null, "surface": null, "lit": "yes", "length_m": 15.45, "type_element": "Way", "__fid": 76130}, "geometry": {"type": "LineString", "coordinates": [[2.3575713, 48.8841289], [2.3575687, 48.8842678]]}}, {"type": "Feature", "properties": {"highway": "footway", "footway": "sidewalk", "name": null, "surface": "metal", "lit": "yes", "length_m": 54.34, "type_element": "Way", "__fid": 76136}, "geometry": {"type": "LineString", "coordinates": [[2.3575713, 48.8841289], [2.3583083, 48.8841793]]}}, {"type": "Feature", "properties": {"highway": "footway", "footway": null, "name": null, "surface": null, "lit": null, "length_m": 41.14, "type_element": "Way", "__fid": 76386}, "geometry": {"type": "LineString", "coordinates": [[2.3576751, 48.8827015], [2.3577522, 48.883068]]}}, {"type": "Feature", "properties": {"highway": "footway", "footway": null, "name": null, "surface": null, "lit": null, "length_m": 32.01, "type_element": "Way", "__fid": 76616}, "geometry": {"type": "LineString", "coordinates": [[2.357781074454128, 48.882690326446514], [2.3578307, 48.88297630000001]]}}, {"type": "Feature", "properties": {"highway": "footway", "footway": null, "name": null, "surface": null, "lit": "24/7", "length_m": 73.11, "type_element": "Way", "__fid": 76641}, "geometry": {"type": "LineString", "coordinates": [[2.3580077, 48.8831438], [2.35793, 48.88314559999997], [2.357794000648986, 48.88254609313344]]}}, {"type": "Feature", "properties": {"highway": "footway", "footway": null, "name": null, "surface": null, "lit": null, "length_m": 42.39, "type_element": "Way", "__fid": 76721}, "geometry": {"type": "LineString", "coordinates": [[2.3578267, 48.8826854], [2.357875, 48.8830653]]}}, {"type": "Feature", "properties": {"highway": "footway", "footway": null, "name": null, "surface": null, "lit": null, "length_m": 15.53, "type_element": "Way", "__fid": 77019}, "geometry": {"type": "LineString", "coordinates": [[2.3579729, 48.88268789999998], [2.3579883, 48.8828272]]}}, {"type": "Feature", "properties": {"highway": "footway", "footway": null, "name": null, "surface": null, "lit": null, "length_m": 35.23, "type_element": "Way", "__fid": 77040}, "geometry": {"type": "LineString", "coordinates": [[2.3579883, 48.8828272], [2.3580077, 48.8831438]]}}, {"type": "Feature", "properties": {"highway": "footway", "footway": null, "name": null, "surface": null, "lit": null, "length_m": 2.15, "type_element": "Way", "__fid": 77041}, "geometry": {"type": "LineString", "coordinates": [[2.3579883, 48.8828272], [2.358017648507742, 48.8828263402624]]}}, {"type": "Feature", "properties": {"highway": "footway", "footway": null, "name": null, "surface": null, "lit": null, "length_m": 14.39, "type_element": "Way", "__fid": 77042}, "geometry": {"type": "LineString", "coordinates": [[2.357991102114765, 48.882686666638335], [2.3580161, 48.882815]]}}, {"type": "Feature", "properties": {"highway": "footway", "footway": null, "name": null, "surface": null, "lit": "24/7", "length_m": 7.11, "type_element": "Way", "__fid": 77086}, "geometry": {"type": "LineString", "coordinates": [[2.358104587749829, 48.88314141049728], [2.3580077, 48.8831438]]}}, {"type": "Feature", "properties": {"highway": "footway", "footway": null, "name": null, "surface": null, "lit": null, "length_m": 1.27, "type_element": "Way", "__fid": 77097}, "geometry": {"type": "LineString", "coordinates": [[2.3580161, 48.882815], [2.358017648507742, 48.8828263402624]]}}, {"type": "Feature", "properties": {"highway": "footway", "footway": null, "name": null, "surface": null, "lit": null, "length_m": 2.56, "type_element": "Way", "__fid": 77098}, "geometry": {"type": "LineString", "coordinates": [[2.358050866319179, 48.8828134729338], [2.3580161, 48.882815]]}}, {"type": "Feature", "properties": {"highway": "footway", "footway": null, "name": null, "surface": null, "lit": null, "length_m": 31.36, "type_element": "Way", "__fid": 77101}, "geometry": {"type": "LineString", "coordinates": [[2.358017648507742, 48.8828263402624], [2.358056, 48.88310719999998]]}}, {"type": "Feature", "properties": {"highway": "footway", "footway": null, "name": null, "surface": null, "lit": null, "length_m": 2.59, "type_element": "Way", "__fid": 77102}, "geometry": {"type": "LineString", "coordinates": [[2.358017648507742, 48.8828263402624], [2.358052896352256, 48.882825307699584]]}}, {"type": "Feature", "properties": {"highway": "steps", "footway": null, "name": null, "surface": null, "lit": null, "length_m": 17.26, "type_element": "Way", "__fid": 77120}, "geometry": {"type": "LineString", "coordinates": [[2.3580844, 48.882812], [2.3580644, 48.8826817], [2.358027815300229, 48.88268417897182]]}}, {"type": "Feature", "properties": {"highway": "footway", "footway": null, "name": null, "surface": null, "lit": null, "length_m": 11.98, "type_element": "Way", "__fid": 77131}, "geometry": {"type": "LineString", "coordinates": [[2.3580325, 48.8827064], [2.358050866319179, 48.8828134729338]]}}, {"type": "Feature", "properties": {"highway": "steps", "footway": null, "name": null, "surface": null, "lit": null, "length_m": 13.06, "type_element": "Way", "__fid": 77132}, "geometry": {"type": "LineString", "coordinates": [[2.358062285151544, 48.88281297137393], [2.3580469, 48.882705500000014], [2.3580325, 48.8827064]]}}, {"type": "Feature", "properties": {"highway": "footway", "footway": null, "name": null, "surface": null, "lit": null, "length_m": 1.32, "type_element": "Way", "__fid": 77176}, "geometry": {"type": "LineString", "coordinates": [[2.358050866319179, 48.8828134729338], [2.358052896352256, 48.882825307699584]]}}, {"type": "Feature", "properties": {"highway": "footway", "footway": null, "name": null, "surface": null, "lit": null, "length_m": 0.84, "type_element": "Way", "__fid": 77177}, "geometry": {"type": "LineString", "coordinates": [[2.358062285151544, 48.88281297137393], [2.358050866319179, 48.8828134729338]]}}, {"type": "Feature", "properties": {"highway": "footway", "footway": null, "name": null, "surface": null, "lit": null, "length_m": 35.35, "type_element": "Way", "__fid": 77184}, "geometry": {"type": "LineString", "coordinates": [[2.358052896352256, 48.882825307699584], [2.358104587749829, 48.88314141049728]]}}, {"type": "Feature", "properties": {"highway": "footway", "footway": null, "name": null, "surface": null, "lit": null, "length_m": 2.11, "type_element": "Way", "__fid": 77185}, "geometry": {"type": "LineString", "coordinates": [[2.358052896352256, 48.882825307699584], [2.3580634, 48.882825], [2.358062285151544, 48.88281297137393]]}}, {"type": "Feature", "properties": {"highway": "footway", "footway": null, "name": null, "surface": null, "lit": null, "length_m": 1.63, "type_element": "Way", "__fid": 77204}, "geometry": {"type": "LineString", "coordinates": [[2.3580844, 48.882812], [2.358062285151544, 48.88281297137393]]}}, {"type": "Feature", "properties": {"highway": "footway", "footway": "sidewalk", "name": null, "surface": "asphalt", "lit": "yes", "length_m": 168.27, "type_element": "Way", "__fid": 77205}, "geometry": {"type": "LineString", "coordinates": [[2.3580797, 48.88140820000001], [2.358111, 48.8814765], [2.3581247, 48.881541], [2.358193, 48.881673], [2.3586612, 48.8824474], [2.3587222, 48.8825623], [2.3589049, 48.882817099999976]]}}, {"type": "Feature", "properties": {"highway": "footway", "footway": null, "name": null, "surface": null, "lit": null, "length_m": 5.28, "type_element": "Way", "__fid": 77253}, "geometry": {"type": "LineString", "coordinates": [[2.3581562, 48.8828089], [2.3580844, 48.882812]]}}, {"type": "Feature", "properties": {"highway": "footway", "footway": null, "name": null, "surface": null, "lit": "24/7", "length_m": 15.03, "type_element": "Way", "__fid": 77299}, "geometry": {"type": "LineString", "coordinates": [[2.358309373814337, 48.8831363596841], [2.358104587749829, 48.88314141049728]]}}, {"type": "Feature", "properties": {"highway": "living_street", "footway": null, "name": "Cité de la Chapelle", "surface": "asphalt", "lit": "yes", "length_m": 59.74, "type_element": "Way", "__fid": 77373}, "geometry": {"type": "LineString", "coordinates": [[2.3580817, 48.887787], [2.3581467, 48.8872515]]}}, {"type": "Feature", "properties": {"highway": "footway", "footway": null, "name": null, "surface": null, "lit": null, "length_m": 33.85, "type_element": "Way", "__fid": 77406}, "geometry": {"type": "LineString", "coordinates": [[2.3581562, 48.8828089], [2.3581901, 48.8831125]]}}, {"type": "Feature", "properties": {"highway": "service", "footway": null, "name": null, "surface": null, "lit": null, "length_m": 16.34, "type_element": "Way", "__fid": 77442}, "geometry": {"type": "LineString", "coordinates": [[2.3581694, 48.8867031], [2.3581385, 48.8866831], [2.3581231, 48.8865651]]}}, {"type": "Feature", "properties": {"highway": "living_street", "footway": null, "name": "Voie AU/18", "surface": null, "lit": "yes", "length_m": 8.46, "type_element": "Way", "__fid": 77526}, "geometry": {"type": "LineString", "coordinates": [[2.3581504, 48.88717550000001], [2.3581467, 48.8872515]]}}, {"type": "Feature", "properties": {"highway": "living_street", "footway": null, "name": "Cité de la Chapelle", "surface": "asphalt", "lit": "yes", "length_m": 6.35, "type_element": "Way", "__fid": 77527}, "geometry": {"type": "LineString", "coordinates": [[2.3581467, 48.8872515], [2.3582332, 48.8872492]]}}, {"type": "Feature", "properties": {"highway": "footway", "footway": "crossing", "name": null, "surface": null, "lit": "yes", "length_m": 3.24, "type_element": "Way", "__fid": 77537}, "geometry": {"type": "LineString", "coordinates": [[2.3581504, 48.88717550000001], [2.3581946, 48.887176]]}}, {"type": "Feature", "properties": {"highway": "footway", "footway": "sidewalk", "name": null, "surface": "asphalt", "lit": "yes", "length_m": 56.19, "type_element": "Way", "__fid": 77538}, "geometry": {"type": "LineString", "coordinates": [[2.3581694, 48.8867031], [2.3581298, 48.88673], [2.3581097, 48.8867842], [2.3581003, 48.8869857], [2.358119399999987, 48.88717530000019], [2.3581504, 48.88717550000001]]}}, {"type": "Feature", "properties": {"highway": "living_street", "footway": null, "name": "Voie AU/18", "surface": null, "lit": "yes", "length_m": 51.02, "type_element": "Way", "__fid": 77539}, "geometry": {"type": "LineString", "coordinates": [[2.3582008, 48.8867234], [2.3581821, 48.886734799999985], [2.3581707, 48.8867599], [2.3581504, 48.88717550000001]]}}, {"type": "Feature", "properties": {"highway": "footway", "footway": null, "name": null, "surface": null, "lit": null, "length_m": 70.48, "type_element": "Way", "__fid": 77542}, "geometry": {"type": "LineString", "coordinates": [[2.358209620034549, 48.88250624941508], [2.3582947, 48.8829577], [2.358309373814337, 48.8831363596841]]}}, {"type": "Feature", "properties": {"highway": "service", "footway": null, "name": null, "surface": null, "lit": null, "length_m": 99.69, "type_element": "Way", "__fid": 77576}, "geometry": {"type": "LineString", "coordinates": [[2.3585777, 48.8832285], [2.3584329, 48.882642], [2.3583618, 48.8825256], [2.358278, 48.8824251], [2.358220720302822, 48.88237577225831]]}}, {"type": "Feature", "properties": {"highway": "service", "footway": null, "name": null, "surface": null, "lit": "yes", "length_m": 3.22, "type_element": "Way", "__fid": 77582}, "geometry": {"type": "LineString", "coordinates": [[2.3582008, 48.8867234], [2.3581694, 48.8867031]]}}, {"type": "Feature", "properties": {"highway": "footway", "footway": "sidewalk", "name": null, "surface": "asphalt", "lit": "yes", "length_m": 93.58, "type_element": "Way", "__fid": 77583}, "geometry": {"type": "LineString", "coordinates": [[2.35944, 48.886655], [2.3582183, 48.886689], [2.3581694, 48.8867031]]}}, {"type": "Feature", "properties": {"highway": "footway", "footway": null, "name": "Place de la Chapelle", "surface": "asphalt", "lit": "yes", "length_m": 24.02, "type_element": "Way", "__fid": 77602}, "geometry": {"type": "LineString", "coordinates": [[2.3585147, 48.8848957], [2.358204, 48.8849001], [2.3582031, 48.8848891]]}}, {"type": "Feature", "properties": {"highway": "footway", "footway": null, "name": null, "surface": "asphalt", "lit": "yes", "length_m": 4.65, "type_element": "Way", "__fid": 77603}, "geometry": {"type": "LineString", "coordinates": [[2.358210166666704, 48.88484753333346], [2.3582031, 48.8848891]]}}, {"type": "Feature", "properties": {"highway": "footway", "footway": "sidewalk", "name": null, "surface": null, "lit": "yes", "length_m": 27.96, "type_element": "Way", "__fid": 77604}, "geometry": {"type": "LineString", "coordinates": [[2.3582031, 48.8848891], [2.358583, 48.8848683]]}}, {"type": "Feature", "properties": {"highway": "living_street", "footway": null, "name": "Place de la Chapelle", "surface": "asphalt", "lit": "yes", "length_m": 68.32, "type_element": "Way", "__fid": 77618}, "geometry": {"type": "LineString", "coordinates": [[2.3591393, 48.8848028], [2.358210166666704, 48.88484753333346]]}}, {"type": "Feature", "properties": {"highway": "footway", "footway": "sidewalk", "name": null, "surface": "asphalt", "lit": "yes", "length_m": 107.63, "type_element": "Way", "__fid": 77633}, "geometry": {"type": "LineString", "coordinates": [[2.3581946, 48.887176], [2.3581955, 48.8872247], [2.3582216, 48.8872291], [2.3595788, 48.887189], [2.359579266666642, 48.88719453333334]]}}, {"type": "Feature", "properties": {"highway": "footway", "footway": "sidewalk", "name": null, "surface": "asphalt", "lit": "yes", "length_m": 137.34, "type_element": "Way", "__fid": 77634}, "geometry": {"type": "LineString", "coordinates": [[2.3594534, 48.8867145], [2.3582478, 48.8867445], [2.3582283, 48.886752], [2.3581946, 48.887176]]}}, {"type": "Feature", "properties": {"highway": "living_street", "footway": null, "name": "Passage Ruelle", "surface": "sett", "lit": "yes", "length_m": 91.71, "type_element": "Way", "__fid": 77638}, "geometry": {"type": "LineString", "coordinates": [[2.3594465, 48.8866784], [2.3582434, 48.8867112], [2.3582008, 48.8867234]]}}, {"type": "Feature", "properties": {"highway": "footway", "footway": null, "name": null, "surface": "asphalt", "lit": "yes", "length_m": 27.97, "type_element": "Way", "__fid": 77702}, "geometry": {"type": "LineString", "coordinates": [[2.3582772, 48.884539], [2.3582595, 48.8847903]]}}, {"type": "Feature", "properties": {"highway": "footway", "footway": "sidewalk", "name": null, "surface": null, "lit": "yes", "length_m": 63.09, "type_element": "Way", "__fid": 77703}, "geometry": {"type": "LineString", "coordinates": [[2.3582595, 48.8847903], [2.3591172, 48.884746600000014]]}}, {"type": "Feature", "properties": {"highway": "footway", "footway": "crossing", "name": null, "surface": null, "lit": "yes", "length_m": 1.81, "type_element": "Way", "__fid": 77707}, "geometry": {"type": "LineString", "coordinates": [[2.358231833333297, 48.88723293333334], [2.3582332, 48.8872492]]}}, {"type": "Feature", "properties": {"highway": "footway", "footway": "sidewalk", "name": null, "surface": "asphalt", "lit": "yes", "length_m": 104.86, "type_element": "Way", "__fid": 77712}, "geometry": {"type": "LineString", "coordinates": [[2.3582332, 48.8872492], [2.3582357, 48.8872846], [2.3582578, 48.8873027], [2.3585811, 48.8872979], [2.3586166, 48.8872747], [2.3595835, 48.8872498]]}}, {"type": "Feature", "properties": {"highway": "living_street", "footway": null, "name": "Cité de la Chapelle", "surface": "asphalt", "lit": "yes", "length_m": 98.97, "type_element": "Way", "__fid": 77713}, "geometry": {"type": "LineString", "coordinates": [[2.3582332, 48.8872492], [2.3595818, 48.8872133]]}}, {"type": "Feature", "properties": {"highway": "footway", "footway": "sidewalk", "name": null, "surface": "asphalt", "lit": "yes", "length_m": 59.36, "type_element": "Way", "__fid": 77729}, "geometry": {"type": "LineString", "coordinates": [[2.3582772, 48.884539], [2.359082, 48.8845961]]}}, {"type": "Feature", "properties": {"highway": "footway", "footway": "sidewalk", "name": null, "surface": null, "lit": "yes", "length_m": 23.45, "type_element": "Way", "__fid": 77730}, "geometry": {"type": "LineString", "coordinates": [[2.3582772, 48.884539], [2.3582901, 48.8844477], [2.3584703, 48.8844572]]}}, {"type": "Feature", "properties": {"highway": "footway", "footway": null, "name": null, "surface": null, "lit": null, "length_m": 83.16, "type_element": "Way", "__fid": 77759}, "geometry": {"type": "LineString", "coordinates": [[2.358309373814337, 48.8831363596841], [2.3583215, 48.883284], [2.3583256, 48.8836236], [2.3583068, 48.8838837]]}}, {"type": "Feature", "properties": {"highway": "footway", "footway": null, "name": null, "surface": "asphalt", "lit": "24/7", "length_m": 42.45, "type_element": "Way", "__fid": 77760}, "geometry": {"type": "LineString", "coordinates": [[2.358309373814337, 48.8831363596841], [2.3583645, 48.883135], [2.3583802, 48.88326939999998], [2.358569747222069, 48.88343890597559]]}}, {"type": "Feature", "properties": {"highway": "service", "footway": null, "name": null, "surface": null, "lit": null, "length_m": 8.48, "type_element": "Way", "__fid": 77762}, "geometry": {"type": "LineString", "coordinates": [[2.3582962, 48.88425510000001], [2.3583083, 48.8841793]]}}, {"type": "Feature", "properties": {"highway": "footway", "footway": "sidewalk", "name": null, "surface": "asphalt", "lit": "yes", "length_m": 58.47, "type_element": "Way", "__fid": 77775}, "geometry": {"type": "LineString", "coordinates": [[2.3583083, 48.8841793], [2.3589465, 48.8842189], [2.3591027, 48.8842229]]}}, {"type": "Feature", "properties": {"highway": "service", "footway": null, "name": null, "surface": null, "lit": null, "length_m": 66.45, "type_element": "Way", "__fid": 77776}, "geometry": {"type": "LineString", "coordinates": [[2.3583083, 48.8841793], [2.3583363, 48.883960499999986], [2.3583591, 48.883894300000016], [2.3585066, 48.8835998]]}}, {"type": "Feature", "properties": {"highway": "service", "footway": null, "name": null, "surface": null, "lit": "yes", "length_m": 2.84, "type_element": "Way", "__fid": 78051}, "geometry": {"type": "LineString", "coordinates": [[2.3584668, 48.884482599999984], [2.3584703, 48.8844572]]}}, {"type": "Feature", "properties": {"highway": "service", "footway": null, "name": null, "surface": null, "lit": null, "length_m": 113.39, "type_element": "Way", "__fid": 78057}, "geometry": {"type": "LineString", "coordinates": [[2.3584208, 48.888393100000016], [2.3585723, 48.8884046], [2.3589271, 48.8885236], [2.3590162, 48.888560200000015], [2.359096, 48.8886049], [2.3591359, 48.8886162], [2.359256, 48.8886305], [2.359319, 48.8886283], [2.3593904, 48.8886127], [2.3594434, 48.8885792], [2.3595044, 48.8884806], [2.3595513, 48.88845809999997], [2.3597402, 48.888467300000016]]}}, {"type": "Feature", "properties": {"highway": "service", "footway": null, "name": null, "surface": null, "lit": "yes", "length_m": 47.91, "type_element": "Way", "__fid": 78060}, "geometry": {"type": "LineString", "coordinates": [[2.3584703, 48.8844572], [2.3584818, 48.8843741], [2.3588841, 48.88440140000003], [2.3588719, 48.884481700000016]]}}, {"type": "Feature", "properties": {"highway": "service", "footway": null, "name": null, "surface": null, "lit": null, "length_m": 45.72, "type_element": "Way", "__fid": 78098}, "geometry": {"type": "LineString", "coordinates": [[2.3585066, 48.8835998], [2.3585844, 48.8836395], [2.3585884, 48.8837356], [2.358622, 48.883785], [2.3585281, 48.883971]]}}, {"type": "Feature", "properties": {"highway": "service", "footway": null, "name": null, "surface": null, "lit": null, "length_m": 18.48, "type_element": "Way", "__fid": 78099}, "geometry": {"type": "LineString", "coordinates": [[2.3585066, 48.8835998], [2.358569747222069, 48.88343890597559]]}}, {"type": "Feature", "properties": {"highway": "service", "footway": null, "name": null, "surface": null, "lit": null, "length_m": 15.95, "type_element": "Way", "__fid": 78100}, "geometry": {"type": "LineString", "coordinates": [[2.358720431192316, 48.88357365677682], [2.3585066, 48.8835998]]}}, {"type": "Feature", "properties": {"highway": "steps", "footway": null, "name": null, "surface": null, "lit": "yes", "length_m": 6.23, "type_element": "Way", "__fid": 78151}, "geometry": {"type": "LineString", "coordinates": [[2.3585147, 48.8848957], [2.3585184, 48.88488310000001], [2.358583700000065, 48.884880000000244]]}}, {"type": "Feature", "properties": {"highway": "footway", "footway": null, "name": "Place de la Chapelle", "surface": "asphalt", "lit": "yes", "length_m": 9.82, "type_element": "Way", "__fid": 78152}, "geometry": {"type": "LineString", "coordinates": [[2.3586483, 48.88488979999999], [2.3585147, 48.8848957]]}}, {"type": "Feature", "properties": {"highway": "footway", "footway": null, "name": null, "surface": "asphalt", "lit": "24/7", "length_m": 18.62, "type_element": "Way", "__fid": 78206}, "geometry": {"type": "LineString", "coordinates": [[2.358569747222069, 48.88343890597559], [2.358720431192316, 48.88357365677682]]}}, {"type": "Feature", "properties": {"highway": "service", "footway": null, "name": null, "surface": null, "lit": null, "length_m": 23.46, "type_element": "Way", "__fid": 78207}, "geometry": {"type": "LineString", "coordinates": [[2.358569747222069, 48.88343890597559], [2.3585857, 48.8832982], [2.3585777, 48.8832285]]}}, {"type": "Feature", "properties": {"highway": "service", "footway": null, "name": null, "surface": null, "lit": null, "length_m": 35.52, "type_element": "Way", "__fid": 78224}, "geometry": {"type": "LineString", "coordinates": [[2.3585777, 48.8832285], [2.3587172, 48.88321170000001], [2.3587614, 48.8834357]]}}, {"type": "Feature", "properties": {"highway": "footway", "footway": "sidewalk", "name": null, "surface": null, "lit": "yes", "length_m": 1.3, "type_element": "Way", "__fid": 78279}, "geometry": {"type": "LineString", "coordinates": [[2.358583700000065, 48.884880000000244], [2.358583, 48.8848683]]}}, {"type": "Feature", "properties": {"highway": "footway", "footway": "sidewalk", "name": null, "surface": null, "lit": "yes", "length_m": 34.5, "type_element": "Way", "__fid": 78280}, "geometry": {"type": "LineString", "coordinates": [[2.358583, 48.8848683], [2.3590521, 48.8848444]]}}, {"type": "Feature", "properties": {"highway": "steps", "footway": null, "name": null, "surface": null, "lit": "yes", "length_m": 6.15, "type_element": "Way", "__fid": 78283}, "geometry": {"type": "LineString", "coordinates": [[2.358583700000065, 48.884880000000244], [2.3586471, 48.8848765], [2.3586483, 48.88488979999999]]}}, {"type": "Feature", "properties": {"highway": "footway", "footway": null, "name": "Place de la Chapelle", "surface": "asphalt", "lit": "yes", "length_m": 32.53, "type_element": "Way", "__fid": 78350}, "geometry": {"type": "LineString", "coordinates": [[2.3590521, 48.8848444], [2.3590524, 48.88486970000001], [2.3586483, 48.88488979999999]]}}, {"type": "Feature", "properties": {"highway": "footway", "footway": null, "name": null, "surface": "asphalt", "lit": "24/7", "length_m": 11.22, "type_element": "Way", "__fid": 78440}, "geometry": {"type": "LineString", "coordinates": [[2.358720431192316, 48.88357365677682], [2.358811213468209, 48.88365483939149]]}}, {"type": "Feature", "properties": {"highway": "service", "footway": null, "name": null, "surface": null, "lit": null, "length_m": 5.14, "type_element": "Way", "__fid": 78441}, "geometry": {"type": "LineString", "coordinates": [[2.3587896, 48.8835663], [2.358720431192316, 48.88357365677682]]}}, {"type": "Feature", "properties": {"highway": "service", "footway": null, "name": null, "surface": null, "lit": null, "length_m": 12.18, "type_element": "Way", "__fid": 78504}, "geometry": {"type": "LineString", "coordinates": [[2.3587896, 48.8835663], [2.3587668, 48.8834578]]}}, {"type": "Feature", "properties": {"highway": "service", "footway": null, "name": null, "surface": null, "lit": null, "length_m": 9.97, "type_element": "Way", "__fid": 78543}, "geometry": {"type": "LineString", "coordinates": [[2.358811213468209, 48.88365483939149], [2.3587896, 48.8835663]]}}, {"type": "Feature", "properties": {"highway": "service", "footway": null, "name": null, "surface": null, "lit": null, "length_m": 22.77, "type_element": "Way", "__fid": 78544}, "geometry": {"type": "LineString", "coordinates": [[2.3587869, 48.8838299], [2.3587614, 48.883665], [2.3588124, 48.88365969999999], [2.358811213468209, 48.88365483939149]]}}, {"type": "Feature", "properties": {"highway": "footway", "footway": null, "name": null, "surface": "asphalt", "lit": "24/7", "length_m": 46.2, "type_element": "Way", "__fid": 78593}, "geometry": {"type": "LineString", "coordinates": [[2.358811213468209, 48.88365483939149], [2.359185110308564, 48.88398919550906]]}}, {"type": "Feature", "properties": {"highway": "service", "footway": null, "name": null, "surface": null, "lit": "yes", "length_m": 3.53, "type_element": "Way", "__fid": 78709}, "geometry": {"type": "LineString", "coordinates": [[2.3588719, 48.884481700000016], [2.358867, 48.8845133]]}}, {"type": "Feature", "properties": {"highway": "footway", "footway": "sidewalk", "name": null, "surface": null, "lit": "yes", "length_m": 14.04, "type_element": "Way", "__fid": 78715}, "geometry": {"type": "LineString", "coordinates": [[2.3590633, 48.8844847], [2.3588719, 48.884481700000016]]}}, {"type": "Feature", "properties": {"highway": "footway", "footway": "sidewalk", "name": null, "surface": "asphalt", "lit": "yes", "length_m": 26.47, "type_element": "Way", "__fid": 78730}, "geometry": {"type": "LineString", "coordinates": [[2.3589049, 48.882817099999976], [2.3590077, 48.8829978], [2.3590164, 48.88304249999999]]}}, {"type": "Feature", "properties": {"highway": "footway", "footway": "crossing", "name": null, "surface": "asphalt", "lit": "yes", "length_m": 14.7, "type_element": "Way", "__fid": 78731}, "geometry": {"type": "LineString", "coordinates": [[2.3589049, 48.882817099999976], [2.359074, 48.882746200000014]]}}, {"type": "Feature", "properties": {"highway": "footway", "footway": "sidewalk", "name": null, "surface": "asphalt", "lit": "yes", "length_m": 105.99, "type_element": "Way", "__fid": 78915}, "geometry": {"type": "LineString", "coordinates": [[2.359185110308564, 48.88398919550906], [2.3590164, 48.88304249999999]]}}, {"type": "Feature", "properties": {"highway": "footway", "footway": "crossing", "name": null, "surface": "asphalt", "lit": "yes", "length_m": 15.59, "type_element": "Way", "__fid": 78916}, "geometry": {"type": "LineString", "coordinates": [[2.3592261, 48.88301950000002], [2.3590164, 48.88304249999999]]}}, {"type": "Feature", "properties": {"highway": "footway", "footway": "sidewalk", "name": null, "surface": null, "lit": "yes", "length_m": 7.48, "type_element": "Way", "__fid": 79030}, "geometry": {"type": "LineString", "coordinates": [[2.3590521, 48.8848444], [2.3591538, 48.8848396]]}}, {"type": "Feature", "properties": {"highway": "footway", "footway": "crossing", "name": null, "surface": "asphalt", "lit": "yes", "length_m": 12.46, "type_element": "Way", "__fid": 79037}, "geometry": {"type": "LineString", "coordinates": [[2.359082, 48.8845961], [2.3590633, 48.8844847]]}}, {"type": "Feature", "properties": {"highway": "footway", "footway": "sidewalk", "name": null, "surface": "asphalt", "lit": "yes", "length_m": 13.51, "type_element": "Way", "__fid": 79038}, "geometry": {"type": "LineString", "coordinates": [[2.3590915, 48.8843646], [2.3590633, 48.8844847]]}}, {"type": "Feature", "properties": {"highway": "footway", "footway": "sidewalk", "name": null, "surface": "asphalt", "lit": "yes", "length_m": 2.46, "type_element": "Way", "__fid": 79073}, "geometry": {"type": "LineString", "coordinates": [[2.359082, 48.8845961], [2.3590998, 48.8846148]]}}, {"type": "Feature", "properties": {"highway": "footway", "footway": "crossing", "name": null, "surface": "asphalt", "lit": "yes", "length_m": 15.78, "type_element": "Way", "__fid": 79086}, "geometry": {"type": "LineString", "coordinates": [[2.3591027, 48.8842229], [2.3590915, 48.8843646]]}}, {"type": "Feature", "properties": {"highway": "footway", "footway": "crossing", "name": null, "surface": "asphalt", "lit": "yes", "length_m": 62.81, "type_element": "Way", "__fid": 79087}, "geometry": {"type": "LineString", "coordinates": [[2.3590915, 48.8843646], [2.3593063, 48.8843644], [2.3593242, 48.8843763], [2.3593237, 48.8844777], [2.3595014, 48.8844828], [2.359552050000012, 48.88447855000009], [2.3595402, 48.88436619999998], [2.3595539, 48.88434930000002], [2.359587680913416, 48.884349186834775]]}}, {"type": "Feature", "properties": {"highway": "footway", "footway": "sidewalk", "name": null, "surface": "asphalt", "lit": "yes", "length_m": 27.5, "type_element": "Way", "__fid": 79108}, "geometry": {"type": "LineString", "coordinates": [[2.3591027, 48.8842229], [2.3591997, 48.8840721], [2.359185110308564, 48.88398919550906]]}}, {"type": "Feature", "properties": {"highway": "footway", "footway": "crossing", "name": null, "surface": "asphalt", "lit": "yes", "length_m": 11.61, "type_element": "Way", "__fid": 79109}, "geometry": {"type": "LineString", "coordinates": [[2.3591027, 48.8842229], [2.3592609, 48.88421910000001]]}}, {"type": "Feature", "properties": {"highway": "footway", "footway": "traffic_island", "name": null, "surface": "asphalt", "lit": "yes", "length_m": 32.71, "type_element": "Way", "__fid": 79112}, "geometry": {"type": "LineString", "coordinates": [[2.3590998, 48.8846148], [2.3593286, 48.8846263], [2.359473, 48.8846254], [2.3595429, 48.8846137]]}}, {"type": "Feature", "properties": {"highway": "footway", "footway": "sidewalk", "name": null, "surface": "asphalt", "lit": "yes", "length_m": 14.71, "type_element": "Way", "__fid": 79113}, "geometry": {"type": "LineString", "coordinates": [[2.3590998, 48.8846148], [2.3591172, 48.884746600000014]]}}, {"type": "Feature", "properties": {"highway": "footway", "footway": "sidewalk", "name": null, "surface": "asphalt", "lit": "yes", "length_m": 6.46, "type_element": "Way", "__fid": 79146}, "geometry": {"type": "LineString", "coordinates": [[2.3591172, 48.884746600000014], [2.3591393, 48.8848028]]}}, {"type": "Feature", "properties": {"highway": "footway", "footway": "traffic_island", "name": null, "surface": "asphalt", "lit": "yes", "length_m": 22.66, "type_element": "Way", "__fid": 79159}, "geometry": {"type": "LineString", "coordinates": [[2.3592478, 48.8829868], [2.3592275, 48.8829306], [2.3591498, 48.88279390000001]]}}, {"type": "Feature", "properties": {"highway": "footway", "footway": "sidewalk", "name": null, "surface": "asphalt", "lit": "yes", "length_m": 4.23, "type_element": "Way", "__fid": 79180}, "geometry": {"type": "LineString", "coordinates": [[2.3591393, 48.8848028], [2.3591538, 48.8848396]]}}, {"type": "Feature", "properties": {"highway": "living_street", "footway": null, "name": "Place de la Chapelle", "surface": "asphalt", "lit": "yes", "length_m": 14.86, "type_element": "Way", "__fid": 79181}, "geometry": {"type": "LineString", "coordinates": [[2.3593397, 48.8847833], [2.3591393, 48.8848028]]}}, {"type": "Feature", "properties": {"highway": "footway", "footway": "sidewalk", "name": null, "surface": "asphalt", "lit": "yes", "length_m": 15.9, "type_element": "Way", "__fid": 79196}, "geometry": {"type": "LineString", "coordinates": [[2.3591538, 48.8848396], [2.3591805, 48.8848835], [2.3591842, 48.8849792]]}}, {"type": "Feature", "properties": {"highway": "footway", "footway": null, "name": null, "surface": "asphalt", "lit": "24/7", "length_m": 11.15, "type_element": "Way", "__fid": 79218}, "geometry": {"type": "LineString", "coordinates": [[2.359185110308564, 48.88398919550906], [2.359275325085979, 48.88406986896763]]}}, {"type": "Feature", "properties": {"highway": "footway", "footway": "crossing", "name": null, "surface": "asphalt", "lit": "yes", "length_m": 23.31, "type_element": "Way", "__fid": 79230}, "geometry": {"type": "LineString", "coordinates": [[2.3591842, 48.8849792], [2.3595018, 48.8849711]]}}, {"type": "Feature", "properties": {"highway": "footway", "footway": "sidewalk", "name": null, "surface": "asphalt", "lit": "yes", "length_m": 116.57, "type_element": "Way", "__fid": 79231}, "geometry": {"type": "LineString", "coordinates": [[2.3591842, 48.8849792], [2.3592221, 48.885487], [2.359332080000015, 48.886021980000095]]}}, {"type": "Feature", "properties": {"highway": "footway", "footway": "sidewalk", "name": null, "surface": "asphalt", "lit": "yes", "length_m": 122.37, "type_element": "Way", "__fid": 79264}, "geometry": {"type": "LineString", "coordinates": [[2.3592261, 48.88301950000002], [2.3593639, 48.88365049999999], [2.3594169, 48.884041099999976], [2.3595152, 48.88406960000001]]}}, {"type": "Feature", "properties": {"highway": "footway", "footway": "sidewalk", "name": null, "surface": "asphalt", "lit": "yes", "length_m": 3.97, "type_element": "Way", "__fid": 79265}, "geometry": {"type": "LineString", "coordinates": [[2.3592478, 48.8829868], [2.3592261, 48.88301950000002]]}}, {"type": "Feature", "properties": {"highway": "footway", "footway": "sidewalk", "name": null, "surface": "asphalt", "lit": "yes", "length_m": 9.02, "type_element": "Way", "__fid": 79300}, "geometry": {"type": "LineString", "coordinates": [[2.3593582, 48.883005400000016], [2.3593106, 48.8829816], [2.3592478, 48.8829868]]}}, {"type": "Feature", "properties": {"highway": "service", "footway": null, "name": "Rue du Faubourg Saint-Denis", "surface": "asphalt", "lit": "yes", "length_m": 8.75, "type_element": "Way", "__fid": 79329}, "geometry": {"type": "LineString", "coordinates": [[2.3592583, 48.8842978], [2.3592609, 48.88421910000001]]}}, {"type": "Feature", "properties": {"highway": "service", "footway": null, "name": "Rue du Faubourg Saint-Denis", "surface": "asphalt", "lit": "yes", "length_m": 16.63, "type_element": "Way", "__fid": 79331}, "geometry": {"type": "LineString", "coordinates": [[2.3592609, 48.88421910000001], [2.359275325085979, 48.88406986896763]]}}, {"type": "Feature", "properties": {"highway": "footway", "footway": "crossing", "name": null, "surface": "asphalt", "lit": "yes", "length_m": 13.0, "type_element": "Way", "__fid": 79332}, "geometry": {"type": "LineString", "coordinates": [[2.3592609, 48.88421910000001], [2.359438068088057, 48.88421539908279]]}}, {"type": "Feature", "properties": {"highway": "footway", "footway": null, "name": null, "surface": "asphalt", "lit": "24/7", "length_m": 20.11, "type_element": "Way", "__fid": 79350}, "geometry": {"type": "LineString", "coordinates": [[2.359275325085979, 48.88406986896763], [2.359438068088057, 48.88421539908279]]}}, {"type": "Feature", "properties": {"highway": "service", "footway": null, "name": "Rue du Faubourg Saint-Denis", "surface": "asphalt", "lit": "yes", "length_m": 4.33, "type_element": "Way", "__fid": 79351}, "geometry": {"type": "LineString", "coordinates": [[2.359275325085979, 48.88406986896763], [2.3592812, 48.8840311]]}}, {"type": "Feature", "properties": {"highway": "footway", "footway": "crossing", "name": null, "surface": "asphalt", "lit": "yes", "length_m": 14.95, "type_element": "Way", "__fid": 79416}, "geometry": {"type": "LineString", "coordinates": [[2.359308, 48.8860439], [2.3593431, 48.88617630000001]]}}, {"type": "Feature", "properties": {"highway": "footway", "footway": "sidewalk", "name": null, "surface": "asphalt", "lit": "yes", "length_m": 3.01, "type_element": "Way", "__fid": 79417}, "geometry": {"type": "LineString", "coordinates": [[2.359332080000015, 48.886021980000095], [2.359308, 48.8860439]]}}, {"type": "Feature", "properties": {"highway": "footway", "footway": "sidewalk", "name": null, "surface": "asphalt", "lit": "yes", "length_m": 97.5, "type_element": "Way", "__fid": 79430}, "geometry": {"type": "LineString", "coordinates": [[2.36036, 48.8835819], [2.3593582, 48.883005400000016]]}}, {"type": "Feature", "properties": {"highway": "footway", "footway": "crossing", "name": null, "surface": "asphalt", "lit": "yes", "length_m": 9.69, "type_element": "Way", "__fid": 79431}, "geometry": {"type": "LineString", "coordinates": [[2.3593582, 48.883005400000016], [2.35944, 48.882937]]}}, {"type": "Feature", "properties": {"highway": "footway", "footway": "crossing", "name": null, "surface": "asphalt", "lit": "yes", "length_m": 18.21, "type_element": "Way", "__fid": 79443}, "geometry": {"type": "LineString", "coordinates": [[2.359332080000015, 48.886021980000095], [2.3595801, 48.8860145]]}}, {"type": "Feature", "properties": {"highway": "footway", "footway": "sidewalk", "name": null, "surface": "asphalt", "lit": "yes", "length_m": 54.33, "type_element": "Way", "__fid": 79466}, "geometry": {"type": "LineString", "coordinates": [[2.3593431, 48.88617630000001], [2.3594534, 48.886636], [2.3594521, 48.8866493], [2.35944, 48.886655]]}}, {"type": "Feature", "properties": {"highway": "living_street", "footway": null, "name": "Place de la Chapelle", "surface": "asphalt", "lit": "yes", "length_m": 14.74, "type_element": "Way", "__fid": 79470}, "geometry": {"type": "LineString", "coordinates": [[2.3595588, 48.88489470000001], [2.3594955, 48.8848957], [2.3593604, 48.8849133]]}}, {"type": "Feature", "properties": {"highway": "footway", "footway": "crossing", "name": null, "surface": "asphalt", "lit": "yes", "length_m": 10.05, "type_element": "Way", "__fid": 79525}, "geometry": {"type": "LineString", "coordinates": [[2.3594682, 48.8828612], [2.3594306, 48.8827743]]}}, {"type": "Feature", "properties": {"highway": "footway", "footway": "sidewalk", "name": null, "surface": "asphalt", "lit": "yes", "length_m": 100.11, "type_element": "Way", "__fid": 79547}, "geometry": {"type": "LineString", "coordinates": [[2.35944, 48.882937], [2.3604697, 48.8835281]]}}, {"type": "Feature", "properties": {"highway": "footway", "footway": "sidewalk", "name": null, "surface": "asphalt", "lit": "yes", "length_m": 12.24, "type_element": "Way", "__fid": 79548}, "geometry": {"type": "LineString", "coordinates": [[2.3594682, 48.8828612], [2.3594239, 48.8828695], [2.3594085, 48.8828859], [2.3594065, 48.8829154], [2.35944, 48.882937]]}}, {"type": "Feature", "properties": {"highway": "footway", "footway": null, "name": null, "surface": "asphalt", "lit": "24/7", "length_m": 18.49, "type_element": "Way", "__fid": 79561}, "geometry": {"type": "LineString", "coordinates": [[2.359438068088057, 48.88421539908279], [2.359587680913416, 48.884349186834775]]}}, {"type": "Feature", "properties": {"highway": "footway", "footway": "sidewalk", "name": null, "surface": "asphalt", "lit": "yes", "length_m": 14.46, "type_element": "Way", "__fid": 79562}, "geometry": {"type": "LineString", "coordinates": [[2.359438068088057, 48.88421539908279], [2.3596352, 48.88421370000002]]}}, {"type": "Feature", "properties": {"highway": "footway", "footway": "sidewalk", "name": null, "surface": "asphalt", "lit": "yes", "length_m": 155.96, "type_element": "Way", "__fid": 79586}, "geometry": {"type": "LineString", "coordinates": [[2.3615791, 48.8827055], [2.3615322, 48.8826989], [2.3594682, 48.8828612]]}}, {"type": "Feature", "properties": {"highway": "footway", "footway": "crossing", "name": null, "surface": "sett", "lit": "yes", "length_m": 2.65, "type_element": "Way", "__fid": 79608}, "geometry": {"type": "LineString", "coordinates": [[2.35944, 48.886655], [2.3594465, 48.8866784]]}}, {"type": "Feature", "properties": {"highway": "service", "footway": null, "name": null, "surface": null, "lit": null, "length_m": 29.05, "type_element": "Way", "__fid": 79610}, "geometry": {"type": "LineString", "coordinates": [[2.35974, 48.8884282], [2.3595359, 48.888422], [2.3594719, 48.8884486], [2.3594189, 48.88851680000002]]}}, {"type": "Feature", "properties": {"highway": "footway", "footway": "crossing", "name": null, "surface": "sett", "lit": "yes", "length_m": 4.05, "type_element": "Way", "__fid": 79624}, "geometry": {"type": "LineString", "coordinates": [[2.3594534, 48.8867145], [2.3594465, 48.8866784]]}}, {"type": "Feature", "properties": {"highway": "living_street", "footway": null, "name": "Passage Ruelle", "surface": "sett", "lit": "yes", "length_m": 13.49, "type_element": "Way", "__fid": 79625}, "geometry": {"type": "LineString", "coordinates": [[2.3596291, 48.8866639], [2.3594465, 48.8866784]]}}, {"type": "Feature", "properties": {"highway": "footway", "footway": "sidewalk", "name": null, "surface": "asphalt", "lit": "yes", "length_m": 9.39, "type_element": "Way", "__fid": 79638}, "geometry": {"type": "LineString", "coordinates": [[2.3595031, 48.886784200000015], [2.3594829, 48.886722], [2.3594534, 48.8867145]]}}, {"type": "Feature", "properties": {"highway": "footway", "footway": "sidewalk", "name": null, "surface": "asphalt", "lit": "yes", "length_m": 23.39, "type_element": "Way", "__fid": 79664}, "geometry": {"type": "LineString", "coordinates": [[2.3595095, 48.8851814], [2.3595018, 48.8849711]]}}, {"type": "Feature", "properties": {"highway": "footway", "footway": "sidewalk", "name": null, "surface": "asphalt", "lit": "yes", "length_m": 4.84, "type_element": "Way", "__fid": 79665}, "geometry": {"type": "LineString", "coordinates": [[2.3595018, 48.8849711], [2.3595561, 48.88494639999998]]}}, {"type": "Feature", "properties": {"highway": "footway", "footway": "crossing", "name": null, "surface": "asphalt", "lit": "yes", "length_m": 13.99, "type_element": "Way", "__fid": 79671}, "geometry": {"type": "LineString", "coordinates": [[2.3595152, 48.88406960000001], [2.3596332, 48.8841684]]}}, {"type": "Feature", "properties": {"highway": "footway", "footway": "sidewalk", "name": null, "surface": "asphalt", "lit": "yes", "length_m": 81.11, "type_element": "Way", "__fid": 79672}, "geometry": {"type": "LineString", "coordinates": [[2.3595152, 48.88406960000001], [2.3603714, 48.8836079]]}}, {"type": "Feature", "properties": {"highway": "footway", "footway": "sidewalk", "name": null, "surface": "asphalt", "lit": "yes", "length_m": 92.97, "type_element": "Way", "__fid": 79686}, "geometry": {"type": "LineString", "coordinates": [[2.3595801, 48.8860145], [2.3595916, 48.8859257], [2.3595178, 48.8854729], [2.3595095, 48.8851814]]}}, {"type": "Feature", "properties": {"highway": "footway", "footway": null, "name": null, "surface": "asphalt", "lit": "yes", "length_m": 15.17, "type_element": "Way", "__fid": 79687}, "geometry": {"type": "LineString", "coordinates": [[2.3597163, 48.885177], [2.3595095, 48.8851814]]}}, {"type": "Feature", "properties": {"highway": "footway", "footway": "sidewalk", "name": null, "surface": "asphalt", "lit": "yes", "length_m": 14.43, "type_element": "Way", "__fid": 79705}, "geometry": {"type": "LineString", "coordinates": [[2.3595325, 48.8869125], [2.3595031, 48.886784200000015]]}}, {"type": "Feature", "properties": {"highway": "footway", "footway": "crossing", "name": null, "surface": "asphalt", "lit": "yes", "length_m": 17.02, "type_element": "Way", "__fid": 79706}, "geometry": {"type": "LineString", "coordinates": [[2.3595031, 48.886784200000015], [2.3597337, 48.886767]]}}, {"type": "Feature", "properties": {"highway": "footway", "footway": "sidewalk", "name": null, "surface": "asphalt", "lit": "yes", "length_m": 26.17, "type_element": "Way", "__fid": 79724}, "geometry": {"type": "LineString", "coordinates": [[2.3595516, 48.884849], [2.3595429, 48.8846137]]}}, {"type": "Feature", "properties": {"highway": "footway", "footway": "sidewalk", "name": null, "surface": "asphalt", "lit": "yes", "length_m": 1.98, "type_element": "Way", "__fid": 79725}, "geometry": {"type": "LineString", "coordinates": [[2.359555, 48.8845978], [2.3595429, 48.8846137]]}}, {"type": "Feature", "properties": {"highway": "footway", "footway": "sidewalk", "name": null, "surface": "asphalt", "lit": "yes", "length_m": 5.11, "type_element": "Way", "__fid": 79738}, "geometry": {"type": "LineString", "coordinates": [[2.3595516, 48.884849], [2.3595588, 48.88489470000001]]}}, {"type": "Feature", "properties": {"highway": "footway", "footway": "sidewalk", "name": null, "surface": "asphalt", "lit": "yes", "length_m": 67.71, "type_element": "Way", "__fid": 79739}, "geometry": {"type": "LineString", "coordinates": [[2.3604748, 48.88484230000001], [2.3595516, 48.884849]]}}, {"type": "Feature", "properties": {"highway": "footway", "footway": "crossing", "name": null, "surface": "asphalt", "lit": "yes", "length_m": 17.68, "type_element": "Way", "__fid": 79740}, "geometry": {"type": "LineString", "coordinates": [[2.359555, 48.8845978], [2.3595566, 48.884478399999985], [2.3596167, 48.8844784]]}}, {"type": "Feature", "properties": {"highway": "footway", "footway": "sidewalk", "name": null, "surface": "asphalt", "lit": "yes", "length_m": 80.91, "type_element": "Way", "__fid": 79741}, "geometry": {"type": "LineString", "coordinates": [[2.3606583, 48.8845916], [2.359555, 48.8845978]]}}, {"type": "Feature", "properties": {"highway": "footway", "footway": "sidewalk", "name": null, "surface": "asphalt", "lit": "yes", "length_m": 5.75, "type_element": "Way", "__fid": 79746}, "geometry": {"type": "LineString", "coordinates": [[2.3595561, 48.88494639999998], [2.3595588, 48.88489470000001]]}}, {"type": "Feature", "properties": {"highway": "footway", "footway": "sidewalk", "name": null, "surface": "asphalt", "lit": "yes", "length_m": 61.15, "type_element": "Way", "__fid": 79747}, "geometry": {"type": "LineString", "coordinates": [[2.3595561, 48.88494639999998], [2.3603484, 48.8849321], [2.3603853, 48.88494429999998]]}}, {"type": "Feature", "properties": {"highway": "footway", "footway": "sidewalk", "name": null, "surface": "asphalt", "lit": "yes", "length_m": 31.55, "type_element": "Way", "__fid": 79749}, "geometry": {"type": "LineString", "coordinates": [[2.359579266666642, 48.88719453333334], [2.3595325, 48.8869125]]}}, {"type": "Feature", "properties": {"highway": "footway", "footway": "crossing", "name": null, "surface": "asphalt", "lit": "yes", "length_m": 17.45, "type_element": "Way", "__fid": 79750}, "geometry": {"type": "LineString", "coordinates": [[2.3597686, 48.8868931], [2.3595325, 48.8869125]]}}, {"type": "Feature", "properties": {"highway": "living_street", "footway": null, "name": "Place de la Chapelle", "surface": "asphalt", "lit": "yes", "length_m": 64.18, "type_element": "Way", "__fid": 79755}, "geometry": {"type": "LineString", "coordinates": [[2.3604329, 48.8848901], [2.3603599, 48.88488250000001], [2.3595588, 48.88489470000001]]}}, {"type": "Feature", "properties": {"highway": "footway", "footway": null, "name": null, "surface": "asphalt", "lit": "24/7", "length_m": 3.09, "type_element": "Way", "__fid": 79784}, "geometry": {"type": "LineString", "coordinates": [[2.359587680913416, 48.884349186834775], [2.359612536417649, 48.88437164388847]]}}, {"type": "Feature", "properties": {"highway": "footway", "footway": "sidewalk", "name": null, "surface": "asphalt", "lit": "yes", "length_m": 1.9, "type_element": "Way", "__fid": 79785}, "geometry": {"type": "LineString", "coordinates": [[2.359587680913416, 48.884349186834775], [2.3596136, 48.8843491]]}}, {"type": "Feature", "properties": {"highway": "footway", "footway": "sidewalk", "name": null, "surface": "asphalt", "lit": "yes", "length_m": 84.63, "type_element": "Way", "__fid": 79800}, "geometry": {"type": "LineString", "coordinates": [[2.3597337, 48.886767], [2.3596761, 48.88651259999999], [2.3596814, 48.8864808], [2.3596573, 48.886382], [2.3596365, 48.8863393], [2.3595801, 48.8860145]]}}, {"type": "Feature", "properties": {"highway": "footway", "footway": null, "name": null, "surface": "asphalt", "lit": "yes", "length_m": 2.8, "type_element": "Way", "__fid": 79812}, "geometry": {"type": "LineString", "coordinates": [[2.359628525756601, 48.884386100008825], [2.3596122, 48.8843861], [2.359612536417649, 48.88437164388847]]}}, {"type": "Feature", "properties": {"highway": "footway", "footway": null, "name": null, "surface": "asphalt", "lit": "yes", "length_m": 2.51, "type_element": "Way", "__fid": 79813}, "geometry": {"type": "LineString", "coordinates": [[2.359612536417649, 48.88437164388847], [2.3596136, 48.8843491]]}}, {"type": "Feature", "properties": {"highway": "footway", "footway": null, "name": null, "surface": "asphalt", "lit": "yes", "length_m": 2.91, "type_element": "Way", "__fid": 79815}, "geometry": {"type": "LineString", "coordinates": [[2.3596136, 48.8843491], [2.359619866666731, 48.88432323333335]]}}, {"type": "Feature", "properties": {"highway": "footway", "footway": "crossing", "name": null, "surface": "asphalt", "lit": "yes", "length_m": 2.1, "type_element": "Way", "__fid": 79816}, "geometry": {"type": "LineString", "coordinates": [[2.3595818, 48.8872133], [2.359579266666642, 48.88719453333334]]}}, {"type": "Feature", "properties": {"highway": "footway", "footway": "sidewalk", "name": null, "surface": "asphalt", "lit": "yes", "length_m": 4.06, "type_element": "Way", "__fid": 79819}, "geometry": {"type": "LineString", "coordinates": [[2.3595835, 48.8872498], [2.3595818, 48.8872133]]}}, {"type": "Feature", "properties": {"highway": "living_street", "footway": null, "name": "Cité de la Chapelle", "surface": "asphalt", "lit": "yes", "length_m": 12.32, "type_element": "Way", "__fid": 79820}, "geometry": {"type": "LineString", "coordinates": [[2.3595818, 48.8872133], [2.3597486, 48.8872004]]}}, {"type": "Feature", "properties": {"highway": "footway", "footway": null, "name": null, "surface": "asphalt", "lit": "yes", "length_m": 30.97, "type_element": "Way", "__fid": 79824}, "geometry": {"type": "LineString", "coordinates": [[2.3596167, 48.8844784], [2.3596163, 48.8844651], [2.35966, 48.8844652], [2.3596602, 48.88444040000001], [2.3599389, 48.88444], [2.359934466666667, 48.88441240000003]]}}, {"type": "Feature", "properties": {"highway": "footway", "footway": "sidewalk", "name": null, "surface": "asphalt", "lit": "yes", "length_m": 128.04, "type_element": "Way", "__fid": 79825}, "geometry": {"type": "LineString", "coordinates": [[2.3596167, 48.8844784], [2.359811, 48.8844835], [2.3606643, 48.8844807], [2.3613623, 48.88446949999999]]}}, {"type": "Feature", "properties": {"highway": "footway", "footway": "sidewalk", "name": null, "surface": "asphalt", "lit": "yes", "length_m": 67.53, "type_element": "Way", "__fid": 79828}, "geometry": {"type": "LineString", "coordinates": [[2.3595835, 48.8872498], [2.3595976, 48.88725860000002], [2.3596251, 48.8874063], [2.3597036, 48.8876409], [2.3597055, 48.8878463]]}}, {"type": "Feature", "properties": {"highway": "footway", "footway": "sidewalk", "name": null, "surface": "asphalt", "lit": "yes", "length_m": 129.68, "type_element": "Way", "__fid": 79829}, "geometry": {"type": "LineString", "coordinates": [[2.359619866666731, 48.88432323333335], [2.361388, 48.8843382]]}}, {"type": "Feature", "properties": {"highway": "footway", "footway": "crossing", "name": null, "surface": "asphalt", "lit": "yes", "length_m": 9.23, "type_element": "Way", "__fid": 79830}, "geometry": {"type": "LineString", "coordinates": [[2.359635233333348, 48.88424083333335], [2.359619866666731, 48.88432323333335]]}}, {"type": "Feature", "properties": {"highway": "footway", "footway": null, "name": null, "surface": "asphalt", "lit": "yes", "length_m": 25.81, "type_element": "Way", "__fid": 79843}, "geometry": {"type": "LineString", "coordinates": [[2.359934466666667, 48.88441240000003], [2.3599386, 48.8843849], [2.359628525756601, 48.884386100008825]]}}, {"type": "Feature", "properties": {"highway": "footway", "footway": "sidewalk", "name": null, "surface": "asphalt", "lit": "yes", "length_m": 5.04, "type_element": "Way", "__fid": 79849}, "geometry": {"type": "LineString", "coordinates": [[2.3596352, 48.88421370000002], [2.3596332, 48.8841684]]}}, {"type": "Feature", "properties": {"highway": "footway", "footway": "sidewalk", "name": null, "surface": "asphalt", "lit": "yes", "length_m": 83.57, "type_element": "Way", "__fid": 79850}, "geometry": {"type": "LineString", "coordinates": [[2.3596332, 48.8841684], [2.3605249, 48.88370050000001]]}}, {"type": "Feature", "properties": {"highway": "footway", "footway": "sidewalk", "name": null, "surface": "asphalt", "lit": "yes", "length_m": 3.02, "type_element": "Way", "__fid": 79857}, "geometry": {"type": "LineString", "coordinates": [[2.359635233333348, 48.88424083333335], [2.3596352, 48.88421370000002]]}}, {"type": "Feature", "properties": {"highway": "footway", "footway": "sidewalk", "name": null, "surface": "asphalt", "lit": "yes", "length_m": 128.44, "type_element": "Way", "__fid": 79858}, "geometry": {"type": "LineString", "coordinates": [[2.3613773, 48.8842222], [2.3613307, 48.8842281], [2.3596355, 48.8842351], [2.359635233333348, 48.88424083333335]]}}, {"type": "Feature", "properties": {"highway": "service", "footway": null, "name": null, "surface": null, "lit": null, "length_m": 64.31, "type_element": "Way", "__fid": 79989}, "geometry": {"type": "LineString", "coordinates": [[2.3597264, 48.8880301], [2.3595871, 48.88803489999999], [2.359512, 48.88803050000001], [2.3594034, 48.8880058], [2.3593229, 48.887972300000015], [2.3594798, 48.887872600000016], [2.3595201, 48.887855], [2.3597055, 48.8878463]]}}, {"type": "Feature", "properties": {"highway": "service", "footway": null, "name": null, "surface": "asphalt", "lit": "yes", "length_m": 12.31, "type_element": "Way", "__fid": 79990}, "geometry": {"type": "LineString", "coordinates": [[2.3597055, 48.8878463], [2.3598733, 48.88784350000002]]}}, {"type": "Feature", "properties": {"highway": "footway", "footway": "sidewalk", "name": null, "surface": "asphalt", "lit": "yes", "length_m": 2.71, "type_element": "Way", "__fid": 80010}, "geometry": {"type": "LineString", "coordinates": [[2.3597572, 48.8867833], [2.3597391, 48.8867776], [2.3597337, 48.886767]]}}, {"type": "Feature", "properties": {"highway": "footway", "footway": "sidewalk", "name": null, "surface": "asphalt", "lit": "yes", "length_m": 16.53, "type_element": "Way", "__fid": 80016}, "geometry": {"type": "LineString", "coordinates": [[2.3597264, 48.8880301], [2.3597411, 48.8881784]]}}, {"type": "Feature", "properties": {"highway": "service", "footway": null, "name": null, "surface": "asphalt", "lit": "yes", "length_m": 11.92, "type_element": "Way", "__fid": 80017}, "geometry": {"type": "LineString", "coordinates": [[2.3598889, 48.8880285], [2.3597264, 48.8880301]]}}, {"type": "Feature", "properties": {"highway": "footway", "footway": "sidewalk", "name": null, "surface": "asphalt", "lit": "yes", "length_m": 87.2, "type_element": "Way", "__fid": 80033}, "geometry": {"type": "LineString", "coordinates": [[2.360940766666662, 48.886743366666686], [2.3609323, 48.8867378], [2.3597572, 48.8867833]]}}, {"type": "Feature", "properties": {"highway": "footway", "footway": "crossing", "name": null, "surface": "asphalt", "lit": "yes", "length_m": 8.72, "type_element": "Way", "__fid": 80034}, "geometry": {"type": "LineString", "coordinates": [[2.3597572, 48.8867833], [2.359775099999896, 48.886860800000015]]}}, {"type": "Feature", "properties": {"highway": "footway", "footway": "sidewalk", "name": null, "surface": "asphalt", "lit": "yes", "length_m": 27.78, "type_element": "Way", "__fid": 80036}, "geometry": {"type": "LineString", "coordinates": [[2.3597411, 48.8881784], [2.35974, 48.8884282]]}}, {"type": "Feature", "properties": {"highway": "footway", "footway": "crossing", "name": null, "surface": "asphalt", "lit": "yes", "length_m": 18.98, "type_element": "Way", "__fid": 80037}, "geometry": {"type": "LineString", "coordinates": [[2.3597411, 48.8881784], [2.3599988, 48.8881946]]}}, {"type": "Feature", "properties": {"highway": "service", "footway": null, "name": null, "surface": null, "lit": "yes", "length_m": 11.85, "type_element": "Way", "__fid": 80038}, "geometry": {"type": "LineString", "coordinates": [[2.3599012, 48.8884353], [2.35974, 48.8884282]]}}, {"type": "Feature", "properties": {"highway": "footway", "footway": "sidewalk", "name": null, "surface": "asphalt", "lit": "yes", "length_m": 4.35, "type_element": "Way", "__fid": 80039}, "geometry": {"type": "LineString", "coordinates": [[2.35974, 48.8884282], [2.3597402, 48.888467300000016]]}}, {"type": "Feature", "properties": {"highway": "service", "footway": null, "name": null, "surface": null, "lit": "yes", "length_m": 12.0, "type_element": "Way", "__fid": 80040}, "geometry": {"type": "LineString", "coordinates": [[2.3597402, 48.888467300000016], [2.3599034, 48.888475800000016]]}}, {"type": "Feature", "properties": {"highway": "footway", "footway": "sidewalk", "name": null, "surface": "asphalt", "lit": "yes", "length_m": 54.64, "type_element": "Way", "__fid": 80041}, "geometry": {"type": "LineString", "coordinates": [[2.3597402, 48.888467300000016], [2.3597491, 48.8889586]]}}, {"type": "Feature", "properties": {"highway": "footway", "footway": "sidewalk", "name": null, "surface": "asphalt", "lit": "yes", "length_m": 147.57, "type_element": "Way", "__fid": 80057}, "geometry": {"type": "LineString", "coordinates": [[2.3599988, 48.8881946], [2.3599832, 48.887801], [2.3599604, 48.8876158], [2.3598383, 48.8871704], [2.3598571, 48.8870867], [2.3598477, 48.88703550000001], [2.3598035, 48.8870126], [2.3597686, 48.8868931]]}}, {"type": "Feature", "properties": {"highway": "footway", "footway": "sidewalk", "name": null, "surface": "asphalt", "lit": "yes", "length_m": 3.62, "type_element": "Way", "__fid": 80058}, "geometry": {"type": "LineString", "coordinates": [[2.3597686, 48.8868931], [2.359775099999896, 48.886860800000015]]}}, {"type": "Feature", "properties": {"highway": "footway", "footway": "sidewalk", "name": null, "surface": "asphalt", "lit": "yes", "length_m": 83.39, "type_element": "Way", "__fid": 80076}, "geometry": {"type": "LineString", "coordinates": [[2.359775099999896, 48.886860800000015], [2.3609105, 48.886819]]}}, {"type": "Feature", "properties": {"highway": "footway", "footway": "sidewalk", "name": null, "surface": "asphalt", "lit": "yes", "length_m": 83.24, "type_element": "Way", "__fid": 80276}, "geometry": {"type": "LineString", "coordinates": [[2.3600299, 48.8889429], [2.3599988, 48.8881946]]}}, {"type": "Feature", "properties": {"highway": "footway", "footway": null, "name": null, "surface": "asphalt", "lit": "no", "length_m": 49.48, "type_element": "Way", "__fid": 80277}, "geometry": {"type": "LineString", "coordinates": [[2.3599988, 48.8881946], [2.360038, 48.888176], [2.3601347, 48.8881703], [2.3606591, 48.88821820000001]]}}, {"type": "Feature", "properties": {"highway": "footway", "footway": "sidewalk", "name": null, "surface": "asphalt", "lit": "yes", "length_m": 190.96, "type_element": "Way", "__fid": 80534}, "geometry": {"type": "LineString", "coordinates": [[2.3606457, 48.88828330000002], [2.3605639, 48.888634299999985], [2.3605277, 48.88864260000001], [2.3604566, 48.8889923], [2.3604841, 48.8890187], [2.3603506, 48.8896113], [2.3602526, 48.8899365], [2.360235, 48.8899545]]}}, {"type": "Feature", "properties": {"highway": "footway", "footway": "sidewalk", "name": null, "surface": "asphalt", "lit": "yes", "length_m": 3.01, "type_element": "Way", "__fid": 80560}, "geometry": {"type": "LineString", "coordinates": [[2.3603714, 48.8836079], [2.36036, 48.8835819]]}}, {"type": "Feature", "properties": {"highway": "footway", "footway": "crossing", "name": null, "surface": "asphalt", "lit": "yes", "length_m": 10.03, "type_element": "Way", "__fid": 80561}, "geometry": {"type": "LineString", "coordinates": [[2.36036, 48.8835819], [2.3604697, 48.8835281]]}}, {"type": "Feature", "properties": {"highway": "footway", "footway": "crossing", "name": null, "surface": "asphalt", "lit": "yes", "length_m": 15.26, "type_element": "Way", "__fid": 80567}, "geometry": {"type": "LineString", "coordinates": [[2.3603714, 48.8836079], [2.3605249, 48.88370050000001]]}}, {"type": "Feature", "properties": {"highway": "footway", "footway": "sidewalk", "name": null, "surface": "asphalt", "lit": "yes", "length_m": 195.68, "type_element": "Way", "__fid": 80572}, "geometry": {"type": "LineString", "coordinates": [[2.3602943, 48.89010080000002], [2.3603434, 48.8899636], [2.360355, 48.8899571], [2.3604787, 48.8895152], [2.3607255, 48.888367299999985]]}}, {"type": "Feature", "properties": {"highway": "footway", "footway": "sidewalk", "name": null, "surface": "asphalt", "lit": "yes", "length_m": 135.2, "type_element": "Way", "__fid": 80599}, "geometry": {"type": "LineString", "coordinates": [[2.3603853, 48.88494429999998], [2.3604137, 48.8849614], [2.3604432, 48.88501559999999], [2.3607624, 48.8859081], [2.360853, 48.88611560000001]]}}, {"type": "Feature", "properties": {"highway": "footway", "footway": "sidewalk", "name": null, "surface": "asphalt", "lit": "yes", "length_m": 6.96, "type_element": "Way", "__fid": 80600}, "geometry": {"type": "LineString", "coordinates": [[2.3603853, 48.88494429999998], [2.3604329, 48.8848901]]}}, {"type": "Feature", "properties": {"highway": "pedestrian", "footway": null, "name": "Place de la Chapelle", "surface": "asphalt", "lit": "yes", "length_m": 6.14, "type_element": "Way", "__fid": 80632}, "geometry": {"type": "LineString", "coordinates": [[2.3604329, 48.8848901], [2.3604748, 48.88484230000001]]}}, {"type": "Feature", "properties": {"highway": "footway", "footway": "sidewalk", "name": null, "surface": "asphalt", "lit": "yes", "length_m": 2.76, "type_element": "Way", "__fid": 80656}, "geometry": {"type": "LineString", "coordinates": [[2.3604697, 48.8835281], [2.3605066, 48.8835332]]}}, {"type": "Feature", "properties": {"highway": "footway", "footway": "sidewalk", "name": null, "surface": "asphalt", "lit": "yes", "length_m": 144.34, "type_element": "Way", "__fid": 80677}, "geometry": {"type": "LineString", "coordinates": [[2.3610459, 48.8860306], [2.3609622, 48.886032], [2.3609333, 48.8860196], [2.3609025, 48.885979100000014], [2.360529, 48.884899799999985], [2.3604748, 48.88484230000001]]}}, {"type": "Feature", "properties": {"highway": "pedestrian", "footway": null, "name": "Place de la Chapelle", "surface": "asphalt", "lit": "yes", "length_m": 32.59, "type_element": "Way", "__fid": 80678}, "geometry": {"type": "LineString", "coordinates": [[2.3604748, 48.88484230000001], [2.3607029, 48.8845908]]}}, {"type": "Feature", "properties": {"highway": "footway", "footway": "crossing", "name": null, "surface": "asphalt", "lit": "yes", "length_m": 15.24, "type_element": "Way", "__fid": 80693}, "geometry": {"type": "LineString", "coordinates": [[2.3605066, 48.8835332], [2.3606614, 48.8836247]]}}, {"type": "Feature", "properties": {"highway": "footway", "footway": "sidewalk", "name": null, "surface": "asphalt", "lit": "yes", "length_m": 88.58, "type_element": "Way", "__fid": 80694}, "geometry": {"type": "LineString", "coordinates": [[2.3605066, 48.8835332], [2.3614436, 48.88303050000001]]}}, {"type": "Feature", "properties": {"highway": "footway", "footway": "sidewalk", "name": null, "surface": "asphalt", "lit": "yes", "length_m": 3.77, "type_element": "Way", "__fid": 80710}, "geometry": {"type": "LineString", "coordinates": [[2.3605249, 48.88370050000001], [2.360576, 48.8837045]]}}, {"type": "Feature", "properties": {"highway": "footway", "footway": "sidewalk", "name": null, "surface": "asphalt", "lit": "yes", "length_m": 79.73, "type_element": "Way", "__fid": 80748}, "geometry": {"type": "LineString", "coordinates": [[2.360576, 48.8837045], [2.3613471, 48.884145199999985], [2.3614061, 48.8841659]]}}, {"type": "Feature", "properties": {"highway": "footway", "footway": "crossing", "name": null, "surface": "asphalt", "lit": "yes", "length_m": 9.46, "type_element": "Way", "__fid": 80749}, "geometry": {"type": "LineString", "coordinates": [[2.360576, 48.8837045], [2.3606685, 48.8836452]]}}, {"type": "Feature", "properties": {"highway": "footway", "footway": "sidewalk", "name": null, "surface": "asphalt", "lit": "yes", "length_m": 2.34, "type_element": "Way", "__fid": 80819}, "geometry": {"type": "LineString", "coordinates": [[2.3606614, 48.8836247], [2.3606685, 48.8836452]]}}, {"type": "Feature", "properties": {"highway": "footway", "footway": "sidewalk", "name": null, "surface": "asphalt", "lit": "yes", "length_m": 77.1, "type_element": "Way", "__fid": 80820}, "geometry": {"type": "LineString", "coordinates": [[2.3614836, 48.8831961], [2.361426, 48.88321], [2.3606614, 48.8836247]]}}, {"type": "Feature", "properties": {"highway": "footway", "footway": "sidewalk", "name": null, "surface": "asphalt", "lit": "yes", "length_m": 76.6, "type_element": "Way", "__fid": 80823}, "geometry": {"type": "LineString", "coordinates": [[2.3606685, 48.8836452], [2.3614074, 48.8840681], [2.3614711, 48.88408]]}}, {"type": "Feature", "properties": {"highway": "footway", "footway": "crossing", "name": null, "surface": "asphalt", "lit": "yes", "length_m": 12.04, "type_element": "Way", "__fid": 80824}, "geometry": {"type": "LineString", "coordinates": [[2.3606583, 48.8845916], [2.360664366666664, 48.88448343333333]]}}, {"type": "Feature", "properties": {"highway": "footway", "footway": "sidewalk", "name": null, "surface": "asphalt", "lit": "yes", "length_m": 3.27, "type_element": "Way", "__fid": 80825}, "geometry": {"type": "LineString", "coordinates": [[2.3607029, 48.8845908], [2.3606583, 48.8845916]]}}, {"type": "Feature", "properties": {"highway": "footway", "footway": "crossing", "name": null, "surface": null, "lit": "yes", "length_m": 7.08, "type_element": "Way", "__fid": 80851}, "geometry": {"type": "LineString", "coordinates": [[2.3606457, 48.88828330000002], [2.3607416, 48.88829039999999]]}}, {"type": "Feature", "properties": {"highway": "footway", "footway": "sidewalk", "name": null, "surface": null, "lit": "yes", "length_m": 7.31, "type_element": "Way", "__fid": 80852}, "geometry": {"type": "LineString", "coordinates": [[2.3606591, 48.88821820000001], [2.3606457, 48.88828330000002]]}}, {"type": "Feature", "properties": {"highway": "pedestrian", "footway": null, "name": "Place de la Chapelle", "surface": "asphalt", "lit": "yes", "length_m": 9.75, "type_element": "Way", "__fid": 80868}, "geometry": {"type": "LineString", "coordinates": [[2.3607029, 48.8845908], [2.3607712, 48.8845156]]}}, {"type": "Feature", "properties": {"highway": "footway", "footway": "sidewalk", "name": null, "surface": "asphalt", "lit": "yes", "length_m": 47.39, "type_element": "Way", "__fid": 80869}, "geometry": {"type": "LineString", "coordinates": [[2.3613491, 48.8845844], [2.3607029, 48.8845908]]}}, {"type": "Feature", "properties": {"highway": "pedestrian", "footway": null, "name": "Rue Romy Schneider", "surface": "asphalt", "lit": "yes", "length_m": 9.08, "type_element": "Way", "__fid": 80872}, "geometry": {"type": "LineString", "coordinates": [[2.3606591, 48.88821820000001], [2.3607827, 48.8882225]]}}, {"type": "Feature", "properties": {"highway": "footway", "footway": "sidewalk", "name": null, "surface": null, "lit": "yes", "length_m": 154.85, "type_element": "Way", "__fid": 80873}, "geometry": {"type": "LineString", "coordinates": [[2.3609293, 48.8868371], [2.3606591, 48.88821820000001]]}}, {"type": "Feature", "properties": {"highway": "service", "footway": null, "name": "Impasse Dupuy", "surface": "concrete", "lit": "yes", "length_m": 3.78, "type_element": "Way", "__fid": 80880}, "geometry": {"type": "LineString", "coordinates": [[2.3607255, 48.888367299999985], [2.360674, 48.8883675]]}}, {"type": "Feature", "properties": {"highway": "footway", "footway": "sidewalk", "name": null, "surface": "asphalt", "lit": "yes", "length_m": 8.63, "type_element": "Way", "__fid": 80929}, "geometry": {"type": "LineString", "coordinates": [[2.3607255, 48.888367299999985], [2.3607416, 48.88829039999999]]}}, {"type": "Feature", "properties": {"highway": "service", "footway": null, "name": "Impasse Dupuy", "surface": "concrete", "lit": null, "length_m": 86.09, "type_element": "Way", "__fid": 80930}, "geometry": {"type": "LineString", "coordinates": [[2.3618995, 48.8883636], [2.3607255, 48.888367299999985]]}}, {"type": "Feature", "properties": {"highway": "footway", "footway": "sidewalk", "name": null, "surface": null, "lit": "yes", "length_m": 5.66, "type_element": "Way", "__fid": 80947}, "geometry": {"type": "LineString", "coordinates": [[2.3607416, 48.88829039999999], [2.3607536, 48.8882657], [2.3607878, 48.8882551]]}}, {"type": "Feature", "properties": {"highway": "footway", "footway": "crossing", "name": null, "surface": null, "lit": "yes", "length_m": 3.79, "type_element": "Way", "__fid": 80979}, "geometry": {"type": "LineString", "coordinates": [[2.3607878, 48.8882551], [2.3607791, 48.8882436], [2.3607827, 48.8882225]]}}, {"type": "Feature", "properties": {"highway": "footway", "footway": "crossing", "name": null, "surface": null, "lit": "yes", "length_m": 4.22, "type_element": "Way", "__fid": 80980}, "geometry": {"type": "LineString", "coordinates": [[2.3607827, 48.8882225], [2.3607912, 48.888185]]}}, {"type": "Feature", "properties": {"highway": "pedestrian", "footway": null, "name": "Rue Romy Schneider", "surface": "asphalt", "lit": "yes", "length_m": 85.37, "type_element": "Way", "__fid": 80981}, "geometry": {"type": "LineString", "coordinates": [[2.3618922, 48.8880069], [2.3609985, 48.8882159], [2.3607827, 48.8882225]]}}, {"type": "Feature", "properties": {"highway": "footway", "footway": "sidewalk", "name": null, "surface": "asphalt", "lit": "yes", "length_m": 85.71, "type_element": "Way", "__fid": 80985}, "geometry": {"type": "LineString", "coordinates": [[2.3607878, 48.8882551], [2.3608415, 48.888248], [2.3610728, 48.8882449], [2.361787, 48.8880787], [2.3619124, 48.8880787]]}}, {"type": "Feature", "properties": {"highway": "footway", "footway": "sidewalk", "name": null, "surface": "asphalt", "lit": "yes", "length_m": 83.06, "type_element": "Way", "__fid": 80990}, "geometry": {"type": "LineString", "coordinates": [[2.3607912, 48.888185], [2.3610024, 48.8881867], [2.3618057, 48.88799270000001], [2.3618637, 48.887972]]}}, {"type": "Feature", "properties": {"highway": "footway", "footway": "sidewalk", "name": null, "surface": "asphalt", "lit": "yes", "length_m": 152.59, "type_element": "Way", "__fid": 80991}, "geometry": {"type": "LineString", "coordinates": [[2.3610301, 48.886845200000025], [2.3607892, 48.8880598], [2.3607677, 48.8880677], [2.360755, 48.8881616], [2.3607671, 48.8881801], [2.3607912, 48.888185]]}}, {"type": "Feature", "properties": {"highway": "footway", "footway": "sidewalk", "name": null, "surface": "asphalt", "lit": "yes", "length_m": 4.25, "type_element": "Way", "__fid": 81023}, "geometry": {"type": "LineString", "coordinates": [[2.360853, 48.88611560000001], [2.3609101, 48.8861222]]}}, {"type": "Feature", "properties": {"highway": "footway", "footway": "sidewalk", "name": null, "surface": "asphalt", "lit": "yes", "length_m": 63.43, "type_element": "Way", "__fid": 81024}, "geometry": {"type": "LineString", "coordinates": [[2.360853, 48.88611560000001], [2.3609813, 48.8865157], [2.3609883, 48.8865942], [2.3609737, 48.8866765]]}}, {"type": "Feature", "properties": {"highway": "footway", "footway": "sidewalk", "name": null, "surface": "asphalt", "lit": "yes", "length_m": 8.32, "type_element": "Way", "__fid": 81070}, "geometry": {"type": "LineString", "coordinates": [[2.3609101, 48.8861222], [2.3610219, 48.8861351]]}}, {"type": "Feature", "properties": {"highway": "pedestrian", "footway": null, "name": "Rue Pajol", "surface": "asphalt", "lit": "yes", "length_m": 39.88, "type_element": "Way", "__fid": 81071}, "geometry": {"type": "LineString", "coordinates": [[2.3609101, 48.8861222], [2.3609, 48.88616180000002], [2.3609332, 48.88625309999998], [2.3610503, 48.886464]]}}, {"type": "Feature", "properties": {"highway": "pedestrian", "footway": null, "name": "Rue Pajol", "surface": "asphalt", "lit": "yes", "length_m": 4.85, "type_element": "Way", "__fid": 81072}, "geometry": {"type": "LineString", "coordinates": [[2.3609299, 48.8860806], [2.3609101, 48.8861222]]}}, {"type": "Feature", "properties": {"highway": "footway", "footway": "sidewalk", "name": null, "surface": null, "lit": "yes", "length_m": 2.44, "type_element": "Way", "__fid": 81080}, "geometry": {"type": "LineString", "coordinates": [[2.3609105, 48.886819], [2.3609293, 48.8868371]]}}, {"type": "Feature", "properties": {"highway": "footway", "footway": "crossing", "name": null, "surface": "asphalt", "lit": "yes", "length_m": 8.7, "type_element": "Way", "__fid": 81081}, "geometry": {"type": "LineString", "coordinates": [[2.3609105, 48.886819], [2.360940766666662, 48.886743366666686]]}}, {"type": "Feature", "properties": {"highway": "footway", "footway": "crossing", "name": null, "surface": null, "lit": "yes", "length_m": 7.45, "type_element": "Way", "__fid": 81105}, "geometry": {"type": "LineString", "coordinates": [[2.3609293, 48.8868371], [2.3610301, 48.886845200000025]]}}, {"type": "Feature", "properties": {"highway": "footway", "footway": "sidewalk", "name": null, "surface": "asphalt", "lit": "yes", "length_m": 8.12, "type_element": "Way", "__fid": 81112}, "geometry": {"type": "LineString", "coordinates": [[2.3609737, 48.8866765], [2.3609622, 48.8867282], [2.360940766666662, 48.886743366666686]]}}, {"type": "Feature", "properties": {"highway": "footway", "footway": "crossing", "name": null, "surface": "asphalt", "lit": "yes", "length_m": 2.71, "type_element": "Way", "__fid": 81143}, "geometry": {"type": "LineString", "coordinates": [[2.3609737, 48.8866765], [2.3610105, 48.8866788]]}}, {"type": "Feature", "properties": {"highway": "pedestrian", "footway": null, "name": "Rue Philippe de Girard", "surface": "asphalt", "lit": "yes", "length_m": 10.32, "type_element": "Way", "__fid": 81151}, "geometry": {"type": "LineString", "coordinates": [[2.3609808, 48.8867695], [2.3610105, 48.8866788]]}}, {"type": "Feature", "properties": {"highway": "footway", "footway": "traffic_island", "name": null, "surface": "paving_stones", "lit": "yes", "length_m": 10.17, "type_element": "Way", "__fid": 81165}, "geometry": {"type": "LineString", "coordinates": [[2.3610105, 48.8866788], [2.3611052, 48.8866773], [2.3611463, 48.8866669]]}}, {"type": "Feature", "properties": {"highway": "pedestrian", "footway": null, "name": "Rue Philippe de Girard", "surface": "asphalt", "lit": "yes", "length_m": 24.06, "type_element": "Way", "__fid": 81166}, "geometry": {"type": "LineString", "coordinates": [[2.3610105, 48.8866788], [2.3610503, 48.886464]]}}, {"type": "Feature", "properties": {"highway": "footway", "footway": "crossing", "name": null, "surface": "asphalt", "lit": "yes", "length_m": 7.23, "type_element": "Way", "__fid": 81169}, "geometry": {"type": "LineString", "coordinates": [[2.3610219, 48.8861351], [2.3611194, 48.8861445]]}}, {"type": "Feature", "properties": {"highway": "footway", "footway": "crossing", "name": null, "surface": "asphalt", "lit": "yes", "length_m": 11.75, "type_element": "Way", "__fid": 81170}, "geometry": {"type": "LineString", "coordinates": [[2.3610219, 48.8861351], [2.3610459, 48.8860306]]}}, {"type": "Feature", "properties": {"highway": "footway", "footway": "sidewalk", "name": null, "surface": "paving_stones", "lit": "yes", "length_m": 12.18, "type_element": "Way", "__fid": 81203}, "geometry": {"type": "LineString", "coordinates": [[2.3611494, 48.8868039], [2.361103, 48.88680140000001], [2.3610373, 48.88681110000001], [2.3610301, 48.886845200000025]]}}, {"type": "Feature", "properties": {"highway": "footway", "footway": "sidewalk", "name": null, "surface": "asphalt", "lit": "yes", "length_m": 3.21, "type_element": "Way", "__fid": 81212}, "geometry": {"type": "LineString", "coordinates": [[2.3610896, 48.8860301], [2.3610459, 48.8860306]]}}, {"type": "Feature", "properties": {"highway": "pedestrian", "footway": null, "name": "Rue Pajol", "surface": "asphalt", "lit": "yes", "length_m": 23.63, "type_element": "Way", "__fid": 81219}, "geometry": {"type": "LineString", "coordinates": [[2.3610503, 48.886464], [2.3611463, 48.8866669]]}}, {"type": "Feature", "properties": {"highway": "pedestrian", "footway": null, "name": "Rue Philippe de Girard", "surface": "asphalt", "lit": "yes", "length_m": 35.89, "type_element": "Way", "__fid": 81220}, "geometry": {"type": "LineString", "coordinates": [[2.3610503, 48.886464], [2.3611194, 48.8861445]]}}, {"type": "Feature", "properties": {"highway": "footway", "footway": "crossing", "name": null, "surface": "asphalt", "lit": "yes", "length_m": 7.91, "type_element": "Way", "__fid": 81238}, "geometry": {"type": "LineString", "coordinates": [[2.3610896, 48.8860301], [2.3611975, 48.8860292]]}}, {"type": "Feature", "properties": {"highway": "footway", "footway": "sidewalk", "name": null, "surface": "asphalt", "lit": "yes", "length_m": 161.0, "type_element": "Way", "__fid": 81239}, "geometry": {"type": "LineString", "coordinates": [[2.3613803, 48.884595], [2.3610896, 48.8860301]]}}, {"type": "Feature", "properties": {"highway": "footway", "footway": "crossing", "name": null, "surface": "asphalt", "lit": "yes", "length_m": 2.32, "type_element": "Way", "__fid": 81263}, "geometry": {"type": "LineString", "coordinates": [[2.361150833333302, 48.88614710000016], [2.3611194, 48.8861445]]}}, {"type": "Feature", "properties": {"highway": "pedestrian", "footway": null, "name": "Rue Philippe de Girard", "surface": "asphalt", "lit": "yes", "length_m": 6.04, "type_element": "Way", "__fid": 81264}, "geometry": {"type": "LineString", "coordinates": [[2.3611194, 48.8861445], [2.3611306, 48.8860907]]}}, {"type": "Feature", "properties": {"highway": "footway", "footway": "sidewalk", "name": null, "surface": "asphalt", "lit": "yes", "length_m": 2.92, "type_element": "Way", "__fid": 81291}, "geometry": {"type": "LineString", "coordinates": [[2.3611894, 48.8861404], [2.361150833333302, 48.88614710000016]]}}, {"type": "Feature", "properties": {"highway": "footway", "footway": "sidewalk", "name": null, "surface": "asphalt", "lit": "yes", "length_m": 57.79, "type_element": "Way", "__fid": 81292}, "geometry": {"type": "LineString", "coordinates": [[2.361182860000132, 48.88665768000012], [2.3611359, 48.8865686], [2.3611017, 48.88645349999999], [2.361150833333302, 48.88614710000016]]}}, {"type": "Feature", "properties": {"highway": "pedestrian", "footway": null, "name": "Rue Pajol", "surface": "asphalt", "lit": "yes", "length_m": 6.49, "type_element": "Way", "__fid": 81293}, "geometry": {"type": "LineString", "coordinates": [[2.3611463, 48.8866669], [2.3611749, 48.8867221]]}}, {"type": "Feature", "properties": {"highway": "footway", "footway": "crossing", "name": null, "surface": "asphalt", "lit": "yes", "length_m": 2.87, "type_element": "Way", "__fid": 81294}, "geometry": {"type": "LineString", "coordinates": [[2.3611463, 48.8866669], [2.361182860000132, 48.88665768000012]]}}, {"type": "Feature", "properties": {"highway": "footway", "footway": "sidewalk", "name": null, "surface": "asphalt", "lit": "yes", "length_m": 137.97, "type_element": "Way", "__fid": 81298}, "geometry": {"type": "LineString", "coordinates": [[2.3618661, 48.887942], [2.3618597, 48.887931], [2.3618302, 48.8879264], [2.3611494, 48.8868039]]}}, {"type": "Feature", "properties": {"highway": "footway", "footway": "crossing", "name": null, "surface": "asphalt", "lit": "yes", "length_m": 9.42, "type_element": "Way", "__fid": 81299}, "geometry": {"type": "LineString", "coordinates": [[2.3611494, 48.8868039], [2.3612653, 48.8867674]]}}, {"type": "Feature", "properties": {"highway": "footway", "footway": "sidewalk", "name": null, "surface": "asphalt", "lit": "yes", "length_m": 4.86, "type_element": "Way", "__fid": 81331}, "geometry": {"type": "LineString", "coordinates": [[2.3612457, 48.8866606], [2.3612112, 48.88666579999999], [2.361182860000132, 48.88665768000012]]}}, {"type": "Feature", "properties": {"highway": "footway", "footway": "sidewalk", "name": null, "surface": "asphalt", "lit": "yes", "length_m": 118.75, "type_element": "Way", "__fid": 81332}, "geometry": {"type": "LineString", "coordinates": [[2.3611894, 48.8861404], [2.3627304, 48.886230800000014], [2.3627492, 48.8862423], [2.362766, 48.886271]]}}, {"type": "Feature", "properties": {"highway": "footway", "footway": "crossing", "name": null, "surface": "asphalt", "lit": "yes", "length_m": 10.51, "type_element": "Way", "__fid": 81333}, "geometry": {"type": "LineString", "coordinates": [[2.3612142, 48.8860473], [2.3611894, 48.8861404]]}}, {"type": "Feature", "properties": {"highway": "footway", "footway": "sidewalk", "name": null, "surface": "asphalt", "lit": "yes", "length_m": 2.36, "type_element": "Way", "__fid": 81346}, "geometry": {"type": "LineString", "coordinates": [[2.3612142, 48.8860473], [2.3611975, 48.8860292]]}}, {"type": "Feature", "properties": {"highway": "footway", "footway": "sidewalk", "name": null, "surface": "asphalt", "lit": "yes", "length_m": 160.94, "type_element": "Way", "__fid": 81347}, "geometry": {"type": "LineString", "coordinates": [[2.3611975, 48.8860292], [2.3613337, 48.8853671], [2.3614766, 48.8845937]]}}, {"type": "Feature", "properties": {"highway": "footway", "footway": "sidewalk", "name": null, "surface": "asphalt", "lit": "yes", "length_m": 127.38, "type_element": "Way", "__fid": 81358}, "geometry": {"type": "LineString", "coordinates": [[2.3612142, 48.8860473], [2.3612545, 48.886058], [2.3627244, 48.8861466], [2.3628598, 48.8861938], [2.362886, 48.8862326]]}}, {"type": "Feature", "properties": {"highway": "footway", "footway": "crossing", "name": null, "surface": "asphalt", "lit": "yes", "length_m": 9.87, "type_element": "Way", "__fid": 81379}, "geometry": {"type": "LineString", "coordinates": [[2.3612457, 48.8866606], [2.3613055, 48.8867401]]}}, {"type": "Feature", "properties": {"highway": "footway", "footway": "sidewalk", "name": null, "surface": "asphalt", "lit": "yes", "length_m": 117.54, "type_element": "Way", "__fid": 81380}, "geometry": {"type": "LineString", "coordinates": [[2.3627403, 48.88627870000001], [2.3612457, 48.8866606]]}}, {"type": "Feature", "properties": {"highway": "footway", "footway": "sidewalk", "name": null, "surface": "paving_stones", "lit": "yes", "length_m": 127.34, "type_element": "Way", "__fid": 81399}, "geometry": {"type": "LineString", "coordinates": [[2.3612653, 48.8867674], [2.3612971, 48.88685120000002], [2.3613907, 48.8870108], [2.3617828, 48.8876374], [2.3618487, 48.8877198], [2.3619125, 48.8878286]]}}, {"type": "Feature", "properties": {"highway": "footway", "footway": "sidewalk", "name": null, "surface": "asphalt", "lit": "yes", "length_m": 4.23, "type_element": "Way", "__fid": 81400}, "geometry": {"type": "LineString", "coordinates": [[2.3612653, 48.8867674], [2.3613055, 48.8867401]]}}, {"type": "Feature", "properties": {"highway": "footway", "footway": "sidewalk", "name": null, "surface": "asphalt", "lit": "yes", "length_m": 22.05, "type_element": "Way", "__fid": 81455}, "geometry": {"type": "LineString", "coordinates": [[2.3613055, 48.8867401], [2.3615842, 48.88666569999999]]}}, {"type": "Feature", "properties": {"highway": "footway", "footway": "sidewalk", "name": null, "surface": "asphalt", "lit": "yes", "length_m": 2.57, "type_element": "Way", "__fid": 81483}, "geometry": {"type": "LineString", "coordinates": [[2.3613491, 48.8845844], [2.3613803, 48.884595]]}}, {"type": "Feature", "properties": {"highway": "footway", "footway": "crossing", "name": null, "surface": "asphalt", "lit": "yes", "length_m": 12.81, "type_element": "Way", "__fid": 81484}, "geometry": {"type": "LineString", "coordinates": [[2.3613491, 48.8845844], [2.3613623, 48.88446949999999]]}}, {"type": "Feature", "properties": {"highway": "footway", "footway": "sidewalk", "name": null, "surface": "asphalt", "lit": "yes", "length_m": 12.96, "type_element": "Way", "__fid": 81496}, "geometry": {"type": "LineString", "coordinates": [[2.3613623, 48.88446949999999], [2.361388, 48.8843542]]}}, {"type": "Feature", "properties": {"highway": "footway", "footway": "crossing", "name": null, "surface": "asphalt", "lit": "yes", "length_m": 12.92, "type_element": "Way", "__fid": 81508}, "geometry": {"type": "LineString", "coordinates": [[2.3613773, 48.8842222], [2.361388, 48.8843382]]}}, {"type": "Feature", "properties": {"highway": "footway", "footway": "sidewalk", "name": null, "surface": "asphalt", "lit": "yes", "length_m": 3.5, "type_element": "Way", "__fid": 81509}, "geometry": {"type": "LineString", "coordinates": [[2.3614081, 48.8841981], [2.3613773, 48.8842222]]}}, {"type": "Feature", "properties": {"highway": "footway", "footway": "crossing", "name": null, "surface": "asphalt", "lit": "yes", "length_m": 7.06, "type_element": "Way", "__fid": 81526}, "geometry": {"type": "LineString", "coordinates": [[2.3613803, 48.884595], [2.3614766, 48.8845937]]}}, {"type": "Feature", "properties": {"highway": "footway", "footway": "sidewalk", "name": null, "surface": "asphalt", "lit": "yes", "length_m": 1.78, "type_element": "Way", "__fid": 81534}, "geometry": {"type": "LineString", "coordinates": [[2.361388, 48.8843542], [2.361388, 48.8843382]]}}, {"type": "Feature", "properties": {"highway": "footway", "footway": "crossing", "name": null, "surface": "asphalt", "lit": "yes", "length_m": 8.12, "type_element": "Way", "__fid": 81535}, "geometry": {"type": "LineString", "coordinates": [[2.361388, 48.8843542], [2.361498, 48.88434609999998]]}}, {"type": "Feature", "properties": {"highway": "footway", "footway": "sidewalk", "name": null, "surface": "asphalt", "lit": "yes", "length_m": 3.58, "type_element": "Way", "__fid": 81551}, "geometry": {"type": "LineString", "coordinates": [[2.3614061, 48.8841659], [2.3614081, 48.8841981]]}}, {"type": "Feature", "properties": {"highway": "footway", "footway": "crossing", "name": null, "surface": "asphalt", "lit": "yes", "length_m": 10.68, "type_element": "Way", "__fid": 81552}, "geometry": {"type": "LineString", "coordinates": [[2.3614061, 48.8841659], [2.3614711, 48.88408]]}}, {"type": "Feature", "properties": {"highway": "footway", "footway": "crossing", "name": null, "surface": "asphalt", "lit": "yes", "length_m": 14.6, "type_element": "Way", "__fid": 81557}, "geometry": {"type": "LineString", "coordinates": [[2.3614081, 48.8841981], [2.3616066, 48.8842083]]}}, {"type": "Feature", "properties": {"highway": "footway", "footway": "crossing", "name": null, "surface": "asphalt", "lit": "yes", "length_m": 18.65, "type_element": "Way", "__fid": 81578}, "geometry": {"type": "LineString", "coordinates": [[2.3614836, 48.8831961], [2.3614436, 48.88303050000001]]}}, {"type": "Feature", "properties": {"highway": "footway", "footway": "sidewalk", "name": null, "surface": "asphalt", "lit": "yes", "length_m": 11.22, "type_element": "Way", "__fid": 81579}, "geometry": {"type": "LineString", "coordinates": [[2.3614436, 48.88303050000001], [2.3615497, 48.882957800000014]]}}, {"type": "Feature", "properties": {"highway": "living_street", "footway": null, "name": "Rue Philippe de Girard", "surface": "asphalt", "lit": "yes", "length_m": 19.17, "type_element": "Way", "__fid": 81602}, "geometry": {"type": "LineString", "coordinates": [[2.3614433, 48.8845147], [2.361498, 48.88434609999998]]}}, {"type": "Feature", "properties": {"highway": "footway", "footway": "sidewalk", "name": null, "surface": "asphalt", "lit": "yes", "length_m": 2.68, "type_element": "Way", "__fid": 81627}, "geometry": {"type": "LineString", "coordinates": [[2.3614711, 48.88408], [2.3615006, 48.88406579999999]]}}, {"type": "Feature", "properties": {"highway": "footway", "footway": "sidewalk", "name": null, "surface": "asphalt", "lit": "yes", "length_m": 2.46, "type_element": "Way", "__fid": 81632}, "geometry": {"type": "LineString", "coordinates": [[2.3615136, 48.883206], [2.3614836, 48.8831961]]}}, {"type": "Feature", "properties": {"highway": "footway", "footway": "sidewalk", "name": null, "surface": "asphalt", "lit": "yes", "length_m": 3.25, "type_element": "Way", "__fid": 81650}, "geometry": {"type": "LineString", "coordinates": [[2.3614766, 48.8845937], [2.3615181, 48.8845835]]}}, {"type": "Feature", "properties": {"highway": "footway", "footway": "sidewalk", "name": null, "surface": "asphalt", "lit": "yes", "length_m": 95.84, "type_element": "Way", "__fid": 81663}, "geometry": {"type": "LineString", "coordinates": [[2.3615006, 48.88406579999999], [2.3614939, 48.8840403], [2.3615291, 48.8832437], [2.3615136, 48.883206]]}}, {"type": "Feature", "properties": {"highway": "footway", "footway": "crossing", "name": null, "surface": "asphalt", "lit": "yes", "length_m": 8.47, "type_element": "Way", "__fid": 81664}, "geometry": {"type": "LineString", "coordinates": [[2.3615006, 48.88406579999999], [2.361616, 48.8840681]]}}, {"type": "Feature", "properties": {"highway": "footway", "footway": "crossing", "name": null, "surface": "asphalt", "lit": "yes", "length_m": 6.77, "type_element": "Way", "__fid": 81669}, "geometry": {"type": "LineString", "coordinates": [[2.361498, 48.88434609999998], [2.3615898, 48.88435290000001]]}}, {"type": "Feature", "properties": {"highway": "living_street", "footway": null, "name": "Rue Philippe de Girard", "surface": "asphalt", "lit": "yes", "length_m": 6.86, "type_element": "Way", "__fid": 81670}, "geometry": {"type": "LineString", "coordinates": [[2.361498, 48.88434609999998], [2.3615176, 48.8842858]]}}, {"type": "Feature", "properties": {"highway": "footway", "footway": "crossing", "name": null, "surface": "asphalt", "lit": "yes", "length_m": 14.54, "type_element": "Way", "__fid": 81671}, "geometry": {"type": "LineString", "coordinates": [[2.3616817, 48.8831397], [2.3616648, 48.88314], [2.3615136, 48.883206]]}}, {"type": "Feature", "properties": {"highway": "footway", "footway": "sidewalk", "name": null, "surface": "asphalt", "lit": "yes", "length_m": 26.36, "type_element": "Way", "__fid": 81689}, "geometry": {"type": "LineString", "coordinates": [[2.3615181, 48.8845835], [2.3615721, 48.88447930000001], [2.3615898, 48.88435290000001]]}}, {"type": "Feature", "properties": {"highway": "footway", "footway": "sidewalk", "name": null, "surface": "asphalt", "lit": "yes", "length_m": 84.13, "type_element": "Way", "__fid": 81690}, "geometry": {"type": "LineString", "coordinates": [[2.3615181, 48.8845835], [2.3626653, 48.8845761]]}}, {"type": "Feature", "properties": {"highway": "footway", "footway": "sidewalk", "name": null, "surface": "asphalt", "lit": "yes", "length_m": 6.38, "type_element": "Way", "__fid": 81711}, "geometry": {"type": "LineString", "coordinates": [[2.361622, 48.8829897], [2.3615497, 48.882957800000014]]}}, {"type": "Feature", "properties": {"highway": "footway", "footway": "sidewalk", "name": null, "surface": "asphalt", "lit": "yes", "length_m": 8.2, "type_element": "Way", "__fid": 81712}, "geometry": {"type": "LineString", "coordinates": [[2.3615497, 48.882957800000014], [2.361595, 48.8828904]]}}, {"type": "Feature", "properties": {"highway": "footway", "footway": "sidewalk", "name": null, "surface": "asphalt", "lit": "yes", "length_m": 19.44, "type_element": "Way", "__fid": 81749}, "geometry": {"type": "LineString", "coordinates": [[2.361595, 48.8828904], [2.3616193, 48.882851], [2.3616207, 48.8827187]]}}, {"type": "Feature", "properties": {"highway": "footway", "footway": "sidewalk", "name": null, "surface": "asphalt", "lit": "yes", "length_m": 5.59, "type_element": "Way", "__fid": 81750}, "geometry": {"type": "LineString", "coordinates": [[2.361595, 48.8828904], [2.3616703, 48.8828825]]}}, {"type": "Feature", "properties": {"highway": "service", "footway": null, "name": null, "surface": "asphalt", "lit": "yes", "length_m": 5.31, "type_element": "Way", "__fid": 81760}, "geometry": {"type": "LineString", "coordinates": [[2.361622, 48.8829897], [2.3616022, 48.8830356]]}}, {"type": "Feature", "properties": {"highway": "service", "footway": null, "name": null, "surface": "asphalt", "lit": "yes", "length_m": 5.11, "type_element": "Way", "__fid": 81761}, "geometry": {"type": "LineString", "coordinates": [[2.3615588, 48.8866229], [2.3615842, 48.88666569999999]]}}, {"type": "Feature", "properties": {"highway": "footway", "footway": "crossing", "name": null, "surface": "asphalt", "lit": "yes", "length_m": 14.87, "type_element": "Way", "__fid": 81767}, "geometry": {"type": "LineString", "coordinates": [[2.3616317, 48.8842297], [2.3616279, 48.88432820000001], [2.3615898, 48.88435290000001]]}}, {"type": "Feature", "properties": {"highway": "footway", "footway": "sidewalk", "name": null, "surface": "asphalt", "lit": "yes", "length_m": 3.01, "type_element": "Way", "__fid": 81780}, "geometry": {"type": "LineString", "coordinates": [[2.3616317, 48.8842297], [2.3616066, 48.8842083]]}}, {"type": "Feature", "properties": {"highway": "footway", "footway": "sidewalk", "name": null, "surface": "asphalt", "lit": "yes", "length_m": 15.61, "type_element": "Way", "__fid": 81781}, "geometry": {"type": "LineString", "coordinates": [[2.3616066, 48.8842083], [2.361616, 48.8840681]]}}, {"type": "Feature", "properties": {"highway": "footway", "footway": "crossing", "name": null, "surface": "asphalt", "lit": "yes", "length_m": 13.28, "type_element": "Way", "__fid": 81782}, "geometry": {"type": "LineString", "coordinates": [[2.3617364, 48.8830823], [2.361622, 48.8829897]]}}, {"type": "Feature", "properties": {"highway": "service", "footway": null, "name": null, "surface": "asphalt", "lit": "yes", "length_m": 12.44, "type_element": "Way", "__fid": 81783}, "geometry": {"type": "LineString", "coordinates": [[2.3616703, 48.8828825], [2.361622, 48.8829897]]}}, {"type": "Feature", "properties": {"highway": "footway", "footway": "sidewalk", "name": null, "surface": "asphalt", "lit": "yes", "length_m": 103.48, "type_element": "Way", "__fid": 81787}, "geometry": {"type": "LineString", "coordinates": [[2.361616, 48.8840681], [2.3616331, 48.8840304], [2.3616817, 48.8831397]]}}, {"type": "Feature", "properties": {"highway": "service", "footway": null, "name": null, "surface": null, "lit": null, "length_m": 15.03, "type_element": "Way", "__fid": 81788}, "geometry": {"type": "LineString", "coordinates": [[2.3615842, 48.88666569999999], [2.3616591, 48.8867915]]}}, {"type": "Feature", "properties": {"highway": "footway", "footway": "sidewalk", "name": null, "surface": "asphalt", "lit": "yes", "length_m": 4.12, "type_element": "Way", "__fid": 81789}, "geometry": {"type": "LineString", "coordinates": [[2.3615842, 48.88666569999999], [2.3616366, 48.88665240000002]]}}, {"type": "Feature", "properties": {"highway": "footway", "footway": "sidewalk", "name": null, "surface": "asphalt", "lit": "yes", "length_m": 127.91, "type_element": "Way", "__fid": 81809}, "geometry": {"type": "LineString", "coordinates": [[2.3633755, 48.884229800000014], [2.3625151, 48.8842377], [2.3621071, 48.884226799999986], [2.3616317, 48.8842297]]}}, {"type": "Feature", "properties": {"highway": "service", "footway": null, "name": null, "surface": "concrete", "lit": "yes", "length_m": 5.07, "type_element": "Way", "__fid": 81825}, "geometry": {"type": "LineString", "coordinates": [[2.361612, 48.8866098], [2.3616366, 48.88665240000002]]}}, {"type": "Feature", "properties": {"highway": "service", "footway": null, "name": null, "surface": "asphalt", "lit": "yes", "length_m": 13.81, "type_element": "Way", "__fid": 81836}, "geometry": {"type": "LineString", "coordinates": [[2.3617251, 48.8827637], [2.3616703, 48.8828825]]}}, {"type": "Feature", "properties": {"highway": "footway", "footway": "sidewalk", "name": null, "surface": "asphalt", "lit": "yes", "length_m": 42.35, "type_element": "Way", "__fid": 81837}, "geometry": {"type": "LineString", "coordinates": [[2.3616703, 48.8828825], [2.3617486, 48.8828646], [2.3618453, 48.8828287], [2.3621216, 48.8826889], [2.3621077, 48.8826674]]}}, {"type": "Feature", "properties": {"highway": "service", "footway": null, "name": null, "surface": null, "lit": null, "length_m": 22.25, "type_element": "Way", "__fid": 81847}, "geometry": {"type": "LineString", "coordinates": [[2.3616366, 48.88665240000002], [2.3617228, 48.8868041], [2.3616692, 48.8868182]]}}, {"type": "Feature", "properties": {"highway": "footway", "footway": "sidewalk", "name": null, "surface": "asphalt", "lit": "yes", "length_m": 6.77, "type_element": "Way", "__fid": 81848}, "geometry": {"type": "LineString", "coordinates": [[2.3616366, 48.88665240000002], [2.3617229, 48.88663080000001]]}}, {"type": "Feature", "properties": {"highway": "footway", "footway": "sidewalk", "name": null, "surface": "asphalt", "lit": "yes", "length_m": 7.54, "type_element": "Way", "__fid": 81851}, "geometry": {"type": "LineString", "coordinates": [[2.3616817, 48.8831397], [2.3617364, 48.8830823]]}}, {"type": "Feature", "properties": {"highway": "footway", "footway": "sidewalk", "name": null, "surface": "asphalt", "lit": "yes", "length_m": 60.02, "type_element": "Way", "__fid": 81898}, "geometry": {"type": "LineString", "coordinates": [[2.3617364, 48.8830823], [2.361812, 48.883003], [2.3623354, 48.8827205]]}}, {"type": "Feature", "properties": {"highway": "service", "footway": null, "name": null, "surface": "concrete", "lit": "yes", "length_m": 5.05, "type_element": "Way", "__fid": 81901}, "geometry": {"type": "LineString", "coordinates": [[2.3616977, 48.8865885], [2.3617229, 48.88663080000001]]}}, {"type": "Feature", "properties": {"highway": "service", "footway": null, "name": null, "surface": null, "lit": null, "length_m": 19.14, "type_element": "Way", "__fid": 81926}, "geometry": {"type": "LineString", "coordinates": [[2.3617229, 48.88663080000001], [2.3618139, 48.8867921]]}}, {"type": "Feature", "properties": {"highway": "footway", "footway": "sidewalk", "name": null, "surface": "asphalt", "lit": "yes", "length_m": 12.27, "type_element": "Way", "__fid": 81927}, "geometry": {"type": "LineString", "coordinates": [[2.3617229, 48.88663080000001], [2.3618797, 48.8865923]]}}, {"type": "Feature", "properties": {"highway": "pedestrian", "footway": null, "name": "Rue Louis Blanc", "surface": "asphalt", "lit": "yes", "length_m": 38.29, "type_element": "Way", "__fid": 81971}, "geometry": {"type": "LineString", "coordinates": [[2.3618197, 48.8829193], [2.362229, 48.8827055]]}}, {"type": "Feature", "properties": {"highway": "service", "footway": null, "name": null, "surface": null, "lit": null, "length_m": 4.59, "type_element": "Way", "__fid": 82012}, "geometry": {"type": "LineString", "coordinates": [[2.3618139, 48.8867921], [2.3618359, 48.8868307]]}}, {"type": "Feature", "properties": {"highway": "footway", "footway": null, "name": null, "surface": null, "lit": null, "length_m": 91.25, "type_element": "Way", "__fid": 82013}, "geometry": {"type": "LineString", "coordinates": [[2.3618139, 48.8867921], [2.362735, 48.8865543], [2.3626419, 48.8863976]]}}, {"type": "Feature", "properties": {"highway": "footway", "footway": null, "name": null, "surface": "sett", "lit": "yes", "length_m": 5.11, "type_element": "Way", "__fid": 82048}, "geometry": {"type": "LineString", "coordinates": [[2.3618797, 48.8865923], [2.3618608, 48.8865481]]}}, {"type": "Feature", "properties": {"highway": "pedestrian", "footway": null, "name": "Esplanade Nathalie Sarraute", "surface": "paving_stones", "lit": "yes", "length_m": 5.05, "type_element": "Way", "__fid": 82054}, "geometry": {"type": "LineString", "coordinates": [[2.3618479, 48.8878443], [2.3619125, 48.8878286]]}}, {"type": "Feature", "properties": {"highway": "footway", "footway": null, "name": null, "surface": "sett", "lit": "yes", "length_m": 3.08, "type_element": "Way", "__fid": 82079}, "geometry": {"type": "LineString", "coordinates": [[2.3618936, 48.88661840000002], [2.3618797, 48.8865923]]}}, {"type": "Feature", "properties": {"highway": "footway", "footway": "sidewalk", "name": null, "surface": "asphalt", "lit": "yes", "length_m": 56.55, "type_element": "Way", "__fid": 82080}, "geometry": {"type": "LineString", "coordinates": [[2.3618797, 48.8865923], [2.362599, 48.886409]]}}, {"type": "Feature", "properties": {"highway": "footway", "footway": "crossing", "name": null, "surface": "asphalt", "lit": "yes", "length_m": 4.41, "type_element": "Way", "__fid": 82083}, "geometry": {"type": "LineString", "coordinates": [[2.3618637, 48.887972], [2.3618922, 48.8880069]]}}, {"type": "Feature", "properties": {"highway": "footway", "footway": "sidewalk", "name": null, "surface": "asphalt", "lit": "yes", "length_m": 3.34, "type_element": "Way", "__fid": 82084}, "geometry": {"type": "LineString", "coordinates": [[2.3618637, 48.887972], [2.3618661, 48.887942]]}}, {"type": "Feature", "properties": {"highway": "footway", "footway": "crossing", "name": null, "surface": "asphalt", "lit": "yes", "length_m": 6.68, "type_element": "Way", "__fid": 82088}, "geometry": {"type": "LineString", "coordinates": [[2.3619519, 48.8879218], [2.3618661, 48.887942]]}}, {"type": "Feature", "properties": {"highway": "footway", "footway": null, "name": null, "surface": "sett", "lit": null, "length_m": 27.52, "type_element": "Way", "__fid": 82100}, "geometry": {"type": "LineString", "coordinates": [[2.3621326, 48.8866217], [2.3619251, 48.8866991], [2.3618795, 48.8866294], [2.3618936, 48.88661840000002]]}}, {"type": "Feature", "properties": {"highway": "footway", "footway": "crossing", "name": null, "surface": "asphalt", "lit": "yes", "length_m": 8.43, "type_element": "Way", "__fid": 82111}, "geometry": {"type": "LineString", "coordinates": [[2.3618922, 48.8880069], [2.3619204, 48.8880562], [2.3619124, 48.8880787]]}}, {"type": "Feature", "properties": {"highway": "pedestrian", "footway": null, "name": "Rue Romy Schneider", "surface": "asphalt", "lit": "yes", "length_m": 3.63, "type_element": "Way", "__fid": 82112}, "geometry": {"type": "LineString", "coordinates": [[2.361939, 48.8879962], [2.3618922, 48.8880069]]}}, {"type": "Feature", "properties": {"highway": "footway", "footway": "sidewalk", "name": null, "surface": "paving_stones", "lit": "yes", "length_m": 10.76, "type_element": "Way", "__fid": 82134}, "geometry": {"type": "LineString", "coordinates": [[2.3619125, 48.8878286], [2.3619519, 48.8879218]]}}, {"type": "Feature", "properties": {"highway": "pedestrian", "footway": null, "name": "Esplanade Nathalie Sarraute", "surface": "paving_stones", "lit": "yes", "length_m": 5.05, "type_element": "Way", "__fid": 82135}, "geometry": {"type": "LineString", "coordinates": [[2.3619125, 48.8878286], [2.361977, 48.8878128]]}}, {"type": "Feature", "properties": {"highway": "footway", "footway": "sidewalk", "name": null, "surface": "asphalt", "lit": "yes", "length_m": 2.61, "type_element": "Way", "__fid": 82139}, "geometry": {"type": "LineString", "coordinates": [[2.3619124, 48.8880787], [2.3619445, 48.8880889]]}}, {"type": "Feature", "properties": {"highway": "footway", "footway": "sidewalk", "name": null, "surface": "asphalt", "lit": "yes", "length_m": 117.31, "type_element": "Way", "__fid": 82168}, "geometry": {"type": "LineString", "coordinates": [[2.3619445, 48.8880889], [2.3620833, 48.8883199], [2.3620787, 48.88834330000001], [2.3622999, 48.888710500000016], [2.3622973, 48.8887357], [2.3623972, 48.8889081], [2.36243, 48.88892349999998], [2.3625132, 48.8890646]]}}, {"type": "Feature", "properties": {"highway": "footway", "footway": "crossing", "name": null, "surface": "asphalt", "lit": "yes", "length_m": 7.63, "type_element": "Way", "__fid": 82169}, "geometry": {"type": "LineString", "coordinates": [[2.3619445, 48.8880889], [2.3620371, 48.88805760000001]]}}, {"type": "Feature", "properties": {"highway": "footway", "footway": "sidewalk", "name": null, "surface": "paving_stones", "lit": "yes", "length_m": 16.34, "type_element": "Way", "__fid": 82178}, "geometry": {"type": "LineString", "coordinates": [[2.3619519, 48.8879218], [2.3620371, 48.88805760000001]]}}, {"type": "Feature", "properties": {"highway": "footway", "footway": null, "name": "Esplanade Nathalie Sarraute", "surface": "paving_stones", "lit": "yes", "length_m": 49.17, "type_element": "Way", "__fid": 82210}, "geometry": {"type": "LineString", "coordinates": [[2.361977, 48.8878128], [2.3622236, 48.888224]]}}, {"type": "Feature", "properties": {"highway": "pedestrian", "footway": null, "name": "Esplanade Nathalie Sarraute", "surface": "paving_stones", "lit": "yes", "length_m": 166.6, "type_element": "Way", "__fid": 82211}, "geometry": {"type": "LineString", "coordinates": [[2.361977, 48.8878128], [2.3620747, 48.887789], [2.3628253, 48.8890672], [2.3627418, 48.889087899999986]]}}, {"type": "Feature", "properties": {"highway": "footway", "footway": null, "name": null, "surface": null, "lit": null, "length_m": 68.54, "type_element": "Way", "__fid": 82228}, "geometry": {"type": "LineString", "coordinates": [[2.3620149, 48.88582610000001], [2.3620384, 48.8858375], [2.3620699, 48.8858371], [2.362654, 48.88579040000001], [2.3627935, 48.8857577], [2.362833, 48.8857414], [2.3629215, 48.8857277]]}}, {"type": "Feature", "properties": {"highway": "footway", "footway": "sidewalk", "name": null, "surface": "paving_stones", "lit": "yes", "length_m": 22.62, "type_element": "Way", "__fid": 82275}, "geometry": {"type": "LineString", "coordinates": [[2.3620371, 48.88805760000001], [2.3620592, 48.8880994], [2.3620847, 48.8881096], [2.3621678, 48.8882379]]}}, {"type": "Feature", "properties": {"highway": "footway", "footway": null, "name": null, "surface": "sett", "lit": "yes", "length_m": 43.06, "type_element": "Way", "__fid": 82334}, "geometry": {"type": "LineString", "coordinates": [[2.362601, 48.8864469], [2.3625809, 48.886491], [2.362544, 48.8865311], [2.3624642, 48.8865699], [2.3622993, 48.886618], [2.3621326, 48.8866217]]}}, {"type": "Feature", "properties": {"highway": "footway", "footway": "sidewalk", "name": null, "surface": "paving_stones", "lit": "yes", "length_m": 56.61, "type_element": "Way", "__fid": 82383}, "geometry": {"type": "LineString", "coordinates": [[2.3621678, 48.8882379], [2.3624428, 48.8887136]]}}, {"type": "Feature", "properties": {"highway": "footway", "footway": "sidewalk", "name": null, "surface": "paving_stones", "lit": "yes", "length_m": 4.37, "type_element": "Way", "__fid": 82384}, "geometry": {"type": "LineString", "coordinates": [[2.3621678, 48.8882379], [2.3622236, 48.888224]]}}, {"type": "Feature", "properties": {"highway": "footway", "footway": null, "name": "Esplanade Nathalie Sarraute", "surface": "paving_stones", "lit": "yes", "length_m": 56.69, "type_element": "Way", "__fid": 82428}, "geometry": {"type": "LineString", "coordinates": [[2.3622236, 48.888224], [2.362508, 48.8886981]]}}, {"type": "Feature", "properties": {"highway": "service", "footway": null, "name": null, "surface": null, "lit": null, "length_m": 147.6, "type_element": "Way", "__fid": 82559}, "geometry": {"type": "LineString", "coordinates": [[2.3626653, 48.8845761], [2.3626976, 48.8847378], [2.3627371, 48.8848335], [2.3627841, 48.8850148], [2.3627666, 48.8850646], [2.3628458, 48.88533], [2.3629075, 48.8853503], [2.3629403, 48.885494], [2.3623851, 48.885537700000015]]}}, {"type": "Feature", "properties": {"highway": "footway", "footway": "sidewalk", "name": null, "surface": "paving_stones", "lit": "yes", "length_m": 38.45, "type_element": "Way", "__fid": 82652}, "geometry": {"type": "LineString", "coordinates": [[2.3624428, 48.8887136], [2.3626412, 48.8890337]]}}, {"type": "Feature", "properties": {"highway": "footway", "footway": "sidewalk", "name": null, "surface": "paving_stones", "lit": "yes", "length_m": 5.08, "type_element": "Way", "__fid": 82653}, "geometry": {"type": "LineString", "coordinates": [[2.362508, 48.8886981], [2.3624428, 48.8887136]]}}, {"type": "Feature", "properties": {"highway": "footway", "footway": null, "name": null, "surface": null, "lit": null, "length_m": 28.34, "type_element": "Way", "__fid": 82695}, "geometry": {"type": "LineString", "coordinates": [[2.3624936, 48.8882279], [2.362852786412945, 48.88813388815494]]}}, {"type": "Feature", "properties": {"highway": "footway", "footway": null, "name": "Esplanade Nathalie Sarraute", "surface": "paving_stones", "lit": "yes", "length_m": 46.61, "type_element": "Way", "__fid": 82719}, "geometry": {"type": "LineString", "coordinates": [[2.362508, 48.8886981], [2.3627418, 48.889087899999986]]}}]}