{"type": "FeatureCollection", "features": [{"type": "Feature", "properties": {"@id": "node/928297362", "amenity": "drinking_water", "fountain": "drinking", "source": "Eau de Paris", "type_element": "Fontaines à boire", "__fid": 275}, "geometry": {"type": "Point", "coordinates": [2.3700245, 48.8315398]}, "id": "node/928297362"}, {"type": "Feature", "properties": {"@id": "node/7007440903", "amenity": "drinking_water", "fountain": "drinking", "type_element": "Fontaines à boire", "__fid": 663}, "geometry": {"type": "Point", "coordinates": [2.3696853, 48.8312657]}, "id": "node/7007440903"}, {"type": "Feature", "properties": {"@id": "node/7058495596", "amenity": "drinking_water", "fountain": "drinking", "type_element": "Fontaines à boire", "__fid": 666}, "geometry": {"type": "Point", "coordinates": [2.3706406, 48.8314783]}, "id": "node/7058495596"}, {"type": "Feature", "properties": {"@id": "node/11627968305", "amenity": "drinking_water", "indoor": "no", "type_element": "Fontaines à boire", "__fid": 909}, "geometry": {"type": "Point", "coordinates": [2.3701102, 48.8309745]}, "id": "node/11627968305"}, {"type": "Feature", "properties": {"@id": "node/11917923351", "amenity": "drinking_water", "fountain": "bubbler", "indoor": "no", "type_element": "Fontaines à boire", "__fid": 915}, "geometry": {"type": "Point", "coordinates": [2.3712334, 48.8296273]}, "id": "node/11917923351"}, {"type": "Feature", "geometry": {"type": "Point", "coordinates": [2.362792, 48.833846]}, "properties": {"id": 2525, "name": "Square Gustave Mesureur", "categorie": "Parcs, jardins et bois", "photo_url": "https://cdn.paris.fr/eqpts-prod/2022/05/10/1f6f8db54f37bc151b25c5beb55cebd1.jpg", "photo_credit": "Frédéric Combeau/ Ville de Paris", "photo_alt": null, "address_street": "105 rue Jeanne d'Arc", "address_postcode": "75013", "address_city": "PARIS", "phone": null, "accessibility": "{\"handicaps\": [{\"name\": \"Personnes à mobilité réduite\", \"status\": \"accessible\"}, {\"name\": \"Personnes déficientes visuelles\", \"status\": \"undefined\"}, {\"name\": \"Personnes déficientes auditives\", \"status\": \"undefined\"}, {\"name\": \"Personnes déficientes mentales\", \"status\": \"undefined\"}, {\"name\": \"Accueil en langue des signes\", \"status\": \"undefined\"}]}", "latitude": 48.833846, "longitude": 2.362792, "url": "https://www.paris.fr/lieux/square-gustave-mesureur-2525", "type_element": "Parcs, Jardins et Bois", "__fid": 1591}}, {"type": "Feature", "geometry": {"type": "Point", "coordinates": [2.370107, 48.830919]}, "properties": {"id": 2498, "name": "Square Héloïse et Abélard", "categorie": "Parcs, jardins et bois", "photo_url": "https://cdn.paris.fr/eqpts-prod/2026/03/10/b3f83d53ce5ba387af8487f9d94f5a34.jpg", "photo_credit": "Sonia Yassa / Ville de Paris", "photo_alt": null, "address_street": "22 rue Pierre Gourdault", "address_postcode": "75013", "address_city": "PARIS", "phone": null, "accessibility": "{\"handicaps\": [{\"name\": \"Personnes à mobilité réduite\", \"status\": \"accessible\"}, {\"name\": \"Personnes déficientes visuelles\", \"status\": \"accessible\"}, {\"name\": \"Personnes déficientes auditives\", \"status\": \"undefined\"}, {\"name\": \"Personnes déficientes mentales\", \"status\": \"undefined\"}, {\"name\": \"Accueil en langue des signes\", \"status\": \"undefined\"}]}", "latitude": 48.830919, "longitude": 2.370107, "url": "https://www.paris.fr/lieux/square-heloise-et-abelard-2498", "type_element": "Parcs, Jardins et Bois", "__fid": 1627}}, {"type": "Feature", "geometry": {"type": "Point", "coordinates": [2.366279, 48.83317]}, "properties": {"id": 2929, "name": "Piscine Dunois", "categorie": "Piscines", "photo_url": "https://cdn.paris.fr/eqpts-prod/2022/05/10/a4e2a17208224515229e16d9481d32e5.jpg", "photo_credit": "SANZ Gérard", "photo_alt": null, "address_street": "70, rue Dunois", "address_postcode": "75013", "address_city": "PARIS", "phone": "0145854481", "accessibility": "{\"handicaps\": [{\"name\": \"Personnes à mobilité réduite\", \"status\": \"non_accessible\"}, {\"name\": \"Personnes déficientes visuelles\", \"status\": \"accessible\"}, {\"name\": \"Personnes déficientes auditives\", \"status\": \"accessible\"}, {\"name\": \"Personnes déficientes mentales\", \"status\": \"accessible\"}, {\"name\": \"Accueil en langue des signes\", \"status\": \"undefined\"}]}", "latitude": 48.83317, "longitude": 2.366279, "url": "https://www.paris.fr/lieux/piscine-dunois-2929", "type_element": "Piscines", "__fid": 1669}}, {"type": "Feature", "properties": {"highway": "footway", "footway": "sidewalk", "name": null, "surface": "asphalt", "lit": "yes", "length_m": 186.43, "type_element": "Way", "__fid": 81099}, "geometry": {"type": "LineString", "coordinates": [[2.3635289, 48.8345632], [2.3615539, 48.8356174]]}}, {"type": "Feature", "properties": {"highway": "service", "footway": null, "name": "Rue des Serres", "surface": null, "lit": null, "length_m": 214.24, "type_element": "Way", "__fid": 81242}, "geometry": {"type": "LineString", "coordinates": [[2.361694, 48.8367821], [2.362257, 48.83602019999998], [2.3626591, 48.8354938], [2.3626902, 48.8354704], [2.3627298, 48.835458], [2.3627904, 48.8354617], [2.3633196, 48.8356334]]}}, {"type": "Feature", "properties": {"highway": "footway", "footway": "sidewalk", "name": null, "surface": "asphalt", "lit": "yes", "length_m": 119.48, "type_element": "Way", "__fid": 81257}, "geometry": {"type": "LineString", "coordinates": [[2.361738, 48.8346733], [2.3628118, 48.8338658]]}}, {"type": "Feature", "properties": {"highway": "pedestrian", "footway": null, "name": "Rue Yéo Thomas", "surface": "asphalt", "lit": "yes", "length_m": 121.72, "type_element": "Way", "__fid": 81316}, "geometry": {"type": "LineString", "coordinates": [[2.3618533, 48.83125769999999], [2.3633323, 48.8317526]]}}, {"type": "Feature", "properties": {"highway": "footway", "footway": "sidewalk", "name": null, "surface": "asphalt", "lit": "yes", "length_m": 99.55, "type_element": "Way", "__fid": 81429}, "geometry": {"type": "LineString", "coordinates": [[2.3631544, 48.8335076], [2.3619441, 48.8331038]]}}, {"type": "Feature", "properties": {"highway": "service", "footway": null, "name": null, "surface": "asphalt", "lit": "yes", "length_m": 126.48, "type_element": "Way", "__fid": 81460}, "geometry": {"type": "LineString", "coordinates": [[2.3629906, 48.8304336], [2.3626084, 48.83090760000002], [2.3620008, 48.83046070000001]]}}, {"type": "Feature", "properties": {"highway": "service", "footway": null, "name": null, "surface": "asphalt", "lit": "yes", "length_m": 108.91, "type_element": "Way", "__fid": 81536}, "geometry": {"type": "LineString", "coordinates": [[2.3619964, 48.8347206], [2.3621155, 48.8348053], [2.3621947, 48.8348247], [2.3622349, 48.8348247], [2.3630892, 48.8342835]]}}, {"type": "Feature", "properties": {"highway": "footway", "footway": "sidewalk", "name": "Rue Jeanne d'Arc", "surface": "asphalt", "lit": "yes", "length_m": 161.4, "type_element": "Way", "__fid": 81537}, "geometry": {"type": "LineString", "coordinates": [[2.3634348, 48.8336228], [2.3619964, 48.8347206]]}}, {"type": "Feature", "properties": {"highway": "footway", "footway": "sidewalk", "name": null, "surface": "asphalt", "lit": "yes", "length_m": 100.64, "type_element": "Way", "__fid": 81543}, "geometry": {"type": "LineString", "coordinates": [[2.3632302, 48.833419], [2.3631976, 48.8334028], [2.3622835, 48.8331017], [2.3620274, 48.832988]]}}, {"type": "Feature", "properties": {"highway": "footway", "footway": "sidewalk", "name": null, "surface": "asphalt", "lit": "yes", "length_m": 95.98, "type_element": "Way", "__fid": 81713}, "geometry": {"type": "LineString", "coordinates": [[2.3621652, 48.8329132], [2.3623493, 48.8329644], [2.3623921, 48.8329664], [2.3633453, 48.833279800000014]]}}, {"type": "Feature", "properties": {"highway": "footway", "footway": "sidewalk", "name": null, "surface": "asphalt", "lit": "yes", "length_m": 44.13, "type_element": "Way", "__fid": 81730}, "geometry": {"type": "LineString", "coordinates": [[2.3621931, 48.83259550000001], [2.3625899, 48.8322973]]}}, {"type": "Feature", "properties": {"highway": "footway", "footway": "sidewalk", "name": null, "surface": "asphalt", "lit": "yes", "length_m": 112.22, "type_element": "Way", "__fid": 81736}, "geometry": {"type": "LineString", "coordinates": [[2.3622289, 48.830158900000015], [2.3630429, 48.82983070000002], [2.3631415, 48.8297742], [2.3635183, 48.8296188]]}}, {"type": "Feature", "properties": {"highway": "service", "footway": null, "name": "Boulevard Vincent Auriol", "surface": "asphalt", "lit": "yes", "length_m": 94.15, "type_element": "Way", "__fid": 81770}, "geometry": {"type": "LineString", "coordinates": [[2.3633719, 48.833241], [2.3622228, 48.8328648]]}}, {"type": "Feature", "properties": {"highway": "footway", "footway": "sidewalk", "name": null, "surface": "asphalt", "lit": "yes", "length_m": 146.66, "type_element": "Way", "__fid": 81821}, "geometry": {"type": "LineString", "coordinates": [[2.363783066666476, 48.83453930000004], [2.3622355, 48.8353736]]}}, {"type": "Feature", "properties": {"highway": "footway", "footway": null, "name": null, "surface": "asphalt", "lit": "yes", "length_m": 55.53, "type_element": "Way", "__fid": 81822}, "geometry": {"type": "LineString", "coordinates": [[2.3622589, 48.8335135], [2.362683, 48.8336673], [2.3627586, 48.8337199], [2.3627797, 48.8337736], [2.3627857, 48.8338254]]}}, {"type": "Feature", "properties": {"highway": "service", "footway": null, "name": null, "surface": "concrete", "lit": "yes", "length_m": 21.49, "type_element": "Way", "__fid": 81882}, "geometry": {"type": "LineString", "coordinates": [[2.3625899, 48.8322973], [2.3625292, 48.832263900000015], [2.3624518, 48.8322512], [2.3623852, 48.8322559], [2.3623323, 48.832283]]}}, {"type": "Feature", "properties": {"highway": "footway", "footway": "sidewalk", "name": null, "surface": "asphalt", "lit": "yes", "length_m": 110.61, "type_element": "Way", "__fid": 81890}, "geometry": {"type": "LineString", "coordinates": [[2.3636477, 48.82974149999998], [2.3623703, 48.830269]]}}, {"type": "Feature", "properties": {"highway": "footway", "footway": null, "name": null, "surface": "concrete", "lit": null, "length_m": 47.14, "type_element": "Way", "__fid": 81909}, "geometry": {"type": "LineString", "coordinates": [[2.3627857, 48.8338254], [2.3627615, 48.8338353], [2.3627026, 48.8338875], [2.3626508, 48.8339025], [2.362597, 48.8338956], [2.3625788, 48.8338839], [2.3625659, 48.8338517], [2.3625659, 48.833802], [2.3625554, 48.8337943], [2.3624951, 48.8337869], [2.3623908, 48.833819100000014], [2.3623509, 48.8338491]]}}, {"type": "Feature", "properties": {"highway": "footway", "footway": "sidewalk", "name": null, "surface": "asphalt", "lit": "yes", "length_m": 137.58, "type_element": "Way", "__fid": 81915}, "geometry": {"type": "LineString", "coordinates": [[2.3623713, 48.8326992], [2.3636089, 48.83177]]}}, {"type": "Feature", "properties": {"highway": "footway", "footway": "sidewalk", "name": null, "surface": "asphalt", "lit": "yes", "length_m": 97.86, "type_element": "Way", "__fid": 81938}, "geometry": {"type": "LineString", "coordinates": [[2.3635854, 48.8331165], [2.3623955, 48.8327197]]}}, {"type": "Feature", "properties": {"highway": "service", "footway": null, "name": null, "surface": "concrete", "lit": "yes", "length_m": 9.0, "type_element": "Way", "__fid": 82130}, "geometry": {"type": "LineString", "coordinates": [[2.3626819, 48.832350800000015], [2.3625899, 48.8322973]]}}, {"type": "Feature", "properties": {"highway": "footway", "footway": "sidewalk", "name": null, "surface": "asphalt", "lit": "yes", "length_m": 69.09, "type_element": "Way", "__fid": 82131}, "geometry": {"type": "LineString", "coordinates": [[2.3625899, 48.8322973], [2.3632169, 48.8318339]]}}, {"type": "Feature", "properties": {"highway": "service", "footway": null, "name": null, "surface": null, "lit": null, "length_m": 37.28, "type_element": "Way", "__fid": 82302}, "geometry": {"type": "LineString", "coordinates": [[2.3631603, 48.8344875], [2.3629712, 48.8345863], [2.362719, 48.8346437]]}}, {"type": "Feature", "properties": {"highway": "footway", "footway": null, "name": null, "surface": "asphalt", "lit": "yes", "length_m": 5.05, "type_element": "Way", "__fid": 82337}, "geometry": {"type": "LineString", "coordinates": [[2.3627857, 48.8338254], [2.3627972, 48.8338565], [2.3628118, 48.8338658]]}}, {"type": "Feature", "properties": {"highway": "footway", "footway": null, "name": null, "surface": "asphalt", "lit": "yes", "length_m": 1.99, "type_element": "Way", "__fid": 82361}, "geometry": {"type": "LineString", "coordinates": [[2.3628118, 48.8338658], [2.3628312, 48.833878300000016]]}}, {"type": "Feature", "properties": {"highway": "footway", "footway": "sidewalk", "name": null, "surface": "asphalt", "lit": "yes", "length_m": 46.06, "type_element": "Way", "__fid": 82362}, "geometry": {"type": "LineString", "coordinates": [[2.3628118, 48.8338658], [2.363226, 48.8335546]]}}, {"type": "Feature", "properties": {"highway": "service", "footway": null, "name": null, "surface": null, "lit": "yes", "length_m": 20.88, "type_element": "Way", "__fid": 82471}, "geometry": {"type": "LineString", "coordinates": [[2.3629458, 48.8318039], [2.3631052, 48.8317973], [2.3632169, 48.8318339]]}}, {"type": "Feature", "properties": {"highway": "service", "footway": null, "name": null, "surface": null, "lit": null, "length_m": 23.28, "type_element": "Way", "__fid": 82633}, "geometry": {"type": "LineString", "coordinates": [[2.3631603, 48.8344875], [2.3630892, 48.8342835]]}}, {"type": "Feature", "properties": {"highway": "service", "footway": null, "name": null, "surface": null, "lit": null, "length_m": 19.29, "type_element": "Way", "__fid": 82634}, "geometry": {"type": "LineString", "coordinates": [[2.3630892, 48.8342835], [2.3632399, 48.8341414]]}}, {"type": "Feature", "properties": {"highway": "footway", "footway": "sidewalk", "name": null, "surface": "asphalt", "lit": "yes", "length_m": 7.41, "type_element": "Way", "__fid": 82685}, "geometry": {"type": "LineString", "coordinates": [[2.363226, 48.8335546], [2.3631544, 48.8335076]]}}, {"type": "Feature", "properties": {"highway": "footway", "footway": "crossing", "name": null, "surface": "asphalt", "lit": "yes", "length_m": 11.31, "type_element": "Way", "__fid": 82686}, "geometry": {"type": "LineString", "coordinates": [[2.3631544, 48.8335076], [2.3632302, 48.833419]]}}, {"type": "Feature", "properties": {"highway": "service", "footway": null, "name": null, "surface": null, "lit": null, "length_m": 6.39, "type_element": "Way", "__fid": 82702}, "geometry": {"type": "LineString", "coordinates": [[2.3632219, 48.8344469], [2.3631603, 48.8344875]]}}, {"type": "Feature", "properties": {"highway": "service", "footway": null, "name": null, "surface": null, "lit": "yes", "length_m": 8.55, "type_element": "Way", "__fid": 82739}, "geometry": {"type": "LineString", "coordinates": [[2.3632169, 48.8318339], [2.3633033, 48.8318855]]}}, {"type": "Feature", "properties": {"highway": "footway", "footway": "sidewalk", "name": null, "surface": "asphalt", "lit": "yes", "length_m": 12.39, "type_element": "Way", "__fid": 82740}, "geometry": {"type": "LineString", "coordinates": [[2.3632169, 48.8318339], [2.3633323, 48.8317526]]}}, {"type": "Feature", "properties": {"highway": "footway", "footway": null, "name": null, "surface": null, "lit": null, "length_m": 26.7, "type_element": "Way", "__fid": 82753}, "geometry": {"type": "LineString", "coordinates": [[2.3635131, 48.8353709], [2.3631861, 48.8352658]]}}, {"type": "Feature", "properties": {"highway": "footway", "footway": "crossing", "name": null, "surface": "asphalt", "lit": "yes", "length_m": 17.1, "type_element": "Way", "__fid": 82777}, "geometry": {"type": "LineString", "coordinates": [[2.363226, 48.8335546], [2.3634348, 48.8336228]]}}, {"type": "Feature", "properties": {"highway": "footway", "footway": "sidewalk", "name": null, "surface": "asphalt", "lit": "yes", "length_m": 10.25, "type_element": "Way", "__fid": 82778}, "geometry": {"type": "LineString", "coordinates": [[2.3632302, 48.833419], [2.3633259, 48.833453], [2.3633437, 48.8334363]]}}, {"type": "Feature", "properties": {"highway": "service", "footway": null, "name": null, "surface": null, "lit": null, "length_m": 29.94, "type_element": "Way", "__fid": 82786}, "geometry": {"type": "LineString", "coordinates": [[2.3632219, 48.8344469], [2.3632528, 48.8343692], [2.3632286, 48.8342809], [2.3632394, 48.834244699999985], [2.363289, 48.83419170000002]]}}, {"type": "Feature", "properties": {"highway": "service", "footway": null, "name": null, "surface": null, "lit": null, "length_m": 11.48, "type_element": "Way", "__fid": 82787}, "geometry": {"type": "LineString", "coordinates": [[2.3633668, 48.834408], [2.3632219, 48.8344469]]}}, {"type": "Feature", "properties": {"highway": "service", "footway": null, "name": null, "surface": null, "lit": null, "length_m": 6.65, "type_element": "Way", "__fid": 82798}, "geometry": {"type": "LineString", "coordinates": [[2.363289, 48.83419170000002], [2.3632399, 48.8341414]]}}, {"type": "Feature", "properties": {"highway": "service", "footway": null, "name": null, "surface": null, "lit": null, "length_m": 7.0, "type_element": "Way", "__fid": 82799}, "geometry": {"type": "LineString", "coordinates": [[2.3632399, 48.8341414], [2.3632488, 48.8340787]]}}, {"type": "Feature", "properties": {"highway": "service", "footway": null, "name": null, "surface": "asphalt", "lit": null, "length_m": 25.88, "type_element": "Way", "__fid": 82851}, "geometry": {"type": "LineString", "coordinates": [[2.3633668, 48.834408], [2.3633708, 48.83428], [2.3633609, 48.83425620000001], [2.363289, 48.83419170000002]]}}, {"type": "Feature", "properties": {"highway": "pedestrian", "footway": null, "name": "Rue Yéo Thomas", "surface": "asphalt", "lit": "yes", "length_m": 8.34, "type_element": "Way", "__fid": 82858}, "geometry": {"type": "LineString", "coordinates": [[2.3633323, 48.8317526], [2.3634307, 48.8317901]]}}, {"type": "Feature", "properties": {"highway": "footway", "footway": "sidewalk", "name": null, "surface": "asphalt", "lit": "yes", "length_m": 12.18, "type_element": "Way", "__fid": 82859}, "geometry": {"type": "LineString", "coordinates": [[2.3633323, 48.8317526], [2.3634366, 48.831667400000015]]}}, {"type": "Feature", "properties": {"highway": "footway", "footway": "sidewalk", "name": null, "surface": "asphalt", "lit": "yes", "length_m": 11.09, "type_element": "Way", "__fid": 82899}, "geometry": {"type": "LineString", "coordinates": [[2.3634455, 48.8333422], [2.3634331, 48.8333078], [2.3633453, 48.833279800000014]]}}, {"type": "Feature", "properties": {"highway": "footway", "footway": "crossing", "name": null, "surface": "asphalt", "lit": "yes", "length_m": 4.74, "type_element": "Way", "__fid": 82900}, "geometry": {"type": "LineString", "coordinates": [[2.3633453, 48.833279800000014], [2.3633719, 48.833241]]}}, {"type": "Feature", "properties": {"highway": "footway", "footway": "crossing", "name": null, "surface": "asphalt", "lit": "yes", "length_m": 22.99, "type_element": "Way", "__fid": 82901}, "geometry": {"type": "LineString", "coordinates": [[2.3633437, 48.8334363], [2.3636243, 48.8335281]]}}, {"type": "Feature", "properties": {"highway": "footway", "footway": "sidewalk", "name": null, "surface": "asphalt", "lit": "yes", "length_m": 12.86, "type_element": "Way", "__fid": 82902}, "geometry": {"type": "LineString", "coordinates": [[2.3633437, 48.8334363], [2.3634455, 48.8333422]]}}, {"type": "Feature", "properties": {"highway": "service", "footway": null, "name": "Boulevard Vincent Auriol", "surface": "asphalt", "lit": "yes", "length_m": 22.32, "type_element": "Way", "__fid": 82931}, "geometry": {"type": "LineString", "coordinates": [[2.3636483, 48.83332460000001], [2.3633719, 48.833241]]}}, {"type": "Feature", "properties": {"highway": "footway", "footway": "traffic_island", "name": null, "surface": "asphalt", "lit": "yes", "length_m": 26.57, "type_element": "Way", "__fid": 82932}, "geometry": {"type": "LineString", "coordinates": [[2.3633719, 48.833241], [2.363405, 48.833194], [2.3634971, 48.83322170000001], [2.3635854, 48.8331165]]}}, {"type": "Feature", "properties": {"highway": "service", "footway": null, "name": null, "surface": "asphalt", "lit": null, "length_m": 21.2, "type_element": "Way", "__fid": 82936}, "geometry": {"type": "LineString", "coordinates": [[2.3635289, 48.8345632], [2.3633829, 48.8344433], [2.3633668, 48.834408]]}}, {"type": "Feature", "properties": {"highway": "footway", "footway": null, "name": null, "surface": null, "lit": null, "length_m": 26.65, "type_element": "Way", "__fid": 82940}, "geometry": {"type": "LineString", "coordinates": [[2.3633542, 48.835586399999976], [2.3635131, 48.8353709]]}}, {"type": "Feature", "properties": {"highway": "footway", "footway": null, "name": null, "surface": null, "lit": null, "length_m": 26.08, "type_element": "Way", "__fid": 82955}, "geometry": {"type": "LineString", "coordinates": [[2.3636854, 48.8351371], [2.3633676, 48.8350322]]}}, {"type": "Feature", "properties": {"highway": "footway", "footway": "crossing", "name": null, "surface": "asphalt", "lit": "yes", "length_m": 17.03, "type_element": "Way", "__fid": 82988}, "geometry": {"type": "LineString", "coordinates": [[2.3634366, 48.831667400000015], [2.3636089, 48.83177]]}}, {"type": "Feature", "properties": {"highway": "footway", "footway": "sidewalk", "name": null, "surface": "asphalt", "lit": "yes", "length_m": 69.71, "type_element": "Way", "__fid": 82989}, "geometry": {"type": "LineString", "coordinates": [[2.3634366, 48.831667400000015], [2.3635163, 48.8316069], [2.3638328, 48.8311017]]}}, {"type": "Feature", "properties": {"highway": "footway", "footway": "sidewalk", "name": null, "surface": "asphalt", "lit": "yes", "length_m": 6.41, "type_element": "Way", "__fid": 83022}, "geometry": {"type": "LineString", "coordinates": [[2.3634348, 48.8336228], [2.3635214, 48.83363030000002]]}}, {"type": "Feature", "properties": {"highway": "footway", "footway": "crossing", "name": null, "surface": "asphalt", "lit": "yes", "length_m": 24.28, "type_element": "Way", "__fid": 83026}, "geometry": {"type": "LineString", "coordinates": [[2.3634455, 48.8333422], [2.3637343, 48.8334486]]}}, {"type": "Feature", "properties": {"highway": "footway", "footway": "crossing", "name": null, "surface": "asphalt", "lit": "yes", "length_m": 16.62, "type_element": "Way", "__fid": 83042}, "geometry": {"type": "LineString", "coordinates": [[2.3635183, 48.8296188], [2.3636477, 48.82974149999998]]}}, {"type": "Feature", "properties": {"highway": "footway", "footway": "sidewalk", "name": null, "surface": "asphalt", "lit": "yes", "length_m": 34.19, "type_element": "Way", "__fid": 83043}, "geometry": {"type": "LineString", "coordinates": [[2.3635183, 48.8296188], [2.3639151, 48.8294579]]}}, {"type": "Feature", "properties": {"highway": "service", "footway": null, "name": "Avenue de la Nouvelle Pitié", "surface": "asphalt", "lit": null, "length_m": 29.42, "type_element": "Way", "__fid": 83076}, "geometry": {"type": "LineString", "coordinates": [[2.363852, 48.8348942], [2.3634837, 48.8347898]]}}, {"type": "Feature", "properties": {"highway": "footway", "footway": "sidewalk", "name": null, "surface": "asphalt", "lit": "yes", "length_m": 85.38, "type_element": "Way", "__fid": 83095}, "geometry": {"type": "LineString", "coordinates": [[2.3635214, 48.83363030000002], [2.36456, 48.8339759]]}}, {"type": "Feature", "properties": {"highway": "footway", "footway": "crossing", "name": null, "surface": "asphalt", "lit": "yes", "length_m": 13.7, "type_element": "Way", "__fid": 83096}, "geometry": {"type": "LineString", "coordinates": [[2.3635214, 48.83363030000002], [2.3635853, 48.8335572], [2.3636243, 48.8335281]]}}, {"type": "Feature", "properties": {"highway": "service", "footway": null, "name": "Avenue de la Nouvelle Pitié", "surface": "asphalt", "lit": null, "length_m": 42.69, "type_element": "Way", "__fid": 83105}, "geometry": {"type": "LineString", "coordinates": [[2.3635015, 48.83559], [2.3637469, 48.8352419]]}}, {"type": "Feature", "properties": {"highway": "footway", "footway": null, "name": null, "surface": null, "lit": null, "length_m": 20.45, "type_element": "Way", "__fid": 83114}, "geometry": {"type": "LineString", "coordinates": [[2.3635131, 48.8353709], [2.363635, 48.8352055]]}}, {"type": "Feature", "properties": {"highway": "service", "footway": null, "name": null, "surface": "asphalt", "lit": null, "length_m": 4.83, "type_element": "Way", "__fid": 83122}, "geometry": {"type": "LineString", "coordinates": [[2.3635667, 48.83459879999999], [2.3635289, 48.8345632]]}}, {"type": "Feature", "properties": {"highway": "footway", "footway": "sidewalk", "name": null, "surface": "asphalt", "lit": "yes", "length_m": 16.13, "type_element": "Way", "__fid": 83123}, "geometry": {"type": "LineString", "coordinates": [[2.3636967, 48.8344696], [2.3635289, 48.8345632]]}}, {"type": "Feature", "properties": {"highway": "footway", "footway": "sidewalk", "name": null, "surface": "asphalt", "lit": "yes", "length_m": 9.43, "type_element": "Way", "__fid": 83149}, "geometry": {"type": "LineString", "coordinates": [[2.3637001, 48.8331546], [2.3635854, 48.8331165]]}}, {"type": "Feature", "properties": {"highway": "footway", "footway": "sidewalk", "name": null, "surface": "asphalt", "lit": "yes", "length_m": 12.37, "type_element": "Way", "__fid": 83154}, "geometry": {"type": "LineString", "coordinates": [[2.3636089, 48.83177], [2.3637336, 48.8316952]]}}, {"type": "Feature", "properties": {"highway": "footway", "footway": "sidewalk", "name": null, "surface": "asphalt", "lit": "yes", "length_m": 37.9, "type_element": "Way", "__fid": 83176}, "geometry": {"type": "LineString", "coordinates": [[2.3640863, 48.8295617], [2.3636477, 48.82974149999998]]}}, {"type": "Feature", "properties": {"highway": "service", "footway": null, "name": null, "surface": null, "lit": "yes", "length_m": 21.65, "type_element": "Way", "__fid": 83178}, "geometry": {"type": "LineString", "coordinates": [[2.3638633, 48.8330322], [2.3636119, 48.8329304]]}}, {"type": "Feature", "properties": {"highway": "footway", "footway": "sidewalk", "name": null, "surface": "asphalt", "lit": null, "length_m": 46.35, "type_element": "Way", "__fid": 83180}, "geometry": {"type": "LineString", "coordinates": [[2.36378549999955, 48.835254566666954], [2.3635548, 48.8355645], [2.3636026, 48.8355806], [2.3635802, 48.8356135]]}}, {"type": "Feature", "properties": {"highway": "footway", "footway": "sidewalk", "name": null, "surface": "asphalt", "lit": "yes", "length_m": 91.67, "type_element": "Way", "__fid": 83203}, "geometry": {"type": "LineString", "coordinates": [[2.3647476, 48.8338883], [2.3636243, 48.8335281]]}}, {"type": "Feature", "properties": {"highway": "footway", "footway": "sidewalk", "name": null, "surface": "asphalt", "lit": "yes", "length_m": 11.97, "type_element": "Way", "__fid": 83204}, "geometry": {"type": "LineString", "coordinates": [[2.3636243, 48.8335281], [2.3637343, 48.8334486]]}}, {"type": "Feature", "properties": {"highway": "footway", "footway": null, "name": null, "surface": "asphalt", "lit": null, "length_m": 9.16, "type_element": "Way", "__fid": 83231}, "geometry": {"type": "LineString", "coordinates": [[2.3637469, 48.8352419], [2.363635, 48.8352055]]}}, {"type": "Feature", "properties": {"highway": "footway", "footway": null, "name": null, "surface": null, "lit": null, "length_m": 8.46, "type_element": "Way", "__fid": 83232}, "geometry": {"type": "LineString", "coordinates": [[2.363635, 48.8352055], [2.3636854, 48.8351371]]}}, {"type": "Feature", "properties": {"highway": "footway", "footway": "crossing", "name": null, "surface": "asphalt", "lit": "yes", "length_m": 19.56, "type_element": "Way", "__fid": 83266}, "geometry": {"type": "LineString", "coordinates": [[2.3637001, 48.8331546], [2.3639381, 48.8332337]]}}, {"type": "Feature", "properties": {"highway": "footway", "footway": "sidewalk", "name": null, "surface": "asphalt", "lit": "yes", "length_m": 18.13, "type_element": "Way", "__fid": 83267}, "geometry": {"type": "LineString", "coordinates": [[2.3638633, 48.8330322], [2.3637001, 48.8331546]]}}, {"type": "Feature", "properties": {"highway": "footway", "footway": null, "name": null, "surface": null, "lit": null, "length_m": 24.24, "type_element": "Way", "__fid": 83273}, "geometry": {"type": "LineString", "coordinates": [[2.3636854, 48.8351371], [2.3637961, 48.8349836], [2.3638655, 48.8349693]]}}, {"type": "Feature", "properties": {"highway": "footway", "footway": "crossing", "name": null, "surface": "asphalt", "lit": "yes", "length_m": 10.01, "type_element": "Way", "__fid": 83276}, "geometry": {"type": "LineString", "coordinates": [[2.3636967, 48.8344696], [2.363783066666476, 48.83453930000004]]}}, {"type": "Feature", "properties": {"highway": "footway", "footway": "sidewalk", "name": null, "surface": "asphalt", "lit": "yes", "length_m": 84.17, "type_element": "Way", "__fid": 83277}, "geometry": {"type": "LineString", "coordinates": [[2.3645861, 48.8339918], [2.3636967, 48.8344696]]}}, {"type": "Feature", "properties": {"highway": "footway", "footway": "sidewalk", "name": null, "surface": "asphalt", "lit": "yes", "length_m": 103.7, "type_element": "Way", "__fid": 83280}, "geometry": {"type": "LineString", "coordinates": [[2.3637336, 48.8316952], [2.3647237, 48.8323604]]}}, {"type": "Feature", "properties": {"highway": "footway", "footway": "crossing", "name": null, "surface": "asphalt", "lit": "yes", "length_m": 12.23, "type_element": "Way", "__fid": 83281}, "geometry": {"type": "LineString", "coordinates": [[2.3637336, 48.8316952], [2.3638502, 48.83161670000001]]}}, {"type": "Feature", "properties": {"highway": "service", "footway": null, "name": null, "surface": "asphalt", "lit": null, "length_m": 31.95, "type_element": "Way", "__fid": 83284}, "geometry": {"type": "LineString", "coordinates": [[2.363895145779541, 48.835287100509454], [2.3636964, 48.8355427]]}}, {"type": "Feature", "properties": {"highway": "footway", "footway": "sidewalk", "name": null, "surface": "asphalt", "lit": "yes", "length_m": 91.89, "type_element": "Way", "__fid": 83295}, "geometry": {"type": "LineString", "coordinates": [[2.3648451, 48.83382970000002], [2.3637343, 48.8334486]]}}, {"type": "Feature", "properties": {"highway": "footway", "footway": "crossing", "name": null, "surface": "asphalt", "lit": "yes", "length_m": 22.62, "type_element": "Way", "__fid": 83296}, "geometry": {"type": "LineString", "coordinates": [[2.3637343, 48.8334486], [2.3637837, 48.8334117], [2.3639002, 48.833278100000015]]}}, {"type": "Feature", "properties": {"highway": "footway", "footway": "crossing", "name": null, "surface": null, "lit": null, "length_m": 3.16, "type_element": "Way", "__fid": 83336}, "geometry": {"type": "LineString", "coordinates": [[2.36378549999955, 48.835254566666954], [2.3637469, 48.8352419]]}}, {"type": "Feature", "properties": {"highway": "service", "footway": null, "name": "Avenue de la Nouvelle Pitié", "surface": "asphalt", "lit": null, "length_m": 32.43, "type_element": "Way", "__fid": 83337}, "geometry": {"type": "LineString", "coordinates": [[2.3637469, 48.8352419], [2.3638664, 48.8350754], [2.3638782, 48.8350402], [2.3638655, 48.8349693]]}}, {"type": "Feature", "properties": {"highway": "footway", "footway": "sidewalk", "name": null, "surface": "asphalt", "lit": "yes", "length_m": 3.98, "type_element": "Way", "__fid": 83368}, "geometry": {"type": "LineString", "coordinates": [[2.363831033333411, 48.83453413333337], [2.3637874, 48.8345439], [2.363783066666476, 48.83453930000004]]}}, {"type": "Feature", "properties": {"highway": "footway", "footway": "crossing", "name": null, "surface": "asphalt", "lit": "yes", "length_m": 16.81, "type_element": "Way", "__fid": 83376}, "geometry": {"type": "LineString", "coordinates": [[2.3638328, 48.8311017], [2.364044, 48.831160200000014]]}}, {"type": "Feature", "properties": {"highway": "footway", "footway": "sidewalk", "name": null, "surface": "asphalt", "lit": "yes", "length_m": 87.09, "type_element": "Way", "__fid": 83377}, "geometry": {"type": "LineString", "coordinates": [[2.3638328, 48.8311017], [2.3642803, 48.83037630000001]]}}, {"type": "Feature", "properties": {"highway": "footway", "footway": "sidewalk", "name": null, "surface": null, "lit": null, "length_m": 0.02, "type_element": "Way", "__fid": 83386}, "geometry": {"type": "LineString", "coordinates": [[2.36378549999955, 48.835254566666954], [2.3637852, 48.835254499999984]]}}, {"type": "Feature", "properties": {"highway": "footway", "footway": null, "name": null, "surface": "paving_stones", "lit": "yes", "length_m": 8.82, "type_element": "Way", "__fid": 83387}, "geometry": {"type": "LineString", "coordinates": [[2.36378549999955, 48.835254566666954], [2.363895145779541, 48.835287100509454]]}}, {"type": "Feature", "properties": {"highway": "footway", "footway": "sidewalk", "name": null, "surface": null, "lit": null, "length_m": 41.18, "type_element": "Way", "__fid": 83388}, "geometry": {"type": "LineString", "coordinates": [[2.36378549999955, 48.835254566666954], [2.3640194, 48.83493989999999], [2.364046499999848, 48.834948500000166]]}}, {"type": "Feature", "properties": {"highway": "footway", "footway": "sidewalk", "name": null, "surface": "asphalt", "lit": "yes", "length_m": 104.45, "type_element": "Way", "__fid": 83398}, "geometry": {"type": "LineString", "coordinates": [[2.3638502, 48.83161670000001], [2.3647562, 48.8322247], [2.3648553, 48.8322812]]}}, {"type": "Feature", "properties": {"highway": "footway", "footway": "sidewalk", "name": null, "surface": "asphalt", "lit": "yes", "length_m": 34.49, "type_element": "Way", "__fid": 83399}, "geometry": {"type": "LineString", "coordinates": [[2.3638502, 48.83161670000001], [2.363864, 48.83154020000001], [2.3640373, 48.831426], [2.3641386, 48.83140080000001]]}}, {"type": "Feature", "properties": {"highway": "footway", "footway": "sidewalk", "name": null, "surface": "asphalt", "lit": "yes", "length_m": 194.75, "type_element": "Way", "__fid": 83418}, "geometry": {"type": "LineString", "coordinates": [[2.3661324, 48.8354056], [2.363831033333411, 48.83453413333337]]}}, {"type": "Feature", "properties": {"highway": "footway", "footway": "crossing", "name": null, "surface": "asphalt", "lit": "yes", "length_m": 8.7, "type_element": "Way", "__fid": 83419}, "geometry": {"type": "LineString", "coordinates": [[2.363831033333411, 48.83453413333337], [2.3639196, 48.83448210000001]]}}, {"type": "Feature", "properties": {"highway": "service", "footway": null, "name": null, "surface": null, "lit": "yes", "length_m": 8.26, "type_element": "Way", "__fid": 83437}, "geometry": {"type": "LineString", "coordinates": [[2.3639619, 48.83306790000001], [2.3638633, 48.8330322]]}}, {"type": "Feature", "properties": {"highway": "footway", "footway": "sidewalk", "name": null, "surface": "asphalt", "lit": "yes", "length_m": 98.08, "type_element": "Way", "__fid": 83438}, "geometry": {"type": "LineString", "coordinates": [[2.3647237, 48.8323604], [2.3646851, 48.8324156], [2.3638633, 48.8330322]]}}, {"type": "Feature", "properties": {"highway": "service", "footway": null, "name": "Avenue de la Nouvelle Pitié", "surface": "asphalt", "lit": null, "length_m": 8.41, "type_element": "Way", "__fid": 83448}, "geometry": {"type": "LineString", "coordinates": [[2.3638655, 48.8349693], [2.363852, 48.8348942]]}}, {"type": "Feature", "properties": {"highway": "service", "footway": null, "name": "Avenue de la Nouvelle Pitié", "surface": "asphalt", "lit": null, "length_m": 21.93, "type_element": "Way", "__fid": 83449}, "geometry": {"type": "LineString", "coordinates": [[2.363852, 48.8348942], [2.3639897, 48.834719200000016]]}}, {"type": "Feature", "properties": {"highway": "footway", "footway": "sidewalk", "name": null, "surface": "asphalt", "lit": "yes", "length_m": 107.14, "type_element": "Way", "__fid": 83479}, "geometry": {"type": "LineString", "coordinates": [[2.3639002, 48.833278100000015], [2.3652074, 48.8337067]]}}, {"type": "Feature", "properties": {"highway": "footway", "footway": "sidewalk", "name": null, "surface": "asphalt", "lit": "yes", "length_m": 5.67, "type_element": "Way", "__fid": 83480}, "geometry": {"type": "LineString", "coordinates": [[2.3639381, 48.8332337], [2.3639002, 48.833278100000015]]}}, {"type": "Feature", "properties": {"highway": "footway", "footway": null, "name": null, "surface": "paving_stones", "lit": "yes", "length_m": 20.99, "type_element": "Way", "__fid": 83494}, "geometry": {"type": "LineString", "coordinates": [[2.363895145779541, 48.835287100509454], [2.364156, 48.8353645]]}}, {"type": "Feature", "properties": {"highway": "service", "footway": null, "name": null, "surface": "asphalt", "lit": null, "length_m": 39.72, "type_element": "Way", "__fid": 83495}, "geometry": {"type": "LineString", "coordinates": [[2.3641247, 48.83496360000003], [2.363895145779541, 48.835287100509454]]}}, {"type": "Feature", "properties": {"highway": "footway", "footway": "sidewalk", "name": null, "surface": "asphalt", "lit": "yes", "length_m": 197.07, "type_element": "Way", "__fid": 83513}, "geometry": {"type": "LineString", "coordinates": [[2.3639196, 48.83448210000001], [2.3661733, 48.8353354], [2.3662597, 48.8353399]]}}, {"type": "Feature", "properties": {"highway": "footway", "footway": "sidewalk", "name": null, "surface": "asphalt", "lit": "yes", "length_m": 43.37, "type_element": "Way", "__fid": 83514}, "geometry": {"type": "LineString", "coordinates": [[2.3643674, 48.8342288], [2.3639482, 48.8344573], [2.3639196, 48.83448210000001]]}}, {"type": "Feature", "properties": {"highway": "footway", "footway": "sidewalk", "name": null, "surface": "asphalt", "lit": "yes", "length_m": 51.74, "type_element": "Way", "__fid": 83515}, "geometry": {"type": "LineString", "coordinates": [[2.3644185, 48.832895], [2.364044, 48.83317920000001], [2.3639381, 48.8332337]]}}, {"type": "Feature", "properties": {"highway": "footway", "footway": "sidewalk", "name": null, "surface": "asphalt", "lit": "yes", "length_m": 11.47, "type_element": "Way", "__fid": 83602}, "geometry": {"type": "LineString", "coordinates": [[2.364044, 48.831160200000014], [2.3641577, 48.8312309]]}}, {"type": "Feature", "properties": {"highway": "footway", "footway": "sidewalk", "name": null, "surface": "asphalt", "lit": "yes", "length_m": 97.43, "type_element": "Way", "__fid": 83603}, "geometry": {"type": "LineString", "coordinates": [[2.3645496, 48.83035], [2.364044, 48.831160200000014]]}}, {"type": "Feature", "properties": {"highway": "footway", "footway": null, "name": "Voie FI/13", "surface": "paving_stones", "lit": "yes", "length_m": 19.5, "type_element": "Way", "__fid": 83626}, "geometry": {"type": "LineString", "coordinates": [[2.3643232, 48.82964110000001], [2.3640863, 48.8295617]]}}, {"type": "Feature", "properties": {"highway": "footway", "footway": null, "name": null, "surface": "asphalt", "lit": null, "length_m": 5.98, "type_element": "Way", "__fid": 83656}, "geometry": {"type": "LineString", "coordinates": [[2.364046499999848, 48.834948500000166], [2.3641247, 48.83496360000003]]}}, {"type": "Feature", "properties": {"highway": "steps", "footway": null, "name": null, "surface": "concrete", "lit": null, "length_m": 7.09, "type_element": "Way", "__fid": 83657}, "geometry": {"type": "LineString", "coordinates": [[2.364046499999848, 48.834948500000166], [2.3640586, 48.8349221], [2.3640703, 48.8349257], [2.364046499999848, 48.834948500000166]]}}, {"type": "Feature", "properties": {"highway": "footway", "footway": "sidewalk", "name": null, "surface": "asphalt", "lit": "yes", "length_m": 102.74, "type_element": "Way", "__fid": 83692}, "geometry": {"type": "LineString", "coordinates": [[2.3641386, 48.83140080000001], [2.3651184, 48.8320606]]}}, {"type": "Feature", "properties": {"highway": "footway", "footway": "crossing", "name": null, "surface": "asphalt", "lit": "yes", "length_m": 11.29, "type_element": "Way", "__fid": 83693}, "geometry": {"type": "LineString", "coordinates": [[2.3641386, 48.83140080000001], [2.3642495, 48.8313304]]}}, {"type": "Feature", "properties": {"highway": "footway", "footway": "crossing", "name": null, "surface": "asphalt", "lit": "yes", "length_m": 12.09, "type_element": "Way", "__fid": 83711}, "geometry": {"type": "LineString", "coordinates": [[2.3642552, 48.831318500000016], [2.3641577, 48.8312309]]}}, {"type": "Feature", "properties": {"highway": "footway", "footway": "sidewalk", "name": null, "surface": null, "lit": "yes", "length_m": 70.25, "type_element": "Way", "__fid": 83712}, "geometry": {"type": "LineString", "coordinates": [[2.3641577, 48.8312309], [2.3649402, 48.8308672]]}}, {"type": "Feature", "properties": {"highway": "service", "footway": null, "name": null, "surface": "asphalt", "lit": null, "length_m": 109.07, "type_element": "Way", "__fid": 83736}, "geometry": {"type": "LineString", "coordinates": [[2.3654608, 48.8353928], [2.3641247, 48.83496360000003]]}}, {"type": "Feature", "properties": {"highway": "service", "footway": null, "name": null, "surface": "asphalt", "lit": "yes", "length_m": 1.55, "type_element": "Way", "__fid": 83805}, "geometry": {"type": "LineString", "coordinates": [[2.3642598, 48.8303728], [2.3642803, 48.83037630000001]]}}, {"type": "Feature", "properties": {"highway": "footway", "footway": "sidewalk", "name": null, "surface": "asphalt", "lit": "yes", "length_m": 102.46, "type_element": "Way", "__fid": 83809}, "geometry": {"type": "LineString", "coordinates": [[2.3642495, 48.8313304], [2.3652348, 48.831983]]}}, {"type": "Feature", "properties": {"highway": "footway", "footway": "sidewalk", "name": null, "surface": "asphalt", "lit": "yes", "length_m": 1.39, "type_element": "Way", "__fid": 83810}, "geometry": {"type": "LineString", "coordinates": [[2.3642495, 48.8313304], [2.3642552, 48.831318500000016]]}}, {"type": "Feature", "properties": {"highway": "footway", "footway": "sidewalk", "name": null, "surface": null, "lit": "yes", "length_m": 144.75, "type_element": "Way", "__fid": 83811}, "geometry": {"type": "LineString", "coordinates": [[2.3659276, 48.8306358], [2.3658344, 48.8306574], [2.3650961, 48.8309241], [2.3642552, 48.831318500000016]]}}, {"type": "Feature", "properties": {"highway": "service", "footway": null, "name": null, "surface": "asphalt", "lit": "yes", "length_m": 8.41, "type_element": "Way", "__fid": 83822}, "geometry": {"type": "LineString", "coordinates": [[2.3642803, 48.83037630000001], [2.3643873, 48.8304034]]}}, {"type": "Feature", "properties": {"highway": "footway", "footway": "sidewalk", "name": null, "surface": "asphalt", "lit": "yes", "length_m": 10.12, "type_element": "Way", "__fid": 83823}, "geometry": {"type": "LineString", "coordinates": [[2.3642803, 48.83037630000001], [2.3643337, 48.8302924]]}}, {"type": "Feature", "properties": {"highway": "footway", "footway": null, "name": "Voie FI/13", "surface": "sett", "lit": "yes", "length_m": 28.61, "type_element": "Way", "__fid": 83846}, "geometry": {"type": "LineString", "coordinates": [[2.3646566, 48.829771600000015], [2.3643673, 48.8296697], [2.3643232, 48.82964110000001]]}}, {"type": "Feature", "properties": {"highway": "footway", "footway": null, "name": "Voie FI/13", "surface": "paving_stones", "lit": "yes", "length_m": 21.39, "type_element": "Way", "__fid": 83847}, "geometry": {"type": "LineString", "coordinates": [[2.3643232, 48.82964110000001], [2.3643571, 48.82945]]}}, {"type": "Feature", "properties": {"highway": "footway", "footway": "crossing", "name": null, "surface": "asphalt", "lit": "yes", "length_m": 17.09, "type_element": "Way", "__fid": 83863}, "geometry": {"type": "LineString", "coordinates": [[2.3643337, 48.8302924], [2.3645496, 48.83035]]}}, {"type": "Feature", "properties": {"highway": "footway", "footway": "sidewalk", "name": null, "surface": "asphalt", "lit": "yes", "length_m": 62.57, "type_element": "Way", "__fid": 83864}, "geometry": {"type": "LineString", "coordinates": [[2.3643337, 48.8302924], [2.3646566, 48.829771600000015]]}}, {"type": "Feature", "properties": {"highway": "service", "footway": null, "name": null, "surface": "asphalt", "lit": null, "length_m": 5.25, "type_element": "Way", "__fid": 83898}, "geometry": {"type": "LineString", "coordinates": [[2.3643225, 48.8341921], [2.3643674, 48.8342288]]}}, {"type": "Feature", "properties": {"highway": "service", "footway": null, "name": null, "surface": "asphalt", "lit": null, "length_m": 1.75, "type_element": "Way", "__fid": 83937}, "geometry": {"type": "LineString", "coordinates": [[2.3643674, 48.8342288], [2.3643824, 48.834241]]}}, {"type": "Feature", "properties": {"highway": "footway", "footway": "sidewalk", "name": null, "surface": "asphalt", "lit": "yes", "length_m": 34.16, "type_element": "Way", "__fid": 83938}, "geometry": {"type": "LineString", "coordinates": [[2.364714199999829, 48.83403523333345], [2.3647214, 48.8340377], [2.3643674, 48.8342288]]}}, {"type": "Feature", "properties": {"highway": "footway", "footway": "sidewalk", "name": null, "surface": "asphalt", "lit": "yes", "length_m": 15.3, "type_element": "Way", "__fid": 83967}, "geometry": {"type": "LineString", "coordinates": [[2.3644185, 48.832895], [2.3645588, 48.83299679999999]]}}, {"type": "Feature", "properties": {"highway": "footway", "footway": "sidewalk", "name": null, "surface": "asphalt", "lit": "yes", "length_m": 76.88, "type_element": "Way", "__fid": 83968}, "geometry": {"type": "LineString", "coordinates": [[2.3651109, 48.8323763], [2.3644185, 48.832895]]}}, {"type": "Feature", "properties": {"highway": "footway", "footway": "sidewalk", "name": null, "surface": "asphalt", "lit": "yes", "length_m": 127.04, "type_element": "Way", "__fid": 84042}, "geometry": {"type": "LineString", "coordinates": [[2.3652016, 48.8292917], [2.3645496, 48.83035]]}}, {"type": "Feature", "properties": {"highway": "footway", "footway": "sidewalk", "name": null, "surface": "asphalt", "lit": "yes", "length_m": 2.61, "type_element": "Way", "__fid": 84075}, "geometry": {"type": "LineString", "coordinates": [[2.36456, 48.8339759], [2.3645861, 48.8339918]]}}, {"type": "Feature", "properties": {"highway": "footway", "footway": "crossing", "name": null, "surface": "asphalt", "lit": "yes", "length_m": 16.87, "type_element": "Way", "__fid": 84076}, "geometry": {"type": "LineString", "coordinates": [[2.36456, 48.8339759], [2.3647476, 48.8338883]]}}, {"type": "Feature", "properties": {"highway": "footway", "footway": "crossing", "name": null, "surface": "asphalt", "lit": "yes", "length_m": 10.57, "type_element": "Way", "__fid": 84098}, "geometry": {"type": "LineString", "coordinates": [[2.3645861, 48.8339918], [2.364714199999829, 48.83403523333345]]}}, {"type": "Feature", "properties": {"highway": "footway", "footway": null, "name": "Voie FI/13", "surface": "asphalt", "lit": "yes", "length_m": 2.31, "type_element": "Way", "__fid": 84120}, "geometry": {"type": "LineString", "coordinates": [[2.3646843, 48.8297814], [2.3646566, 48.829771600000015]]}}, {"type": "Feature", "properties": {"highway": "footway", "footway": "sidewalk", "name": null, "surface": "asphalt", "lit": "yes", "length_m": 64.21, "type_element": "Way", "__fid": 84121}, "geometry": {"type": "LineString", "coordinates": [[2.3646566, 48.829771600000015], [2.3649897, 48.8292376]]}}, {"type": "Feature", "properties": {"highway": "service", "footway": null, "name": null, "surface": null, "lit": "yes", "length_m": 16.71, "type_element": "Way", "__fid": 84201}, "geometry": {"type": "LineString", "coordinates": [[2.3647265, 48.83083189999998], [2.364751, 48.83084630000001], [2.3648719, 48.8308486], [2.3649402, 48.8308672]]}}, {"type": "Feature", "properties": {"highway": "footway", "footway": "crossing", "name": null, "surface": "asphalt", "lit": "yes", "length_m": 13.07, "type_element": "Way", "__fid": 84219}, "geometry": {"type": "LineString", "coordinates": [[2.3647237, 48.8323604], [2.3648553, 48.8322812]]}}, {"type": "Feature", "properties": {"highway": "footway", "footway": "sidewalk", "name": null, "surface": "asphalt", "lit": "yes", "length_m": 20.34, "type_element": "Way", "__fid": 84228}, "geometry": {"type": "LineString", "coordinates": [[2.364714199999829, 48.83403523333345], [2.3647558, 48.834035], [2.3649645, 48.8341071]]}}, {"type": "Feature", "properties": {"highway": "footway", "footway": "crossing", "name": null, "surface": "asphalt", "lit": "yes", "length_m": 25.97, "type_element": "Way", "__fid": 84246}, "geometry": {"type": "LineString", "coordinates": [[2.3647476, 48.8338883], [2.3647805, 48.8339196], [2.3648681, 48.83393810000001], [2.3650494, 48.8339999]]}}, {"type": "Feature", "properties": {"highway": "footway", "footway": "sidewalk", "name": null, "surface": "asphalt", "lit": "yes", "length_m": 9.68, "type_element": "Way", "__fid": 84247}, "geometry": {"type": "LineString", "coordinates": [[2.3647476, 48.8338883], [2.3648451, 48.83382970000002]]}}, {"type": "Feature", "properties": {"highway": "footway", "footway": "sidewalk", "name": null, "surface": "asphalt", "lit": "yes", "length_m": 4.28, "type_element": "Way", "__fid": 84354}, "geometry": {"type": "LineString", "coordinates": [[2.364904, 48.8322601], [2.3648553, 48.8322812]]}}, {"type": "Feature", "properties": {"highway": "footway", "footway": "sidewalk", "name": null, "surface": "asphalt", "lit": "yes", "length_m": 27.95, "type_element": "Way", "__fid": 84364}, "geometry": {"type": "LineString", "coordinates": [[2.3648451, 48.83382970000002], [2.3649415, 48.8337224], [2.3649786, 48.8337159], [2.3651162, 48.8337607]]}}, {"type": "Feature", "properties": {"highway": "footway", "footway": "crossing", "name": null, "surface": "asphalt", "lit": "yes", "length_m": 19.94, "type_element": "Way", "__fid": 84417}, "geometry": {"type": "LineString", "coordinates": [[2.364904, 48.8322601], [2.3651109, 48.8323763]]}}, {"type": "Feature", "properties": {"highway": "footway", "footway": "sidewalk", "name": null, "surface": "asphalt", "lit": "yes", "length_m": 27.99, "type_element": "Way", "__fid": 84418}, "geometry": {"type": "LineString", "coordinates": [[2.3651184, 48.8320606], [2.3651146, 48.8321008], [2.364904, 48.8322601]]}}, {"type": "Feature", "properties": {"highway": "service", "footway": null, "name": null, "surface": null, "lit": "yes", "length_m": 5.3, "type_element": "Way", "__fid": 84450}, "geometry": {"type": "LineString", "coordinates": [[2.3649402, 48.8308672], [2.3649928, 48.8308998]]}}, {"type": "Feature", "properties": {"highway": "footway", "footway": "sidewalk", "name": null, "surface": null, "lit": "yes", "length_m": 77.73, "type_element": "Way", "__fid": 84451}, "geometry": {"type": "LineString", "coordinates": [[2.3649402, 48.8308672], [2.3650016, 48.8308386], [2.3657214, 48.83057909999999], [2.3658703, 48.8305343]]}}, {"type": "Feature", "properties": {"highway": "footway", "footway": "sidewalk", "name": null, "surface": "asphalt", "lit": "yes", "length_m": 155.63, "type_element": "Way", "__fid": 84510}, "geometry": {"type": "LineString", "coordinates": [[2.3649645, 48.8341071], [2.3668561, 48.8347393]]}}, {"type": "Feature", "properties": {"highway": "footway", "footway": "crossing", "name": null, "surface": "asphalt", "lit": "yes", "length_m": 13.45, "type_element": "Way", "__fid": 84511}, "geometry": {"type": "LineString", "coordinates": [[2.3649645, 48.8341071], [2.3650494, 48.8339999]]}}, {"type": "Feature", "properties": {"highway": "service", "footway": null, "name": null, "surface": "concrete", "lit": null, "length_m": 38.24, "type_element": "Way", "__fid": 84519}, "geometry": {"type": "LineString", "coordinates": [[2.3649579, 48.8352906], [2.3654299, 48.8354361]]}}, {"type": "Feature", "properties": {"highway": "footway", "footway": "sidewalk", "name": null, "surface": "asphalt", "lit": "yes", "length_m": 155.6, "type_element": "Way", "__fid": 84575}, "geometry": {"type": "LineString", "coordinates": [[2.3669516, 48.8346175], [2.3650494, 48.8339999]]}}, {"type": "Feature", "properties": {"highway": "footway", "footway": "sidewalk", "name": null, "surface": "asphalt", "lit": "yes", "length_m": 27.45, "type_element": "Way", "__fid": 84576}, "geometry": {"type": "LineString", "coordinates": [[2.3650494, 48.8339999], [2.3651941, 48.8339009], [2.365299, 48.8338412], [2.3653042, 48.8338237]]}}, {"type": "Feature", "properties": {"highway": "service", "footway": null, "name": "Rue de la Pompe à Manège", "surface": "asphalt", "lit": null, "length_m": 73.94, "type_element": "Way", "__fid": 84590}, "geometry": {"type": "LineString", "coordinates": [[2.3650433, 48.8360501], [2.3654299, 48.8354361]]}}, {"type": "Feature", "properties": {"highway": "footway", "footway": "sidewalk", "name": null, "surface": "asphalt", "lit": "yes", "length_m": 38.93, "type_element": "Way", "__fid": 84614}, "geometry": {"type": "LineString", "coordinates": [[2.3654617, 48.8321137], [2.3651109, 48.8323763]]}}, {"type": "Feature", "properties": {"highway": "footway", "footway": "crossing", "name": null, "surface": "asphalt", "lit": "yes", "length_m": 12.14, "type_element": "Way", "__fid": 84615}, "geometry": {"type": "LineString", "coordinates": [[2.3651184, 48.8320606], [2.3652348, 48.831983]]}}, {"type": "Feature", "properties": {"highway": "footway", "footway": "crossing", "name": null, "surface": "asphalt", "lit": "yes", "length_m": 15.48, "type_element": "Way", "__fid": 84628}, "geometry": {"type": "LineString", "coordinates": [[2.3653042, 48.8338237], [2.3651162, 48.8337607]]}}, {"type": "Feature", "properties": {"highway": "footway", "footway": "sidewalk", "name": null, "surface": "asphalt", "lit": "yes", "length_m": 8.99, "type_element": "Way", "__fid": 84629}, "geometry": {"type": "LineString", "coordinates": [[2.3651162, 48.8337607], [2.3652074, 48.8337067]]}}, {"type": "Feature", "properties": {"highway": "footway", "footway": "sidewalk", "name": null, "surface": null, "lit": "yes", "length_m": 136.41, "type_element": "Way", "__fid": 84682}, "geometry": {"type": "LineString", "coordinates": [[2.3658783, 48.8304754], [2.3658076, 48.830362600000015], [2.3652435, 48.8293226]]}}, {"type": "Feature", "properties": {"highway": "footway", "footway": "sidewalk", "name": null, "surface": "asphalt", "lit": "yes", "length_m": 8.66, "type_element": "Way", "__fid": 84699}, "geometry": {"type": "LineString", "coordinates": [[2.3652074, 48.8337067], [2.3652961, 48.83365530000001]]}}, {"type": "Feature", "properties": {"highway": "footway", "footway": "sidewalk", "name": null, "surface": "asphalt", "lit": "yes", "length_m": 2.7, "type_element": "Way", "__fid": 84704}, "geometry": {"type": "LineString", "coordinates": [[2.3652348, 48.831983], [2.3652625, 48.831999]]}}, {"type": "Feature", "properties": {"highway": "footway", "footway": "crossing", "name": null, "surface": "asphalt", "lit": "yes", "length_m": 19.4, "type_element": "Way", "__fid": 84722}, "geometry": {"type": "LineString", "coordinates": [[2.3652625, 48.831999], [2.3654617, 48.8321137]]}}, {"type": "Feature", "properties": {"highway": "footway", "footway": "sidewalk", "name": null, "surface": "asphalt", "lit": "yes", "length_m": 101.22, "type_element": "Way", "__fid": 84723}, "geometry": {"type": "LineString", "coordinates": [[2.3652625, 48.831999], [2.3654187, 48.8318607], [2.3659585, 48.831487399999986], [2.3659757, 48.831448], [2.3660167, 48.83141679999998], [2.3660775, 48.83140010000001], [2.3661747, 48.8313288]]}}, {"type": "Feature", "properties": {"highway": "footway", "footway": "crossing", "name": null, "surface": "asphalt", "lit": "yes", "length_m": 11.14, "type_element": "Way", "__fid": 84770}, "geometry": {"type": "LineString", "coordinates": [[2.3652961, 48.83365530000001], [2.3654059, 48.8337245]]}}, {"type": "Feature", "properties": {"highway": "footway", "footway": "sidewalk", "name": null, "surface": "asphalt", "lit": "yes", "length_m": 45.37, "type_element": "Way", "__fid": 84771}, "geometry": {"type": "LineString", "coordinates": [[2.3652961, 48.83365530000001], [2.3657311, 48.8333655]]}}, {"type": "Feature", "properties": {"highway": "footway", "footway": null, "name": null, "surface": "asphalt", "lit": "yes", "length_m": 58.62, "type_element": "Way", "__fid": 84777}, "geometry": {"type": "LineString", "coordinates": [[2.3653042, 48.8338237], [2.3660172, 48.834061100000014]]}}, {"type": "Feature", "properties": {"highway": "footway", "footway": "sidewalk", "name": null, "surface": "asphalt", "lit": "yes", "length_m": 13.81, "type_element": "Way", "__fid": 84778}, "geometry": {"type": "LineString", "coordinates": [[2.3654059, 48.8337245], [2.3653184, 48.833782099999986], [2.3653042, 48.8338237]]}}, {"type": "Feature", "properties": {"highway": "service", "footway": null, "name": null, "surface": null, "lit": null, "length_m": 78.59, "type_element": "Way", "__fid": 84793}, "geometry": {"type": "LineString", "coordinates": [[2.3658176, 48.8355082], [2.365673, 48.8356585], [2.3653087, 48.83612940000002]]}}, {"type": "Feature", "properties": {"highway": "footway", "footway": "sidewalk", "name": null, "surface": "asphalt", "lit": "yes", "length_m": 1.9, "type_element": "Way", "__fid": 84851}, "geometry": {"type": "LineString", "coordinates": [[2.3654251, 48.8337131], [2.3654059, 48.8337245]]}}, {"type": "Feature", "properties": {"highway": "footway", "footway": null, "name": null, "surface": null, "lit": null, "length_m": 33.89, "type_element": "Way", "__fid": 84865}, "geometry": {"type": "LineString", "coordinates": [[2.3654231, 48.8331377], [2.3657456, 48.8333558]]}}, {"type": "Feature", "properties": {"highway": "footway", "footway": "sidewalk", "name": null, "surface": "asphalt", "lit": "yes", "length_m": 56.57, "type_element": "Way", "__fid": 84877}, "geometry": {"type": "LineString", "coordinates": [[2.3661121, 48.8339437], [2.3654251, 48.8337131]]}}, {"type": "Feature", "properties": {"highway": "footway", "footway": "sidewalk", "name": null, "surface": "asphalt", "lit": "yes", "length_m": 37.57, "type_element": "Way", "__fid": 84878}, "geometry": {"type": "LineString", "coordinates": [[2.3657831, 48.83347160000001], [2.3654251, 48.8337131]]}}, {"type": "Feature", "properties": {"highway": "footway", "footway": "sidewalk", "name": null, "surface": null, "lit": "yes", "length_m": 141.94, "type_element": "Way", "__fid": 84888}, "geometry": {"type": "LineString", "coordinates": [[2.3671903, 48.8299594], [2.3671682, 48.8299408], [2.3657483, 48.82942460000002], [2.3655617, 48.829366399999984], [2.3654931, 48.82937659999999]]}}, {"type": "Feature", "properties": {"highway": "footway", "footway": "sidewalk", "name": null, "surface": "asphalt", "lit": "yes", "length_m": 113.42, "type_element": "Way", "__fid": 84889}, "geometry": {"type": "LineString", "coordinates": [[2.3661747, 48.8313288], [2.366292400000016, 48.831464150000116], [2.3662482, 48.8314655], [2.3658492, 48.8317628], [2.3658223, 48.8318175], [2.3654617, 48.8321137]]}}, {"type": "Feature", "properties": {"highway": "service", "footway": null, "name": null, "surface": "asphalt", "lit": null, "length_m": 5.32, "type_element": "Way", "__fid": 84894}, "geometry": {"type": "LineString", "coordinates": [[2.3654608, 48.8353928], [2.3654299, 48.8354361]]}}, {"type": "Feature", "properties": {"highway": "service", "footway": null, "name": null, "surface": "asphalt", "lit": null, "length_m": 29.16, "type_element": "Way", "__fid": 84919}, "geometry": {"type": "LineString", "coordinates": [[2.3658176, 48.8355082], [2.3654608, 48.8353928]]}}, {"type": "Feature", "properties": {"highway": "footway", "footway": "sidewalk", "name": null, "surface": null, "lit": "yes", "length_m": 80.61, "type_element": "Way", "__fid": 84939}, "geometry": {"type": "LineString", "coordinates": [[2.3665244, 48.8298], [2.3656151, 48.8294712], [2.3655581, 48.8294564]]}}, {"type": "Feature", "properties": {"highway": "footway", "footway": "sidewalk", "name": null, "surface": null, "lit": "yes", "length_m": 116.31, "type_element": "Way", "__fid": 84940}, "geometry": {"type": "LineString", "coordinates": [[2.3655581, 48.8294564], [2.36553, 48.8295088], [2.366027, 48.8304433]]}}, {"type": "Feature", "properties": {"highway": "footway", "footway": "crossing", "name": null, "surface": "asphalt", "lit": "yes", "length_m": 11.3, "type_element": "Way", "__fid": 85091}, "geometry": {"type": "LineString", "coordinates": [[2.3657311, 48.8333655], [2.3658425, 48.8334356]]}}, {"type": "Feature", "properties": {"highway": "footway", "footway": "sidewalk", "name": null, "surface": "asphalt", "lit": "yes", "length_m": 1.52, "type_element": "Way", "__fid": 85092}, "geometry": {"type": "LineString", "coordinates": [[2.3657311, 48.8333655], [2.3657456, 48.8333558]]}}, {"type": "Feature", "properties": {"highway": "footway", "footway": null, "name": "Square Dunois", "surface": null, "lit": "yes", "length_m": 4.84, "type_element": "Way", "__fid": 85098}, "geometry": {"type": "LineString", "coordinates": [[2.3657363, 48.833441], [2.3657831, 48.83347160000001]]}}, {"type": "Feature", "properties": {"highway": "footway", "footway": "sidewalk", "name": null, "surface": "asphalt", "lit": "yes", "length_m": 45.86, "type_element": "Way", "__fid": 85103}, "geometry": {"type": "LineString", "coordinates": [[2.3657456, 48.8333558], [2.366185, 48.8330626]]}}, {"type": "Feature", "properties": {"highway": "footway", "footway": null, "name": "Square Dunois", "surface": null, "lit": "yes", "length_m": 52.36, "type_element": "Way", "__fid": 85126}, "geometry": {"type": "LineString", "coordinates": [[2.3657831, 48.83347160000001], [2.3661103, 48.833686], [2.3662827, 48.8335644]]}}, {"type": "Feature", "properties": {"highway": "footway", "footway": "sidewalk", "name": null, "surface": "asphalt", "lit": "yes", "length_m": 5.92, "type_element": "Way", "__fid": 85127}, "geometry": {"type": "LineString", "coordinates": [[2.3658425, 48.8334356], [2.3657831, 48.83347160000001]]}}, {"type": "Feature", "properties": {"highway": "footway", "footway": "crossing", "name": null, "surface": null, "lit": "yes", "length_m": 13.17, "type_element": "Way", "__fid": 85167}, "geometry": {"type": "LineString", "coordinates": [[2.3659276, 48.8306358], [2.3659377, 48.8305903], [2.3658964, 48.830547299999985], [2.3658703, 48.8305343]]}}, {"type": "Feature", "properties": {"highway": "footway", "footway": "sidewalk", "name": null, "surface": null, "lit": "yes", "length_m": 6.58, "type_element": "Way", "__fid": 85168}, "geometry": {"type": "LineString", "coordinates": [[2.3658703, 48.8305343], [2.3658783, 48.8304754]]}}, {"type": "Feature", "properties": {"highway": "footway", "footway": "crossing", "name": null, "surface": null, "lit": "yes", "length_m": 11.48, "type_element": "Way", "__fid": 85171}, "geometry": {"type": "LineString", "coordinates": [[2.3658783, 48.8304754], [2.366027, 48.8304433]]}}, {"type": "Feature", "properties": {"highway": "footway", "footway": "sidewalk", "name": null, "surface": "asphalt", "lit": "yes", "length_m": 47.61, "type_element": "Way", "__fid": 85172}, "geometry": {"type": "LineString", "coordinates": [[2.3662971, 48.8331306], [2.3659477, 48.8333734], [2.3658425, 48.8334356]]}}, {"type": "Feature", "properties": {"highway": "service", "footway": null, "name": null, "surface": "asphalt", "lit": null, "length_m": 9.92, "type_element": "Way", "__fid": 85173}, "geometry": {"type": "LineString", "coordinates": [[2.365939, 48.8355475], [2.3658176, 48.8355082]]}}, {"type": "Feature", "properties": {"highway": "footway", "footway": "sidewalk", "name": null, "surface": "asphalt", "lit": "yes", "length_m": 5.39, "type_element": "Way", "__fid": 85234}, "geometry": {"type": "LineString", "coordinates": [[2.3659806, 48.8306694], [2.3659276, 48.8306358]]}}, {"type": "Feature", "properties": {"highway": "footway", "footway": "sidewalk", "name": null, "surface": "asphalt", "lit": "yes", "length_m": 58.29, "type_element": "Way", "__fid": 85273}, "geometry": {"type": "LineString", "coordinates": [[2.3662546, 48.8311614], [2.3659806, 48.8306694]]}}, {"type": "Feature", "properties": {"highway": "footway", "footway": "crossing", "name": null, "surface": "asphalt", "lit": "yes", "length_m": 12.19, "type_element": "Way", "__fid": 85274}, "geometry": {"type": "LineString", "coordinates": [[2.3659806, 48.8306694], [2.3661362, 48.830631]]}}, {"type": "Feature", "properties": {"highway": "service", "footway": null, "name": null, "surface": "asphalt", "lit": null, "length_m": 12.56, "type_element": "Way", "__fid": 85294}, "geometry": {"type": "LineString", "coordinates": [[2.3660488, 48.8355093], [2.3659844, 48.8354889], [2.365939, 48.8355475]]}}, {"type": "Feature", "properties": {"highway": "footway", "footway": "sidewalk", "name": null, "surface": "asphalt", "lit": "yes", "length_m": 22.36, "type_element": "Way", "__fid": 85309}, "geometry": {"type": "LineString", "coordinates": [[2.366027, 48.8304433], [2.3661362, 48.830631]]}}, {"type": "Feature", "properties": {"highway": "footway", "footway": null, "name": null, "surface": "asphalt", "lit": "yes", "length_m": 31.56, "type_element": "Way", "__fid": 85338}, "geometry": {"type": "LineString", "coordinates": [[2.3660172, 48.834061100000014], [2.3664011, 48.834188800000014]]}}, {"type": "Feature", "properties": {"highway": "footway", "footway": null, "name": null, "surface": null, "lit": "yes", "length_m": 14.8, "type_element": "Way", "__fid": 85339}, "geometry": {"type": "LineString", "coordinates": [[2.3660172, 48.834061100000014], [2.3661121, 48.8339437]]}}, {"type": "Feature", "properties": {"highway": "service", "footway": null, "name": "Rue du Mur des Fermiers Généraux", "surface": "asphalt", "lit": null, "length_m": 5.08, "type_element": "Way", "__fid": 85376}, "geometry": {"type": "LineString", "coordinates": [[2.3661114, 48.8355288], [2.3660488, 48.8355093]]}}, {"type": "Feature", "properties": {"highway": "service", "footway": null, "name": null, "surface": "asphalt", "lit": null, "length_m": 13.06, "type_element": "Way", "__fid": 85377}, "geometry": {"type": "LineString", "coordinates": [[2.3661324, 48.8354056], [2.3660488, 48.8355093]]}}, {"type": "Feature", "properties": {"highway": "footway", "footway": "sidewalk", "name": null, "surface": "asphalt", "lit": "yes", "length_m": 58.56, "type_element": "Way", "__fid": 85398}, "geometry": {"type": "LineString", "coordinates": [[2.3661362, 48.830631], [2.366392, 48.8311298]]}}, {"type": "Feature", "properties": {"highway": "footway", "footway": "sidewalk", "name": null, "surface": "asphalt", "lit": "yes", "length_m": 30.7, "type_element": "Way", "__fid": 85411}, "geometry": {"type": "LineString", "coordinates": [[2.3664849, 48.8340689], [2.3661121, 48.8339437]]}}, {"type": "Feature", "properties": {"highway": "footway", "footway": "sidewalk", "name": null, "surface": null, "lit": null, "length_m": 79.13, "type_element": "Way", "__fid": 85431}, "geometry": {"type": "LineString", "coordinates": [[2.3661114, 48.8355288], [2.3661496, 48.8355037], [2.3662157, 48.83552550000001], [2.3663051, 48.8355402], [2.3670687, 48.8357986]]}}, {"type": "Feature", "properties": {"highway": "service", "footway": null, "name": null, "surface": null, "lit": "yes", "length_m": 54.92, "type_element": "Way", "__fid": 85437}, "geometry": {"type": "LineString", "coordinates": [[2.3667324, 48.8326972], [2.36645, 48.8325118], [2.3663735, 48.83247650000001], [2.3663346, 48.8324694], [2.3662408, 48.83247389999999], [2.3661523, 48.8325295]]}}, {"type": "Feature", "properties": {"highway": "footway", "footway": "sidewalk", "name": null, "surface": "asphalt", "lit": "yes", "length_m": 19.52, "type_element": "Way", "__fid": 85444}, "geometry": {"type": "LineString", "coordinates": [[2.3661747, 48.8313288], [2.3662546, 48.8311614]]}}, {"type": "Feature", "properties": {"highway": "footway", "footway": "sidewalk", "name": null, "surface": "asphalt", "lit": "yes", "length_m": 6.01, "type_element": "Way", "__fid": 85453}, "geometry": {"type": "LineString", "coordinates": [[2.3662036, 48.8354322], [2.3661324, 48.8354056]]}}, {"type": "Feature", "properties": {"highway": "service", "footway": null, "name": null, "surface": "asphalt", "lit": null, "length_m": 3.27, "type_element": "Way", "__fid": 85454}, "geometry": {"type": "LineString", "coordinates": [[2.3661529, 48.83537950000002], [2.3661324, 48.8354056]]}}, {"type": "Feature", "properties": {"highway": "footway", "footway": null, "name": null, "surface": "asphalt", "lit": null, "length_m": 7.88, "type_element": "Way", "__fid": 85470}, "geometry": {"type": "LineString", "coordinates": [[2.3662036, 48.8354322], [2.3661506, 48.8354938]]}}, {"type": "Feature", "properties": {"highway": "footway", "footway": "crossing", "name": null, "surface": "asphalt", "lit": "yes", "length_m": 11.18, "type_element": "Way", "__fid": 85477}, "geometry": {"type": "LineString", "coordinates": [[2.366185, 48.8330626], [2.3662971, 48.8331306]]}}, {"type": "Feature", "properties": {"highway": "footway", "footway": "sidewalk", "name": null, "surface": "asphalt", "lit": "yes", "length_m": 57.14, "type_element": "Way", "__fid": 85478}, "geometry": {"type": "LineString", "coordinates": [[2.366185, 48.8330626], [2.3667324, 48.8326972]]}}, {"type": "Feature", "properties": {"highway": "footway", "footway": "crossing", "name": null, "surface": "asphalt", "lit": "yes", "length_m": 10.68, "type_element": "Way", "__fid": 85502}, "geometry": {"type": "LineString", "coordinates": [[2.3662546, 48.8311614], [2.366392, 48.8311298]]}}, {"type": "Feature", "properties": {"highway": "footway", "footway": "sidewalk", "name": null, "surface": "asphalt", "lit": "yes", "length_m": 3.67, "type_element": "Way", "__fid": 85504}, "geometry": {"type": "LineString", "coordinates": [[2.3662532, 48.8354362], [2.3662036, 48.8354322]]}}, {"type": "Feature", "properties": {"highway": "footway", "footway": "crossing", "name": null, "surface": "asphalt", "lit": "yes", "length_m": 10.72, "type_element": "Way", "__fid": 85552}, "geometry": {"type": "LineString", "coordinates": [[2.3662597, 48.8353399], [2.3662532, 48.8354362]]}}, {"type": "Feature", "properties": {"highway": "footway", "footway": "sidewalk", "name": null, "surface": "asphalt", "lit": "yes", "length_m": 91.18, "type_element": "Way", "__fid": 85553}, "geometry": {"type": "LineString", "coordinates": [[2.3662532, 48.8354362], [2.3663187, 48.8354107], [2.3669647, 48.8348099], [2.3670091, 48.83479470000001]]}}, {"type": "Feature", "properties": {"highway": "footway", "footway": "sidewalk", "name": null, "surface": "asphalt", "lit": "yes", "length_m": 79.63, "type_element": "Way", "__fid": 85557}, "geometry": {"type": "LineString", "coordinates": [[2.366887699999904, 48.83475593333339], [2.3662597, 48.8353399]]}}, {"type": "Feature", "properties": {"highway": "footway", "footway": null, "name": "Square Dunois", "surface": null, "lit": "yes", "length_m": 57.55, "type_element": "Way", "__fid": 85558}, "geometry": {"type": "LineString", "coordinates": [[2.3662827, 48.8335644], [2.3668456, 48.8339247]]}}, {"type": "Feature", "properties": {"highway": "footway", "footway": null, "name": null, "surface": null, "lit": "yes", "length_m": 44.83, "type_element": "Way", "__fid": 85559}, "geometry": {"type": "LineString", "coordinates": [[2.3662827, 48.8335644], [2.3662435, 48.8335385], [2.3666223, 48.8332705]]}}, {"type": "Feature", "properties": {"highway": "footway", "footway": "sidewalk", "name": null, "surface": "asphalt", "lit": "yes", "length_m": 10.01, "type_element": "Way", "__fid": 85564}, "geometry": {"type": "LineString", "coordinates": [[2.366391, 48.8330653], [2.3662971, 48.8331306]]}}, {"type": "Feature", "properties": {"highway": "footway", "footway": null, "name": null, "surface": null, "lit": "yes", "length_m": 5.1, "type_element": "Way", "__fid": 85592}, "geometry": {"type": "LineString", "coordinates": [[2.3663414, 48.83303320000001], [2.366391, 48.8330653]]}}, {"type": "Feature", "properties": {"highway": "footway", "footway": "sidewalk", "name": null, "surface": "asphalt", "lit": "yes", "length_m": 1.16, "type_element": "Way", "__fid": 85625}, "geometry": {"type": "LineString", "coordinates": [[2.366392, 48.8311298], [2.3664078, 48.8311299]]}}, {"type": "Feature", "properties": {"highway": "footway", "footway": "crossing", "name": null, "surface": "asphalt", "lit": "yes", "length_m": 16.04, "type_element": "Way", "__fid": 85644}, "geometry": {"type": "LineString", "coordinates": [[2.3664078, 48.8311299], [2.3665675, 48.8312283]]}}, {"type": "Feature", "properties": {"highway": "footway", "footway": "sidewalk", "name": null, "surface": "asphalt", "lit": "yes", "length_m": 121.95, "type_element": "Way", "__fid": 85645}, "geometry": {"type": "LineString", "coordinates": [[2.3664078, 48.8311299], [2.3667392, 48.8308805], [2.3668492, 48.830782099999986], [2.3669046, 48.8307409], [2.3669601, 48.830714], [2.3674499, 48.830352900000015], [2.3674723, 48.8302974]]}}, {"type": "Feature", "properties": {"highway": "footway", "footway": null, "name": null, "surface": null, "lit": "yes", "length_m": 30.27, "type_element": "Way", "__fid": 85653}, "geometry": {"type": "LineString", "coordinates": [[2.366391, 48.8330653], [2.3666089, 48.8332043], [2.3666015, 48.8332571], [2.3666223, 48.8332705]]}}, {"type": "Feature", "properties": {"highway": "footway", "footway": "sidewalk", "name": null, "surface": "asphalt", "lit": "yes", "length_m": 59.35, "type_element": "Way", "__fid": 85654}, "geometry": {"type": "LineString", "coordinates": [[2.3669649, 48.832689299999984], [2.366391, 48.8330653]]}}, {"type": "Feature", "properties": {"highway": "footway", "footway": null, "name": null, "surface": "asphalt", "lit": "yes", "length_m": 59.09, "type_element": "Way", "__fid": 85683}, "geometry": {"type": "LineString", "coordinates": [[2.3664011, 48.834188800000014], [2.3671199, 48.8344281]]}}, {"type": "Feature", "properties": {"highway": "footway", "footway": null, "name": null, "surface": "asphalt", "lit": "yes", "length_m": 14.68, "type_element": "Way", "__fid": 85684}, "geometry": {"type": "LineString", "coordinates": [[2.3664011, 48.834188800000014], [2.3664849, 48.8340689]]}}, {"type": "Feature", "properties": {"highway": "footway", "footway": null, "name": null, "surface": null, "lit": null, "length_m": 10.18, "type_element": "Way", "__fid": 85685}, "geometry": {"type": "LineString", "coordinates": [[2.3665244, 48.8298], [2.3664563, 48.8298798]]}}, {"type": "Feature", "properties": {"highway": "footway", "footway": "sidewalk", "name": null, "surface": "asphalt", "lit": "yes", "length_m": 50.58, "type_element": "Way", "__fid": 85694}, "geometry": {"type": "LineString", "coordinates": [[2.3664594, 48.83134170000001], [2.3665647, 48.83144979999999], [2.3669262, 48.8316724]]}}, {"type": "Feature", "properties": {"highway": "footway", "footway": "sidewalk", "name": null, "surface": "asphalt", "lit": "yes", "length_m": 131.85, "type_element": "Way", "__fid": 85695}, "geometry": {"type": "LineString", "coordinates": [[2.3674437, 48.8321236], [2.3673912, 48.8320745], [2.366394, 48.8314613], [2.3662977, 48.831464], [2.3664594, 48.83134170000001]]}}, {"type": "Feature", "properties": {"highway": "footway", "footway": "sidewalk", "name": null, "surface": "asphalt", "lit": "yes", "length_m": 14.9, "type_element": "Way", "__fid": 85696}, "geometry": {"type": "LineString", "coordinates": [[2.3664594, 48.83134170000001], [2.3665675, 48.8312283]]}}, {"type": "Feature", "properties": {"highway": "footway", "footway": "sidewalk", "name": null, "surface": null, "lit": "yes", "length_m": 50.05, "type_element": "Way", "__fid": 85735}, "geometry": {"type": "LineString", "coordinates": [[2.3671206, 48.8300183], [2.3665244, 48.8298]]}}, {"type": "Feature", "properties": {"highway": "footway", "footway": "sidewalk", "name": null, "surface": "asphalt", "lit": "yes", "length_m": 17.62, "type_element": "Way", "__fid": 85753}, "geometry": {"type": "LineString", "coordinates": [[2.3666989, 48.8341407], [2.3664849, 48.8340689]]}}, {"type": "Feature", "properties": {"highway": "footway", "footway": "sidewalk", "name": null, "surface": "asphalt", "lit": "yes", "length_m": 89.72, "type_element": "Way", "__fid": 85793}, "geometry": {"type": "LineString", "coordinates": [[2.367382766666816, 48.830627200000045], [2.3665675, 48.8312283]]}}, {"type": "Feature", "properties": {"highway": "footway", "footway": null, "name": null, "surface": null, "lit": "yes", "length_m": 39.52, "type_element": "Way", "__fid": 85875}, "geometry": {"type": "LineString", "coordinates": [[2.3666223, 48.8332705], [2.3667664, 48.8333637], [2.3669707, 48.8332346], [2.3669335, 48.83320890000001]]}}, {"type": "Feature", "properties": {"highway": "footway", "footway": "sidewalk", "name": null, "surface": "asphalt", "lit": "yes", "length_m": 47.87, "type_element": "Way", "__fid": 85950}, "geometry": {"type": "LineString", "coordinates": [[2.3671199, 48.8344281], [2.367021, 48.834246499999985], [2.3666989, 48.8341407]]}}, {"type": "Feature", "properties": {"highway": "footway", "footway": null, "name": null, "surface": null, "lit": "yes", "length_m": 20.23, "type_element": "Way", "__fid": 85951}, "geometry": {"type": "LineString", "coordinates": [[2.3668141, 48.834009], [2.3668516, 48.83403460000001], [2.3666989, 48.8341407]]}}, {"type": "Feature", "properties": {"highway": "service", "footway": null, "name": null, "surface": null, "lit": "yes", "length_m": 5.99, "type_element": "Way", "__fid": 85961}, "geometry": {"type": "LineString", "coordinates": [[2.3667897, 48.8327355], [2.3667324, 48.8326972]]}}, {"type": "Feature", "properties": {"highway": "footway", "footway": "sidewalk", "name": null, "surface": "asphalt", "lit": "yes", "length_m": 12.61, "type_element": "Way", "__fid": 85962}, "geometry": {"type": "LineString", "coordinates": [[2.3667324, 48.8326972], [2.3668528, 48.83261629999997]]}}, {"type": "Feature", "properties": {"highway": "footway", "footway": null, "name": null, "surface": "concrete", "lit": "yes", "length_m": 10.37, "type_element": "Way", "__fid": 86058}, "geometry": {"type": "LineString", "coordinates": [[2.3668141, 48.834009], [2.3667684, 48.83398060000001], [2.36682046666684, 48.83394186666672]]}}, {"type": "Feature", "properties": {"highway": "footway", "footway": null, "name": null, "surface": null, "lit": "yes", "length_m": 9.0, "type_element": "Way", "__fid": 86059}, "geometry": {"type": "LineString", "coordinates": [[2.3668309, 48.8339543], [2.3668677, 48.8339755], [2.3668141, 48.834009]]}}, {"type": "Feature", "properties": {"highway": "footway", "footway": null, "name": "Square Dunois", "surface": "concrete", "lit": "yes", "length_m": 2.03, "type_element": "Way", "__fid": 86064}, "geometry": {"type": "LineString", "coordinates": [[2.36682046666684, 48.83394186666672], [2.3668156, 48.8339456], [2.3668309, 48.8339543]]}}, {"type": "Feature", "properties": {"highway": "steps", "footway": null, "name": "Square Dunois", "surface": "concrete", "lit": "yes", "length_m": 2.65, "type_element": "Way", "__fid": 86065}, "geometry": {"type": "LineString", "coordinates": [[2.3668456, 48.8339247], [2.36682046666684, 48.83394186666672]]}}, {"type": "Feature", "properties": {"highway": "footway", "footway": null, "name": null, "surface": null, "lit": "yes", "length_m": 15.19, "type_element": "Way", "__fid": 86079}, "geometry": {"type": "LineString", "coordinates": [[2.3669767, 48.833857400000014], [2.3668309, 48.8339543]]}}, {"type": "Feature", "properties": {"highway": "footway", "footway": "crossing", "name": null, "surface": "asphalt", "lit": "yes", "length_m": 11.56, "type_element": "Way", "__fid": 86088}, "geometry": {"type": "LineString", "coordinates": [[2.3668528, 48.83261629999997], [2.3669649, 48.832689299999984]]}}, {"type": "Feature", "properties": {"highway": "footway", "footway": "sidewalk", "name": null, "surface": "asphalt", "lit": "yes", "length_m": 62.01, "type_element": "Way", "__fid": 86089}, "geometry": {"type": "LineString", "coordinates": [[2.3668528, 48.83261629999997], [2.3674442, 48.8322181]]}}, {"type": "Feature", "properties": {"highway": "footway", "footway": null, "name": null, "surface": null, "lit": "yes", "length_m": 14.05, "type_element": "Way", "__fid": 86099}, "geometry": {"type": "LineString", "coordinates": [[2.3668456, 48.8339247], [2.3669577, 48.833845], [2.3669767, 48.833857400000014]]}}, {"type": "Feature", "properties": {"highway": "service", "footway": null, "name": "Impasse Clisson", "surface": null, "lit": null, "length_m": 4.23, "type_element": "Way", "__fid": 86117}, "geometry": {"type": "LineString", "coordinates": [[2.3668831, 48.8316976], [2.3669262, 48.8316724]]}}, {"type": "Feature", "properties": {"highway": "footway", "footway": "sidewalk", "name": null, "surface": "asphalt", "lit": "yes", "length_m": 2.97, "type_element": "Way", "__fid": 86136}, "geometry": {"type": "LineString", "coordinates": [[2.3668561, 48.8347393], [2.366887699999904, 48.83475593333339]]}}, {"type": "Feature", "properties": {"highway": "footway", "footway": "crossing", "name": null, "surface": "asphalt", "lit": "yes", "length_m": 15.25, "type_element": "Way", "__fid": 86137}, "geometry": {"type": "LineString", "coordinates": [[2.3668561, 48.8347393], [2.3669516, 48.8346175]]}}, {"type": "Feature", "properties": {"highway": "footway", "footway": "crossing", "name": null, "surface": "asphalt", "lit": "yes", "length_m": 9.9, "type_element": "Way", "__fid": 86159}, "geometry": {"type": "LineString", "coordinates": [[2.366887699999904, 48.83475593333339], [2.3670091, 48.83479470000001]]}}, {"type": "Feature", "properties": {"highway": "footway", "footway": "sidewalk", "name": null, "surface": "asphalt", "lit": "yes", "length_m": 70.98, "type_element": "Way", "__fid": 86160}, "geometry": {"type": "LineString", "coordinates": [[2.3669262, 48.8316724], [2.3676318, 48.8321019], [2.367627266666827, 48.832105566666705]]}}, {"type": "Feature", "properties": {"highway": "service", "footway": null, "name": "Impasse Clisson", "surface": null, "lit": null, "length_m": 95.54, "type_element": "Way", "__fid": 86161}, "geometry": {"type": "LineString", "coordinates": [[2.3669262, 48.8316724], [2.3674376, 48.8313733], [2.3676594, 48.831400299999984], [2.3678311, 48.83144350000002], [2.3678928, 48.831472699999985], [2.3679857, 48.8315356]]}}, {"type": "Feature", "properties": {"highway": "footway", "footway": "sidewalk", "name": null, "surface": "asphalt", "lit": "yes", "length_m": 11.74, "type_element": "Way", "__fid": 86214}, "geometry": {"type": "LineString", "coordinates": [[2.3670786, 48.832615], [2.3669649, 48.832689299999984]]}}, {"type": "Feature", "properties": {"highway": "footway", "footway": "sidewalk", "name": null, "surface": "asphalt", "lit": "yes", "length_m": 11.68, "type_element": "Way", "__fid": 86230}, "geometry": {"type": "LineString", "coordinates": [[2.367074, 48.83455039999998], [2.3669516, 48.8346175]]}}, {"type": "Feature", "properties": {"highway": "footway", "footway": null, "name": null, "surface": null, "lit": "yes", "length_m": 47.07, "type_element": "Way", "__fid": 86250}, "geometry": {"type": "LineString", "coordinates": [[2.3672473, 48.8336003], [2.3673432, 48.83366380000001], [2.3670052, 48.8338755], [2.3669767, 48.833857400000014]]}}, {"type": "Feature", "properties": {"highway": "service", "footway": null, "name": null, "surface": null, "lit": "yes", "length_m": 5.59, "type_element": "Way", "__fid": 86271}, "geometry": {"type": "LineString", "coordinates": [[2.367023, 48.8325806], [2.3670786, 48.832615]]}}, {"type": "Feature", "properties": {"highway": "footway", "footway": "sidewalk", "name": null, "surface": "asphalt", "lit": "yes", "length_m": 10.85, "type_element": "Way", "__fid": 86288}, "geometry": {"type": "LineString", "coordinates": [[2.3670091, 48.83479470000001], [2.3671449, 48.834833300000014]]}}, {"type": "Feature", "properties": {"highway": "service", "footway": null, "name": null, "surface": null, "lit": "yes", "length_m": 58.25, "type_element": "Way", "__fid": 86312}, "geometry": {"type": "LineString", "coordinates": [[2.3670786, 48.832615], [2.3676584, 48.83297260000001]]}}, {"type": "Feature", "properties": {"highway": "footway", "footway": "sidewalk", "name": null, "surface": "asphalt", "lit": "yes", "length_m": 57.26, "type_element": "Way", "__fid": 86313}, "geometry": {"type": "LineString", "coordinates": [[2.367619, 48.8322437], [2.3670786, 48.832615]]}}, {"type": "Feature", "properties": {"highway": "footway", "footway": "sidewalk", "name": null, "surface": null, "lit": "yes", "length_m": 14.19, "type_element": "Way", "__fid": 86319}, "geometry": {"type": "LineString", "coordinates": [[2.3672756, 48.8300945], [2.3671206, 48.8300183]]}}, {"type": "Feature", "properties": {"highway": "footway", "footway": "crossing", "name": null, "surface": null, "lit": "yes", "length_m": 8.31, "type_element": "Way", "__fid": 86320}, "geometry": {"type": "LineString", "coordinates": [[2.3671206, 48.8300183], [2.3671903, 48.8299594]]}}, {"type": "Feature", "properties": {"highway": "footway", "footway": "crossing", "name": null, "surface": "asphalt", "lit": "yes", "length_m": 18.95, "type_element": "Way", "__fid": 86327}, "geometry": {"type": "LineString", "coordinates": [[2.367074, 48.83455039999998], [2.3673074, 48.8346233]]}}, {"type": "Feature", "properties": {"highway": "footway", "footway": "crossing", "name": null, "surface": "asphalt", "lit": "yes", "length_m": 13.66, "type_element": "Way", "__fid": 86328}, "geometry": {"type": "LineString", "coordinates": [[2.367074, 48.83455039999998], [2.3671589, 48.8344411]]}}, {"type": "Feature", "properties": {"highway": "footway", "footway": "sidewalk", "name": null, "surface": "asphalt", "lit": "yes", "length_m": 3.21, "type_element": "Way", "__fid": 86365}, "geometry": {"type": "LineString", "coordinates": [[2.3671589, 48.8344411], [2.3671199, 48.8344281]]}}, {"type": "Feature", "properties": {"highway": "footway", "footway": "sidewalk", "name": null, "surface": "asphalt", "lit": "yes", "length_m": 39.07, "type_element": "Way", "__fid": 86383}, "geometry": {"type": "LineString", "coordinates": [[2.3671903, 48.8299594], [2.3672308, 48.8299764], [2.367556, 48.82973959999999]]}}, {"type": "Feature", "properties": {"highway": "footway", "footway": "sidewalk", "name": null, "surface": "asphalt", "lit": "yes", "length_m": 56.73, "type_element": "Way", "__fid": 86393}, "geometry": {"type": "LineString", "coordinates": [[2.3671449, 48.834833300000014], [2.3678348, 48.835063199999986]]}}, {"type": "Feature", "properties": {"highway": "footway", "footway": "sidewalk", "name": null, "surface": "asphalt", "lit": "yes", "length_m": 26.22, "type_element": "Way", "__fid": 86394}, "geometry": {"type": "LineString", "coordinates": [[2.3671449, 48.834833300000014], [2.3673074, 48.8346233]]}}, {"type": "Feature", "properties": {"highway": "footway", "footway": "sidewalk", "name": null, "surface": "asphalt", "lit": "yes", "length_m": 17.4, "type_element": "Way", "__fid": 86397}, "geometry": {"type": "LineString", "coordinates": [[2.3671589, 48.8344411], [2.3673763, 48.8345035]]}}, {"type": "Feature", "properties": {"highway": "pedestrian", "footway": null, "name": "Place Jeanne d'Arc", "surface": "asphalt", "lit": "yes", "length_m": 38.17, "type_element": "Way", "__fid": 86429}, "geometry": {"type": "LineString", "coordinates": [[2.3672567, 48.830024], [2.3676035, 48.8297682]]}}, {"type": "Feature", "properties": {"highway": "footway", "footway": "sidewalk", "name": null, "surface": null, "lit": "yes", "length_m": 27.81, "type_element": "Way", "__fid": 86439}, "geometry": {"type": "LineString", "coordinates": [[2.3674723, 48.8302974], [2.3674145, 48.830175300000015], [2.3672756, 48.8300945]]}}, {"type": "Feature", "properties": {"highway": "footway", "footway": "sidewalk", "name": null, "surface": "asphalt", "lit": "yes", "length_m": 42.76, "type_element": "Way", "__fid": 86440}, "geometry": {"type": "LineString", "coordinates": [[2.3672756, 48.8300945], [2.3673767, 48.8300322], [2.3676787, 48.8298172]]}}, {"type": "Feature", "properties": {"highway": "living_street", "footway": null, "name": "Villa Auguste Blanqui", "surface": "concrete", "lit": "yes", "length_m": 8.37, "type_element": "Way", "__fid": 86482}, "geometry": {"type": "LineString", "coordinates": [[2.3673258, 48.8305555], [2.3674108, 48.8306057]]}}, {"type": "Feature", "properties": {"highway": "footway", "footway": "sidewalk", "name": null, "surface": "asphalt", "lit": "yes", "length_m": 10.22, "type_element": "Way", "__fid": 86511}, "geometry": {"type": "LineString", "coordinates": [[2.3673074, 48.8346233], [2.3674436, 48.8346424]]}}, {"type": "Feature", "properties": {"highway": "footway", "footway": "sidewalk", "name": null, "surface": "asphalt", "lit": "yes", "length_m": 29.3, "type_element": "Way", "__fid": 86537}, "geometry": {"type": "LineString", "coordinates": [[2.367382766666816, 48.830627200000045], [2.3676815, 48.830802]]}}, {"type": "Feature", "properties": {"highway": "footway", "footway": "crossing", "name": null, "surface": "asphalt", "lit": "yes", "length_m": 3.15, "type_element": "Way", "__fid": 86538}, "geometry": {"type": "LineString", "coordinates": [[2.367382766666816, 48.830627200000045], [2.3674108, 48.8306057]]}}, {"type": "Feature", "properties": {"highway": "living_street", "footway": null, "name": "Villa Auguste Blanqui", "surface": "concrete", "lit": "yes", "length_m": 29.34, "type_element": "Way", "__fid": 86568}, "geometry": {"type": "LineString", "coordinates": [[2.3674108, 48.8306057], [2.3677086, 48.8307817]]}}, {"type": "Feature", "properties": {"highway": "footway", "footway": "crossing", "name": null, "surface": "asphalt", "lit": "yes", "length_m": 2.87, "type_element": "Way", "__fid": 86569}, "geometry": {"type": "LineString", "coordinates": [[2.3674108, 48.8306057], [2.367441499999961, 48.83058976666679]]}}, {"type": "Feature", "properties": {"highway": "footway", "footway": "crossing", "name": null, "surface": "asphalt", "lit": "yes", "length_m": 8.84, "type_element": "Way", "__fid": 86586}, "geometry": {"type": "LineString", "coordinates": [[2.3673763, 48.8345035], [2.367482933333185, 48.834540500000095]]}}, {"type": "Feature", "properties": {"highway": "footway", "footway": "sidewalk", "name": null, "surface": "asphalt", "lit": "yes", "length_m": 68.29, "type_element": "Way", "__fid": 86587}, "geometry": {"type": "LineString", "coordinates": [[2.3673763, 48.8345035], [2.3676255, 48.8343453], [2.3676241, 48.834284], [2.3679746, 48.8340563]]}}, {"type": "Feature", "properties": {"highway": "footway", "footway": "sidewalk", "name": null, "surface": "asphalt", "lit": "yes", "length_m": 28.82, "type_element": "Way", "__fid": 86599}, "geometry": {"type": "LineString", "coordinates": [[2.3677398, 48.8307583], [2.367441499999961, 48.83058976666679]]}}, {"type": "Feature", "properties": {"highway": "footway", "footway": "sidewalk", "name": null, "surface": "asphalt", "lit": "yes", "length_m": 24.6, "type_element": "Way", "__fid": 86600}, "geometry": {"type": "LineString", "coordinates": [[2.367441499999961, 48.83058976666679], [2.3676288, 48.83044820000001], [2.367675, 48.8304349]]}}, {"type": "Feature", "properties": {"highway": "footway", "footway": "sidewalk", "name": null, "surface": "asphalt", "lit": "yes", "length_m": 8.38, "type_element": "Way", "__fid": 86615}, "geometry": {"type": "LineString", "coordinates": [[2.3675382, 48.832165799999984], [2.3674437, 48.8321236]]}}, {"type": "Feature", "properties": {"highway": "footway", "footway": "sidewalk", "name": null, "surface": "asphalt", "lit": "yes", "length_m": 10.51, "type_element": "Way", "__fid": 86616}, "geometry": {"type": "LineString", "coordinates": [[2.3674442, 48.8322181], [2.3674437, 48.8321236]]}}, {"type": "Feature", "properties": {"highway": "footway", "footway": "sidewalk", "name": null, "surface": "asphalt", "lit": "yes", "length_m": 7.1, "type_element": "Way", "__fid": 86617}, "geometry": {"type": "LineString", "coordinates": [[2.3674442, 48.8322181], [2.367534, 48.832194399999985]]}}, {"type": "Feature", "properties": {"highway": "footway", "footway": "crossing", "name": null, "surface": "sett", "lit": "yes", "length_m": 12.78, "type_element": "Way", "__fid": 86622}, "geometry": {"type": "LineString", "coordinates": [[2.3674723, 48.8302974], [2.367602, 48.830324], [2.3676338, 48.830338]]}}, {"type": "Feature", "properties": {"highway": "footway", "footway": "sidewalk", "name": null, "surface": "asphalt", "lit": "yes", "length_m": 117.2, "type_element": "Way", "__fid": 86636}, "geometry": {"type": "LineString", "coordinates": [[2.3674436, 48.8346424], [2.3687312, 48.8350802], [2.3687426, 48.83510190000001], [2.3688438, 48.8351358]]}}, {"type": "Feature", "properties": {"highway": "footway", "footway": "crossing", "name": null, "surface": "asphalt", "lit": "yes", "length_m": 10.73, "type_element": "Way", "__fid": 86637}, "geometry": {"type": "LineString", "coordinates": [[2.3674436, 48.8346424], [2.3675111, 48.8345568]]}}, {"type": "Feature", "properties": {"highway": "footway", "footway": "sidewalk", "name": null, "surface": "asphalt", "lit": "yes", "length_m": 2.75, "type_element": "Way", "__fid": 86657}, "geometry": {"type": "LineString", "coordinates": [[2.3675111, 48.8345568], [2.367482933333185, 48.834540500000095]]}}, {"type": "Feature", "properties": {"highway": "footway", "footway": "sidewalk", "name": null, "surface": "asphalt", "lit": "yes", "length_m": 60.28, "type_element": "Way", "__fid": 86658}, "geometry": {"type": "LineString", "coordinates": [[2.367482933333185, 48.834540500000095], [2.3678995, 48.8342771], [2.3679296, 48.8342746], [2.3680779, 48.83417270000001]]}}, {"type": "Feature", "properties": {"highway": "footway", "footway": "sidewalk", "name": null, "surface": "asphalt", "lit": "yes", "length_m": 4.72, "type_element": "Way", "__fid": 86670}, "geometry": {"type": "LineString", "coordinates": [[2.367556, 48.82973959999999], [2.3676035, 48.8297682]]}}, {"type": "Feature", "properties": {"highway": "footway", "footway": "sidewalk", "name": null, "surface": "asphalt", "lit": "yes", "length_m": 75.27, "type_element": "Way", "__fid": 86671}, "geometry": {"type": "LineString", "coordinates": [[2.367556, 48.82973959999999], [2.3682298, 48.8292517], [2.3682549, 48.82925330000001]]}}, {"type": "Feature", "properties": {"highway": "footway", "footway": "sidewalk", "name": null, "surface": "paving_stones", "lit": null, "length_m": 62.34, "type_element": "Way", "__fid": 86675}, "geometry": {"type": "LineString", "coordinates": [[2.3678348, 48.835063199999986], [2.3674877, 48.83557490000002]]}}, {"type": "Feature", "properties": {"highway": "footway", "footway": "crossing", "name": null, "surface": "asphalt", "lit": "yes", "length_m": 8.31, "type_element": "Way", "__fid": 86679}, "geometry": {"type": "LineString", "coordinates": [[2.367534, 48.832194399999985], [2.367619, 48.8322437]]}}, {"type": "Feature", "properties": {"highway": "footway", "footway": "sidewalk", "name": null, "surface": "asphalt", "lit": "yes", "length_m": 3.2, "type_element": "Way", "__fid": 86680}, "geometry": {"type": "LineString", "coordinates": [[2.367534, 48.832194399999985], [2.3675382, 48.832165799999984]]}}, {"type": "Feature", "properties": {"highway": "footway", "footway": "crossing", "name": null, "surface": "asphalt", "lit": "yes", "length_m": 9.36, "type_element": "Way", "__fid": 86683}, "geometry": {"type": "LineString", "coordinates": [[2.3675382, 48.832165799999984], [2.367627266666827, 48.832105566666705]]}}, {"type": "Feature", "properties": {"highway": "footway", "footway": "sidewalk", "name": null, "surface": "asphalt", "lit": "yes", "length_m": 116.8, "type_element": "Way", "__fid": 86684}, "geometry": {"type": "LineString", "coordinates": [[2.3689305, 48.8350316], [2.3675111, 48.8345568]]}}, {"type": "Feature", "properties": {"highway": "footway", "footway": null, "name": "Villa Auguste Blanqui", "surface": null, "lit": null, "length_m": 13.71, "type_element": "Way", "__fid": 86685}, "geometry": {"type": "LineString", "coordinates": [[2.367558, 48.8308945], [2.3676815, 48.830802]]}}, {"type": "Feature", "properties": {"highway": "footway", "footway": "sidewalk", "name": null, "surface": null, "lit": "yes", "length_m": 7.76, "type_element": "Way", "__fid": 86730}, "geometry": {"type": "LineString", "coordinates": [[2.3676787, 48.8298172], [2.3676035, 48.8297682]]}}, {"type": "Feature", "properties": {"highway": "pedestrian", "footway": null, "name": "Place Jeanne d'Arc", "surface": "asphalt", "lit": "yes", "length_m": 70.33, "type_element": "Way", "__fid": 86731}, "geometry": {"type": "LineString", "coordinates": [[2.3676035, 48.8297682], [2.3682425, 48.82929690000001]]}}, {"type": "Feature", "properties": {"highway": "footway", "footway": "crossing", "name": null, "surface": "sett", "lit": "yes", "length_m": 14.12, "type_element": "Way", "__fid": 86768}, "geometry": {"type": "LineString", "coordinates": [[2.367675, 48.8304349], [2.3676724, 48.8304155], [2.3675969, 48.8303684], [2.3676338, 48.830338]]}}, {"type": "Feature", "properties": {"highway": "footway", "footway": null, "name": null, "surface": null, "lit": null, "length_m": 35.25, "type_element": "Way", "__fid": 86769}, "geometry": {"type": "LineString", "coordinates": [[2.3676338, 48.830338], [2.367945, 48.8300966]]}}, {"type": "Feature", "properties": {"highway": "footway", "footway": "sidewalk", "name": null, "surface": "asphalt", "lit": "yes", "length_m": 3.47, "type_element": "Way", "__fid": 86777}, "geometry": {"type": "LineString", "coordinates": [[2.367619, 48.8322437], [2.3676657, 48.8322386]]}}, {"type": "Feature", "properties": {"highway": "footway", "footway": "sidewalk", "name": null, "surface": "asphalt", "lit": "yes", "length_m": 4.17, "type_element": "Way", "__fid": 86783}, "geometry": {"type": "LineString", "coordinates": [[2.367627266666827, 48.832105566666705], [2.367683433333127, 48.832099933333424]]}}, {"type": "Feature", "properties": {"highway": "footway", "footway": null, "name": "Villa Auguste Blanqui", "surface": null, "lit": null, "length_m": 14.7, "type_element": "Way", "__fid": 86801}, "geometry": {"type": "LineString", "coordinates": [[2.3676578, 48.83096469999999], [2.3677878, 48.830864099999985]]}}, {"type": "Feature", "properties": {"highway": "footway", "footway": "crossing", "name": null, "surface": null, "lit": "yes", "length_m": 15.9, "type_element": "Way", "__fid": 86813}, "geometry": {"type": "LineString", "coordinates": [[2.3676787, 48.8298172], [2.3678488, 48.8299057]]}}, {"type": "Feature", "properties": {"highway": "footway", "footway": "sidewalk", "name": null, "surface": "asphalt", "lit": "yes", "length_m": 26.35, "type_element": "Way", "__fid": 86822}, "geometry": {"type": "LineString", "coordinates": [[2.367675, 48.8304349], [2.3678762, 48.8304544], [2.3679956, 48.8305202]]}}, {"type": "Feature", "properties": {"highway": "footway", "footway": "sidewalk", "name": null, "surface": "asphalt", "lit": "yes", "length_m": 10.42, "type_element": "Way", "__fid": 86834}, "geometry": {"type": "LineString", "coordinates": [[2.3676815, 48.830802], [2.3677878, 48.830864099999985]]}}, {"type": "Feature", "properties": {"highway": "footway", "footway": null, "name": "Villa Auguste Blanqui", "surface": null, "lit": null, "length_m": 3.01, "type_element": "Way", "__fid": 86835}, "geometry": {"type": "LineString", "coordinates": [[2.3676815, 48.830802], [2.3677086, 48.8307817]]}}, {"type": "Feature", "properties": {"highway": "footway", "footway": "sidewalk", "name": null, "surface": "asphalt", "lit": "yes", "length_m": 59.85, "type_element": "Way", "__fid": 86840}, "geometry": {"type": "LineString", "coordinates": [[2.3676657, 48.8322386], [2.368295, 48.8325808]]}}, {"type": "Feature", "properties": {"highway": "footway", "footway": "crossing", "name": null, "surface": "asphalt", "lit": "yes", "length_m": 8.9, "type_element": "Way", "__fid": 86841}, "geometry": {"type": "LineString", "coordinates": [[2.3676657, 48.8322386], [2.367748400000207, 48.83218003333342]]}}, {"type": "Feature", "properties": {"highway": "service", "footway": null, "name": null, "surface": "asphalt", "lit": null, "length_m": 54.82, "type_element": "Way", "__fid": 86853}, "geometry": {"type": "LineString", "coordinates": [[2.3676376, 48.83554870000001], [2.3676214, 48.8355242], [2.3676302, 48.8354982], [2.3678674, 48.835176300000015], [2.3679534, 48.8351176]]}}, {"type": "Feature", "properties": {"highway": "service", "footway": null, "name": "Avenue de l'Hôpital Général", "surface": "asphalt", "lit": null, "length_m": 9.44, "type_element": "Way", "__fid": 86854}, "geometry": {"type": "LineString", "coordinates": [[2.3677373, 48.83549510000001], [2.3676376, 48.83554870000001]]}}, {"type": "Feature", "properties": {"highway": "footway", "footway": "crossing", "name": null, "surface": "asphalt", "lit": "yes", "length_m": 7.2, "type_element": "Way", "__fid": 86860}, "geometry": {"type": "LineString", "coordinates": [[2.367683433333127, 48.832099933333424], [2.367751833333172, 48.83214636666673]]}}, {"type": "Feature", "properties": {"highway": "footway", "footway": "sidewalk", "name": null, "surface": "asphalt", "lit": "yes", "length_m": 65.49, "type_element": "Way", "__fid": 86861}, "geometry": {"type": "LineString", "coordinates": [[2.367683433333127, 48.832099933333424], [2.3683089, 48.8316799]]}}, {"type": "Feature", "properties": {"highway": "service", "footway": null, "name": null, "surface": "sett", "lit": "yes", "length_m": 9.32, "type_element": "Way", "__fid": 86867}, "geometry": {"type": "LineString", "coordinates": [[2.367718, 48.829911], [2.3678113, 48.8299679]]}}, {"type": "Feature", "properties": {"highway": "living_street", "footway": null, "name": "Villa Auguste Blanqui", "surface": "concrete", "lit": "yes", "length_m": 10.37, "type_element": "Way", "__fid": 86870}, "geometry": {"type": "LineString", "coordinates": [[2.3677086, 48.8307817], [2.3678139, 48.8308439]]}}, {"type": "Feature", "properties": {"highway": "footway", "footway": null, "name": "Villa Auguste Blanqui", "surface": null, "lit": null, "length_m": 3.47, "type_element": "Way", "__fid": 86871}, "geometry": {"type": "LineString", "coordinates": [[2.3677086, 48.8307817], [2.3677398, 48.8307583]]}}, {"type": "Feature", "properties": {"highway": "footway", "footway": "sidewalk", "name": null, "surface": "asphalt", "lit": "yes", "length_m": 15.16, "type_element": "Way", "__fid": 86891}, "geometry": {"type": "LineString", "coordinates": [[2.367891, 48.8308511], [2.3677398, 48.8307583]]}}, {"type": "Feature", "properties": {"highway": "footway", "footway": null, "name": "Villa Auguste Blanqui", "surface": null, "lit": null, "length_m": 13.06, "type_element": "Way", "__fid": 86892}, "geometry": {"type": "LineString", "coordinates": [[2.3677398, 48.8307583], [2.3678575, 48.8306702]]}}, {"type": "Feature", "properties": {"highway": "footway", "footway": "sidewalk", "name": null, "surface": "asphalt", "lit": "yes", "length_m": 16.12, "type_element": "Way", "__fid": 86939}, "geometry": {"type": "LineString", "coordinates": [[2.3677878, 48.830864099999985], [2.3679505, 48.8309615]]}}, {"type": "Feature", "properties": {"highway": "footway", "footway": null, "name": "Villa Auguste Blanqui", "surface": null, "lit": null, "length_m": 2.95, "type_element": "Way", "__fid": 86940}, "geometry": {"type": "LineString", "coordinates": [[2.3677878, 48.830864099999985], [2.3678139, 48.8308439]]}}, {"type": "Feature", "properties": {"highway": "service", "footway": null, "name": null, "surface": null, "lit": null, "length_m": 49.1, "type_element": "Way", "__fid": 86949}, "geometry": {"type": "LineString", "coordinates": [[2.3679534, 48.8351176], [2.368003, 48.8352305], [2.3678501, 48.8354361], [2.3677373, 48.83549510000001]]}}, {"type": "Feature", "properties": {"highway": "service", "footway": null, "name": null, "surface": "sett", "lit": "yes", "length_m": 16.77, "type_element": "Way", "__fid": 86958}, "geometry": {"type": "LineString", "coordinates": [[2.3678113, 48.8299679], [2.3679791, 48.83007030000001]]}}, {"type": "Feature", "properties": {"highway": "footway", "footway": null, "name": null, "surface": null, "lit": null, "length_m": 20.82, "type_element": "Way", "__fid": 86959}, "geometry": {"type": "LineString", "coordinates": [[2.3678113, 48.8299679], [2.3677753, 48.82999370000001], [2.367945, 48.8300966]]}}, {"type": "Feature", "properties": {"highway": "footway", "footway": "sidewalk", "name": null, "surface": "asphalt", "lit": "yes", "length_m": 3.64, "type_element": "Way", "__fid": 86960}, "geometry": {"type": "LineString", "coordinates": [[2.3678113, 48.8299679], [2.3678458, 48.8299444]]}}, {"type": "Feature", "properties": {"highway": "living_street", "footway": null, "name": "Villa Auguste Blanqui", "surface": "concrete", "lit": "yes", "length_m": 4.77, "type_element": "Way", "__fid": 86977}, "geometry": {"type": "LineString", "coordinates": [[2.3678139, 48.8308439], [2.3678624, 48.8308725]]}}, {"type": "Feature", "properties": {"highway": "footway", "footway": "sidewalk", "name": null, "surface": "asphalt", "lit": "yes", "length_m": 16.8, "type_element": "Way", "__fid": 86990}, "geometry": {"type": "LineString", "coordinates": [[2.3680036, 48.8300514], [2.3678604, 48.8299663], [2.3678458, 48.8299444]]}}, {"type": "Feature", "properties": {"highway": "footway", "footway": "sidewalk", "name": null, "surface": "asphalt", "lit": "yes", "length_m": 4.31, "type_element": "Way", "__fid": 86991}, "geometry": {"type": "LineString", "coordinates": [[2.3678458, 48.8299444], [2.3678488, 48.8299057]]}}, {"type": "Feature", "properties": {"highway": "footway", "footway": "sidewalk", "name": null, "surface": "asphalt", "lit": "yes", "length_m": 2.92, "type_element": "Way", "__fid": 86994}, "geometry": {"type": "LineString", "coordinates": [[2.3678488, 48.8299057], [2.367873, 48.8298849]]}}, {"type": "Feature", "properties": {"highway": "pedestrian", "footway": null, "name": "Place Jeanne d'Arc", "surface": "asphalt", "lit": "yes", "length_m": 18.98, "type_element": "Way", "__fid": 86995}, "geometry": {"type": "LineString", "coordinates": [[2.3680546, 48.8304817], [2.3678437, 48.8303829]]}}, {"type": "Feature", "properties": {"highway": "footway", "footway": "sidewalk", "name": null, "surface": null, "lit": "yes", "length_m": 15.47, "type_element": "Way", "__fid": 87007}, "geometry": {"type": "LineString", "coordinates": [[2.367873, 48.8298849], [2.3680302, 48.8299775]]}}, {"type": "Feature", "properties": {"highway": "footway", "footway": "sidewalk", "name": null, "surface": "asphalt", "lit": "yes", "length_m": 79.49, "type_element": "Way", "__fid": 87008}, "geometry": {"type": "LineString", "coordinates": [[2.367873, 48.8298849], [2.3681312, 48.8296675], [2.3682679, 48.8295698], [2.3683288, 48.829542], [2.3684172, 48.8295256], [2.3685118, 48.82952749999998], [2.3686114, 48.829549], [2.3686853, 48.82959110000002]]}}, {"type": "Feature", "properties": {"highway": "footway", "footway": null, "name": "Villa Auguste Blanqui", "surface": null, "lit": null, "length_m": 9.6, "type_element": "Way", "__fid": 87010}, "geometry": {"type": "LineString", "coordinates": [[2.3678599, 48.8310238], [2.3679505, 48.8309615]]}}, {"type": "Feature", "properties": {"highway": "living_street", "footway": null, "name": "Villa Auguste Blanqui", "surface": "concrete", "lit": "yes", "length_m": 11.52, "type_element": "Way", "__fid": 87011}, "geometry": {"type": "LineString", "coordinates": [[2.3678624, 48.8308725], [2.3679793, 48.8309416]]}}, {"type": "Feature", "properties": {"highway": "footway", "footway": null, "name": "Villa Auguste Blanqui", "surface": null, "lit": null, "length_m": 3.17, "type_element": "Way", "__fid": 87012}, "geometry": {"type": "LineString", "coordinates": [[2.367891, 48.8308511], [2.3678624, 48.8308725]]}}, {"type": "Feature", "properties": {"highway": "footway", "footway": "sidewalk", "name": null, "surface": "asphalt", "lit": "yes", "length_m": 10.47, "type_element": "Way", "__fid": 87024}, "geometry": {"type": "LineString", "coordinates": [[2.3678348, 48.835063199999986], [2.367962, 48.8351059]]}}, {"type": "Feature", "properties": {"highway": "footway", "footway": "sidewalk", "name": null, "surface": "asphalt", "lit": "yes", "length_m": 14.75, "type_element": "Way", "__fid": 87028}, "geometry": {"type": "LineString", "coordinates": [[2.3680438, 48.8309373], [2.367891, 48.8308511]]}}, {"type": "Feature", "properties": {"highway": "footway", "footway": null, "name": "Villa Auguste Blanqui", "surface": null, "lit": null, "length_m": 14.76, "type_element": "Way", "__fid": 87029}, "geometry": {"type": "LineString", "coordinates": [[2.3680239, 48.8307515], [2.367891, 48.8308511]]}}, {"type": "Feature", "properties": {"highway": "footway", "footway": null, "name": null, "surface": null, "lit": null, "length_m": 21.22, "type_element": "Way", "__fid": 87074}, "geometry": {"type": "LineString", "coordinates": [[2.367945, 48.8300966], [2.3681181, 48.83020160000002], [2.3681546, 48.8301753]]}}, {"type": "Feature", "properties": {"highway": "footway", "footway": "crossing", "name": null, "surface": null, "lit": "yes", "length_m": 3.85, "type_element": "Way", "__fid": 87075}, "geometry": {"type": "LineString", "coordinates": [[2.367945, 48.8300966], [2.3679791, 48.83007030000001]]}}, {"type": "Feature", "properties": {"highway": "service", "footway": null, "name": null, "surface": "paving_stones", "lit": "yes", "length_m": 7.93, "type_element": "Way", "__fid": 87079}, "geometry": {"type": "LineString", "coordinates": [[2.3679029, 48.834003], [2.3679746, 48.8340563]]}}, {"type": "Feature", "properties": {"highway": "footway", "footway": "sidewalk", "name": null, "surface": "asphalt", "lit": "yes", "length_m": 16.7, "type_element": "Way", "__fid": 87089}, "geometry": {"type": "LineString", "coordinates": [[2.3679505, 48.8309615], [2.3681228, 48.8310595]]}}, {"type": "Feature", "properties": {"highway": "footway", "footway": null, "name": "Villa Auguste Blanqui", "surface": null, "lit": null, "length_m": 3.06, "type_element": "Way", "__fid": 87090}, "geometry": {"type": "LineString", "coordinates": [[2.3679505, 48.8309615], [2.3679793, 48.8309416]]}}, {"type": "Feature", "properties": {"highway": "service", "footway": null, "name": null, "surface": "sett", "lit": "yes", "length_m": 17.39, "type_element": "Way", "__fid": 87102}, "geometry": {"type": "LineString", "coordinates": [[2.3679791, 48.83007030000001], [2.3681546, 48.8301753]]}}, {"type": "Feature", "properties": {"highway": "footway", "footway": "crossing", "name": null, "surface": null, "lit": "yes", "length_m": 2.77, "type_element": "Way", "__fid": 87103}, "geometry": {"type": "LineString", "coordinates": [[2.3680036, 48.8300514], [2.3679791, 48.83007030000001]]}}, {"type": "Feature", "properties": {"highway": "living_street", "footway": null, "name": "Villa Auguste Blanqui", "surface": "concrete", "lit": "yes", "length_m": 3.1, "type_element": "Way", "__fid": 87107}, "geometry": {"type": "LineString", "coordinates": [[2.3679793, 48.8309416], [2.3680108, 48.8309602]]}}, {"type": "Feature", "properties": {"highway": "footway", "footway": "sidewalk", "name": null, "surface": "asphalt", "lit": "yes", "length_m": 12.04, "type_element": "Way", "__fid": 87118}, "geometry": {"type": "LineString", "coordinates": [[2.3679956, 48.8305202], [2.3681273, 48.8305848]]}}, {"type": "Feature", "properties": {"highway": "footway", "footway": "sidewalk", "name": null, "surface": "asphalt", "lit": "yes", "length_m": 6.09, "type_element": "Way", "__fid": 87119}, "geometry": {"type": "LineString", "coordinates": [[2.3679956, 48.8305202], [2.3680546, 48.8304817]]}}, {"type": "Feature", "properties": {"highway": "footway", "footway": "sidewalk", "name": null, "surface": "asphalt", "lit": "yes", "length_m": 17.79, "type_element": "Way", "__fid": 87122}, "geometry": {"type": "LineString", "coordinates": [[2.3681965, 48.830145], [2.3681324, 48.8301277], [2.3680036, 48.8300514]]}}, {"type": "Feature", "properties": {"highway": "steps", "footway": null, "name": null, "surface": "paving_stones", "lit": "yes", "length_m": 6.81, "type_element": "Way", "__fid": 87123}, "geometry": {"type": "LineString", "coordinates": [[2.3680036, 48.8300514], [2.3680639, 48.8300049]]}}, {"type": "Feature", "properties": {"highway": "footway", "footway": null, "name": "Villa Auguste Blanqui", "surface": null, "lit": null, "length_m": 13.65, "type_element": "Way", "__fid": 87127}, "geometry": {"type": "LineString", "coordinates": [[2.3679978, 48.8311504], [2.3681228, 48.8310595]]}}, {"type": "Feature", "properties": {"highway": "service", "footway": null, "name": "Avenue de l'Hôpital Général", "surface": "asphalt", "lit": null, "length_m": 1.45, "type_element": "Way", "__fid": 87128}, "geometry": {"type": "LineString", "coordinates": [[2.367962, 48.8351059], [2.3679534, 48.8351176]]}}, {"type": "Feature", "properties": {"highway": "living_street", "footway": null, "name": "Villa Auguste Blanqui", "surface": "concrete", "lit": "yes", "length_m": 13.51, "type_element": "Way", "__fid": 87132}, "geometry": {"type": "LineString", "coordinates": [[2.3680108, 48.8309602], [2.3681479, 48.8310412]]}}, {"type": "Feature", "properties": {"highway": "footway", "footway": null, "name": "Villa Auguste Blanqui", "surface": null, "lit": null, "length_m": 3.51, "type_element": "Way", "__fid": 87133}, "geometry": {"type": "LineString", "coordinates": [[2.3680438, 48.8309373], [2.3680108, 48.8309602]]}}, {"type": "Feature", "properties": {"highway": "service", "footway": null, "name": null, "surface": "paving_stones", "lit": "yes", "length_m": 10.55, "type_element": "Way", "__fid": 87134}, "geometry": {"type": "LineString", "coordinates": [[2.3679746, 48.8340563], [2.3680767, 48.83412310000001]]}}, {"type": "Feature", "properties": {"highway": "footway", "footway": "sidewalk", "name": null, "surface": "asphalt", "lit": "yes", "length_m": 76.0, "type_element": "Way", "__fid": 87135}, "geometry": {"type": "LineString", "coordinates": [[2.368751, 48.8336063], [2.3684603, 48.8337464], [2.3679746, 48.8340563]]}}, {"type": "Feature", "properties": {"highway": "footway", "footway": "sidewalk", "name": null, "surface": "asphalt", "lit": "yes", "length_m": 80.82, "type_element": "Way", "__fid": 87136}, "geometry": {"type": "LineString", "coordinates": [[2.367962, 48.8351059], [2.3689461, 48.8354318]]}}, {"type": "Feature", "properties": {"highway": "service", "footway": null, "name": "Avenue de l'Hôpital Général", "surface": "asphalt", "lit": null, "length_m": 7.44, "type_element": "Way", "__fid": 87137}, "geometry": {"type": "LineString", "coordinates": [[2.368013, 48.83504809999999], [2.367962, 48.8351059]]}}, {"type": "Feature", "properties": {"highway": "footway", "footway": "sidewalk", "name": null, "surface": "asphalt", "lit": "yes", "length_m": 15.46, "type_element": "Way", "__fid": 87156}, "geometry": {"type": "LineString", "coordinates": [[2.3681995, 48.8310309], [2.3680438, 48.8309373]]}}, {"type": "Feature", "properties": {"highway": "footway", "footway": null, "name": "Villa Auguste Blanqui", "surface": null, "lit": null, "length_m": 13.56, "type_element": "Way", "__fid": 87157}, "geometry": {"type": "LineString", "coordinates": [[2.3681711, 48.830848899999985], [2.3680438, 48.8309373]]}}, {"type": "Feature", "properties": {"highway": "pedestrian", "footway": null, "name": "Place Jeanne d'Arc", "surface": "asphalt", "lit": "yes", "length_m": 8.26, "type_element": "Way", "__fid": 87161}, "geometry": {"type": "LineString", "coordinates": [[2.368153, 48.8305139], [2.3681146, 48.8305099], [2.3680546, 48.8304817]]}}, {"type": "Feature", "properties": {"highway": "footway", "footway": "sidewalk", "name": null, "surface": "asphalt", "lit": "yes", "length_m": 40.0, "type_element": "Way", "__fid": 87162}, "geometry": {"type": "LineString", "coordinates": [[2.3680546, 48.8304817], [2.3684132, 48.830210800000025]]}}, {"type": "Feature", "properties": {"highway": "service", "footway": null, "name": null, "surface": "asphalt", "lit": "yes", "length_m": 4.02, "type_element": "Way", "__fid": 87188}, "geometry": {"type": "LineString", "coordinates": [[2.3680779, 48.83417270000001], [2.3680413, 48.8341458]]}}, {"type": "Feature", "properties": {"highway": "footway", "footway": "sidewalk", "name": null, "surface": null, "lit": "yes", "length_m": 17.52, "type_element": "Way", "__fid": 87194}, "geometry": {"type": "LineString", "coordinates": [[2.3681086, 48.8300245], [2.3682325, 48.830093], [2.3682772, 48.830134399999984]]}}, {"type": "Feature", "properties": {"highway": "service", "footway": null, "name": null, "surface": "asphalt", "lit": "yes", "length_m": 2.3, "type_element": "Way", "__fid": 87199}, "geometry": {"type": "LineString", "coordinates": [[2.3681048, 48.83059920000002], [2.3681273, 48.8305848]]}}, {"type": "Feature", "properties": {"highway": "service", "footway": null, "name": null, "surface": "asphalt", "lit": "yes", "length_m": 5.22, "type_element": "Way", "__fid": 87204}, "geometry": {"type": "LineString", "coordinates": [[2.3681262, 48.8342071], [2.3680779, 48.83417270000001]]}}, {"type": "Feature", "properties": {"highway": "footway", "footway": "sidewalk", "name": null, "surface": "asphalt", "lit": "yes", "length_m": 146.93, "type_element": "Way", "__fid": 87205}, "geometry": {"type": "LineString", "coordinates": [[2.3680779, 48.83417270000001], [2.3686416, 48.8338143], [2.3696242, 48.833338]]}}, {"type": "Feature", "properties": {"highway": "service", "footway": null, "name": null, "surface": "asphalt", "lit": "yes", "length_m": 8.65, "type_element": "Way", "__fid": 87211}, "geometry": {"type": "LineString", "coordinates": [[2.3681273, 48.8305848], [2.368152, 48.830569], [2.368153, 48.8305139]]}}, {"type": "Feature", "properties": {"highway": "footway", "footway": "sidewalk", "name": null, "surface": "asphalt", "lit": "yes", "length_m": 58.43, "type_element": "Way", "__fid": 87212}, "geometry": {"type": "LineString", "coordinates": [[2.3681273, 48.8305848], [2.368184, 48.8305714], [2.3686662, 48.8302045]]}}, {"type": "Feature", "properties": {"highway": "footway", "footway": "sidewalk", "name": null, "surface": "asphalt", "lit": "yes", "length_m": 15.33, "type_element": "Way", "__fid": 87214}, "geometry": {"type": "LineString", "coordinates": [[2.3681228, 48.8310595], [2.3681834, 48.8310936], [2.368235, 48.8310521], [2.3681995, 48.8310309]]}}, {"type": "Feature", "properties": {"highway": "footway", "footway": null, "name": "Villa Auguste Blanqui", "surface": null, "lit": null, "length_m": 2.75, "type_element": "Way", "__fid": 87215}, "geometry": {"type": "LineString", "coordinates": [[2.3681228, 48.8310595], [2.3681479, 48.8310412]]}}, {"type": "Feature", "properties": {"highway": "service", "footway": null, "name": null, "surface": null, "lit": null, "length_m": 4.59, "type_element": "Way", "__fid": 87216}, "geometry": {"type": "LineString", "coordinates": [[2.3681131, 48.8318601], [2.36816, 48.8318874]]}}, {"type": "Feature", "properties": {"highway": "service", "footway": null, "name": null, "surface": "sett", "lit": "yes", "length_m": 9.0, "type_element": "Way", "__fid": 87229}, "geometry": {"type": "LineString", "coordinates": [[2.3681546, 48.8301753], [2.3682455, 48.83022960000002]]}}, {"type": "Feature", "properties": {"highway": "footway", "footway": "crossing", "name": null, "surface": null, "lit": null, "length_m": 4.56, "type_element": "Way", "__fid": 87230}, "geometry": {"type": "LineString", "coordinates": [[2.3681546, 48.8301753], [2.3681965, 48.830145]]}}, {"type": "Feature", "properties": {"highway": "pedestrian", "footway": null, "name": "Place Jeanne d'Arc", "surface": "asphalt", "lit": "yes", "length_m": 50.32, "type_element": "Way", "__fid": 87231}, "geometry": {"type": "LineString", "coordinates": [[2.368153, 48.8305139], [2.3686158, 48.8301801]]}}, {"type": "Feature", "properties": {"highway": "living_street", "footway": null, "name": "Villa Auguste Blanqui", "surface": "concrete", "lit": "yes", "length_m": 2.01, "type_element": "Way", "__fid": 87233}, "geometry": {"type": "LineString", "coordinates": [[2.3681479, 48.8310412], [2.3681683, 48.83105329999999]]}}, {"type": "Feature", "properties": {"highway": "living_street", "footway": null, "name": "Villa Auguste Blanqui", "surface": "concrete", "lit": "yes", "length_m": 2.17, "type_element": "Way", "__fid": 87247}, "geometry": {"type": "LineString", "coordinates": [[2.3681683, 48.83105329999999], [2.3681904, 48.83106630000001]]}}, {"type": "Feature", "properties": {"highway": "footway", "footway": null, "name": "Villa Auguste Blanqui", "surface": null, "lit": null, "length_m": 3.38, "type_element": "Way", "__fid": 87248}, "geometry": {"type": "LineString", "coordinates": [[2.3681995, 48.8310309], [2.3681683, 48.83105329999999]]}}, {"type": "Feature", "properties": {"highway": "service", "footway": null, "name": null, "surface": null, "lit": null, "length_m": 7.86, "type_element": "Way", "__fid": 87249}, "geometry": {"type": "LineString", "coordinates": [[2.36816, 48.8318874], [2.3681694, 48.8318929], [2.3682639, 48.8318951]]}}, {"type": "Feature", "properties": {"highway": "footway", "footway": "sidewalk", "name": null, "surface": "asphalt", "lit": "yes", "length_m": 103.63, "type_element": "Way", "__fid": 87250}, "geometry": {"type": "LineString", "coordinates": [[2.3683829, 48.8325085], [2.3677542, 48.8321763], [2.3677569, 48.8321497], [2.36816, 48.8318874]]}}, {"type": "Feature", "properties": {"highway": "footway", "footway": "sidewalk", "name": null, "surface": "asphalt", "lit": "yes", "length_m": 9.27, "type_element": "Way", "__fid": 87251}, "geometry": {"type": "LineString", "coordinates": [[2.36816, 48.8318874], [2.3682718, 48.8318487]]}}, {"type": "Feature", "properties": {"highway": "footway", "footway": "sidewalk", "name": null, "surface": "asphalt", "lit": "yes", "length_m": 6.04, "type_element": "Way", "__fid": 87267}, "geometry": {"type": "LineString", "coordinates": [[2.3682772, 48.830134399999984], [2.3681965, 48.830145]]}}, {"type": "Feature", "properties": {"highway": "footway", "footway": null, "name": "Villa Auguste Blanqui", "surface": null, "lit": null, "length_m": 14.52, "type_element": "Way", "__fid": 87279}, "geometry": {"type": "LineString", "coordinates": [[2.3683333, 48.8309347], [2.3681995, 48.8310309]]}}, {"type": "Feature", "properties": {"highway": "footway", "footway": "crossing", "name": null, "surface": "sett", "lit": "yes", "length_m": 13.11, "type_element": "Way", "__fid": 87334}, "geometry": {"type": "LineString", "coordinates": [[2.3682772, 48.830134399999984], [2.3684132, 48.830210800000025]]}}, {"type": "Feature", "properties": {"highway": "footway", "footway": "sidewalk", "name": null, "surface": "asphalt", "lit": "yes", "length_m": 73.6, "type_element": "Way", "__fid": 87335}, "geometry": {"type": "LineString", "coordinates": [[2.3686853, 48.82959110000002], [2.3687267, 48.8296409], [2.368743, 48.82969960000001], [2.3687411, 48.8297562], [2.368705, 48.829809], [2.3682772, 48.830134399999984]]}}, {"type": "Feature", "properties": {"highway": "footway", "footway": "sidewalk", "name": null, "surface": "asphalt", "lit": "yes", "length_m": 58.21, "type_element": "Way", "__fid": 87343}, "geometry": {"type": "LineString", "coordinates": [[2.3682718, 48.8318487], [2.368475, 48.831968], [2.3685086, 48.831972399999984], [2.3685528, 48.83199840000001], [2.3688532, 48.8321993]]}}, {"type": "Feature", "properties": {"highway": "footway", "footway": "crossing", "name": null, "surface": "asphalt", "lit": "yes", "length_m": 12.24, "type_element": "Way", "__fid": 87344}, "geometry": {"type": "LineString", "coordinates": [[2.3682718, 48.8318487], [2.3683909, 48.8317717]]}}, {"type": "Feature", "properties": {"highway": "footway", "footway": "sidewalk", "name": null, "surface": "asphalt", "lit": "yes", "length_m": 115.29, "type_element": "Way", "__fid": 87360}, "geometry": {"type": "LineString", "coordinates": [[2.368295, 48.8325808], [2.3694313, 48.8332017], [2.3694708, 48.8332591]]}}, {"type": "Feature", "properties": {"highway": "footway", "footway": "crossing", "name": null, "surface": "asphalt", "lit": "yes", "length_m": 10.31, "type_element": "Way", "__fid": 87361}, "geometry": {"type": "LineString", "coordinates": [[2.3683829, 48.8325085], [2.368295, 48.8325808]]}}, {"type": "Feature", "properties": {"highway": "footway", "footway": "crossing", "name": null, "surface": "asphalt", "lit": "yes", "length_m": 9.01, "type_element": "Way", "__fid": 87362}, "geometry": {"type": "LineString", "coordinates": [[2.3683089, 48.8316799], [2.3683968, 48.83173650000002]]}}, {"type": "Feature", "properties": {"highway": "footway", "footway": "sidewalk", "name": null, "surface": "asphalt", "lit": "yes", "length_m": 80.92, "type_element": "Way", "__fid": 87363}, "geometry": {"type": "LineString", "coordinates": [[2.3683089, 48.8316799], [2.3690913, 48.8311673]]}}, {"type": "Feature", "properties": {"highway": "footway", "footway": "sidewalk", "name": null, "surface": "asphalt", "lit": "yes", "length_m": 56.14, "type_element": "Way", "__fid": 87441}, "geometry": {"type": "LineString", "coordinates": [[2.3689599, 48.832097800000014], [2.3688593, 48.8320788], [2.3683909, 48.8317717]]}}, {"type": "Feature", "properties": {"highway": "footway", "footway": "sidewalk", "name": null, "surface": "asphalt", "lit": "yes", "length_m": 3.94, "type_element": "Way", "__fid": 87442}, "geometry": {"type": "LineString", "coordinates": [[2.3683909, 48.8317717], [2.3683968, 48.83173650000002]]}}, {"type": "Feature", "properties": {"highway": "footway", "footway": "sidewalk", "name": null, "surface": "asphalt", "lit": "yes", "length_m": 4.14, "type_element": "Way", "__fid": 87443}, "geometry": {"type": "LineString", "coordinates": [[2.3684323, 48.8325265], [2.3683829, 48.8325085]]}}, {"type": "Feature", "properties": {"highway": "footway", "footway": "sidewalk", "name": null, "surface": "asphalt", "lit": "yes", "length_m": 11.64, "type_element": "Way", "__fid": 87451}, "geometry": {"type": "LineString", "coordinates": [[2.3684132, 48.830210800000025], [2.3685258, 48.8301371]]}}, {"type": "Feature", "properties": {"highway": "footway", "footway": "sidewalk", "name": null, "surface": "asphalt", "lit": "yes", "length_m": 81.0, "type_element": "Way", "__fid": 87454}, "geometry": {"type": "LineString", "coordinates": [[2.3683968, 48.83173650000002], [2.369139, 48.83124], [2.3691795, 48.8312245]]}}, {"type": "Feature", "properties": {"highway": "footway", "footway": "crossing", "name": null, "surface": "asphalt", "lit": "yes", "length_m": 8.54, "type_element": "Way", "__fid": 87488}, "geometry": {"type": "LineString", "coordinates": [[2.368522133333224, 48.83257523333339], [2.3684323, 48.8325265]]}}, {"type": "Feature", "properties": {"highway": "footway", "footway": "sidewalk", "name": null, "surface": "asphalt", "lit": "yes", "length_m": 47.86, "type_element": "Way", "__fid": 87489}, "geometry": {"type": "LineString", "coordinates": [[2.3688532, 48.8321993], [2.3688345, 48.83222580000002], [2.3684323, 48.8325265]]}}, {"type": "Feature", "properties": {"highway": "footway", "footway": "sidewalk", "name": null, "surface": "asphalt", "lit": "yes", "length_m": 8.16, "type_element": "Way", "__fid": 87536}, "geometry": {"type": "LineString", "coordinates": [[2.3685258, 48.8301371], [2.3686158, 48.8301801]]}}, {"type": "Feature", "properties": {"highway": "footway", "footway": "sidewalk", "name": null, "surface": "asphalt", "lit": "yes", "length_m": 57.82, "type_element": "Way", "__fid": 87537}, "geometry": {"type": "LineString", "coordinates": [[2.3685258, 48.8301371], [2.3690509, 48.8297495]]}}, {"type": "Feature", "properties": {"highway": "footway", "footway": "sidewalk", "name": null, "surface": "asphalt", "lit": "yes", "length_m": 4.59, "type_element": "Way", "__fid": 87606}, "geometry": {"type": "LineString", "coordinates": [[2.3686158, 48.8301801], [2.3686662, 48.8302045]]}}, {"type": "Feature", "properties": {"highway": "pedestrian", "footway": null, "name": "Place Jeanne d'Arc", "surface": "asphalt", "lit": "yes", "length_m": 21.99, "type_element": "Way", "__fid": 87607}, "geometry": {"type": "LineString", "coordinates": [[2.3686158, 48.8301801], [2.3688164, 48.8300332]]}}, {"type": "Feature", "properties": {"highway": "footway", "footway": "sidewalk", "name": null, "surface": "asphalt", "lit": "yes", "length_m": 21.72, "type_element": "Way", "__fid": 87639}, "geometry": {"type": "LineString", "coordinates": [[2.3686662, 48.8302045], [2.3688619, 48.830058]]}}, {"type": "Feature", "properties": {"highway": "service", "footway": null, "name": null, "surface": "paving_stones", "lit": "yes", "length_m": 6.3, "type_element": "Way", "__fid": 87675}, "geometry": {"type": "LineString", "coordinates": [[2.368751, 48.8336063], [2.3686936, 48.83356420000001]]}}, {"type": "Feature", "properties": {"highway": "service", "footway": null, "name": null, "surface": "paving_stones", "lit": "yes", "length_m": 9.27, "type_element": "Way", "__fid": 87705}, "geometry": {"type": "LineString", "coordinates": [[2.3688355, 48.8336682], [2.368751, 48.8336063]]}}, {"type": "Feature", "properties": {"highway": "footway", "footway": "sidewalk", "name": null, "surface": "asphalt", "lit": "yes", "length_m": 65.44, "type_element": "Way", "__fid": 87706}, "geometry": {"type": "LineString", "coordinates": [[2.3694708, 48.8332591], [2.368751, 48.8336063]]}}, {"type": "Feature", "properties": {"highway": "service", "footway": null, "name": null, "surface": "asphalt", "lit": "yes", "length_m": 4.33, "type_element": "Way", "__fid": 87721}, "geometry": {"type": "LineString", "coordinates": [[2.3688164, 48.8300332], [2.3688619, 48.830058]]}}, {"type": "Feature", "properties": {"highway": "pedestrian", "footway": null, "name": "Place Jeanne d'Arc", "surface": "asphalt", "lit": "yes", "length_m": 35.78, "type_element": "Way", "__fid": 87722}, "geometry": {"type": "LineString", "coordinates": [[2.3688164, 48.8300332], [2.3691428, 48.8297942]]}}, {"type": "Feature", "properties": {"highway": "service", "footway": null, "name": null, "surface": "asphalt", "lit": "yes", "length_m": 2.49, "type_element": "Way", "__fid": 87748}, "geometry": {"type": "LineString", "coordinates": [[2.3688619, 48.830058], [2.368888, 48.8300723]]}}, {"type": "Feature", "properties": {"highway": "footway", "footway": "sidewalk", "name": null, "surface": "asphalt", "lit": "yes", "length_m": 35.5, "type_element": "Way", "__fid": 87749}, "geometry": {"type": "LineString", "coordinates": [[2.3688619, 48.830058], [2.3691866, 48.8298214]]}}, {"type": "Feature", "properties": {"highway": "footway", "footway": "crossing", "name": null, "surface": "asphalt", "lit": "yes", "length_m": 14.52, "type_element": "Way", "__fid": 87753}, "geometry": {"type": "LineString", "coordinates": [[2.3688532, 48.8321993], [2.368868, 48.83219619999998], [2.3689538, 48.8321331], [2.3689599, 48.832097800000014]]}}, {"type": "Feature", "properties": {"highway": "footway", "footway": "sidewalk", "name": null, "surface": "asphalt", "lit": "yes", "length_m": 28.67, "type_element": "Way", "__fid": 87772}, "geometry": {"type": "LineString", "coordinates": [[2.3688438, 48.8351358], [2.3689918, 48.8352034], [2.3690276, 48.83520609999998], [2.3690312, 48.8353213]]}}, {"type": "Feature", "properties": {"highway": "footway", "footway": "crossing", "name": null, "surface": "asphalt", "lit": "yes", "length_m": 13.22, "type_element": "Way", "__fid": 87773}, "geometry": {"type": "LineString", "coordinates": [[2.3689305, 48.8350316], [2.3688438, 48.8351358]]}}, {"type": "Feature", "properties": {"highway": "footway", "footway": "sidewalk", "name": null, "surface": "asphalt", "lit": "yes", "length_m": 78.28, "type_element": "Way", "__fid": 87834}, "geometry": {"type": "LineString", "coordinates": [[2.3696532, 48.8315632], [2.3695772, 48.8316129], [2.3689599, 48.832097800000014]]}}, {"type": "Feature", "properties": {"highway": "footway", "footway": "crossing", "name": null, "surface": "asphalt", "lit": "yes", "length_m": 17.75, "type_element": "Way", "__fid": 87837}, "geometry": {"type": "LineString", "coordinates": [[2.3691493, 48.8350995], [2.3689305, 48.8350316]]}}, {"type": "Feature", "properties": {"highway": "footway", "footway": "sidewalk", "name": null, "surface": "asphalt", "lit": "yes", "length_m": 119.83, "type_element": "Way", "__fid": 87838}, "geometry": {"type": "LineString", "coordinates": [[2.3697581, 48.83410279999998], [2.369187, 48.8347329], [2.3689305, 48.8350316]]}}, {"type": "Feature", "properties": {"highway": "footway", "footway": "sidewalk", "name": null, "surface": "asphalt", "lit": "yes", "length_m": 170.13, "type_element": "Way", "__fid": 87851}, "geometry": {"type": "LineString", "coordinates": [[2.3689461, 48.8354318], [2.3695325, 48.8356284], [2.3698028, 48.8357366], [2.3709122, 48.8362374]]}}, {"type": "Feature", "properties": {"highway": "footway", "footway": "crossing", "name": null, "surface": "asphalt", "lit": "yes", "length_m": 13.78, "type_element": "Way", "__fid": 87852}, "geometry": {"type": "LineString", "coordinates": [[2.3689461, 48.8354318], [2.3690312, 48.8353213]]}}, {"type": "Feature", "properties": {"highway": "footway", "footway": "sidewalk", "name": null, "surface": "asphalt", "lit": "yes", "length_m": 8.38, "type_element": "Way", "__fid": 87870}, "geometry": {"type": "LineString", "coordinates": [[2.3690509, 48.8297495], [2.3691428, 48.8297942]]}}, {"type": "Feature", "properties": {"highway": "footway", "footway": "sidewalk", "name": null, "surface": "asphalt", "lit": "yes", "length_m": 19.37, "type_element": "Way", "__fid": 87871}, "geometry": {"type": "LineString", "coordinates": [[2.3690509, 48.8297495], [2.3692332, 48.8296235]]}}, {"type": "Feature", "properties": {"highway": "footway", "footway": "sidewalk", "name": null, "surface": "asphalt", "lit": "yes", "length_m": 26.42, "type_element": "Way", "__fid": 87875}, "geometry": {"type": "LineString", "coordinates": [[2.3692332, 48.8296235], [2.369078, 48.8295363], [2.3690581, 48.829434100000014]]}}, {"type": "Feature", "properties": {"highway": "footway", "footway": "sidewalk", "name": null, "surface": "asphalt", "lit": "yes", "length_m": 18.39, "type_element": "Way", "__fid": 87902}, "geometry": {"type": "LineString", "coordinates": [[2.369257, 48.835393], [2.3690312, 48.8353213]]}}, {"type": "Feature", "properties": {"highway": "footway", "footway": "crossing", "name": null, "surface": "asphalt", "lit": "yes", "length_m": 9.08, "type_element": "Way", "__fid": 87912}, "geometry": {"type": "LineString", "coordinates": [[2.3690913, 48.8311673], [2.3691795, 48.8312245]]}}, {"type": "Feature", "properties": {"highway": "footway", "footway": "sidewalk", "name": null, "surface": "asphalt", "lit": "yes", "length_m": 10.3, "type_element": "Way", "__fid": 87913}, "geometry": {"type": "LineString", "coordinates": [[2.3690913, 48.8311673], [2.3691932, 48.8311036]]}}, {"type": "Feature", "properties": {"highway": "footway", "footway": "sidewalk", "name": null, "surface": "asphalt", "lit": "yes", "length_m": 4.41, "type_element": "Way", "__fid": 87936}, "geometry": {"type": "LineString", "coordinates": [[2.3691866, 48.8298214], [2.3691428, 48.8297942]]}}, {"type": "Feature", "properties": {"highway": "pedestrian", "footway": null, "name": "Rue Charcot", "surface": "asphalt", "lit": "yes", "length_m": 19.94, "type_element": "Way", "__fid": 87937}, "geometry": {"type": "LineString", "coordinates": [[2.3691428, 48.8297942], [2.3692158, 48.829744], [2.369382, 48.8297466]]}}, {"type": "Feature", "properties": {"highway": "service", "footway": null, "name": null, "surface": "concrete", "lit": "yes", "length_m": 6.44, "type_element": "Way", "__fid": 87946}, "geometry": {"type": "LineString", "coordinates": [[2.3691932, 48.8311036], [2.3691464, 48.8310546]]}}, {"type": "Feature", "properties": {"highway": "footway", "footway": "sidewalk", "name": null, "surface": "asphalt", "lit": "yes", "length_m": 13.94, "type_element": "Way", "__fid": 87966}, "geometry": {"type": "LineString", "coordinates": [[2.3691866, 48.8298214], [2.3692814, 48.8297826], [2.3693588, 48.8297909]]}}, {"type": "Feature", "properties": {"highway": "footway", "footway": "sidewalk", "name": null, "surface": "asphalt", "lit": "yes", "length_m": 2.13, "type_element": "Way", "__fid": 87975}, "geometry": {"type": "LineString", "coordinates": [[2.3691795, 48.8312245], [2.3692047, 48.831234]]}}, {"type": "Feature", "properties": {"highway": "service", "footway": null, "name": null, "surface": "concrete", "lit": "yes", "length_m": 3.74, "type_element": "Way", "__fid": 87985}, "geometry": {"type": "LineString", "coordinates": [[2.3692204, 48.831132], [2.3691932, 48.8311036]]}}, {"type": "Feature", "properties": {"highway": "footway", "footway": "sidewalk", "name": null, "surface": "asphalt", "lit": "yes", "length_m": 64.0, "type_element": "Way", "__fid": 87986}, "geometry": {"type": "LineString", "coordinates": [[2.3691932, 48.8311036], [2.3698076, 48.8306953]]}}, {"type": "Feature", "properties": {"highway": "footway", "footway": "sidewalk", "name": null, "surface": "asphalt", "lit": "yes", "length_m": 21.96, "type_element": "Way", "__fid": 87989}, "geometry": {"type": "LineString", "coordinates": [[2.3691493, 48.8350995], [2.3694173, 48.8351873]]}}, {"type": "Feature", "properties": {"highway": "footway", "footway": "sidewalk", "name": null, "surface": "asphalt", "lit": "yes", "length_m": 57.88, "type_element": "Way", "__fid": 87990}, "geometry": {"type": "LineString", "coordinates": [[2.3695306, 48.8346439], [2.3691493, 48.8350995]]}}, {"type": "Feature", "properties": {"highway": "footway", "footway": "sidewalk", "name": null, "surface": "asphalt", "lit": "yes", "length_m": 49.23, "type_element": "Way", "__fid": 87999}, "geometry": {"type": "LineString", "coordinates": [[2.3692047, 48.831234], [2.3696532, 48.8315632]]}}, {"type": "Feature", "properties": {"highway": "footway", "footway": "crossing", "name": null, "surface": "asphalt", "lit": "yes", "length_m": 8.41, "type_element": "Way", "__fid": 88000}, "geometry": {"type": "LineString", "coordinates": [[2.3692047, 48.831234], [2.369282, 48.8311782]]}}, {"type": "Feature", "properties": {"highway": "footway", "footway": "sidewalk", "name": null, "surface": "asphalt", "lit": "yes", "length_m": 13.03, "type_element": "Way", "__fid": 88012}, "geometry": {"type": "LineString", "coordinates": [[2.3693862, 48.829675], [2.3692992, 48.82966230000001], [2.3692332, 48.8296235]]}}, {"type": "Feature", "properties": {"highway": "footway", "footway": "sidewalk", "name": null, "surface": "asphalt", "lit": "yes", "length_m": 49.78, "type_element": "Way", "__fid": 88058}, "geometry": {"type": "LineString", "coordinates": [[2.369282, 48.8311782], [2.369738, 48.8315096]]}}, {"type": "Feature", "properties": {"highway": "footway", "footway": "sidewalk", "name": null, "surface": "asphalt", "lit": "yes", "length_m": 32.66, "type_element": "Way", "__fid": 88059}, "geometry": {"type": "LineString", "coordinates": [[2.369282, 48.8311782], [2.3692731, 48.8311535], [2.369566566666581, 48.83096786666671]]}}, {"type": "Feature", "properties": {"highway": "footway", "footway": null, "name": null, "surface": "asphalt", "lit": "yes", "length_m": 7.77, "type_element": "Way", "__fid": 88079}, "geometry": {"type": "LineString", "coordinates": [[2.369257, 48.835393], [2.369351, 48.8354251]]}}, {"type": "Feature", "properties": {"highway": "footway", "footway": "sidewalk", "name": null, "surface": "asphalt", "lit": "yes", "length_m": 11.55, "type_element": "Way", "__fid": 88080}, "geometry": {"type": "LineString", "coordinates": [[2.3693264, 48.8352998], [2.369257, 48.835393]]}}, {"type": "Feature", "properties": {"highway": "footway", "footway": "sidewalk", "name": null, "surface": "asphalt", "lit": "yes", "length_m": 43.39, "type_element": "Way", "__fid": 88106}, "geometry": {"type": "LineString", "coordinates": [[2.3693588, 48.8297909], [2.3694051, 48.82983070000002], [2.3698, 48.830049]]}}, {"type": "Feature", "properties": {"highway": "footway", "footway": "crossing", "name": null, "surface": "asphalt", "lit": "yes", "length_m": 12.49, "type_element": "Way", "__fid": 88107}, "geometry": {"type": "LineString", "coordinates": [[2.3693588, 48.8297909], [2.3695232, 48.829762]]}}, {"type": "Feature", "properties": {"highway": "footway", "footway": "crossing", "name": null, "surface": "sett", "lit": "yes", "length_m": 12.93, "type_element": "Way", "__fid": 88127}, "geometry": {"type": "LineString", "coordinates": [[2.3693862, 48.829675], [2.3694519, 48.829719400000016], [2.3694966, 48.8297381], [2.3695258, 48.8297375]]}}, {"type": "Feature", "properties": {"highway": "footway", "footway": "sidewalk", "name": null, "surface": "asphalt", "lit": "yes", "length_m": 57.08, "type_element": "Way", "__fid": 88128}, "geometry": {"type": "LineString", "coordinates": [[2.3701534, 48.8296176], [2.3694154, 48.8296604], [2.3693862, 48.829675]]}}, {"type": "Feature", "properties": {"highway": "footway", "footway": "crossing", "name": null, "surface": "asphalt", "lit": "yes", "length_m": 8.56, "type_element": "Way", "__fid": 88136}, "geometry": {"type": "LineString", "coordinates": [[2.3693264, 48.8352998], [2.3694282, 48.8353374]]}}, {"type": "Feature", "properties": {"highway": "footway", "footway": "crossing", "name": null, "surface": "asphalt", "lit": "yes", "length_m": 14.18, "type_element": "Way", "__fid": 88137}, "geometry": {"type": "LineString", "coordinates": [[2.3694173, 48.8351873], [2.3693264, 48.8352998]]}}, {"type": "Feature", "properties": {"highway": "service", "footway": null, "name": null, "surface": null, "lit": "yes", "length_m": 10.27, "type_element": "Way", "__fid": 88186}, "geometry": {"type": "LineString", "coordinates": [[2.3694153, 48.8345916], [2.3695306, 48.8346439]]}}, {"type": "Feature", "properties": {"highway": "footway", "footway": "crossing", "name": null, "surface": "asphalt", "lit": "yes", "length_m": 6.19, "type_element": "Way", "__fid": 88190}, "geometry": {"type": "LineString", "coordinates": [[2.3694173, 48.8351873], [2.3694939, 48.8352106]]}}, {"type": "Feature", "properties": {"highway": "pedestrian", "footway": null, "name": "Rue Eugène Freyssinet", "surface": "asphalt", "lit": "yes", "length_m": 7.91, "type_element": "Way", "__fid": 88205}, "geometry": {"type": "LineString", "coordinates": [[2.3694423, 48.8352731], [2.3694939, 48.8352106]]}}, {"type": "Feature", "properties": {"highway": "footway", "footway": "sidewalk", "name": null, "surface": "asphalt", "lit": "yes", "length_m": 4.99, "type_element": "Way", "__fid": 88208}, "geometry": {"type": "LineString", "coordinates": [[2.3694708, 48.8332591], [2.3695379, 48.83326619999998]]}}, {"type": "Feature", "properties": {"highway": "footway", "footway": "sidewalk", "name": null, "surface": "asphalt", "lit": "yes", "length_m": 86.22, "type_element": "Way", "__fid": 88214}, "geometry": {"type": "LineString", "coordinates": [[2.3704009, 48.8302705], [2.3703726, 48.8302477], [2.3695364, 48.8297882], [2.3695232, 48.829762]]}}, {"type": "Feature", "properties": {"highway": "footway", "footway": "sidewalk", "name": null, "surface": "asphalt", "lit": "yes", "length_m": 2.73, "type_element": "Way", "__fid": 88215}, "geometry": {"type": "LineString", "coordinates": [[2.3695232, 48.829762], [2.3695258, 48.8297375]]}}, {"type": "Feature", "properties": {"highway": "footway", "footway": "sidewalk", "name": null, "surface": "asphalt", "lit": "yes", "length_m": 139.68, "type_element": "Way", "__fid": 88219}, "geometry": {"type": "LineString", "coordinates": [[2.3695258, 48.8297375], [2.3695807, 48.8297253], [2.3700018, 48.8297113], [2.3712432, 48.82964719999999], [2.3713689, 48.8296233], [2.3714069, 48.8296222], [2.37140349999982, 48.8296166666667]]}}, {"type": "Feature", "properties": {"highway": "service", "footway": null, "name": null, "surface": "sett", "lit": "yes", "length_m": 23.2, "type_element": "Way", "__fid": 88222}, "geometry": {"type": "LineString", "coordinates": [[2.3697581, 48.83410279999998], [2.3694817, 48.834001600000015]]}}, {"type": "Feature", "properties": {"highway": "footway", "footway": null, "name": null, "surface": "asphalt", "lit": "yes", "length_m": 3.05, "type_element": "Way", "__fid": 88223}, "geometry": {"type": "LineString", "coordinates": [[2.3695501, 48.83095680000001], [2.369521, 48.8309372]]}}, {"type": "Feature", "properties": {"highway": "steps", "footway": null, "name": null, "surface": "concrete", "lit": "yes", "length_m": 24.96, "type_element": "Way", "__fid": 88229}, "geometry": {"type": "LineString", "coordinates": [[2.3698, 48.830049], [2.3697765, 48.8300664], [2.3695397, 48.8299398]]}}, {"type": "Feature", "properties": {"highway": "footway", "footway": "sidewalk", "name": null, "surface": "asphalt", "lit": "yes", "length_m": 151.02, "type_element": "Way", "__fid": 88241}, "geometry": {"type": "LineString", "coordinates": [[2.3694939, 48.8352106], [2.3708878, 48.835806], [2.3712014, 48.83596679999998]]}}, {"type": "Feature", "properties": {"highway": "pedestrian", "footway": null, "name": "Rue Eugène Freyssinet", "surface": "asphalt", "lit": "yes", "length_m": 53.9, "type_element": "Way", "__fid": 88242}, "geometry": {"type": "LineString", "coordinates": [[2.3694939, 48.8352106], [2.3695323, 48.8351606], [2.369888, 48.834802]]}}, {"type": "Feature", "properties": {"highway": "footway", "footway": null, "name": null, "surface": "asphalt", "lit": "yes", "length_m": 1.72, "type_element": "Way", "__fid": 88247}, "geometry": {"type": "LineString", "coordinates": [[2.369566566666581, 48.83096786666671], [2.3695501, 48.83095680000001]]}}, {"type": "Feature", "properties": {"highway": "footway", "footway": null, "name": null, "surface": "asphalt", "lit": "yes", "length_m": 36.8, "type_element": "Way", "__fid": 88248}, "geometry": {"type": "LineString", "coordinates": [[2.3695501, 48.83095680000001], [2.3699074, 48.8307247]]}}, {"type": "Feature", "properties": {"highway": "footway", "footway": "crossing", "name": null, "surface": "asphalt", "lit": "yes", "length_m": 10.19, "type_element": "Way", "__fid": 88255}, "geometry": {"type": "LineString", "coordinates": [[2.3696242, 48.833338], [2.3695379, 48.83326619999998]]}}, {"type": "Feature", "properties": {"highway": "footway", "footway": "crossing", "name": null, "surface": "asphalt", "lit": "yes", "length_m": 10.09, "type_element": "Way", "__fid": 88256}, "geometry": {"type": "LineString", "coordinates": [[2.3695379, 48.83326619999998], [2.3695764, 48.8332344], [2.3696412, 48.8332084]]}}, {"type": "Feature", "properties": {"highway": "footway", "footway": "path", "name": null, "surface": "concrete:plates", "lit": "yes", "length_m": 13.23, "type_element": "Way", "__fid": 88257}, "geometry": {"type": "LineString", "coordinates": [[2.3696899, 48.8310546], [2.369566566666581, 48.83096786666671]]}}, {"type": "Feature", "properties": {"highway": "service", "footway": null, "name": null, "surface": null, "lit": "yes", "length_m": 31.58, "type_element": "Way", "__fid": 88267}, "geometry": {"type": "LineString", "coordinates": [[2.3695306, 48.8346439], [2.369888, 48.834802]]}}, {"type": "Feature", "properties": {"highway": "footway", "footway": "sidewalk", "name": null, "surface": "asphalt", "lit": "yes", "length_m": 29.73, "type_element": "Way", "__fid": 88268}, "geometry": {"type": "LineString", "coordinates": [[2.3697178, 48.8344068], [2.3695306, 48.8346439]]}}, {"type": "Feature", "properties": {"highway": "footway", "footway": "sidewalk", "name": null, "surface": "asphalt", "lit": "yes", "length_m": 3.8, "type_element": "Way", "__fid": 88329}, "geometry": {"type": "LineString", "coordinates": [[2.3696681, 48.83335609999999], [2.3696242, 48.833338]]}}, {"type": "Feature", "properties": {"highway": "footway", "footway": "crossing", "name": null, "surface": "asphalt", "lit": "yes", "length_m": 12.33, "type_element": "Way", "__fid": 88333}, "geometry": {"type": "LineString", "coordinates": [[2.3696532, 48.8315632], [2.3697424, 48.83162270000001], [2.3697552, 48.8316485]]}}, {"type": "Feature", "properties": {"highway": "footway", "footway": "crossing", "name": null, "surface": "asphalt", "lit": "yes", "length_m": 8.62, "type_element": "Way", "__fid": 88334}, "geometry": {"type": "LineString", "coordinates": [[2.3696532, 48.8315632], [2.369738, 48.8315096]]}}, {"type": "Feature", "properties": {"highway": "footway", "footway": "sidewalk", "name": null, "surface": "asphalt", "lit": "yes", "length_m": 245.09, "type_element": "Way", "__fid": 88337}, "geometry": {"type": "LineString", "coordinates": [[2.3696412, 48.8332084], [2.3685681, 48.8326181], [2.3685268, 48.8325777], [2.3697552, 48.8316485]]}}, {"type": "Feature", "properties": {"highway": "footway", "footway": "sidewalk", "name": null, "surface": "asphalt", "lit": "yes", "length_m": 5.22, "type_element": "Way", "__fid": 88338}, "geometry": {"type": "LineString", "coordinates": [[2.3696412, 48.8332084], [2.3697119, 48.8332037]]}}, {"type": "Feature", "properties": {"highway": "footway", "footway": "path", "name": null, "surface": "concrete:plates", "lit": "no", "length_m": 17.55, "type_element": "Way", "__fid": 88346}, "geometry": {"type": "LineString", "coordinates": [[2.3697929, 48.83130049999998], [2.3697207, 48.8312413], [2.3696698, 48.8311667]]}}, {"type": "Feature", "properties": {"highway": "footway", "footway": "path", "name": null, "surface": "sand", "lit": "no", "length_m": 29.9, "type_element": "Way", "__fid": 88347}, "geometry": {"type": "LineString", "coordinates": [[2.3696859, 48.8313547], [2.3695343, 48.8312333], [2.3696698, 48.8311667]]}}, {"type": "Feature", "properties": {"highway": "footway", "footway": "path", "name": null, "surface": "concrete:plates", "lit": "no", "length_m": 12.55, "type_element": "Way", "__fid": 88348}, "geometry": {"type": "LineString", "coordinates": [[2.3696698, 48.8311667], [2.3696899, 48.8310546]]}}, {"type": "Feature", "properties": {"highway": "footway", "footway": "path", "name": null, "surface": "concrete:plates", "lit": "no", "length_m": 51.85, "type_element": "Way", "__fid": 88355}, "geometry": {"type": "LineString", "coordinates": [[2.3696859, 48.8313547], [2.3701231, 48.83170169999999], [2.3701408, 48.8316923]]}}, {"type": "Feature", "properties": {"highway": "footway", "footway": "path", "name": null, "surface": "concrete:plates", "lit": "no", "length_m": 9.9, "type_element": "Way", "__fid": 88356}, "geometry": {"type": "LineString", "coordinates": [[2.3696859, 48.8313547], [2.3697929, 48.83130049999998]]}}, {"type": "Feature", "properties": {"highway": "footway", "footway": "path", "name": null, "surface": "concrete:plates", "lit": "no", "length_m": 26.17, "type_element": "Way", "__fid": 88357}, "geometry": {"type": "LineString", "coordinates": [[2.3696899, 48.8310546], [2.3699467, 48.8312179]]}}, {"type": "Feature", "properties": {"highway": "footway", "footway": "sidewalk", "name": null, "surface": "asphalt", "lit": "yes", "length_m": 48.18, "type_element": "Way", "__fid": 88360}, "geometry": {"type": "LineString", "coordinates": [[2.3702265, 48.8335839], [2.3696681, 48.83335609999999]]}}, {"type": "Feature", "properties": {"highway": "footway", "footway": "crossing", "name": null, "surface": "asphalt", "lit": "yes", "length_m": 12.02, "type_element": "Way", "__fid": 88361}, "geometry": {"type": "LineString", "coordinates": [[2.3697884, 48.83328280000002], [2.3696681, 48.83335609999999]]}}, {"type": "Feature", "properties": {"highway": "footway", "footway": "crossing", "name": null, "surface": "asphalt", "lit": "yes", "length_m": 7.67, "type_element": "Way", "__fid": 88395}, "geometry": {"type": "LineString", "coordinates": [[2.3697119, 48.8332037], [2.369770366666496, 48.833260900000056]]}}, {"type": "Feature", "properties": {"highway": "footway", "footway": "sidewalk", "name": null, "surface": "asphalt", "lit": "yes", "length_m": 99.18, "type_element": "Way", "__fid": 88396}, "geometry": {"type": "LineString", "coordinates": [[2.3697119, 48.8332037], [2.3708011, 48.832676]]}}, {"type": "Feature", "properties": {"highway": "footway", "footway": "sidewalk", "name": null, "surface": "asphalt", "lit": "yes", "length_m": 22.38, "type_element": "Way", "__fid": 88400}, "geometry": {"type": "LineString", "coordinates": [[2.369738, 48.8315096], [2.3699328, 48.8316644]]}}, {"type": "Feature", "properties": {"highway": "service", "footway": null, "name": null, "surface": "asphalt", "lit": null, "length_m": 6.09, "type_element": "Way", "__fid": 88401}, "geometry": {"type": "LineString", "coordinates": [[2.3697519, 48.8306547], [2.3698076, 48.8306953]]}}, {"type": "Feature", "properties": {"highway": "steps", "footway": null, "name": null, "surface": "paving_stones", "lit": "yes", "length_m": 46.52, "type_element": "Way", "__fid": 88415}, "geometry": {"type": "LineString", "coordinates": [[2.3697178, 48.8344068], [2.3699188, 48.8344806], [2.3700345, 48.83435990000001], [2.3701976, 48.8344208]]}}, {"type": "Feature", "properties": {"highway": "footway", "footway": "sidewalk", "name": null, "surface": "asphalt", "lit": "yes", "length_m": 90.89, "type_element": "Way", "__fid": 88416}, "geometry": {"type": "LineString", "coordinates": [[2.3703519, 48.8337047], [2.3697178, 48.8344068]]}}, {"type": "Feature", "properties": {"highway": "footway", "footway": "sidewalk", "name": null, "surface": "asphalt", "lit": "yes", "length_m": 9.49, "type_element": "Way", "__fid": 88422}, "geometry": {"type": "LineString", "coordinates": [[2.3698451, 48.8317098], [2.3697552, 48.8316485]]}}, {"type": "Feature", "properties": {"highway": "footway", "footway": "sidewalk", "name": null, "surface": "asphalt", "lit": "yes", "length_m": 49.58, "type_element": "Way", "__fid": 88439}, "geometry": {"type": "LineString", "coordinates": [[2.3698, 48.830049], [2.3703158, 48.8303368]]}}, {"type": "Feature", "properties": {"highway": "service", "footway": null, "name": null, "surface": "sett", "lit": "yes", "length_m": 6.36, "type_element": "Way", "__fid": 88451}, "geometry": {"type": "LineString", "coordinates": [[2.3698326, 48.834132], [2.3697581, 48.83410279999998]]}}, {"type": "Feature", "properties": {"highway": "footway", "footway": "sidewalk", "name": null, "surface": "asphalt", "lit": "yes", "length_m": 60.17, "type_element": "Way", "__fid": 88452}, "geometry": {"type": "LineString", "coordinates": [[2.3701884, 48.83364250000001], [2.3701076, 48.833718099999984], [2.3697581, 48.83410279999998]]}}, {"type": "Feature", "properties": {"highway": "footway", "footway": "path", "name": null, "surface": "concrete:plates", "lit": "no", "length_m": 14.55, "type_element": "Way", "__fid": 88453}, "geometry": {"type": "LineString", "coordinates": [[2.3697929, 48.83130049999998], [2.3699467, 48.8312179]]}}, {"type": "Feature", "properties": {"highway": "footway", "footway": "sidewalk", "name": null, "surface": "asphalt", "lit": "yes", "length_m": 99.14, "type_element": "Way", "__fid": 88454}, "geometry": {"type": "LineString", "coordinates": [[2.370865, 48.8327473], [2.3708388, 48.8327534], [2.3697753, 48.833264499999984], [2.369770366666496, 48.833260900000056]]}}, {"type": "Feature", "properties": {"highway": "footway", "footway": "sidewalk", "name": null, "surface": "asphalt", "lit": "yes", "length_m": 2.77, "type_element": "Way", "__fid": 88455}, "geometry": {"type": "LineString", "coordinates": [[2.369770366666496, 48.833260900000056], [2.3697884, 48.83328280000002]]}}, {"type": "Feature", "properties": {"highway": "service", "footway": null, "name": null, "surface": "asphalt", "lit": null, "length_m": 4.46, "type_element": "Way", "__fid": 88463}, "geometry": {"type": "LineString", "coordinates": [[2.3698076, 48.8306953], [2.3698475, 48.8307256]]}}, {"type": "Feature", "properties": {"highway": "footway", "footway": "sidewalk", "name": null, "surface": "asphalt", "lit": "yes", "length_m": 29.34, "type_element": "Way", "__fid": 88464}, "geometry": {"type": "LineString", "coordinates": [[2.3700888, 48.8305078], [2.3698076, 48.8306953]]}}, {"type": "Feature", "properties": {"highway": "footway", "footway": "sidewalk", "name": null, "surface": "asphalt", "lit": "yes", "length_m": 44.61, "type_element": "Way", "__fid": 88471}, "geometry": {"type": "LineString", "coordinates": [[2.3697884, 48.83328280000002], [2.3703141, 48.833484099999986]]}}, {"type": "Feature", "properties": {"highway": "footway", "footway": "sidewalk", "name": null, "surface": "asphalt", "lit": "yes", "length_m": 48.09, "type_element": "Way", "__fid": 88499}, "geometry": {"type": "LineString", "coordinates": [[2.3702442, 48.8320528], [2.3698451, 48.8317098]]}}, {"type": "Feature", "properties": {"highway": "footway", "footway": "crossing", "name": null, "surface": "asphalt", "lit": "yes", "length_m": 8.18, "type_element": "Way", "__fid": 88500}, "geometry": {"type": "LineString", "coordinates": [[2.3698451, 48.8317098], [2.3699328, 48.8316644]]}}, {"type": "Feature", "properties": {"highway": "pedestrian", "footway": null, "name": "Rue Pierre Gourdault", "surface": "sett", "lit": "yes", "length_m": 3.01, "type_element": "Way", "__fid": 88507}, "geometry": {"type": "LineString", "coordinates": [[2.3698788, 48.83070530000001], [2.3699074, 48.8307247]]}}, {"type": "Feature", "properties": {"highway": "pedestrian", "footway": null, "name": "Rue Pierre Gourdault", "surface": "sett", "lit": "yes", "length_m": 114.76, "type_element": "Way", "__fid": 88528}, "geometry": {"type": "LineString", "coordinates": [[2.3699074, 48.8307247], [2.370997, 48.8314648]]}}, {"type": "Feature", "properties": {"highway": "pedestrian", "footway": null, "name": "Rue Eugène Freyssinet", "surface": "asphalt", "lit": "yes", "length_m": 40.15, "type_element": "Way", "__fid": 88541}, "geometry": {"type": "LineString", "coordinates": [[2.369888, 48.834802], [2.3701416, 48.83448210000001]]}}, {"type": "Feature", "properties": {"highway": "footway", "footway": "sidewalk", "name": null, "surface": "asphalt", "lit": "yes", "length_m": 48.11, "type_element": "Way", "__fid": 88544}, "geometry": {"type": "LineString", "coordinates": [[2.3699328, 48.8316644], [2.3703377, 48.8320046]]}}, {"type": "Feature", "properties": {"highway": "footway", "footway": "path", "name": null, "surface": "concrete:plates", "lit": "no", "length_m": 63.0, "type_element": "Way", "__fid": 88547}, "geometry": {"type": "LineString", "coordinates": [[2.3699467, 48.8312179], [2.3699903, 48.8311923], [2.3700822, 48.83116980000001], [2.3705924, 48.831488]]}}, {"type": "Feature", "properties": {"highway": "service", "footway": null, "name": null, "surface": "asphalt", "lit": null, "length_m": 12.35, "type_element": "Way", "__fid": 88551}, "geometry": {"type": "LineString", "coordinates": [[2.3699581, 48.8304379], [2.3700888, 48.8305078]]}}, {"type": "Feature", "properties": {"highway": "service", "footway": null, "name": null, "surface": "asphalt", "lit": null, "length_m": 4.73, "type_element": "Way", "__fid": 88621}, "geometry": {"type": "LineString", "coordinates": [[2.3700888, 48.8305078], [2.3701389, 48.8305346]]}}, {"type": "Feature", "properties": {"highway": "footway", "footway": "sidewalk", "name": null, "surface": "asphalt", "lit": "yes", "length_m": 25.3, "type_element": "Way", "__fid": 88622}, "geometry": {"type": "LineString", "coordinates": [[2.370331, 48.8303459], [2.3700888, 48.8305078]]}}, {"type": "Feature", "properties": {"highway": "service", "footway": null, "name": null, "surface": null, "lit": null, "length_m": 5.42, "type_element": "Way", "__fid": 88641}, "geometry": {"type": "LineString", "coordinates": [[2.3701281, 48.8295728], [2.3701474, 48.8295933], [2.3701534, 48.8296176]]}}, {"type": "Feature", "properties": {"highway": "service", "footway": null, "name": null, "surface": null, "lit": null, "length_m": 4.98, "type_element": "Way", "__fid": 88660}, "geometry": {"type": "LineString", "coordinates": [[2.3701534, 48.8296176], [2.3701642, 48.8296618]]}}, {"type": "Feature", "properties": {"highway": "footway", "footway": "sidewalk", "name": null, "surface": "asphalt", "lit": "yes", "length_m": 87.0, "type_element": "Way", "__fid": 88661}, "geometry": {"type": "LineString", "coordinates": [[2.3713353, 48.8295621], [2.371138, 48.8295659], [2.3701534, 48.8296176]]}}, {"type": "Feature", "properties": {"highway": "footway", "footway": "path", "name": null, "surface": "sett", "lit": "no", "length_m": 4.28, "type_element": "Way", "__fid": 88669}, "geometry": {"type": "LineString", "coordinates": [[2.3701408, 48.8316923], [2.370177499999779, 48.83172226666674]]}}, {"type": "Feature", "properties": {"highway": "footway", "footway": "path", "name": null, "surface": "compacted", "lit": "yes", "length_m": 40.4, "type_element": "Way", "__fid": 88670}, "geometry": {"type": "LineString", "coordinates": [[2.3701408, 48.8316923], [2.3704141, 48.8315472], [2.3705924, 48.831488]]}}, {"type": "Feature", "properties": {"highway": "service", "footway": null, "name": null, "surface": "asphalt", "lit": "yes", "length_m": 29.91, "type_element": "Way", "__fid": 88694}, "geometry": {"type": "LineString", "coordinates": [[2.3704913, 48.8346202], [2.3701416, 48.83448210000001]]}}, {"type": "Feature", "properties": {"highway": "pedestrian", "footway": null, "name": "Rue Eugène Freyssinet", "surface": "sett", "lit": "yes", "length_m": 7.96, "type_element": "Way", "__fid": 88695}, "geometry": {"type": "LineString", "coordinates": [[2.3701976, 48.8344208], [2.3701416, 48.83448210000001]]}}, {"type": "Feature", "properties": {"highway": "path", "footway": null, "name": null, "surface": "sett", "lit": null, "length_m": 26.75, "type_element": "Way", "__fid": 88696}, "geometry": {"type": "LineString", "coordinates": [[2.370177499999779, 48.83172226666674], [2.3701831, 48.83172639999999], [2.3701308, 48.8317547], [2.370173, 48.83178749999998], [2.3702592, 48.8317416], [2.3702213, 48.8317079], [2.370177499999779, 48.83172226666674]]}}, {"type": "Feature", "properties": {"highway": "footway", "footway": "crossing", "name": null, "surface": "asphalt", "lit": "yes", "length_m": 13.85, "type_element": "Way", "__fid": 88721}, "geometry": {"type": "LineString", "coordinates": [[2.3703519, 48.8337047], [2.3701884, 48.83364250000001]]}}, {"type": "Feature", "properties": {"highway": "footway", "footway": "sidewalk", "name": null, "surface": "asphalt", "lit": "yes", "length_m": 7.09, "type_element": "Way", "__fid": 88722}, "geometry": {"type": "LineString", "coordinates": [[2.3701884, 48.83364250000001], [2.3702265, 48.8335839]]}}, {"type": "Feature", "properties": {"highway": "pedestrian", "footway": null, "name": "Rue Eugène Freyssinet", "surface": "sett", "lit": "yes", "length_m": 88.36, "type_element": "Way", "__fid": 88736}, "geometry": {"type": "LineString", "coordinates": [[2.3707805, 48.8337256], [2.370297, 48.8343116], [2.3701976, 48.8344208]]}}, {"type": "Feature", "properties": {"highway": "footway", "footway": "sidewalk", "name": null, "surface": "asphalt", "lit": "yes", "length_m": 54.1, "type_element": "Way", "__fid": 88755}, "geometry": {"type": "LineString", "coordinates": [[2.3707004, 48.8324349], [2.3702442, 48.8320528]]}}, {"type": "Feature", "properties": {"highway": "footway", "footway": "crossing", "name": null, "surface": "asphalt", "lit": "yes", "length_m": 7.12, "type_element": "Way", "__fid": 88756}, "geometry": {"type": "LineString", "coordinates": [[2.3702442, 48.8320528], [2.370321, 48.8320137]]}}, {"type": "Feature", "properties": {"highway": "footway", "footway": "crossing", "name": null, "surface": "asphalt", "lit": "yes", "length_m": 12.83, "type_element": "Way", "__fid": 88757}, "geometry": {"type": "LineString", "coordinates": [[2.3702265, 48.8335839], [2.3703141, 48.833484099999986]]}}, {"type": "Feature", "properties": {"highway": "pedestrian", "footway": null, "name": "Rue de Vimoutiers", "surface": "sett", "lit": "yes", "length_m": 2.15, "type_element": "Way", "__fid": 88799}, "geometry": {"type": "LineString", "coordinates": [[2.370321, 48.8320137], [2.3702945, 48.8320219]]}}, {"type": "Feature", "properties": {"highway": "footway", "footway": "sidewalk", "name": null, "surface": "asphalt", "lit": "yes", "length_m": 1.51, "type_element": "Way", "__fid": 88802}, "geometry": {"type": "LineString", "coordinates": [[2.3703158, 48.8303368], [2.370331, 48.8303459]]}}, {"type": "Feature", "properties": {"highway": "footway", "footway": "crossing", "name": null, "surface": "asphalt", "lit": "yes", "length_m": 9.78, "type_element": "Way", "__fid": 88803}, "geometry": {"type": "LineString", "coordinates": [[2.3703158, 48.8303368], [2.3703867, 48.8302908], [2.3704009, 48.8302705]]}}, {"type": "Feature", "properties": {"highway": "footway", "footway": "sidewalk", "name": null, "surface": "concrete", "lit": "yes", "length_m": 139.05, "type_element": "Way", "__fid": 88813}, "geometry": {"type": "LineString", "coordinates": [[2.370331, 48.8303459], [2.3704431, 48.8304131], [2.3705005, 48.8304314], [2.3710114, 48.830703100000015], [2.3717896, 48.8311415]]}}, {"type": "Feature", "properties": {"highway": "pedestrian", "footway": null, "name": "Rue de Vimoutiers", "surface": "sett", "lit": "yes", "length_m": 1.59, "type_element": "Way", "__fid": 88818}, "geometry": {"type": "LineString", "coordinates": [[2.3703377, 48.8320046], [2.370321, 48.8320137]]}}, {"type": "Feature", "properties": {"highway": "footway", "footway": "sidewalk", "name": null, "surface": "asphalt", "lit": "yes", "length_m": 7.52, "type_element": "Way", "__fid": 88825}, "geometry": {"type": "LineString", "coordinates": [[2.3703141, 48.833484099999986], [2.3703679, 48.8334265]]}}, {"type": "Feature", "properties": {"highway": "footway", "footway": "sidewalk", "name": null, "surface": "asphalt", "lit": "yes", "length_m": 78.55, "type_element": "Way", "__fid": 88833}, "geometry": {"type": "LineString", "coordinates": [[2.3703377, 48.8320046], [2.3709919, 48.8325636]]}}, {"type": "Feature", "properties": {"highway": "pedestrian", "footway": null, "name": "Rue de Vimoutiers", "surface": "sett", "lit": "yes", "length_m": 34.99, "type_element": "Way", "__fid": 88834}, "geometry": {"type": "LineString", "coordinates": [[2.3707052, 48.8318042], [2.3703377, 48.8320046]]}}, {"type": "Feature", "properties": {"highway": "footway", "footway": "sidewalk", "name": null, "surface": "asphalt", "lit": "yes", "length_m": 13.79, "type_element": "Way", "__fid": 88868}, "geometry": {"type": "LineString", "coordinates": [[2.3704481, 48.833598199999976], [2.3703519, 48.8337047]]}}, {"type": "Feature", "properties": {"highway": "footway", "footway": "sidewalk", "name": null, "surface": "asphalt", "lit": "yes", "length_m": 3.63, "type_element": "Way", "__fid": 88871}, "geometry": {"type": "LineString", "coordinates": [[2.3704504, 48.830271], [2.3704009, 48.8302705]]}}, {"type": "Feature", "properties": {"highway": "footway", "footway": "crossing", "name": null, "surface": "asphalt", "lit": "yes", "length_m": 15.03, "type_element": "Way", "__fid": 88878}, "geometry": {"type": "LineString", "coordinates": [[2.3703679, 48.8334265], [2.3705442, 48.83349530000001]]}}, {"type": "Feature", "properties": {"highway": "footway", "footway": "sidewalk", "name": null, "surface": "asphalt", "lit": "yes", "length_m": 87.18, "type_element": "Way", "__fid": 88879}, "geometry": {"type": "LineString", "coordinates": [[2.3703679, 48.8334265], [2.3709432, 48.8327827], [2.3709205, 48.8327493]]}}, {"type": "Feature", "properties": {"highway": "footway", "footway": "crossing", "name": null, "surface": "asphalt", "lit": "yes", "length_m": 8.79, "type_element": "Way", "__fid": 88919}, "geometry": {"type": "LineString", "coordinates": [[2.3704504, 48.830271], [2.3704644, 48.8302906], [2.3705283, 48.8303295]]}}, {"type": "Feature", "properties": {"highway": "footway", "footway": "sidewalk", "name": null, "surface": "asphalt", "lit": "yes", "length_m": 17.26, "type_element": "Way", "__fid": 88920}, "geometry": {"type": "LineString", "coordinates": [[2.3706161, 48.8301609], [2.3704504, 48.830271]]}}, {"type": "Feature", "properties": {"highway": "footway", "footway": null, "name": null, "surface": "asphalt", "lit": "yes", "length_m": 4.57, "type_element": "Way", "__fid": 88946}, "geometry": {"type": "LineString", "coordinates": [[2.3704481, 48.833598199999976], [2.3705014, 48.83361950000001]]}}, {"type": "Feature", "properties": {"highway": "footway", "footway": "sidewalk", "name": null, "surface": "asphalt", "lit": "yes", "length_m": 13.44, "type_element": "Way", "__fid": 88947}, "geometry": {"type": "LineString", "coordinates": [[2.3704481, 48.833598199999976], [2.3705442, 48.83349530000001]]}}, {"type": "Feature", "properties": {"highway": "footway", "footway": "sidewalk", "name": null, "surface": "asphalt", "lit": "yes", "length_m": 129.33, "type_element": "Way", "__fid": 88972}, "geometry": {"type": "LineString", "coordinates": [[2.371865, 48.83108030000002], [2.3705296, 48.8303438], [2.3705283, 48.8303295]]}}, {"type": "Feature", "properties": {"highway": "footway", "footway": "sidewalk", "name": null, "surface": "asphalt", "lit": "yes", "length_m": 102.71, "type_element": "Way", "__fid": 88973}, "geometry": {"type": "LineString", "coordinates": [[2.3705283, 48.8303295], [2.3714114, 48.8297411], [2.3715442, 48.8297035]]}}, {"type": "Feature", "properties": {"highway": "service", "footway": null, "name": null, "surface": "asphalt", "lit": "yes", "length_m": 8.88, "type_element": "Way", "__fid": 88975}, "geometry": {"type": "LineString", "coordinates": [[2.3705333, 48.83010270000001], [2.3706161, 48.8301609]]}}, {"type": "Feature", "properties": {"highway": "footway", "footway": null, "name": null, "surface": "paving_stones", "lit": "yes", "length_m": 26.14, "type_element": "Way", "__fid": 88987}, "geometry": {"type": "LineString", "coordinates": [[2.3707416, 48.833711], [2.3707218, 48.8337352], [2.3704835, 48.8336401], [2.3705014, 48.83361950000001]]}}, {"type": "Feature", "properties": {"highway": "service", "footway": null, "name": null, "surface": "asphalt", "lit": "yes", "length_m": 49.0, "type_element": "Way", "__fid": 88989}, "geometry": {"type": "LineString", "coordinates": [[2.3710698, 48.8348103], [2.3710409, 48.834821], [2.3710047, 48.8348228], [2.3704913, 48.8346202]]}}, {"type": "Feature", "properties": {"highway": "footway", "footway": null, "name": null, "surface": "sett", "lit": "yes", "length_m": 27.86, "type_element": "Way", "__fid": 88990}, "geometry": {"type": "LineString", "coordinates": [[2.3704913, 48.8346202], [2.3705875, 48.8345164], [2.3707606, 48.8344946], [2.3707711, 48.83448420000001]]}}, {"type": "Feature", "properties": {"highway": "footway", "footway": "sidewalk", "name": null, "surface": "asphalt", "lit": "yes", "length_m": 95.39, "type_element": "Way", "__fid": 89016}, "geometry": {"type": "LineString", "coordinates": [[2.3705442, 48.83349530000001], [2.3712264, 48.83276509999999]]}}, {"type": "Feature", "properties": {"highway": "service", "footway": null, "name": null, "surface": "asphalt", "lit": "yes", "length_m": 8.76, "type_element": "Way", "__fid": 89031}, "geometry": {"type": "LineString", "coordinates": [[2.3706086, 48.83005280000001], [2.3706904, 48.830110099999985]]}}, {"type": "Feature", "properties": {"highway": "footway", "footway": "path", "name": null, "surface": "compacted", "lit": "yes", "length_m": 17.57, "type_element": "Way", "__fid": 89032}, "geometry": {"type": "LineString", "coordinates": [[2.3705924, 48.831488], [2.3706273, 48.8314624], [2.3707817, 48.831532199999984]]}}, {"type": "Feature", "properties": {"highway": "service", "footway": null, "name": null, "surface": "asphalt", "lit": "yes", "length_m": 4.72, "type_element": "Way", "__fid": 89034}, "geometry": {"type": "LineString", "coordinates": [[2.3706161, 48.8301609], [2.3706602, 48.8301918]]}}, {"type": "Feature", "properties": {"highway": "footway", "footway": "sidewalk", "name": null, "surface": "asphalt", "lit": "yes", "length_m": 7.85, "type_element": "Way", "__fid": 89035}, "geometry": {"type": "LineString", "coordinates": [[2.3706904, 48.830110099999985], [2.3706161, 48.8301609]]}}, {"type": "Feature", "properties": {"highway": "service", "footway": null, "name": null, "surface": "asphalt", "lit": "yes", "length_m": 4.87, "type_element": "Way", "__fid": 89090}, "geometry": {"type": "LineString", "coordinates": [[2.3706904, 48.830110099999985], [2.3707358, 48.830142]]}}, {"type": "Feature", "properties": {"highway": "footway", "footway": "sidewalk", "name": null, "surface": "asphalt", "lit": "yes", "length_m": 14.76, "type_element": "Way", "__fid": 89091}, "geometry": {"type": "LineString", "coordinates": [[2.3708363, 48.8300187], [2.3706904, 48.830110099999985]]}}, {"type": "Feature", "properties": {"highway": "service", "footway": null, "name": null, "surface": "asphalt", "lit": "yes", "length_m": 2.84, "type_element": "Way", "__fid": 89094}, "geometry": {"type": "LineString", "coordinates": [[2.3706697, 48.8324504], [2.3707004, 48.8324349]]}}, {"type": "Feature", "properties": {"highway": "footway", "footway": "path", "name": null, "surface": "concrete:plates", "lit": "no", "length_m": 9.41, "type_element": "Way", "__fid": 89097}, "geometry": {"type": "LineString", "coordinates": [[2.3706823, 48.83158560000001], [2.3707817, 48.831532199999984]]}}, {"type": "Feature", "properties": {"highway": "pedestrian", "footway": null, "name": "Passage Chanvin", "surface": "asphalt", "lit": "yes", "length_m": 83.26, "type_element": "Way", "__fid": 89118}, "geometry": {"type": "LineString", "coordinates": [[2.3707052, 48.8318042], [2.3713547, 48.8322301], [2.3714898, 48.8323437]]}}, {"type": "Feature", "properties": {"highway": "pedestrian", "footway": null, "name": "Rue de Vimoutiers", "surface": "sett", "lit": "yes", "length_m": 25.86, "type_element": "Way", "__fid": 89119}, "geometry": {"type": "LineString", "coordinates": [[2.3709809, 48.8316594], [2.3707052, 48.8318042]]}}, {"type": "Feature", "properties": {"highway": "footway", "footway": "sidewalk", "name": null, "surface": "asphalt", "lit": "yes", "length_m": 24.07, "type_element": "Way", "__fid": 89129}, "geometry": {"type": "LineString", "coordinates": [[2.3709059, 48.8326036], [2.3707004, 48.8324349]]}}, {"type": "Feature", "properties": {"highway": "service", "footway": null, "name": null, "surface": "asphalt", "lit": "yes", "length_m": 4.51, "type_element": "Way", "__fid": 89130}, "geometry": {"type": "LineString", "coordinates": [[2.3707004, 48.8324349], [2.3707491, 48.8324102]]}}, {"type": "Feature", "properties": {"highway": "footway", "footway": null, "name": null, "surface": "sett", "lit": "yes", "length_m": 3.28, "type_element": "Way", "__fid": 89178}, "geometry": {"type": "LineString", "coordinates": [[2.3707416, 48.833711], [2.3707805, 48.8337256]]}}, {"type": "Feature", "properties": {"highway": "footway", "footway": "path", "name": null, "surface": "compacted", "lit": "yes", "length_m": 16.99, "type_element": "Way", "__fid": 89186}, "geometry": {"type": "LineString", "coordinates": [[2.3707817, 48.831532199999984], [2.3708543, 48.8315757], [2.3709876, 48.83157829999998]]}}, {"type": "Feature", "properties": {"highway": "service", "footway": null, "name": null, "surface": "asphalt", "lit": "yes", "length_m": 2.36, "type_element": "Way", "__fid": 89196}, "geometry": {"type": "LineString", "coordinates": [[2.3708121, 48.8300047], [2.3708363, 48.8300187]]}}, {"type": "Feature", "properties": {"highway": "pedestrian", "footway": null, "name": "Rue Eugène Freyssinet", "surface": "sett", "lit": "yes", "length_m": 26.17, "type_element": "Way", "__fid": 89205}, "geometry": {"type": "LineString", "coordinates": [[2.3709648, 48.8335241], [2.3707805, 48.8337256]]}}, {"type": "Feature", "properties": {"highway": "footway", "footway": "crossing", "name": null, "surface": "asphalt", "lit": "yes", "length_m": 9.21, "type_element": "Way", "__fid": 89212}, "geometry": {"type": "LineString", "coordinates": [[2.3708011, 48.832676], [2.370865, 48.8327473]]}}, {"type": "Feature", "properties": {"highway": "footway", "footway": "sidewalk", "name": null, "surface": "asphalt", "lit": "yes", "length_m": 11.77, "type_element": "Way", "__fid": 89213}, "geometry": {"type": "LineString", "coordinates": [[2.3708011, 48.832676], [2.3708968, 48.8326316], [2.3709059, 48.8326036]]}}, {"type": "Feature", "properties": {"highway": "service", "footway": null, "name": null, "surface": "asphalt", "lit": "yes", "length_m": 4.5, "type_element": "Way", "__fid": 89219}, "geometry": {"type": "LineString", "coordinates": [[2.3708363, 48.8300187], [2.3708824, 48.8300454]]}}, {"type": "Feature", "properties": {"highway": "footway", "footway": "sidewalk", "name": null, "surface": "asphalt", "lit": "yes", "length_m": 4.59, "type_element": "Way", "__fid": 89220}, "geometry": {"type": "LineString", "coordinates": [[2.3708779, 48.8299879], [2.3708363, 48.8300187]]}}, {"type": "Feature", "properties": {"highway": "service", "footway": null, "name": null, "surface": "asphalt", "lit": "yes", "length_m": 2.13, "type_element": "Way", "__fid": 89236}, "geometry": {"type": "LineString", "coordinates": [[2.3708579, 48.829974], [2.3708779, 48.8299879]]}}, {"type": "Feature", "properties": {"highway": "service", "footway": null, "name": null, "surface": "asphalt", "lit": "yes", "length_m": 4.76, "type_element": "Way", "__fid": 89245}, "geometry": {"type": "LineString", "coordinates": [[2.3708779, 48.8299879], [2.3709226, 48.8300189]]}}, {"type": "Feature", "properties": {"highway": "footway", "footway": "sidewalk", "name": null, "surface": "asphalt", "lit": "yes", "length_m": 9.44, "type_element": "Way", "__fid": 89246}, "geometry": {"type": "LineString", "coordinates": [[2.3709704, 48.8299289], [2.3708779, 48.8299879]]}}, {"type": "Feature", "properties": {"highway": "footway", "footway": "sidewalk", "name": null, "surface": "asphalt", "lit": "yes", "length_m": 4.08, "type_element": "Way", "__fid": 89257}, "geometry": {"type": "LineString", "coordinates": [[2.3709205, 48.8327493], [2.370865, 48.8327473]]}}, {"type": "Feature", "properties": {"highway": "footway", "footway": "crossing", "name": null, "surface": "asphalt", "lit": "yes", "length_m": 7.72, "type_element": "Way", "__fid": 89299}, "geometry": {"type": "LineString", "coordinates": [[2.3709059, 48.8326036], [2.3709919, 48.8325636]]}}, {"type": "Feature", "properties": {"highway": "service", "footway": null, "name": null, "surface": "asphalt", "lit": "yes", "length_m": 2.38, "type_element": "Way", "__fid": 89307}, "geometry": {"type": "LineString", "coordinates": [[2.3709487, 48.829913], [2.3709704, 48.8299289]]}}, {"type": "Feature", "properties": {"highway": "footway", "footway": "crossing", "name": null, "surface": "asphalt", "lit": "yes", "length_m": 19.69, "type_element": "Way", "__fid": 89310}, "geometry": {"type": "LineString", "coordinates": [[2.3711323, 48.8326407], [2.3709205, 48.8327493]]}}, {"type": "Feature", "properties": {"highway": "service", "footway": null, "name": null, "surface": "asphalt", "lit": "yes", "length_m": 4.61, "type_element": "Way", "__fid": 89319}, "geometry": {"type": "LineString", "coordinates": [[2.3709704, 48.8299289], [2.3710123, 48.8299598]]}}, {"type": "Feature", "properties": {"highway": "footway", "footway": "sidewalk", "name": null, "surface": "asphalt", "lit": "yes", "length_m": 46.31, "type_element": "Way", "__fid": 89320}, "geometry": {"type": "LineString", "coordinates": [[2.3714264, 48.82964430000001], [2.3713282, 48.8297101], [2.3712653, 48.8297311], [2.3709704, 48.8299289]]}}, {"type": "Feature", "properties": {"highway": "footway", "footway": "sidewalk", "name": null, "surface": "asphalt", "lit": "yes", "length_m": 25.32, "type_element": "Way", "__fid": 89360}, "geometry": {"type": "LineString", "coordinates": [[2.3713254, 48.83167129999999], [2.3709809, 48.8316594]]}}, {"type": "Feature", "properties": {"highway": "pedestrian", "footway": null, "name": "Rue de Vimoutiers", "surface": "sett", "lit": "yes", "length_m": 9.03, "type_element": "Way", "__fid": 89361}, "geometry": {"type": "LineString", "coordinates": [[2.3709876, 48.83157829999998], [2.3709809, 48.8316594]]}}, {"type": "Feature", "properties": {"highway": "pedestrian", "footway": null, "name": "Rue Pierre Gourdault", "surface": "sett", "lit": "yes", "length_m": 12.64, "type_element": "Way", "__fid": 89362}, "geometry": {"type": "LineString", "coordinates": [[2.370997, 48.8314648], [2.3709876, 48.83157829999998]]}}, {"type": "Feature", "properties": {"highway": "footway", "footway": null, "name": "Passage Louise", "surface": "concrete", "lit": null, "length_m": 80.02, "type_element": "Way", "__fid": 89363}, "geometry": {"type": "LineString", "coordinates": [[2.3709648, 48.8335241], [2.371904, 48.8338895]]}}, {"type": "Feature", "properties": {"highway": "pedestrian", "footway": null, "name": "Rue Eugène Freyssinet", "surface": "sett", "lit": "yes", "length_m": 87.09, "type_element": "Way", "__fid": 89364}, "geometry": {"type": "LineString", "coordinates": [[2.3715694, 48.8328502], [2.3709648, 48.8335241]]}}, {"type": "Feature", "properties": {"highway": "footway", "footway": "sidewalk", "name": null, "surface": "asphalt", "lit": "yes", "length_m": 24.65, "type_element": "Way", "__fid": 89371}, "geometry": {"type": "LineString", "coordinates": [[2.3713322, 48.8314786], [2.370997, 48.8314648]]}}, {"type": "Feature", "properties": {"highway": "footway", "footway": "sidewalk", "name": null, "surface": "asphalt", "lit": "yes", "length_m": 4.74, "type_element": "Way", "__fid": 89388}, "geometry": {"type": "LineString", "coordinates": [[2.3709919, 48.8325636], [2.3710207, 48.832568], [2.3710495, 48.8325549]]}}, {"type": "Feature", "properties": {"highway": "footway", "footway": "crossing", "name": null, "surface": "asphalt", "lit": "yes", "length_m": 11.31, "type_element": "Way", "__fid": 89428}, "geometry": {"type": "LineString", "coordinates": [[2.3710495, 48.8325549], [2.3711323, 48.8326407]]}}, {"type": "Feature", "properties": {"highway": "footway", "footway": "sidewalk", "name": null, "surface": "asphalt", "lit": "yes", "length_m": 39.95, "type_element": "Way", "__fid": 89429}, "geometry": {"type": "LineString", "coordinates": [[2.3710495, 48.8325549], [2.3714898, 48.8323437]]}}, {"type": "Feature", "properties": {"highway": "steps", "footway": null, "name": null, "surface": null, "lit": null, "length_m": 36.58, "type_element": "Way", "__fid": 89454}, "geometry": {"type": "LineString", "coordinates": [[2.3710698, 48.8348103], [2.3715002, 48.8349762]]}}, {"type": "Feature", "properties": {"highway": "service", "footway": null, "name": "Rue Ada Lovelace", "surface": "asphalt", "lit": null, "length_m": 119.3, "type_element": "Way", "__fid": 89455}, "geometry": {"type": "LineString", "coordinates": [[2.371904, 48.8338895], [2.3710698, 48.8348103]]}}, {"type": "Feature", "properties": {"highway": "footway", "footway": "sidewalk", "name": null, "surface": "asphalt", "lit": "yes", "length_m": 15.46, "type_element": "Way", "__fid": 89483}, "geometry": {"type": "LineString", "coordinates": [[2.3711323, 48.8326407], [2.3712264, 48.83276509999999]]}}, {"type": "Feature", "properties": {"highway": "footway", "footway": "sidewalk", "name": null, "surface": "asphalt", "lit": "yes", "length_m": 29.82, "type_element": "Way", "__fid": 89484}, "geometry": {"type": "LineString", "coordinates": [[2.3714792, 48.8325011], [2.3711323, 48.8326407]]}}, {"type": "Feature", "properties": {"highway": "footway", "footway": "sidewalk", "name": null, "surface": "asphalt", "lit": "yes", "length_m": 34.73, "type_element": "Way", "__fid": 89551}, "geometry": {"type": "LineString", "coordinates": [[2.3712264, 48.83276509999999], [2.3714792, 48.8325011]]}}, {"type": "Feature", "properties": {"highway": "footway", "footway": "crossing", "name": null, "surface": "asphalt", "lit": "yes", "length_m": 7.87, "type_element": "Way", "__fid": 89618}, "geometry": {"type": "LineString", "coordinates": [[2.3713353, 48.8295621], [2.37140349999982, 48.8296166666667]]}}, {"type": "Feature", "properties": {"highway": "footway", "footway": "sidewalk", "name": null, "surface": "asphalt", "lit": "yes", "length_m": 38.59, "type_element": "Way", "__fid": 89629}, "geometry": {"type": "LineString", "coordinates": [[2.3716722, 48.8319288], [2.3713564, 48.8317157], [2.3713254, 48.83167129999999]]}}, {"type": "Feature", "properties": {"highway": "footway", "footway": "sidewalk", "name": null, "surface": "asphalt", "lit": "yes", "length_m": 21.43, "type_element": "Way", "__fid": 89630}, "geometry": {"type": "LineString", "coordinates": [[2.3713254, 48.83167129999999], [2.3713322, 48.8314786]]}}, {"type": "Feature", "properties": {"highway": "footway", "footway": "sidewalk", "name": null, "surface": "asphalt", "lit": "yes", "length_m": 50.13, "type_element": "Way", "__fid": 89633}, "geometry": {"type": "LineString", "coordinates": [[2.3713322, 48.8314786], [2.3713393, 48.8314498], [2.3713534, 48.8314379], [2.3717929, 48.8311531]]}}, {"type": "Feature", "properties": {"highway": "footway", "footway": "sidewalk", "name": null, "surface": "paving_stones", "lit": "yes", "length_m": 3.5, "type_element": "Way", "__fid": 89669}, "geometry": {"type": "LineString", "coordinates": [[2.37140349999982, 48.8296166666667], [2.3714264, 48.82964430000001]]}}, {"type": "Feature", "properties": {"highway": "footway", "footway": "sidewalk", "name": null, "surface": "asphalt", "lit": "yes", "length_m": 24.83, "type_element": "Way", "__fid": 89679}, "geometry": {"type": "LineString", "coordinates": [[2.3716797, 48.8296162], [2.3714165, 48.829476]]}}, {"type": "Feature", "properties": {"highway": "footway", "footway": "crossing", "name": null, "surface": "asphalt", "lit": "yes", "length_m": 11.22, "type_element": "Way", "__fid": 89691}, "geometry": {"type": "LineString", "coordinates": [[2.3714264, 48.82964430000001], [2.3714486, 48.8296447], [2.3715442, 48.8297035]]}}, {"type": "Feature", "properties": {"highway": "footway", "footway": "sidewalk", "name": null, "surface": "asphalt", "lit": "yes", "length_m": 25.14, "type_element": "Way", "__fid": 89764}, "geometry": {"type": "LineString", "coordinates": [[2.3714792, 48.8325011], [2.371596, 48.83244109999998], [2.3717262, 48.8323457]]}}, {"type": "Feature", "properties": {"highway": "pedestrian", "footway": null, "name": "Passage Chanvin", "surface": "asphalt", "lit": "yes", "length_m": 4.38, "type_element": "Way", "__fid": 89771}, "geometry": {"type": "LineString", "coordinates": [[2.3714898, 48.8323437], [2.3715266, 48.83237470000001]]}}, {"type": "Feature", "properties": {"highway": "footway", "footway": "sidewalk", "name": null, "surface": "asphalt", "lit": "yes", "length_m": 35.82, "type_element": "Way", "__fid": 89772}, "geometry": {"type": "LineString", "coordinates": [[2.3714898, 48.8323437], [2.3718842, 48.832154]]}}, {"type": "Feature", "properties": {"highway": "footway", "footway": "sidewalk", "name": null, "surface": "paving_stones", "lit": "yes", "length_m": 2.9, "type_element": "Way", "__fid": 89782}, "geometry": {"type": "LineString", "coordinates": [[2.3715837, 48.829702200000014], [2.3715442, 48.8297035]]}}, {"type": "Feature", "properties": {"highway": "pedestrian", "footway": null, "name": null, "surface": "paving_stones", "lit": "yes", "length_m": 51.79, "type_element": "Way", "__fid": 89845}, "geometry": {"type": "LineString", "coordinates": [[2.3718176, 48.83245739999999], [2.3715046, 48.832797], [2.3715694, 48.8328502]]}}, {"type": "Feature", "properties": {"highway": "pedestrian", "footway": null, "name": "Place de l'Escadrille Normandie-Niemen", "surface": "asphalt", "lit": "yes", "length_m": 104.86, "type_element": "Way", "__fid": 89955}, "geometry": {"type": "LineString", "coordinates": [[2.3717091, 48.8319103], [2.3713914, 48.8316953], [2.371384, 48.8316733], [2.3713995, 48.83148089999998], [2.3714391, 48.8314274], [2.3718476, 48.8311771]]}}, {"type": "Feature", "properties": {"highway": "footway", "footway": "sidewalk", "name": null, "surface": "asphalt", "lit": "yes", "length_m": 97.35, "type_element": "Way", "__fid": 90015}, "geometry": {"type": "LineString", "coordinates": [[2.3718808, 48.8312194], [2.3718399, 48.8312313], [2.3714717, 48.8314652], [2.371455, 48.8314922], [2.3714389, 48.8316541], [2.3714503, 48.8316864], [2.371516, 48.831738], [2.3715898, 48.8317702], [2.3717585, 48.8318826]]}}]}