{"type": "FeatureCollection", "features": [{"type": "Feature", "properties": {"@id": "node/4861813532", "amenity": "drinking_water", "type_element": "Fontaines à boire", "__fid": 512}, "geometry": {"type": "Point", "coordinates": [2.363108, 48.8883267]}, "id": "node/4861813532"}, {"type": "Feature", "properties": {"@id": "node/7058495609", "amenity": "drinking_water", "description": "Sparkling water", "fee": "no", "fixme": "emplacement à vérifier, non visible sur BDOrtho", "fountain": "drinking", "indoor": "no", "operator": "Eau de Paris", "operator:wikidata": "Q3046689", "type_element": "Fontaines à boire", "__fid": 667}, "geometry": {"type": "Point", "coordinates": [2.3659296, 48.8860662]}, "id": "node/7058495609"}, {"type": "Feature", "properties": {"@id": "node/9924455013", "amenity": "drinking_water", "drinking_water": "yes", "fountain": "drinking", "wheelchair": "yes", "type_element": "Fontaines à boire", "__fid": 828}, "geometry": {"type": "Point", "coordinates": [2.3702043, 48.8830636]}, "id": "node/9924455013"}, {"type": "Feature", "properties": {"@id": "node/12709404600", "amenity": "drinking_water", "man_made": "water_tap", "type_element": "Fontaines à boire", "__fid": 993}, "geometry": {"type": "Point", "coordinates": [2.3663857, 48.8884949]}, "id": "node/12709404600"}, {"type": "Feature", "properties": {"@id": "node/13158537194", "amenity": "drinking_water", "man_made": "water_tap", "type_element": "Fontaines à boire", "__fid": 1044}, "geometry": {"type": "Point", "coordinates": [2.3703692, 48.8864122]}, "id": "node/13158537194"}, {"type": "Feature", "properties": {"@id": "node/13866030101", "amenity": "drinking_water", "type_element": "Fontaines à boire", "__fid": 1070}, "geometry": {"type": "Point", "coordinates": [2.3668838, 48.8878282]}, "id": "node/13866030101"}, {"type": "Feature", "geometry": {"type": "Point", "coordinates": [2.36269, 48.886409]}, "properties": {"id": 18075, "name": "Jardin Françoise Hélène Jourda", "categorie": "Parcs, jardins et bois", "photo_url": "https://cdn.paris.fr/eqpts-prod/2022/05/10/8c4258d4387c88fd2f37f24cad43b972.jpg", "photo_credit": "Christophe Noël/Ville de Paris", "photo_alt": null, "address_street": "20, rue du Département", "address_postcode": "75018", "address_city": "Paris", "phone": null, "accessibility": "{\"handicaps\": [{\"name\": \"Personnes à mobilité réduite\", \"status\": \"accessible\"}, {\"name\": \"Personnes déficientes visuelles\", \"status\": \"undefined\"}, {\"name\": \"Personnes déficientes auditives\", \"status\": \"undefined\"}, {\"name\": \"Personnes déficientes mentales\", \"status\": \"undefined\"}, {\"name\": \"Accueil en langue des signes\", \"status\": \"undefined\"}]}", "latitude": 48.886409, "longitude": 2.36269, "url": "https://www.paris.fr/lieux/jardin-francoise-helene-jourda-18075", "type_element": "Parcs, Jardins et Bois", "__fid": 1092}}, {"type": "Feature", "geometry": {"type": "Point", "coordinates": [2.370822, 48.886234]}, "properties": {"id": 2649, "name": "Jardin Luc Hoffmann", "categorie": "Parcs, jardins et bois", "photo_url": "https://cdn.paris.fr/eqpts-prod/2022/05/10/08b8502f9404ba325ab60524bc4cbbb1.jpg", "photo_credit": "Christophe Noël / Ville de Paris", "photo_alt": null, "address_street": "33, avenue de Flandre", "address_postcode": "75019", "address_city": "PARIS", "phone": null, "accessibility": "{\"handicaps\": [{\"name\": \"Personnes à mobilité réduite\", \"status\": \"accessible\"}, {\"name\": \"Personnes déficientes visuelles\", \"status\": \"undefined\"}, {\"name\": \"Personnes déficientes auditives\", \"status\": \"undefined\"}, {\"name\": \"Personnes déficientes mentales\", \"status\": \"undefined\"}, {\"name\": \"Accueil en langue des signes\", \"status\": \"non_accessible\"}]}", "latitude": 48.886234, "longitude": 2.370822, "url": "https://www.paris.fr/lieux/jardin-luc-hoffmann-2649", "type_element": "Parcs, Jardins et Bois", "__fid": 1395}}, {"type": "Feature", "geometry": {"type": "Point", "coordinates": [2.367206, 48.887395]}, "properties": {"id": 2761, "name": "Jardin d'Éole", "categorie": "Parcs, jardins et bois", "photo_url": "https://cdn.paris.fr/eqpts-prod/2022/05/10/2d1cbc86c2b9e379accee771a3712b30.jpg", "photo_credit": "Thierry Guillaume/Ville de Paris", "photo_alt": null, "address_street": "56 rue d'Aubervilliers", "address_postcode": "75018", "address_city": "Paris", "phone": null, "accessibility": "{\"handicaps\": [{\"name\": \"Personnes déficientes auditives\", \"status\": \"accessible\"}, {\"name\": \"Personnes déficientes visuelles\", \"status\": \"undefined\"}, {\"name\": \"Personnes déficientes mentales\", \"status\": \"undefined\"}, {\"name\": \"Personnes à mobilité réduite\", \"status\": \"undefined\"}, {\"name\": \"Accueil en langue des signes\", \"status\": \"undefined\"}]}", "latitude": 48.887395, "longitude": 2.367206, "url": "https://www.paris.fr/lieux/jardin-d-eole-2761", "type_element": "Parcs, Jardins et Bois", "__fid": 1604}}, {"type": "Feature", "geometry": {"type": "Point", "coordinates": [2.363789, 48.883241]}, "properties": {"id": 2923, "name": "Piscine Château-Landon", "categorie": "Piscines", "photo_url": "https://cdn.paris.fr/eqpts-prod/2026/03/07/248e77c9a39970ae66749e538295449d.jpg", "photo_credit": "Baptiste DERECLENNE - Ville de Paris", "photo_alt": null, "address_street": "31, rue du château-Landon", "address_postcode": "75010", "address_city": "PARIS", "phone": "0182390359", "accessibility": "{\"handicaps\": [{\"name\": \"Personnes à mobilité réduite\", \"status\": \"accessible\"}, {\"name\": \"Personnes déficientes visuelles\", \"status\": \"accessible\"}, {\"name\": \"Personnes déficientes auditives\", \"status\": \"undefined\"}, {\"name\": \"Personnes déficientes mentales\", \"status\": \"undefined\"}, {\"name\": \"Accueil en langue des signes\", \"status\": \"undefined\"}]}", "latitude": 48.883241, "longitude": 2.363789, "url": "https://www.paris.fr/lieux/piscine-chateau-landon-2923", "type_element": "Piscines", "__fid": 1636}}, {"type": "Feature", "properties": {"highway": "footway", "footway": "sidewalk", "name": null, "surface": "asphalt", "lit": "yes", "length_m": 118.75, "type_element": "Way", "__fid": 81332}, "geometry": {"type": "LineString", "coordinates": [[2.3611894, 48.8861404], [2.3627304, 48.886230800000014], [2.3627492, 48.8862423], [2.362766, 48.886271]]}}, {"type": "Feature", "properties": {"highway": "footway", "footway": "sidewalk", "name": null, "surface": "asphalt", "lit": "yes", "length_m": 127.38, "type_element": "Way", "__fid": 81358}, "geometry": {"type": "LineString", "coordinates": [[2.3612142, 48.8860473], [2.3612545, 48.886058], [2.3627244, 48.8861466], [2.3628598, 48.8861938], [2.362886, 48.8862326]]}}, {"type": "Feature", "properties": {"highway": "footway", "footway": "sidewalk", "name": null, "surface": "asphalt", "lit": "yes", "length_m": 117.54, "type_element": "Way", "__fid": 81380}, "geometry": {"type": "LineString", "coordinates": [[2.3627403, 48.88627870000001], [2.3612457, 48.8866606]]}}, {"type": "Feature", "properties": {"highway": "footway", "footway": "sidewalk", "name": null, "surface": "asphalt", "lit": "yes", "length_m": 84.13, "type_element": "Way", "__fid": 81690}, "geometry": {"type": "LineString", "coordinates": [[2.3615181, 48.8845835], [2.3626653, 48.8845761]]}}, {"type": "Feature", "properties": {"highway": "footway", "footway": "sidewalk", "name": null, "surface": "asphalt", "lit": "yes", "length_m": 127.91, "type_element": "Way", "__fid": 81809}, "geometry": {"type": "LineString", "coordinates": [[2.3633755, 48.884229800000014], [2.3625151, 48.8842377], [2.3621071, 48.884226799999986], [2.3616317, 48.8842297]]}}, {"type": "Feature", "properties": {"highway": "footway", "footway": null, "name": null, "surface": null, "lit": null, "length_m": 91.25, "type_element": "Way", "__fid": 82013}, "geometry": {"type": "LineString", "coordinates": [[2.3618139, 48.8867921], [2.362735, 48.8865543], [2.3626419, 48.8863976]]}}, {"type": "Feature", "properties": {"highway": "footway", "footway": "sidewalk", "name": null, "surface": "asphalt", "lit": "yes", "length_m": 56.55, "type_element": "Way", "__fid": 82080}, "geometry": {"type": "LineString", "coordinates": [[2.3618797, 48.8865923], [2.362599, 48.886409]]}}, {"type": "Feature", "properties": {"highway": "pedestrian", "footway": null, "name": "Esplanade Nathalie Sarraute", "surface": "paving_stones", "lit": "yes", "length_m": 166.6, "type_element": "Way", "__fid": 82211}, "geometry": {"type": "LineString", "coordinates": [[2.361977, 48.8878128], [2.3620747, 48.887789], [2.3628253, 48.8890672], [2.3627418, 48.889087899999986]]}}, {"type": "Feature", "properties": {"highway": "footway", "footway": null, "name": null, "surface": null, "lit": null, "length_m": 68.54, "type_element": "Way", "__fid": 82228}, "geometry": {"type": "LineString", "coordinates": [[2.3620149, 48.88582610000001], [2.3620384, 48.8858375], [2.3620699, 48.8858371], [2.362654, 48.88579040000001], [2.3627935, 48.8857577], [2.362833, 48.8857414], [2.3629215, 48.8857277]]}}, {"type": "Feature", "properties": {"highway": "footway", "footway": null, "name": null, "surface": "sett", "lit": "yes", "length_m": 43.06, "type_element": "Way", "__fid": 82334}, "geometry": {"type": "LineString", "coordinates": [[2.362601, 48.8864469], [2.3625809, 48.886491], [2.362544, 48.8865311], [2.3624642, 48.8865699], [2.3622993, 48.886618], [2.3621326, 48.8866217]]}}, {"type": "Feature", "properties": {"highway": "service", "footway": null, "name": null, "surface": null, "lit": null, "length_m": 147.6, "type_element": "Way", "__fid": 82559}, "geometry": {"type": "LineString", "coordinates": [[2.3626653, 48.8845761], [2.3626976, 48.8847378], [2.3627371, 48.8848335], [2.3627841, 48.8850148], [2.3627666, 48.8850646], [2.3628458, 48.88533], [2.3629075, 48.8853503], [2.3629403, 48.885494], [2.3623851, 48.885537700000015]]}}, {"type": "Feature", "properties": {"highway": "footway", "footway": "sidewalk", "name": null, "surface": "paving_stones", "lit": "yes", "length_m": 38.45, "type_element": "Way", "__fid": 82652}, "geometry": {"type": "LineString", "coordinates": [[2.3624428, 48.8887136], [2.3626412, 48.8890337]]}}, {"type": "Feature", "properties": {"highway": "footway", "footway": null, "name": null, "surface": null, "lit": null, "length_m": 28.34, "type_element": "Way", "__fid": 82695}, "geometry": {"type": "LineString", "coordinates": [[2.3624936, 48.8882279], [2.362852786412945, 48.88813388815494]]}}, {"type": "Feature", "properties": {"highway": "footway", "footway": null, "name": "Esplanade Nathalie Sarraute", "surface": "paving_stones", "lit": "yes", "length_m": 46.61, "type_element": "Way", "__fid": 82719}, "geometry": {"type": "LineString", "coordinates": [[2.362508, 48.8886981], [2.3627418, 48.889087899999986]]}}, {"type": "Feature", "properties": {"highway": "footway", "footway": null, "name": null, "surface": "sett", "lit": "yes", "length_m": 4.22, "type_element": "Way", "__fid": 82796}, "geometry": {"type": "LineString", "coordinates": [[2.362599, 48.886409], [2.362601, 48.8864469]]}}, {"type": "Feature", "properties": {"highway": "footway", "footway": null, "name": null, "surface": "sett", "lit": "yes", "length_m": 3.39, "type_element": "Way", "__fid": 82797}, "geometry": {"type": "LineString", "coordinates": [[2.3626419, 48.8863976], [2.362599, 48.886409]]}}, {"type": "Feature", "properties": {"highway": "footway", "footway": null, "name": null, "surface": "sett", "lit": "yes", "length_m": 5.12, "type_element": "Way", "__fid": 82823}, "geometry": {"type": "LineString", "coordinates": [[2.3626419, 48.8863976], [2.3626166, 48.8863547]]}}, {"type": "Feature", "properties": {"highway": "service", "footway": null, "name": null, "surface": "asphalt", "lit": "yes", "length_m": 7.38, "type_element": "Way", "__fid": 82831}, "geometry": {"type": "LineString", "coordinates": [[2.362653, 48.8845102], [2.3626653, 48.8845761]]}}, {"type": "Feature", "properties": {"highway": "footway", "footway": "sidewalk", "name": null, "surface": "asphalt", "lit": "yes", "length_m": 2.65, "type_element": "Way", "__fid": 82841}, "geometry": {"type": "LineString", "coordinates": [[2.3626753, 48.8863884], [2.3626419, 48.8863976]]}}, {"type": "Feature", "properties": {"highway": "footway", "footway": "sidewalk", "name": null, "surface": "asphalt", "lit": "yes", "length_m": 63.53, "type_element": "Way", "__fid": 82844}, "geometry": {"type": "LineString", "coordinates": [[2.3626653, 48.8845761], [2.3635316, 48.884571]]}}, {"type": "Feature", "properties": {"highway": "service", "footway": null, "name": null, "surface": "concrete", "lit": "yes", "length_m": 5.06, "type_element": "Way", "__fid": 82848}, "geometry": {"type": "LineString", "coordinates": [[2.3626489, 48.8863464], [2.3626753, 48.8863884]]}}, {"type": "Feature", "properties": {"highway": "service", "footway": null, "name": null, "surface": null, "lit": null, "length_m": 21.44, "type_element": "Way", "__fid": 82873}, "geometry": {"type": "LineString", "coordinates": [[2.3626753, 48.8863884], [2.362785, 48.8865671]]}}, {"type": "Feature", "properties": {"highway": "footway", "footway": "sidewalk", "name": null, "surface": "asphalt", "lit": "yes", "length_m": 8.88, "type_element": "Way", "__fid": 82874}, "geometry": {"type": "LineString", "coordinates": [[2.3627888, 48.88636049999999], [2.3626753, 48.8863884]]}}, {"type": "Feature", "properties": {"highway": "footway", "footway": "crossing", "name": null, "surface": "asphalt", "lit": "yes", "length_m": 9.77, "type_element": "Way", "__fid": 82949}, "geometry": {"type": "LineString", "coordinates": [[2.3627403, 48.88627870000001], [2.3627888, 48.88636049999999]]}}, {"type": "Feature", "properties": {"highway": "footway", "footway": "sidewalk", "name": null, "surface": "asphalt", "lit": "yes", "length_m": 2.07, "type_element": "Way", "__fid": 82950}, "geometry": {"type": "LineString", "coordinates": [[2.362766, 48.886271], [2.3627403, 48.88627870000001]]}}, {"type": "Feature", "properties": {"highway": "footway", "footway": null, "name": null, "surface": null, "lit": null, "length_m": 40.76, "type_element": "Way", "__fid": 82958}, "geometry": {"type": "LineString", "coordinates": [[2.362725, 48.8877721], [2.362932061902753, 48.88811229936198]]}}, {"type": "Feature", "properties": {"highway": "footway", "footway": null, "name": null, "surface": null, "lit": null, "length_m": 47.23, "type_element": "Way", "__fid": 82959}, "geometry": {"type": "LineString", "coordinates": [[2.362725, 48.8877721], [2.3626443, 48.887793], [2.362852786412945, 48.88813388815494]]}}, {"type": "Feature", "properties": {"highway": "footway", "footway": null, "name": null, "surface": null, "lit": null, "length_m": 12.67, "type_element": "Way", "__fid": 82960}, "geometry": {"type": "LineString", "coordinates": [[2.362886, 48.8877308], [2.362725, 48.8877721]]}}, {"type": "Feature", "properties": {"highway": "footway", "footway": "crossing", "name": null, "surface": "asphalt", "lit": "yes", "length_m": 9.78, "type_element": "Way", "__fid": 82985}, "geometry": {"type": "LineString", "coordinates": [[2.362766, 48.886271], [2.362886, 48.8862326]]}}, {"type": "Feature", "properties": {"highway": "footway", "footway": "sidewalk", "name": null, "surface": "asphalt", "lit": "yes", "length_m": 13.86, "type_element": "Way", "__fid": 83021}, "geometry": {"type": "LineString", "coordinates": [[2.3627888, 48.88636049999999], [2.3629658, 48.8863168]]}}, {"type": "Feature", "properties": {"highway": "footway", "footway": null, "name": null, "surface": "compacted", "lit": null, "length_m": 6.16, "type_element": "Way", "__fid": 83077}, "geometry": {"type": "LineString", "coordinates": [[2.3628398, 48.8876845], [2.362886, 48.8877308]]}}, {"type": "Feature", "properties": {"highway": "footway", "footway": null, "name": null, "surface": null, "lit": null, "length_m": 88.04, "type_element": "Way", "__fid": 83091}, "geometry": {"type": "LineString", "coordinates": [[2.362852786412945, 48.88813388815494], [2.3633015, 48.8888683]]}}, {"type": "Feature", "properties": {"highway": "footway", "footway": null, "name": null, "surface": null, "lit": null, "length_m": 6.29, "type_element": "Way", "__fid": 83092}, "geometry": {"type": "LineString", "coordinates": [[2.362852786412945, 48.88813388815494], [2.362932061902753, 48.88811229936198]]}}, {"type": "Feature", "properties": {"highway": "footway", "footway": "sidewalk", "name": null, "surface": "asphalt", "lit": "yes", "length_m": 2.36, "type_element": "Way", "__fid": 83109}, "geometry": {"type": "LineString", "coordinates": [[2.362886, 48.8862326], [2.3629168, 48.8862388]]}}, {"type": "Feature", "properties": {"highway": "footway", "footway": null, "name": null, "surface": "compacted", "lit": null, "length_m": 144.96, "type_element": "Way", "__fid": 83127}, "geometry": {"type": "LineString", "coordinates": [[2.362886, 48.8877308], [2.3636158, 48.8889423]]}}, {"type": "Feature", "properties": {"highway": "service", "footway": null, "name": null, "surface": null, "lit": null, "length_m": 53.05, "type_element": "Way", "__fid": 83136}, "geometry": {"type": "LineString", "coordinates": [[2.3632078, 48.88616270000002], [2.3630181, 48.885819], [2.3629215, 48.8857277]]}}, {"type": "Feature", "properties": {"highway": "service", "footway": null, "name": null, "surface": null, "lit": null, "length_m": 11.99, "type_element": "Way", "__fid": 83137}, "geometry": {"type": "LineString", "coordinates": [[2.3629215, 48.8857277], [2.3629396, 48.8856792], [2.3629269, 48.8856219]]}}, {"type": "Feature", "properties": {"highway": "footway", "footway": "crossing", "name": null, "surface": "asphalt", "lit": "yes", "length_m": 9.39, "type_element": "Way", "__fid": 83139}, "geometry": {"type": "LineString", "coordinates": [[2.3629658, 48.8863168], [2.3629168, 48.8862388]]}}, {"type": "Feature", "properties": {"highway": "footway", "footway": "sidewalk", "name": null, "surface": "asphalt", "lit": "yes", "length_m": 15.18, "type_element": "Way", "__fid": 83140}, "geometry": {"type": "LineString", "coordinates": [[2.3629168, 48.8862388], [2.3630811, 48.8862053], [2.3630986, 48.8861853]]}}, {"type": "Feature", "properties": {"highway": "steps", "footway": null, "name": null, "surface": null, "lit": null, "length_m": 9.53, "type_element": "Way", "__fid": 83171}, "geometry": {"type": "LineString", "coordinates": [[2.362932061902753, 48.88811229936198], [2.3629596, 48.8881048], [2.3629854, 48.8881486], [2.3629583, 48.8881552]]}}, {"type": "Feature", "properties": {"highway": "footway", "footway": "sidewalk", "name": null, "surface": "asphalt", "lit": "yes", "length_m": 117.12, "type_element": "Way", "__fid": 83184}, "geometry": {"type": "LineString", "coordinates": [[2.3629658, 48.8863168], [2.3644539, 48.88593430000001]]}}, {"type": "Feature", "properties": {"highway": "footway", "footway": null, "name": null, "surface": null, "lit": null, "length_m": 99.66, "type_element": "Way", "__fid": 83209}, "geometry": {"type": "LineString", "coordinates": [[2.3629583, 48.8881552], [2.3634587, 48.8889885]]}}, {"type": "Feature", "properties": {"highway": "footway", "footway": null, "name": null, "surface": null, "lit": null, "length_m": 11.08, "type_element": "Way", "__fid": 83297}, "geometry": {"type": "LineString", "coordinates": [[2.3630986, 48.8861853], [2.3630845, 48.8861554], [2.3630922, 48.8860873]]}}, {"type": "Feature", "properties": {"highway": "footway", "footway": null, "name": null, "surface": "wood", "lit": "yes", "length_m": 4.9, "type_element": "Way", "__fid": 83303}, "geometry": {"type": "LineString", "coordinates": [[2.3631184, 48.88622740000002], [2.3630986, 48.8861853]]}}, {"type": "Feature", "properties": {"highway": "footway", "footway": "sidewalk", "name": null, "surface": "asphalt", "lit": "yes", "length_m": 8.39, "type_element": "Way", "__fid": 83304}, "geometry": {"type": "LineString", "coordinates": [[2.3630986, 48.8861853], [2.3632078, 48.88616270000002]]}}, {"type": "Feature", "properties": {"highway": "footway", "footway": "sidewalk", "name": null, "surface": "asphalt", "lit": "yes", "length_m": 98.81, "type_element": "Way", "__fid": 83355}, "geometry": {"type": "LineString", "coordinates": [[2.3637306, 48.8830909], [2.3635063, 48.88278], [2.363285, 48.8824453], [2.3631899, 48.8822775]]}}, {"type": "Feature", "properties": {"highway": "service", "footway": null, "name": null, "surface": "asphalt", "lit": "yes", "length_m": 4.18, "type_element": "Way", "__fid": 83424}, "geometry": {"type": "LineString", "coordinates": [[2.3632273, 48.886198], [2.3632078, 48.88616270000002]]}}, {"type": "Feature", "properties": {"highway": "footway", "footway": "sidewalk", "name": null, "surface": "asphalt", "lit": "yes", "length_m": 78.5, "type_element": "Way", "__fid": 83425}, "geometry": {"type": "LineString", "coordinates": [[2.3632078, 48.88616270000002], [2.3642056, 48.8859071]]}}, {"type": "Feature", "properties": {"highway": "footway", "footway": "sidewalk", "name": null, "surface": "asphalt", "lit": "yes", "length_m": 91.13, "type_element": "Way", "__fid": 83558}, "geometry": {"type": "LineString", "coordinates": [[2.3633857, 48.88229349999999], [2.3634888, 48.8824493], [2.3635793, 48.8826116], [2.3638678, 48.8830486]]}}, {"type": "Feature", "properties": {"highway": "footway", "footway": null, "name": null, "surface": null, "lit": "yes", "length_m": 41.54, "type_element": "Way", "__fid": 83577}, "geometry": {"type": "LineString", "coordinates": [[2.3633755, 48.884229800000014], [2.3633733, 48.88431760000001], [2.3635313, 48.8844693], [2.3635316, 48.884571]]}}, {"type": "Feature", "properties": {"highway": "footway", "footway": "sidewalk", "name": null, "surface": "asphalt", "lit": "yes", "length_m": 24.17, "type_element": "Way", "__fid": 83578}, "geometry": {"type": "LineString", "coordinates": [[2.363705, 48.8842273], [2.3633755, 48.884229800000014]]}}, {"type": "Feature", "properties": {"highway": "footway", "footway": "sidewalk", "name": null, "surface": "asphalt", "lit": "yes", "length_m": 52.33, "type_element": "Way", "__fid": 83752}, "geometry": {"type": "LineString", "coordinates": [[2.3635316, 48.884571], [2.3642452, 48.884567799999985]]}}, {"type": "Feature", "properties": {"highway": "service", "footway": null, "name": null, "surface": "asphalt", "lit": "yes", "length_m": 7.56, "type_element": "Way", "__fid": 83843}, "geometry": {"type": "LineString", "coordinates": [[2.3636498, 48.8842847], [2.363705, 48.8842273]]}}, {"type": "Feature", "properties": {"highway": "footway", "footway": "sidewalk", "name": null, "surface": "asphalt", "lit": "yes", "length_m": 33.65, "type_element": "Way", "__fid": 83889}, "geometry": {"type": "LineString", "coordinates": [[2.3641639, 48.8842244], [2.363705, 48.8842273]]}}, {"type": "Feature", "properties": {"highway": "footway", "footway": "sidewalk", "name": null, "surface": "asphalt", "lit": "yes", "length_m": 9.99, "type_element": "Way", "__fid": 83909}, "geometry": {"type": "LineString", "coordinates": [[2.3637892, 48.883172], [2.3637306, 48.8830909]]}}, {"type": "Feature", "properties": {"highway": "footway", "footway": "crossing", "name": null, "surface": null, "lit": null, "length_m": 11.11, "type_element": "Way", "__fid": 83910}, "geometry": {"type": "LineString", "coordinates": [[2.3637306, 48.8830909], [2.3638678, 48.8830486]]}}, {"type": "Feature", "properties": {"highway": "footway", "footway": "sidewalk", "name": null, "surface": "asphalt", "lit": "yes", "length_m": 65.49, "type_element": "Way", "__fid": 83950}, "geometry": {"type": "LineString", "coordinates": [[2.3641614, 48.8837074], [2.3637892, 48.883172]]}}, {"type": "Feature", "properties": {"highway": "footway", "footway": "crossing", "name": null, "surface": "asphalt", "lit": "yes", "length_m": 11.01, "type_element": "Way", "__fid": 83951}, "geometry": {"type": "LineString", "coordinates": [[2.3637892, 48.883172], [2.3639314, 48.8831403]]}}, {"type": "Feature", "properties": {"highway": "footway", "footway": "sidewalk", "name": null, "surface": "asphalt", "lit": "yes", "length_m": 11.21, "type_element": "Way", "__fid": 84009}, "geometry": {"type": "LineString", "coordinates": [[2.3638678, 48.8830486], [2.3639314, 48.8831403]]}}, {"type": "Feature", "properties": {"highway": "footway", "footway": "sidewalk", "name": null, "surface": "asphalt", "lit": "yes", "length_m": 64.71, "type_element": "Way", "__fid": 84060}, "geometry": {"type": "LineString", "coordinates": [[2.3639314, 48.8831403], [2.3643042, 48.8836677]]}}, {"type": "Feature", "properties": {"highway": "footway", "footway": "sidewalk", "name": null, "surface": "asphalt", "lit": "yes", "length_m": 20.27, "type_element": "Way", "__fid": 84265}, "geometry": {"type": "LineString", "coordinates": [[2.364272, 48.88387449999998], [2.3641614, 48.8837074]]}}, {"type": "Feature", "properties": {"highway": "footway", "footway": "crossing", "name": null, "surface": "asphalt", "lit": "yes", "length_m": 11.36, "type_element": "Way", "__fid": 84266}, "geometry": {"type": "LineString", "coordinates": [[2.3641614, 48.8837074], [2.3643042, 48.8836677]]}}, {"type": "Feature", "properties": {"highway": "service", "footway": null, "name": null, "surface": "asphalt", "lit": "yes", "length_m": 7.4, "type_element": "Way", "__fid": 84280}, "geometry": {"type": "LineString", "coordinates": [[2.3641639, 48.8842244], [2.3642001, 48.8842865]]}}, {"type": "Feature", "properties": {"highway": "footway", "footway": "sidewalk", "name": null, "surface": "asphalt", "lit": "yes", "length_m": 16.92, "type_element": "Way", "__fid": 84281}, "geometry": {"type": "LineString", "coordinates": [[2.3643946, 48.8842217], [2.3641639, 48.8842244]]}}, {"type": "Feature", "properties": {"highway": "living_street", "footway": null, "name": "Rue Caillié", "surface": "asphalt", "lit": "yes", "length_m": 7.8, "type_element": "Way", "__fid": 84351}, "geometry": {"type": "LineString", "coordinates": [[2.3642079, 48.8845021], [2.3642452, 48.884567799999985]]}}, {"type": "Feature", "properties": {"highway": "footway", "footway": null, "name": null, "surface": "paving_stones", "lit": "yes", "length_m": 3.83, "type_element": "Way", "__fid": 84359}, "geometry": {"type": "LineString", "coordinates": [[2.3642257, 48.8859389], [2.3642056, 48.8859071]]}}, {"type": "Feature", "properties": {"highway": "footway", "footway": null, "name": null, "surface": null, "lit": null, "length_m": 110.56, "type_element": "Way", "__fid": 84360}, "geometry": {"type": "LineString", "coordinates": [[2.3642056, 48.8859071], [2.3641346, 48.88579170000001], [2.3642224, 48.88566119999999], [2.3640481, 48.8853988], [2.3642271, 48.8853547], [2.3642948, 48.8854724], [2.3643465, 48.8854848], [2.3644283, 48.885627200000016]]}}, {"type": "Feature", "properties": {"highway": "footway", "footway": "sidewalk", "name": null, "surface": "asphalt", "lit": "yes", "length_m": 57.73, "type_element": "Way", "__fid": 84361}, "geometry": {"type": "LineString", "coordinates": [[2.3642056, 48.8859071], [2.3649401, 48.8857202]]}}, {"type": "Feature", "properties": {"highway": "living_street", "footway": null, "name": "Rue Caillié", "surface": "asphalt", "lit": "yes", "length_m": 137.91, "type_element": "Way", "__fid": 84389}, "geometry": {"type": "LineString", "coordinates": [[2.3642452, 48.884567799999985], [2.3649401, 48.8857202]]}}, {"type": "Feature", "properties": {"highway": "footway", "footway": "sidewalk", "name": null, "surface": "asphalt", "lit": "yes", "length_m": 21.86, "type_element": "Way", "__fid": 84390}, "geometry": {"type": "LineString", "coordinates": [[2.3642452, 48.884567799999985], [2.3645423, 48.8845518]]}}, {"type": "Feature", "properties": {"highway": "footway", "footway": "sidewalk", "name": null, "surface": "asphalt", "lit": "yes", "length_m": 36.96, "type_element": "Way", "__fid": 84411}, "geometry": {"type": "LineString", "coordinates": [[2.3644504, 48.8841815], [2.3644514, 48.88413760000001], [2.364272, 48.88387449999998]]}}, {"type": "Feature", "properties": {"highway": "footway", "footway": "crossing", "name": null, "surface": "asphalt", "lit": "yes", "length_m": 11.47, "type_element": "Way", "__fid": 84412}, "geometry": {"type": "LineString", "coordinates": [[2.364272, 48.88387449999998], [2.3644149, 48.8838326]]}}, {"type": "Feature", "properties": {"highway": "service", "footway": null, "name": null, "surface": null, "lit": null, "length_m": 725.75, "type_element": "Way", "__fid": 84443}, "geometry": {"type": "LineString", "coordinates": [[2.3652778, 48.8898108], [2.3651196, 48.8895434], [2.3648152, 48.8890884], [2.3645349, 48.8886061], [2.364319, 48.8882683], [2.3641312, 48.8879138], [2.3640347, 48.8876951], [2.3632927, 48.88637990000002], [2.3632367, 48.8865593], [2.3632179, 48.8871537], [2.3632286, 48.887308], [2.3632635, 48.8874429], [2.3633493, 48.8876894], [2.3637557, 48.8884394], [2.3639569, 48.8887418], [2.3642237, 48.8891056]]}}, {"type": "Feature", "properties": {"highway": "footway", "footway": "sidewalk", "name": null, "surface": "asphalt", "lit": "yes", "length_m": 6.46, "type_element": "Way", "__fid": 84454}, "geometry": {"type": "LineString", "coordinates": [[2.3643042, 48.8836677], [2.3643243, 48.883695], [2.3643659, 48.8836994]]}}, {"type": "Feature", "properties": {"highway": "footway", "footway": "sidewalk", "name": null, "surface": "asphalt", "lit": "yes", "length_m": 102.31, "type_element": "Way", "__fid": 84468}, "geometry": {"type": "LineString", "coordinates": [[2.3654596, 48.88316540000001], [2.3645014, 48.8827236], [2.3643259, 48.88262979999999]]}}, {"type": "Feature", "properties": {"highway": "pedestrian", "footway": null, "name": "Rue de l'Aqueduc", "surface": "asphalt", "lit": "yes", "length_m": 102.73, "type_element": "Way", "__fid": 84504}, "geometry": {"type": "LineString", "coordinates": [[2.3643662, 48.8825918], [2.365505, 48.8831298]]}}, {"type": "Feature", "properties": {"highway": "footway", "footway": "crossing", "name": null, "surface": "asphalt", "lit": "yes", "length_m": 10.3, "type_element": "Way", "__fid": 84517}, "geometry": {"type": "LineString", "coordinates": [[2.3643659, 48.8836994], [2.3644336, 48.8837806]]}}, {"type": "Feature", "properties": {"highway": "footway", "footway": "sidewalk", "name": null, "surface": "asphalt", "lit": "yes", "length_m": 99.9, "type_element": "Way", "__fid": 84518}, "geometry": {"type": "LineString", "coordinates": [[2.3643659, 48.8836994], [2.3643944, 48.883693], [2.3654321, 48.8832104], [2.3654752, 48.8831807]]}}, {"type": "Feature", "properties": {"highway": "footway", "footway": "sidewalk", "name": null, "surface": "asphalt", "lit": "yes", "length_m": 103.22, "type_element": "Way", "__fid": 84534}, "geometry": {"type": "LineString", "coordinates": [[2.3644068, 48.88255380000001], [2.3654931, 48.8830605], [2.3655485, 48.8830957]]}}, {"type": "Feature", "properties": {"highway": "footway", "footway": "sidewalk", "name": null, "surface": "asphalt", "lit": "yes", "length_m": 38.56, "type_element": "Way", "__fid": 84539}, "geometry": {"type": "LineString", "coordinates": [[2.3645423, 48.8845518], [2.3645165, 48.8844502], [2.3644568, 48.8843083], [2.3644105, 48.8842563], [2.3643946, 48.8842217]]}}, {"type": "Feature", "properties": {"highway": "footway", "footway": "sidewalk", "name": null, "surface": "asphalt", "lit": "yes", "length_m": 6.06, "type_element": "Way", "__fid": 84540}, "geometry": {"type": "LineString", "coordinates": [[2.3643946, 48.8842217], [2.3644504, 48.8841815]]}}, {"type": "Feature", "properties": {"highway": "service", "footway": null, "name": null, "surface": null, "lit": null, "length_m": 53.62, "type_element": "Way", "__fid": 84544}, "geometry": {"type": "LineString", "coordinates": [[2.3643766, 48.8861096], [2.364492, 48.8862674], [2.3646317, 48.8863203], [2.3647421, 48.8864535], [2.3648148, 48.88646349999997]]}}, {"type": "Feature", "properties": {"highway": "footway", "footway": "sidewalk", "name": null, "surface": "asphalt", "lit": "yes", "length_m": 38.59, "type_element": "Way", "__fid": 84553}, "geometry": {"type": "LineString", "coordinates": [[2.3644149, 48.8838326], [2.3646274, 48.8841501]]}}, {"type": "Feature", "properties": {"highway": "footway", "footway": "sidewalk", "name": null, "surface": "asphalt", "lit": "yes", "length_m": 5.94, "type_element": "Way", "__fid": 84554}, "geometry": {"type": "LineString", "coordinates": [[2.3644336, 48.8837806], [2.3644149, 48.8838326]]}}, {"type": "Feature", "properties": {"highway": "footway", "footway": "sidewalk", "name": null, "surface": "asphalt", "lit": "yes", "length_m": 104.98, "type_element": "Way", "__fid": 84565}, "geometry": {"type": "LineString", "coordinates": [[2.3656066, 48.8832408], [2.3655441, 48.8832598], [2.3644336, 48.8837806]]}}, {"type": "Feature", "properties": {"highway": "footway", "footway": null, "name": null, "surface": null, "lit": null, "length_m": 28.29, "type_element": "Way", "__fid": 84584}, "geometry": {"type": "LineString", "coordinates": [[2.3644283, 48.885627200000016], [2.3645674, 48.885681200000015], [2.3644759, 48.8857044], [2.3644283, 48.885627200000016]]}}, {"type": "Feature", "properties": {"highway": "service", "footway": null, "name": null, "surface": "asphalt", "lit": "yes", "length_m": 5.14, "type_element": "Way", "__fid": 84585}, "geometry": {"type": "LineString", "coordinates": [[2.3644287, 48.88589120000001], [2.3644539, 48.88593430000001]]}}, {"type": "Feature", "properties": {"highway": "footway", "footway": "crossing", "name": null, "surface": "asphalt", "lit": "yes", "length_m": 13.57, "type_element": "Way", "__fid": 84586}, "geometry": {"type": "LineString", "coordinates": [[2.3644504, 48.8841815], [2.364506, 48.8841797], [2.3646274, 48.8841501]]}}, {"type": "Feature", "properties": {"highway": "service", "footway": null, "name": null, "surface": "asphalt", "lit": null, "length_m": 64.56, "type_element": "Way", "__fid": 84606}, "geometry": {"type": "LineString", "coordinates": [[2.3644539, 48.88593430000001], [2.3647796, 48.8864253], [2.3648148, 48.88646349999997]]}}, {"type": "Feature", "properties": {"highway": "footway", "footway": "sidewalk", "name": null, "surface": "asphalt", "lit": "yes", "length_m": 14.44, "type_element": "Way", "__fid": 84607}, "geometry": {"type": "LineString", "coordinates": [[2.3644539, 48.88593430000001], [2.3646378, 48.885888]]}}, {"type": "Feature", "properties": {"highway": "footway", "footway": "sidewalk", "name": null, "surface": "asphalt", "lit": "yes", "length_m": 15.72, "type_element": "Way", "__fid": 84663}, "geometry": {"type": "LineString", "coordinates": [[2.3647561, 48.88454140000001], [2.3645423, 48.8845518]]}}, {"type": "Feature", "properties": {"highway": "footway", "footway": "sidewalk", "name": null, "surface": "asphalt", "lit": "yes", "length_m": 8.29, "type_element": "Way", "__fid": 84724}, "geometry": {"type": "LineString", "coordinates": [[2.3646274, 48.8841501], [2.3647264, 48.884186]]}}, {"type": "Feature", "properties": {"highway": "footway", "footway": null, "name": null, "surface": "concrete", "lit": "yes", "length_m": 5.19, "type_element": "Way", "__fid": 84731}, "geometry": {"type": "LineString", "coordinates": [[2.3646123, 48.88584450000002], [2.3646378, 48.885888]]}}, {"type": "Feature", "properties": {"highway": "footway", "footway": null, "name": null, "surface": null, "lit": null, "length_m": 5.81, "type_element": "Way", "__fid": 84746}, "geometry": {"type": "LineString", "coordinates": [[2.3646378, 48.885888], [2.364666687290313, 48.88593665394035]]}}, {"type": "Feature", "properties": {"highway": "footway", "footway": "sidewalk", "name": null, "surface": "asphalt", "lit": "yes", "length_m": 33.22, "type_element": "Way", "__fid": 84747}, "geometry": {"type": "LineString", "coordinates": [[2.3646378, 48.885888], [2.3650606, 48.8857807]]}}, {"type": "Feature", "properties": {"highway": "footway", "footway": null, "name": null, "surface": null, "lit": null, "length_m": 35.08, "type_element": "Way", "__fid": 84774}, "geometry": {"type": "LineString", "coordinates": [[2.364666687290313, 48.88593665394035], [2.364841092738896, 48.886230440140146]]}}, {"type": "Feature", "properties": {"highway": "service", "footway": null, "name": null, "surface": "asphalt", "lit": null, "length_m": 35.46, "type_element": "Way", "__fid": 84775}, "geometry": {"type": "LineString", "coordinates": [[2.364666687290313, 48.88593665394035], [2.364608, 48.8859509], [2.3647597, 48.8862099]]}}, {"type": "Feature", "properties": {"highway": "service", "footway": null, "name": null, "surface": "asphalt", "lit": null, "length_m": 14.54, "type_element": "Way", "__fid": 84776}, "geometry": {"type": "LineString", "coordinates": [[2.3648527, 48.8858915], [2.364666687290313, 48.88593665394035]]}}, {"type": "Feature", "properties": {"highway": "footway", "footway": "crossing", "name": null, "surface": "asphalt", "lit": "yes", "length_m": 21.22, "type_element": "Way", "__fid": 84795}, "geometry": {"type": "LineString", "coordinates": [[2.3647264, 48.884186], [2.3647919, 48.8842767], [2.3648732, 48.8843495]]}}, {"type": "Feature", "properties": {"highway": "footway", "footway": "sidewalk", "name": null, "surface": "asphalt", "lit": "yes", "length_m": 145.42, "type_element": "Way", "__fid": 84796}, "geometry": {"type": "LineString", "coordinates": [[2.3647264, 48.884186], [2.3667005, 48.8840625]]}}, {"type": "Feature", "properties": {"highway": "footway", "footway": "sidewalk", "name": null, "surface": "asphalt", "lit": "yes", "length_m": 128.39, "type_element": "Way", "__fid": 84832}, "geometry": {"type": "LineString", "coordinates": [[2.3656868, 48.88551930000002], [2.3647561, 48.88454140000001]]}}, {"type": "Feature", "properties": {"highway": "footway", "footway": "crossing", "name": null, "surface": "asphalt", "lit": "yes", "length_m": 14.38, "type_element": "Way", "__fid": 84833}, "geometry": {"type": "LineString", "coordinates": [[2.3647561, 48.88454140000001], [2.3649513, 48.8845292]]}}, {"type": "Feature", "properties": {"highway": "footway", "footway": null, "name": null, "surface": null, "lit": null, "length_m": 6.39, "type_element": "Way", "__fid": 84847}, "geometry": {"type": "LineString", "coordinates": [[2.3647597, 48.8862099], [2.364841092738896, 48.886230440140146]]}}, {"type": "Feature", "properties": {"highway": "service", "footway": null, "name": null, "surface": "asphalt", "lit": null, "length_m": 29.84, "type_element": "Way", "__fid": 84848}, "geometry": {"type": "LineString", "coordinates": [[2.3647597, 48.8862099], [2.3647421, 48.8862502], [2.364836, 48.8864204], [2.3648148, 48.88646349999997]]}}, {"type": "Feature", "properties": {"highway": "service", "footway": null, "name": null, "surface": "asphalt", "lit": null, "length_m": 137.43, "type_element": "Way", "__fid": 84902}, "geometry": {"type": "LineString", "coordinates": [[2.3648148, 48.88646349999997], [2.3650391, 48.886786], [2.3651049, 48.8868503], [2.3655834, 48.8875893]]}}, {"type": "Feature", "properties": {"highway": "footway", "footway": null, "name": null, "surface": null, "lit": null, "length_m": 59.48, "type_element": "Way", "__fid": 84917}, "geometry": {"type": "LineString", "coordinates": [[2.364841092738896, 48.886230440140146], [2.3655986, 48.88642159999998]]}}, {"type": "Feature", "properties": {"highway": "footway", "footway": null, "name": null, "surface": null, "lit": null, "length_m": 160.56, "type_element": "Way", "__fid": 84918}, "geometry": {"type": "LineString", "coordinates": [[2.364841092738896, 48.886230440140146], [2.365639296665682, 48.887574969122795]]}}, {"type": "Feature", "properties": {"highway": "footway", "footway": null, "name": null, "surface": null, "lit": null, "length_m": 23.28, "type_element": "Way", "__fid": 84922}, "geometry": {"type": "LineString", "coordinates": [[2.3648527, 48.8858915], [2.36496, 48.8860885]]}}, {"type": "Feature", "properties": {"highway": "service", "footway": null, "name": null, "surface": "asphalt", "lit": null, "length_m": 15.27, "type_element": "Way", "__fid": 84923}, "geometry": {"type": "LineString", "coordinates": [[2.3650479, 48.8858437], [2.3648527, 48.8858915]]}}, {"type": "Feature", "properties": {"highway": "footway", "footway": "crossing", "name": null, "surface": "asphalt", "lit": "yes", "length_m": 21.97, "type_element": "Way", "__fid": 84927}, "geometry": {"type": "LineString", "coordinates": [[2.365019, 48.8845204], [2.3649623, 48.8844292], [2.3648732, 48.8843495]]}}, {"type": "Feature", "properties": {"highway": "steps", "footway": null, "name": null, "surface": null, "lit": "yes", "length_m": 15.64, "type_element": "Way", "__fid": 84928}, "geometry": {"type": "LineString", "coordinates": [[2.3648732, 48.8843495], [2.3650852, 48.8843344]]}}, {"type": "Feature", "properties": {"highway": "footway", "footway": "sidewalk", "name": null, "surface": "asphalt", "lit": "yes", "length_m": 84.99, "type_element": "Way", "__fid": 84987}, "geometry": {"type": "LineString", "coordinates": [[2.3655594, 48.8851794], [2.3649804, 48.8845709], [2.3649513, 48.8845292]]}}, {"type": "Feature", "properties": {"highway": "footway", "footway": "sidewalk", "name": null, "surface": "asphalt", "lit": "yes", "length_m": 5.06, "type_element": "Way", "__fid": 84988}, "geometry": {"type": "LineString", "coordinates": [[2.3649513, 48.8845292], [2.365019, 48.8845204]]}}, {"type": "Feature", "properties": {"highway": "living_street", "footway": null, "name": "Rue Caillié", "surface": "asphalt", "lit": "yes", "length_m": 4.47, "type_element": "Way", "__fid": 84990}, "geometry": {"type": "LineString", "coordinates": [[2.3649401, 48.8857202], [2.3649624, 48.8857576]]}}, {"type": "Feature", "properties": {"highway": "footway", "footway": "sidewalk", "name": null, "surface": "asphalt", "lit": "yes", "length_m": 5.89, "type_element": "Way", "__fid": 84991}, "geometry": {"type": "LineString", "coordinates": [[2.3649401, 48.8857202], [2.3650143, 48.8857]]}}, {"type": "Feature", "properties": {"highway": "footway", "footway": "sidewalk", "name": null, "surface": "asphalt", "lit": "yes", "length_m": 132.38, "type_element": "Way", "__fid": 85028}, "geometry": {"type": "LineString", "coordinates": [[2.365019, 48.8845204], [2.3668151, 48.884401]]}}, {"type": "Feature", "properties": {"highway": "footway", "footway": "crossing", "name": null, "surface": "asphalt", "lit": "yes", "length_m": 9.59, "type_element": "Way", "__fid": 85035}, "geometry": {"type": "LineString", "coordinates": [[2.3650143, 48.8857], [2.3650606, 48.8857807]]}}, {"type": "Feature", "properties": {"highway": "footway", "footway": "sidewalk", "name": null, "surface": "asphalt", "lit": "yes", "length_m": 52.13, "type_element": "Way", "__fid": 85036}, "geometry": {"type": "LineString", "coordinates": [[2.3650143, 48.8857], [2.3656775, 48.8855312]]}}, {"type": "Feature", "properties": {"highway": "footway", "footway": null, "name": null, "surface": null, "lit": null, "length_m": 16.17, "type_element": "Way", "__fid": 85060}, "geometry": {"type": "LineString", "coordinates": [[2.3652557, 48.88582390000001], [2.365127, 48.8858578], [2.3650479, 48.8858437]]}}, {"type": "Feature", "properties": {"highway": "footway", "footway": null, "name": null, "surface": "concrete", "lit": null, "length_m": 43.57, "type_element": "Way", "__fid": 85061}, "geometry": {"type": "LineString", "coordinates": [[2.3650479, 48.8858437], [2.3651042, 48.885815], [2.3655861, 48.885681]]}}, {"type": "Feature", "properties": {"highway": "footway", "footway": "sidewalk", "name": null, "surface": "asphalt", "lit": "yes", "length_m": 51.2, "type_element": "Way", "__fid": 85065}, "geometry": {"type": "LineString", "coordinates": [[2.3657134, 48.8856173], [2.3650606, 48.8857807]]}}, {"type": "Feature", "properties": {"highway": "footway", "footway": null, "name": null, "surface": null, "lit": null, "length_m": 71.08, "type_element": "Way", "__fid": 85235}, "geometry": {"type": "LineString", "coordinates": [[2.3655986, 48.88642159999998], [2.3655689, 48.8863556], [2.3652557, 48.88582390000001]]}}, {"type": "Feature", "properties": {"highway": "footway", "footway": null, "name": null, "surface": null, "lit": null, "length_m": 18.64, "type_element": "Way", "__fid": 85236}, "geometry": {"type": "LineString", "coordinates": [[2.3654922, 48.88576250000001], [2.3652557, 48.88582390000001]]}}, {"type": "Feature", "properties": {"highway": "footway", "footway": "sidewalk", "name": null, "surface": "asphalt", "lit": "yes", "length_m": 2.05, "type_element": "Way", "__fid": 85371}, "geometry": {"type": "LineString", "coordinates": [[2.3654752, 48.8831807], [2.3654596, 48.88316540000001]]}}, {"type": "Feature", "properties": {"highway": "footway", "footway": "crossing", "name": null, "surface": "asphalt", "lit": "yes", "length_m": 5.17, "type_element": "Way", "__fid": 85372}, "geometry": {"type": "LineString", "coordinates": [[2.3654596, 48.88316540000001], [2.365505, 48.8831298]]}}, {"type": "Feature", "properties": {"highway": "footway", "footway": "crossing", "name": null, "surface": "asphalt", "lit": "yes", "length_m": 11.73, "type_element": "Way", "__fid": 85384}, "geometry": {"type": "LineString", "coordinates": [[2.3656066, 48.8832408], [2.3654752, 48.8831807]]}}, {"type": "Feature", "properties": {"highway": "pedestrian", "footway": null, "name": "Rue de l'Aqueduc", "surface": "asphalt", "lit": "yes", "length_m": 10.3, "type_element": "Way", "__fid": 85407}, "geometry": {"type": "LineString", "coordinates": [[2.365505, 48.8831298], [2.3656192, 48.8831837]]}}, {"type": "Feature", "properties": {"highway": "footway", "footway": "sidewalk", "name": null, "surface": "asphalt", "lit": "yes", "length_m": 4.96, "type_element": "Way", "__fid": 85408}, "geometry": {"type": "LineString", "coordinates": [[2.365505, 48.8831298], [2.3655485, 48.8830957]]}}, {"type": "Feature", "properties": {"highway": "pedestrian", "footway": null, "name": "Passage Goix", "surface": "paving_stones", "lit": "yes", "length_m": 5.42, "type_element": "Way", "__fid": 85417}, "geometry": {"type": "LineString", "coordinates": [[2.3654976, 48.8852062], [2.3655594, 48.8851794]]}}, {"type": "Feature", "properties": {"highway": "footway", "footway": null, "name": null, "surface": null, "lit": null, "length_m": 183.58, "type_element": "Way", "__fid": 85422}, "geometry": {"type": "LineString", "coordinates": [[2.3654922, 48.88576250000001], [2.3663995, 48.88730120000002]]}}, {"type": "Feature", "properties": {"highway": "footway", "footway": null, "name": null, "surface": null, "lit": null, "length_m": 9.98, "type_element": "Way", "__fid": 85423}, "geometry": {"type": "LineString", "coordinates": [[2.3656193, 48.8857304], [2.3654922, 48.88576250000001]]}}, {"type": "Feature", "properties": {"highway": "footway", "footway": "sidewalk", "name": null, "surface": "asphalt", "lit": "yes", "length_m": 7.22, "type_element": "Way", "__fid": 85450}, "geometry": {"type": "LineString", "coordinates": [[2.3655485, 48.8830957], [2.3656378, 48.883123]]}}, {"type": "Feature", "properties": {"highway": "footway", "footway": "sidewalk", "name": null, "surface": "asphalt", "lit": "yes", "length_m": 38.01, "type_element": "Way", "__fid": 85481}, "geometry": {"type": "LineString", "coordinates": [[2.3658297, 48.8854711], [2.3655594, 48.8851794]]}}, {"type": "Feature", "properties": {"highway": "pedestrian", "footway": null, "name": "Passage Goix", "surface": "paving_stones", "lit": "yes", "length_m": 102.11, "type_element": "Way", "__fid": 85482}, "geometry": {"type": "LineString", "coordinates": [[2.3655594, 48.8851794], [2.3662563, 48.8848766], [2.3665628, 48.885184]]}}, {"type": "Feature", "properties": {"highway": "footway", "footway": "sidewalk", "name": null, "surface": "asphalt", "lit": "yes", "length_m": 4.2, "type_element": "Way", "__fid": 85491}, "geometry": {"type": "LineString", "coordinates": [[2.3656613, 48.8832519], [2.3656066, 48.8832408]]}}, {"type": "Feature", "properties": {"highway": "footway", "footway": null, "name": null, "surface": null, "lit": null, "length_m": 6.01, "type_element": "Way", "__fid": 85498}, "geometry": {"type": "LineString", "coordinates": [[2.3656193, 48.8857304], [2.3655861, 48.885681]]}}, {"type": "Feature", "properties": {"highway": "footway", "footway": null, "name": null, "surface": "concrete", "lit": null, "length_m": 11.74, "type_element": "Way", "__fid": 85499}, "geometry": {"type": "LineString", "coordinates": [[2.3655861, 48.885681], [2.3657316, 48.8856369]]}}, {"type": "Feature", "properties": {"highway": "footway", "footway": "crossing", "name": null, "surface": "asphalt", "lit": "yes", "length_m": 10.24, "type_element": "Way", "__fid": 85520}, "geometry": {"type": "LineString", "coordinates": [[2.3657531, 48.8831749], [2.3656378, 48.883123]]}}, {"type": "Feature", "properties": {"highway": "footway", "footway": "sidewalk", "name": null, "surface": "asphalt", "lit": "yes", "length_m": 104.22, "type_element": "Way", "__fid": 85521}, "geometry": {"type": "LineString", "coordinates": [[2.3656378, 48.883123], [2.3658096, 48.8830309], [2.3664165, 48.8827439], [2.3667745, 48.8825609]]}}, {"type": "Feature", "properties": {"highway": "service", "footway": null, "name": null, "surface": "asphalt", "lit": null, "length_m": 80.93, "type_element": "Way", "__fid": 85522}, "geometry": {"type": "LineString", "coordinates": [[2.3655834, 48.8875893], [2.3658787, 48.8880368], [2.365996, 48.8881819], [2.3660604, 48.888244100000016]]}}, {"type": "Feature", "properties": {"highway": "service", "footway": null, "name": null, "surface": "paved", "lit": null, "length_m": 4.4, "type_element": "Way", "__fid": 85523}, "geometry": {"type": "LineString", "coordinates": [[2.365639296665682, 48.887574969122795], [2.3655834, 48.8875893]]}}, {"type": "Feature", "properties": {"highway": "footway", "footway": null, "name": null, "surface": null, "lit": null, "length_m": 112.9, "type_element": "Way", "__fid": 85525}, "geometry": {"type": "LineString", "coordinates": [[2.3661718, 48.8873604], [2.3657741, 48.8866898], [2.3657526, 48.886681], [2.3655986, 48.88642159999998]]}}, {"type": "Feature", "properties": {"highway": "footway", "footway": null, "name": null, "surface": null, "lit": null, "length_m": 48.97, "type_element": "Way", "__fid": 85535}, "geometry": {"type": "LineString", "coordinates": [[2.365858, 48.88614170000001], [2.3656193, 48.8857304]]}}, {"type": "Feature", "properties": {"highway": "footway", "footway": null, "name": null, "surface": null, "lit": null, "length_m": 12.99, "type_element": "Way", "__fid": 85536}, "geometry": {"type": "LineString", "coordinates": [[2.3657677, 48.8856713], [2.365746, 48.88569119999999], [2.3656193, 48.8857304]]}}, {"type": "Feature", "properties": {"highway": "footway", "footway": "sidewalk", "name": null, "surface": "asphalt", "lit": "yes", "length_m": 133.4, "type_element": "Way", "__fid": 85543}, "geometry": {"type": "LineString", "coordinates": [[2.3671316, 48.88395770000002], [2.3659189, 48.8833894], [2.3656613, 48.8832519]]}}, {"type": "Feature", "properties": {"highway": "footway", "footway": "crossing", "name": null, "surface": "asphalt", "lit": "yes", "length_m": 9.87, "type_element": "Way", "__fid": 85544}, "geometry": {"type": "LineString", "coordinates": [[2.3656613, 48.8832519], [2.3657611, 48.8831923]]}}, {"type": "Feature", "properties": {"highway": "footway", "footway": null, "name": null, "surface": null, "lit": null, "length_m": 10.5, "type_element": "Way", "__fid": 85567}, "geometry": {"type": "LineString", "coordinates": [[2.365639296665682, 48.887574969122795], [2.3656915, 48.8876629]]}}, {"type": "Feature", "properties": {"highway": "service", "footway": null, "name": null, "surface": "paved", "lit": null, "length_m": 9.92, "type_element": "Way", "__fid": 85568}, "geometry": {"type": "LineString", "coordinates": [[2.3657657, 48.8875431], [2.365639296665682, 48.887574969122795]]}}, {"type": "Feature", "properties": {"highway": "footway", "footway": "crossing", "name": null, "surface": "asphalt", "lit": "yes", "length_m": 9.93, "type_element": "Way", "__fid": 85574}, "geometry": {"type": "LineString", "coordinates": [[2.3656775, 48.8855312], [2.3657134, 48.8856173]]}}, {"type": "Feature", "properties": {"highway": "footway", "footway": "sidewalk", "name": null, "surface": "asphalt", "lit": "yes", "length_m": 1.49, "type_element": "Way", "__fid": 85575}, "geometry": {"type": "LineString", "coordinates": [[2.3656775, 48.8855312], [2.3656868, 48.88551930000002]]}}, {"type": "Feature", "properties": {"highway": "footway", "footway": "crossing", "name": null, "surface": "asphalt", "lit": "yes", "length_m": 11.77, "type_element": "Way", "__fid": 85581}, "geometry": {"type": "LineString", "coordinates": [[2.3656868, 48.88551930000002], [2.3658297, 48.8854711]]}}, {"type": "Feature", "properties": {"highway": "footway", "footway": "sidewalk", "name": null, "surface": "asphalt", "lit": "yes", "length_m": 2.56, "type_element": "Way", "__fid": 85605}, "geometry": {"type": "LineString", "coordinates": [[2.3657316, 48.8856369], [2.3657134, 48.8856173]]}}, {"type": "Feature", "properties": {"highway": "footway", "footway": null, "name": null, "surface": null, "lit": null, "length_m": 5.24, "type_element": "Way", "__fid": 85609}, "geometry": {"type": "LineString", "coordinates": [[2.3656915, 48.8876629], [2.3657177, 48.8877067]]}}, {"type": "Feature", "properties": {"highway": "footway", "footway": null, "name": null, "surface": "wood", "lit": null, "length_m": 30.77, "type_element": "Way", "__fid": 85610}, "geometry": {"type": "LineString", "coordinates": [[2.3659345, 48.8877877], [2.3658711, 48.887803800000015], [2.3657746, 48.8876425], [2.3656915, 48.8876629]]}}, {"type": "Feature", "properties": {"highway": "footway", "footway": "sidewalk", "name": null, "surface": "asphalt", "lit": "yes", "length_m": 2.02, "type_element": "Way", "__fid": 85619}, "geometry": {"type": "LineString", "coordinates": [[2.3657531, 48.8831749], [2.3657611, 48.8831923]]}}, {"type": "Feature", "properties": {"highway": "footway", "footway": "sidewalk", "name": null, "surface": "asphalt", "lit": "yes", "length_m": 101.78, "type_element": "Way", "__fid": 85620}, "geometry": {"type": "LineString", "coordinates": [[2.3668577, 48.8826283], [2.3668174, 48.88264689999998], [2.3668087, 48.882664099999985], [2.3657808, 48.8831509], [2.3657531, 48.8831749]]}}, {"type": "Feature", "properties": {"highway": "footway", "footway": "sidewalk", "name": null, "surface": "asphalt", "lit": "yes", "length_m": 146.67, "type_element": "Way", "__fid": 85631}, "geometry": {"type": "LineString", "coordinates": [[2.3657611, 48.8831923], [2.3672487, 48.88389], [2.3674149, 48.8839252]]}}, {"type": "Feature", "properties": {"highway": "footway", "footway": "sidewalk", "name": null, "surface": "asphalt", "lit": "yes", "length_m": 4.65, "type_element": "Way", "__fid": 85632}, "geometry": {"type": "LineString", "coordinates": [[2.3657677, 48.8856713], [2.3657316, 48.8856369]]}}, {"type": "Feature", "properties": {"highway": "footway", "footway": "sidewalk", "name": null, "surface": "concrete", "lit": "yes", "length_m": 49.54, "type_element": "Way", "__fid": 85676}, "geometry": {"type": "LineString", "coordinates": [[2.366123, 48.8860502], [2.3657677, 48.8856713]]}}, {"type": "Feature", "properties": {"highway": "footway", "footway": "traffic_island", "name": null, "surface": "asphalt", "lit": "yes", "length_m": 14.08, "type_element": "Way", "__fid": 85677}, "geometry": {"type": "LineString", "coordinates": [[2.3657677, 48.8856713], [2.3659192, 48.8855935]]}}, {"type": "Feature", "properties": {"highway": "steps", "footway": null, "name": null, "surface": "concrete", "lit": null, "length_m": 26.36, "type_element": "Way", "__fid": 85724}, "geometry": {"type": "LineString", "coordinates": [[2.3658016, 48.8875674], [2.3659345, 48.8877877]]}}, {"type": "Feature", "properties": {"highway": "footway", "footway": "sidewalk", "name": null, "surface": "asphalt", "lit": "yes", "length_m": 3.09, "type_element": "Way", "__fid": 85725}, "geometry": {"type": "LineString", "coordinates": [[2.365858759999786, 48.88549122000005], [2.3658297, 48.8854711]]}}, {"type": "Feature", "properties": {"highway": "footway", "footway": "crossing", "name": null, "surface": "asphalt", "lit": "yes", "length_m": 8.05, "type_element": "Way", "__fid": 85751}, "geometry": {"type": "LineString", "coordinates": [[2.365858759999786, 48.88549122000005], [2.3659122, 48.8855545]]}}, {"type": "Feature", "properties": {"highway": "footway", "footway": "sidewalk", "name": null, "surface": "asphalt", "lit": "yes", "length_m": 61.91, "type_element": "Way", "__fid": 85752}, "geometry": {"type": "LineString", "coordinates": [[2.3665628, 48.885184], [2.365858759999786, 48.88549122000005]]}}, {"type": "Feature", "properties": {"highway": "footway", "footway": null, "name": null, "surface": null, "lit": null, "length_m": 43.5, "type_element": "Way", "__fid": 85761}, "geometry": {"type": "LineString", "coordinates": [[2.3660701, 48.886507], [2.365858, 48.88614170000001]]}}, {"type": "Feature", "properties": {"highway": "footway", "footway": null, "name": null, "surface": null, "lit": null, "length_m": 21.94, "type_element": "Way", "__fid": 85762}, "geometry": {"type": "LineString", "coordinates": [[2.366123, 48.8860502], [2.365858, 48.88614170000001]]}}, {"type": "Feature", "properties": {"highway": "footway", "footway": "sidewalk", "name": null, "surface": "asphalt", "lit": "yes", "length_m": 4.37, "type_element": "Way", "__fid": 85796}, "geometry": {"type": "LineString", "coordinates": [[2.3659192, 48.8855935], [2.3659122, 48.8855545]]}}, {"type": "Feature", "properties": {"highway": "footway", "footway": "sidewalk", "name": null, "surface": "asphalt", "lit": "yes", "length_m": 127.93, "type_element": "Way", "__fid": 85797}, "geometry": {"type": "LineString", "coordinates": [[2.3659122, 48.8855545], [2.366218, 48.88542], [2.3662575, 48.8854204], [2.3666726, 48.8852341], [2.3673371, 48.8849521], [2.367382, 48.8849491]]}}, {"type": "Feature", "properties": {"highway": "footway", "footway": "sidewalk", "name": null, "surface": "asphalt", "lit": "yes", "length_m": 52.47, "type_element": "Way", "__fid": 85804}, "geometry": {"type": "LineString", "coordinates": [[2.3663078, 48.8859897], [2.3659192, 48.8855935]]}}, {"type": "Feature", "properties": {"highway": "footway", "footway": null, "name": null, "surface": "concrete", "lit": null, "length_m": 203.02, "type_element": "Way", "__fid": 85853}, "geometry": {"type": "LineString", "coordinates": [[2.3669435, 48.8894808], [2.3668988, 48.8894489], [2.3661202, 48.8881366], [2.3661247, 48.8881015], [2.3659345, 48.8877877]]}}, {"type": "Feature", "properties": {"highway": "footway", "footway": null, "name": null, "surface": "concrete", "lit": null, "length_m": 84.79, "type_element": "Way", "__fid": 85854}, "geometry": {"type": "LineString", "coordinates": [[2.3659345, 48.8877877], [2.3661092, 48.887742], [2.3666586, 48.8881904], [2.3666935, 48.8882481]]}}, {"type": "Feature", "properties": {"highway": "footway", "footway": null, "name": null, "surface": null, "lit": null, "length_m": 41.14, "type_element": "Way", "__fid": 85957}, "geometry": {"type": "LineString", "coordinates": [[2.3662707, 48.8868525], [2.3660701, 48.886507]]}}, {"type": "Feature", "properties": {"highway": "footway", "footway": null, "name": null, "surface": null, "lit": null, "length_m": 28.26, "type_element": "Way", "__fid": 85958}, "geometry": {"type": "LineString", "coordinates": [[2.3664033, 48.8863793], [2.3660701, 48.886507]]}}, {"type": "Feature", "properties": {"highway": "service", "footway": null, "name": null, "surface": "asphalt", "lit": null, "length_m": 41.09, "type_element": "Way", "__fid": 85969}, "geometry": {"type": "LineString", "coordinates": [[2.3660604, 48.888244100000016], [2.3662703, 48.8885867]]}}, {"type": "Feature", "properties": {"highway": "service", "footway": null, "name": null, "surface": null, "lit": null, "length_m": 30.13, "type_element": "Way", "__fid": 85970}, "geometry": {"type": "LineString", "coordinates": [[2.3660604, 48.888244100000016], [2.3659581, 48.8882765], [2.3660758, 48.8884566]]}}, {"type": "Feature", "properties": {"highway": "footway", "footway": "sidewalk", "name": null, "surface": "concrete", "lit": "yes", "length_m": 41.97, "type_element": "Way", "__fid": 86007}, "geometry": {"type": "LineString", "coordinates": [[2.3664033, 48.8863793], [2.366123, 48.8860502]]}}, {"type": "Feature", "properties": {"highway": "footway", "footway": "crossing", "name": null, "surface": "asphalt", "lit": "yes", "length_m": 15.13, "type_element": "Way", "__fid": 86008}, "geometry": {"type": "LineString", "coordinates": [[2.366123, 48.8860502], [2.3663078, 48.8859897]]}}, {"type": "Feature", "properties": {"highway": "service", "footway": null, "name": null, "surface": null, "lit": null, "length_m": 11.81, "type_element": "Way", "__fid": 86061}, "geometry": {"type": "LineString", "coordinates": [[2.3662703, 48.8885867], [2.3662297, 48.8885961], [2.3661549, 48.8886563]]}}, {"type": "Feature", "properties": {"highway": "footway", "footway": null, "name": null, "surface": null, "lit": null, "length_m": 69.78, "type_element": "Way", "__fid": 86176}, "geometry": {"type": "LineString", "coordinates": [[2.3666313, 48.8874332], [2.3662707, 48.8868525]]}}, {"type": "Feature", "properties": {"highway": "footway", "footway": null, "name": null, "surface": null, "lit": null, "length_m": 33.6, "type_element": "Way", "__fid": 86177}, "geometry": {"type": "LineString", "coordinates": [[2.3666966, 48.8867411], [2.3662707, 48.8868525]]}}, {"type": "Feature", "properties": {"highway": "service", "footway": null, "name": null, "surface": "asphalt", "lit": null, "length_m": 38.13, "type_element": "Way", "__fid": 86198}, "geometry": {"type": "LineString", "coordinates": [[2.3662703, 48.8885867], [2.3664726, 48.8889026]]}}, {"type": "Feature", "properties": {"highway": "footway", "footway": "sidewalk", "name": null, "surface": "concrete", "lit": "yes", "length_m": 40.56, "type_element": "Way", "__fid": 86202}, "geometry": {"type": "LineString", "coordinates": [[2.3665707, 48.88631020000001], [2.3665405, 48.8862617], [2.3663078, 48.8859897]]}}, {"type": "Feature", "properties": {"highway": "footway", "footway": "sidewalk", "name": null, "surface": null, "lit": "yes", "length_m": 26.16, "type_element": "Way", "__fid": 86255}, "geometry": {"type": "LineString", "coordinates": [[2.3667236, 48.8841913], [2.3663689, 48.8842159]]}}, {"type": "Feature", "properties": {"highway": "footway", "footway": "sidewalk", "name": null, "surface": "concrete", "lit": "yes", "length_m": 9.05, "type_element": "Way", "__fid": 86300}, "geometry": {"type": "LineString", "coordinates": [[2.366466, 48.8864494], [2.3664033, 48.8863793]]}}, {"type": "Feature", "properties": {"highway": "footway", "footway": "crossing", "name": null, "surface": "asphalt", "lit": "yes", "length_m": 14.48, "type_element": "Way", "__fid": 86301}, "geometry": {"type": "LineString", "coordinates": [[2.3665707, 48.88631020000001], [2.3664033, 48.8863793]]}}, {"type": "Feature", "properties": {"highway": "footway", "footway": "sidewalk", "name": null, "surface": "concrete", "lit": "yes", "length_m": 36.58, "type_element": "Way", "__fid": 86354}, "geometry": {"type": "LineString", "coordinates": [[2.3666966, 48.8867411], [2.366466, 48.8864494]]}}, {"type": "Feature", "properties": {"highway": "footway", "footway": null, "name": null, "surface": null, "lit": null, "length_m": 25.02, "type_element": "Way", "__fid": 86355}, "geometry": {"type": "LineString", "coordinates": [[2.366466, 48.8864494], [2.3664219, 48.88646640000001], [2.3665681, 48.8866218], [2.3665572, 48.88662630000002]]}}, {"type": "Feature", "properties": {"highway": "pedestrian", "footway": null, "name": "Passage Goix", "surface": "paving_stones", "lit": "yes", "length_m": 3.73, "type_element": "Way", "__fid": 86410}, "geometry": {"type": "LineString", "coordinates": [[2.3665628, 48.885184], [2.3665907, 48.885212]]}}, {"type": "Feature", "properties": {"highway": "footway", "footway": "sidewalk", "name": null, "surface": "asphalt", "lit": "yes", "length_m": 64.75, "type_element": "Way", "__fid": 86411}, "geometry": {"type": "LineString", "coordinates": [[2.3672969, 48.8848604], [2.3665628, 48.885184]]}}, {"type": "Feature", "properties": {"highway": "footway", "footway": null, "name": null, "surface": null, "lit": null, "length_m": 37.7, "type_element": "Way", "__fid": 86418}, "geometry": {"type": "LineString", "coordinates": [[2.3665421, 48.8874967], [2.3667523, 48.8877075], [2.3668394, 48.8877725]]}}, {"type": "Feature", "properties": {"highway": "steps", "footway": null, "name": null, "surface": null, "lit": null, "length_m": 6.7, "type_element": "Way", "__fid": 86421}, "geometry": {"type": "LineString", "coordinates": [[2.3665443, 48.8874516], [2.3666313, 48.8874332]]}}, {"type": "Feature", "properties": {"highway": "footway", "footway": "sidewalk", "name": null, "surface": "asphalt", "lit": "yes", "length_m": 3.53, "type_element": "Way", "__fid": 86424}, "geometry": {"type": "LineString", "coordinates": [[2.3666111, 48.8863274], [2.3665707, 48.88631020000001]]}}, {"type": "Feature", "properties": {"highway": "footway", "footway": "crossing", "name": null, "surface": "asphalt", "lit": "yes", "length_m": 8.74, "type_element": "Way", "__fid": 86446}, "geometry": {"type": "LineString", "coordinates": [[2.3666111, 48.8863274], [2.3666163, 48.8863475], [2.3666668, 48.8863952]]}}, {"type": "Feature", "properties": {"highway": "footway", "footway": "sidewalk", "name": null, "surface": "asphalt", "lit": null, "length_m": 135.89, "type_element": "Way", "__fid": 86447}, "geometry": {"type": "LineString", "coordinates": [[2.3682217, 48.8857277], [2.3666506, 48.88632479999998], [2.3666111, 48.8863274]]}}, {"type": "Feature", "properties": {"highway": "steps", "footway": null, "name": null, "surface": null, "lit": "24/7", "length_m": 22.92, "type_element": "Way", "__fid": 86451}, "geometry": {"type": "LineString", "coordinates": [[2.366951347794476, 48.88422284332878], [2.3666405, 48.8842442]]}}, {"type": "Feature", "properties": {"highway": "footway", "footway": null, "name": null, "surface": null, "lit": null, "length_m": 40.7, "type_element": "Way", "__fid": 86476}, "geometry": {"type": "LineString", "coordinates": [[2.3668394, 48.8877725], [2.3666313, 48.8874332]]}}, {"type": "Feature", "properties": {"highway": "footway", "footway": null, "name": null, "surface": null, "lit": null, "length_m": 24.9, "type_element": "Way", "__fid": 86477}, "geometry": {"type": "LineString", "coordinates": [[2.3666313, 48.8874332], [2.3669469, 48.8873506]]}}, {"type": "Feature", "properties": {"highway": "footway", "footway": "sidewalk", "name": null, "surface": "asphalt", "lit": "yes", "length_m": 45.64, "type_element": "Way", "__fid": 86502}, "geometry": {"type": "LineString", "coordinates": [[2.3668925, 48.8867727], [2.3668382, 48.886607800000014], [2.3667913, 48.886532], [2.3667175, 48.8864601], [2.3666668, 48.8863952]]}}, {"type": "Feature", "properties": {"highway": "footway", "footway": "sidewalk", "name": null, "surface": "asphalt", "lit": null, "length_m": 136.78, "type_element": "Way", "__fid": 86503}, "geometry": {"type": "LineString", "coordinates": [[2.3666668, 48.8863952], [2.3666974, 48.8863733], [2.36827427999976, 48.885773860000064]]}}, {"type": "Feature", "properties": {"highway": "footway", "footway": "crossing", "name": null, "surface": "asphalt", "lit": "yes", "length_m": 14.42, "type_element": "Way", "__fid": 86506}, "geometry": {"type": "LineString", "coordinates": [[2.3667005, 48.8840625], [2.3667236, 48.8841913]]}}, {"type": "Feature", "properties": {"highway": "footway", "footway": "sidewalk", "name": null, "surface": "asphalt", "lit": "yes", "length_m": 29.29, "type_element": "Way", "__fid": 86507}, "geometry": {"type": "LineString", "coordinates": [[2.3667005, 48.8840625], [2.3670978, 48.88403529999999]]}}, {"type": "Feature", "properties": {"highway": "footway", "footway": "crossing", "name": null, "surface": null, "lit": "yes", "length_m": 15.97, "type_element": "Way", "__fid": 86535}, "geometry": {"type": "LineString", "coordinates": [[2.3667236, 48.8841913], [2.3669407, 48.8841804]]}}, {"type": "Feature", "properties": {"highway": "footway", "footway": "sidewalk", "name": null, "surface": "concrete", "lit": "yes", "length_m": 8.17, "type_element": "Way", "__fid": 86536}, "geometry": {"type": "LineString", "coordinates": [[2.3667223, 48.8868126], [2.3666966, 48.8867411]]}}, {"type": "Feature", "properties": {"highway": "footway", "footway": null, "name": null, "surface": "concrete", "lit": null, "length_m": 66.51, "type_element": "Way", "__fid": 86552}, "geometry": {"type": "LineString", "coordinates": [[2.3670299, 48.88880360000001], [2.3666935, 48.8882481]]}}, {"type": "Feature", "properties": {"highway": "steps", "footway": null, "name": null, "surface": "concrete", "lit": null, "length_m": 13.77, "type_element": "Way", "__fid": 86553}, "geometry": {"type": "LineString", "coordinates": [[2.3668687, 48.8882035], [2.3666935, 48.8882481]]}}, {"type": "Feature", "properties": {"highway": "footway", "footway": "sidewalk", "name": null, "surface": "asphalt", "lit": "yes", "length_m": 15.68, "type_element": "Way", "__fid": 86563}, "geometry": {"type": "LineString", "coordinates": [[2.3667705, 48.88695], [2.3667223, 48.8868126]]}}, {"type": "Feature", "properties": {"highway": "footway", "footway": "crossing", "name": null, "surface": "asphalt", "lit": "yes", "length_m": 13.25, "type_element": "Way", "__fid": 86564}, "geometry": {"type": "LineString", "coordinates": [[2.3667223, 48.8868126], [2.3668925, 48.8867727]]}}, {"type": "Feature", "properties": {"highway": "footway", "footway": "sidewalk", "name": null, "surface": "asphalt", "lit": "yes", "length_m": 36.52, "type_element": "Way", "__fid": 86609}, "geometry": {"type": "LineString", "coordinates": [[2.3669013, 48.8872652], [2.366804, 48.887092], [2.3667705, 48.88695]]}}, {"type": "Feature", "properties": {"highway": "footway", "footway": "crossing", "name": null, "surface": "asphalt", "lit": "yes", "length_m": 13.97, "type_element": "Way", "__fid": 86610}, "geometry": {"type": "LineString", "coordinates": [[2.3669522, 48.88691210000001], [2.3667705, 48.88695]]}}, {"type": "Feature", "properties": {"highway": "footway", "footway": "sidewalk", "name": null, "surface": "asphalt", "lit": "yes", "length_m": 2.11, "type_element": "Way", "__fid": 86620}, "geometry": {"type": "LineString", "coordinates": [[2.3668151, 48.884401], [2.3668402, 48.88441019999998]]}}, {"type": "Feature", "properties": {"highway": "footway", "footway": "sidewalk", "name": null, "surface": null, "lit": "yes", "length_m": 28.84, "type_element": "Way", "__fid": 86621}, "geometry": {"type": "LineString", "coordinates": [[2.3668151, 48.884401], [2.3667605, 48.8842808], [2.3669623, 48.8842665]]}}, {"type": "Feature", "properties": {"highway": "footway", "footway": "sidewalk", "name": null, "surface": "asphalt", "lit": "yes", "length_m": 60.9, "type_element": "Way", "__fid": 86638}, "geometry": {"type": "LineString", "coordinates": [[2.3668402, 48.88441019999998], [2.3673036, 48.8848439], [2.3672969, 48.8848604]]}}, {"type": "Feature", "properties": {"highway": "footway", "footway": "crossing", "name": null, "surface": "asphalt", "lit": "yes", "length_m": 12.82, "type_element": "Way", "__fid": 86639}, "geometry": {"type": "LineString", "coordinates": [[2.3670146, 48.8844018], [2.3668402, 48.88441019999998]]}}, {"type": "Feature", "properties": {"highway": "footway", "footway": "sidewalk", "name": null, "surface": "asphalt", "lit": "yes", "length_m": 142.26, "type_element": "Way", "__fid": 86650}, "geometry": {"type": "LineString", "coordinates": [[2.3681153, 48.883624], [2.3668922, 48.882631]]}}, {"type": "Feature", "properties": {"highway": "footway", "footway": null, "name": null, "surface": "paved", "lit": null, "length_m": 12.15, "type_element": "Way", "__fid": 86659}, "geometry": {"type": "LineString", "coordinates": [[2.3668735, 48.88787940000002], [2.3668394, 48.8877725]]}}, {"type": "Feature", "properties": {"highway": "footway", "footway": null, "name": null, "surface": "paved", "lit": null, "length_m": 68.52, "type_element": "Way", "__fid": 86696}, "geometry": {"type": "LineString", "coordinates": [[2.3668687, 48.8882035], [2.3669926, 48.8884142], [2.3670299, 48.88880360000001]]}}, {"type": "Feature", "properties": {"highway": "footway", "footway": null, "name": null, "surface": "paved", "lit": null, "length_m": 36.4, "type_element": "Way", "__fid": 86697}, "geometry": {"type": "LineString", "coordinates": [[2.3668687, 48.8882035], [2.3668842, 48.888177], [2.3668582, 48.8879576], [2.3668735, 48.88787940000002]]}}, {"type": "Feature", "properties": {"highway": "footway", "footway": null, "name": null, "surface": null, "lit": null, "length_m": 69.45, "type_element": "Way", "__fid": 86698}, "geometry": {"type": "LineString", "coordinates": [[2.3672271, 48.8884578], [2.3671168, 48.88824560000001], [2.3669683, 48.8880009], [2.3668735, 48.88787940000002]]}}, {"type": "Feature", "properties": {"highway": "footway", "footway": "sidewalk", "name": null, "surface": "asphalt", "lit": "yes", "length_m": 1.83, "type_element": "Way", "__fid": 86702}, "geometry": {"type": "LineString", "coordinates": [[2.366914, 48.8867811], [2.3668925, 48.8867727]]}}, {"type": "Feature", "properties": {"highway": "footway", "footway": "sidewalk", "name": null, "surface": "asphalt", "lit": "yes", "length_m": 10.07, "type_element": "Way", "__fid": 86721}, "geometry": {"type": "LineString", "coordinates": [[2.3669469, 48.8873506], [2.3669013, 48.8872652]]}}, {"type": "Feature", "properties": {"highway": "footway", "footway": "traffic_island", "name": null, "surface": "asphalt", "lit": "yes", "length_m": 13.64, "type_element": "Way", "__fid": 86722}, "geometry": {"type": "LineString", "coordinates": [[2.3670749, 48.8872211], [2.3669013, 48.8872652]]}}, {"type": "Feature", "properties": {"highway": "footway", "footway": "sidewalk", "name": null, "surface": "asphalt", "lit": "yes", "length_m": 4.78, "type_element": "Way", "__fid": 86727}, "geometry": {"type": "LineString", "coordinates": [[2.3669407, 48.8841804], [2.366951347794476, 48.88422284332878]]}}, {"type": "Feature", "properties": {"highway": "footway", "footway": "sidewalk", "name": null, "surface": "asphalt", "lit": "yes", "length_m": 15.45, "type_element": "Way", "__fid": 86728}, "geometry": {"type": "LineString", "coordinates": [[2.3671508, 48.88417], [2.3669407, 48.8841804]]}}, {"type": "Feature", "properties": {"highway": "footway", "footway": "crossing", "name": null, "surface": "asphalt", "lit": "yes", "length_m": 8.6, "type_element": "Way", "__fid": 86734}, "geometry": {"type": "LineString", "coordinates": [[2.366914, 48.8867811], [2.3669145, 48.8868018], [2.3669529, 48.8868525]]}}, {"type": "Feature", "properties": {"highway": "footway", "footway": "sidewalk", "name": null, "surface": "asphalt", "lit": "yes", "length_m": 147.88, "type_element": "Way", "__fid": 86735}, "geometry": {"type": "LineString", "coordinates": [[2.3685019, 48.886752], [2.3682068, 48.8864672], [2.3681395, 48.8864154], [2.3680691, 48.886398], [2.367954, 48.8864077], [2.3678595, 48.886435], [2.3673888, 48.8866047], [2.3673673, 48.8866338], [2.366967, 48.8867793], [2.366914, 48.8867811]]}}, {"type": "Feature", "properties": {"highway": "footway", "footway": "sidewalk", "name": null, "surface": "asphalt", "lit": "yes", "length_m": 4.92, "type_element": "Way", "__fid": 86741}, "geometry": {"type": "LineString", "coordinates": [[2.366951347794476, 48.88422284332878], [2.3669623, 48.8842665]]}}, {"type": "Feature", "properties": {"highway": "footway", "footway": null, "name": null, "surface": null, "lit": "24/7", "length_m": 15.21, "type_element": "Way", "__fid": 86742}, "geometry": {"type": "LineString", "coordinates": [[2.367157793322843, 48.88420937339897], [2.366951347794476, 48.88422284332878]]}}, {"type": "Feature", "properties": {"highway": "footway", "footway": "crossing", "name": null, "surface": "asphalt", "lit": "yes", "length_m": 15.53, "type_element": "Way", "__fid": 86754}, "geometry": {"type": "LineString", "coordinates": [[2.3669623, 48.8842665], [2.3670146, 48.8844018]]}}, {"type": "Feature", "properties": {"highway": "footway", "footway": "sidewalk", "name": null, "surface": "asphalt", "lit": "yes", "length_m": 14.98, "type_element": "Way", "__fid": 86755}, "geometry": {"type": "LineString", "coordinates": [[2.3669623, 48.8842665], [2.3671654, 48.8842522]]}}, {"type": "Feature", "properties": {"highway": "footway", "footway": "sidewalk", "name": null, "surface": "asphalt", "lit": null, "length_m": 6.63, "type_element": "Way", "__fid": 86771}, "geometry": {"type": "LineString", "coordinates": [[2.3669522, 48.88691210000001], [2.3669529, 48.8868525]]}}, {"type": "Feature", "properties": {"highway": "footway", "footway": "sidewalk", "name": null, "surface": "asphalt", "lit": "yes", "length_m": 136.02, "type_element": "Way", "__fid": 86772}, "geometry": {"type": "LineString", "coordinates": [[2.3669529, 48.8868525], [2.3670153, 48.8868181], [2.3676731, 48.8865748], [2.3679795, 48.886472], [2.3680385, 48.88646669999998], [2.368085, 48.8864883], [2.3683959, 48.8867948]]}}, {"type": "Feature", "properties": {"highway": "footway", "footway": "sidewalk", "name": null, "surface": "asphalt", "lit": null, "length_m": 35.55, "type_element": "Way", "__fid": 86773}, "geometry": {"type": "LineString", "coordinates": [[2.3670749, 48.8872211], [2.3670578, 48.88715770000002], [2.3669522, 48.88691210000001]]}}, {"type": "Feature", "properties": {"highway": "footway", "footway": "sidewalk", "name": null, "surface": "asphalt", "lit": "yes", "length_m": 10.7, "type_element": "Way", "__fid": 86774}, "geometry": {"type": "LineString", "coordinates": [[2.3669998, 48.8874403], [2.3669469, 48.8873506]]}}, {"type": "Feature", "properties": {"highway": "footway", "footway": "sidewalk", "name": null, "surface": "asphalt", "lit": "yes", "length_m": 84.93, "type_element": "Way", "__fid": 86809}, "geometry": {"type": "LineString", "coordinates": [[2.3676704, 48.8850302], [2.3670883, 48.8844951], [2.3670146, 48.8844018]]}}, {"type": "Feature", "properties": {"highway": "footway", "footway": "sidewalk", "name": null, "surface": "asphalt", "lit": "yes", "length_m": 2.4, "type_element": "Way", "__fid": 86810}, "geometry": {"type": "LineString", "coordinates": [[2.3670472, 48.88439970000002], [2.3670146, 48.8844018]]}}, {"type": "Feature", "properties": {"highway": "footway", "footway": "sidewalk", "name": null, "surface": "asphalt", "lit": "yes", "length_m": 124.81, "type_element": "Way", "__fid": 86848}, "geometry": {"type": "LineString", "coordinates": [[2.3674263, 48.888524], [2.367079, 48.8876546], [2.3670803, 48.887592], [2.3669998, 48.8874403]]}}, {"type": "Feature", "properties": {"highway": "footway", "footway": "crossing", "name": null, "surface": "asphalt", "lit": "yes", "length_m": 12.07, "type_element": "Way", "__fid": 86849}, "geometry": {"type": "LineString", "coordinates": [[2.3671554, 48.887405], [2.3669998, 48.8874403]]}}, {"type": "Feature", "properties": {"highway": "footway", "footway": null, "name": null, "surface": "asphalt", "lit": null, "length_m": 2.34, "type_element": "Way", "__fid": 86851}, "geometry": {"type": "LineString", "coordinates": [[2.3670406, 48.884379099999975], [2.3670472, 48.88439970000002]]}}, {"type": "Feature", "properties": {"highway": "footway", "footway": "sidewalk", "name": null, "surface": "asphalt", "lit": "yes", "length_m": 161.9, "type_element": "Way", "__fid": 86856}, "geometry": {"type": "LineString", "coordinates": [[2.3670679, 48.88252689999999], [2.3673878, 48.8827697], [2.3677006, 48.883045], [2.3678977, 48.883187], [2.3684724, 48.8836492]]}}, {"type": "Feature", "properties": {"highway": "footway", "footway": "sidewalk", "name": null, "surface": "asphalt", "lit": "yes", "length_m": 34.36, "type_element": "Way", "__fid": 86859}, "geometry": {"type": "LineString", "coordinates": [[2.3675127, 48.88436460000001], [2.3670472, 48.88439970000002]]}}, {"type": "Feature", "properties": {"highway": "footway", "footway": "sidewalk", "name": null, "surface": "asphalt", "lit": "yes", "length_m": 8.98, "type_element": "Way", "__fid": 86900}, "geometry": {"type": "LineString", "coordinates": [[2.3670978, 48.88403529999999], [2.3671316, 48.88395770000002]]}}, {"type": "Feature", "properties": {"highway": "footway", "footway": "sidewalk", "name": null, "surface": "asphalt", "lit": "yes", "length_m": 7.9, "type_element": "Way", "__fid": 86901}, "geometry": {"type": "LineString", "coordinates": [[2.3670978, 48.88403529999999], [2.367205, 48.884028399999984]]}}, {"type": "Feature", "properties": {"highway": "footway", "footway": "sidewalk", "name": null, "surface": "asphalt", "lit": null, "length_m": 4.26, "type_element": "Way", "__fid": 86915}, "geometry": {"type": "LineString", "coordinates": [[2.3671118, 48.8872507], [2.3670749, 48.8872211]]}}, {"type": "Feature", "properties": {"highway": "footway", "footway": "sidewalk", "name": null, "surface": "asphalt", "lit": "yes", "length_m": 8.25, "type_element": "Way", "__fid": 86935}, "geometry": {"type": "LineString", "coordinates": [[2.3672201, 48.88400350000001], [2.3671316, 48.88395770000002]]}}, {"type": "Feature", "properties": {"highway": "footway", "footway": null, "name": null, "surface": null, "lit": "yes", "length_m": 3.24, "type_element": "Way", "__fid": 86948}, "geometry": {"type": "LineString", "coordinates": [[2.3671464, 48.884141], [2.3671508, 48.88417]]}}, {"type": "Feature", "properties": {"highway": "footway", "footway": "crossing", "name": null, "surface": "asphalt", "lit": "yes", "length_m": 12.56, "type_element": "Way", "__fid": 86950}, "geometry": {"type": "LineString", "coordinates": [[2.3671118, 48.8872507], [2.3671125, 48.887271], [2.3671594, 48.88735830000001]]}}, {"type": "Feature", "properties": {"highway": "footway", "footway": "sidewalk", "name": null, "surface": "asphalt", "lit": "yes", "length_m": 98.35, "type_element": "Way", "__fid": 86951}, "geometry": {"type": "LineString", "coordinates": [[2.3682947, 48.88684110000001], [2.3671621, 48.8872494], [2.3671118, 48.8872507]]}}, {"type": "Feature", "properties": {"highway": "footway", "footway": null, "name": null, "surface": null, "lit": "yes", "length_m": 4.41, "type_element": "Way", "__fid": 86952}, "geometry": {"type": "LineString", "coordinates": [[2.3671508, 48.88417], [2.367157793322843, 48.88420937339897]]}}, {"type": "Feature", "properties": {"highway": "footway", "footway": "sidewalk", "name": null, "surface": "asphalt", "lit": "yes", "length_m": 7.21, "type_element": "Way", "__fid": 86953}, "geometry": {"type": "LineString", "coordinates": [[2.3672489, 48.8841652], [2.3671508, 48.88417]]}}, {"type": "Feature", "properties": {"highway": "footway", "footway": null, "name": null, "surface": null, "lit": "yes", "length_m": 4.79, "type_element": "Way", "__fid": 86963}, "geometry": {"type": "LineString", "coordinates": [[2.367157793322843, 48.88420937339897], [2.3671654, 48.8842522]]}}, {"type": "Feature", "properties": {"highway": "footway", "footway": null, "name": null, "surface": null, "lit": "24/7", "length_m": 21.03, "type_element": "Way", "__fid": 86964}, "geometry": {"type": "LineString", "coordinates": [[2.3674432, 48.8841909], [2.367157793322843, 48.88420937339897]]}}, {"type": "Feature", "properties": {"highway": "footway", "footway": "sidewalk", "name": null, "surface": "asphalt", "lit": "yes", "length_m": 21.08, "type_element": "Way", "__fid": 86976}, "geometry": {"type": "LineString", "coordinates": [[2.3671654, 48.8842522], [2.3674512, 48.8842321]]}}, {"type": "Feature", "properties": {"highway": "footway", "footway": "sidewalk", "name": null, "surface": "asphalt", "lit": "yes", "length_m": 97.92, "type_element": "Way", "__fid": 86996}, "geometry": {"type": "LineString", "coordinates": [[2.367507, 48.8882545], [2.3671554, 48.887405]]}}, {"type": "Feature", "properties": {"highway": "footway", "footway": "sidewalk", "name": null, "surface": "asphalt", "lit": "yes", "length_m": 5.2, "type_element": "Way", "__fid": 86997}, "geometry": {"type": "LineString", "coordinates": [[2.3671554, 48.887405], [2.3671594, 48.88735830000001]]}}, {"type": "Feature", "properties": {"highway": "footway", "footway": "sidewalk", "name": null, "surface": "asphalt", "lit": "yes", "length_m": 101.36, "type_element": "Way", "__fid": 86999}, "geometry": {"type": "LineString", "coordinates": [[2.3671594, 48.88735830000001], [2.3671886, 48.8873382], [2.3683652, 48.8869152]]}}, {"type": "Feature", "properties": {"highway": "footway", "footway": "crossing", "name": null, "surface": "asphalt", "lit": "yes", "length_m": 15.6, "type_element": "Way", "__fid": 87000}, "geometry": {"type": "LineString", "coordinates": [[2.367205, 48.884028399999984], [2.3672321, 48.8841356], [2.3672489, 48.8841652]]}}, {"type": "Feature", "properties": {"highway": "footway", "footway": "sidewalk", "name": null, "surface": "asphalt", "lit": "yes", "length_m": 2.98, "type_element": "Way", "__fid": 87001}, "geometry": {"type": "LineString", "coordinates": [[2.367205, 48.884028399999984], [2.3672201, 48.88400350000001]]}}, {"type": "Feature", "properties": {"highway": "footway", "footway": "crossing", "name": null, "surface": "asphalt", "lit": "yes", "length_m": 14.21, "type_element": "Way", "__fid": 87014}, "geometry": {"type": "LineString", "coordinates": [[2.3672201, 48.88400350000001], [2.367413, 48.8839916]]}}, {"type": "Feature", "properties": {"highway": "footway", "footway": "sidewalk", "name": null, "surface": "asphalt", "lit": "yes", "length_m": 13.79, "type_element": "Way", "__fid": 87033}, "geometry": {"type": "LineString", "coordinates": [[2.3672489, 48.8841652], [2.3674362, 48.8841545]]}}, {"type": "Feature", "properties": {"highway": "footway", "footway": null, "name": null, "surface": "compacted", "lit": null, "length_m": 29.52, "type_element": "Way", "__fid": 87063}, "geometry": {"type": "LineString", "coordinates": [[2.3672271, 48.8884578], [2.3674003, 48.88865749999999], [2.3674528, 48.88865]]}}, {"type": "Feature", "properties": {"highway": "footway", "footway": null, "name": null, "surface": null, "lit": null, "length_m": 89.82, "type_element": "Way", "__fid": 87064}, "geometry": {"type": "LineString", "coordinates": [[2.3676196, 48.8892217], [2.3675854, 48.88912739999998], [2.3673772, 48.8887855], [2.3672271, 48.8884578]]}}, {"type": "Feature", "properties": {"highway": "footway", "footway": "crossing", "name": null, "surface": "asphalt", "lit": "yes", "length_m": 11.67, "type_element": "Way", "__fid": 87091}, "geometry": {"type": "LineString", "coordinates": [[2.3672969, 48.8848604], [2.367382, 48.8849491]]}}, {"type": "Feature", "properties": {"highway": "footway", "footway": "sidewalk", "name": null, "surface": "asphalt", "lit": "yes", "length_m": 20.73, "type_element": "Way", "__fid": 87152}, "geometry": {"type": "LineString", "coordinates": [[2.367382, 48.8849491], [2.3674337, 48.8849596], [2.3675631, 48.8850839]]}}, {"type": "Feature", "properties": {"highway": "footway", "footway": "crossing", "name": null, "surface": "asphalt", "lit": "yes", "length_m": 18.24, "type_element": "Way", "__fid": 87173}, "geometry": {"type": "LineString", "coordinates": [[2.367413, 48.8839916], [2.3674386, 48.8841231], [2.3674362, 48.8841545]]}}, {"type": "Feature", "properties": {"highway": "footway", "footway": "sidewalk", "name": null, "surface": "asphalt", "lit": "yes", "length_m": 7.38, "type_element": "Way", "__fid": 87174}, "geometry": {"type": "LineString", "coordinates": [[2.3674149, 48.8839252], [2.367413, 48.8839916]]}}, {"type": "Feature", "properties": {"highway": "footway", "footway": "sidewalk", "name": null, "surface": "asphalt", "lit": "yes", "length_m": 9.36, "type_element": "Way", "__fid": 87175}, "geometry": {"type": "LineString", "coordinates": [[2.3675406, 48.8839909], [2.367413, 48.8839916]]}}, {"type": "Feature", "properties": {"highway": "footway", "footway": "sidewalk", "name": null, "surface": "asphalt", "lit": "yes", "length_m": 9.67, "type_element": "Way", "__fid": 87176}, "geometry": {"type": "LineString", "coordinates": [[2.3674149, 48.8839252], [2.3675431, 48.8839455]]}}, {"type": "Feature", "properties": {"highway": "footway", "footway": "sidewalk", "name": null, "surface": "asphalt", "lit": "yes", "length_m": 4.08, "type_element": "Way", "__fid": 87189}, "geometry": {"type": "LineString", "coordinates": [[2.3674362, 48.8841545], [2.3674432, 48.8841909]]}}, {"type": "Feature", "properties": {"highway": "footway", "footway": "sidewalk", "name": null, "surface": "asphalt", "lit": "yes", "length_m": 21.74, "type_element": "Way", "__fid": 87190}, "geometry": {"type": "LineString", "coordinates": [[2.3674362, 48.8841545], [2.3677314, 48.8841368]]}}, {"type": "Feature", "properties": {"highway": "footway", "footway": "sidewalk", "name": null, "surface": "asphalt", "lit": "yes", "length_m": 4.62, "type_element": "Way", "__fid": 87191}, "geometry": {"type": "LineString", "coordinates": [[2.3674432, 48.8841909], [2.3674512, 48.8842321]]}}, {"type": "Feature", "properties": {"highway": "footway", "footway": "crossing", "name": null, "surface": "asphalt", "lit": "yes", "length_m": 16.2, "type_element": "Way", "__fid": 87195}, "geometry": {"type": "LineString", "coordinates": [[2.3674512, 48.8842321], [2.3674982, 48.8842635], [2.3675127, 48.88436460000001]]}}, {"type": "Feature", "properties": {"highway": "footway", "footway": "sidewalk", "name": null, "surface": "asphalt", "lit": "yes", "length_m": 21.37, "type_element": "Way", "__fid": 87196}, "geometry": {"type": "LineString", "coordinates": [[2.3674512, 48.8842321], [2.3677414, 48.8842145]]}}, {"type": "Feature", "properties": {"highway": "service", "footway": null, "name": null, "surface": "asphalt", "lit": null, "length_m": 6.94, "type_element": "Way", "__fid": 87203}, "geometry": {"type": "LineString", "coordinates": [[2.3674212, 48.88828080000001], [2.367507, 48.8882545]]}}, {"type": "Feature", "properties": {"highway": "footway", "footway": "sidewalk", "name": null, "surface": "concrete", "lit": "yes", "length_m": 14.15, "type_element": "Way", "__fid": 87217}, "geometry": {"type": "LineString", "coordinates": [[2.3674528, 48.88865], [2.3674263, 48.888524]]}}, {"type": "Feature", "properties": {"highway": "footway", "footway": "crossing", "name": null, "surface": "asphalt", "lit": "yes", "length_m": 12.9, "type_element": "Way", "__fid": 87218}, "geometry": {"type": "LineString", "coordinates": [[2.3674263, 48.888524], [2.3675966, 48.8884949]]}}, {"type": "Feature", "properties": {"highway": "footway", "footway": "sidewalk", "name": null, "surface": "concrete", "lit": "yes", "length_m": 114.61, "type_element": "Way", "__fid": 87236}, "geometry": {"type": "LineString", "coordinates": [[2.3679204, 48.889625500000015], [2.3679373, 48.88957339999999], [2.3676992, 48.8891532], [2.3674528, 48.88865]]}}, {"type": "Feature", "properties": {"highway": "footway", "footway": "sidewalk", "name": null, "surface": "asphalt", "lit": "yes", "length_m": 8.06, "type_element": "Way", "__fid": 87238}, "geometry": {"type": "LineString", "coordinates": [[2.3675127, 48.88436460000001], [2.3675779, 48.8843611], [2.367604, 48.8843849]]}}, {"type": "Feature", "properties": {"highway": "steps", "footway": null, "name": null, "surface": null, "lit": "yes", "length_m": 16.3, "type_element": "Way", "__fid": 87239}, "geometry": {"type": "LineString", "coordinates": [[2.3675152, 48.8841895], [2.3677364, 48.8841755]]}}, {"type": "Feature", "properties": {"highway": "service", "footway": null, "name": "Passage Barthélemy", "surface": null, "lit": null, "length_m": 11.6, "type_element": "Way", "__fid": 87262}, "geometry": {"type": "LineString", "coordinates": [[2.3675489, 48.88409510000001], [2.3675406, 48.8839909]]}}, {"type": "Feature", "properties": {"highway": "service", "footway": null, "name": "Passage Barthélemy", "surface": null, "lit": null, "length_m": 5.05, "type_element": "Way", "__fid": 87263}, "geometry": {"type": "LineString", "coordinates": [[2.3675406, 48.8839909], [2.3675431, 48.8839455]]}}, {"type": "Feature", "properties": {"highway": "footway", "footway": "sidewalk", "name": null, "surface": "asphalt", "lit": "yes", "length_m": 20.93, "type_element": "Way", "__fid": 87264}, "geometry": {"type": "LineString", "coordinates": [[2.367826, 48.8839887], [2.3675406, 48.8839909]]}}, {"type": "Feature", "properties": {"highway": "footway", "footway": "sidewalk", "name": null, "surface": "asphalt", "lit": "yes", "length_m": 21.3, "type_element": "Way", "__fid": 87265}, "geometry": {"type": "LineString", "coordinates": [[2.3675431, 48.8839455], [2.367826, 48.8839887]]}}, {"type": "Feature", "properties": {"highway": "service", "footway": null, "name": "Passage Barthélemy", "surface": null, "lit": null, "length_m": 55.9, "type_element": "Way", "__fid": 87266}, "geometry": {"type": "LineString", "coordinates": [[2.3675431, 48.8839455], [2.3675434, 48.8839266], [2.3676637, 48.8838547], [2.3681153, 48.883624]]}}, {"type": "Feature", "properties": {"highway": "footway", "footway": "sidewalk", "name": null, "surface": "asphalt", "lit": "yes", "length_m": 27.53, "type_element": "Way", "__fid": 87280}, "geometry": {"type": "LineString", "coordinates": [[2.3675966, 48.8884949], [2.367507, 48.8882545]]}}, {"type": "Feature", "properties": {"highway": "service", "footway": null, "name": null, "surface": null, "lit": null, "length_m": 138.2, "type_element": "Way", "__fid": 87281}, "geometry": {"type": "LineString", "coordinates": [[2.367507, 48.8882545], [2.3688751, 48.8878207], [2.3688546, 48.8877604], [2.3687366, 48.88759810000001]]}}, {"type": "Feature", "properties": {"highway": "footway", "footway": "sidewalk", "name": null, "surface": "concrete", "lit": "yes", "length_m": 68.24, "type_element": "Way", "__fid": 87289}, "geometry": {"type": "LineString", "coordinates": [[2.3675631, 48.8850839], [2.3681116, 48.8855796]]}}, {"type": "Feature", "properties": {"highway": "footway", "footway": "crossing", "name": null, "surface": "asphalt", "lit": "yes", "length_m": 10.04, "type_element": "Way", "__fid": 87290}, "geometry": {"type": "LineString", "coordinates": [[2.3676704, 48.8850302], [2.3676618, 48.8850413], [2.3675631, 48.8850839]]}}, {"type": "Feature", "properties": {"highway": "footway", "footway": "sidewalk", "name": null, "surface": "asphalt", "lit": "yes", "length_m": 42.51, "type_element": "Way", "__fid": 87324}, "geometry": {"type": "LineString", "coordinates": [[2.367604, 48.8843849], [2.3679218, 48.88467880000003], [2.3679513, 48.8846876]]}}, {"type": "Feature", "properties": {"highway": "footway", "footway": "crossing", "name": null, "surface": "asphalt", "lit": "yes", "length_m": 10.44, "type_element": "Way", "__fid": 87325}, "geometry": {"type": "LineString", "coordinates": [[2.3677422, 48.88436220000001], [2.367604, 48.8843849]]}}, {"type": "Feature", "properties": {"highway": "service", "footway": null, "name": null, "surface": null, "lit": null, "length_m": 5.81, "type_element": "Way", "__fid": 87326}, "geometry": {"type": "LineString", "coordinates": [[2.3675539, 48.8885941], [2.3676239, 48.8885696]]}}, {"type": "Feature", "properties": {"highway": "footway", "footway": "sidewalk", "name": null, "surface": "concrete", "lit": null, "length_m": 8.54, "type_element": "Way", "__fid": 87349}, "geometry": {"type": "LineString", "coordinates": [[2.3675966, 48.8884949], [2.3676239, 48.8885696]]}}, {"type": "Feature", "properties": {"highway": "footway", "footway": "sidewalk", "name": null, "surface": "concrete", "lit": null, "length_m": 37.58, "type_element": "Way", "__fid": 87366}, "geometry": {"type": "LineString", "coordinates": [[2.3676239, 48.8885696], [2.367783, 48.8888909]]}}, {"type": "Feature", "properties": {"highway": "service", "footway": null, "name": null, "surface": null, "lit": null, "length_m": 72.26, "type_element": "Way", "__fid": 87367}, "geometry": {"type": "LineString", "coordinates": [[2.3676239, 48.8885696], [2.3680592, 48.888424899999976], [2.3685108, 48.8882866]]}}, {"type": "Feature", "properties": {"highway": "footway", "footway": "sidewalk", "name": null, "surface": "asphalt", "lit": "yes", "length_m": 3.51, "type_element": "Way", "__fid": 87369}, "geometry": {"type": "LineString", "coordinates": [[2.367718, 48.8850271], [2.3676704, 48.8850302]]}}, {"type": "Feature", "properties": {"highway": "footway", "footway": "crossing", "name": null, "surface": "asphalt", "lit": "yes", "length_m": 12.09, "type_element": "Way", "__fid": 87407}, "geometry": {"type": "LineString", "coordinates": [[2.367718, 48.8850271], [2.3678769, 48.8850562]]}}, {"type": "Feature", "properties": {"highway": "footway", "footway": "sidewalk", "name": null, "surface": "asphalt", "lit": "yes", "length_m": 46.15, "type_element": "Way", "__fid": 87408}, "geometry": {"type": "LineString", "coordinates": [[2.3679513, 48.8846876], [2.3679802, 48.8847215], [2.3679788, 48.8847453], [2.3677938, 48.884831799999986], [2.3677723, 48.884856499999984], [2.367718, 48.8850271]]}}, {"type": "Feature", "properties": {"highway": "footway", "footway": "sidewalk", "name": null, "surface": "asphalt", "lit": "yes", "length_m": 4.32, "type_element": "Way", "__fid": 87409}, "geometry": {"type": "LineString", "coordinates": [[2.3677364, 48.8841755], [2.3677314, 48.8841368]]}}, {"type": "Feature", "properties": {"highway": "footway", "footway": "sidewalk", "name": null, "surface": "asphalt", "lit": "yes", "length_m": 42.16, "type_element": "Way", "__fid": 87410}, "geometry": {"type": "LineString", "coordinates": [[2.3677314, 48.8841368], [2.3680882, 48.8841174], [2.3682995, 48.884085]]}}, {"type": "Feature", "properties": {"highway": "footway", "footway": "sidewalk", "name": null, "surface": "asphalt", "lit": "yes", "length_m": 4.35, "type_element": "Way", "__fid": 87416}, "geometry": {"type": "LineString", "coordinates": [[2.3677414, 48.8842145], [2.3677364, 48.8841755]]}}, {"type": "Feature", "properties": {"highway": "footway", "footway": "crossing", "name": null, "surface": "asphalt", "lit": "yes", "length_m": 14.37, "type_element": "Way", "__fid": 87424}, "geometry": {"type": "LineString", "coordinates": [[2.3677626, 48.884343], [2.3677414, 48.8842145]]}}, {"type": "Feature", "properties": {"highway": "footway", "footway": "sidewalk", "name": null, "surface": "asphalt", "lit": "yes", "length_m": 48.6, "type_element": "Way", "__fid": 87425}, "geometry": {"type": "LineString", "coordinates": [[2.3677414, 48.8842145], [2.368174, 48.8841906], [2.3683959, 48.8841545]]}}, {"type": "Feature", "properties": {"highway": "footway", "footway": "sidewalk", "name": null, "surface": "asphalt", "lit": "yes", "length_m": 38.95, "type_element": "Way", "__fid": 87433}, "geometry": {"type": "LineString", "coordinates": [[2.3680533, 48.88464609999998], [2.3677422, 48.88436220000001]]}}, {"type": "Feature", "properties": {"highway": "footway", "footway": "sidewalk", "name": null, "surface": "asphalt", "lit": "yes", "length_m": 2.61, "type_element": "Way", "__fid": 87434}, "geometry": {"type": "LineString", "coordinates": [[2.3677422, 48.88436220000001], [2.3677626, 48.884343]]}}, {"type": "Feature", "properties": {"highway": "footway", "footway": "sidewalk", "name": null, "surface": "asphalt", "lit": "yes", "length_m": 60.54, "type_element": "Way", "__fid": 87459}, "geometry": {"type": "LineString", "coordinates": [[2.3677626, 48.884343], [2.3685852, 48.8842971]]}}, {"type": "Feature", "properties": {"highway": "footway", "footway": "sidewalk", "name": null, "surface": "asphalt", "lit": "yes", "length_m": 30.49, "type_element": "Way", "__fid": 87502}, "geometry": {"type": "LineString", "coordinates": [[2.367826, 48.8839887], [2.3682399, 48.8839627]]}}, {"type": "Feature", "properties": {"highway": "footway", "footway": "sidewalk", "name": null, "surface": "asphalt", "lit": "yes", "length_m": 57.92, "type_element": "Way", "__fid": 87551}, "geometry": {"type": "LineString", "coordinates": [[2.3682927, 48.8854888], [2.3678722, 48.8850968], [2.3678769, 48.8850562]]}}, {"type": "Feature", "properties": {"highway": "footway", "footway": "sidewalk", "name": null, "surface": "asphalt", "lit": "yes", "length_m": 43.99, "type_element": "Way", "__fid": 87552}, "geometry": {"type": "LineString", "coordinates": [[2.3678769, 48.8850562], [2.3679064, 48.8850103], [2.3683355, 48.8848116]]}}, {"type": "Feature", "properties": {"highway": "footway", "footway": "crossing", "name": null, "surface": "asphalt", "lit": "yes", "length_m": 8.79, "type_element": "Way", "__fid": 87601}, "geometry": {"type": "LineString", "coordinates": [[2.3679513, 48.8846876], [2.3680533, 48.88464609999998]]}}, {"type": "Feature", "properties": {"highway": "footway", "footway": "sidewalk", "name": null, "surface": "asphalt", "lit": "yes", "length_m": 21.33, "type_element": "Way", "__fid": 87654}, "geometry": {"type": "LineString", "coordinates": [[2.3682647, 48.884742199999984], [2.3682471, 48.8847506], [2.3681995, 48.8847497], [2.3681418, 48.8847326], [2.3680533, 48.88464609999998]]}}, {"type": "Feature", "properties": {"highway": "footway", "footway": "sidewalk", "name": null, "surface": "asphalt", "lit": "yes", "length_m": 30.82, "type_element": "Way", "__fid": 87688}, "geometry": {"type": "LineString", "coordinates": [[2.3683832, 48.8838376], [2.3681153, 48.883624]]}}, {"type": "Feature", "properties": {"highway": "service", "footway": null, "name": "Passage Barthélemy", "surface": null, "lit": null, "length_m": 10.19, "type_element": "Way", "__fid": 87689}, "geometry": {"type": "LineString", "coordinates": [[2.3681153, 48.883624], [2.3682257, 48.88356839999999]]}}, {"type": "Feature", "properties": {"highway": "footway", "footway": "sidewalk", "name": null, "surface": "asphalt", "lit": "yes", "length_m": 18.78, "type_element": "Way", "__fid": 87700}, "geometry": {"type": "LineString", "coordinates": [[2.3681116, 48.8855796], [2.3682263, 48.8857088], [2.3682217, 48.8857277]]}}, {"type": "Feature", "properties": {"highway": "footway", "footway": "crossing", "name": null, "surface": "asphalt", "lit": "yes", "length_m": 16.68, "type_element": "Way", "__fid": 87701}, "geometry": {"type": "LineString", "coordinates": [[2.3681116, 48.8855796], [2.3682927, 48.8854888]]}}, {"type": "Feature", "properties": {"highway": "footway", "footway": "crossing", "name": null, "surface": "asphalt", "lit": "yes", "length_m": 14.53, "type_element": "Way", "__fid": 87759}, "geometry": {"type": "LineString", "coordinates": [[2.3682995, 48.884085], [2.3682686, 48.8840559], [2.3682399, 48.8839627]]}}, {"type": "Feature", "properties": {"highway": "footway", "footway": "sidewalk", "name": null, "surface": "paving_stones", "lit": "yes", "length_m": 18.93, "type_element": "Way", "__fid": 87760}, "geometry": {"type": "LineString", "coordinates": [[2.3682399, 48.8839627], [2.3683935, 48.8838693], [2.3683832, 48.8838376]]}}, {"type": "Feature", "properties": {"highway": "footway", "footway": "crossing", "name": null, "surface": "asphalt", "lit": "yes", "length_m": 6.42, "type_element": "Way", "__fid": 87765}, "geometry": {"type": "LineString", "coordinates": [[2.3682217, 48.8857277], [2.36827427999976, 48.885773860000064]]}}, {"type": "Feature", "properties": {"highway": "footway", "footway": "crossing", "name": null, "surface": null, "lit": "yes", "length_m": 9.3, "type_element": "Way", "__fid": 87780}, "geometry": {"type": "LineString", "coordinates": [[2.3682647, 48.884742199999984], [2.3683355, 48.8848116]]}}, {"type": "Feature", "properties": {"highway": "footway", "footway": "sidewalk", "name": null, "surface": "asphalt", "lit": "yes", "length_m": 49.46, "type_element": "Way", "__fid": 87781}, "geometry": {"type": "LineString", "coordinates": [[2.3688128, 48.884483], [2.3682647, 48.884742199999984]]}}, {"type": "Feature", "properties": {"highway": "footway", "footway": "sidewalk", "name": null, "surface": "asphalt", "lit": "yes", "length_m": 4.04, "type_element": "Way", "__fid": 87800}, "geometry": {"type": "LineString", "coordinates": [[2.36827427999976, 48.885773860000064], [2.3682947, 48.8857692], [2.3683215, 48.88578239999999]]}}, {"type": "Feature", "properties": {"highway": "footway", "footway": "sidewalk", "name": null, "surface": "asphalt", "lit": "yes", "length_m": 10.47, "type_element": "Way", "__fid": 87808}, "geometry": {"type": "LineString", "coordinates": [[2.3683959, 48.8841545], [2.3682995, 48.884085]]}}, {"type": "Feature", "properties": {"highway": "footway", "footway": "sidewalk", "name": null, "surface": "asphalt", "lit": "yes", "length_m": 27.73, "type_element": "Way", "__fid": 87821}, "geometry": {"type": "LineString", "coordinates": [[2.3685139, 48.8856911], [2.3682927, 48.8854888]]}}, {"type": "Feature", "properties": {"highway": "footway", "footway": "crossing", "name": null, "surface": "asphalt", "lit": "yes", "length_m": 9.73, "type_element": "Way", "__fid": 87831}, "geometry": {"type": "LineString", "coordinates": [[2.3682947, 48.88684110000001], [2.3683652, 48.8869152]]}}, {"type": "Feature", "properties": {"highway": "footway", "footway": "sidewalk", "name": null, "surface": "asphalt", "lit": "yes", "length_m": 9.28, "type_element": "Way", "__fid": 87832}, "geometry": {"type": "LineString", "coordinates": [[2.3683959, 48.8867948], [2.3683865, 48.8868076], [2.3682947, 48.88684110000001]]}}, {"type": "Feature", "properties": {"highway": "footway", "footway": "sidewalk", "name": null, "surface": "asphalt", "lit": "yes", "length_m": 89.26, "type_element": "Way", "__fid": 87840}, "geometry": {"type": "LineString", "coordinates": [[2.3683215, 48.88578239999999], [2.3690189, 48.8864403]]}}, {"type": "Feature", "properties": {"highway": "footway", "footway": "crossing", "name": null, "surface": "asphalt", "lit": "yes", "length_m": 17.38, "type_element": "Way", "__fid": 87841}, "geometry": {"type": "LineString", "coordinates": [[2.3683215, 48.88578239999999], [2.3685139, 48.8856911]]}}, {"type": "Feature", "properties": {"highway": "footway", "footway": "sidewalk", "name": null, "surface": "asphalt", "lit": "yes", "length_m": 50.04, "type_element": "Way", "__fid": 87842}, "geometry": {"type": "LineString", "coordinates": [[2.3683355, 48.8848116], [2.3688902, 48.8845496]]}}, {"type": "Feature", "properties": {"highway": "footway", "footway": "crossing", "name": null, "surface": "asphalt", "lit": "yes", "length_m": 18.41, "type_element": "Way", "__fid": 87862}, "geometry": {"type": "LineString", "coordinates": [[2.3685709, 48.8837276], [2.3683832, 48.8838376]]}}, {"type": "Feature", "properties": {"highway": "footway", "footway": "crossing", "name": null, "surface": "asphalt", "lit": "yes", "length_m": 21.08, "type_element": "Way", "__fid": 87877}, "geometry": {"type": "LineString", "coordinates": [[2.3685852, 48.8842971], [2.3683959, 48.8841545]]}}, {"type": "Feature", "properties": {"highway": "footway", "footway": "sidewalk", "name": null, "surface": "asphalt", "lit": "yes", "length_m": 56.25, "type_element": "Way", "__fid": 87878}, "geometry": {"type": "LineString", "coordinates": [[2.3683652, 48.8869152], [2.3690376, 48.8866718]]}}, {"type": "Feature", "properties": {"highway": "footway", "footway": "crossing", "name": null, "surface": "asphalt", "lit": "yes", "length_m": 9.11, "type_element": "Way", "__fid": 87895}, "geometry": {"type": "LineString", "coordinates": [[2.3685019, 48.886752], [2.3683959, 48.8867948]]}}, {"type": "Feature", "properties": {"highway": "footway", "footway": "sidewalk", "name": null, "surface": "asphalt", "lit": "yes", "length_m": 11.32, "type_element": "Way", "__fid": 87924}, "geometry": {"type": "LineString", "coordinates": [[2.3684724, 48.8836492], [2.3685709, 48.8837276]]}}, {"type": "Feature", "properties": {"highway": "footway", "footway": "sidewalk", "name": null, "surface": "paving_stones", "lit": "yes", "length_m": 11.44, "type_element": "Way", "__fid": 87925}, "geometry": {"type": "LineString", "coordinates": [[2.3684724, 48.8836492], [2.3686272, 48.8836367]]}}, {"type": "Feature", "properties": {"highway": "footway", "footway": "sidewalk", "name": null, "surface": "asphalt", "lit": "yes", "length_m": 90.83, "type_element": "Way", "__fid": 87968}, "geometry": {"type": "LineString", "coordinates": [[2.3692341, 48.8863556], [2.3685139, 48.8856911]]}}, {"type": "Feature", "properties": {"highway": "footway", "footway": "sidewalk", "name": null, "surface": "asphalt", "lit": "yes", "length_m": 38.79, "type_element": "Way", "__fid": 87969}, "geometry": {"type": "LineString", "coordinates": [[2.3689672, 48.886595], [2.3685334, 48.8867551], [2.3685019, 48.886752]]}}, {"type": "Feature", "properties": {"highway": "footway", "footway": "sidewalk", "name": null, "surface": "asphalt", "lit": "yes", "length_m": 3.91, "type_element": "Way", "__fid": 88003}, "geometry": {"type": "LineString", "coordinates": [[2.3685709, 48.8837276], [2.3686169, 48.8837098]]}}, {"type": "Feature", "properties": {"highway": "footway", "footway": "sidewalk", "name": null, "surface": "asphalt", "lit": "yes", "length_m": 11.24, "type_element": "Way", "__fid": 88023}, "geometry": {"type": "LineString", "coordinates": [[2.3686842, 48.8843743], [2.3685852, 48.8842971]]}}, {"type": "Feature", "properties": {"highway": "footway", "footway": "sidewalk", "name": null, "surface": "asphalt", "lit": "yes", "length_m": 53.07, "type_element": "Way", "__fid": 88033}, "geometry": {"type": "LineString", "coordinates": [[2.3686169, 48.8837098], [2.3688812, 48.8838984], [2.3690462, 48.8839991], [2.3691528, 48.8840153]]}}, {"type": "Feature", "properties": {"highway": "footway", "footway": "sidewalk", "name": null, "surface": "asphalt", "lit": "yes", "length_m": 8.16, "type_element": "Way", "__fid": 88034}, "geometry": {"type": "LineString", "coordinates": [[2.3686169, 48.8837098], [2.3686272, 48.8836367]]}}, {"type": "Feature", "properties": {"highway": "footway", "footway": "sidewalk", "name": null, "surface": "paving_stones", "lit": "yes", "length_m": 124.92, "type_element": "Way", "__fid": 88040}, "geometry": {"type": "LineString", "coordinates": [[2.3686272, 48.8836367], [2.3687415, 48.8835555], [2.3687815, 48.883478099999984], [2.3688707, 48.883357199999985], [2.3690383, 48.8831623], [2.3690785, 48.88316540000001], [2.3691657, 48.88309490000001], [2.3691838, 48.8830702], [2.3693079, 48.8829921], [2.3695419, 48.8828752], [2.3696157, 48.882765]]}}, {"type": "Feature", "properties": {"highway": "footway", "footway": "sidewalk", "name": null, "surface": "asphalt", "lit": "yes", "length_m": 15.33, "type_element": "Way", "__fid": 88095}, "geometry": {"type": "LineString", "coordinates": [[2.3686842, 48.8843743], [2.3688128, 48.884483]]}}, {"type": "Feature", "properties": {"highway": "footway", "footway": "crossing", "name": null, "surface": "asphalt", "lit": "yes", "length_m": 19.16, "type_element": "Way", "__fid": 88096}, "geometry": {"type": "LineString", "coordinates": [[2.3686842, 48.8843743], [2.3688373, 48.8842954], [2.3688815, 48.884262200000016]]}}, {"type": "Feature", "properties": {"highway": "footway", "footway": "crossing", "name": null, "surface": "asphalt", "lit": "yes", "length_m": 9.33, "type_element": "Way", "__fid": 88187}, "geometry": {"type": "LineString", "coordinates": [[2.3688128, 48.884483], [2.3688902, 48.8845496]]}}, {"type": "Feature", "properties": {"highway": "footway", "footway": "crossing", "name": "Allées Jacques Brel", "surface": "asphalt", "lit": "yes", "length_m": 40.5, "type_element": "Way", "__fid": 88227}, "geometry": {"type": "LineString", "coordinates": [[2.3688815, 48.884262200000016], [2.3692322, 48.884543499999985]]}}, {"type": "Feature", "properties": {"highway": "footway", "footway": "crossing", "name": null, "surface": "asphalt", "lit": "yes", "length_m": 21.14, "type_element": "Way", "__fid": 88228}, "geometry": {"type": "LineString", "coordinates": [[2.3688815, 48.884262200000016], [2.3689287, 48.884226199999986], [2.3690944, 48.88413470000001]]}}, {"type": "Feature", "properties": {"highway": "footway", "footway": "sidewalk", "name": null, "surface": "asphalt", "lit": "yes", "length_m": 15.26, "type_element": "Way", "__fid": 88234}, "geometry": {"type": "LineString", "coordinates": [[2.3688902, 48.8845496], [2.3690236, 48.8846549]]}}, {"type": "Feature", "properties": {"highway": "footway", "footway": "crossing", "name": null, "surface": "asphalt", "lit": "yes", "length_m": 9.98, "type_element": "Way", "__fid": 88316}, "geometry": {"type": "LineString", "coordinates": [[2.3690376, 48.8866718], [2.3689672, 48.886595]]}}, {"type": "Feature", "properties": {"highway": "footway", "footway": "sidewalk", "name": null, "surface": "asphalt", "lit": "yes", "length_m": 18.79, "type_element": "Way", "__fid": 88317}, "geometry": {"type": "LineString", "coordinates": [[2.3690189, 48.8864403], [2.3690229, 48.8864535], [2.3689961, 48.8864857], [2.3689981, 48.8865778], [2.3689672, 48.886595]]}}, {"type": "Feature", "properties": {"highway": "footway", "footway": "sidewalk", "name": null, "surface": "asphalt", "lit": "yes", "length_m": 65.49, "type_element": "Way", "__fid": 88349}, "geometry": {"type": "LineString", "coordinates": [[2.3690236, 48.8846549], [2.369317, 48.884884], [2.3694219, 48.8849782], [2.3695382, 48.88513239999998]]}}, {"type": "Feature", "properties": {"highway": "footway", "footway": "crossing", "name": null, "surface": "asphalt", "lit": "yes", "length_m": 19.68, "type_element": "Way", "__fid": 88350}, "geometry": {"type": "LineString", "coordinates": [[2.3690236, 48.8846549], [2.3692322, 48.884543499999985]]}}, {"type": "Feature", "properties": {"highway": "footway", "footway": "crossing", "name": null, "surface": "asphalt", "lit": "yes", "length_m": 18.38, "type_element": "Way", "__fid": 88354}, "geometry": {"type": "LineString", "coordinates": [[2.3690189, 48.8864403], [2.3692341, 48.8863556]]}}, {"type": "Feature", "properties": {"highway": "footway", "footway": "sidewalk", "name": null, "surface": "concrete", "lit": "yes", "length_m": 8.26, "type_element": "Way", "__fid": 88371}, "geometry": {"type": "LineString", "coordinates": [[2.3690376, 48.8866718], [2.3690658, 48.8866643], [2.3690993, 48.8866718], [2.369133999999875, 48.886692500000116]]}}, {"type": "Feature", "properties": {"highway": "footway", "footway": "sidewalk", "name": null, "surface": null, "lit": null, "length_m": 27.26, "type_element": "Way", "__fid": 88375}, "geometry": {"type": "LineString", "coordinates": [[2.369133999999875, 48.886692500000116], [2.3690423, 48.886930100000015]]}}, {"type": "Feature", "properties": {"highway": "footway", "footway": null, "name": null, "surface": "sett", "lit": "yes", "length_m": 4.81, "type_element": "Way", "__fid": 88392}, "geometry": {"type": "LineString", "coordinates": [[2.3690944, 48.88413470000001], [2.3691571, 48.8841473]]}}, {"type": "Feature", "properties": {"highway": "footway", "footway": "sidewalk", "name": null, "surface": "paving_stones", "lit": "yes", "length_m": 5.67, "type_element": "Way", "__fid": 88393}, "geometry": {"type": "LineString", "coordinates": [[2.3691523, 48.8841009], [2.3690944, 48.88413470000001]]}}, {"type": "Feature", "properties": {"highway": "service", "footway": null, "name": "Impasse du Maroc", "surface": "sett", "lit": null, "length_m": 28.48, "type_element": "Way", "__fid": 88403}, "geometry": {"type": "LineString", "coordinates": [[2.3691681, 48.8866975], [2.3690718, 48.8869456]]}}, {"type": "Feature", "properties": {"highway": "footway", "footway": null, "name": null, "surface": "paving_stones", "lit": "yes", "length_m": 33.65, "type_element": "Way", "__fid": 88447}, "geometry": {"type": "LineString", "coordinates": [[2.3696002, 48.8840826], [2.3691528, 48.8840153]]}}, {"type": "Feature", "properties": {"highway": "footway", "footway": "sidewalk", "name": "Place de la Bataille de Stalingrad", "surface": "concrete", "lit": "yes", "length_m": 9.52, "type_element": "Way", "__fid": 88448}, "geometry": {"type": "LineString", "coordinates": [[2.3691523, 48.8841009], [2.3691528, 48.8840153]]}}, {"type": "Feature", "properties": {"highway": "footway", "footway": "sidewalk", "name": "Place de la Bataille de Stalingrad", "surface": "concrete", "lit": "yes", "length_m": 90.54, "type_element": "Way", "__fid": 88449}, "geometry": {"type": "LineString", "coordinates": [[2.3691528, 48.8840153], [2.3694417, 48.88376740000001], [2.369787, 48.8837616], [2.3700525, 48.883551099999984]]}}, {"type": "Feature", "properties": {"highway": "footway", "footway": "sidewalk", "name": "Place de la Bataille de Stalingrad", "surface": "paving_stones", "lit": "yes", "length_m": 5.17, "type_element": "Way", "__fid": 88450}, "geometry": {"type": "LineString", "coordinates": [[2.3691571, 48.8841473], [2.3691523, 48.8841009]]}}, {"type": "Feature", "properties": {"highway": "footway", "footway": null, "name": null, "surface": "sett", "lit": "yes", "length_m": 30.21, "type_element": "Way", "__fid": 88458}, "geometry": {"type": "LineString", "coordinates": [[2.3691571, 48.8841473], [2.36927, 48.8841783], [2.3695518, 48.8842223]]}}, {"type": "Feature", "properties": {"highway": "footway", "footway": "sidewalk", "name": null, "surface": "paving_stones", "lit": "yes", "length_m": 30.54, "type_element": "Way", "__fid": 88459}, "geometry": {"type": "LineString", "coordinates": [[2.3691571, 48.8841473], [2.3691594, 48.8841697], [2.3691863, 48.884215], [2.3693756, 48.8843758]]}}, {"type": "Feature", "properties": {"highway": "footway", "footway": "sidewalk", "name": null, "surface": null, "lit": null, "length_m": 27.09, "type_element": "Way", "__fid": 88462}, "geometry": {"type": "LineString", "coordinates": [[2.3691255, 48.886939800000015], [2.3692085, 48.8867024]]}}, {"type": "Feature", "properties": {"highway": "footway", "footway": "crossing", "name": null, "surface": "sett", "lit": null, "length_m": 2.56, "type_element": "Way", "__fid": 88465}, "geometry": {"type": "LineString", "coordinates": [[2.3691681, 48.8866975], [2.369133999999875, 48.886692500000116]]}}, {"type": "Feature", "properties": {"highway": "footway", "footway": "crossing", "name": null, "surface": "sett", "lit": null, "length_m": 3.01, "type_element": "Way", "__fid": 88489}, "geometry": {"type": "LineString", "coordinates": [[2.3692085, 48.8867024], [2.3691681, 48.8866975]]}}, {"type": "Feature", "properties": {"highway": "service", "footway": null, "name": "Impasse du Maroc", "surface": "sett", "lit": null, "length_m": 7.0, "type_element": "Way", "__fid": 88490}, "geometry": {"type": "LineString", "coordinates": [[2.3691925, 48.8866366], [2.3691681, 48.8866975]]}}, {"type": "Feature", "properties": {"highway": "footway", "footway": "sidewalk", "name": "Allées Jacques Brel", "surface": "asphalt", "lit": "yes", "length_m": 86.43, "type_element": "Way", "__fid": 88512}, "geometry": {"type": "LineString", "coordinates": [[2.3692322, 48.884543499999985], [2.369981266439304, 48.88514356614319]]}}, {"type": "Feature", "properties": {"highway": "footway", "footway": "crossing", "name": null, "surface": "asphalt", "lit": "yes", "length_m": 19.83, "type_element": "Way", "__fid": 88513}, "geometry": {"type": "LineString", "coordinates": [[2.3694423, 48.8844313], [2.3692322, 48.884543499999985]]}}, {"type": "Feature", "properties": {"highway": "footway", "footway": "sidewalk", "name": null, "surface": "asphalt", "lit": "yes", "length_m": 12.69, "type_element": "Way", "__fid": 88518}, "geometry": {"type": "LineString", "coordinates": [[2.3692085, 48.8867024], [2.3692931, 48.88669380000002], [2.3693132, 48.8867009], [2.3693423, 48.886733700000015], [2.369347966666819, 48.886730900000074]]}}, {"type": "Feature", "properties": {"highway": "footway", "footway": "sidewalk", "name": null, "surface": "asphalt", "lit": "yes", "length_m": 9.76, "type_element": "Way", "__fid": 88527}, "geometry": {"type": "LineString", "coordinates": [[2.3693548, 48.88637769999998], [2.3692851, 48.8863803], [2.3692341, 48.8863556]]}}, {"type": "Feature", "properties": {"highway": "footway", "footway": "sidewalk", "name": null, "surface": null, "lit": "yes", "length_m": 7.87, "type_element": "Way", "__fid": 88589}, "geometry": {"type": "LineString", "coordinates": [[2.3693756, 48.8843758], [2.3694423, 48.8844313]]}}, {"type": "Feature", "properties": {"highway": "footway", "footway": "sidewalk", "name": null, "surface": "asphalt", "lit": "yes", "length_m": 16.02, "type_element": "Way", "__fid": 88590}, "geometry": {"type": "LineString", "coordinates": [[2.3695788, 48.884383800000016], [2.3694131, 48.8843564], [2.3693756, 48.8843758]]}}, {"type": "Feature", "properties": {"highway": "footway", "footway": "sidewalk", "name": null, "surface": "concrete", "lit": "yes", "length_m": 135.42, "type_element": "Way", "__fid": 88591}, "geometry": {"type": "LineString", "coordinates": [[2.369347966666819, 48.886730900000074], [2.3700938, 48.8874535], [2.3702936, 48.887771]]}}, {"type": "Feature", "properties": {"highway": "footway", "footway": "crossing", "name": null, "surface": "asphalt", "lit": "yes", "length_m": 9.0, "type_element": "Way", "__fid": 88592}, "geometry": {"type": "LineString", "coordinates": [[2.3694487, 48.8866846], [2.369347966666819, 48.886730900000074]]}}, {"type": "Feature", "properties": {"highway": "footway", "footway": "crossing", "name": null, "surface": "asphalt", "lit": "yes", "length_m": 16.17, "type_element": "Way", "__fid": 88595}, "geometry": {"type": "LineString", "coordinates": [[2.3693548, 48.88637769999998], [2.3694862, 48.8864945]]}}, {"type": "Feature", "properties": {"highway": "footway", "footway": "sidewalk", "name": null, "surface": "asphalt", "lit": "yes", "length_m": 99.73, "type_element": "Way", "__fid": 88596}, "geometry": {"type": "LineString", "coordinates": [[2.3693548, 48.88637769999998], [2.3693991, 48.886364399999984], [2.3703217, 48.885875], [2.3703495, 48.8857931]]}}, {"type": "Feature", "properties": {"highway": "footway", "footway": "sidewalk", "name": null, "surface": null, "lit": "yes", "length_m": 87.03, "type_element": "Way", "__fid": 88628}, "geometry": {"type": "LineString", "coordinates": [[2.3694423, 48.8844313], [2.3697893, 48.8847255], [2.3701877, 48.88504020000002]]}}, {"type": "Feature", "properties": {"highway": "steps", "footway": null, "name": null, "surface": "asphalt", "lit": "yes", "length_m": 9.98, "type_element": "Way", "__fid": 88640}, "geometry": {"type": "LineString", "coordinates": [[2.3695788, 48.884383800000016], [2.3695295, 48.8843553], [2.3694611, 48.8843439]]}}, {"type": "Feature", "properties": {"highway": "footway", "footway": "sidewalk", "name": null, "surface": "asphalt", "lit": "yes", "length_m": 120.76, "type_element": "Way", "__fid": 88652}, "geometry": {"type": "LineString", "coordinates": [[2.3694487, 48.8866846], [2.369678, 48.8868927], [2.3697451, 48.886898], [2.3702024, 48.8873464], [2.3703459, 48.8875711]]}}, {"type": "Feature", "properties": {"highway": "footway", "footway": "sidewalk", "name": null, "surface": "concrete", "lit": "yes", "length_m": 23.35, "type_element": "Way", "__fid": 88653}, "geometry": {"type": "LineString", "coordinates": [[2.3694862, 48.8864945], [2.3694715, 48.886507299999984], [2.3694742, 48.8865598], [2.3694527, 48.8865986], [2.3694138, 48.8866396], [2.3694185, 48.8866572], [2.3694487, 48.8866846]]}}, {"type": "Feature", "properties": {"highway": "footway", "footway": "sidewalk", "name": null, "surface": "asphalt", "lit": "yes", "length_m": 50.37, "type_element": "Way", "__fid": 88680}, "geometry": {"type": "LineString", "coordinates": [[2.3694862, 48.8864945], [2.3700234, 48.8862122]]}}, {"type": "Feature", "properties": {"highway": "footway", "footway": null, "name": null, "surface": null, "lit": "yes", "length_m": 23.29, "type_element": "Way", "__fid": 88700}, "geometry": {"type": "LineString", "coordinates": [[2.3695382, 48.88513239999998], [2.3696265, 48.885143], [2.369783444712396, 48.88525192002844]]}}, {"type": "Feature", "properties": {"highway": "footway", "footway": "sidewalk", "name": null, "surface": "asphalt", "lit": "yes", "length_m": 3.71, "type_element": "Way", "__fid": 88701}, "geometry": {"type": "LineString", "coordinates": [[2.3695382, 48.88513239999998], [2.3695608, 48.8851623]]}}, {"type": "Feature", "properties": {"highway": "footway", "footway": null, "name": null, "surface": "sett", "lit": "yes", "length_m": 23.86, "type_element": "Way", "__fid": 88702}, "geometry": {"type": "LineString", "coordinates": [[2.3695518, 48.8842223], [2.3698684, 48.8842718]]}}, {"type": "Feature", "properties": {"highway": "footway", "footway": null, "name": null, "surface": "paving_stones", "lit": "yes", "length_m": 15.93, "type_element": "Way", "__fid": 88703}, "geometry": {"type": "LineString", "coordinates": [[2.3695518, 48.8842223], [2.3696002, 48.8840826]]}}, {"type": "Feature", "properties": {"highway": "steps", "footway": null, "name": null, "surface": "concrete", "lit": "yes", "length_m": 18.24, "type_element": "Way", "__fid": 88715}, "geometry": {"type": "LineString", "coordinates": [[2.3697351, 48.8852784], [2.369626, 48.8851958], [2.3695608, 48.8851623]]}}, {"type": "Feature", "properties": {"highway": "footway", "footway": "sidewalk", "name": null, "surface": "asphalt", "lit": "yes", "length_m": 31.77, "type_element": "Way", "__fid": 88716}, "geometry": {"type": "LineString", "coordinates": [[2.3695608, 48.8851623], [2.3695919, 48.8852035], [2.36983, 48.8853846]]}}, {"type": "Feature", "properties": {"highway": "footway", "footway": "sidewalk", "name": null, "surface": "asphalt", "lit": "yes", "length_m": 29.14, "type_element": "Way", "__fid": 88726}, "geometry": {"type": "LineString", "coordinates": [[2.3699663, 48.884442], [2.3695788, 48.884383800000016]]}}, {"type": "Feature", "properties": {"highway": "footway", "footway": "traffic_island", "name": null, "surface": "paving_stones", "lit": "yes", "length_m": 60.38, "type_element": "Way", "__fid": 88742}, "geometry": {"type": "LineString", "coordinates": [[2.3703516, 48.8829938], [2.3702141, 48.882978], [2.3701644, 48.8829465], [2.3698315, 48.8828241], [2.3696157, 48.882765]]}}, {"type": "Feature", "properties": {"highway": "footway", "footway": null, "name": null, "surface": "paving_stones", "lit": "yes", "length_m": 23.94, "type_element": "Way", "__fid": 88745}, "geometry": {"type": "LineString", "coordinates": [[2.3699184, 48.8841308], [2.3696002, 48.8840826]]}}, {"type": "Feature", "properties": {"highway": "steps", "footway": null, "name": null, "surface": "concrete", "lit": "yes", "length_m": 15.37, "type_element": "Way", "__fid": 88869}, "geometry": {"type": "LineString", "coordinates": [[2.36983, 48.8853846], [2.3698493, 48.8853735], [2.3697351, 48.8852784]]}}, {"type": "Feature", "properties": {"highway": "footway", "footway": null, "name": null, "surface": "asphalt", "lit": "yes", "length_m": 4.61, "type_element": "Way", "__fid": 88870}, "geometry": {"type": "LineString", "coordinates": [[2.3697351, 48.8852784], [2.369783444712396, 48.88525192002844]]}}, {"type": "Feature", "properties": {"highway": "footway", "footway": null, "name": null, "surface": null, "lit": "yes", "length_m": 0.69, "type_element": "Way", "__fid": 88916}, "geometry": {"type": "LineString", "coordinates": [[2.369783444712396, 48.88525192002844], [2.3697899, 48.88525640000001]]}}, {"type": "Feature", "properties": {"highway": "footway", "footway": null, "name": null, "surface": "asphalt", "lit": "yes", "length_m": 18.86, "type_element": "Way", "__fid": 88917}, "geometry": {"type": "LineString", "coordinates": [[2.369783444712396, 48.88525192002844], [2.369981266439304, 48.88514356614319]]}}, {"type": "Feature", "properties": {"highway": "footway", "footway": null, "name": null, "surface": null, "lit": "yes", "length_m": 21.38, "type_element": "Way", "__fid": 88922}, "geometry": {"type": "LineString", "coordinates": [[2.3697899, 48.88525640000001], [2.3698531, 48.8853074], [2.3698999, 48.8853662], [2.3698813, 48.8854249]]}}, {"type": "Feature", "properties": {"highway": "footway", "footway": "crossing", "name": null, "surface": null, "lit": "yes", "length_m": 18.81, "type_element": "Way", "__fid": 88923}, "geometry": {"type": "LineString", "coordinates": [[2.3697899, 48.88525640000001], [2.3699878, 48.8851488]]}}, {"type": "Feature", "properties": {"highway": "footway", "footway": "sidewalk", "name": null, "surface": "asphalt", "lit": "yes", "length_m": 5.85, "type_element": "Way", "__fid": 88956}, "geometry": {"type": "LineString", "coordinates": [[2.36983, 48.8853846], [2.3698813, 48.8854249]]}}, {"type": "Feature", "properties": {"highway": "footway", "footway": null, "name": null, "surface": "sett", "lit": "yes", "length_m": 16.6, "type_element": "Way", "__fid": 88964}, "geometry": {"type": "LineString", "coordinates": [[2.3698684, 48.8842718], [2.3700888, 48.8843059]]}}, {"type": "Feature", "properties": {"highway": "footway", "footway": null, "name": null, "surface": "paving_stones", "lit": "yes", "length_m": 16.1, "type_element": "Way", "__fid": 88965}, "geometry": {"type": "LineString", "coordinates": [[2.3698684, 48.8842718], [2.3699184, 48.8841308]]}}, {"type": "Feature", "properties": {"highway": "footway", "footway": "sidewalk", "name": null, "surface": "asphalt", "lit": "yes", "length_m": 53.43, "type_element": "Way", "__fid": 88997}, "geometry": {"type": "LineString", "coordinates": [[2.3698813, 48.8854249], [2.3703495, 48.8857931]]}}, {"type": "Feature", "properties": {"highway": "footway", "footway": null, "name": null, "surface": "paving_stones", "lit": "yes", "length_m": 29.86, "type_element": "Way", "__fid": 89009}, "geometry": {"type": "LineString", "coordinates": [[2.3703152, 48.884191], [2.3699184, 48.8841308]]}}, {"type": "Feature", "properties": {"highway": "footway", "footway": "sidewalk", "name": null, "surface": "asphalt", "lit": "yes", "length_m": 79.63, "type_element": "Way", "__fid": 89040}, "geometry": {"type": "LineString", "coordinates": [[2.370826, 48.88487940000002], [2.3699663, 48.884442]]}}, {"type": "Feature", "properties": {"highway": "footway", "footway": "crossing", "name": null, "surface": "asphalt", "lit": "yes", "length_m": 12.53, "type_element": "Way", "__fid": 89041}, "geometry": {"type": "LineString", "coordinates": [[2.3699663, 48.884442], [2.3700715, 48.8843532]]}}, {"type": "Feature", "properties": {"highway": "footway", "footway": "sidewalk", "name": "Allées Jacques Brel", "surface": "asphalt", "lit": "yes", "length_m": 0.75, "type_element": "Way", "__fid": 89054}, "geometry": {"type": "LineString", "coordinates": [[2.369981266439304, 48.88514356614319], [2.3699878, 48.8851488]]}}, {"type": "Feature", "properties": {"highway": "footway", "footway": null, "name": null, "surface": "asphalt", "lit": "yes", "length_m": 18.01, "type_element": "Way", "__fid": 89055}, "geometry": {"type": "LineString", "coordinates": [[2.369981266439304, 48.88514356614319], [2.3701614, 48.88504489999998], [2.37017012084705, 48.88504974731178]]}}, {"type": "Feature", "properties": {"highway": "footway", "footway": "sidewalk", "name": "Allées Jacques Brel", "surface": "asphalt", "lit": "yes", "length_m": 72.45, "type_element": "Way", "__fid": 89069}, "geometry": {"type": "LineString", "coordinates": [[2.3699878, 48.8851488], [2.3706159, 48.8856517]]}}, {"type": "Feature", "properties": {"highway": "footway", "footway": "crossing", "name": null, "surface": null, "lit": "yes", "length_m": 17.32, "type_element": "Way", "__fid": 89070}, "geometry": {"type": "LineString", "coordinates": [[2.37017012084705, 48.88504974731178], [2.3699878, 48.8851488]]}}, {"type": "Feature", "properties": {"highway": "footway", "footway": null, "name": null, "surface": "paving_stones", "lit": "yes", "length_m": 117.01, "type_element": "Way", "__fid": 89095}, "geometry": {"type": "LineString", "coordinates": [[2.3700525, 48.883551099999984], [2.3705226, 48.88383550000001], [2.3703982, 48.883936], [2.3703546, 48.88398560000001], [2.3708716, 48.88424050000001], [2.3708591, 48.8842574]]}}, {"type": "Feature", "properties": {"highway": "footway", "footway": "sidewalk", "name": "Place de la Bataille de Stalingrad", "surface": "concrete", "lit": "yes", "length_m": 71.33, "type_element": "Way", "__fid": 89096}, "geometry": {"type": "LineString", "coordinates": [[2.3700525, 48.883551099999984], [2.3700176, 48.8832739], [2.3701346, 48.8831185], [2.3703516, 48.8829938]]}}, {"type": "Feature", "properties": {"highway": "footway", "footway": null, "name": null, "surface": "compacted", "lit": "no", "length_m": 39.26, "type_element": "Way", "__fid": 89098}, "geometry": {"type": "LineString", "coordinates": [[2.3700234, 48.8862122], [2.3703497, 48.8864921]]}}, {"type": "Feature", "properties": {"highway": "footway", "footway": "sidewalk", "name": null, "surface": "asphalt", "lit": "yes", "length_m": 51.45, "type_element": "Way", "__fid": 89099}, "geometry": {"type": "LineString", "coordinates": [[2.3700234, 48.8862122], [2.3705182, 48.8859509], [2.3705853, 48.8859451]]}}, {"type": "Feature", "properties": {"highway": "footway", "footway": "sidewalk", "name": null, "surface": "asphalt", "lit": "yes", "length_m": 79.69, "type_element": "Way", "__fid": 89120}, "geometry": {"type": "LineString", "coordinates": [[2.3700715, 48.8843532], [2.3705542, 48.8846256], [2.370915, 48.884804400000014]]}}, {"type": "Feature", "properties": {"highway": "footway", "footway": null, "name": null, "surface": "concrete", "lit": "yes", "length_m": 5.41, "type_element": "Way", "__fid": 89121}, "geometry": {"type": "LineString", "coordinates": [[2.3700715, 48.8843532], [2.3700888, 48.8843059]]}}, {"type": "Feature", "properties": {"highway": "footway", "footway": null, "name": null, "surface": "sett", "lit": "yes", "length_m": 13.48, "type_element": "Way", "__fid": 89153}, "geometry": {"type": "LineString", "coordinates": [[2.3700888, 48.8843059], [2.3702672, 48.884335]]}}, {"type": "Feature", "properties": {"highway": "service", "footway": null, "name": null, "surface": "asphalt", "lit": null, "length_m": 37.25, "type_element": "Way", "__fid": 89197}, "geometry": {"type": "LineString", "coordinates": [[2.3705785, 48.8882576], [2.3702411, 48.8883479], [2.370109, 48.8883104]]}}, {"type": "Feature", "properties": {"highway": "footway", "footway": null, "name": null, "surface": "asphalt", "lit": "yes", "length_m": 18.95, "type_element": "Way", "__fid": 89216}, "geometry": {"type": "LineString", "coordinates": [[2.37017012084705, 48.88504974731178], [2.3702832, 48.8851126], [2.3703513, 48.88517]]}}, {"type": "Feature", "properties": {"highway": "footway", "footway": "crossing", "name": null, "surface": null, "lit": "yes", "length_m": 1.67, "type_element": "Way", "__fid": 89217}, "geometry": {"type": "LineString", "coordinates": [[2.3701877, 48.88504020000002], [2.37017012084705, 48.88504974731178]]}}, {"type": "Feature", "properties": {"highway": "footway", "footway": "sidewalk", "name": null, "surface": null, "lit": "yes", "length_m": 20.3, "type_element": "Way", "__fid": 89232}, "geometry": {"type": "LineString", "coordinates": [[2.3701877, 48.88504020000002], [2.3702587, 48.8850963], [2.3703033, 48.88510140000001], [2.3703526, 48.8851437], [2.3703513, 48.88517]]}}, {"type": "Feature", "properties": {"highway": "footway", "footway": null, "name": null, "surface": "sett", "lit": "yes", "length_m": 27.04, "type_element": "Way", "__fid": 89279}, "geometry": {"type": "LineString", "coordinates": [[2.3702672, 48.884335], [2.370625, 48.8843936]]}}, {"type": "Feature", "properties": {"highway": "footway", "footway": null, "name": null, "surface": "paving_stones", "lit": "yes", "length_m": 16.39, "type_element": "Way", "__fid": 89280}, "geometry": {"type": "LineString", "coordinates": [[2.3702672, 48.884335], [2.3703152, 48.884191]]}}, {"type": "Feature", "properties": {"highway": "pedestrian", "footway": null, "name": "Passage Marcel Landowski", "surface": "asphalt", "lit": "yes", "length_m": 6.08, "type_element": "Way", "__fid": 89314}, "geometry": {"type": "LineString", "coordinates": [[2.3703459, 48.8875711], [2.3702685, 48.8875906]]}}, {"type": "Feature", "properties": {"highway": "footway", "footway": null, "name": null, "surface": "paving_stones", "lit": "yes", "length_m": 36.26, "type_element": "Way", "__fid": 89321}, "geometry": {"type": "LineString", "coordinates": [[2.3707971, 48.88426410000002], [2.3703152, 48.884191]]}}, {"type": "Feature", "properties": {"highway": "footway", "footway": "sidewalk", "name": null, "surface": "concrete", "lit": "yes", "length_m": 36.34, "type_element": "Way", "__fid": 89349}, "geometry": {"type": "LineString", "coordinates": [[2.3702936, 48.887771], [2.3704733, 48.8880756]]}}, {"type": "Feature", "properties": {"highway": "footway", "footway": "crossing", "name": null, "surface": "asphalt", "lit": "yes", "length_m": 11.77, "type_element": "Way", "__fid": 89350}, "geometry": {"type": "LineString", "coordinates": [[2.3704431, 48.8877326], [2.3702936, 48.887771]]}}, {"type": "Feature", "properties": {"highway": "footway", "footway": "sidewalk", "name": "Promenade Jean Vigo", "surface": "paving_stones", "lit": "yes", "length_m": 29.97, "type_element": "Way", "__fid": 89351}, "geometry": {"type": "LineString", "coordinates": [[2.3706706, 48.8831316], [2.3705886, 48.8830398], [2.3703516, 48.8829938]]}}, {"type": "Feature", "properties": {"highway": "footway", "footway": "crossing", "name": null, "surface": "asphalt", "lit": "yes", "length_m": 31.26, "type_element": "Way", "__fid": 89352}, "geometry": {"type": "LineString", "coordinates": [[2.3703516, 48.8829938], [2.3704237, 48.8829238], [2.370528, 48.8827397]]}}, {"type": "Feature", "properties": {"highway": "footway", "footway": "sidewalk", "name": null, "surface": null, "lit": "yes", "length_m": 53.9, "type_element": "Way", "__fid": 89375}, "geometry": {"type": "LineString", "coordinates": [[2.3703513, 48.88517], [2.3708081, 48.8855497]]}}, {"type": "Feature", "properties": {"highway": "footway", "footway": "crossing", "name": null, "surface": null, "lit": "yes", "length_m": 24.81, "type_element": "Way", "__fid": 89389}, "geometry": {"type": "LineString", "coordinates": [[2.3703495, 48.8857931], [2.3704699, 48.8858397], [2.3705631, 48.88591250000001], [2.3705853, 48.8859451]]}}, {"type": "Feature", "properties": {"highway": "footway", "footway": "crossing", "name": null, "surface": null, "lit": "yes", "length_m": 25.08, "type_element": "Way", "__fid": 89390}, "geometry": {"type": "LineString", "coordinates": [[2.3703495, 48.8857931], [2.3706159, 48.8856517]]}}, {"type": "Feature", "properties": {"highway": "footway", "footway": null, "name": null, "surface": "compacted", "lit": "no", "length_m": 58.89, "type_element": "Way", "__fid": 89403}, "geometry": {"type": "LineString", "coordinates": [[2.3703497, 48.8864921], [2.3708725, 48.8868941]]}}, {"type": "Feature", "properties": {"highway": "footway", "footway": null, "name": null, "surface": "wood", "lit": "yes", "length_m": 55.22, "type_element": "Way", "__fid": 89404}, "geometry": {"type": "LineString", "coordinates": [[2.370939, 48.886183], [2.3703497, 48.8864921]]}}, {"type": "Feature", "properties": {"highway": "footway", "footway": "sidewalk", "name": null, "surface": "asphalt", "lit": "yes", "length_m": 19.32, "type_element": "Way", "__fid": 89411}, "geometry": {"type": "LineString", "coordinates": [[2.3703459, 48.8875711], [2.3704431, 48.8877326]]}}, {"type": "Feature", "properties": {"highway": "pedestrian", "footway": null, "name": "Passage Marcel Landowski", "surface": "asphalt", "lit": "yes", "length_m": 35.06, "type_element": "Way", "__fid": 89412}, "geometry": {"type": "LineString", "coordinates": [[2.3707913, 48.8874566], [2.3703459, 48.8875711]]}}, {"type": "Feature", "properties": {"highway": "path", "footway": null, "name": null, "surface": "grass_paver", "lit": null, "length_m": 78.9, "type_element": "Way", "__fid": 89424}, "geometry": {"type": "LineString", "coordinates": [[2.3709584, 48.8874005], [2.3709239, 48.8873495], [2.3707952, 48.8872516], [2.3707603, 48.8872137], [2.3705819, 48.8869487], [2.3703801, 48.8868133]]}}, {"type": "Feature", "properties": {"highway": "footway", "footway": "sidewalk", "name": null, "surface": "asphalt", "lit": "yes", "length_m": 36.26, "type_element": "Way", "__fid": 89471}, "geometry": {"type": "LineString", "coordinates": [[2.3704431, 48.8877326], [2.3706262, 48.88803549999999]]}}, {"type": "Feature", "properties": {"highway": "footway", "footway": "sidewalk", "name": null, "surface": "asphalt", "lit": "yes", "length_m": 38.99, "type_element": "Way", "__fid": 89485}, "geometry": {"type": "LineString", "coordinates": [[2.370528, 48.8827397], [2.3710186, 48.8828747]]}}, {"type": "Feature", "properties": {"highway": "footway", "footway": "sidewalk", "name": null, "surface": "sett", "lit": "yes", "length_m": 21.66, "type_element": "Way", "__fid": 89486}, "geometry": {"type": "LineString", "coordinates": [[2.3704733, 48.8880756], [2.3705785, 48.8882576]]}}, {"type": "Feature", "properties": {"highway": "footway", "footway": "crossing", "name": null, "surface": "asphalt", "lit": "yes", "length_m": 12.07, "type_element": "Way", "__fid": 89487}, "geometry": {"type": "LineString", "coordinates": [[2.3706262, 48.88803549999999], [2.3704733, 48.8880756]]}}, {"type": "Feature", "properties": {"highway": "footway", "footway": "sidewalk", "name": null, "surface": null, "lit": "yes", "length_m": 8.73, "type_element": "Way", "__fid": 89552}, "geometry": {"type": "LineString", "coordinates": [[2.3706992, 48.885968], [2.3705853, 48.8859451]]}}, {"type": "Feature", "properties": {"highway": "footway", "footway": null, "name": null, "surface": "paving_stones", "lit": "yes", "length_m": 9.03, "type_element": "Way", "__fid": 89570}, "geometry": {"type": "LineString", "coordinates": [[2.370625, 48.8843936], [2.3707449, 48.8844119]]}}, {"type": "Feature", "properties": {"highway": "footway", "footway": null, "name": null, "surface": "sett", "lit": "yes", "length_m": 14.92, "type_element": "Way", "__fid": 89571}, "geometry": {"type": "LineString", "coordinates": [[2.370625, 48.8843936], [2.3707081, 48.8845161]]}}, {"type": "Feature", "properties": {"highway": "footway", "footway": "sidewalk", "name": null, "surface": "asphalt", "lit": "yes", "length_m": 108.18, "type_element": "Way", "__fid": 89572}, "geometry": {"type": "LineString", "coordinates": [[2.3705785, 48.8882576], [2.3706436, 48.8883724], [2.3706678, 48.8884782], [2.3710674, 48.88912059999998], [2.3710848, 48.889168199999986]]}}, {"type": "Feature", "properties": {"highway": "service", "footway": null, "name": null, "surface": "asphalt", "lit": null, "length_m": 7.21, "type_element": "Way", "__fid": 89573}, "geometry": {"type": "LineString", "coordinates": [[2.3706694, 48.8882328], [2.3705785, 48.8882576]]}}, {"type": "Feature", "properties": {"highway": "footway", "footway": "crossing", "name": "Allées Jacques Brel", "surface": "asphalt", "lit": "yes", "length_m": 31.81, "type_element": "Way", "__fid": 89577}, "geometry": {"type": "LineString", "coordinates": [[2.3706159, 48.8856517], [2.3708958, 48.8858703]]}}, {"type": "Feature", "properties": {"highway": "footway", "footway": "crossing", "name": null, "surface": null, "lit": "yes", "length_m": 18.09, "type_element": "Way", "__fid": 89578}, "geometry": {"type": "LineString", "coordinates": [[2.3708081, 48.8855497], [2.3706159, 48.8856517]]}}, {"type": "Feature", "properties": {"highway": "footway", "footway": "sidewalk", "name": "Promenade Jean Vigo", "surface": "paving_stones", "lit": "yes", "length_m": 47.21, "type_element": "Way", "__fid": 89596}, "geometry": {"type": "LineString", "coordinates": [[2.3709851, 48.883502], [2.3706706, 48.8831316]]}}, {"type": "Feature", "properties": {"highway": "footway", "footway": "sidewalk", "name": null, "surface": "asphalt", "lit": "yes", "length_m": 20.72, "type_element": "Way", "__fid": 89597}, "geometry": {"type": "LineString", "coordinates": [[2.3709291, 48.8830895], [2.3708676, 48.883073], [2.3706706, 48.8831316]]}}, {"type": "Feature", "properties": {"highway": "footway", "footway": "sidewalk", "name": null, "surface": "asphalt", "lit": "yes", "length_m": 32.47, "type_element": "Way", "__fid": 89615}, "geometry": {"type": "LineString", "coordinates": [[2.370793, 48.888306], [2.3706262, 48.88803549999999]]}}, {"type": "Feature", "properties": {"highway": "steps", "footway": null, "name": null, "surface": "concrete", "lit": "yes", "length_m": 9.2, "type_element": "Way", "__fid": 89634}, "geometry": {"type": "LineString", "coordinates": [[2.3706964, 48.8842312], [2.3708182, 48.884251]]}}, {"type": "Feature", "properties": {"highway": "footway", "footway": null, "name": "Promenade Jeanne Moreau", "surface": "sett", "lit": "yes", "length_m": 32.26, "type_element": "Way", "__fid": 89641}, "geometry": {"type": "LineString", "coordinates": [[2.3707081, 48.8845161], [2.3707354, 48.884549], [2.3710413, 48.884701]]}}, {"type": "Feature", "properties": {"highway": "footway", "footway": null, "name": null, "surface": "paving_stones", "lit": "yes", "length_m": 11.9, "type_element": "Way", "__fid": 89642}, "geometry": {"type": "LineString", "coordinates": [[2.3707449, 48.8844119], [2.3707081, 48.8845161]]}}, {"type": "Feature", "properties": {"highway": "footway", "footway": "sidewalk", "name": null, "surface": null, "lit": "yes", "length_m": 29.68, "type_element": "Way", "__fid": 89648}, "geometry": {"type": "LineString", "coordinates": [[2.370939, 48.886183], [2.3706992, 48.885968]]}}, {"type": "Feature", "properties": {"highway": "footway", "footway": "crossing", "name": null, "surface": null, "lit": "yes", "length_m": 18.05, "type_element": "Way", "__fid": 89649}, "geometry": {"type": "LineString", "coordinates": [[2.3706992, 48.885968], [2.3708958, 48.8858703]]}}, {"type": "Feature", "properties": {"highway": "footway", "footway": null, "name": null, "surface": "paving_stones", "lit": "yes", "length_m": 16.87, "type_element": "Way", "__fid": 89673}, "geometry": {"type": "LineString", "coordinates": [[2.3707449, 48.8844119], [2.3707971, 48.88426410000002]]}}, {"type": "Feature", "properties": {"highway": "footway", "footway": null, "name": null, "surface": "paving_stones", "lit": "yes", "length_m": 19.11, "type_element": "Way", "__fid": 89674}, "geometry": {"type": "LineString", "coordinates": [[2.3708591, 48.8842574], [2.3707449, 48.8844119]]}}, {"type": "Feature", "properties": {"highway": "footway", "footway": null, "name": "Passerelle des Écluses de la Villette", "surface": "wood", "lit": "no", "length_m": 21.52, "type_element": "Way", "__fid": 89682}, "geometry": {"type": "LineString", "coordinates": [[2.3707676, 48.8837093], [2.371025153535033, 48.88361653318958]]}}, {"type": "Feature", "properties": {"highway": "service", "footway": null, "name": null, "surface": null, "lit": null, "length_m": 5.35, "type_element": "Way", "__fid": 89694}, "geometry": {"type": "LineString", "coordinates": [[2.3707251, 48.8883235], [2.370793, 48.888306]]}}, {"type": "Feature", "properties": {"highway": "footway", "footway": null, "name": null, "surface": "paving_stones", "lit": "yes", "length_m": 2.87, "type_element": "Way", "__fid": 89720}, "geometry": {"type": "LineString", "coordinates": [[2.3708182, 48.884251], [2.3708117, 48.8842663], [2.3707971, 48.88426410000002]]}}, {"type": "Feature", "properties": {"highway": "footway", "footway": null, "name": null, "surface": null, "lit": "yes", "length_m": 3.08, "type_element": "Way", "__fid": 89739}, "geometry": {"type": "LineString", "coordinates": [[2.3708182, 48.884251], [2.3708591, 48.8842574]]}}, {"type": "Feature", "properties": {"highway": "footway", "footway": "sidewalk", "name": null, "surface": null, "lit": "yes", "length_m": 23.64, "type_element": "Way", "__fid": 89742}, "geometry": {"type": "LineString", "coordinates": [[2.3708081, 48.8855497], [2.3709051, 48.8856263], [2.371031, 48.8857026]]}}, {"type": "Feature", "properties": {"highway": "service", "footway": null, "name": null, "surface": null, "lit": null, "length_m": 121.89, "type_element": "Way", "__fid": 89753}, "geometry": {"type": "LineString", "coordinates": [[2.370793, 48.888306], [2.3711777, 48.8882039], [2.3712394, 48.888147], [2.3712214, 48.8880831], [2.3707913, 48.8874566]]}}, {"type": "Feature", "properties": {"highway": "pedestrian", "footway": null, "name": "Passage Marcel Landowski", "surface": "paving_stones", "lit": "yes", "length_m": 13.75, "type_element": "Way", "__fid": 89754}, "geometry": {"type": "LineString", "coordinates": [[2.3709584, 48.8874005], [2.3707913, 48.8874566]]}}, {"type": "Feature", "properties": {"highway": "footway", "footway": "sidewalk", "name": null, "surface": "asphalt", "lit": "yes", "length_m": 83.56, "type_element": "Way", "__fid": 89758}, "geometry": {"type": "LineString", "coordinates": [[2.371730550000121, 48.88533640000003], [2.370826, 48.88487940000002]]}}, {"type": "Feature", "properties": {"highway": "footway", "footway": "crossing", "name": null, "surface": "asphalt", "lit": "yes", "length_m": 10.59, "type_element": "Way", "__fid": 89759}, "geometry": {"type": "LineString", "coordinates": [[2.370826, 48.88487940000002], [2.370915, 48.884804400000014]]}}, {"type": "Feature", "properties": {"highway": "footway", "footway": "sidewalk", "name": null, "surface": "asphalt", "lit": "yes", "length_m": 40.41, "type_element": "Way", "__fid": 89760}, "geometry": {"type": "LineString", "coordinates": [[2.3710006, 48.88864260000001], [2.370793, 48.888306]]}}, {"type": "Feature", "properties": {"highway": "footway", "footway": null, "name": null, "surface": "sett", "lit": "no", "length_m": 53.21, "type_element": "Way", "__fid": 89798}, "geometry": {"type": "LineString", "coordinates": [[2.3708725, 48.8868941], [2.3709165, 48.88692790000001], [2.3712022, 48.8873188]]}}, {"type": "Feature", "properties": {"highway": "path", "footway": null, "name": null, "surface": null, "lit": null, "length_m": 59.79, "type_element": "Way", "__fid": 89799}, "geometry": {"type": "LineString", "coordinates": [[2.3712741, 48.887297899999986], [2.3711438, 48.8870488], [2.3710164, 48.8868953], [2.3709474, 48.8868803], [2.3708725, 48.8868941]]}}, {"type": "Feature", "properties": {"highway": "footway", "footway": "sidewalk", "name": null, "surface": "asphalt", "lit": "yes", "length_m": 172.47, "type_element": "Way", "__fid": 89804}, "geometry": {"type": "LineString", "coordinates": [[2.3731151, 48.88366149999999], [2.3709291, 48.8830895]]}}, {"type": "Feature", "properties": {"highway": "footway", "footway": "sidewalk", "name": null, "surface": "asphalt", "lit": "yes", "length_m": 171.7, "type_element": "Way", "__fid": 89805}, "geometry": {"type": "LineString", "coordinates": [[2.3709291, 48.8830895], [2.3708894, 48.88314470000001], [2.3712082, 48.883525700000014], [2.3723967, 48.8841046], [2.3724951, 48.884139]]}}, {"type": "Feature", "properties": {"highway": "footway", "footway": "sidewalk", "name": null, "surface": "asphalt", "lit": "yes", "length_m": 2.52, "type_element": "Way", "__fid": 89806}, "geometry": {"type": "LineString", "coordinates": [[2.3709426, 48.8830687], [2.3709291, 48.8830895]]}}, {"type": "Feature", "properties": {"highway": "footway", "footway": null, "name": "Allées Jacques Brel", "surface": "asphalt", "lit": "yes", "length_m": 7.57, "type_element": "Way", "__fid": 89807}, "geometry": {"type": "LineString", "coordinates": [[2.3708958, 48.8858703], [2.3709606, 48.8859233]]}}, {"type": "Feature", "properties": {"highway": "footway", "footway": "sidewalk", "name": null, "surface": "asphalt", "lit": "yes", "length_m": 87.55, "type_element": "Way", "__fid": 89814}, "geometry": {"type": "LineString", "coordinates": [[2.370915, 48.884804400000014], [2.3718251, 48.8852608], [2.3718719, 48.8852733]]}}, {"type": "Feature", "properties": {"highway": "footway", "footway": null, "name": "Promenade Jeanne Moreau", "surface": "sett", "lit": "no", "length_m": 14.76, "type_element": "Way", "__fid": 89815}, "geometry": {"type": "LineString", "coordinates": [[2.370915, 48.884804400000014], [2.3710413, 48.884701]]}}, {"type": "Feature", "properties": {"highway": "steps", "footway": null, "name": null, "surface": "asphalt", "lit": "yes", "length_m": 8.15, "type_element": "Way", "__fid": 89822}, "geometry": {"type": "LineString", "coordinates": [[2.3709426, 48.8830687], [2.3710458, 48.883096]]}}, {"type": "Feature", "properties": {"highway": "footway", "footway": "sidewalk", "name": null, "surface": "asphalt", "lit": "yes", "length_m": 22.69, "type_element": "Way", "__fid": 89823}, "geometry": {"type": "LineString", "coordinates": [[2.3709426, 48.8830687], [2.3709355, 48.883023], [2.3710186, 48.8828747]]}}, {"type": "Feature", "properties": {"highway": "footway", "footway": "sidewalk", "name": null, "surface": null, "lit": "yes", "length_m": 59.74, "type_element": "Way", "__fid": 89851}, "geometry": {"type": "LineString", "coordinates": [[2.3714391, 48.8866071], [2.370939, 48.886183]]}}, {"type": "Feature", "properties": {"highway": "footway", "footway": null, "name": null, "surface": "wood", "lit": "yes", "length_m": 9.33, "type_element": "Way", "__fid": 89852}, "geometry": {"type": "LineString", "coordinates": [[2.3710389, 48.886131], [2.370939, 48.886183]]}}, {"type": "Feature", "properties": {"highway": "steps", "footway": null, "name": null, "surface": "paving_stones", "lit": "yes", "length_m": 12.59, "type_element": "Way", "__fid": 89867}, "geometry": {"type": "LineString", "coordinates": [[2.3710705, 48.8836002], [2.3709851, 48.883502]]}}, {"type": "Feature", "properties": {"highway": "footway", "footway": "sidewalk", "name": "Promenade Jean Vigo", "surface": "paving_stones", "lit": "yes", "length_m": 14.45, "type_element": "Way", "__fid": 89868}, "geometry": {"type": "LineString", "coordinates": [[2.371025153535033, 48.88361653318958], [2.3709589, 48.8835415], [2.3709851, 48.883502]]}}, {"type": "Feature", "properties": {"highway": "footway", "footway": null, "name": "Allées Jacques Brel", "surface": "asphalt", "lit": "yes", "length_m": 81.39, "type_element": "Way", "__fid": 89872}, "geometry": {"type": "LineString", "coordinates": [[2.3709606, 48.8859233], [2.3716565, 48.8864935]]}}, {"type": "Feature", "properties": {"highway": "footway", "footway": "crossing", "name": null, "surface": null, "lit": "yes", "length_m": 17.48, "type_element": "Way", "__fid": 89873}, "geometry": {"type": "LineString", "coordinates": [[2.3711473, 48.8858256], [2.3709606, 48.8859233]]}}, {"type": "Feature", "properties": {"highway": "pedestrian", "footway": null, "name": "Rue Suzanne Masson", "surface": "paving_stones", "lit": "yes", "length_m": 5.51, "type_element": "Way", "__fid": 89874}, "geometry": {"type": "LineString", "coordinates": [[2.3710006, 48.88864260000001], [2.3709295, 48.88865850000001]]}}, {"type": "Feature", "properties": {"highway": "pedestrian", "footway": null, "name": "Passage Marcel Landowski", "surface": "paving_stones", "lit": "yes", "length_m": 20.05, "type_element": "Way", "__fid": 89879}, "geometry": {"type": "LineString", "coordinates": [[2.3712022, 48.8873188], [2.3709584, 48.8874005]]}}, {"type": "Feature", "properties": {"highway": "footway", "footway": "sidewalk", "name": null, "surface": "asphalt", "lit": "yes", "length_m": 30.01, "type_element": "Way", "__fid": 89886}, "geometry": {"type": "LineString", "coordinates": [[2.3710186, 48.8828747], [2.3713996, 48.8829731]]}}, {"type": "Feature", "properties": {"highway": "footway", "footway": "sidewalk", "name": "Promenade Jean Vigo", "surface": "paving_stones", "lit": "yes", "length_m": 11.68, "type_element": "Way", "__fid": 89905}, "geometry": {"type": "LineString", "coordinates": [[2.3711053, 48.8837073], [2.371025153535033, 48.88361653318958]]}}, {"type": "Feature", "properties": {"highway": "footway", "footway": null, "name": "Passerelle des Écluses de la Villette", "surface": "wood", "lit": "no", "length_m": 3.79, "type_element": "Way", "__fid": 89906}, "geometry": {"type": "LineString", "coordinates": [[2.371025153535033, 48.88361653318958], [2.3710705, 48.8836002]]}}, {"type": "Feature", "properties": {"highway": "footway", "footway": null, "name": "Promenade Jeanne Moreau", "surface": "sett", "lit": "yes", "length_m": 46.98, "type_element": "Way", "__fid": 89924}, "geometry": {"type": "LineString", "coordinates": [[2.3710413, 48.884701], [2.3715533, 48.8849549]]}}, {"type": "Feature", "properties": {"highway": "footway", "footway": "crossing", "name": null, "surface": null, "lit": "yes", "length_m": 8.85, "type_element": "Way", "__fid": 89925}, "geometry": {"type": "LineString", "coordinates": [[2.371031, 48.8857026], [2.3710994, 48.8857682]]}}, {"type": "Feature", "properties": {"highway": "footway", "footway": "sidewalk", "name": null, "surface": null, "lit": "yes", "length_m": 65.5, "type_element": "Way", "__fid": 89926}, "geometry": {"type": "LineString", "coordinates": [[2.371031, 48.8857026], [2.371730550000121, 48.88533640000003]]}}, {"type": "Feature", "properties": {"highway": "footway", "footway": "sidewalk", "name": null, "surface": "asphalt", "lit": "yes", "length_m": 56.43, "type_element": "Way", "__fid": 89929}, "geometry": {"type": "LineString", "coordinates": [[2.3713195, 48.889099], [2.3712699, 48.8890734], [2.3710006, 48.88864260000001]]}}, {"type": "Feature", "properties": {"highway": "pedestrian", "footway": null, "name": "Rue Suzanne Masson", "surface": "paving_stones", "lit": "yes", "length_m": 41.98, "type_element": "Way", "__fid": 89930}, "geometry": {"type": "LineString", "coordinates": [[2.3714596, 48.8884344], [2.3712632, 48.8885763], [2.3710006, 48.88864260000001]]}}, {"type": "Feature", "properties": {"highway": "steps", "footway": null, "name": null, "surface": "paving_stones", "lit": "yes", "length_m": 13.74, "type_element": "Way", "__fid": 89935}, "geometry": {"type": "LineString", "coordinates": [[2.3710705, 48.8836002], [2.3711346, 48.8836715], [2.3711053, 48.8837073]]}}, {"type": "Feature", "properties": {"highway": "footway", "footway": "sidewalk", "name": "Promenade Jean Vigo", "surface": "paving_stones", "lit": "yes", "length_m": 101.02, "type_element": "Way", "__fid": 89974}, "geometry": {"type": "LineString", "coordinates": [[2.3721128, 48.8843117], [2.3713012, 48.8839054], [2.3711053, 48.8837073]]}}, {"type": "Feature", "properties": {"highway": "footway", "footway": "sidewalk", "name": null, "surface": null, "lit": "yes", "length_m": 7.29, "type_element": "Way", "__fid": 90003}, "geometry": {"type": "LineString", "coordinates": [[2.3711473, 48.8858256], [2.3710994, 48.8857682]]}}, {"type": "Feature", "properties": {"highway": "footway", "footway": "sidewalk", "name": null, "surface": "asphalt", "lit": "yes", "length_m": 67.31, "type_element": "Way", "__fid": 90004}, "geometry": {"type": "LineString", "coordinates": [[2.3710994, 48.8857682], [2.3711412, 48.8857374], [2.371818, 48.8853927]]}}, {"type": "Feature", "properties": {"highway": "footway", "footway": "sidewalk", "name": null, "surface": null, "lit": "yes", "length_m": 79.89, "type_element": "Way", "__fid": 90040}, "geometry": {"type": "LineString", "coordinates": [[2.3718377, 48.8863814], [2.3711473, 48.8858256]]}}, {"type": "Feature", "properties": {"highway": "pedestrian", "footway": null, "name": "Passage Marcel Landowski", "surface": "paving_stones", "lit": "yes", "length_m": 5.76, "type_element": "Way", "__fid": 90104}, "geometry": {"type": "LineString", "coordinates": [[2.3712741, 48.887297899999986], [2.3712022, 48.8873188]]}}, {"type": "Feature", "properties": {"highway": "pedestrian", "footway": null, "name": "Passage Marcel Landowski", "surface": "asphalt", "lit": "yes", "length_m": 60.29, "type_element": "Way", "__fid": 90152}, "geometry": {"type": "LineString", "coordinates": [[2.3720263, 48.887079], [2.3712741, 48.887297899999986]]}}, {"type": "Feature", "properties": {"highway": "footway", "footway": "sidewalk", "name": null, "surface": "asphalt", "lit": "yes", "length_m": 34.51, "type_element": "Way", "__fid": 90230}, "geometry": {"type": "LineString", "coordinates": [[2.3713996, 48.8829731], [2.3714539, 48.883001600000014], [2.3718296, 48.88309440000001]]}}, {"type": "Feature", "properties": {"highway": "footway", "footway": "sidewalk", "name": null, "surface": "asphalt", "lit": "yes", "length_m": 36.05, "type_element": "Way", "__fid": 90231}, "geometry": {"type": "LineString", "coordinates": [[2.3717313, 48.882739], [2.3715042, 48.88286380000002], [2.3713996, 48.8829731]]}}, {"type": "Feature", "properties": {"highway": "footway", "footway": "sidewalk", "name": null, "surface": null, "lit": "yes", "length_m": 67.88, "type_element": "Way", "__fid": 90288}, "geometry": {"type": "LineString", "coordinates": [[2.3720263, 48.887079], [2.3714391, 48.8866071]]}}, {"type": "Feature", "properties": {"highway": "footway", "footway": "crossing", "name": null, "surface": null, "lit": "yes", "length_m": 20.34, "type_element": "Way", "__fid": 90289}, "geometry": {"type": "LineString", "coordinates": [[2.3714391, 48.8866071], [2.3716565, 48.8864935]]}}, {"type": "Feature", "properties": {"highway": "service", "footway": null, "name": null, "surface": null, "lit": null, "length_m": 73.83, "type_element": "Way", "__fid": 90337}, "geometry": {"type": "LineString", "coordinates": [[2.3718936, 48.8890335], [2.3714596, 48.8884344]]}}, {"type": "Feature", "properties": {"highway": "pedestrian", "footway": null, "name": "Rue Suzanne Masson", "surface": "paving_stones", "lit": "yes", "length_m": 41.91, "type_element": "Way", "__fid": 90338}, "geometry": {"type": "LineString", "coordinates": [[2.371965, 48.88826319999998], [2.3714923, 48.8884108], [2.3714596, 48.8884344]]}}]}