{"type": "FeatureCollection", "features": [{"type": "Feature", "properties": {"@id": "node/918204483", "amenity": "drinking_water", "fixme": "verifier la position", "man_made": "water_tap", "source": "Eau de Paris", "type_element": "Fontaines à boire", "__fid": 182}, "geometry": {"type": "Point", "coordinates": [2.3739136, 48.8898369]}, "id": "node/918204483"}, {"type": "Feature", "properties": {"@id": "node/2448107894", "amenity": "drinking_water", "type_element": "Fontaines à boire", "__fid": 351}, "geometry": {"type": "Point", "coordinates": [2.3790769, 48.8888918]}, "id": "node/2448107894"}, {"type": "Feature", "geometry": {"type": "Point", "coordinates": [2.372625, 48.889077]}, "properties": {"id": 2657, "name": "Jardin de l’Îlot Riquet", "categorie": "Parcs, jardins et bois", "photo_url": "https://cdn.paris.fr/eqpts-prod/2025/09/08/65dfd6adc467d69d8da0b3320a5afe19.jpg", "photo_credit": "Sonia Yassa / Ville de Paris", "photo_alt": null, "address_street": "2, rue du Docteur-Lamaze", "address_postcode": "75019", "address_city": "PARIS", "phone": null, "accessibility": "{\"handicaps\": [{\"name\": \"Personnes à mobilité réduite\", \"status\": \"accessible\"}, {\"name\": \"Personnes déficientes visuelles\", \"status\": \"undefined\"}, {\"name\": \"Personnes déficientes auditives\", \"status\": \"undefined\"}, {\"name\": \"Personnes déficientes mentales\", \"status\": \"undefined\"}, {\"name\": \"Accueil en langue des signes\", \"status\": \"non_accessible\"}], \"additional_info\": \"<p>Espace vert dont l’accessibilité est limitée à certaines zones pour les personnes à mobilité réduite. </p>\"}", "latitude": 48.889077, "longitude": 2.372625, "url": "https://www.paris.fr/lieux/jardin-de-l-ilot-riquet-2657", "type_element": "Parcs, Jardins et Bois", "__fid": 1187}}, {"type": "Feature", "geometry": {"type": "Point", "coordinates": [2.379015, 48.889335]}, "properties": {"id": 2645, "name": "Square Serge Reggiani", "categorie": "Parcs, jardins et bois", "photo_url": "https://cdn.paris.fr/eqpts-prod/2022/05/10/cdb4d8c0be52f731df1ca33f89e1dc05.jpg", "photo_credit": "Clement Dorval / Ville de Paris", "photo_alt": null, "address_street": "place de Bitche", "address_postcode": "75019", "address_city": "Paris", "phone": null, "accessibility": "{\"handicaps\": [{\"name\": \"Personnes à mobilité réduite\", \"status\": \"accessible\"}, {\"name\": \"Personnes déficientes visuelles\", \"status\": \"undefined\"}, {\"name\": \"Personnes déficientes auditives\", \"status\": \"undefined\"}, {\"name\": \"Personnes déficientes mentales\", \"status\": \"undefined\"}, {\"name\": \"Accueil en langue des signes\", \"status\": \"non_accessible\"}]}", "latitude": 48.889335, "longitude": 2.379015, "url": "https://www.paris.fr/lieux/square-serge-reggiani-2645", "type_element": "Parcs, Jardins et Bois", "__fid": 1240}}, {"type": "Feature", "geometry": {"type": "Point", "coordinates": [2.375062, 48.890739]}, "properties": {"id": 2946, "name": "Piscine Mathis", "categorie": "Piscines", "photo_url": "https://cdn.paris.fr/eqpts-prod/2023/07/05/b70daf1eac45c525522fe50bfa53c7a6.jpg", "photo_credit": null, "photo_alt": null, "address_street": "15, rue Mathis", "address_postcode": "75019", "address_city": "PARIS", "phone": "0140345100", "accessibility": "{\"handicaps\": [{\"name\": \"Personnes à mobilité réduite\", \"status\": \"undefined\"}, {\"name\": \"Personnes déficientes visuelles\", \"status\": \"undefined\"}, {\"name\": \"Personnes déficientes auditives\", \"status\": \"undefined\"}, {\"name\": \"Personnes déficientes mentales\", \"status\": \"undefined\"}, {\"name\": \"Accueil en langue des signes\", \"status\": \"undefined\"}]}", "latitude": 48.890739, "longitude": 2.375062, "url": "https://www.paris.fr/lieux/piscine-mathis-2946", "type_element": "Piscines", "__fid": 1667}}, {"type": "Feature", "properties": {"highway": "footway", "footway": null, "name": null, "surface": "sett", "lit": null, "length_m": 227.56, "type_element": "Way", "__fid": 88064}, "geometry": {"type": "LineString", "coordinates": [[2.3685661, 48.890511], [2.3715777, 48.8900171]]}}, {"type": "Feature", "properties": {"highway": "footway", "footway": "sidewalk", "name": null, "surface": "asphalt", "lit": "yes", "length_m": 226.3, "type_element": "Way", "__fid": 88893}, "geometry": {"type": "LineString", "coordinates": [[2.3696664, 48.8929159], [2.3701092, 48.89280150000001], [2.3716662, 48.8923567], [2.3725111, 48.892126900000015]]}}, {"type": "Feature", "properties": {"highway": "footway", "footway": "sidewalk", "name": null, "surface": "asphalt", "lit": "yes", "length_m": 186.21, "type_element": "Way", "__fid": 89254}, "geometry": {"type": "LineString", "coordinates": [[2.372455466666472, 48.89204870000005], [2.3724514, 48.892043700000016], [2.370124, 48.8926994]]}}, {"type": "Feature", "properties": {"highway": "footway", "footway": "sidewalk", "name": null, "surface": null, "lit": "yes", "length_m": 109.55, "type_element": "Way", "__fid": 89431}, "geometry": {"type": "LineString", "coordinates": [[2.3703067, 48.8941888], [2.3703331, 48.894162], [2.3704136, 48.8941325], [2.371640299999792, 48.89375520000004]]}}, {"type": "Feature", "properties": {"highway": "footway", "footway": "sidewalk", "name": null, "surface": "asphalt", "lit": "yes", "length_m": 102.35, "type_element": "Way", "__fid": 89847}, "geometry": {"type": "LineString", "coordinates": [[2.370826, 48.8945306], [2.3714892, 48.8949529], [2.3717091, 48.895079], [2.3718064, 48.8951284], [2.371862, 48.8951429]]}}, {"type": "Feature", "properties": {"highway": "footway", "footway": "sidewalk", "name": null, "surface": null, "lit": "yes", "length_m": 144.0, "type_element": "Way", "__fid": 90280}, "geometry": {"type": "LineString", "coordinates": [[2.37315996666664, 48.89374596666667], [2.3713381, 48.89422960000001]]}}, {"type": "Feature", "properties": {"highway": "footway", "footway": "sidewalk", "name": null, "surface": "asphalt", "lit": "yes", "length_m": 39.49, "type_element": "Way", "__fid": 90299}, "geometry": {"type": "LineString", "coordinates": [[2.3715777, 48.8900171], [2.3714121, 48.88967920000001]]}}, {"type": "Feature", "properties": {"highway": "footway", "footway": "crossing", "name": null, "surface": "asphalt", "lit": "yes", "length_m": 12.58, "type_element": "Way", "__fid": 90300}, "geometry": {"type": "LineString", "coordinates": [[2.3714121, 48.88967920000001], [2.3715153, 48.8896519], [2.3715757, 48.8896527]]}}, {"type": "Feature", "properties": {"highway": "service", "footway": null, "name": null, "surface": null, "lit": null, "length_m": 73.83, "type_element": "Way", "__fid": 90337}, "geometry": {"type": "LineString", "coordinates": [[2.3718936, 48.8890335], [2.3714596, 48.8884344]]}}, {"type": "Feature", "properties": {"highway": "footway", "footway": "sidewalk", "name": null, "surface": null, "lit": "yes", "length_m": 17.42, "type_element": "Way", "__fid": 90342}, "geometry": {"type": "LineString", "coordinates": [[2.371616059999803, 48.89371506000003], [2.3713991, 48.8937789]]}}, {"type": "Feature", "properties": {"highway": "footway", "footway": "sidewalk", "name": null, "surface": "asphalt", "lit": "yes", "length_m": 130.5, "type_element": "Way", "__fid": 90343}, "geometry": {"type": "LineString", "coordinates": [[2.3730454, 48.8938885], [2.3730227, 48.8938843], [2.3729745, 48.8938931], [2.3713944, 48.89431759999998]]}}, {"type": "Feature", "properties": {"highway": "footway", "footway": null, "name": "Villa Curial", "surface": null, "lit": null, "length_m": 26.17, "type_element": "Way", "__fid": 90365}, "geometry": {"type": "LineString", "coordinates": [[2.3718282, 48.8906603], [2.3714836, 48.8907214]]}}, {"type": "Feature", "properties": {"highway": "footway", "footway": "sidewalk", "name": null, "surface": "asphalt", "lit": "yes", "length_m": 21.65, "type_element": "Way", "__fid": 90368}, "geometry": {"type": "LineString", "coordinates": [[2.3715006, 48.88945789999999], [2.3716696, 48.8896175]]}}, {"type": "Feature", "properties": {"highway": "footway", "footway": "sidewalk", "name": null, "surface": "sett", "lit": "yes", "length_m": 22.35, "type_element": "Way", "__fid": 90369}, "geometry": {"type": "LineString", "coordinates": [[2.3715757, 48.8896527], [2.3715006, 48.88945789999999]]}}, {"type": "Feature", "properties": {"highway": "footway", "footway": "crossing", "name": null, "surface": "asphalt", "lit": "yes", "length_m": 13.75, "type_element": "Way", "__fid": 90370}, "geometry": {"type": "LineString", "coordinates": [[2.3716427, 48.889378499999985], [2.3715502, 48.889420800000025], [2.3715006, 48.88945789999999]]}}, {"type": "Feature", "properties": {"highway": "footway", "footway": "crossing", "name": null, "surface": "asphalt", "lit": "yes", "length_m": 16.35, "type_element": "Way", "__fid": 90404}, "geometry": {"type": "LineString", "coordinates": [[2.3715515, 48.8891263], [2.3716401, 48.8892612]]}}, {"type": "Feature", "properties": {"highway": "footway", "footway": "sidewalk", "name": null, "surface": "asphalt", "lit": "yes", "length_m": 27.13, "type_element": "Way", "__fid": 90405}, "geometry": {"type": "LineString", "coordinates": [[2.3718936, 48.8890335], [2.3715515, 48.8891263]]}}, {"type": "Feature", "properties": {"highway": "footway", "footway": "sidewalk", "name": null, "surface": "asphalt", "lit": "yes", "length_m": 68.37, "type_element": "Way", "__fid": 90415}, "geometry": {"type": "LineString", "coordinates": [[2.3715757, 48.8896527], [2.371573, 48.8897021], [2.3718412, 48.8902391]]}}, {"type": "Feature", "properties": {"highway": "footway", "footway": "sidewalk", "name": null, "surface": "asphalt", "lit": "yes", "length_m": 8.29, "type_element": "Way", "__fid": 90416}, "geometry": {"type": "LineString", "coordinates": [[2.3716696, 48.8896175], [2.3716079, 48.8896281], [2.3715757, 48.8896527]]}}, {"type": "Feature", "properties": {"highway": "footway", "footway": "sidewalk", "name": null, "surface": "asphalt", "lit": "yes", "length_m": 29.72, "type_element": "Way", "__fid": 90424}, "geometry": {"type": "LineString", "coordinates": [[2.3717004, 48.8902718], [2.3715777, 48.8900171]]}}, {"type": "Feature", "properties": {"highway": "footway", "footway": null, "name": null, "surface": "paving_stones", "lit": null, "length_m": 5.19, "type_element": "Way", "__fid": 90425}, "geometry": {"type": "LineString", "coordinates": [[2.3715777, 48.8900171], [2.3716464, 48.8900058]]}}, {"type": "Feature", "properties": {"highway": "footway", "footway": "sidewalk", "name": null, "surface": "asphalt", "lit": "yes", "length_m": 13.67, "type_element": "Way", "__fid": 90471}, "geometry": {"type": "LineString", "coordinates": [[2.3716427, 48.889378499999985], [2.3716146, 48.8893], [2.3716401, 48.8892612]]}}, {"type": "Feature", "properties": {"highway": "footway", "footway": "sidewalk", "name": null, "surface": "asphalt", "lit": "yes", "length_m": 69.96, "type_element": "Way", "__fid": 90472}, "geometry": {"type": "LineString", "coordinates": [[2.3716401, 48.8892612], [2.3717313, 48.889229], [2.372509, 48.88900180000002]]}}, {"type": "Feature", "properties": {"highway": "footway", "footway": "sidewalk", "name": null, "surface": "asphalt", "lit": "yes", "length_m": 21.26, "type_element": "Way", "__fid": 90477}, "geometry": {"type": "LineString", "coordinates": [[2.3718412, 48.8895178], [2.3716427, 48.889378499999985]]}}, {"type": "Feature", "properties": {"highway": "footway", "footway": "crossing", "name": null, "surface": null, "lit": null, "length_m": 4.8, "type_element": "Way", "__fid": 90495}, "geometry": {"type": "LineString", "coordinates": [[2.371640299999792, 48.89375520000004], [2.371616059999803, 48.89371506000003]]}}, {"type": "Feature", "properties": {"highway": "footway", "footway": "sidewalk", "name": null, "surface": "asphalt", "lit": "yes", "length_m": 113.39, "type_element": "Way", "__fid": 90496}, "geometry": {"type": "LineString", "coordinates": [[2.3730113, 48.8932763], [2.3729195, 48.8933138], [2.371616059999803, 48.89371506000003]]}}, {"type": "Feature", "properties": {"highway": "footway", "footway": "sidewalk", "name": null, "surface": "asphalt", "lit": "yes", "length_m": 120.67, "type_element": "Way", "__fid": 90503}, "geometry": {"type": "LineString", "coordinates": [[2.3727518, 48.89043490000001], [2.3720813, 48.8899208], [2.3716696, 48.8896175]]}}, {"type": "Feature", "properties": {"highway": "footway", "footway": "crossing", "name": null, "surface": "asphalt", "lit": "yes", "length_m": 17.0, "type_element": "Way", "__fid": 90504}, "geometry": {"type": "LineString", "coordinates": [[2.3718412, 48.8895178], [2.3717393, 48.88956019999998], [2.3716696, 48.8896175]]}}, {"type": "Feature", "properties": {"highway": "footway", "footway": "sidewalk", "name": null, "surface": "asphalt", "lit": "yes", "length_m": 113.2, "type_element": "Way", "__fid": 90522}, "geometry": {"type": "LineString", "coordinates": [[2.371640299999792, 48.89375520000004], [2.3719016, 48.8936965], [2.3730536, 48.8933473]]}}, {"type": "Feature", "properties": {"highway": "footway", "footway": "sidewalk", "name": null, "surface": "asphalt", "lit": "yes", "length_m": 43.53, "type_element": "Way", "__fid": 90539}, "geometry": {"type": "LineString", "coordinates": [[2.3718224, 48.890643900000015], [2.3716763, 48.89035550000001], [2.3717071, 48.8902929], [2.3717004, 48.8902718]]}}, {"type": "Feature", "properties": {"highway": "footway", "footway": "crossing", "name": null, "surface": "asphalt", "lit": "yes", "length_m": 10.95, "type_element": "Way", "__fid": 90540}, "geometry": {"type": "LineString", "coordinates": [[2.3717004, 48.8902718], [2.3718412, 48.8902391]]}}, {"type": "Feature", "properties": {"highway": "service", "footway": null, "name": "Villa Curial", "surface": null, "lit": null, "length_m": 8.86, "type_element": "Way", "__fid": 90565}, "geometry": {"type": "LineString", "coordinates": [[2.3718448, 48.890707099999986], [2.3717283, 48.8907282]]}}, {"type": "Feature", "properties": {"highway": "footway", "footway": "sidewalk", "name": null, "surface": "asphalt", "lit": null, "length_m": 1.87, "type_element": "Way", "__fid": 90649}, "geometry": {"type": "LineString", "coordinates": [[2.3718282, 48.8906603], [2.3718224, 48.890643900000015]]}}, {"type": "Feature", "properties": {"highway": "footway", "footway": "crossing", "name": null, "surface": "asphalt", "lit": "yes", "length_m": 15.41, "type_element": "Way", "__fid": 90650}, "geometry": {"type": "LineString", "coordinates": [[2.3718224, 48.890643900000015], [2.3720216, 48.89059980000001]]}}, {"type": "Feature", "properties": {"highway": "footway", "footway": "sidewalk", "name": null, "surface": "asphalt", "lit": "yes", "length_m": 40.22, "type_element": "Way", "__fid": 90656}, "geometry": {"type": "LineString", "coordinates": [[2.3722042, 48.8897889], [2.3718412, 48.8895178]]}}, {"type": "Feature", "properties": {"highway": "footway", "footway": "sidewalk", "name": null, "surface": "asphalt", "lit": null, "length_m": 5.34, "type_element": "Way", "__fid": 90661}, "geometry": {"type": "LineString", "coordinates": [[2.3718448, 48.890707099999986], [2.3718282, 48.8906603]]}}, {"type": "Feature", "properties": {"highway": "footway", "footway": "sidewalk", "name": null, "surface": "concrete", "lit": "yes", "length_m": 42.23, "type_element": "Way", "__fid": 90663}, "geometry": {"type": "LineString", "coordinates": [[2.3718412, 48.8902391], [2.3720216, 48.89059980000001]]}}, {"type": "Feature", "properties": {"highway": "footway", "footway": "sidewalk", "name": null, "surface": "asphalt", "lit": null, "length_m": 65.31, "type_element": "Way", "__fid": 90668}, "geometry": {"type": "LineString", "coordinates": [[2.3721041, 48.891269], [2.3718448, 48.890707099999986]]}}, {"type": "Feature", "properties": {"highway": "service", "footway": null, "name": "Villa Curial", "surface": null, "lit": null, "length_m": 8.11, "type_element": "Way", "__fid": 90669}, "geometry": {"type": "LineString", "coordinates": [[2.3719515, 48.8906878], [2.3718448, 48.890707099999986]]}}, {"type": "Feature", "properties": {"highway": "service", "footway": null, "name": null, "surface": null, "lit": null, "length_m": 6.3, "type_element": "Way", "__fid": 90702}, "geometry": {"type": "LineString", "coordinates": [[2.3719306, 48.8890846], [2.3718936, 48.8890335]]}}, {"type": "Feature", "properties": {"highway": "footway", "footway": "sidewalk", "name": null, "surface": "asphalt", "lit": "yes", "length_m": 41.84, "type_element": "Way", "__fid": 90703}, "geometry": {"type": "LineString", "coordinates": [[2.3724143, 48.8888797], [2.3718936, 48.8890335]]}}, {"type": "Feature", "properties": {"highway": "service", "footway": null, "name": null, "surface": null, "lit": null, "length_m": 32.34, "type_element": "Way", "__fid": 90752}, "geometry": {"type": "LineString", "coordinates": [[2.3722524, 48.8915944], [2.3720428, 48.891636300000016], [2.3719519, 48.8916173], [2.371914, 48.8915376]]}}, {"type": "Feature", "properties": {"highway": "service", "footway": null, "name": null, "surface": null, "lit": null, "length_m": 76.14, "type_element": "Way", "__fid": 90764}, "geometry": {"type": "LineString", "coordinates": [[2.3724143, 48.8888797], [2.3723578, 48.88881090000001], [2.3723136, 48.888726699999985], [2.371965, 48.88826319999998]]}}, {"type": "Feature", "properties": {"highway": "footway", "footway": "sidewalk", "name": null, "surface": "asphalt", "lit": "yes", "length_m": 158.88, "type_element": "Way", "__fid": 90781}, "geometry": {"type": "LineString", "coordinates": [[2.3718982, 48.8951284], [2.3730522, 48.8939191]]}}, {"type": "Feature", "properties": {"highway": "footway", "footway": "sidewalk", "name": null, "surface": "asphalt", "lit": null, "length_m": 73.86, "type_element": "Way", "__fid": 90838}, "geometry": {"type": "LineString", "coordinates": [[2.3720216, 48.89059980000001], [2.3723113, 48.891236]]}}, {"type": "Feature", "properties": {"highway": "service", "footway": null, "name": null, "surface": null, "lit": null, "length_m": 62.02, "type_element": "Way", "__fid": 90868}, "geometry": {"type": "LineString", "coordinates": [[2.3728105, 48.8928103], [2.3720253, 48.89301769999999]]}}, {"type": "Feature", "properties": {"highway": "footway", "footway": "sidewalk", "name": null, "surface": "asphalt", "lit": null, "length_m": 21.24, "type_element": "Way", "__fid": 90928}, "geometry": {"type": "LineString", "coordinates": [[2.3721845, 48.8914525], [2.3721041, 48.891269]]}}, {"type": "Feature", "properties": {"highway": "footway", "footway": "crossing", "name": null, "surface": "asphalt", "lit": "yes", "length_m": 15.63, "type_element": "Way", "__fid": 90929}, "geometry": {"type": "LineString", "coordinates": [[2.3723113, 48.891236], [2.3721041, 48.891269]]}}, {"type": "Feature", "properties": {"highway": "pedestrian", "footway": null, "name": "Rue du Docteur Lamaze", "surface": null, "lit": null, "length_m": 7.34, "type_element": "Way", "__fid": 90932}, "geometry": {"type": "LineString", "coordinates": [[2.3721283, 48.889832], [2.3722042, 48.8897889]]}}, {"type": "Feature", "properties": {"highway": "service", "footway": null, "name": null, "surface": null, "lit": null, "length_m": 7.19, "type_element": "Way", "__fid": 90996}, "geometry": {"type": "LineString", "coordinates": [[2.372193, 48.8898828], [2.3722667, 48.8898401]]}}, {"type": "Feature", "properties": {"highway": "footway", "footway": "sidewalk", "name": null, "surface": "asphalt", "lit": "yes", "length_m": 7.31, "type_element": "Way", "__fid": 91010}, "geometry": {"type": "LineString", "coordinates": [[2.3722667, 48.8898401], [2.3722042, 48.8897889]]}}, {"type": "Feature", "properties": {"highway": "pedestrian", "footway": null, "name": "Rue du Docteur Lamaze", "surface": null, "lit": null, "length_m": 52.63, "type_element": "Way", "__fid": 91011}, "geometry": {"type": "LineString", "coordinates": [[2.3722042, 48.8897889], [2.3726493, 48.8895516], [2.3727084, 48.889464]]}}, {"type": "Feature", "properties": {"highway": "footway", "footway": "sidewalk", "name": null, "surface": "asphalt", "lit": "yes", "length_m": 16.55, "type_element": "Way", "__fid": 91012}, "geometry": {"type": "LineString", "coordinates": [[2.3722524, 48.8915944], [2.3721845, 48.8914525]]}}, {"type": "Feature", "properties": {"highway": "footway", "footway": "crossing", "name": null, "surface": "asphalt", "lit": "yes", "length_m": 13.29, "type_element": "Way", "__fid": 91013}, "geometry": {"type": "LineString", "coordinates": [[2.3723549, 48.8914119], [2.3721845, 48.8914525]]}}, {"type": "Feature", "properties": {"highway": "footway", "footway": "sidewalk", "name": null, "surface": "asphalt", "lit": "yes", "length_m": 74.19, "type_element": "Way", "__fid": 91070}, "geometry": {"type": "LineString", "coordinates": [[2.3729329, 48.8903423], [2.3722667, 48.8898401]]}}, {"type": "Feature", "properties": {"highway": "service", "footway": null, "name": null, "surface": null, "lit": null, "length_m": 26.06, "type_element": "Way", "__fid": 91071}, "geometry": {"type": "LineString", "coordinates": [[2.3722667, 48.8898401], [2.3725339, 48.8896856]]}}, {"type": "Feature", "properties": {"highway": "footway", "footway": "sidewalk", "name": null, "surface": "asphalt", "lit": "yes", "length_m": 44.9, "type_element": "Way", "__fid": 91078}, "geometry": {"type": "LineString", "coordinates": [[2.3724367, 48.8919795], [2.3722524, 48.8915944]]}}, {"type": "Feature", "properties": {"highway": "service", "footway": null, "name": null, "surface": null, "lit": null, "length_m": 6.77, "type_element": "Way", "__fid": 91079}, "geometry": {"type": "LineString", "coordinates": [[2.3723395, 48.8915743], [2.3722524, 48.8915944]]}}, {"type": "Feature", "properties": {"highway": "footway", "footway": "sidewalk", "name": null, "surface": "asphalt", "lit": "yes", "length_m": 158.42, "type_element": "Way", "__fid": 91103}, "geometry": {"type": "LineString", "coordinates": [[2.3722355, 48.8952254], [2.3722556, 48.89518790000001], [2.3723059, 48.89515609999999], [2.3726284, 48.8948246], [2.3726466, 48.89478720000001], [2.3727498, 48.8946743], [2.3729188, 48.8945125], [2.3733506, 48.8940518], [2.3733476, 48.8940159]]}}, {"type": "Feature", "properties": {"highway": "footway", "footway": "sidewalk", "name": null, "surface": "asphalt", "lit": null, "length_m": 3.32, "type_element": "Way", "__fid": 91145}, "geometry": {"type": "LineString", "coordinates": [[2.3723113, 48.891236], [2.3723522, 48.8912488]]}}, {"type": "Feature", "properties": {"highway": "footway", "footway": "crossing", "name": null, "surface": "asphalt", "lit": null, "length_m": 15.32, "type_element": "Way", "__fid": 91184}, "geometry": {"type": "LineString", "coordinates": [[2.3724031, 48.8913819], [2.3723582, 48.8912849], [2.3723522, 48.8912488]]}}, {"type": "Feature", "properties": {"highway": "footway", "footway": "sidewalk", "name": null, "surface": "asphalt", "lit": null, "length_m": 84.35, "type_element": "Way", "__fid": 91185}, "geometry": {"type": "LineString", "coordinates": [[2.3723522, 48.8912488], [2.3724092, 48.89124740000001], [2.3734613, 48.8910513]]}}, {"type": "Feature", "properties": {"highway": "footway", "footway": "sidewalk", "name": null, "surface": "asphalt", "lit": "yes", "length_m": 61.93, "type_element": "Way", "__fid": 91194}, "geometry": {"type": "LineString", "coordinates": [[2.3723549, 48.8914119], [2.3723596, 48.89144630000001], [2.3725896, 48.8919462]]}}, {"type": "Feature", "properties": {"highway": "footway", "footway": "sidewalk", "name": null, "surface": "concrete", "lit": null, "length_m": 5.4, "type_element": "Way", "__fid": 91195}, "geometry": {"type": "LineString", "coordinates": [[2.3724031, 48.8913819], [2.3723656, 48.8913907], [2.3723549, 48.8914119]]}}, {"type": "Feature", "properties": {"highway": "pedestrian", "footway": null, "name": "Rue du Docteur Lamaze", "surface": null, "lit": null, "length_m": 15.25, "type_element": "Way", "__fid": 91219}, "geometry": {"type": "LineString", "coordinates": [[2.372509, 48.88900180000002], [2.3724143, 48.8888797]]}}, {"type": "Feature", "properties": {"highway": "footway", "footway": "sidewalk", "name": null, "surface": "asphalt", "lit": "yes", "length_m": 71.17, "type_element": "Way", "__fid": 91220}, "geometry": {"type": "LineString", "coordinates": [[2.3732938, 48.8886128], [2.3731984, 48.8886501], [2.3731206, 48.888661599999985], [2.3724143, 48.8888797]]}}, {"type": "Feature", "properties": {"highway": "footway", "footway": "sidewalk", "name": null, "surface": "asphalt", "lit": null, "length_m": 91.8, "type_element": "Way", "__fid": 91244}, "geometry": {"type": "LineString", "coordinates": [[2.3736115, 48.89116590000001], [2.3724031, 48.8913819]]}}, {"type": "Feature", "properties": {"highway": "footway", "footway": "sidewalk", "name": null, "surface": "asphalt", "lit": "yes", "length_m": 7.91, "type_element": "Way", "__fid": 91297}, "geometry": {"type": "LineString", "coordinates": [[2.372455466666472, 48.89204870000005], [2.3724561, 48.89202069999998], [2.3724367, 48.8919795]]}}, {"type": "Feature", "properties": {"highway": "footway", "footway": "crossing", "name": null, "surface": "asphalt", "lit": "yes", "length_m": 11.81, "type_element": "Way", "__fid": 91298}, "geometry": {"type": "LineString", "coordinates": [[2.3724367, 48.8919795], [2.3725896, 48.8919462]]}}, {"type": "Feature", "properties": {"highway": "footway", "footway": "crossing", "name": null, "surface": "asphalt", "lit": "yes", "length_m": 9.6, "type_element": "Way", "__fid": 91319}, "geometry": {"type": "LineString", "coordinates": [[2.3725111, 48.892126900000015], [2.372455466666472, 48.89204870000005]]}}, {"type": "Feature", "properties": {"highway": "pedestrian", "footway": null, "name": "Rue du Docteur Lamaze", "surface": null, "lit": null, "length_m": 50.74, "type_element": "Way", "__fid": 91342}, "geometry": {"type": "LineString", "coordinates": [[2.3727196, 48.8894262], [2.3727309, 48.889324299999984], [2.372509, 48.88900180000002]]}}, {"type": "Feature", "properties": {"highway": "footway", "footway": "sidewalk", "name": null, "surface": "asphalt", "lit": "yes", "length_m": 9.68, "type_element": "Way", "__fid": 91343}, "geometry": {"type": "LineString", "coordinates": [[2.372509, 48.88900180000002], [2.3726285, 48.8889648]]}}, {"type": "Feature", "properties": {"highway": "footway", "footway": "sidewalk", "name": null, "surface": "asphalt", "lit": "yes", "length_m": 51.76, "type_element": "Way", "__fid": 91376}, "geometry": {"type": "LineString", "coordinates": [[2.3727186, 48.8925718], [2.3725111, 48.892126900000015]]}}, {"type": "Feature", "properties": {"highway": "footway", "footway": "crossing", "name": null, "surface": "asphalt", "lit": "yes", "length_m": 13.44, "type_element": "Way", "__fid": 91377}, "geometry": {"type": "LineString", "coordinates": [[2.3726867, 48.8920923], [2.3725111, 48.892126900000015]]}}, {"type": "Feature", "properties": {"highway": "service", "footway": null, "name": null, "surface": null, "lit": null, "length_m": 8.62, "type_element": "Way", "__fid": 91407}, "geometry": {"type": "LineString", "coordinates": [[2.3725758, 48.8888955], [2.3726285, 48.8889648]]}}, {"type": "Feature", "properties": {"highway": "pedestrian", "footway": null, "name": "Cité Pottier", "surface": "asphalt", "lit": "yes", "length_m": 8.09, "type_element": "Way", "__fid": 91429}, "geometry": {"type": "LineString", "coordinates": [[2.3726612, 48.8920347], [2.3725538, 48.8920515]]}}, {"type": "Feature", "properties": {"highway": "footway", "footway": "sidewalk", "name": null, "surface": "asphalt", "lit": "yes", "length_m": 12.06, "type_element": "Way", "__fid": 91498}, "geometry": {"type": "LineString", "coordinates": [[2.3725896, 48.8919462], [2.3726204, 48.8919515], [2.3726612, 48.8920347]]}}, {"type": "Feature", "properties": {"highway": "service", "footway": null, "name": null, "surface": null, "lit": null, "length_m": 42.91, "type_element": "Way", "__fid": 91502}, "geometry": {"type": "LineString", "coordinates": [[2.3726285, 48.8889648], [2.3727185, 48.889097], [2.3728983, 48.8893068]]}}, {"type": "Feature", "properties": {"highway": "footway", "footway": "sidewalk", "name": null, "surface": "asphalt", "lit": "yes", "length_m": 61.85, "type_element": "Way", "__fid": 91503}, "geometry": {"type": "LineString", "coordinates": [[2.3726285, 48.8889648], [2.3729557, 48.8888675], [2.3733801, 48.8887134]]}}, {"type": "Feature", "properties": {"highway": "footway", "footway": "sidewalk", "name": null, "surface": "asphalt", "lit": "yes", "length_m": 6.67, "type_element": "Way", "__fid": 91601}, "geometry": {"type": "LineString", "coordinates": [[2.3726612, 48.8920347], [2.3726867, 48.8920923]]}}, {"type": "Feature", "properties": {"highway": "pedestrian", "footway": null, "name": "Cité Pottier", "surface": null, "lit": null, "length_m": 77.27, "type_element": "Way", "__fid": 91602}, "geometry": {"type": "LineString", "coordinates": [[2.3737044, 48.8919513], [2.3728922, 48.8919941], [2.3726612, 48.8920347]]}}, {"type": "Feature", "properties": {"highway": "pedestrian", "footway": null, "name": null, "surface": null, "lit": null, "length_m": 14.22, "type_element": "Way", "__fid": 91629}, "geometry": {"type": "LineString", "coordinates": [[2.3728606, 48.88947180000002], [2.3728314, 48.889496], [2.3727858, 48.8895033], [2.372743, 48.88949070000002], [2.3727084, 48.889464]]}}, {"type": "Feature", "properties": {"highway": "pedestrian", "footway": null, "name": "Rue du Docteur Lamaze", "surface": null, "lit": null, "length_m": 4.28, "type_element": "Way", "__fid": 91630}, "geometry": {"type": "LineString", "coordinates": [[2.3727084, 48.889464], [2.3727196, 48.8894262]]}}, {"type": "Feature", "properties": {"highway": "footway", "footway": "sidewalk", "name": null, "surface": "asphalt", "lit": "yes", "length_m": 41.01, "type_element": "Way", "__fid": 91647}, "geometry": {"type": "LineString", "coordinates": [[2.3726867, 48.8920923], [2.3727673, 48.89224560000001], [2.3727337, 48.8922641], [2.3728139, 48.892433699999984]]}}, {"type": "Feature", "properties": {"highway": "pedestrian", "footway": null, "name": null, "surface": null, "lit": null, "length_m": 15.63, "type_element": "Way", "__fid": 91650}, "geometry": {"type": "LineString", "coordinates": [[2.3727196, 48.8894262], [2.3727871, 48.8894086], [2.3728325, 48.8894164], [2.372861, 48.8894409], [2.3728606, 48.88947180000002]]}}, {"type": "Feature", "properties": {"highway": "footway", "footway": "sidewalk", "name": null, "surface": "asphalt", "lit": "yes", "length_m": 27.68, "type_element": "Way", "__fid": 91711}, "geometry": {"type": "LineString", "coordinates": [[2.3727186, 48.8925718], [2.3728088, 48.8927689], [2.3728008, 48.8927896], [2.3728105, 48.8928103]]}}, {"type": "Feature", "properties": {"highway": "footway", "footway": "crossing", "name": null, "surface": "asphalt", "lit": "yes", "length_m": 11.04, "type_element": "Way", "__fid": 91712}, "geometry": {"type": "LineString", "coordinates": [[2.3728643, 48.8925467], [2.3727186, 48.8925718]]}}, {"type": "Feature", "properties": {"highway": "footway", "footway": "sidewalk", "name": null, "surface": "asphalt", "lit": null, "length_m": 83.63, "type_element": "Way", "__fid": 91725}, "geometry": {"type": "LineString", "coordinates": [[2.3734881, 48.8910089], [2.3734237, 48.8909498], [2.3727518, 48.89043490000001]]}}, {"type": "Feature", "properties": {"highway": "footway", "footway": "crossing", "name": null, "surface": null, "lit": null, "length_m": 16.8, "type_element": "Way", "__fid": 91726}, "geometry": {"type": "LineString", "coordinates": [[2.3729329, 48.8903423], [2.3727518, 48.89043490000001]]}}, {"type": "Feature", "properties": {"highway": "service", "footway": null, "name": "Cité Pottier", "surface": "asphalt", "lit": null, "length_m": 5.14, "type_element": "Way", "__fid": 91747}, "geometry": {"type": "LineString", "coordinates": [[2.3728139, 48.892433699999984], [2.3727474, 48.8924484]]}}, {"type": "Feature", "properties": {"highway": "footway", "footway": "sidewalk", "name": null, "surface": "asphalt", "lit": "yes", "length_m": 13.1, "type_element": "Way", "__fid": 91822}, "geometry": {"type": "LineString", "coordinates": [[2.3728139, 48.892433699999984], [2.3728643, 48.8925467]]}}, {"type": "Feature", "properties": {"highway": "service", "footway": null, "name": "Cité Pottier", "surface": "asphalt", "lit": null, "length_m": 25.27, "type_element": "Way", "__fid": 91823}, "geometry": {"type": "LineString", "coordinates": [[2.3731207, 48.89233010000002], [2.3728139, 48.892433699999984]]}}, {"type": "Feature", "properties": {"highway": "footway", "footway": "sidewalk", "name": null, "surface": "asphalt", "lit": "yes", "length_m": 34.75, "type_element": "Way", "__fid": 91824}, "geometry": {"type": "LineString", "coordinates": [[2.3728105, 48.8928103], [2.3729416, 48.8931106]]}}, {"type": "Feature", "properties": {"highway": "service", "footway": null, "name": null, "surface": null, "lit": null, "length_m": 6.94, "type_element": "Way", "__fid": 91825}, "geometry": {"type": "LineString", "coordinates": [[2.3728956, 48.892783], [2.3728105, 48.8928103]]}}, {"type": "Feature", "properties": {"highway": "footway", "footway": null, "name": null, "surface": "compacted", "lit": null, "length_m": 23.81, "type_element": "Way", "__fid": 91841}, "geometry": {"type": "LineString", "coordinates": [[2.3731749, 48.88952540000001], [2.3728606, 48.88947180000002]]}}, {"type": "Feature", "properties": {"highway": "footway", "footway": "sidewalk", "name": null, "surface": "asphalt", "lit": "yes", "length_m": 37.03, "type_element": "Way", "__fid": 91904}, "geometry": {"type": "LineString", "coordinates": [[2.3728643, 48.8925467], [2.373008, 48.8928659]]}}, {"type": "Feature", "properties": {"highway": "footway", "footway": "sidewalk", "name": null, "surface": "asphalt", "lit": null, "length_m": 18.13, "type_element": "Way", "__fid": 91953}, "geometry": {"type": "LineString", "coordinates": [[2.3730899, 48.8904682], [2.3729329, 48.8903423]]}}, {"type": "Feature", "properties": {"highway": "footway", "footway": "sidewalk", "name": null, "surface": "asphalt", "lit": "yes", "length_m": 17.27, "type_element": "Way", "__fid": 92002}, "geometry": {"type": "LineString", "coordinates": [[2.3729416, 48.8931106], [2.3729845, 48.8931256], [2.3730402, 48.8932433]]}}, {"type": "Feature", "properties": {"highway": "footway", "footway": "sidewalk", "name": null, "surface": "asphalt", "lit": "yes", "length_m": 19.12, "type_element": "Way", "__fid": 92003}, "geometry": {"type": "LineString", "coordinates": [[2.3729416, 48.8931106], [2.3730113, 48.8932763]]}}, {"type": "Feature", "properties": {"highway": "pedestrian", "footway": null, "name": null, "surface": "asphalt", "lit": null, "length_m": 8.5, "type_element": "Way", "__fid": 92052}, "geometry": {"type": "LineString", "coordinates": [[2.3730899, 48.8904682], [2.3730024, 48.8905183]]}}, {"type": "Feature", "properties": {"highway": "footway", "footway": "sidewalk", "name": null, "surface": "asphalt", "lit": "yes", "length_m": 66.38, "type_element": "Way", "__fid": 92084}, "geometry": {"type": "LineString", "coordinates": [[2.373008, 48.8928659], [2.3730234, 48.8928703], [2.3730683, 48.8928571], [2.373354, 48.89275830000001], [2.373773079999768, 48.892559]]}}, {"type": "Feature", "properties": {"highway": "footway", "footway": "crossing", "name": null, "surface": "asphalt", "lit": "yes", "length_m": 6.01, "type_element": "Way", "__fid": 92085}, "geometry": {"type": "LineString", "coordinates": [[2.373008, 48.8928659], [2.373038266666522, 48.892916133333394]]}}, {"type": "Feature", "properties": {"highway": "footway", "footway": "crossing", "name": null, "surface": "asphalt", "lit": "yes", "length_m": 8.48, "type_element": "Way", "__fid": 92097}, "geometry": {"type": "LineString", "coordinates": [[2.3730536, 48.8933473], [2.3730113, 48.8932763]]}}, {"type": "Feature", "properties": {"highway": "footway", "footway": "sidewalk", "name": null, "surface": "asphalt", "lit": "yes", "length_m": 4.24, "type_element": "Way", "__fid": 92098}, "geometry": {"type": "LineString", "coordinates": [[2.3730402, 48.8932433], [2.3730113, 48.8932763]]}}, {"type": "Feature", "properties": {"highway": "footway", "footway": "sidewalk", "name": null, "surface": "asphalt", "lit": "yes", "length_m": 33.35, "type_element": "Way", "__fid": 92128}, "geometry": {"type": "LineString", "coordinates": [[2.3731629, 48.89320379999999], [2.3730395, 48.8929386], [2.373038266666522, 48.892916133333394]]}}, {"type": "Feature", "properties": {"highway": "footway", "footway": "sidewalk", "name": null, "surface": "asphalt", "lit": "yes", "length_m": 66.67, "type_element": "Way", "__fid": 92129}, "geometry": {"type": "LineString", "coordinates": [[2.373038266666522, 48.892916133333394], [2.3733791, 48.8928022], [2.37380279999981, 48.89259544000004]]}}, {"type": "Feature", "properties": {"highway": "footway", "footway": "crossing", "name": null, "surface": "asphalt", "lit": "yes", "length_m": 10.01, "type_element": "Way", "__fid": 92138}, "geometry": {"type": "LineString", "coordinates": [[2.3730402, 48.8932433], [2.3731629, 48.89320379999999]]}}, {"type": "Feature", "properties": {"highway": "footway", "footway": "sidewalk", "name": null, "surface": "asphalt", "lit": "yes", "length_m": 3.44, "type_element": "Way", "__fid": 92149}, "geometry": {"type": "LineString", "coordinates": [[2.3730522, 48.8939191], [2.3730454, 48.8938885]]}}, {"type": "Feature", "properties": {"highway": "footway", "footway": "crossing", "name": null, "surface": null, "lit": "yes", "length_m": 18.81, "type_element": "Way", "__fid": 92150}, "geometry": {"type": "LineString", "coordinates": [[2.3730454, 48.8938885], [2.3730911, 48.8938737], [2.37315996666664, 48.89374596666667]]}}, {"type": "Feature", "properties": {"highway": "footway", "footway": "sidewalk", "name": null, "surface": "asphalt", "lit": "yes", "length_m": 39.12, "type_element": "Way", "__fid": 92154}, "geometry": {"type": "LineString", "coordinates": [[2.3730536, 48.8933473], [2.3730838, 48.89335970000001], [2.3731354, 48.8934633], [2.3731186, 48.893491], [2.3732024, 48.8936722]]}}, {"type": "Feature", "properties": {"highway": "footway", "footway": "sidewalk", "name": null, "surface": "asphalt", "lit": null, "length_m": 74.67, "type_element": "Way", "__fid": 92155}, "geometry": {"type": "LineString", "coordinates": [[2.3737603, 48.890973700000025], [2.3730899, 48.8904682]]}}, {"type": "Feature", "properties": {"highway": "pedestrian", "footway": null, "name": null, "surface": "asphalt", "lit": null, "length_m": 72.01, "type_element": "Way", "__fid": 92156}, "geometry": {"type": "LineString", "coordinates": [[2.3734147, 48.8899198], [2.3733643, 48.8901576], [2.3733798, 48.890228], [2.3734084, 48.8902764], [2.3730899, 48.8904682]]}}, {"type": "Feature", "properties": {"highway": "footway", "footway": "traffic_island", "name": null, "surface": "asphalt", "lit": "yes", "length_m": 24.4, "type_element": "Way", "__fid": 92160}, "geometry": {"type": "LineString", "coordinates": [[2.3730522, 48.8939191], [2.3731237, 48.8939291], [2.3733476, 48.8940159]]}}, {"type": "Feature", "properties": {"highway": "footway", "footway": null, "name": null, "surface": null, "lit": null, "length_m": 6.16, "type_element": "Way", "__fid": 92181}, "geometry": {"type": "LineString", "coordinates": [[2.3731603, 48.8923765], [2.3730869, 48.892403499999986]]}}, {"type": "Feature", "properties": {"highway": "footway", "footway": null, "name": null, "surface": null, "lit": null, "length_m": 5.92, "type_element": "Way", "__fid": 92237}, "geometry": {"type": "LineString", "coordinates": [[2.3731207, 48.89233010000002], [2.3731603, 48.8923765]]}}, {"type": "Feature", "properties": {"highway": "service", "footway": null, "name": "Cité Pottier", "surface": "asphalt", "lit": null, "length_m": 23.3, "type_element": "Way", "__fid": 92238}, "geometry": {"type": "LineString", "coordinates": [[2.3733999, 48.89223], [2.3731207, 48.89233010000002]]}}, {"type": "Feature", "properties": {"highway": "footway", "footway": null, "name": null, "surface": "compacted", "lit": null, "length_m": 14.0, "type_element": "Way", "__fid": 92277}, "geometry": {"type": "LineString", "coordinates": [[2.3731749, 48.88952540000001], [2.3732054, 48.8895836], [2.3732615, 48.8896362]]}}, {"type": "Feature", "properties": {"highway": "footway", "footway": null, "name": null, "surface": "compacted", "lit": null, "length_m": 21.05, "type_element": "Way", "__fid": 92278}, "geometry": {"type": "LineString", "coordinates": [[2.3734127, 48.889431500000015], [2.3733742, 48.8894667], [2.3732232, 48.8895219], [2.3731749, 48.88952540000001]]}}, {"type": "Feature", "properties": {"highway": "footway", "footway": null, "name": null, "surface": null, "lit": null, "length_m": 25.02, "type_element": "Way", "__fid": 92309}, "geometry": {"type": "LineString", "coordinates": [[2.3731603, 48.8923765], [2.3733412, 48.892309], [2.3733999, 48.89223]]}}, {"type": "Feature", "properties": {"highway": "footway", "footway": "sidewalk", "name": null, "surface": "asphalt", "lit": "yes", "length_m": 1.8, "type_element": "Way", "__fid": 92322}, "geometry": {"type": "LineString", "coordinates": [[2.373181159999942, 48.893214620000016], [2.3731629, 48.89320379999999]]}}, {"type": "Feature", "properties": {"highway": "footway", "footway": "sidewalk", "name": null, "surface": "asphalt", "lit": "yes", "length_m": 9.31, "type_element": "Way", "__fid": 92328}, "geometry": {"type": "LineString", "coordinates": [[2.3732024, 48.8936722], [2.3732045, 48.893707499999984], [2.37315996666664, 48.89374596666667]]}}, {"type": "Feature", "properties": {"highway": "footway", "footway": "crossing", "name": null, "surface": "asphalt", "lit": "yes", "length_m": 5.57, "type_element": "Way", "__fid": 92360}, "geometry": {"type": "LineString", "coordinates": [[2.373181159999942, 48.893214620000016], [2.3732132, 48.89326]]}}, {"type": "Feature", "properties": {"highway": "footway", "footway": "sidewalk", "name": null, "surface": "asphalt", "lit": null, "length_m": 83.68, "type_element": "Way", "__fid": 92361}, "geometry": {"type": "LineString", "coordinates": [[2.3741486, 48.8928302], [2.3737342, 48.8929973], [2.3736725, 48.892999], [2.3734606, 48.8930872], [2.373417, 48.89312250000002], [2.373181159999942, 48.893214620000016]]}}, {"type": "Feature", "properties": {"highway": "footway", "footway": "crossing", "name": null, "surface": null, "lit": "yes", "length_m": 13.75, "type_element": "Way", "__fid": 92411}, "geometry": {"type": "LineString", "coordinates": [[2.3733547, 48.8936017], [2.3733412, 48.893614], [2.3732024, 48.8936722]]}}, {"type": "Feature", "properties": {"highway": "footway", "footway": "sidewalk", "name": null, "surface": "asphalt", "lit": "yes", "length_m": 40.13, "type_element": "Way", "__fid": 92423}, "geometry": {"type": "LineString", "coordinates": [[2.3732132, 48.89326], [2.3731981, 48.893279], [2.3733352, 48.89357969999999], [2.3733547, 48.8936017]]}}, {"type": "Feature", "properties": {"highway": "footway", "footway": "sidewalk", "name": null, "surface": "asphalt", "lit": "yes", "length_m": 75.25, "type_element": "Way", "__fid": 92424}, "geometry": {"type": "LineString", "coordinates": [[2.3732132, 48.89326], [2.3739226, 48.89297359999998], [2.3740138, 48.8929426], [2.3741057, 48.8929434]]}}, {"type": "Feature", "properties": {"highway": "footway", "footway": null, "name": null, "surface": "compacted", "lit": null, "length_m": 29.4, "type_element": "Way", "__fid": 92426}, "geometry": {"type": "LineString", "coordinates": [[2.3732615, 48.8896362], [2.3733434, 48.8896591], [2.3736554, 48.8896571]]}}, {"type": "Feature", "properties": {"highway": "footway", "footway": null, "name": null, "surface": "unpaved", "lit": null, "length_m": 34.19, "type_element": "Way", "__fid": 92427}, "geometry": {"type": "LineString", "coordinates": [[2.3734147, 48.8899198], [2.3733667, 48.889893], [2.3732615, 48.8896362]]}}, {"type": "Feature", "properties": {"highway": "pedestrian", "footway": null, "name": "Allée des Orgues de Flandre", "surface": "paving_stones", "lit": null, "length_m": 24.26, "type_element": "Way", "__fid": 92497}, "geometry": {"type": "LineString", "coordinates": [[2.3733362, 48.8891446], [2.3735514, 48.8893103]]}}, {"type": "Feature", "properties": {"highway": "footway", "footway": null, "name": null, "surface": "compacted", "lit": null, "length_m": 35.18, "type_element": "Way", "__fid": 92498}, "geometry": {"type": "LineString", "coordinates": [[2.3733362, 48.8891446], [2.3732856, 48.8892017], [2.3732789, 48.889229], [2.3732876, 48.8892683], [2.3734127, 48.889431500000015]]}}, {"type": "Feature", "properties": {"highway": "pedestrian", "footway": null, "name": "Allée des Orgues de Flandre", "surface": "paving_stones", "lit": null, "length_m": 41.79, "type_element": "Way", "__fid": 92499}, "geometry": {"type": "LineString", "coordinates": [[2.3734834, 48.8888038], [2.373301, 48.889042], [2.3732976, 48.8890869], [2.3733197, 48.88913190000002], [2.3733362, 48.8891446]]}}, {"type": "Feature", "properties": {"highway": "service", "footway": null, "name": "Allée des Orgues de Flandre", "surface": "asphalt", "lit": null, "length_m": 12.59, "type_element": "Way", "__fid": 92541}, "geometry": {"type": "LineString", "coordinates": [[2.3733801, 48.8887134], [2.3734834, 48.8888038]]}}, {"type": "Feature", "properties": {"highway": "footway", "footway": "sidewalk", "name": null, "surface": "asphalt", "lit": "yes", "length_m": 10.16, "type_element": "Way", "__fid": 92561}, "geometry": {"type": "LineString", "coordinates": [[2.3733476, 48.8940159], [2.3733801, 48.8939711], [2.373413, 48.8939575], [2.3734371, 48.89396010000003]]}}, {"type": "Feature", "properties": {"highway": "footway", "footway": "sidewalk", "name": null, "surface": "asphalt", "lit": "yes", "length_m": 2.55, "type_element": "Way", "__fid": 92562}, "geometry": {"type": "LineString", "coordinates": [[2.3733547, 48.8936017], [2.3733895, 48.8936017]]}}, {"type": "Feature", "properties": {"highway": "footway", "footway": null, "name": null, "surface": "compacted", "lit": null, "length_m": 31.36, "type_element": "Way", "__fid": 92569}, "geometry": {"type": "LineString", "coordinates": [[2.3734127, 48.889431500000015], [2.3735116, 48.8895707], [2.3736554, 48.8896571]]}}, {"type": "Feature", "properties": {"highway": "footway", "footway": null, "name": null, "surface": "compacted", "lit": null, "length_m": 16.88, "type_element": "Way", "__fid": 92570}, "geometry": {"type": "LineString", "coordinates": [[2.3735514, 48.8893103], [2.3734127, 48.889431500000015]]}}, {"type": "Feature", "properties": {"highway": "footway", "footway": null, "name": null, "surface": "unpaved", "lit": null, "length_m": 6.51, "type_element": "Way", "__fid": 92579}, "geometry": {"type": "LineString", "coordinates": [[2.3735019, 48.8899087], [2.3734147, 48.8899198]]}}, {"type": "Feature", "properties": {"highway": "pedestrian", "footway": null, "name": "Cité Pottier", "surface": null, "lit": null, "length_m": 42.3, "type_element": "Way", "__fid": 92603}, "geometry": {"type": "LineString", "coordinates": [[2.3737044, 48.8919513], [2.3737083, 48.8919982], [2.3736964, 48.89205610000001], [2.3736679, 48.8921167], [2.3735951, 48.89216180000001], [2.3733999, 48.89223]]}}, {"type": "Feature", "properties": {"highway": "footway", "footway": "crossing", "name": null, "surface": "asphalt", "lit": "yes", "length_m": 12.98, "type_element": "Way", "__fid": 92613}, "geometry": {"type": "LineString", "coordinates": [[2.3734687, 48.8937027], [2.3734472, 48.893691], [2.373409, 48.8936158], [2.3733895, 48.8936017]]}}, {"type": "Feature", "properties": {"highway": "footway", "footway": "sidewalk", "name": null, "surface": "asphalt", "lit": "yes", "length_m": 90.18, "type_element": "Way", "__fid": 92614}, "geometry": {"type": "LineString", "coordinates": [[2.3733895, 48.8936017], [2.3735028, 48.89347380000001], [2.3741057, 48.8929434]]}}, {"type": "Feature", "properties": {"highway": "service", "footway": null, "name": "Allée des Orgues de Flandre", "surface": "asphalt", "lit": null, "length_m": 5.56, "type_element": "Way", "__fid": 92666}, "geometry": {"type": "LineString", "coordinates": [[2.3734834, 48.8888038], [2.3735292, 48.8888436]]}}, {"type": "Feature", "properties": {"highway": "footway", "footway": "crossing", "name": null, "surface": null, "lit": null, "length_m": 17.0, "type_element": "Way", "__fid": 92675}, "geometry": {"type": "LineString", "coordinates": [[2.3734613, 48.8910513], [2.3735593, 48.8911104], [2.3736115, 48.89116590000001]]}}, {"type": "Feature", "properties": {"highway": "footway", "footway": "sidewalk", "name": null, "surface": null, "lit": null, "length_m": 5.11, "type_element": "Way", "__fid": 92676}, "geometry": {"type": "LineString", "coordinates": [[2.3734613, 48.8910513], [2.3734881, 48.8910089]]}}, {"type": "Feature", "properties": {"highway": "footway", "footway": "sidewalk", "name": null, "surface": "asphalt", "lit": "yes", "length_m": 83.09, "type_element": "Way", "__fid": 92689}, "geometry": {"type": "LineString", "coordinates": [[2.3734371, 48.89396010000003], [2.3734968, 48.8940161], [2.3734874, 48.8940642], [2.3735498, 48.8941268], [2.3735474, 48.8941384], [2.3737523, 48.8943661], [2.373981, 48.8946007]]}}, {"type": "Feature", "properties": {"highway": "footway", "footway": "crossing", "name": null, "surface": "asphalt", "lit": null, "length_m": 10.38, "type_element": "Way", "__fid": 92690}, "geometry": {"type": "LineString", "coordinates": [[2.3734921, 48.8938741], [2.3734371, 48.89396010000003]]}}, {"type": "Feature", "properties": {"highway": "footway", "footway": "crossing", "name": null, "surface": null, "lit": null, "length_m": 20.42, "type_element": "Way", "__fid": 92705}, "geometry": {"type": "LineString", "coordinates": [[2.3737603, 48.890973700000025], [2.3736168, 48.8910007], [2.3734881, 48.8910089]]}}, {"type": "Feature", "properties": {"highway": "footway", "footway": null, "name": null, "surface": "compacted", "lit": null, "length_m": 32.08, "type_element": "Way", "__fid": 92706}, "geometry": {"type": "LineString", "coordinates": [[2.3736554, 48.8896571], [2.3735896, 48.8896997], [2.3734977, 48.8897946], [2.3734885, 48.8898525], [2.3735019, 48.8899087]]}}, {"type": "Feature", "properties": {"highway": "footway", "footway": null, "name": null, "surface": "unpaved", "lit": null, "length_m": 52.41, "type_element": "Way", "__fid": 92707}, "geometry": {"type": "LineString", "coordinates": [[2.3741868, 48.8899715], [2.3737198, 48.8899529], [2.3736098, 48.88989810000001], [2.3735019, 48.8899087]]}}, {"type": "Feature", "properties": {"highway": "footway", "footway": "crossing", "name": null, "surface": "asphalt", "lit": null, "length_m": 9.54, "type_element": "Way", "__fid": 92720}, "geometry": {"type": "LineString", "coordinates": [[2.3734908, 48.893786], [2.3734794, 48.89377360000001], [2.3734687, 48.8937027]]}}, {"type": "Feature", "properties": {"highway": "footway", "footway": "crossing", "name": null, "surface": "asphalt", "lit": "yes", "length_m": 11.74, "type_element": "Way", "__fid": 92721}, "geometry": {"type": "LineString", "coordinates": [[2.3735873, 48.8936339], [2.3735417, 48.8936497], [2.3734687, 48.8937027]]}}, {"type": "Feature", "properties": {"highway": "footway", "footway": "sidewalk", "name": null, "surface": "asphalt", "lit": null, "length_m": 10.68, "type_element": "Way", "__fid": 92759}, "geometry": {"type": "LineString", "coordinates": [[2.3734908, 48.893786], [2.3734666, 48.8938124], [2.3734653, 48.8938314], [2.3734921, 48.8938741]]}}, {"type": "Feature", "properties": {"highway": "footway", "footway": "sidewalk", "name": null, "surface": "asphalt", "lit": null, "length_m": 133.89, "type_element": "Way", "__fid": 92760}, "geometry": {"type": "LineString", "coordinates": [[2.3752778, 48.8937071], [2.3751229, 48.8937141], [2.3750371, 48.8936683], [2.3735203, 48.8937732], [2.3734908, 48.893786]]}}, {"type": "Feature", "properties": {"highway": "footway", "footway": "sidewalk", "name": null, "surface": "asphalt", "lit": "yes", "length_m": 88.0, "type_element": "Way", "__fid": 92767}, "geometry": {"type": "LineString", "coordinates": [[2.3734921, 48.8938741], [2.3736343, 48.8939949], [2.3741397, 48.8945395]]}}, {"type": "Feature", "properties": {"highway": "pedestrian", "footway": null, "name": "Allée des Orgues de Flandre", "surface": "paving_stones", "lit": null, "length_m": 60.32, "type_element": "Way", "__fid": 92771}, "geometry": {"type": "LineString", "coordinates": [[2.3735514, 48.8893103], [2.3740698, 48.88973150000001]]}}, {"type": "Feature", "properties": {"highway": "footway", "footway": "sidewalk", "name": null, "surface": null, "lit": null, "length_m": 9.67, "type_element": "Way", "__fid": 92865}, "geometry": {"type": "LineString", "coordinates": [[2.3737295, 48.8911844], [2.3736973, 48.89116279999998], [2.3736115, 48.89116590000001]]}}, {"type": "Feature", "properties": {"highway": "footway", "footway": "sidewalk", "name": null, "surface": "asphalt", "lit": null, "length_m": 125.5, "type_element": "Way", "__fid": 92875}, "geometry": {"type": "LineString", "coordinates": [[2.3735873, 48.8936339], [2.3736235, 48.8936784], [2.3736551, 48.8936788], [2.3749734, 48.8935858], [2.375027, 48.893592400000024], [2.375249, 48.8935774]]}}, {"type": "Feature", "properties": {"highway": "footway", "footway": "sidewalk", "name": null, "surface": "asphalt", "lit": "yes", "length_m": 85.54, "type_element": "Way", "__fid": 92876}, "geometry": {"type": "LineString", "coordinates": [[2.3742633, 48.893007], [2.3735873, 48.8936339]]}}, {"type": "Feature", "properties": {"highway": "footway", "footway": null, "name": null, "surface": "compacted", "lit": null, "length_m": 29.65, "type_element": "Way", "__fid": 92901}, "geometry": {"type": "LineString", "coordinates": [[2.3736554, 48.8896571], [2.3738213, 48.8896789], [2.3740245, 48.889757]]}}, {"type": "Feature", "properties": {"highway": "pedestrian", "footway": null, "name": null, "surface": null, "lit": null, "length_m": 66.56, "type_element": "Way", "__fid": 92965}, "geometry": {"type": "LineString", "coordinates": [[2.3745951, 48.8918718], [2.3745406, 48.8918982], [2.3737044, 48.8919513]]}}, {"type": "Feature", "properties": {"highway": "pedestrian", "footway": null, "name": "Rue Mathis", "surface": "asphalt", "lit": null, "length_m": 11.91, "type_element": "Way", "__fid": 92976}, "geometry": {"type": "LineString", "coordinates": [[2.3737192, 48.8910811], [2.3738761, 48.89105330000001]]}}, {"type": "Feature", "properties": {"highway": "footway", "footway": "sidewalk", "name": null, "surface": null, "lit": null, "length_m": 99.35, "type_element": "Way", "__fid": 92988}, "geometry": {"type": "LineString", "coordinates": [[2.3745951, 48.8918718], [2.3737295, 48.8911844]]}}, {"type": "Feature", "properties": {"highway": "footway", "footway": "crossing", "name": null, "surface": null, "lit": null, "length_m": 16.83, "type_element": "Way", "__fid": 92989}, "geometry": {"type": "LineString", "coordinates": [[2.3739454, 48.891135], [2.3738945, 48.8911403], [2.3737295, 48.8911844]]}}, {"type": "Feature", "properties": {"highway": "footway", "footway": "sidewalk", "name": null, "surface": "asphalt", "lit": null, "length_m": 6.7, "type_element": "Way", "__fid": 93015}, "geometry": {"type": "LineString", "coordinates": [[2.3738395, 48.8909931], [2.3738006, 48.89099570000001], [2.3737603, 48.890973700000025]]}}, {"type": "Feature", "properties": {"highway": "footway", "footway": "crossing", "name": null, "surface": null, "lit": null, "length_m": 4.6, "type_element": "Way", "__fid": 93048}, "geometry": {"type": "LineString", "coordinates": [[2.373773079999768, 48.892559], [2.37380279999981, 48.89259544000004]]}}, {"type": "Feature", "properties": {"highway": "footway", "footway": "sidewalk", "name": null, "surface": "asphalt", "lit": null, "length_m": 67.42, "type_element": "Way", "__fid": 93049}, "geometry": {"type": "LineString", "coordinates": [[2.373773079999768, 48.892559], [2.3740889, 48.892403], [2.3741318, 48.892389299999984], [2.3741975, 48.8923845], [2.3742498, 48.8923933], [2.3743886, 48.8924559], [2.374441, 48.89249250000001], [2.3745395, 48.89252860000001]]}}, {"type": "Feature", "properties": {"highway": "footway", "footway": "sidewalk", "name": null, "surface": "asphalt", "lit": null, "length_m": 61.65, "type_element": "Way", "__fid": 93094}, "geometry": {"type": "LineString", "coordinates": [[2.37380279999981, 48.89259544000004], [2.3741266, 48.892437], [2.3741667, 48.8924338], [2.3742207, 48.89243960000002], [2.374496740000206, 48.89257322000016]]}}, {"type": "Feature", "properties": {"highway": "footway", "footway": "crossing", "name": null, "surface": null, "lit": null, "length_m": 7.31, "type_element": "Way", "__fid": 93118}, "geometry": {"type": "LineString", "coordinates": [[2.3738395, 48.8909931], [2.3738448, 48.89101510000002], [2.3738761, 48.89105330000001]]}}, {"type": "Feature", "properties": {"highway": "footway", "footway": "sidewalk", "name": null, "surface": "asphalt", "lit": null, "length_m": 120.25, "type_element": "Way", "__fid": 93119}, "geometry": {"type": "LineString", "coordinates": [[2.3754192, 48.890703], [2.3740205, 48.8909648], [2.3738395, 48.8909931]]}}, {"type": "Feature", "properties": {"highway": "footway", "footway": "crossing", "name": null, "surface": null, "lit": null, "length_m": 9.38, "type_element": "Way", "__fid": 93157}, "geometry": {"type": "LineString", "coordinates": [[2.3738761, 48.89105330000001], [2.3739132, 48.8910962], [2.3739521, 48.89112]]}}, {"type": "Feature", "properties": {"highway": "pedestrian", "footway": null, "name": "Rue Mathis", "surface": "asphalt", "lit": null, "length_m": 122.61, "type_element": "Way", "__fid": 93158}, "geometry": {"type": "LineString", "coordinates": [[2.3738761, 48.89105330000001], [2.375491, 48.8907673]]}}, {"type": "Feature", "properties": {"highway": "footway", "footway": "sidewalk", "name": null, "surface": "asphalt", "lit": "yes", "length_m": 112.01, "type_element": "Way", "__fid": 93194}, "geometry": {"type": "LineString", "coordinates": [[2.3739414, 48.8886665], [2.3741439, 48.8888049], [2.3747233, 48.889293], [2.3749148, 48.8894417]]}}, {"type": "Feature", "properties": {"highway": "footway", "footway": "sidewalk", "name": null, "surface": null, "lit": null, "length_m": 128.51, "type_element": "Way", "__fid": 93229}, "geometry": {"type": "LineString", "coordinates": [[2.3750585, 48.89202030000001], [2.375017, 48.892008], [2.3739628, 48.8911703], [2.3739454, 48.891135]]}}, {"type": "Feature", "properties": {"highway": "footway", "footway": "sidewalk", "name": null, "surface": "asphalt", "lit": null, "length_m": 1.74, "type_element": "Way", "__fid": 93230}, "geometry": {"type": "LineString", "coordinates": [[2.3739454, 48.891135], [2.3739521, 48.89112]]}}, {"type": "Feature", "properties": {"highway": "footway", "footway": "sidewalk", "name": null, "surface": "asphalt", "lit": null, "length_m": 119.43, "type_element": "Way", "__fid": 93234}, "geometry": {"type": "LineString", "coordinates": [[2.3739521, 48.89112], [2.37405, 48.891093599999984], [2.3755182, 48.8908267]]}}, {"type": "Feature", "properties": {"highway": "footway", "footway": null, "name": null, "surface": "ground", "lit": null, "length_m": 31.94, "type_element": "Way", "__fid": 93285}, "geometry": {"type": "LineString", "coordinates": [[2.3741868, 48.8899715], [2.3739615, 48.8897925], [2.3740245, 48.889757]]}}, {"type": "Feature", "properties": {"highway": "footway", "footway": null, "name": null, "surface": "compacted", "lit": null, "length_m": 4.37, "type_element": "Way", "__fid": 93286}, "geometry": {"type": "LineString", "coordinates": [[2.3740245, 48.889757], [2.3740698, 48.88973150000001]]}}, {"type": "Feature", "properties": {"highway": "footway", "footway": "sidewalk", "name": null, "surface": "asphalt", "lit": "yes", "length_m": 21.18, "type_element": "Way", "__fid": 93304}, "geometry": {"type": "LineString", "coordinates": [[2.373981, 48.8946007], [2.3740768, 48.89471], [2.3741365, 48.8947607]]}}, {"type": "Feature", "properties": {"highway": "footway", "footway": "crossing", "name": null, "surface": "asphalt", "lit": "yes", "length_m": 13.48, "type_element": "Way", "__fid": 93305}, "geometry": {"type": "LineString", "coordinates": [[2.373981, 48.8946007], [2.3741397, 48.8945395]]}}, {"type": "Feature", "properties": {"highway": "pedestrian", "footway": null, "name": "Allée des Orgues de Flandre", "surface": "paving_stones", "lit": null, "length_m": 15.01, "type_element": "Way", "__fid": 93345}, "geometry": {"type": "LineString", "coordinates": [[2.3740698, 48.88973150000001], [2.3741978, 48.8898368]]}}, {"type": "Feature", "properties": {"highway": "footway", "footway": null, "name": "Allées Jacques Brel", "surface": null, "lit": "yes", "length_m": 158.72, "type_element": "Way", "__fid": 93409}, "geometry": {"type": "LineString", "coordinates": [[2.3741397, 48.8885594], [2.374095, 48.8885838], [2.3749517, 48.8892564], [2.3750375, 48.8892758], [2.3754759, 48.8896218]]}}, {"type": "Feature", "properties": {"highway": "footway", "footway": "crossing", "name": null, "surface": null, "lit": "yes", "length_m": 13.55, "type_element": "Way", "__fid": 93439}, "geometry": {"type": "LineString", "coordinates": [[2.3741057, 48.8929434], [2.3742633, 48.893007]]}}, {"type": "Feature", "properties": {"highway": "footway", "footway": "crossing", "name": null, "surface": null, "lit": "yes", "length_m": 13.17, "type_element": "Way", "__fid": 93440}, "geometry": {"type": "LineString", "coordinates": [[2.3741486, 48.8928302], [2.3741499, 48.8928641], [2.3741057, 48.8929434]]}}, {"type": "Feature", "properties": {"highway": "footway", "footway": "sidewalk", "name": null, "surface": "asphalt", "lit": null, "length_m": 39.25, "type_element": "Way", "__fid": 93499}, "geometry": {"type": "LineString", "coordinates": [[2.374496740000206, 48.89257322000016], [2.3744832, 48.8926009], [2.3742887, 48.892775100000016], [2.3741486, 48.8928302]]}}, {"type": "Feature", "properties": {"highway": "footway", "footway": null, "name": null, "surface": "unpaved", "lit": null, "length_m": 11.12, "type_element": "Way", "__fid": 93509}, "geometry": {"type": "LineString", "coordinates": [[2.3743167, 48.8899276], [2.3742308, 48.8899704], [2.3741868, 48.8899715]]}}, {"type": "Feature", "properties": {"highway": "footway", "footway": "sidewalk", "name": null, "surface": "asphalt", "lit": "yes", "length_m": 4.77, "type_element": "Way", "__fid": 93526}, "geometry": {"type": "LineString", "coordinates": [[2.3741397, 48.8945395], [2.37416, 48.89455920000002], [2.374184759999729, 48.89456910000008]]}}, {"type": "Feature", "properties": {"highway": "pedestrian", "footway": null, "name": "Allée des Orgues de Flandre", "surface": "paving_stones", "lit": null, "length_m": 13.34, "type_element": "Way", "__fid": 93527}, "geometry": {"type": "LineString", "coordinates": [[2.3741978, 48.8898368], [2.3743167, 48.8899276]]}}, {"type": "Feature", "properties": {"highway": "footway", "footway": null, "name": null, "surface": "sett", "lit": null, "length_m": 68.52, "type_element": "Way", "__fid": 93528}, "geometry": {"type": "LineString", "coordinates": [[2.3749148, 48.8894417], [2.3741978, 48.8898368]]}}, {"type": "Feature", "properties": {"highway": "footway", "footway": "crossing", "name": null, "surface": "asphalt", "lit": null, "length_m": 5.73, "type_element": "Way", "__fid": 93581}, "geometry": {"type": "LineString", "coordinates": [[2.3742317, 48.8946103], [2.374184759999729, 48.89456910000008]]}}, {"type": "Feature", "properties": {"highway": "footway", "footway": "sidewalk", "name": null, "surface": null, "lit": "yes", "length_m": 96.81, "type_element": "Way", "__fid": 93582}, "geometry": {"type": "LineString", "coordinates": [[2.374184759999729, 48.89456910000008], [2.3744088, 48.894457], [2.3752141, 48.894024]]}}, {"type": "Feature", "properties": {"highway": "footway", "footway": "sidewalk", "name": null, "surface": "asphalt", "lit": "yes", "length_m": 10.88, "type_element": "Way", "__fid": 93653}, "geometry": {"type": "LineString", "coordinates": [[2.3742981, 48.8946919], [2.3742277, 48.8946329], [2.3742317, 48.8946103]]}}, {"type": "Feature", "properties": {"highway": "footway", "footway": "sidewalk", "name": null, "surface": null, "lit": "yes", "length_m": 97.23, "type_element": "Way", "__fid": 93654}, "geometry": {"type": "LineString", "coordinates": [[2.3742317, 48.8946103], [2.3742532, 48.8945841], [2.3742867, 48.894565], [2.3752121, 48.8940796], [2.3752627, 48.894067]]}}, {"type": "Feature", "properties": {"highway": "footway", "footway": "sidewalk", "name": null, "surface": "asphalt", "lit": null, "length_m": 97.31, "type_element": "Way", "__fid": 93675}, "geometry": {"type": "LineString", "coordinates": [[2.3750532, 48.8923042], [2.3749854, 48.892354], [2.3742633, 48.893007]]}}, {"type": "Feature", "properties": {"highway": "pedestrian", "footway": null, "name": "Allée des Orgues de Flandre", "surface": "paving_stones", "lit": null, "length_m": 56.89, "type_element": "Way", "__fid": 93705}, "geometry": {"type": "LineString", "coordinates": [[2.3743167, 48.8899276], [2.3746149, 48.8901498], [2.3747813, 48.89016680000001], [2.3748858, 48.890244500000016]]}}, {"type": "Feature", "properties": {"highway": "footway", "footway": "sidewalk", "name": null, "surface": "asphalt", "lit": "yes", "length_m": 115.17, "type_element": "Way", "__fid": 93733}, "geometry": {"type": "LineString", "coordinates": [[2.374351, 48.88844779999999], [2.3747481, 48.8887714], [2.3753558, 48.8892437]]}}, {"type": "Feature", "properties": {"highway": "footway", "footway": "crossing", "name": null, "surface": null, "lit": null, "length_m": 6.0, "type_element": "Way", "__fid": 94009}, "geometry": {"type": "LineString", "coordinates": [[2.3745395, 48.89252860000001], [2.3745368, 48.8925401], [2.374496740000206, 48.89257322000016]]}}, {"type": "Feature", "properties": {"highway": "footway", "footway": "sidewalk", "name": null, "surface": null, "lit": null, "length_m": 43.36, "type_element": "Way", "__fid": 94065}, "geometry": {"type": "LineString", "coordinates": [[2.3745395, 48.89252860000001], [2.3745737, 48.8925123], [2.3749023, 48.8922222]]}}, {"type": "Feature", "properties": {"highway": "footway", "footway": "sidewalk", "name": null, "surface": null, "lit": null, "length_m": 38.87, "type_element": "Way", "__fid": 94097}, "geometry": {"type": "LineString", "coordinates": [[2.3749211, 48.892146], [2.374903, 48.892118199999985], [2.3745951, 48.8918718]]}}, {"type": "Feature", "properties": {"highway": "pedestrian", "footway": null, "name": null, "surface": null, "lit": null, "length_m": 6.93, "type_element": "Way", "__fid": 94098}, "geometry": {"type": "LineString", "coordinates": [[2.3746692, 48.89183309999998], [2.3745951, 48.8918718]]}}, {"type": "Feature", "properties": {"highway": "pedestrian", "footway": null, "name": "Allée des Orgues de Flandre", "surface": "paving_stones", "lit": null, "length_m": 64.34, "type_element": "Way", "__fid": 94359}, "geometry": {"type": "LineString", "coordinates": [[2.3748858, 48.890244500000016], [2.3751406, 48.8904392], [2.3754192, 48.890703]]}}, {"type": "Feature", "properties": {"highway": "pedestrian", "footway": null, "name": "Allée des Orgues de Flandre", "surface": "paving_stones", "lit": null, "length_m": 60.12, "type_element": "Way", "__fid": 94360}, "geometry": {"type": "LineString", "coordinates": [[2.3748858, 48.890244500000016], [2.375517, 48.8898995]]}}, {"type": "Feature", "properties": {"highway": "footway", "footway": "sidewalk", "name": null, "surface": "asphalt", "lit": "yes", "length_m": 41.29, "type_element": "Way", "__fid": 94378}, "geometry": {"type": "LineString", "coordinates": [[2.3749148, 48.8894417], [2.3752879, 48.8897198]]}}, {"type": "Feature", "properties": {"highway": "footway", "footway": null, "name": null, "surface": "sett", "lit": null, "length_m": 8.99, "type_element": "Way", "__fid": 94379}, "geometry": {"type": "LineString", "coordinates": [[2.3750089, 48.8893899], [2.3749148, 48.8894417]]}}, {"type": "Feature", "properties": {"highway": "footway", "footway": "crossing", "name": null, "surface": null, "lit": "yes", "length_m": 14.34, "type_element": "Way", "__fid": 94406}, "geometry": {"type": "LineString", "coordinates": [[2.3749023, 48.8922222], [2.3750532, 48.8923042]]}}, {"type": "Feature", "properties": {"highway": "footway", "footway": "sidewalk", "name": null, "surface": "asphalt", "lit": null, "length_m": 8.58, "type_element": "Way", "__fid": 94407}, "geometry": {"type": "LineString", "coordinates": [[2.3749023, 48.8922222], [2.3749211, 48.892146]]}}, {"type": "Feature", "properties": {"highway": "footway", "footway": "crossing", "name": null, "surface": "asphalt", "lit": null, "length_m": 17.51, "type_element": "Way", "__fid": 94418}, "geometry": {"type": "LineString", "coordinates": [[2.3749211, 48.892146], [2.3750491, 48.89204680000002], [2.3750585, 48.89202030000001]]}}, {"type": "Feature", "properties": {"highway": "footway", "footway": "sidewalk", "name": null, "surface": null, "lit": null, "length_m": 3.22, "type_element": "Way", "__fid": 94534}, "geometry": {"type": "LineString", "coordinates": [[2.3750961, 48.8922981], [2.3750532, 48.8923042]]}}, {"type": "Feature", "properties": {"highway": "footway", "footway": "sidewalk", "name": null, "surface": "asphalt", "lit": null, "length_m": 3.76, "type_element": "Way", "__fid": 94537}, "geometry": {"type": "LineString", "coordinates": [[2.3751095, 48.8920168], [2.3750585, 48.89202030000001]]}}, {"type": "Feature", "properties": {"highway": "footway", "footway": "sidewalk", "name": null, "surface": null, "lit": null, "length_m": 41.93, "type_element": "Way", "__fid": 94570}, "geometry": {"type": "LineString", "coordinates": [[2.3754957, 48.89255819999999], [2.3754441, 48.89253080000001], [2.375147, 48.89230470000001], [2.3750961, 48.8922981]]}}, {"type": "Feature", "properties": {"highway": "footway", "footway": "crossing", "name": null, "surface": null, "lit": "yes", "length_m": 19.51, "type_element": "Way", "__fid": 94571}, "geometry": {"type": "LineString", "coordinates": [[2.3752483, 48.8921667], [2.3752067, 48.8921755], [2.3750927, 48.8922817], [2.3750961, 48.8922981]]}}, {"type": "Feature", "properties": {"highway": "footway", "footway": "crossing", "name": null, "surface": null, "lit": "yes", "length_m": 14.83, "type_element": "Way", "__fid": 94583}, "geometry": {"type": "LineString", "coordinates": [[2.3751095, 48.8920168], [2.375131, 48.8920406], [2.3752537, 48.8921085]]}}, {"type": "Feature", "properties": {"highway": "footway", "footway": "sidewalk", "name": null, "surface": "asphalt", "lit": null, "length_m": 101.27, "type_element": "Way", "__fid": 94584}, "geometry": {"type": "LineString", "coordinates": [[2.3759343, 48.891286700000016], [2.3752168, 48.8919348], [2.3751095, 48.8920168]]}}, {"type": "Feature", "properties": {"highway": "pedestrian", "footway": null, "name": "Impasse des Anglais", "surface": "sett", "lit": null, "length_m": 8.45, "type_element": "Way", "__fid": 94687}, "geometry": {"type": "LineString", "coordinates": [[2.3752622, 48.8892881], [2.3753558, 48.8892437]]}}, {"type": "Feature", "properties": {"highway": "footway", "footway": "crossing", "name": null, "surface": null, "lit": "yes", "length_m": 5.96, "type_element": "Way", "__fid": 94702}, "geometry": {"type": "LineString", "coordinates": [[2.3752141, 48.894024], [2.3752627, 48.894067]]}}, {"type": "Feature", "properties": {"highway": "footway", "footway": "sidewalk", "name": null, "surface": null, "lit": null, "length_m": 51.45, "type_element": "Way", "__fid": 94703}, "geometry": {"type": "LineString", "coordinates": [[2.3752141, 48.894024], [2.3752798, 48.8939694], [2.3757036, 48.8937516], [2.3756915, 48.8937137]]}}, {"type": "Feature", "properties": {"highway": "footway", "footway": "sidewalk", "name": null, "surface": null, "lit": null, "length_m": 45.6, "type_element": "Way", "__fid": 94709}, "geometry": {"type": "LineString", "coordinates": [[2.3756164, 48.8924912], [2.3752563, 48.892202799999986], [2.3752483, 48.8921667]]}}, {"type": "Feature", "properties": {"highway": "footway", "footway": "sidewalk", "name": null, "surface": null, "lit": null, "length_m": 6.48, "type_element": "Way", "__fid": 94710}, "geometry": {"type": "LineString", "coordinates": [[2.3752483, 48.8921667], [2.3752537, 48.8921085]]}}, {"type": "Feature", "properties": {"highway": "footway", "footway": "sidewalk", "name": null, "surface": "asphalt", "lit": null, "length_m": 102.95, "type_element": "Way", "__fid": 94712}, "geometry": {"type": "LineString", "coordinates": [[2.3752537, 48.8921085], [2.375308, 48.8920692], [2.3760845, 48.8913625]]}}, {"type": "Feature", "properties": {"highway": "footway", "footway": "sidewalk", "name": null, "surface": "asphalt", "lit": null, "length_m": 26.11, "type_element": "Way", "__fid": 94715}, "geometry": {"type": "LineString", "coordinates": [[2.3752879, 48.8897198], [2.375517, 48.8898995]]}}, {"type": "Feature", "properties": {"highway": "footway", "footway": "crossing", "name": null, "surface": "asphalt", "lit": "yes", "length_m": 17.57, "type_element": "Way", "__fid": 94716}, "geometry": {"type": "LineString", "coordinates": [[2.3752879, 48.8897198], [2.3754759, 48.8896218]]}}, {"type": "Feature", "properties": {"highway": "footway", "footway": "sidewalk", "name": null, "surface": null, "lit": null, "length_m": 14.58, "type_element": "Way", "__fid": 94724}, "geometry": {"type": "LineString", "coordinates": [[2.375249, 48.8935774], [2.3752778, 48.8937071]]}}, {"type": "Feature", "properties": {"highway": "footway", "footway": "sidewalk", "name": null, "surface": null, "lit": null, "length_m": 100.0, "type_element": "Way", "__fid": 94725}, "geometry": {"type": "LineString", "coordinates": [[2.375249, 48.8935774], [2.3753435, 48.8935708], [2.3753784, 48.8935532], [2.3765049, 48.8934774], [2.3765948, 48.89346280000002]]}}, {"type": "Feature", "properties": {"highway": "footway", "footway": "sidewalk", "name": null, "surface": null, "lit": null, "length_m": 77.41, "type_element": "Way", "__fid": 94746}, "geometry": {"type": "LineString", "coordinates": [[2.3752627, 48.894067], [2.3760536, 48.8936621], [2.3760764, 48.89362950000001]]}}, {"type": "Feature", "properties": {"highway": "footway", "footway": "sidewalk", "name": null, "surface": null, "lit": null, "length_m": 31.79, "type_element": "Way", "__fid": 94754}, "geometry": {"type": "LineString", "coordinates": [[2.3756915, 48.8937137], [2.3756553, 48.893687200000016], [2.3755849, 48.8936846], [2.3752778, 48.8937071]]}}, {"type": "Feature", "properties": {"highway": "footway", "footway": "sidewalk", "name": null, "surface": null, "lit": null, "length_m": 37.5, "type_element": "Way", "__fid": 94781}, "geometry": {"type": "LineString", "coordinates": [[2.3753558, 48.8892437], [2.3756748, 48.889507299999984]]}}, {"type": "Feature", "properties": {"highway": "pedestrian", "footway": null, "name": "Impasse des Anglais", "surface": "sett", "lit": null, "length_m": 70.77, "type_element": "Way", "__fid": 94782}, "geometry": {"type": "LineString", "coordinates": [[2.3753558, 48.8892437], [2.3758167, 48.8890318], [2.376136, 48.8888694]]}}, {"type": "Feature", "properties": {"highway": "pedestrian", "footway": null, "name": "Allée des Orgues de Flandre", "surface": "asphalt", "lit": null, "length_m": 8.88, "type_element": "Way", "__fid": 94862}, "geometry": {"type": "LineString", "coordinates": [[2.375491, 48.8907673], [2.3754192, 48.890703]]}}, {"type": "Feature", "properties": {"highway": "footway", "footway": "sidewalk", "name": null, "surface": null, "lit": null, "length_m": 40.05, "type_element": "Way", "__fid": 94863}, "geometry": {"type": "LineString", "coordinates": [[2.3759463, 48.8906086], [2.3754192, 48.890703]]}}, {"type": "Feature", "properties": {"highway": "footway", "footway": null, "name": "Allées Jacques Brel", "surface": null, "lit": "yes", "length_m": 117.05, "type_element": "Way", "__fid": 94911}, "geometry": {"type": "LineString", "coordinates": [[2.3754759, 48.8896218], [2.3764996, 48.8904295]]}}, {"type": "Feature", "properties": {"highway": "footway", "footway": "crossing", "name": null, "surface": null, "lit": "yes", "length_m": 19.36, "type_element": "Way", "__fid": 94912}, "geometry": {"type": "LineString", "coordinates": [[2.3756748, 48.889507299999984], [2.3754759, 48.8896218]]}}, {"type": "Feature", "properties": {"highway": "footway", "footway": "sidewalk", "name": null, "surface": null, "lit": null, "length_m": 6.9, "type_element": "Way", "__fid": 94940}, "geometry": {"type": "LineString", "coordinates": [[2.3755182, 48.8908267], [2.375491, 48.8907673]]}}, {"type": "Feature", "properties": {"highway": "pedestrian", "footway": null, "name": "Rue Mathis", "surface": "sett", "lit": null, "length_m": 62.67, "type_element": "Way", "__fid": 94941}, "geometry": {"type": "LineString", "coordinates": [[2.375491, 48.8907673], [2.3762268, 48.890634], [2.3763085, 48.8906066]]}}, {"type": "Feature", "properties": {"highway": "footway", "footway": "sidewalk", "name": null, "surface": "asphalt", "lit": null, "length_m": 68.02, "type_element": "Way", "__fid": 94964}, "geometry": {"type": "LineString", "coordinates": [[2.375517, 48.8898995], [2.3760925, 48.89037930000001]]}}, {"type": "Feature", "properties": {"highway": "pedestrian", "footway": null, "name": "Allée des Orgues de Flandre", "surface": "paving_stones", "lit": null, "length_m": 7.3, "type_element": "Way", "__fid": 94965}, "geometry": {"type": "LineString", "coordinates": [[2.375517, 48.8898995], [2.3755936, 48.8898576]]}}, {"type": "Feature", "properties": {"highway": "footway", "footway": "sidewalk", "name": null, "surface": "asphalt", "lit": "yes", "length_m": 127.13, "type_element": "Way", "__fid": 94978}, "geometry": {"type": "LineString", "coordinates": [[2.3766075, 48.8934306], [2.3765928, 48.8934112], [2.3761784, 48.8930965], [2.376173, 48.8930749], [2.3754957, 48.89255819999999]]}}, {"type": "Feature", "properties": {"highway": "footway", "footway": "crossing", "name": null, "surface": null, "lit": "yes", "length_m": 11.57, "type_element": "Way", "__fid": 94979}, "geometry": {"type": "LineString", "coordinates": [[2.3756164, 48.8924912], [2.3754957, 48.89255819999999]]}}, {"type": "Feature", "properties": {"highway": "footway", "footway": "sidewalk", "name": null, "surface": "asphalt", "lit": null, "length_m": 63.83, "type_element": "Way", "__fid": 94982}, "geometry": {"type": "LineString", "coordinates": [[2.3755182, 48.8908267], [2.3763593, 48.89067869999998]]}}, {"type": "Feature", "properties": {"highway": "footway", "footway": "sidewalk", "name": null, "surface": "asphalt", "lit": "yes", "length_m": 129.37, "type_element": "Way", "__fid": 95136}, "geometry": {"type": "LineString", "coordinates": [[2.3767483, 48.8933826], [2.3766974, 48.8933553], [2.3756164, 48.8924912]]}}, {"type": "Feature", "properties": {"highway": "footway", "footway": "sidewalk", "name": null, "surface": "asphalt", "lit": null, "length_m": 39.71, "type_element": "Way", "__fid": 95160}, "geometry": {"type": "LineString", "coordinates": [[2.3760335, 48.8897612], [2.3759722, 48.8897555], [2.3756748, 48.889507299999984]]}}, {"type": "Feature", "properties": {"highway": "footway", "footway": "sidewalk", "name": null, "surface": null, "lit": null, "length_m": 30.49, "type_element": "Way", "__fid": 95261}, "geometry": {"type": "LineString", "coordinates": [[2.3756915, 48.8937137], [2.3759765, 48.8936242], [2.3760764, 48.89362950000001]]}}, {"type": "Feature", "properties": {"highway": "footway", "footway": "sidewalk", "name": null, "surface": null, "lit": "yes", "length_m": 13.87, "type_element": "Way", "__fid": 95484}, "geometry": {"type": "LineString", "coordinates": [[2.3759343, 48.891286700000016], [2.3760845, 48.8913625]]}}, {"type": "Feature", "properties": {"highway": "footway", "footway": "sidewalk", "name": null, "surface": null, "lit": null, "length_m": 72.76, "type_element": "Way", "__fid": 95485}, "geometry": {"type": "LineString", "coordinates": [[2.3765198, 48.89075839999999], [2.3759343, 48.891286700000016]]}}, {"type": "Feature", "properties": {"highway": "footway", "footway": "sidewalk", "name": null, "surface": "asphalt", "lit": null, "length_m": 28.16, "type_element": "Way", "__fid": 95487}, "geometry": {"type": "LineString", "coordinates": [[2.3760925, 48.89037930000001], [2.3760456, 48.8904993], [2.3759946, 48.890576], [2.3759463, 48.8906086]]}}, {"type": "Feature", "properties": {"highway": "footway", "footway": "sidewalk", "name": null, "surface": null, "lit": null, "length_m": 27.46, "type_element": "Way", "__fid": 95488}, "geometry": {"type": "LineString", "coordinates": [[2.3759463, 48.8906086], [2.3763071, 48.8905425]]}}, {"type": "Feature", "properties": {"highway": "service", "footway": null, "name": null, "surface": null, "lit": null, "length_m": 68.15, "type_element": "Way", "__fid": 95507}, "geometry": {"type": "LineString", "coordinates": [[2.3759912, 48.888337], [2.3760442, 48.8884663], [2.37635, 48.8887423], [2.3764298, 48.8887806], [2.3764995, 48.8887798], [2.3765291, 48.8887626]]}}, {"type": "Feature", "properties": {"highway": "footway", "footway": "crossing", "name": null, "surface": "asphalt", "lit": "yes", "length_m": 9.43, "type_element": "Way", "__fid": 95575}, "geometry": {"type": "LineString", "coordinates": [[2.3760335, 48.8897612], [2.3760399, 48.8897784], [2.3761033, 48.8898309]]}}, {"type": "Feature", "properties": {"highway": "footway", "footway": "sidewalk", "name": null, "surface": "asphalt", "lit": null, "length_m": 172.6, "type_element": "Way", "__fid": 95576}, "geometry": {"type": "LineString", "coordinates": [[2.3779345, 48.88884590000002], [2.3760335, 48.8897612]]}}, {"type": "Feature", "properties": {"highway": "footway", "footway": "sidewalk", "name": null, "surface": "asphalt", "lit": null, "length_m": 24.02, "type_element": "Way", "__fid": 95628}, "geometry": {"type": "LineString", "coordinates": [[2.3760925, 48.89037930000001], [2.3763071, 48.8905425]]}}, {"type": "Feature", "properties": {"highway": "footway", "footway": "sidewalk", "name": null, "surface": "asphalt", "lit": null, "length_m": 73.1, "type_element": "Way", "__fid": 95636}, "geometry": {"type": "LineString", "coordinates": [[2.3760845, 48.8913625], [2.3766699, 48.89083040000002]]}}, {"type": "Feature", "properties": {"highway": "footway", "footway": "sidewalk", "name": null, "surface": "asphalt", "lit": null, "length_m": 84.7, "type_element": "Way", "__fid": 95639}, "geometry": {"type": "LineString", "coordinates": [[2.3767924, 48.8904291], [2.376635, 48.89026960000001], [2.3760986, 48.8898639], [2.3761033, 48.8898309]]}}, {"type": "Feature", "properties": {"highway": "footway", "footway": "sidewalk", "name": null, "surface": "asphalt", "lit": null, "length_m": 173.02, "type_element": "Way", "__fid": 95640}, "geometry": {"type": "LineString", "coordinates": [[2.3761033, 48.8898309], [2.3780056, 48.8889103]]}}, {"type": "Feature", "properties": {"highway": "footway", "footway": "sidewalk", "name": null, "surface": "asphalt", "lit": "yes", "length_m": 44.45, "type_element": "Way", "__fid": 95662}, "geometry": {"type": "LineString", "coordinates": [[2.3760764, 48.89362950000001], [2.3760986, 48.8936202], [2.3766739, 48.8935717]]}}, {"type": "Feature", "properties": {"highway": "footway", "footway": "sidewalk", "name": null, "surface": "asphalt", "lit": null, "length_m": 7.46, "type_element": "Way", "__fid": 95882}, "geometry": {"type": "LineString", "coordinates": [[2.3763071, 48.8905425], [2.3762938, 48.89058570000001], [2.3763085, 48.8906066]]}}, {"type": "Feature", "properties": {"highway": "footway", "footway": "crossing", "name": null, "surface": null, "lit": "yes", "length_m": 18.95, "type_element": "Way", "__fid": 95883}, "geometry": {"type": "LineString", "coordinates": [[2.3763071, 48.8905425], [2.376349, 48.890510800000015], [2.3764996, 48.8904295]]}}, {"type": "Feature", "properties": {"highway": "footway", "footway": "crossing", "name": null, "surface": null, "lit": null, "length_m": 5.46, "type_element": "Way", "__fid": 95884}, "geometry": {"type": "LineString", "coordinates": [[2.3763085, 48.8906066], [2.3763399, 48.8906511]]}}, {"type": "Feature", "properties": {"highway": "pedestrian", "footway": null, "name": "Rue Mathis", "surface": "asphalt", "lit": null, "length_m": 12.41, "type_element": "Way", "__fid": 95885}, "geometry": {"type": "LineString", "coordinates": [[2.3763085, 48.8906066], [2.3764425, 48.8905385]]}}, {"type": "Feature", "properties": {"highway": "footway", "footway": "sidewalk", "name": null, "surface": null, "lit": null, "length_m": 3.38, "type_element": "Way", "__fid": 95936}, "geometry": {"type": "LineString", "coordinates": [[2.3763593, 48.89067869999998], [2.3763399, 48.8906511]]}}, {"type": "Feature", "properties": {"highway": "steps", "footway": null, "name": null, "surface": "asphalt", "lit": null, "length_m": 9.5, "type_element": "Way", "__fid": 95937}, "geometry": {"type": "LineString", "coordinates": [[2.3763399, 48.8906511], [2.376465447125198, 48.89063004761632]]}}, {"type": "Feature", "properties": {"highway": "footway", "footway": "sidewalk", "name": null, "surface": null, "lit": null, "length_m": 10.06, "type_element": "Way", "__fid": 95961}, "geometry": {"type": "LineString", "coordinates": [[2.3763593, 48.89067869999998], [2.3764928, 48.890658]]}}, {"type": "Feature", "properties": {"highway": "footway", "footway": "sidewalk", "name": null, "surface": null, "lit": null, "length_m": 3.7, "type_element": "Way", "__fid": 96106}, "geometry": {"type": "LineString", "coordinates": [[2.3764928, 48.890658], [2.376465447125198, 48.89063004761632]]}}, {"type": "Feature", "properties": {"highway": "footway", "footway": "crossing", "name": null, "surface": null, "lit": null, "length_m": 17.29, "type_element": "Way", "__fid": 96107}, "geometry": {"type": "LineString", "coordinates": [[2.376465447125198, 48.89063004761632], [2.3764563, 48.8906207], [2.3764636, 48.8906144], [2.3766193, 48.8905246]]}}, {"type": "Feature", "properties": {"highway": "footway", "footway": null, "name": null, "surface": null, "lit": null, "length_m": 21.82, "type_element": "Way", "__fid": 96108}, "geometry": {"type": "LineString", "coordinates": [[2.376465447125198, 48.89063004761632], [2.3765219, 48.8906229], [2.376551, 48.8906325], [2.3766233, 48.8905926], [2.3767029, 48.8906458]]}}, {"type": "Feature", "properties": {"highway": "footway", "footway": "sidewalk", "name": null, "surface": null, "lit": null, "length_m": 14.05, "type_element": "Way", "__fid": 96158}, "geometry": {"type": "LineString", "coordinates": [[2.3764928, 48.890658], [2.376525, 48.8906681], [2.3765563, 48.89070090000001], [2.3765481, 48.890733099999984], [2.3765198, 48.89075839999999]]}}, {"type": "Feature", "properties": {"highway": "footway", "footway": null, "name": "Allées Jacques Brel", "surface": null, "lit": "yes", "length_m": 13.74, "type_element": "Way", "__fid": 96160}, "geometry": {"type": "LineString", "coordinates": [[2.3764996, 48.8904295], [2.3766193, 48.8905246]]}}, {"type": "Feature", "properties": {"highway": "footway", "footway": "crossing", "name": null, "surface": "asphalt", "lit": "yes", "length_m": 13.61, "type_element": "Way", "__fid": 96193}, "geometry": {"type": "LineString", "coordinates": [[2.3766699, 48.89083040000002], [2.3765198, 48.89075839999999]]}}, {"type": "Feature", "properties": {"highway": "footway", "footway": "crossing", "name": null, "surface": null, "lit": null, "length_m": 35.15, "type_element": "Way", "__fid": 96340}, "geometry": {"type": "LineString", "coordinates": [[2.3766193, 48.8905246], [2.3769318, 48.8907643]]}}, {"type": "Feature", "properties": {"highway": "footway", "footway": "crossing", "name": null, "surface": null, "lit": "yes", "length_m": 16.55, "type_element": "Way", "__fid": 96341}, "geometry": {"type": "LineString", "coordinates": [[2.3767924, 48.8904291], [2.3766193, 48.8905246]]}}, {"type": "Feature", "properties": {"highway": "footway", "footway": "crossing", "name": null, "surface": null, "lit": "yes", "length_m": 13.43, "type_element": "Way", "__fid": 96356}, "geometry": {"type": "LineString", "coordinates": [[2.3765948, 48.89346280000002], [2.3766739, 48.8935717]]}}, {"type": "Feature", "properties": {"highway": "footway", "footway": "sidewalk", "name": null, "surface": null, "lit": null, "length_m": 3.7, "type_element": "Way", "__fid": 96357}, "geometry": {"type": "LineString", "coordinates": [[2.3765948, 48.89346280000002], [2.3766075, 48.8934306]]}}, {"type": "Feature", "properties": {"highway": "footway", "footway": "crossing", "name": null, "surface": null, "lit": "yes", "length_m": 11.62, "type_element": "Way", "__fid": 96371}, "geometry": {"type": "LineString", "coordinates": [[2.3767483, 48.8933826], [2.3766075, 48.8934306]]}}, {"type": "Feature", "properties": {"highway": "footway", "footway": "sidewalk", "name": null, "surface": "asphalt", "lit": null, "length_m": 6.9, "type_element": "Way", "__fid": 96418}, "geometry": {"type": "LineString", "coordinates": [[2.3766699, 48.89083040000002], [2.3767434, 48.89086919999996]]}}, {"type": "Feature", "properties": {"highway": "footway", "footway": "sidewalk", "name": null, "surface": null, "lit": "yes", "length_m": 9.12, "type_element": "Way", "__fid": 96454}, "geometry": {"type": "LineString", "coordinates": [[2.3766739, 48.8935717], [2.3767349, 48.89356330000001], [2.3767859, 48.893586700000014]]}}, {"type": "Feature", "properties": {"highway": "footway", "footway": "sidewalk", "name": null, "surface": null, "lit": null, "length_m": 48.04, "type_element": "Way", "__fid": 96488}, "geometry": {"type": "LineString", "coordinates": [[2.3767434, 48.89086919999996], [2.3771587, 48.8912033]]}}, {"type": "Feature", "properties": {"highway": "footway", "footway": "crossing", "name": null, "surface": "asphalt", "lit": "yes", "length_m": 18.08, "type_element": "Way", "__fid": 96489}, "geometry": {"type": "LineString", "coordinates": [[2.3769318, 48.8907643], [2.3767434, 48.89086919999996]]}}, {"type": "Feature", "properties": {"highway": "pedestrian", "footway": null, "name": "Rue Colette Magny", "surface": "paving_stones", "lit": "yes", "length_m": 81.26, "type_element": "Way", "__fid": 96499}, "geometry": {"type": "LineString", "coordinates": [[2.3767025, 48.894758], [2.3775829, 48.89431409999999]]}}, {"type": "Feature", "properties": {"highway": "footway", "footway": "sidewalk", "name": null, "surface": null, "lit": "yes", "length_m": 2.46, "type_element": "Way", "__fid": 96544}, "geometry": {"type": "LineString", "coordinates": [[2.3767805, 48.8933888], [2.3767483, 48.8933826]]}}, {"type": "Feature", "properties": {"highway": "footway", "footway": "sidewalk", "name": null, "surface": "asphalt", "lit": null, "length_m": 8.88, "type_element": "Way", "__fid": 96555}, "geometry": {"type": "LineString", "coordinates": [[2.3768985, 48.8904512], [2.3768536, 48.8904578], [2.3767924, 48.8904291]]}}, {"type": "Feature", "properties": {"highway": "footway", "footway": "crossing", "name": null, "surface": null, "lit": "yes", "length_m": 18.03, "type_element": "Way", "__fid": 96582}, "geometry": {"type": "LineString", "coordinates": [[2.3769129, 48.8935254], [2.3767805, 48.8933888]]}}, {"type": "Feature", "properties": {"highway": "footway", "footway": "sidewalk", "name": null, "surface": "asphalt", "lit": "yes", "length_m": 45.5, "type_element": "Way", "__fid": 96583}, "geometry": {"type": "LineString", "coordinates": [[2.3772848, 48.8931533], [2.3768449, 48.8933729], [2.3767805, 48.8933888]]}}, {"type": "Feature", "properties": {"highway": "footway", "footway": "sidewalk", "name": null, "surface": "asphalt", "lit": "yes", "length_m": 92.3, "type_element": "Way", "__fid": 96594}, "geometry": {"type": "LineString", "coordinates": [[2.3767859, 48.893586700000014], [2.3769984, 48.893775], [2.3769931, 48.8938058], [2.3775128, 48.8942542]]}}, {"type": "Feature", "properties": {"highway": "footway", "footway": "crossing", "name": null, "surface": null, "lit": "yes", "length_m": 9.95, "type_element": "Way", "__fid": 96595}, "geometry": {"type": "LineString", "coordinates": [[2.3767859, 48.893586700000014], [2.3769029, 48.8935413]]}}, {"type": "Feature", "properties": {"highway": "footway", "footway": "crossing", "name": null, "surface": "asphalt", "lit": "yes", "length_m": 12.13, "type_element": "Way", "__fid": 96680}, "geometry": {"type": "LineString", "coordinates": [[2.3768985, 48.8904512], [2.3769126, 48.8904728], [2.3770065, 48.8905319]]}}, {"type": "Feature", "properties": {"highway": "footway", "footway": "sidewalk", "name": null, "surface": "asphalt", "lit": null, "length_m": 39.25, "type_element": "Way", "__fid": 96681}, "geometry": {"type": "LineString", "coordinates": [[2.3772499, 48.8901849], [2.3768985, 48.8904512]]}}, {"type": "Feature", "properties": {"highway": "footway", "footway": null, "name": null, "surface": "asphalt", "lit": "yes", "length_m": 47.94, "type_element": "Way", "__fid": 96715}, "geometry": {"type": "LineString", "coordinates": [[2.3769318, 48.8907643], [2.3773526, 48.8910943]]}}, {"type": "Feature", "properties": {"highway": "footway", "footway": "crossing", "name": null, "surface": "paving_stones", "lit": "yes", "length_m": 16.85, "type_element": "Way", "__fid": 96716}, "geometry": {"type": "LineString", "coordinates": [[2.3771054, 48.890665], [2.3769318, 48.8907643]]}}, {"type": "Feature", "properties": {"highway": "footway", "footway": "sidewalk", "name": null, "surface": "asphalt", "lit": "yes", "length_m": 91.9, "type_element": "Way", "__fid": 96719}, "geometry": {"type": "LineString", "coordinates": [[2.3776616, 48.8941991], [2.3769029, 48.8935413]]}}, {"type": "Feature", "properties": {"highway": "footway", "footway": "sidewalk", "name": null, "surface": null, "lit": "yes", "length_m": 1.91, "type_element": "Way", "__fid": 96720}, "geometry": {"type": "LineString", "coordinates": [[2.3769029, 48.8935413], [2.3769129, 48.8935254]]}}, {"type": "Feature", "properties": {"highway": "footway", "footway": "sidewalk", "name": null, "surface": "asphalt", "lit": "yes", "length_m": 45.67, "type_element": "Way", "__fid": 96727}, "geometry": {"type": "LineString", "coordinates": [[2.3769129, 48.8935254], [2.3774142, 48.893281600000016]]}}, {"type": "Feature", "properties": {"highway": "footway", "footway": "sidewalk", "name": null, "surface": "asphalt", "lit": null, "length_m": 17.35, "type_element": "Way", "__fid": 96777}, "geometry": {"type": "LineString", "coordinates": [[2.3771054, 48.890665], [2.3770112, 48.89059179999999], [2.3770065, 48.8905319]]}}, {"type": "Feature", "properties": {"highway": "footway", "footway": "sidewalk", "name": null, "surface": "asphalt", "lit": null, "length_m": 42.11, "type_element": "Way", "__fid": 96778}, "geometry": {"type": "LineString", "coordinates": [[2.3770065, 48.8905319], [2.3770414, 48.89049310000002], [2.3773505, 48.890229]]}}, {"type": "Feature", "properties": {"highway": "footway", "footway": "sidewalk", "name": null, "surface": "asphalt", "lit": null, "length_m": 48.29, "type_element": "Way", "__fid": 96876}, "geometry": {"type": "LineString", "coordinates": [[2.3775235, 48.8909992], [2.3774628, 48.8909327], [2.3771054, 48.890665]]}}, {"type": "Feature", "properties": {"highway": "footway", "footway": "sidewalk", "name": null, "surface": null, "lit": null, "length_m": 16.68, "type_element": "Way", "__fid": 96932}, "geometry": {"type": "LineString", "coordinates": [[2.3771587, 48.8912033], [2.3772997, 48.891321]]}}, {"type": "Feature", "properties": {"highway": "footway", "footway": "crossing", "name": null, "surface": null, "lit": "yes", "length_m": 18.68, "type_element": "Way", "__fid": 96933}, "geometry": {"type": "LineString", "coordinates": [[2.3771587, 48.8912033], [2.3773526, 48.8910943]]}}, {"type": "Feature", "properties": {"highway": "footway", "footway": "crossing", "name": null, "surface": "asphalt", "lit": "yes", "length_m": 8.86, "type_element": "Way", "__fid": 97028}, "geometry": {"type": "LineString", "coordinates": [[2.3772499, 48.8901849], [2.3773505, 48.890229]]}}, {"type": "Feature", "properties": {"highway": "footway", "footway": "sidewalk", "name": null, "surface": "asphalt", "lit": "yes", "length_m": 49.34, "type_element": "Way", "__fid": 97029}, "geometry": {"type": "LineString", "coordinates": [[2.3776556, 48.8898309], [2.3772499, 48.8901849]]}}, {"type": "Feature", "properties": {"highway": "footway", "footway": "sidewalk", "name": null, "surface": null, "lit": null, "length_m": 9.55, "type_element": "Way", "__fid": 97074}, "geometry": {"type": "LineString", "coordinates": [[2.3772997, 48.891321], [2.377385, 48.8913859]]}}, {"type": "Feature", "properties": {"highway": "steps", "footway": null, "name": null, "surface": "asphalt", "lit": "yes", "length_m": 16.43, "type_element": "Way", "__fid": 97075}, "geometry": {"type": "LineString", "coordinates": [[2.3773852, 48.89143], [2.3772673, 48.8913381], [2.3772997, 48.891321]]}}, {"type": "Feature", "properties": {"highway": "footway", "footway": "crossing", "name": null, "surface": null, "lit": "yes", "length_m": 17.13, "type_element": "Way", "__fid": 97081}, "geometry": {"type": "LineString", "coordinates": [[2.3774142, 48.893281600000016], [2.3772848, 48.8931533]]}}, {"type": "Feature", "properties": {"highway": "footway", "footway": "sidewalk", "name": null, "surface": "asphalt", "lit": "yes", "length_m": 133.3, "type_element": "Way", "__fid": 97082}, "geometry": {"type": "LineString", "coordinates": [[2.3787336, 48.89242919999998], [2.3772848, 48.8931533]]}}, {"type": "Feature", "properties": {"highway": "footway", "footway": "sidewalk", "name": null, "surface": "asphalt", "lit": null, "length_m": 5.23, "type_element": "Way", "__fid": 97107}, "geometry": {"type": "LineString", "coordinates": [[2.3773505, 48.890229], [2.3773766, 48.8902061], [2.3774021, 48.8901986]]}}, {"type": "Feature", "properties": {"highway": "footway", "footway": "crossing", "name": null, "surface": "asphalt", "lit": "yes", "length_m": 26.47, "type_element": "Way", "__fid": 97123}, "geometry": {"type": "LineString", "coordinates": [[2.3775889, 48.8912742], [2.3773526, 48.8910943]]}}, {"type": "Feature", "properties": {"highway": "footway", "footway": "crossing", "name": null, "surface": "asphalt", "lit": "yes", "length_m": 16.4, "type_element": "Way", "__fid": 97124}, "geometry": {"type": "LineString", "coordinates": [[2.3775235, 48.8909992], [2.3773526, 48.8910943]]}}, {"type": "Feature", "properties": {"highway": "pedestrian", "footway": null, "name": "Rue Gresset", "surface": "sett", "lit": null, "length_m": 6.56, "type_element": "Way", "__fid": 97127}, "geometry": {"type": "LineString", "coordinates": [[2.3774228, 48.89018320000001], [2.3773667, 48.8901373]]}}, {"type": "Feature", "properties": {"highway": "footway", "footway": "sidewalk", "name": null, "surface": null, "lit": null, "length_m": 3.83, "type_element": "Way", "__fid": 97148}, "geometry": {"type": "LineString", "coordinates": [[2.377418580225181, 48.89141225190748], [2.377385, 48.8913859]]}}, {"type": "Feature", "properties": {"highway": "footway", "footway": "crossing", "name": null, "surface": "asphalt", "lit": "yes", "length_m": 19.44, "type_element": "Way", "__fid": 97149}, "geometry": {"type": "LineString", "coordinates": [[2.377385, 48.8913859], [2.3775889, 48.8912742]]}}, {"type": "Feature", "properties": {"highway": "steps", "footway": null, "name": null, "surface": null, "lit": null, "length_m": 14.37, "type_element": "Way", "__fid": 97151}, "geometry": {"type": "LineString", "coordinates": [[2.3775174, 48.8914898], [2.3774876, 48.8915075], [2.3773852, 48.89143]]}}, {"type": "Feature", "properties": {"highway": "footway", "footway": null, "name": null, "surface": null, "lit": null, "length_m": 3.14, "type_element": "Way", "__fid": 97152}, "geometry": {"type": "LineString", "coordinates": [[2.377418580225181, 48.89141225190748], [2.3773852, 48.89143]]}}, {"type": "Feature", "properties": {"highway": "footway", "footway": "sidewalk", "name": null, "surface": "asphalt", "lit": null, "length_m": 83.71, "type_element": "Way", "__fid": 97155}, "geometry": {"type": "LineString", "coordinates": [[2.3774021, 48.8901986], [2.3774283, 48.89020559999999], [2.377906, 48.8905839], [2.3779292, 48.8906243], [2.3781018, 48.89076950000001], [2.3781045, 48.8907836]]}}, {"type": "Feature", "properties": {"highway": "footway", "footway": "sidewalk", "name": null, "surface": "asphalt", "lit": null, "length_m": 2.29, "type_element": "Way", "__fid": 97156}, "geometry": {"type": "LineString", "coordinates": [[2.3774021, 48.8901986], [2.3774228, 48.89018320000001]]}}, {"type": "Feature", "properties": {"highway": "pedestrian", "footway": null, "name": "Rue Gresset", "surface": "sett", "lit": null, "length_m": 83.67, "type_element": "Way", "__fid": 97169}, "geometry": {"type": "LineString", "coordinates": [[2.378142, 48.89076739999999], [2.3774228, 48.89018320000001]]}}, {"type": "Feature", "properties": {"highway": "footway", "footway": "crossing", "name": null, "surface": "asphalt", "lit": null, "length_m": 2.15, "type_element": "Way", "__fid": 97170}, "geometry": {"type": "LineString", "coordinates": [[2.377447860000033, 48.89017316000006], [2.3774228, 48.89018320000001]]}}, {"type": "Feature", "properties": {"highway": "footway", "footway": "sidewalk", "name": null, "surface": null, "lit": null, "length_m": 11.26, "type_element": "Way", "__fid": 97183}, "geometry": {"type": "LineString", "coordinates": [[2.3775174, 48.8914898], [2.377418580225181, 48.89141225190748]]}}, {"type": "Feature", "properties": {"highway": "footway", "footway": null, "name": null, "surface": null, "lit": null, "length_m": 19.49, "type_element": "Way", "__fid": 97184}, "geometry": {"type": "LineString", "coordinates": [[2.377625523780314, 48.891302220609056], [2.377418580225181, 48.89141225190748]]}}, {"type": "Feature", "properties": {"highway": "footway", "footway": "sidewalk", "name": null, "surface": "asphalt", "lit": null, "length_m": 83.84, "type_element": "Way", "__fid": 97194}, "geometry": {"type": "LineString", "coordinates": [[2.3781867, 48.8907451], [2.3781447, 48.8907307], [2.3779365, 48.8905489], [2.377447860000033, 48.89017316000006]]}}, {"type": "Feature", "properties": {"highway": "footway", "footway": "sidewalk", "name": null, "surface": "asphalt", "lit": "yes", "length_m": 40.32, "type_element": "Way", "__fid": 97195}, "geometry": {"type": "LineString", "coordinates": [[2.377447860000033, 48.89017316000006], [2.3774494, 48.8901503], [2.377741639999811, 48.889870540000096]]}}, {"type": "Feature", "properties": {"highway": "footway", "footway": "sidewalk", "name": null, "surface": "asphalt", "lit": "yes", "length_m": 108.09, "type_element": "Way", "__fid": 97197}, "geometry": {"type": "LineString", "coordinates": [[2.3774142, 48.893281600000016], [2.378469, 48.8927504], [2.3785724, 48.89268160000001]]}}, {"type": "Feature", "properties": {"highway": "footway", "footway": "sidewalk", "name": null, "surface": null, "lit": null, "length_m": 19.55, "type_element": "Way", "__fid": 97265}, "geometry": {"type": "LineString", "coordinates": [[2.3776876, 48.8916251], [2.3775174, 48.8914898]]}}, {"type": "Feature", "properties": {"highway": "footway", "footway": "sidewalk", "name": null, "surface": "asphalt", "lit": null, "length_m": 8.85, "type_element": "Way", "__fid": 97266}, "geometry": {"type": "LineString", "coordinates": [[2.3776281, 48.8910305], [2.377555, 48.89102170000001], [2.3775235, 48.8909992]]}}, {"type": "Feature", "properties": {"highway": "footway", "footway": "sidewalk", "name": null, "surface": null, "lit": "yes", "length_m": 8.41, "type_element": "Way", "__fid": 97292}, "geometry": {"type": "LineString", "coordinates": [[2.3775128, 48.8942542], [2.3775829, 48.89431409999999]]}}, {"type": "Feature", "properties": {"highway": "footway", "footway": "crossing", "name": null, "surface": "asphalt", "lit": "yes", "length_m": 12.51, "type_element": "Way", "__fid": 97293}, "geometry": {"type": "LineString", "coordinates": [[2.3776616, 48.8941991], [2.3775128, 48.8942542]]}}, {"type": "Feature", "properties": {"highway": "footway", "footway": null, "name": null, "surface": "asphalt", "lit": "yes", "length_m": 4.11, "type_element": "Way", "__fid": 97330}, "geometry": {"type": "LineString", "coordinates": [[2.3775889, 48.8912742], [2.377625523780314, 48.891302220609056]]}}, {"type": "Feature", "properties": {"highway": "footway", "footway": "crossing", "name": null, "surface": "asphalt", "lit": "yes", "length_m": 17.16, "type_element": "Way", "__fid": 97331}, "geometry": {"type": "LineString", "coordinates": [[2.3777689, 48.891175599999976], [2.3775889, 48.8912742]]}}, {"type": "Feature", "properties": {"highway": "footway", "footway": "sidewalk", "name": null, "surface": null, "lit": "yes", "length_m": 147.53, "type_element": "Way", "__fid": 97369}, "geometry": {"type": "LineString", "coordinates": [[2.3775829, 48.89431409999999], [2.3776583, 48.8943675], [2.3778608, 48.8945381], [2.3783167, 48.8949375], [2.3787895, 48.895375]]}}, {"type": "Feature", "properties": {"highway": "pedestrian", "footway": null, "name": "Rue Colette Magny", "surface": "paving_stones", "lit": "yes", "length_m": 6.99, "type_element": "Way", "__fid": 97370}, "geometry": {"type": "LineString", "coordinates": [[2.3775829, 48.89431409999999], [2.3776586, 48.8942759]]}}, {"type": "Feature", "properties": {"highway": "footway", "footway": null, "name": null, "surface": null, "lit": null, "length_m": 6.51, "type_element": "Way", "__fid": 97371}, "geometry": {"type": "LineString", "coordinates": [[2.3776165, 48.8916602], [2.3776876, 48.8916251]]}}, {"type": "Feature", "properties": {"highway": "footway", "footway": "crossing", "name": null, "surface": "asphalt", "lit": "yes", "length_m": 9.68, "type_element": "Way", "__fid": 97374}, "geometry": {"type": "LineString", "coordinates": [[2.3776281, 48.8910305], [2.3777132, 48.89109710000001]]}}, {"type": "Feature", "properties": {"highway": "footway", "footway": "sidewalk", "name": null, "surface": "asphalt", "lit": null, "length_m": 44.76, "type_element": "Way", "__fid": 97375}, "geometry": {"type": "LineString", "coordinates": [[2.3781045, 48.8907836], [2.3780998, 48.8907947], [2.3780398, 48.8908317], [2.3776764, 48.8910133], [2.3776281, 48.8910305]]}}, {"type": "Feature", "properties": {"highway": "footway", "footway": null, "name": null, "surface": "asphalt", "lit": "yes", "length_m": 137.64, "type_element": "Way", "__fid": 97376}, "geometry": {"type": "LineString", "coordinates": [[2.377625523780314, 48.891302220609056], [2.378851, 48.8922398]]}}, {"type": "Feature", "properties": {"highway": "footway", "footway": null, "name": null, "surface": null, "lit": null, "length_m": 28.6, "type_element": "Way", "__fid": 97377}, "geometry": {"type": "LineString", "coordinates": [[2.377932586325247, 48.891300086712405], [2.3778313, 48.8913454], [2.3777651, 48.8913405], [2.3776786, 48.891274], [2.377625523780314, 48.891302220609056]]}}, {"type": "Feature", "properties": {"highway": "footway", "footway": "crossing", "name": null, "surface": "asphalt", "lit": "yes", "length_m": 7.7, "type_element": "Way", "__fid": 97394}, "geometry": {"type": "LineString", "coordinates": [[2.3776556, 48.8898309], [2.377741639999811, 48.889870540000096]]}}, {"type": "Feature", "properties": {"highway": "footway", "footway": "sidewalk", "name": null, "surface": "asphalt", "lit": "yes", "length_m": 40.09, "type_element": "Way", "__fid": 97395}, "geometry": {"type": "LineString", "coordinates": [[2.3779862, 48.8895438], [2.3776556, 48.8898309]]}}, {"type": "Feature", "properties": {"highway": "footway", "footway": "sidewalk", "name": null, "surface": null, "lit": null, "length_m": 28.45, "type_element": "Way", "__fid": 97436}, "geometry": {"type": "LineString", "coordinates": [[2.37794, 48.8918194], [2.3776876, 48.8916251]]}}, {"type": "Feature", "properties": {"highway": "footway", "footway": "sidewalk", "name": null, "surface": null, "lit": "yes", "length_m": 96.71, "type_element": "Way", "__fid": 97443}, "geometry": {"type": "LineString", "coordinates": [[2.3784648, 48.894889], [2.3776616, 48.8941991]]}}, {"type": "Feature", "properties": {"highway": "footway", "footway": "sidewalk", "name": null, "surface": "asphalt", "lit": null, "length_m": 10.24, "type_element": "Way", "__fid": 97455}, "geometry": {"type": "LineString", "coordinates": [[2.3777132, 48.89109710000001], [2.3777139, 48.8911341], [2.3777689, 48.891175599999976]]}}, {"type": "Feature", "properties": {"highway": "footway", "footway": "sidewalk", "name": null, "surface": "asphalt", "lit": null, "length_m": 129.49, "type_element": "Way", "__fid": 97456}, "geometry": {"type": "LineString", "coordinates": [[2.3791101, 48.8903846], [2.3777132, 48.89109710000001]]}}, {"type": "Feature", "properties": {"highway": "footway", "footway": "sidewalk", "name": null, "surface": "asphalt", "lit": "yes", "length_m": 40.03, "type_element": "Way", "__fid": 97466}, "geometry": {"type": "LineString", "coordinates": [[2.3780814, 48.8895888], [2.377741639999811, 48.889870540000096]]}}, {"type": "Feature", "properties": {"highway": "footway", "footway": "sidewalk", "name": null, "surface": "asphalt", "lit": null, "length_m": 18.32, "type_element": "Way", "__fid": 97496}, "geometry": {"type": "LineString", "coordinates": [[2.3777689, 48.891175599999976], [2.377932586325247, 48.891300086712405]]}}, {"type": "Feature", "properties": {"highway": "footway", "footway": null, "name": null, "surface": null, "lit": null, "length_m": 6.79, "type_element": "Way", "__fid": 97567}, "geometry": {"type": "LineString", "coordinates": [[2.3778691, 48.8918587], [2.37794, 48.8918194]]}}, {"type": "Feature", "properties": {"highway": "pedestrian", "footway": null, "name": "Impasse de Joinville", "surface": null, "lit": null, "length_m": 6.95, "type_element": "Way", "__fid": 97575}, "geometry": {"type": "LineString", "coordinates": [[2.3778888, 48.8913622], [2.3779614, 48.891322]]}}, {"type": "Feature", "properties": {"highway": "footway", "footway": "sidewalk", "name": null, "surface": null, "lit": null, "length_m": 21.54, "type_element": "Way", "__fid": 97584}, "geometry": {"type": "LineString", "coordinates": [[2.3778909, 48.8921887], [2.3779203, 48.8922127], [2.3778785, 48.89223490000001], [2.3778199, 48.892187], [2.3778618, 48.8921649], [2.3778909, 48.8921887]]}}, {"type": "Feature", "properties": {"highway": "footway", "footway": null, "name": null, "surface": null, "lit": null, "length_m": 29.33, "type_element": "Way", "__fid": 97585}, "geometry": {"type": "LineString", "coordinates": [[2.3778909, 48.8921887], [2.3782051, 48.892025400000016]]}}, {"type": "Feature", "properties": {"highway": "footway", "footway": "crossing", "name": null, "surface": "asphalt", "lit": "yes", "length_m": 8.86, "type_element": "Way", "__fid": 97591}, "geometry": {"type": "LineString", "coordinates": [[2.3780056, 48.8889103], [2.3779345, 48.88884590000002]]}}, {"type": "Feature", "properties": {"highway": "footway", "footway": "sidewalk", "name": null, "surface": "asphalt", "lit": null, "length_m": 36.47, "type_element": "Way", "__fid": 97592}, "geometry": {"type": "LineString", "coordinates": [[2.3783221, 48.8886414], [2.3781773, 48.8887306], [2.3779345, 48.88884590000002]]}}, {"type": "Feature", "properties": {"highway": "footway", "footway": "sidewalk", "name": null, "surface": "asphalt", "lit": null, "length_m": 3.23, "type_element": "Way", "__fid": 97607}, "geometry": {"type": "LineString", "coordinates": [[2.377932586325247, 48.891300086712405], [2.3779614, 48.891322]]}}, {"type": "Feature", "properties": {"highway": "footway", "footway": null, "name": null, "surface": null, "lit": null, "length_m": 6.99, "type_element": "Way", "__fid": 97608}, "geometry": {"type": "LineString", "coordinates": [[2.378011434720229, 48.89126481154904], [2.377932586325247, 48.891300086712405]]}}, {"type": "Feature", "properties": {"highway": "footway", "footway": "sidewalk", "name": null, "surface": null, "lit": null, "length_m": 19.27, "type_element": "Way", "__fid": 97624}, "geometry": {"type": "LineString", "coordinates": [[2.37811, 48.8919515], [2.37794, 48.8918194]]}}, {"type": "Feature", "properties": {"highway": "footway", "footway": "sidewalk", "name": null, "surface": "asphalt", "lit": null, "length_m": 119.98, "type_element": "Way", "__fid": 97631}, "geometry": {"type": "LineString", "coordinates": [[2.3779614, 48.891322], [2.3790289, 48.8921397]]}}, {"type": "Feature", "properties": {"highway": "pedestrian", "footway": null, "name": "Impasse de Joinville", "surface": null, "lit": null, "length_m": 3.75, "type_element": "Way", "__fid": 97632}, "geometry": {"type": "LineString", "coordinates": [[2.3779614, 48.891322], [2.3780016, 48.8913012]]}}, {"type": "Feature", "properties": {"highway": "footway", "footway": "crossing", "name": null, "surface": "asphalt", "lit": "yes", "length_m": 8.59, "type_element": "Way", "__fid": 97633}, "geometry": {"type": "LineString", "coordinates": [[2.3779862, 48.8895438], [2.3780814, 48.8895888]]}}, {"type": "Feature", "properties": {"highway": "footway", "footway": "sidewalk", "name": null, "surface": "asphalt", "lit": "yes", "length_m": 56.29, "type_element": "Way", "__fid": 97634}, "geometry": {"type": "LineString", "coordinates": [[2.3784455, 48.8891382], [2.3779862, 48.8895438]]}}, {"type": "Feature", "properties": {"highway": "footway", "footway": "sidewalk", "name": null, "surface": "asphalt", "lit": null, "length_m": 38.23, "type_element": "Way", "__fid": 97644}, "geometry": {"type": "LineString", "coordinates": [[2.3780056, 48.8889103], [2.3780445, 48.8889067], [2.3780834, 48.8889178], [2.3784361, 48.889091]]}}, {"type": "Feature", "properties": {"highway": "footway", "footway": null, "name": null, "surface": null, "lit": null, "length_m": 4.11, "type_element": "Way", "__fid": 97675}, "geometry": {"type": "LineString", "coordinates": [[2.3780016, 48.8913012], [2.378011434720229, 48.89126481154904]]}}, {"type": "Feature", "properties": {"highway": "pedestrian", "footway": null, "name": "Impasse de Joinville", "surface": null, "lit": null, "length_m": 154.33, "type_element": "Way", "__fid": 97676}, "geometry": {"type": "LineString", "coordinates": [[2.3780016, 48.8913012], [2.3783775, 48.8911066], [2.3784372, 48.8910562], [2.3793391, 48.8905798], [2.3791101, 48.8903846]]}}, {"type": "Feature", "properties": {"highway": "footway", "footway": null, "name": null, "surface": null, "lit": null, "length_m": 13.42, "type_element": "Way", "__fid": 97689}, "geometry": {"type": "LineString", "coordinates": [[2.378011434720229, 48.89126481154904], [2.3780166, 48.89124570000001], [2.3780584, 48.89122380000001], [2.3780736, 48.891237], [2.378011434720229, 48.89126481154904]]}}, {"type": "Feature", "properties": {"highway": "pedestrian", "footway": null, "name": "Rue Émélie", "surface": "sett", "lit": null, "length_m": 5.45, "type_element": "Way", "__fid": 97714}, "geometry": {"type": "LineString", "coordinates": [[2.3780629, 48.8895276], [2.3781185, 48.8895601]]}}, {"type": "Feature", "properties": {"highway": "service", "footway": null, "name": null, "surface": "asphalt", "lit": null, "length_m": 6.84, "type_element": "Way", "__fid": 97721}, "geometry": {"type": "LineString", "coordinates": [[2.3780389, 48.8919913], [2.37811, 48.8919515]]}}, {"type": "Feature", "properties": {"highway": "footway", "footway": "sidewalk", "name": null, "surface": "asphalt", "lit": "yes", "length_m": 4.19, "type_element": "Way", "__fid": 97738}, "geometry": {"type": "LineString", "coordinates": [[2.3781185, 48.8895601], [2.3780814, 48.8895888]]}}, {"type": "Feature", "properties": {"highway": "footway", "footway": null, "name": "Allée des Eiders", "surface": null, "lit": null, "length_m": 12.19, "type_element": "Way", "__fid": 97748}, "geometry": {"type": "LineString", "coordinates": [[2.3780384, 48.8939998], [2.3782039, 48.8939893]]}}, {"type": "Feature", "properties": {"highway": "pedestrian", "footway": null, "name": "Rue Émélie", "surface": "sett", "lit": null, "length_m": 78.15, "type_element": "Way", "__fid": 97779}, "geometry": {"type": "LineString", "coordinates": [[2.3781185, 48.8895601], [2.3786349, 48.8898616], [2.3786938, 48.88987310000001], [2.3789106, 48.8900234]]}}, {"type": "Feature", "properties": {"highway": "footway", "footway": "sidewalk", "name": null, "surface": "asphalt", "lit": "yes", "length_m": 51.77, "type_element": "Way", "__fid": 97780}, "geometry": {"type": "LineString", "coordinates": [[2.3785447, 48.8891889], [2.3781185, 48.8895601]]}}, {"type": "Feature", "properties": {"highway": "footway", "footway": "crossing", "name": null, "surface": "asphalt", "lit": null, "length_m": 3.29, "type_element": "Way", "__fid": 97781}, "geometry": {"type": "LineString", "coordinates": [[2.3781045, 48.8907836], [2.378142, 48.89076739999999]]}}, {"type": "Feature", "properties": {"highway": "footway", "footway": "sidewalk", "name": null, "surface": null, "lit": null, "length_m": 10.78, "type_element": "Way", "__fid": 97801}, "geometry": {"type": "LineString", "coordinates": [[2.3782051, 48.892025400000016], [2.37811, 48.8919515]]}}, {"type": "Feature", "properties": {"highway": "service", "footway": null, "name": null, "surface": "asphalt", "lit": null, "length_m": 9.6, "type_element": "Way", "__fid": 97802}, "geometry": {"type": "LineString", "coordinates": [[2.37811, 48.8919515], [2.3782097, 48.8918956]]}}, {"type": "Feature", "properties": {"highway": "footway", "footway": null, "name": "Allée des Eiders", "surface": null, "lit": null, "length_m": 21.5, "type_element": "Way", "__fid": 97811}, "geometry": {"type": "LineString", "coordinates": [[2.3782039, 48.8939893], [2.3781852, 48.8938942], [2.3780961, 48.8938164]]}}, {"type": "Feature", "properties": {"highway": "pedestrian", "footway": null, "name": "Rue Gresset", "surface": "sett", "lit": null, "length_m": 5.25, "type_element": "Way", "__fid": 97821}, "geometry": {"type": "LineString", "coordinates": [[2.3781872, 48.890804], [2.378142, 48.89076739999999]]}}, {"type": "Feature", "properties": {"highway": "footway", "footway": "crossing", "name": null, "surface": "asphalt", "lit": null, "length_m": 4.11, "type_element": "Way", "__fid": 97822}, "geometry": {"type": "LineString", "coordinates": [[2.378142, 48.89076739999999], [2.3781867, 48.8907451]]}}, {"type": "Feature", "properties": {"highway": "footway", "footway": "sidewalk", "name": null, "surface": "asphalt", "lit": null, "length_m": 86.85, "type_element": "Way", "__fid": 97861}, "geometry": {"type": "LineString", "coordinates": [[2.3781867, 48.8907451], [2.3782088, 48.8907422], [2.3791274, 48.8902731]]}}, {"type": "Feature", "properties": {"highway": "footway", "footway": "sidewalk", "name": null, "surface": null, "lit": null, "length_m": 48.99, "type_element": "Way", "__fid": 97897}, "geometry": {"type": "LineString", "coordinates": [[2.3786705, 48.8923415], [2.3782051, 48.892025400000016]]}}, {"type": "Feature", "properties": {"highway": "footway", "footway": null, "name": "Allée des Eiders", "surface": null, "lit": null, "length_m": 3.55, "type_element": "Way", "__fid": 97923}, "geometry": {"type": "LineString", "coordinates": [[2.3782101, 48.894021], [2.3782039, 48.8939893]]}}, {"type": "Feature", "properties": {"highway": "footway", "footway": null, "name": "Allée des Eiders", "surface": null, "lit": null, "length_m": 8.98, "type_element": "Way", "__fid": 97927}, "geometry": {"type": "LineString", "coordinates": [[2.3783315, 48.8940103], [2.3782101, 48.894021]]}}, {"type": "Feature", "properties": {"highway": "footway", "footway": "sidewalk", "name": null, "surface": "paving_stones", "lit": "yes", "length_m": 35.81, "type_element": "Way", "__fid": 97976}, "geometry": {"type": "LineString", "coordinates": [[2.3783221, 48.8886414], [2.3787, 48.8888454]]}}, {"type": "Feature", "properties": {"highway": "footway", "footway": null, "name": "Allée des Eiders", "surface": null, "lit": null, "length_m": 32.82, "type_element": "Way", "__fid": 98044}, "geometry": {"type": "LineString", "coordinates": [[2.3787469, 48.89393759999999], [2.3784159, 48.8939665], [2.3783898, 48.8939778], [2.3783582, 48.894008], [2.3783315, 48.8940103]]}}, {"type": "Feature", "properties": {"highway": "footway", "footway": "sidewalk", "name": null, "surface": "asphalt", "lit": null, "length_m": 5.74, "type_element": "Way", "__fid": 98083}, "geometry": {"type": "LineString", "coordinates": [[2.3784361, 48.889091], [2.3784562, 48.8891162], [2.3784455, 48.8891382]]}}, {"type": "Feature", "properties": {"highway": "footway", "footway": "sidewalk", "name": null, "surface": "paving_stones", "lit": "yes", "length_m": 33.47, "type_element": "Way", "__fid": 98084}, "geometry": {"type": "LineString", "coordinates": [[2.3784361, 48.889091], [2.3787, 48.8888454]]}}, {"type": "Feature", "properties": {"highway": "footway", "footway": "crossing", "name": null, "surface": "asphalt", "lit": "yes", "length_m": 9.2, "type_element": "Way", "__fid": 98099}, "geometry": {"type": "LineString", "coordinates": [[2.3784455, 48.8891382], [2.3785447, 48.8891889]]}}, {"type": "Feature", "properties": {"highway": "pedestrian", "footway": null, "name": "Allée des Eiders", "surface": "asphalt", "lit": "yes", "length_m": 82.17, "type_element": "Way", "__fid": 98161}, "geometry": {"type": "LineString", "coordinates": [[2.3784648, 48.894889], [2.3785078, 48.894863], [2.3790057, 48.8942442]]}}, {"type": "Feature", "properties": {"highway": "footway", "footway": "sidewalk", "name": null, "surface": "asphalt", "lit": "yes", "length_m": 5.61, "type_element": "Way", "__fid": 98174}, "geometry": {"type": "LineString", "coordinates": [[2.3786198, 48.8891902], [2.3785712, 48.88918469999998], [2.3785447, 48.8891889]]}}, {"type": "Feature", "properties": {"highway": "footway", "footway": null, "name": "Allée des Eiders", "surface": null, "lit": null, "length_m": 7.65, "type_element": "Way", "__fid": 98178}, "geometry": {"type": "LineString", "coordinates": [[2.3785058, 48.89262870000001], [2.3785724, 48.89268160000001]]}}, {"type": "Feature", "properties": {"highway": "footway", "footway": null, "name": "Allée des Eiders", "surface": null, "lit": null, "length_m": 59.28, "type_element": "Way", "__fid": 98220}, "geometry": {"type": "LineString", "coordinates": [[2.3785724, 48.89268160000001], [2.3790027, 48.8930238], [2.378962, 48.8931082]]}}, {"type": "Feature", "properties": {"highway": "footway", "footway": "sidewalk", "name": null, "surface": "asphalt", "lit": "yes", "length_m": 27.2, "type_element": "Way", "__fid": 98221}, "geometry": {"type": "LineString", "coordinates": [[2.3788782, 48.8925457], [2.3788069, 48.8925643], [2.3785724, 48.89268160000001]]}}, {"type": "Feature", "properties": {"highway": "footway", "footway": "sidewalk", "name": null, "surface": "asphalt", "lit": "yes", "length_m": 47.23, "type_element": "Way", "__fid": 98229}, "geometry": {"type": "LineString", "coordinates": [[2.3791345, 48.8894455], [2.3786198, 48.8891902]]}}, {"type": "Feature", "properties": {"highway": "footway", "footway": "crossing", "name": null, "surface": "asphalt", "lit": "yes", "length_m": 9.23, "type_element": "Way", "__fid": 98230}, "geometry": {"type": "LineString", "coordinates": [[2.3786198, 48.8891902], [2.3787027, 48.8891277]]}}, {"type": "Feature", "properties": {"highway": "footway", "footway": "crossing", "name": null, "surface": "sett", "lit": "yes", "length_m": 18.13, "type_element": "Way", "__fid": 98277}, "geometry": {"type": "LineString", "coordinates": [[2.3789206, 48.888918], [2.3787676, 48.88887419999999], [2.3787, 48.8888454]]}}, {"type": "Feature", "properties": {"highway": "footway", "footway": "crossing", "name": "Promenade Florence Arthaud", "surface": "asphalt", "lit": "yes", "length_m": 19.41, "type_element": "Way", "__fid": 98278}, "geometry": {"type": "LineString", "coordinates": [[2.3788614, 48.888707], [2.3787, 48.8888454]]}}, {"type": "Feature", "properties": {"highway": "footway", "footway": "sidewalk", "name": null, "surface": "asphalt", "lit": "yes", "length_m": 30.77, "type_element": "Way", "__fid": 98284}, "geometry": {"type": "LineString", "coordinates": [[2.379049, 48.8892806], [2.3790039, 48.8892727], [2.3787027, 48.8891277]]}}, {"type": "Feature", "properties": {"highway": "footway", "footway": "sidewalk", "name": null, "surface": "asphalt", "lit": "yes", "length_m": 29.13, "type_element": "Way", "__fid": 98285}, "geometry": {"type": "LineString", "coordinates": [[2.3787027, 48.8891277], [2.3786936, 48.8891109], [2.3789206, 48.888918]]}}, {"type": "Feature", "properties": {"highway": "footway", "footway": "sidewalk", "name": null, "surface": "asphalt", "lit": null, "length_m": 11.28, "type_element": "Way", "__fid": 98288}, "geometry": {"type": "LineString", "coordinates": [[2.3787336, 48.89242919999998], [2.3787372, 48.89240559999999], [2.3786705, 48.8923415]]}}, {"type": "Feature", "properties": {"highway": "footway", "footway": "crossing", "name": null, "surface": "asphalt", "lit": "yes", "length_m": 17.41, "type_element": "Way", "__fid": 98289}, "geometry": {"type": "LineString", "coordinates": [[2.3786705, 48.8923415], [2.378851, 48.8922398]]}}, {"type": "Feature", "properties": {"highway": "pedestrian", "footway": null, "name": "Allée des Eiders", "surface": "asphalt", "lit": "yes", "length_m": 60.47, "type_element": "Way", "__fid": 98294}, "geometry": {"type": "LineString", "coordinates": [[2.3787469, 48.89393759999999], [2.3786097, 48.8938305], [2.3785474, 48.8937628], [2.3785286, 48.8937179], [2.3785252, 48.8936665], [2.3785373, 48.8936145], [2.3785682, 48.893566], [2.3786688, 48.8934646]]}}, {"type": "Feature", "properties": {"highway": "footway", "footway": null, "name": "Allée des Eiders", "surface": "asphalt", "lit": null, "length_m": 16.84, "type_element": "Way", "__fid": 98295}, "geometry": {"type": "LineString", "coordinates": [[2.3787652, 48.89338510000002], [2.3787161, 48.8933759], [2.378669, 48.8933889], [2.3786443, 48.8934182], [2.3786527, 48.8934513], [2.3786688, 48.8934646]]}}, {"type": "Feature", "properties": {"highway": "footway", "footway": "crossing", "name": null, "surface": "asphalt", "lit": null, "length_m": 16.74, "type_element": "Way", "__fid": 98335}, "geometry": {"type": "LineString", "coordinates": [[2.3788782, 48.8925457], [2.3787336, 48.89242919999998]]}}, {"type": "Feature", "properties": {"highway": "pedestrian", "footway": null, "name": "Allée des Eiders", "surface": "asphalt", "lit": "yes", "length_m": 40.87, "type_element": "Way", "__fid": 98353}, "geometry": {"type": "LineString", "coordinates": [[2.3790057, 48.8942442], [2.3790066, 48.8941564], [2.3789712, 48.894112], [2.3789296, 48.8940662], [2.3787469, 48.89393759999999]]}}, {"type": "Feature", "properties": {"highway": "steps", "footway": null, "name": null, "surface": null, "lit": null, "length_m": 34.06, "type_element": "Way", "__fid": 98372}, "geometry": {"type": "LineString", "coordinates": [[2.378962, 48.8931082], [2.378872, 48.8932139], [2.3787652, 48.89338510000002]]}}, {"type": "Feature", "properties": {"highway": "footway", "footway": "sidewalk", "name": null, "surface": "paving_stones", "lit": "yes", "length_m": 3.1, "type_element": "Way", "__fid": 98395}, "geometry": {"type": "LineString", "coordinates": [[2.3788614, 48.888707], [2.3788951, 48.8887238]]}}, {"type": "Feature", "properties": {"highway": "footway", "footway": "crossing", "name": null, "surface": "asphalt", "lit": null, "length_m": 36.31, "type_element": "Way", "__fid": 98406}, "geometry": {"type": "LineString", "coordinates": [[2.378851, 48.8922398], [2.3791751, 48.8924867]]}}, {"type": "Feature", "properties": {"highway": "footway", "footway": "crossing", "name": null, "surface": null, "lit": "yes", "length_m": 17.15, "type_element": "Way", "__fid": 98407}, "geometry": {"type": "LineString", "coordinates": [[2.378851, 48.8922398], [2.3790289, 48.8921397]]}}, {"type": "Feature", "properties": {"highway": "footway", "footway": "crossing", "name": null, "surface": "asphalt", "lit": "yes", "length_m": 14.57, "type_element": "Way", "__fid": 98412}, "geometry": {"type": "LineString", "coordinates": [[2.3788951, 48.8887238], [2.3790495, 48.8888063]]}}, {"type": "Feature", "properties": {"highway": "footway", "footway": "sidewalk", "name": null, "surface": "paving_stones", "lit": null, "length_m": 39.14, "type_element": "Way", "__fid": 98413}, "geometry": {"type": "LineString", "coordinates": [[2.379244699999914, 48.888467666666706], [2.3791653, 48.88848740000001], [2.3788951, 48.8887238]]}}, {"type": "Feature", "properties": {"highway": "footway", "footway": "sidewalk", "name": null, "surface": "asphalt", "lit": "yes", "length_m": 15.61, "type_element": "Way", "__fid": 98429}, "geometry": {"type": "LineString", "coordinates": [[2.3789206, 48.888918], [2.3790495, 48.8888063]]}}, {"type": "Feature", "properties": {"highway": "footway", "footway": "sidewalk", "name": null, "surface": "asphalt", "lit": null, "length_m": 9.85, "type_element": "Way", "__fid": 98430}, "geometry": {"type": "LineString", "coordinates": [[2.3789852, 48.8925915], [2.3789397, 48.8925555], [2.3788782, 48.8925457]]}}, {"type": "Feature", "properties": {"highway": "pedestrian", "footway": null, "name": "Rue Émélie", "surface": "asphalt", "lit": null, "length_m": 28.83, "type_element": "Way", "__fid": 98431}, "geometry": {"type": "LineString", "coordinates": [[2.3791267, 48.8901953], [2.3789318, 48.89009440000001], [2.3788998, 48.89006180000002], [2.3788735, 48.8900492], [2.3789106, 48.8900234]]}}, {"type": "Feature", "properties": {"highway": "footway", "footway": null, "name": "Allée des Eiders", "surface": null, "lit": null, "length_m": 47.71, "type_element": "Way", "__fid": 98508}, "geometry": {"type": "LineString", "coordinates": [[2.378962, 48.8931082], [2.3791716, 48.8931584], [2.3792391, 48.893164200000015], [2.3795946, 48.8931285]]}}, {"type": "Feature", "properties": {"highway": "footway", "footway": "sidewalk", "name": null, "surface": "asphalt", "lit": null, "length_m": 75.01, "type_element": "Way", "__fid": 98526}, "geometry": {"type": "LineString", "coordinates": [[2.3795946, 48.8931285], [2.3795338, 48.89303169999999], [2.3789852, 48.8925915]]}}, {"type": "Feature", "properties": {"highway": "footway", "footway": "crossing", "name": null, "surface": "asphalt", "lit": "yes", "length_m": 18.16, "type_element": "Way", "__fid": 98527}, "geometry": {"type": "LineString", "coordinates": [[2.3789852, 48.8925915], [2.3791751, 48.8924867]]}}, {"type": "Feature", "properties": {"highway": "footway", "footway": "sidewalk", "name": null, "surface": "asphalt", "lit": "yes", "length_m": 25.46, "type_element": "Way", "__fid": 98544}, "geometry": {"type": "LineString", "coordinates": [[2.3790495, 48.8888063], [2.3791985, 48.888679400000015], [2.379283, 48.8886396]]}}, {"type": "Feature", "properties": {"highway": "pedestrian", "footway": null, "name": "Rue Jomard", "surface": "asphalt", "lit": "yes", "length_m": 11.25, "type_element": "Way", "__fid": 98555}, "geometry": {"type": "LineString", "coordinates": [[2.3790473, 48.889353800000016], [2.3791695, 48.889415]]}}, {"type": "Feature", "properties": {"highway": "footway", "footway": "crossing", "name": null, "surface": "sett", "lit": null, "length_m": 9.06, "type_element": "Way", "__fid": 98558}, "geometry": {"type": "LineString", "coordinates": [[2.379049, 48.8892806], [2.3790557, 48.8893009], [2.3791301, 48.8893366]]}}, {"type": "Feature", "properties": {"highway": "footway", "footway": "sidewalk", "name": null, "surface": "asphalt", "lit": null, "length_m": 66.72, "type_element": "Way", "__fid": 98559}, "geometry": {"type": "LineString", "coordinates": [[2.3795948, 48.88880050000002], [2.379049, 48.8892806]]}}, {"type": "Feature", "properties": {"highway": "footway", "footway": "sidewalk", "name": null, "surface": null, "lit": null, "length_m": 15.87, "type_element": "Way", "__fid": 98572}, "geometry": {"type": "LineString", "coordinates": [[2.3790289, 48.8921397], [2.3791462, 48.89222489999999], [2.3791878, 48.8922284]]}}, {"type": "Feature", "properties": {"highway": "pedestrian", "footway": null, "name": "Allée des Eiders", "surface": "asphalt", "lit": "yes", "length_m": 61.78, "type_element": "Way", "__fid": 98575}, "geometry": {"type": "LineString", "coordinates": [[2.3790057, 48.8942442], [2.3793392, 48.89426660000002], [2.3798436, 48.89423080000001]]}}, {"type": "Feature", "properties": {"highway": "pedestrian", "footway": null, "name": "Impasse de Joinville", "surface": null, "lit": null, "length_m": 4.06, "type_element": "Way", "__fid": 98591}, "geometry": {"type": "LineString", "coordinates": [[2.3791101, 48.8903846], [2.3790762, 48.890355699999986]]}}, {"type": "Feature", "properties": {"highway": "footway", "footway": "sidewalk", "name": null, "surface": "asphalt", "lit": null, "length_m": 8.71, "type_element": "Way", "__fid": 98613}, "geometry": {"type": "LineString", "coordinates": [[2.3792039, 48.8903366], [2.3791101, 48.8903846]]}}, {"type": "Feature", "properties": {"highway": "footway", "footway": "sidewalk", "name": null, "surface": "sett", "lit": null, "length_m": 6.63, "type_element": "Way", "__fid": 98620}, "geometry": {"type": "LineString", "coordinates": [[2.3791301, 48.8893366], [2.3791583, 48.8893662], [2.3791871, 48.8893819]]}}, {"type": "Feature", "properties": {"highway": "footway", "footway": "sidewalk", "name": null, "surface": "sett", "lit": null, "length_m": 25.98, "type_element": "Way", "__fid": 98621}, "geometry": {"type": "LineString", "coordinates": [[2.3793427, 48.8891497], [2.3791301, 48.8893366]]}}, {"type": "Feature", "properties": {"highway": "footway", "footway": "sidewalk", "name": null, "surface": "asphalt", "lit": "yes", "length_m": 71.17, "type_element": "Way", "__fid": 98624}, "geometry": {"type": "LineString", "coordinates": [[2.3798476, 48.8898556], [2.3798556, 48.88983540000001], [2.3798168, 48.8897885], [2.3791345, 48.8894455]]}}, {"type": "Feature", "properties": {"highway": "footway", "footway": "crossing", "name": null, "surface": "asphalt", "lit": "yes", "length_m": 4.25, "type_element": "Way", "__fid": 98625}, "geometry": {"type": "LineString", "coordinates": [[2.3791345, 48.8894455], [2.3791695, 48.889415]]}}, {"type": "Feature", "properties": {"highway": "pedestrian", "footway": null, "name": "Rue Émélie", "surface": "asphalt", "lit": null, "length_m": 6.77, "type_element": "Way", "__fid": 98626}, "geometry": {"type": "LineString", "coordinates": [[2.3791267, 48.8901953], [2.3791824, 48.8902438]]}}, {"type": "Feature", "properties": {"highway": "footway", "footway": "crossing", "name": null, "surface": "asphalt", "lit": "yes", "length_m": 9.02, "type_element": "Way", "__fid": 98628}, "geometry": {"type": "LineString", "coordinates": [[2.3791274, 48.8902731], [2.3792039, 48.8903366]]}}, {"type": "Feature", "properties": {"highway": "footway", "footway": "sidewalk", "name": null, "surface": "asphalt", "lit": "yes", "length_m": 5.18, "type_element": "Way", "__fid": 98629}, "geometry": {"type": "LineString", "coordinates": [[2.3791274, 48.8902731], [2.3791824, 48.8902438]]}}, {"type": "Feature", "properties": {"highway": "pedestrian", "footway": null, "name": "Rue Jomard", "surface": "asphalt", "lit": "yes", "length_m": 75.29, "type_element": "Way", "__fid": 98647}, "geometry": {"type": "LineString", "coordinates": [[2.3791695, 48.889415], [2.3799876, 48.889824200000014]]}}, {"type": "Feature", "properties": {"highway": "footway", "footway": "crossing", "name": null, "surface": "asphalt", "lit": "yes", "length_m": 3.7, "type_element": "Way", "__fid": 98648}, "geometry": {"type": "LineString", "coordinates": [[2.3791695, 48.889415], [2.3791999, 48.8893884]]}}, {"type": "Feature", "properties": {"highway": "footway", "footway": "sidewalk", "name": null, "surface": "asphalt", "lit": null, "length_m": 1.18, "type_element": "Way", "__fid": 98663}, "geometry": {"type": "LineString", "coordinates": [[2.3791871, 48.8893819], [2.3791999, 48.8893884]]}}, {"type": "Feature", "properties": {"highway": "footway", "footway": "sidewalk", "name": null, "surface": "asphalt", "lit": null, "length_m": 30.65, "type_element": "Way", "__fid": 98664}, "geometry": {"type": "LineString", "coordinates": [[2.3793927, 48.8891539], [2.3794044, 48.8891854], [2.3791871, 48.8893819]]}}, {"type": "Feature", "properties": {"highway": "pedestrian", "footway": null, "name": "Rue Émélie", "surface": "asphalt", "lit": null, "length_m": 5.16, "type_element": "Way", "__fid": 98668}, "geometry": {"type": "LineString", "coordinates": [[2.3791824, 48.8902438], [2.3792263, 48.8902801]]}}, {"type": "Feature", "properties": {"highway": "footway", "footway": "sidewalk", "name": null, "surface": "asphalt", "lit": "yes", "length_m": 65.87, "type_element": "Way", "__fid": 98669}, "geometry": {"type": "LineString", "coordinates": [[2.3791824, 48.8902438], [2.3792797, 48.8901576], [2.3798402, 48.8898741], [2.3798476, 48.8898556]]}}, {"type": "Feature", "properties": {"highway": "footway", "footway": "sidewalk", "name": null, "surface": "asphalt", "lit": "yes", "length_m": 75.5, "type_element": "Way", "__fid": 98671}, "geometry": {"type": "LineString", "coordinates": [[2.3791999, 48.8893884], [2.3800253, 48.8897943]]}}, {"type": "Feature", "properties": {"highway": "footway", "footway": null, "name": null, "surface": "concrete", "lit": "yes", "length_m": 76.2, "type_element": "Way", "__fid": 98678}, "geometry": {"type": "LineString", "coordinates": [[2.3791751, 48.8924867], [2.3798397, 48.8930135]]}}, {"type": "Feature", "properties": {"highway": "footway", "footway": "crossing", "name": null, "surface": "asphalt", "lit": "yes", "length_m": 16.58, "type_element": "Way", "__fid": 98679}, "geometry": {"type": "LineString", "coordinates": [[2.3793485, 48.892391], [2.3791751, 48.8924867]]}}, {"type": "Feature", "properties": {"highway": "footway", "footway": "sidewalk", "name": null, "surface": "asphalt", "lit": null, "length_m": 72.44, "type_element": "Way", "__fid": 98682}, "geometry": {"type": "LineString", "coordinates": [[2.3799872, 48.88993960000001], [2.3792039, 48.8903366]]}}, {"type": "Feature", "properties": {"highway": "footway", "footway": "crossing", "name": null, "surface": "asphalt", "lit": "yes", "length_m": 10.35, "type_element": "Way", "__fid": 98686}, "geometry": {"type": "LineString", "coordinates": [[2.3791878, 48.8922284], [2.3791932, 48.89224560000002], [2.379275, 48.8922985]]}}, {"type": "Feature", "properties": {"highway": "footway", "footway": "sidewalk", "name": null, "surface": "asphalt", "lit": "yes", "length_m": 175.77, "type_element": "Way", "__fid": 98687}, "geometry": {"type": "LineString", "coordinates": [[2.3791878, 48.8922284], [2.3792602, 48.8922019], [2.379503, 48.8920723], [2.3795063, 48.8920547], [2.3810478, 48.8912405]]}}, {"type": "Feature", "properties": {"highway": "footway", "footway": "sidewalk", "name": null, "surface": "asphalt", "lit": "yes", "length_m": 29.83, "type_element": "Way", "__fid": 98717}, "geometry": {"type": "LineString", "coordinates": [[2.379283, 48.8886396], [2.379576, 48.8887643], [2.3795948, 48.88880050000002]]}}, {"type": "Feature", "properties": {"highway": "footway", "footway": "sidewalk", "name": null, "surface": "asphalt", "lit": null, "length_m": 12.3, "type_element": "Way", "__fid": 98745}, "geometry": {"type": "LineString", "coordinates": [[2.379275, 48.8922985], [2.379275, 48.8923351], [2.3793485, 48.892391]]}}, {"type": "Feature", "properties": {"highway": "footway", "footway": "sidewalk", "name": null, "surface": "asphalt", "lit": "yes", "length_m": 175.79, "type_element": "Way", "__fid": 98746}, "geometry": {"type": "LineString", "coordinates": [[2.3811401, 48.8913052], [2.379275, 48.8922985]]}}, {"type": "Feature", "properties": {"highway": "footway", "footway": null, "name": null, "surface": "sett", "lit": "yes", "length_m": 138.04, "type_element": "Way", "__fid": 98787}, "geometry": {"type": "LineString", "coordinates": [[2.3793754, 48.88855740000001], [2.3808876, 48.8892967]]}}, {"type": "Feature", "properties": {"highway": "steps", "footway": null, "name": null, "surface": "paving_stones", "lit": null, "length_m": 3.86, "type_element": "Way", "__fid": 98789}, "geometry": {"type": "LineString", "coordinates": [[2.379369, 48.8891136], [2.3794212, 48.889117800000015]]}}, {"type": "Feature", "properties": {"highway": "footway", "footway": "sidewalk", "name": null, "surface": "asphalt", "lit": null, "length_m": 4.81, "type_element": "Way", "__fid": 98790}, "geometry": {"type": "LineString", "coordinates": [[2.379369, 48.8891136], [2.3793927, 48.8891539]]}}, {"type": "Feature", "properties": {"highway": "footway", "footway": "sidewalk", "name": null, "surface": "asphalt", "lit": null, "length_m": 3.46, "type_element": "Way", "__fid": 98791}, "geometry": {"type": "LineString", "coordinates": [[2.3793935, 48.889087], [2.379369, 48.8891136]]}}, {"type": "Feature", "properties": {"highway": "footway", "footway": "sidewalk", "name": null, "surface": "asphalt", "lit": null, "length_m": 75.85, "type_element": "Way", "__fid": 98802}, "geometry": {"type": "LineString", "coordinates": [[2.3793485, 48.892391], [2.3800155, 48.8929124]]}}, {"type": "Feature", "properties": {"highway": "steps", "footway": null, "name": null, "surface": "paving_stones", "lit": null, "length_m": 3.45, "type_element": "Way", "__fid": 98810}, "geometry": {"type": "LineString", "coordinates": [[2.3793927, 48.8891539], [2.3794321, 48.8891369]]}}, {"type": "Feature", "properties": {"highway": "steps", "footway": null, "name": null, "surface": "paving_stones", "lit": null, "length_m": 3.15, "type_element": "Way", "__fid": 98811}, "geometry": {"type": "LineString", "coordinates": [[2.3793935, 48.889087], [2.3794286, 48.8891033]]}}, {"type": "Feature", "properties": {"highway": "footway", "footway": "sidewalk", "name": null, "surface": "asphalt", "lit": null, "length_m": 3.72, "type_element": "Way", "__fid": 98812}, "geometry": {"type": "LineString", "coordinates": [[2.3794238, 48.88906020000001], [2.3793935, 48.889087]]}}, {"type": "Feature", "properties": {"highway": "steps", "footway": null, "name": null, "surface": "paving_stones", "lit": null, "length_m": 3.82, "type_element": "Way", "__fid": 98824}, "geometry": {"type": "LineString", "coordinates": [[2.3794238, 48.88906020000001], [2.3794421, 48.8890924]]}}, {"type": "Feature", "properties": {"highway": "footway", "footway": "sidewalk", "name": null, "surface": "asphalt", "lit": null, "length_m": 5.69, "type_element": "Way", "__fid": 98825}, "geometry": {"type": "LineString", "coordinates": [[2.379499, 48.88906449999999], [2.3794426, 48.8890562], [2.3794238, 48.88906020000001]]}}, {"type": "Feature", "properties": {"highway": "steps", "footway": null, "name": null, "surface": "paving_stones", "lit": null, "length_m": 3.77, "type_element": "Way", "__fid": 98874}, "geometry": {"type": "LineString", "coordinates": [[2.379499, 48.88906449999999], [2.3794797, 48.8890959]]}}, {"type": "Feature", "properties": {"highway": "footway", "footway": "sidewalk", "name": null, "surface": "asphalt", "lit": null, "length_m": 29.27, "type_element": "Way", "__fid": 98901}, "geometry": {"type": "LineString", "coordinates": [[2.3797645, 48.888888199999975], [2.3797356, 48.8889019], [2.3795465, 48.8890686], [2.379499, 48.88906449999999]]}}, {"type": "Feature", "properties": {"highway": "footway", "footway": "crossing", "name": null, "surface": "sett", "lit": "yes", "length_m": 15.81, "type_element": "Way", "__fid": 98993}, "geometry": {"type": "LineString", "coordinates": [[2.3795948, 48.88880050000002], [2.3797645, 48.888888199999975]]}}, {"type": "Feature", "properties": {"highway": "service", "footway": null, "name": null, "surface": null, "lit": null, "length_m": 2.07, "type_element": "Way", "__fid": 98996}, "geometry": {"type": "LineString", "coordinates": [[2.3795453, 48.8932084], [2.3795653, 48.8931952]]}}, {"type": "Feature", "properties": {"highway": "service", "footway": null, "name": null, "surface": null, "lit": null, "length_m": 3.12, "type_element": "Way", "__fid": 99008}, "geometry": {"type": "LineString", "coordinates": [[2.3795653, 48.8931952], [2.3795553, 48.8932225]]}}, {"type": "Feature", "properties": {"highway": "service", "footway": null, "name": null, "surface": null, "lit": null, "length_m": 17.19, "type_element": "Way", "__fid": 99009}, "geometry": {"type": "LineString", "coordinates": [[2.3795536, 48.8933795], [2.3797078, 48.89349589999998]]}}, {"type": "Feature", "properties": {"highway": "service", "footway": null, "name": null, "surface": null, "lit": null, "length_m": 29.17, "type_element": "Way", "__fid": 99010}, "geometry": {"type": "LineString", "coordinates": [[2.3795536, 48.8933795], [2.3795456, 48.8933975], [2.3794369, 48.8934589], [2.3795834, 48.8935726]]}}, {"type": "Feature", "properties": {"highway": "service", "footway": null, "name": null, "surface": null, "lit": null, "length_m": 22.96, "type_element": "Way", "__fid": 99011}, "geometry": {"type": "LineString", "coordinates": [[2.3796919, 48.8931986], [2.3796441, 48.8932259], [2.3795536, 48.8933795]]}}, {"type": "Feature", "properties": {"highway": "service", "footway": null, "name": null, "surface": null, "lit": null, "length_m": 7.72, "type_element": "Way", "__fid": 99022}, "geometry": {"type": "LineString", "coordinates": [[2.3795653, 48.8931952], [2.3795946, 48.8931285]]}}, {"type": "Feature", "properties": {"highway": "footway", "footway": null, "name": null, "surface": null, "lit": null, "length_m": 2.18, "type_element": "Way", "__fid": 99051}, "geometry": {"type": "LineString", "coordinates": [[2.3795946, 48.8931285], [2.3796147, 48.893143]]}}, {"type": "Feature", "properties": {"highway": "service", "footway": null, "name": null, "surface": null, "lit": null, "length_m": 14.81, "type_element": "Way", "__fid": 99052}, "geometry": {"type": "LineString", "coordinates": [[2.3795946, 48.8931285], [2.3796315, 48.8929976]]}}, {"type": "Feature", "properties": {"highway": "footway", "footway": null, "name": null, "surface": null, "lit": null, "length_m": 8.38, "type_element": "Way", "__fid": 99072}, "geometry": {"type": "LineString", "coordinates": [[2.3796147, 48.893143], [2.3796919, 48.8931986]]}}, {"type": "Feature", "properties": {"highway": "footway", "footway": "crossing", "name": null, "surface": "asphalt", "lit": "yes", "length_m": 21.9, "type_element": "Way", "__fid": 99073}, "geometry": {"type": "LineString", "coordinates": [[2.3796147, 48.893143], [2.3798397, 48.8930135]]}}, {"type": "Feature", "properties": {"highway": "footway", "footway": "sidewalk", "name": null, "surface": "sett", "lit": "yes", "length_m": 90.47, "type_element": "Way", "__fid": 99084}, "geometry": {"type": "LineString", "coordinates": [[2.3796827, 48.8882888], [2.3806596, 48.888785700000014]]}}, {"type": "Feature", "properties": {"highway": "footway", "footway": "sidewalk", "name": null, "surface": "asphalt", "lit": null, "length_m": 19.45, "type_element": "Way", "__fid": 99120}, "geometry": {"type": "LineString", "coordinates": [[2.3798908, 48.8933033], [2.3797799, 48.89321510000001], [2.3796919, 48.8931986]]}}, {"type": "Feature", "properties": {"highway": "service", "footway": null, "name": null, "surface": null, "lit": null, "length_m": 10.97, "type_element": "Way", "__fid": 99121}, "geometry": {"type": "LineString", "coordinates": [[2.3798049, 48.893134], [2.3796919, 48.8931986]]}}, {"type": "Feature", "properties": {"highway": "footway", "footway": "sidewalk", "name": null, "surface": "asphalt", "lit": "yes", "length_m": 93.07, "type_element": "Way", "__fid": 99145}, "geometry": {"type": "LineString", "coordinates": [[2.3807804, 48.88938119999999], [2.3803693, 48.889181], [2.3803493, 48.8891607], [2.3803056, 48.889137799999986], [2.3797953, 48.88888870000001], [2.3797645, 48.888888199999975]]}}, {"type": "Feature", "properties": {"highway": "footway", "footway": "sidewalk", "name": null, "surface": "asphalt", "lit": "yes", "length_m": 14.16, "type_element": "Way", "__fid": 99216}, "geometry": {"type": "LineString", "coordinates": [[2.3798476, 48.8898556], [2.3799338, 48.889889900000014], [2.3799872, 48.88993960000001]]}}, {"type": "Feature", "properties": {"highway": "footway", "footway": "sidewalk", "name": null, "surface": "asphalt", "lit": "yes", "length_m": 11.14, "type_element": "Way", "__fid": 99217}, "geometry": {"type": "LineString", "coordinates": [[2.3798476, 48.8898556], [2.379963, 48.88983970000001], [2.3799876, 48.889824200000014]]}}, {"type": "Feature", "properties": {"highway": "footway", "footway": "crossing", "name": null, "surface": "asphalt", "lit": "yes", "length_m": 26.91, "type_element": "Way", "__fid": 99253}, "geometry": {"type": "LineString", "coordinates": [[2.3798397, 48.8930135], [2.3800789, 48.893197]]}}, {"type": "Feature", "properties": {"highway": "footway", "footway": "crossing", "name": null, "surface": "asphalt", "lit": "yes", "length_m": 17.1, "type_element": "Way", "__fid": 99254}, "geometry": {"type": "LineString", "coordinates": [[2.3798397, 48.8930135], [2.3800155, 48.8929124]]}}, {"type": "Feature", "properties": {"highway": "footway", "footway": "sidewalk", "name": null, "surface": null, "lit": null, "length_m": 155.04, "type_element": "Way", "__fid": 99286}, "geometry": {"type": "LineString", "coordinates": [[2.3812846, 48.8943498], [2.3812084, 48.89431250000001], [2.3798908, 48.8933033]]}}, {"type": "Feature", "properties": {"highway": "footway", "footway": "crossing", "name": null, "surface": "asphalt", "lit": "yes", "length_m": 18.16, "type_element": "Way", "__fid": 99287}, "geometry": {"type": "LineString", "coordinates": [[2.3798908, 48.8933033], [2.3800789, 48.893197]]}}, {"type": "Feature", "properties": {"highway": "pedestrian", "footway": null, "name": "Rue Jomard", "surface": "asphalt", "lit": "yes", "length_m": 6.41, "type_element": "Way", "__fid": 99344}, "geometry": {"type": "LineString", "coordinates": [[2.3799876, 48.889824200000014], [2.3800571, 48.8898591]]}}, {"type": "Feature", "properties": {"highway": "footway", "footway": "crossing", "name": null, "surface": "asphalt", "lit": "yes", "length_m": 4.32, "type_element": "Way", "__fid": 99345}, "geometry": {"type": "LineString", "coordinates": [[2.3799876, 48.889824200000014], [2.3800253, 48.8897943]]}}, {"type": "Feature", "properties": {"highway": "footway", "footway": "sidewalk", "name": null, "surface": "asphalt", "lit": "yes", "length_m": 85.64, "type_element": "Way", "__fid": 99346}, "geometry": {"type": "LineString", "coordinates": [[2.3809091, 48.8894667], [2.3799872, 48.88993960000001]]}}, {"type": "Feature", "properties": {"highway": "footway", "footway": "sidewalk", "name": null, "surface": "paving_stones", "lit": "yes", "length_m": 72.34, "type_element": "Way", "__fid": 99372}, "geometry": {"type": "LineString", "coordinates": [[2.3800253, 48.8897943], [2.3800756, 48.8897965], [2.3802748, 48.8896788], [2.380667, 48.8894953], [2.3808072, 48.8894129]]}}, {"type": "Feature", "properties": {"highway": "footway", "footway": "sidewalk", "name": null, "surface": "paving_stones", "lit": null, "length_m": 9.28, "type_element": "Way", "__fid": 99385}, "geometry": {"type": "LineString", "coordinates": [[2.3800155, 48.8929124], [2.3800749, 48.8929576], [2.3801105, 48.89296069999999]]}}, {"type": "Feature", "properties": {"highway": "footway", "footway": null, "name": null, "surface": "concrete", "lit": "yes", "length_m": 155.71, "type_element": "Way", "__fid": 99427}, "geometry": {"type": "LineString", "coordinates": [[2.3800789, 48.893197], [2.3814424, 48.8942705]]}}, {"type": "Feature", "properties": {"highway": "footway", "footway": "crossing", "name": null, "surface": "asphalt", "lit": "yes", "length_m": 16.49, "type_element": "Way", "__fid": 99428}, "geometry": {"type": "LineString", "coordinates": [[2.3802498, 48.8931006], [2.3800789, 48.893197]]}}, {"type": "Feature", "properties": {"highway": "footway", "footway": "crossing", "name": null, "surface": "asphalt", "lit": "yes", "length_m": 8.82, "type_element": "Way", "__fid": 99441}, "geometry": {"type": "LineString", "coordinates": [[2.3801105, 48.89296069999999], [2.3801178, 48.8929783], [2.3801876, 48.8930184]]}}, {"type": "Feature", "properties": {"highway": "footway", "footway": "sidewalk", "name": null, "surface": "asphalt", "lit": null, "length_m": 210.9, "type_element": "Way", "__fid": 99442}, "geometry": {"type": "LineString", "coordinates": [[2.3801105, 48.89296069999999], [2.3801353, 48.8929536], [2.3820001, 48.8918351], [2.3822519, 48.8916961]]}}, {"type": "Feature", "properties": {"highway": "footway", "footway": "sidewalk", "name": null, "surface": "asphalt", "lit": null, "length_m": 10.79, "type_element": "Way", "__fid": 99482}, "geometry": {"type": "LineString", "coordinates": [[2.3801876, 48.8930184], [2.3801923, 48.893059], [2.3802498, 48.8931006]]}}, {"type": "Feature", "properties": {"highway": "footway", "footway": "sidewalk", "name": null, "surface": "asphalt", "lit": null, "length_m": 210.63, "type_element": "Way", "__fid": 99483}, "geometry": {"type": "LineString", "coordinates": [[2.3823158, 48.8917463], [2.3817741, 48.8920604], [2.3801876, 48.8930184]]}}, {"type": "Feature", "properties": {"highway": "footway", "footway": "sidewalk", "name": null, "surface": "paving_stones", "lit": null, "length_m": 155.33, "type_element": "Way", "__fid": 99531}, "geometry": {"type": "LineString", "coordinates": [[2.3802498, 48.8931006], [2.381634, 48.8941581]]}}, {"type": "Feature", "properties": {"highway": "footway", "footway": "sidewalk", "name": null, "surface": null, "lit": null, "length_m": 103.61, "type_element": "Way", "__fid": 99580}, "geometry": {"type": "LineString", "coordinates": [[2.3802835, 48.89505650000001], [2.3812595, 48.894498200000015], [2.3813446, 48.8944415]]}}, {"type": "Feature", "properties": {"highway": "footway", "footway": "sidewalk", "name": null, "surface": null, "lit": null, "length_m": 104.2, "type_element": "Way", "__fid": 99646}, "geometry": {"type": "LineString", "coordinates": [[2.3814429, 48.8945097], [2.3803633, 48.8951191]]}}]}