{"type": "FeatureCollection", "features": [{"type": "Feature", "properties": {"@id": "node/918205850", "amenity": "drinking_water", "man_made": "water_tap", "source": "Eau de Paris", "type_element": "Fontaines à boire", "__fid": 253}, "geometry": {"type": "Point", "coordinates": [2.3763465, 48.873631]}, "id": "node/918205850"}, {"type": "Feature", "properties": {"@id": "node/3358499818", "amenity": "drinking_water", "man_made": "water_tap", "type_element": "Fontaines à boire", "__fid": 427}, "geometry": {"type": "Point", "coordinates": [2.37708, 48.8745542]}, "id": "node/3358499818"}, {"type": "Feature", "properties": {"@id": "node/6535610724", "amenity": "drinking_water", "type_element": "Fontaines à boire", "__fid": 633}, "geometry": {"type": "Point", "coordinates": [2.3733256, 48.873895]}, "id": "node/6535610724"}, {"type": "Feature", "properties": {"@id": "node/8910123051", "amenity": "drinking_water", "note": "point d'eau temporaire installé par la Mairie de Paris durant l'été, vu en place plusieurs étés", "opening_hours": "Jul-Aug", "permanent": "no", "seasonal": "yes", "survey:date": "2023-07-29", "type_element": "Fontaines à boire", "__fid": 775}, "geometry": {"type": "Point", "coordinates": [2.3759466, 48.8741771]}, "id": "node/8910123051"}, {"type": "Feature", "properties": {"@id": "node/9477255308", "access": "private", "amenity": "drinking_water", "type_element": "Fontaines à boire", "__fid": 799}, "geometry": {"type": "Point", "coordinates": [2.3733024, 48.8711282]}, "id": "node/9477255308"}, {"type": "Feature", "properties": {"@id": "node/10147250518", "access": "yes", "amenity": "drinking_water", "bottle": "yes", "fee": "no", "fountain": "bubbler", "man_made": "water_tap", "wheelchair": "yes", "type_element": "Fontaines à boire", "__fid": 846}, "geometry": {"type": "Point", "coordinates": [2.3724864, 48.8718531]}, "id": "node/10147250518"}, {"type": "Feature", "properties": {"@id": "node/11420770351", "access": "yes", "amenity": "drinking_water", "bottle": "yes", "fee": "no", "fountain": "bubbler", "wheelchair": "yes", "type_element": "Fontaines à boire", "__fid": 893}, "geometry": {"type": "Point", "coordinates": [2.3798564, 48.8731423]}, "id": "node/11420770351"}, {"type": "Feature", "geometry": {"type": "Point", "coordinates": [2.376224, 48.873113]}, "properties": {"id": 2667, "name": "Jardin de l'îlot Rébeval", "categorie": "Parcs, jardins et bois", "photo_url": "https://cdn.paris.fr/eqpts-prod/2022/05/10/031a1a359c6d26da67c97f3a184b485f.jpg", "photo_credit": "Christophe Noël/Ville de Paris", "photo_alt": null, "address_street": "5 rue de Belleville, 10-12 rue de Rébeval, 7-9 rue Jules Romain, 8-10 boulevard de la Villette", "address_postcode": "75019", "address_city": "PARIS", "phone": null, "accessibility": "{\"handicaps\": [{\"name\": \"Personnes à mobilité réduite\", \"status\": \"accessible\"}, {\"name\": \"Personnes déficientes visuelles\", \"status\": \"undefined\"}, {\"name\": \"Personnes déficientes auditives\", \"status\": \"undefined\"}, {\"name\": \"Personnes déficientes mentales\", \"status\": \"undefined\"}, {\"name\": \"Accueil en langue des signes\", \"status\": \"non_accessible\"}]}", "latitude": 48.873113, "longitude": 2.376224, "url": "https://www.paris.fr/lieux/jardin-de-l-ilot-rebeval-2667", "type_element": "Parcs, Jardins et Bois", "__fid": 1388}}, {"type": "Feature", "geometry": {"type": "Point", "coordinates": [2.373401, 48.873829]}, "properties": {"id": 17442, "name": "Jardin Blanche Hoschedé", "categorie": "Parcs, jardins et bois", "photo_url": "https://cdn.paris.fr/eqpts-prod/2025/07/01/0f6dc8c46eaa32eab6918a9c07df329a.jpg", "photo_credit": "Sonia Yassa / Ville de Paris", "photo_alt": null, "address_street": "18, rue du Chalet", "address_postcode": "75010", "address_city": "Paris", "phone": null, "accessibility": "{\"handicaps\": [{\"name\": \"Personnes à mobilité réduite\", \"status\": \"accessible\"}, {\"name\": \"Personnes déficientes visuelles\", \"status\": \"undefined\"}, {\"name\": \"Personnes déficientes auditives\", \"status\": \"undefined\"}, {\"name\": \"Personnes déficientes mentales\", \"status\": \"undefined\"}, {\"name\": \"Accueil en langue des signes\", \"status\": \"undefined\"}]}", "latitude": 48.873829, "longitude": 2.373401, "url": "https://www.paris.fr/lieux/jardin-blanche-hoschede-17442", "type_element": "Parcs, Jardins et Bois", "__fid": 1573}}, {"type": "Feature", "geometry": {"type": "Point", "coordinates": [2.377368, 48.874327]}, "properties": {"id": 2666, "name": "Square Rébeval", "categorie": "Parcs, jardins et bois", "photo_url": "https://cdn.paris.fr/eqpts-prod/2022/05/10/cb92888b81e724d13da1f08c92fa8274.jpg", "photo_credit": "Sonia Yassa/Ville de Paris", "photo_alt": null, "address_street": "13-15 rue Rebeval", "address_postcode": "75019", "address_city": "PARIS", "phone": null, "accessibility": "{\"handicaps\": [{\"name\": \"Personnes à mobilité réduite\", \"status\": \"accessible\"}, {\"name\": \"Personnes déficientes visuelles\", \"status\": \"undefined\"}, {\"name\": \"Personnes déficientes auditives\", \"status\": \"undefined\"}, {\"name\": \"Personnes déficientes mentales\", \"status\": \"undefined\"}, {\"name\": \"Accueil en langue des signes\", \"status\": \"non_accessible\"}]}", "latitude": 48.874327, "longitude": 2.377368, "url": "https://www.paris.fr/lieux/square-rebeval-2666", "type_element": "Parcs, Jardins et Bois", "__fid": 1594}}, {"type": "Feature", "geometry": {"type": "Point", "coordinates": [2.378677, 48.871483]}, "properties": {"id": 4012, "name": "Piscine Alfred Nakache", "categorie": "Piscines", "photo_url": "https://cdn.paris.fr/eqpts-prod/2023/07/05/849a7730e8b55987ea8d0410592f3d39.jpg", "photo_credit": null, "photo_alt": null, "address_street": "4-12 rue Dénoyez", "address_postcode": "75020", "address_city": "PARIS", "phone": "0158535780", "accessibility": "{\"handicaps\": [{\"name\": \"Personnes à mobilité réduite\", \"status\": \"accessible\"}, {\"name\": \"Personnes déficientes visuelles\", \"status\": \"undefined\"}, {\"name\": \"Personnes déficientes auditives\", \"status\": \"undefined\"}, {\"name\": \"Personnes déficientes mentales\", \"status\": \"undefined\"}, {\"name\": \"Accueil en langue des signes\", \"status\": \"undefined\"}]}", "latitude": 48.871483, "longitude": 2.378677, "url": "https://www.paris.fr/lieux/piscine-alfred-nakache-4012", "type_element": "Piscines", "__fid": 1651}}, {"type": "Feature", "properties": {"highway": "footway", "footway": "sidewalk", "name": null, "surface": "asphalt", "lit": "yes", "length_m": 133.2, "type_element": "Way", "__fid": 89101}, "geometry": {"type": "LineString", "coordinates": [[2.3702057, 48.87131939999998], [2.371866366666784, 48.87180396666669]]}}, {"type": "Feature", "properties": {"highway": "footway", "footway": "sidewalk", "name": null, "surface": "asphalt", "lit": "yes", "length_m": 133.62, "type_element": "Way", "__fid": 89172}, "geometry": {"type": "LineString", "coordinates": [[2.3719364, 48.8717223], [2.3702711, 48.8712353]]}}, {"type": "Feature", "properties": {"highway": "footway", "footway": "sidewalk", "name": null, "surface": "asphalt", "lit": "yes", "length_m": 150.31, "type_element": "Way", "__fid": 89345}, "geometry": {"type": "LineString", "coordinates": [[2.3704402, 48.8752466], [2.3715013, 48.8748576], [2.3723143, 48.8747313]]}}, {"type": "Feature", "properties": {"highway": "footway", "footway": "sidewalk", "name": null, "surface": "asphalt", "lit": "yes", "length_m": 166.22, "type_element": "Way", "__fid": 89366}, "geometry": {"type": "LineString", "coordinates": [[2.3723324, 48.87462389999999], [2.3723284, 48.8745957], [2.3705114, 48.873792600000016], [2.3704787, 48.8738025]]}}, {"type": "Feature", "properties": {"highway": "footway", "footway": "sidewalk", "name": null, "surface": "asphalt", "lit": "yes", "length_m": 208.05, "type_element": "Way", "__fid": 89376}, "geometry": {"type": "LineString", "coordinates": [[2.370489666666709, 48.87373566666667], [2.3714311, 48.874147499999985], [2.3714845, 48.87414519999999], [2.3717011, 48.8739354], [2.371688, 48.8738997], [2.37068340000011, 48.87345150000004]]}}, {"type": "Feature", "properties": {"highway": "living_street", "footway": null, "name": "Rue Vicq d'Azir", "surface": "asphalt", "lit": "yes", "length_m": 115.87, "type_element": "Way", "__fid": 89383}, "geometry": {"type": "LineString", "coordinates": [[2.3720435, 48.8761401], [2.3719666, 48.8761336], [2.3704643, 48.8761309]]}}, {"type": "Feature", "properties": {"highway": "footway", "footway": "sidewalk", "name": null, "surface": "asphalt", "lit": "yes", "length_m": 119.24, "type_element": "Way", "__fid": 89384}, "geometry": {"type": "LineString", "coordinates": [[2.370465, 48.8760887], [2.3720906, 48.876101900000016]]}}, {"type": "Feature", "properties": {"highway": "footway", "footway": "sidewalk", "name": null, "surface": "asphalt", "lit": "yes", "length_m": 111.73, "type_element": "Way", "__fid": 89387}, "geometry": {"type": "LineString", "coordinates": [[2.3719878, 48.876186], [2.3704645, 48.8761765]]}}, {"type": "Feature", "properties": {"highway": "footway", "footway": "sidewalk", "name": null, "surface": "asphalt", "lit": "yes", "length_m": 185.77, "type_element": "Way", "__fid": 89406}, "geometry": {"type": "LineString", "coordinates": [[2.3704584, 48.8775592], [2.371096, 48.8769866], [2.371981539999976, 48.87622448000002]]}}, {"type": "Feature", "properties": {"highway": "footway", "footway": "sidewalk", "name": null, "surface": "asphalt", "lit": "yes", "length_m": 133.97, "type_element": "Way", "__fid": 89422}, "geometry": {"type": "LineString", "coordinates": [[2.3705729, 48.870842], [2.3722196, 48.87136310000001]]}}, {"type": "Feature", "properties": {"highway": "footway", "footway": "sidewalk", "name": null, "surface": "asphalt", "lit": "yes", "length_m": 134.07, "type_element": "Way", "__fid": 89442}, "geometry": {"type": "LineString", "coordinates": [[2.37225573333342, 48.87130853333334], [2.3709403, 48.8708935], [2.3706131, 48.87079270000001], [2.370606833333559, 48.87079643333343]]}}, {"type": "Feature", "properties": {"highway": "footway", "footway": "traffic_island", "name": null, "surface": "asphalt", "lit": "yes", "length_m": 181.3, "type_element": "Way", "__fid": 89522}, "geometry": {"type": "LineString", "coordinates": [[2.370643, 48.8776098], [2.3721211, 48.876303]]}}, {"type": "Feature", "properties": {"highway": "pedestrian", "footway": null, "name": "Rue Sainte-Marthe", "surface": "asphalt", "lit": "yes", "length_m": 94.67, "type_element": "Way", "__fid": 89523}, "geometry": {"type": "LineString", "coordinates": [[2.3717692, 48.8739104], [2.3706969, 48.8734365]]}}, {"type": "Feature", "properties": {"highway": "footway", "footway": "sidewalk", "name": null, "surface": "asphalt", "lit": "yes", "length_m": 142.13, "type_element": "Way", "__fid": 89531}, "geometry": {"type": "LineString", "coordinates": [[2.370710233333412, 48.87342166666668], [2.3723274, 48.874125800000016]]}}, {"type": "Feature", "properties": {"highway": "footway", "footway": "sidewalk", "name": null, "surface": "asphalt", "lit": "yes", "length_m": 169.37, "type_element": "Way", "__fid": 89690}, "geometry": {"type": "LineString", "coordinates": [[2.3708449, 48.8777282], [2.3721752, 48.8765644], [2.372273, 48.8765524]]}}, {"type": "Feature", "properties": {"highway": "footway", "footway": "sidewalk", "name": null, "surface": "asphalt", "lit": "yes", "length_m": 202.18, "type_element": "Way", "__fid": 90096}, "geometry": {"type": "LineString", "coordinates": [[2.3713719, 48.8725581], [2.3714345, 48.87258960000001], [2.3721852, 48.87286440000001], [2.3733407, 48.8733031], [2.3736172, 48.873498], [2.373655378038733, 48.8735452343333]]}}, {"type": "Feature", "properties": {"highway": "footway", "footway": "sidewalk", "name": null, "surface": "asphalt", "lit": "yes", "length_m": 204.62, "type_element": "Way", "__fid": 90122}, "geometry": {"type": "LineString", "coordinates": [[2.371410833333422, 48.8725153666667], [2.3724615, 48.8729034], [2.3724863, 48.87290630000001], [2.3730958, 48.8731486], [2.3733426, 48.87322870000001], [2.3734241, 48.8732627], [2.373752366666803, 48.873491166666724]]}}, {"type": "Feature", "properties": {"highway": "footway", "footway": "sidewalk", "name": null, "surface": "asphalt", "lit": "yes", "length_m": 28.73, "type_element": "Way", "__fid": 90133}, "geometry": {"type": "LineString", "coordinates": [[2.3714295, 48.8724573], [2.3716347, 48.8722372]]}}, {"type": "Feature", "properties": {"highway": "footway", "footway": "sidewalk", "name": null, "surface": "asphalt", "lit": "yes", "length_m": 65.43, "type_element": "Way", "__fid": 90143}, "geometry": {"type": "LineString", "coordinates": [[2.371417, 48.8747817], [2.3714563, 48.8747685], [2.3722818, 48.8746407]]}}, {"type": "Feature", "properties": {"highway": "pedestrian", "footway": null, "name": "Rue Jean et Marie Moinon", "surface": "asphalt", "lit": "yes", "length_m": 82.5, "type_element": "Way", "__fid": 90197}, "geometry": {"type": "LineString", "coordinates": [[2.3714777, 48.8741967], [2.3724094, 48.87461239999998]]}}, {"type": "Feature", "properties": {"highway": "pedestrian", "footway": null, "name": "Rue Jean et Marie Moinon", "surface": "sett", "lit": "yes", "length_m": 38.35, "type_element": "Way", "__fid": 90198}, "geometry": {"type": "LineString", "coordinates": [[2.3714777, 48.8741967], [2.3717692, 48.8739104]]}}, {"type": "Feature", "properties": {"highway": "footway", "footway": "crossing", "name": null, "surface": "asphalt", "lit": "yes", "length_m": 4.13, "type_element": "Way", "__fid": 90212}, "geometry": {"type": "LineString", "coordinates": [[2.3715183, 48.8721938], [2.3715672, 48.8722123]]}}, {"type": "Feature", "properties": {"highway": "footway", "footway": "sidewalk", "name": null, "surface": "asphalt", "lit": "yes", "length_m": 47.37, "type_element": "Way", "__fid": 90213}, "geometry": {"type": "LineString", "coordinates": [[2.3718476, 48.8718273], [2.3715183, 48.8721938]]}}, {"type": "Feature", "properties": {"highway": "living_street", "footway": null, "name": "Rue Saint-Maur", "surface": "asphalt", "lit": "yes", "length_m": 4.21, "type_element": "Way", "__fid": 90241}, "geometry": {"type": "LineString", "coordinates": [[2.3715672, 48.8722123], [2.3715372, 48.87224459999999]]}}, {"type": "Feature", "properties": {"highway": "footway", "footway": "sidewalk", "name": null, "surface": "asphalt", "lit": "yes", "length_m": 5.67, "type_element": "Way", "__fid": 90264}, "geometry": {"type": "LineString", "coordinates": [[2.3715672, 48.8722123], [2.3716347, 48.8722372]]}}, {"type": "Feature", "properties": {"highway": "living_street", "footway": null, "name": "Rue Saint-Maur", "surface": "asphalt", "lit": "yes", "length_m": 48.03, "type_element": "Way", "__fid": 90265}, "geometry": {"type": "LineString", "coordinates": [[2.371913, 48.8718455], [2.3715672, 48.8722123]]}}, {"type": "Feature", "properties": {"highway": "footway", "footway": "sidewalk", "name": null, "surface": "asphalt", "lit": "yes", "length_m": 48.63, "type_element": "Way", "__fid": 90317}, "geometry": {"type": "LineString", "coordinates": [[2.3716347, 48.8722372], [2.3719784, 48.8718632]]}}, {"type": "Feature", "properties": {"highway": "pedestrian", "footway": null, "name": "Rue Sainte-Marthe", "surface": "asphalt", "lit": "yes", "length_m": 47.35, "type_element": "Way", "__fid": 90418}, "geometry": {"type": "LineString", "coordinates": [[2.3723061, 48.874146900000014], [2.3717692, 48.8739104]]}}, {"type": "Feature", "properties": {"highway": "footway", "footway": "crossing", "name": null, "surface": "asphalt", "lit": "yes", "length_m": 5.21, "type_element": "Way", "__fid": 90466}, "geometry": {"type": "LineString", "coordinates": [[2.3718476, 48.8718273], [2.371913, 48.8718455]]}}, {"type": "Feature", "properties": {"highway": "footway", "footway": "sidewalk", "name": null, "surface": "asphalt", "lit": "yes", "length_m": 2.94, "type_element": "Way", "__fid": 90467}, "geometry": {"type": "LineString", "coordinates": [[2.3718476, 48.8718273], [2.371866366666784, 48.87180396666669]]}}, {"type": "Feature", "properties": {"highway": "footway", "footway": "crossing", "name": null, "surface": "asphalt", "lit": "yes", "length_m": 10.43, "type_element": "Way", "__fid": 90483}, "geometry": {"type": "LineString", "coordinates": [[2.371866366666784, 48.87180396666669], [2.3719364, 48.8717223]]}}, {"type": "Feature", "properties": {"highway": "footway", "footway": "sidewalk", "name": null, "surface": "asphalt", "lit": "yes", "length_m": 5.19, "type_element": "Way", "__fid": 90533}, "geometry": {"type": "LineString", "coordinates": [[2.371913, 48.8718455], [2.3719784, 48.8718632]]}}, {"type": "Feature", "properties": {"highway": "pedestrian", "footway": null, "name": "Rue Saint-Maur", "surface": "paving_stones", "lit": "yes", "length_m": 16.48, "type_element": "Way", "__fid": 90534}, "geometry": {"type": "LineString", "coordinates": [[2.3720313, 48.87171950000001], [2.371913, 48.8718455]]}}, {"type": "Feature", "properties": {"highway": "footway", "footway": "sidewalk", "name": null, "surface": "asphalt", "lit": "yes", "length_m": 3.41, "type_element": "Way", "__fid": 90551}, "geometry": {"type": "LineString", "coordinates": [[2.3719683, 48.8717], [2.3719364, 48.8717223]]}}, {"type": "Feature", "properties": {"highway": "footway", "footway": "crossing", "name": null, "surface": "asphalt", "lit": "yes", "length_m": 5.1, "type_element": "Way", "__fid": 90573}, "geometry": {"type": "LineString", "coordinates": [[2.3719683, 48.8717], [2.3720313, 48.87171950000001]]}}, {"type": "Feature", "properties": {"highway": "footway", "footway": "sidewalk", "name": null, "surface": "asphalt", "lit": "yes", "length_m": 41.75, "type_element": "Way", "__fid": 90574}, "geometry": {"type": "LineString", "coordinates": [[2.3719683, 48.8717], [2.3722196, 48.87136310000001]]}}, {"type": "Feature", "properties": {"highway": "footway", "footway": "sidewalk", "name": null, "surface": "asphalt", "lit": "yes", "length_m": 3.24, "type_element": "Way", "__fid": 90588}, "geometry": {"type": "LineString", "coordinates": [[2.3719784, 48.8718632], [2.3720068, 48.8718409]]}}, {"type": "Feature", "properties": {"highway": "footway", "footway": "sidewalk", "name": null, "surface": "asphalt", "lit": "yes", "length_m": 62.84, "type_element": "Way", "__fid": 90611}, "geometry": {"type": "LineString", "coordinates": [[2.3720068, 48.8718409], [2.372789499999869, 48.87207070000009]]}}, {"type": "Feature", "properties": {"highway": "footway", "footway": "crossing", "name": null, "surface": "asphalt", "lit": "yes", "length_m": 13.08, "type_element": "Way", "__fid": 90612}, "geometry": {"type": "LineString", "coordinates": [[2.3720068, 48.8718409], [2.3721014, 48.87174120000002]]}}, {"type": "Feature", "properties": {"highway": "footway", "footway": "sidewalk", "name": null, "surface": "asphalt", "lit": "yes", "length_m": 5.68, "type_element": "Way", "__fid": 90631}, "geometry": {"type": "LineString", "coordinates": [[2.3720313, 48.87171950000001], [2.3721014, 48.87174120000002]]}}, {"type": "Feature", "properties": {"highway": "living_street", "footway": null, "name": "Rue Saint-Maur", "surface": "asphalt", "lit": "yes", "length_m": 137.08, "type_element": "Way", "__fid": 90632}, "geometry": {"type": "LineString", "coordinates": [[2.3720313, 48.87171950000001], [2.3728493, 48.870611099999984]]}}, {"type": "Feature", "properties": {"highway": "footway", "footway": "crossing", "name": null, "surface": "asphalt", "lit": "yes", "length_m": 13.45, "type_element": "Way", "__fid": 90635}, "geometry": {"type": "LineString", "coordinates": [[2.371981539999976, 48.87622448000002], [2.3721211, 48.876303]]}}, {"type": "Feature", "properties": {"highway": "footway", "footway": "sidewalk", "name": null, "surface": "asphalt", "lit": "yes", "length_m": 4.3, "type_element": "Way", "__fid": 90636}, "geometry": {"type": "LineString", "coordinates": [[2.371981539999976, 48.87622448000002], [2.3719878, 48.876186]]}}, {"type": "Feature", "properties": {"highway": "footway", "footway": "sidewalk", "name": null, "surface": "asphalt", "lit": "yes", "length_m": 6.54, "type_element": "Way", "__fid": 90642}, "geometry": {"type": "LineString", "coordinates": [[2.3719878, 48.876186], [2.3720435, 48.8761401]]}}, {"type": "Feature", "properties": {"highway": "living_street", "footway": null, "name": "Rue Vicq d'Azir", "surface": "asphalt", "lit": "yes", "length_m": 7.33, "type_element": "Way", "__fid": 90691}, "geometry": {"type": "LineString", "coordinates": [[2.3721286, 48.8761746], [2.3720435, 48.8761401]]}}, {"type": "Feature", "properties": {"highway": "footway", "footway": "crossing", "name": null, "surface": "asphalt", "lit": "yes", "length_m": 5.48, "type_element": "Way", "__fid": 90692}, "geometry": {"type": "LineString", "coordinates": [[2.3720435, 48.8761401], [2.3720906, 48.876101900000016]]}}, {"type": "Feature", "properties": {"highway": "footway", "footway": "sidewalk", "name": null, "surface": "asphalt", "lit": "yes", "length_m": 20.97, "type_element": "Way", "__fid": 90700}, "geometry": {"type": "LineString", "coordinates": [[2.3723559, 48.8718271], [2.3721014, 48.87174120000002]]}}, {"type": "Feature", "properties": {"highway": "footway", "footway": "sidewalk", "name": null, "surface": "asphalt", "lit": "yes", "length_m": 137.08, "type_element": "Way", "__fid": 90701}, "geometry": {"type": "LineString", "coordinates": [[2.3721014, 48.87174120000002], [2.3729235, 48.8706341]]}}, {"type": "Feature", "properties": {"highway": "footway", "footway": "sidewalk", "name": null, "surface": "asphalt", "lit": "yes", "length_m": 115.12, "type_element": "Way", "__fid": 90737}, "geometry": {"type": "LineString", "coordinates": [[2.3730408, 48.8752779], [2.3720906, 48.876101900000016]]}}, {"type": "Feature", "properties": {"highway": "footway", "footway": "crossing", "name": null, "surface": "asphalt", "lit": "yes", "length_m": 21.16, "type_element": "Way", "__fid": 90775}, "geometry": {"type": "LineString", "coordinates": [[2.3721211, 48.876303], [2.3722706, 48.8763979], [2.3723391, 48.8764264]]}}, {"type": "Feature", "properties": {"highway": "footway", "footway": "traffic_island", "name": null, "surface": "asphalt", "lit": "yes", "length_m": 131.08, "type_element": "Way", "__fid": 90776}, "geometry": {"type": "LineString", "coordinates": [[2.3721211, 48.876303], [2.373201, 48.8753638]]}}, {"type": "Feature", "properties": {"highway": "footway", "footway": "crossing", "name": null, "surface": "asphalt", "lit": "yes", "length_m": 6.62, "type_element": "Way", "__fid": 90811}, "geometry": {"type": "LineString", "coordinates": [[2.3722196, 48.87136310000001], [2.37225573333342, 48.87130853333334]]}}, {"type": "Feature", "properties": {"highway": "footway", "footway": "sidewalk", "name": null, "surface": "asphalt", "lit": "yes", "length_m": 88.66, "type_element": "Way", "__fid": 90839}, "geometry": {"type": "LineString", "coordinates": [[2.3727834, 48.8705912], [2.37225573333342, 48.87130853333334]]}}, {"type": "Feature", "properties": {"highway": "service", "footway": null, "name": null, "surface": null, "lit": null, "length_m": 6.9, "type_element": "Way", "__fid": 90899}, "geometry": {"type": "LineString", "coordinates": [[2.372309, 48.8718809], [2.3723559, 48.8718271]]}}, {"type": "Feature", "properties": {"highway": "footway", "footway": "crossing", "name": null, "surface": "asphalt", "lit": "yes", "length_m": 10.35, "type_element": "Way", "__fid": 90908}, "geometry": {"type": "LineString", "coordinates": [[2.3723143, 48.8747313], [2.3722818, 48.8746407]]}}, {"type": "Feature", "properties": {"highway": "footway", "footway": "sidewalk", "name": null, "surface": "asphalt", "lit": "yes", "length_m": 4.16, "type_element": "Way", "__fid": 90909}, "geometry": {"type": "LineString", "coordinates": [[2.3722818, 48.8746407], [2.3723324, 48.87462389999999]]}}, {"type": "Feature", "properties": {"highway": "service", "footway": null, "name": "Boulevard de la Villette", "surface": "asphalt", "lit": "yes", "length_m": 9.62, "type_element": "Way", "__fid": 90910}, "geometry": {"type": "LineString", "coordinates": [[2.3723391, 48.8764264], [2.3722598, 48.8764953]]}}, {"type": "Feature", "properties": {"highway": "footway", "footway": "sidewalk", "name": null, "surface": "asphalt", "lit": "yes", "length_m": 50.99, "type_element": "Way", "__fid": 90916}, "geometry": {"type": "LineString", "coordinates": [[2.372273, 48.8765524], [2.3727636, 48.8767871], [2.3728527, 48.8767869]]}}, {"type": "Feature", "properties": {"highway": "footway", "footway": "crossing", "name": null, "surface": "asphalt", "lit": "yes", "length_m": 9.21, "type_element": "Way", "__fid": 90917}, "geometry": {"type": "LineString", "coordinates": [[2.372273, 48.8765524], [2.3723441, 48.8764841]]}}, {"type": "Feature", "properties": {"highway": "pedestrian", "footway": null, "name": "Rue Sainte-Marthe", "surface": "sett", "lit": "yes", "length_m": 55.39, "type_element": "Way", "__fid": 90922}, "geometry": {"type": "LineString", "coordinates": [[2.372934, 48.8744237], [2.3723061, 48.874146900000014]]}}, {"type": "Feature", "properties": {"highway": "pedestrian", "footway": null, "name": "Impasse Sainte-Marthe", "surface": "asphalt", "lit": "yes", "length_m": 2.82, "type_element": "Way", "__fid": 90923}, "geometry": {"type": "LineString", "coordinates": [[2.3723061, 48.874146900000014], [2.3723274, 48.874125800000016]]}}, {"type": "Feature", "properties": {"highway": "footway", "footway": "sidewalk", "name": null, "surface": "asphalt", "lit": "yes", "length_m": 14.53, "type_element": "Way", "__fid": 90935}, "geometry": {"type": "LineString", "coordinates": [[2.3723143, 48.8747313], [2.372507166666691, 48.87470150000003]]}}, {"type": "Feature", "properties": {"highway": "footway", "footway": "sidewalk", "name": null, "surface": "asphalt", "lit": "yes", "length_m": 23.12, "type_element": "Way", "__fid": 90937}, "geometry": {"type": "LineString", "coordinates": [[2.3723274, 48.874125800000016], [2.3725937, 48.8742371]]}}, {"type": "Feature", "properties": {"highway": "pedestrian", "footway": null, "name": "Impasse Sainte-Marthe", "surface": "asphalt", "lit": "yes", "length_m": 42.23, "type_element": "Way", "__fid": 90938}, "geometry": {"type": "LineString", "coordinates": [[2.3723274, 48.874125800000016], [2.3726485, 48.8738106]]}}, {"type": "Feature", "properties": {"highway": "footway", "footway": "sidewalk", "name": null, "surface": "asphalt", "lit": "yes", "length_m": 46.55, "type_element": "Way", "__fid": 90939}, "geometry": {"type": "LineString", "coordinates": [[2.3729278, 48.8720086], [2.3723559, 48.8718271]]}}, {"type": "Feature", "properties": {"highway": "service", "footway": null, "name": null, "surface": null, "lit": null, "length_m": 40.11, "type_element": "Way", "__fid": 90940}, "geometry": {"type": "LineString", "coordinates": [[2.3723559, 48.8718271], [2.372429, 48.87174779999999], [2.3725443, 48.8716453], [2.3727136, 48.8716246], [2.3727399, 48.8716043]]}}, {"type": "Feature", "properties": {"highway": "footway", "footway": "crossing", "name": null, "surface": "asphalt", "lit": "yes", "length_m": 5.79, "type_element": "Way", "__fid": 90945}, "geometry": {"type": "LineString", "coordinates": [[2.3723324, 48.87462389999999], [2.3724094, 48.87461239999998]]}}, {"type": "Feature", "properties": {"highway": "footway", "footway": "crossing", "name": null, "surface": "asphalt", "lit": "yes", "length_m": 3.53, "type_element": "Way", "__fid": 90974}, "geometry": {"type": "LineString", "coordinates": [[2.3723391, 48.8764264], [2.3723797, 48.876443499999986]]}}, {"type": "Feature", "properties": {"highway": "service", "footway": null, "name": "Boulevard de la Villette", "surface": "asphalt", "lit": "yes", "length_m": 160.01, "type_element": "Way", "__fid": 90975}, "geometry": {"type": "LineString", "coordinates": [[2.3734627, 48.8752834], [2.3735063, 48.8753049], [2.37356, 48.8753768], [2.3723391, 48.8764264]]}}, {"type": "Feature", "properties": {"highway": "footway", "footway": "sidewalk", "name": null, "surface": "asphalt", "lit": "yes", "length_m": 154.94, "type_element": "Way", "__fid": 90986}, "geometry": {"type": "LineString", "coordinates": [[2.3739322, 48.8768528], [2.3738201, 48.8767363], [2.373649, 48.8766402], [2.3732453, 48.8764369], [2.3731173, 48.876448400000015], [2.372841, 48.876679], [2.372776, 48.8766865], [2.3723441, 48.8764841]]}}, {"type": "Feature", "properties": {"highway": "footway", "footway": "sidewalk", "name": null, "surface": "asphalt", "lit": "yes", "length_m": 5.22, "type_element": "Way", "__fid": 90987}, "geometry": {"type": "LineString", "coordinates": [[2.3723441, 48.8764841], [2.3723797, 48.876443499999986]]}}, {"type": "Feature", "properties": {"highway": "footway", "footway": "sidewalk", "name": null, "surface": "asphalt", "lit": "yes", "length_m": 157.23, "type_element": "Way", "__fid": 91034}, "geometry": {"type": "LineString", "coordinates": [[2.3723797, 48.876443499999986], [2.3736034, 48.87538510000001], [2.3736256, 48.8753035]]}}, {"type": "Feature", "properties": {"highway": "pedestrian", "footway": null, "name": "Rue Jean et Marie Moinon", "surface": "asphalt", "lit": "yes", "length_m": 8.08, "type_element": "Way", "__fid": 91041}, "geometry": {"type": "LineString", "coordinates": [[2.3724094, 48.87461239999998], [2.3725017, 48.874652]]}}, {"type": "Feature", "properties": {"highway": "footway", "footway": "crossing", "name": null, "surface": "asphalt", "lit": "yes", "length_m": 3.44, "type_element": "Way", "__fid": 91042}, "geometry": {"type": "LineString", "coordinates": [[2.3724094, 48.87461239999998], [2.372455, 48.87460516666678]]}}, {"type": "Feature", "properties": {"highway": "footway", "footway": "sidewalk", "name": null, "surface": "asphalt", "lit": "yes", "length_m": 222.13, "type_element": "Way", "__fid": 91076}, "geometry": {"type": "LineString", "coordinates": [[2.372455, 48.87460516666678], [2.3715669, 48.8742067], [2.3715519, 48.8741716], [2.3717651, 48.873963], [2.3718214, 48.8739588], [2.3730157, 48.8744876], [2.3730135, 48.8745024]]}}, {"type": "Feature", "properties": {"highway": "footway", "footway": "sidewalk", "name": null, "surface": "asphalt", "lit": "yes", "length_m": 13.48, "type_element": "Way", "__fid": 91077}, "geometry": {"type": "LineString", "coordinates": [[2.3726355, 48.8745826], [2.372455, 48.87460516666678]]}}, {"type": "Feature", "properties": {"highway": "footway", "footway": "sidewalk", "name": null, "surface": "asphalt", "lit": "yes", "length_m": 74.42, "type_element": "Way", "__fid": 91134}, "geometry": {"type": "LineString", "coordinates": [[2.372507166666691, 48.87470150000003], [2.373068, 48.8752535], [2.373072466666827, 48.875249766666684]]}}, {"type": "Feature", "properties": {"highway": "footway", "footway": "crossing", "name": null, "surface": "asphalt", "lit": "yes", "length_m": 9.32, "type_element": "Way", "__fid": 91135}, "geometry": {"type": "LineString", "coordinates": [[2.3726304, 48.8746812], [2.372507166666691, 48.87470150000003]]}}, {"type": "Feature", "properties": {"highway": "footway", "footway": "crossing", "name": null, "surface": "asphalt", "lit": "yes", "length_m": 5.42, "type_element": "Way", "__fid": 91186}, "geometry": {"type": "LineString", "coordinates": [[2.3726516, 48.8722641], [2.372583566666475, 48.87224516666681]]}}, {"type": "Feature", "properties": {"highway": "footway", "footway": "sidewalk", "name": null, "surface": "asphalt", "lit": "yes", "length_m": 21.08, "type_element": "Way", "__fid": 91187}, "geometry": {"type": "LineString", "coordinates": [[2.372583566666475, 48.87224516666681], [2.372502, 48.8723038], [2.3726328, 48.872372]]}}, {"type": "Feature", "properties": {"highway": "footway", "footway": "sidewalk", "name": null, "surface": "asphalt", "lit": "yes", "length_m": 25.39, "type_element": "Way", "__fid": 91188}, "geometry": {"type": "LineString", "coordinates": [[2.372789499999869, 48.87207070000009], [2.3725755, 48.87224269999999], [2.372583566666475, 48.87224516666681]]}}, {"type": "Feature", "properties": {"highway": "footway", "footway": null, "name": null, "surface": null, "lit": "yes", "length_m": 35.27, "type_element": "Way", "__fid": 91221}, "geometry": {"type": "LineString", "coordinates": [[2.3728527, 48.8767869], [2.3728672, 48.87690040000001], [2.3725601, 48.876883200000016]]}}, {"type": "Feature", "properties": {"highway": "footway", "footway": "crossing", "name": null, "surface": "sett", "lit": "yes", "length_m": 5.35, "type_element": "Way", "__fid": 91223}, "geometry": {"type": "LineString", "coordinates": [[2.3725937, 48.8742371], [2.372654033333284, 48.87426410000001]]}}, {"type": "Feature", "properties": {"highway": "footway", "footway": "sidewalk", "name": null, "surface": "asphalt", "lit": "yes", "length_m": 58.02, "type_element": "Way", "__fid": 91224}, "geometry": {"type": "LineString", "coordinates": [[2.3725937, 48.8742371], [2.3729869, 48.8739934], [2.3730103, 48.8739597], [2.3731519, 48.873871]]}}, {"type": "Feature", "properties": {"highway": "footway", "footway": "sidewalk", "name": null, "surface": "asphalt", "lit": "yes", "length_m": 34.97, "type_element": "Way", "__fid": 91245}, "geometry": {"type": "LineString", "coordinates": [[2.3726328, 48.872372], [2.3730123, 48.8725623]]}}, {"type": "Feature", "properties": {"highway": "footway", "footway": "crossing", "name": null, "surface": "asphalt", "lit": "yes", "length_m": 7.89, "type_element": "Way", "__fid": 91246}, "geometry": {"type": "LineString", "coordinates": [[2.3726969, 48.872315], [2.3726328, 48.872372]]}}, {"type": "Feature", "properties": {"highway": "footway", "footway": "sidewalk", "name": null, "surface": "asphalt", "lit": "yes", "length_m": 6.8, "type_element": "Way", "__fid": 91263}, "geometry": {"type": "LineString", "coordinates": [[2.3726969, 48.872315], [2.3726697, 48.87229980000002], [2.3726516, 48.8722641]]}}, {"type": "Feature", "properties": {"highway": "footway", "footway": "sidewalk", "name": null, "surface": "asphalt", "lit": "yes", "length_m": 24.57, "type_element": "Way", "__fid": 91264}, "geometry": {"type": "LineString", "coordinates": [[2.3726516, 48.8722641], [2.372866068715763, 48.872094361380725]]}}, {"type": "Feature", "properties": {"highway": "footway", "footway": "sidewalk", "name": null, "surface": "asphalt", "lit": "yes", "length_m": 69.32, "type_element": "Way", "__fid": 91271}, "geometry": {"type": "LineString", "coordinates": [[2.373126866666779, 48.87520283333339], [2.3726259, 48.8747165], [2.3726304, 48.8746812]]}}, {"type": "Feature", "properties": {"highway": "footway", "footway": "sidewalk", "name": null, "surface": "asphalt", "lit": "yes", "length_m": 2.95, "type_element": "Way", "__fid": 91272}, "geometry": {"type": "LineString", "coordinates": [[2.3726304, 48.8746812], [2.3726702, 48.8746773]]}}, {"type": "Feature", "properties": {"highway": "footway", "footway": "crossing", "name": null, "surface": "asphalt", "lit": "yes", "length_m": 10.83, "type_element": "Way", "__fid": 91278}, "geometry": {"type": "LineString", "coordinates": [[2.3726702, 48.8746773], [2.3726355, 48.8745826]]}}, {"type": "Feature", "properties": {"highway": "footway", "footway": "sidewalk", "name": null, "surface": "asphalt", "lit": "yes", "length_m": 28.14, "type_element": "Way", "__fid": 91279}, "geometry": {"type": "LineString", "coordinates": [[2.3730096, 48.8745264], [2.3726355, 48.8745826]]}}, {"type": "Feature", "properties": {"highway": "footway", "footway": "sidewalk", "name": null, "surface": "asphalt", "lit": "yes", "length_m": 109.82, "type_element": "Way", "__fid": 91300}, "geometry": {"type": "LineString", "coordinates": [[2.373746333333157, 48.873588666666734], [2.372654033333284, 48.87426410000001]]}}, {"type": "Feature", "properties": {"highway": "footway", "footway": "sidewalk", "name": null, "surface": "asphalt", "lit": "yes", "length_m": 27.84, "type_element": "Way", "__fid": 91301}, "geometry": {"type": "LineString", "coordinates": [[2.372654033333284, 48.87426410000001], [2.3726829, 48.8742892], [2.3729592, 48.8744104]]}}, {"type": "Feature", "properties": {"highway": "footway", "footway": "sidewalk", "name": null, "surface": "asphalt", "lit": "yes", "length_m": 35.34, "type_element": "Way", "__fid": 91321}, "geometry": {"type": "LineString", "coordinates": [[2.373070800000177, 48.87251536666671], [2.3726969, 48.872315]]}}, {"type": "Feature", "properties": {"highway": "footway", "footway": "sidewalk", "name": null, "surface": "asphalt", "lit": "yes", "length_m": 28.2, "type_element": "Way", "__fid": 91323}, "geometry": {"type": "LineString", "coordinates": [[2.3726702, 48.8746773], [2.373044, 48.8746179]]}}, {"type": "Feature", "properties": {"highway": "footway", "footway": "crossing", "name": null, "surface": "asphalt", "lit": "yes", "length_m": 6.2, "type_element": "Way", "__fid": 91424}, "geometry": {"type": "LineString", "coordinates": [[2.372789499999869, 48.87207070000009], [2.372866068715763, 48.872094361380725]]}}, {"type": "Feature", "properties": {"highway": "footway", "footway": null, "name": null, "surface": null, "lit": null, "length_m": 14.25, "type_element": "Way", "__fid": 91539}, "geometry": {"type": "LineString", "coordinates": [[2.3728529, 48.8719562], [2.3729661, 48.871852]]}}, {"type": "Feature", "properties": {"highway": "footway", "footway": "sidewalk", "name": null, "surface": "asphalt", "lit": "yes", "length_m": 0.45, "type_element": "Way", "__fid": 91561}, "geometry": {"type": "LineString", "coordinates": [[2.372866068715763, 48.872094361380725], [2.37287000000017, 48.872091250000025]]}}, {"type": "Feature", "properties": {"highway": "footway", "footway": "sidewalk", "name": null, "surface": "asphalt", "lit": "yes", "length_m": 43.78, "type_element": "Way", "__fid": 91568}, "geometry": {"type": "LineString", "coordinates": [[2.37287000000017, 48.872091250000025], [2.3733335, 48.8723393]]}}, {"type": "Feature", "properties": {"highway": "footway", "footway": "crossing", "name": null, "surface": "asphalt", "lit": "yes", "length_m": 10.12, "type_element": "Way", "__fid": 91569}, "geometry": {"type": "LineString", "coordinates": [[2.37287000000017, 48.872091250000025], [2.3729278, 48.8720086]]}}, {"type": "Feature", "properties": {"highway": "footway", "footway": null, "name": null, "surface": null, "lit": "yes", "length_m": 5.52, "type_element": "Way", "__fid": 91600}, "geometry": {"type": "LineString", "coordinates": [[2.3728454, 48.87673750000001], [2.3728527, 48.8767869]]}}, {"type": "Feature", "properties": {"highway": "footway", "footway": "sidewalk", "name": null, "surface": "asphalt", "lit": "yes", "length_m": 23.65, "type_element": "Way", "__fid": 91619}, "geometry": {"type": "LineString", "coordinates": [[2.3728527, 48.8767869], [2.3729128, 48.8767703], [2.3730656, 48.8766338]]}}, {"type": "Feature", "properties": {"highway": "footway", "footway": "sidewalk", "name": null, "surface": "asphalt", "lit": "yes", "length_m": 46.54, "type_element": "Way", "__fid": 91646}, "geometry": {"type": "LineString", "coordinates": [[2.3734254, 48.87226829999999], [2.3729278, 48.8720086]]}}, {"type": "Feature", "properties": {"highway": "pedestrian", "footway": null, "name": "Rue Sainte-Marthe", "surface": "asphalt", "lit": "yes", "length_m": 13.94, "type_element": "Way", "__fid": 91704}, "geometry": {"type": "LineString", "coordinates": [[2.373092, 48.87449340000002], [2.372934, 48.8744237]]}}, {"type": "Feature", "properties": {"highway": "service", "footway": null, "name": null, "surface": null, "lit": null, "length_m": 2.37, "type_element": "Way", "__fid": 91705}, "geometry": {"type": "LineString", "coordinates": [[2.3729592, 48.8744104], [2.372934, 48.8744237]]}}, {"type": "Feature", "properties": {"highway": "service", "footway": null, "name": "Cour des Bretons", "surface": null, "lit": null, "length_m": 12.33, "type_element": "Way", "__fid": 91708}, "geometry": {"type": "LineString", "coordinates": [[2.3729661, 48.871852], [2.3730985, 48.8719203]]}}, {"type": "Feature", "properties": {"highway": "service", "footway": null, "name": "Cour des Bretons", "surface": null, "lit": null, "length_m": 88.46, "type_element": "Way", "__fid": 91709}, "geometry": {"type": "LineString", "coordinates": [[2.3731549, 48.8712199], [2.3733983, 48.8713126], [2.3729661, 48.871852]]}}, {"type": "Feature", "properties": {"highway": "footway", "footway": "sidewalk", "name": null, "surface": "asphalt", "lit": "yes", "length_m": 10.14, "type_element": "Way", "__fid": 91735}, "geometry": {"type": "LineString", "coordinates": [[2.3729592, 48.8744104], [2.3730744, 48.8744608]]}}, {"type": "Feature", "properties": {"highway": "service", "footway": null, "name": null, "surface": null, "lit": null, "length_m": 7.91, "type_element": "Way", "__fid": 91736}, "geometry": {"type": "LineString", "coordinates": [[2.3730431, 48.8743657], [2.3729592, 48.8744104]]}}, {"type": "Feature", "properties": {"highway": "footway", "footway": "sidewalk", "name": null, "surface": "asphalt", "lit": "yes", "length_m": 95.57, "type_element": "Way", "__fid": 91779}, "geometry": {"type": "LineString", "coordinates": [[2.3741432, 48.871008], [2.37347, 48.870714], [2.3730308, 48.8705627]]}}, {"type": "Feature", "properties": {"highway": "footway", "footway": "sidewalk", "name": null, "surface": "asphalt", "lit": "yes", "length_m": 54.52, "type_element": "Way", "__fid": 91785}, "geometry": {"type": "LineString", "coordinates": [[2.3730123, 48.8725623], [2.373478, 48.87279640000002], [2.3735243, 48.8727969], [2.3735887, 48.8727442], [2.373582433333089, 48.87274013333342]]}}, {"type": "Feature", "properties": {"highway": "footway", "footway": "crossing", "name": null, "surface": "asphalt", "lit": "yes", "length_m": 6.76, "type_element": "Way", "__fid": 91786}, "geometry": {"type": "LineString", "coordinates": [[2.3730123, 48.8725623], [2.373070800000177, 48.87251536666671]]}}, {"type": "Feature", "properties": {"highway": "footway", "footway": "crossing", "name": null, "surface": "asphalt", "lit": "yes", "length_m": 10.48, "type_element": "Way", "__fid": 91801}, "geometry": {"type": "LineString", "coordinates": [[2.373044, 48.8746179], [2.3730096, 48.8745264]]}}, {"type": "Feature", "properties": {"highway": "footway", "footway": "sidewalk", "name": null, "surface": "asphalt", "lit": "yes", "length_m": 2.68, "type_element": "Way", "__fid": 91802}, "geometry": {"type": "LineString", "coordinates": [[2.3730135, 48.8745024], [2.3730096, 48.8745264]]}}, {"type": "Feature", "properties": {"highway": "footway", "footway": "crossing", "name": null, "surface": "asphalt", "lit": "yes", "length_m": 5.84, "type_element": "Way", "__fid": 91806}, "geometry": {"type": "LineString", "coordinates": [[2.3730135, 48.8745024], [2.373092, 48.87449340000002]]}}, {"type": "Feature", "properties": {"highway": "service", "footway": null, "name": null, "surface": null, "lit": null, "length_m": 4.88, "type_element": "Way", "__fid": 91833}, "geometry": {"type": "LineString", "coordinates": [[2.373012, 48.8766078], [2.3730656, 48.8766338]]}}, {"type": "Feature", "properties": {"highway": "footway", "footway": "sidewalk", "name": null, "surface": "asphalt", "lit": "yes", "length_m": 81.07, "type_element": "Way", "__fid": 91845}, "geometry": {"type": "LineString", "coordinates": [[2.373044, 48.8746179], [2.3734169, 48.874559900000015], [2.3739565, 48.8743712], [2.3740492, 48.8744119]]}}, {"type": "Feature", "properties": {"highway": "footway", "footway": "sidewalk", "name": null, "surface": "asphalt", "lit": "yes", "length_m": 7.12, "type_element": "Way", "__fid": 91849}, "geometry": {"type": "LineString", "coordinates": [[2.373160733333112, 48.872529733333444], [2.3730756, 48.8725115], [2.373070800000177, 48.87251536666671]]}}, {"type": "Feature", "properties": {"highway": "footway", "footway": "crossing", "name": null, "surface": "asphalt", "lit": "yes", "length_m": 15.14, "type_element": "Way", "__fid": 91851}, "geometry": {"type": "LineString", "coordinates": [[2.3730408, 48.8752779], [2.373201, 48.8753638]]}}, {"type": "Feature", "properties": {"highway": "footway", "footway": "sidewalk", "name": null, "surface": "asphalt", "lit": "yes", "length_m": 3.9, "type_element": "Way", "__fid": 91852}, "geometry": {"type": "LineString", "coordinates": [[2.373072466666827, 48.875249766666684], [2.3730408, 48.8752779]]}}, {"type": "Feature", "properties": {"highway": "footway", "footway": "sidewalk", "name": null, "surface": "asphalt", "lit": "yes", "length_m": 4.77, "type_element": "Way", "__fid": 91886}, "geometry": {"type": "LineString", "coordinates": [[2.3730744, 48.8744608], [2.373124866666782, 48.87448790000014]]}}, {"type": "Feature", "properties": {"highway": "steps", "footway": null, "name": null, "surface": "asphalt", "lit": "yes", "length_m": 5.07, "type_element": "Way", "__fid": 91887}, "geometry": {"type": "LineString", "coordinates": [[2.3731273, 48.874431399999985], [2.3730744, 48.8744608]]}}, {"type": "Feature", "properties": {"highway": "footway", "footway": "crossing", "name": null, "surface": "asphalt", "lit": "yes", "length_m": 6.57, "type_element": "Way", "__fid": 91903}, "geometry": {"type": "LineString", "coordinates": [[2.373126866666779, 48.87520283333339], [2.373072466666827, 48.875249766666684]]}}, {"type": "Feature", "properties": {"highway": "service", "footway": null, "name": null, "surface": null, "lit": null, "length_m": 43.68, "type_element": "Way", "__fid": 91917}, "geometry": {"type": "LineString", "coordinates": [[2.3730656, 48.8766338], [2.3732226, 48.87671849999998], [2.3732306, 48.8767412], [2.3731796, 48.8769745]]}}, {"type": "Feature", "properties": {"highway": "footway", "footway": "sidewalk", "name": null, "surface": "asphalt", "lit": "yes", "length_m": 50.71, "type_element": "Way", "__fid": 91918}, "geometry": {"type": "LineString", "coordinates": [[2.3730656, 48.8766338], [2.3731421, 48.8765674], [2.3732615, 48.87655689999998], [2.3736119, 48.876737300000016]]}}, {"type": "Feature", "properties": {"highway": "pedestrian", "footway": null, "name": "Rue Sainte-Marthe", "surface": "asphalt", "lit": "yes", "length_m": 10.59, "type_element": "Way", "__fid": 91919}, "geometry": {"type": "LineString", "coordinates": [[2.3732122, 48.8745461], [2.373092, 48.87449340000002]]}}, {"type": "Feature", "properties": {"highway": "footway", "footway": "crossing", "name": null, "surface": "asphalt", "lit": "yes", "length_m": 2.49, "type_element": "Way", "__fid": 91920}, "geometry": {"type": "LineString", "coordinates": [[2.373092, 48.87449340000002], [2.373124866666782, 48.87448790000014]]}}, {"type": "Feature", "properties": {"highway": "service", "footway": null, "name": "Cour des Bretons", "surface": null, "lit": null, "length_m": 52.26, "type_element": "Way", "__fid": 91947}, "geometry": {"type": "LineString", "coordinates": [[2.3731549, 48.8712199], [2.3732647, 48.8710497], [2.3734795, 48.87080240000002]]}}, {"type": "Feature", "properties": {"highway": "footway", "footway": "sidewalk", "name": null, "surface": "asphalt", "lit": "yes", "length_m": 37.26, "type_element": "Way", "__fid": 91956}, "geometry": {"type": "LineString", "coordinates": [[2.3735993, 48.87438949999998], [2.3733607, 48.8744689], [2.3731798, 48.8744942], [2.373124866666782, 48.87448790000014]]}}, {"type": "Feature", "properties": {"highway": "footway", "footway": "sidewalk", "name": null, "surface": "asphalt", "lit": "yes", "length_m": 3.19, "type_element": "Way", "__fid": 91968}, "geometry": {"type": "LineString", "coordinates": [[2.3731649, 48.875189], [2.373126866666779, 48.87520283333339]]}}, {"type": "Feature", "properties": {"highway": "footway", "footway": "crossing", "name": null, "surface": "asphalt", "lit": "yes", "length_m": 5.0, "type_element": "Way", "__fid": 91969}, "geometry": {"type": "LineString", "coordinates": [[2.373160733333112, 48.872529733333444], [2.373215833333196, 48.87255626666673]]}}, {"type": "Feature", "properties": {"highway": "footway", "footway": "sidewalk", "name": null, "surface": "asphalt", "lit": "yes", "length_m": 24.3, "type_element": "Way", "__fid": 91970}, "geometry": {"type": "LineString", "coordinates": [[2.373358466666571, 48.87236176666672], [2.3731538, 48.8725264], [2.373160733333112, 48.872529733333444]]}}, {"type": "Feature", "properties": {"highway": "footway", "footway": "crossing", "name": null, "surface": null, "lit": "yes", "length_m": 6.77, "type_element": "Way", "__fid": 91977}, "geometry": {"type": "LineString", "coordinates": [[2.373213166666481, 48.87391656666672], [2.3731519, 48.873871]]}}, {"type": "Feature", "properties": {"highway": "footway", "footway": "sidewalk", "name": null, "surface": "asphalt", "lit": "yes", "length_m": 51.46, "type_element": "Way", "__fid": 91978}, "geometry": {"type": "LineString", "coordinates": [[2.3731519, 48.873871], [2.373661674999564, 48.87355302500014]]}}, {"type": "Feature", "properties": {"highway": "footway", "footway": "crossing", "name": null, "surface": "asphalt", "lit": "yes", "length_m": 13.72, "type_element": "Way", "__fid": 92019}, "geometry": {"type": "LineString", "coordinates": [[2.3731649, 48.875189], [2.3733135, 48.875264]]}}, {"type": "Feature", "properties": {"highway": "footway", "footway": "sidewalk", "name": null, "surface": "asphalt", "lit": "yes", "length_m": 45.51, "type_element": "Way", "__fid": 92020}, "geometry": {"type": "LineString", "coordinates": [[2.373537799999829, 48.874861860000074], [2.3731649, 48.875189]]}}, {"type": "Feature", "properties": {"highway": "footway", "footway": null, "name": null, "surface": "sett", "lit": null, "length_m": 53.07, "type_element": "Way", "__fid": 92041}, "geometry": {"type": "LineString", "coordinates": [[2.3731917, 48.874043], [2.3732427, 48.874111], [2.373362, 48.8741568], [2.3733741, 48.8742336], [2.3735042, 48.8742728], [2.373525, 48.8743421], [2.3735993, 48.87438949999998]]}}, {"type": "Feature", "properties": {"highway": "footway", "footway": "sidewalk", "name": null, "surface": "asphalt", "lit": "yes", "length_m": 29.94, "type_element": "Way", "__fid": 92047}, "geometry": {"type": "LineString", "coordinates": [[2.3735263, 48.87270950000001], [2.3734584, 48.8727079], [2.3732442, 48.8725968], [2.373215833333196, 48.87255626666673]]}}, {"type": "Feature", "properties": {"highway": "footway", "footway": "sidewalk", "name": null, "surface": "asphalt", "lit": "yes", "length_m": 23.51, "type_element": "Way", "__fid": 92048}, "geometry": {"type": "LineString", "coordinates": [[2.373215833333196, 48.87255626666673], [2.3734237, 48.8723953]]}}, {"type": "Feature", "properties": {"highway": "footway", "footway": "traffic_island", "name": null, "surface": "asphalt", "lit": "yes", "length_m": 13.83, "type_element": "Way", "__fid": 92062}, "geometry": {"type": "LineString", "coordinates": [[2.373201, 48.8753638], [2.3733135, 48.875264]]}}, {"type": "Feature", "properties": {"highway": "footway", "footway": "sidewalk", "name": null, "surface": "asphalt", "lit": "yes", "length_m": 3.1, "type_element": "Way", "__fid": 92186}, "geometry": {"type": "LineString", "coordinates": [[2.3733335, 48.8723393], [2.373358466666571, 48.87236176666672]]}}, {"type": "Feature", "properties": {"highway": "footway", "footway": "crossing", "name": null, "surface": "asphalt", "lit": "yes", "length_m": 10.38, "type_element": "Way", "__fid": 92187}, "geometry": {"type": "LineString", "coordinates": [[2.3733335, 48.8723393], [2.3734254, 48.87226829999999]]}}, {"type": "Feature", "properties": {"highway": "footway", "footway": "traffic_island", "name": null, "surface": "asphalt", "lit": "yes", "length_m": 9.97, "type_element": "Way", "__fid": 92206}, "geometry": {"type": "LineString", "coordinates": [[2.3733135, 48.875264], [2.3733973, 48.8751934]]}}, {"type": "Feature", "properties": {"highway": "footway", "footway": "crossing", "name": null, "surface": "asphalt", "lit": "yes", "length_m": 6.07, "type_element": "Way", "__fid": 92233}, "geometry": {"type": "LineString", "coordinates": [[2.373358466666571, 48.87236176666672], [2.3734237, 48.8723953]]}}, {"type": "Feature", "properties": {"highway": "footway", "footway": "sidewalk", "name": null, "surface": "asphalt", "lit": "yes", "length_m": 28.22, "type_element": "Way", "__fid": 92342}, "geometry": {"type": "LineString", "coordinates": [[2.3734237, 48.8723953], [2.3734443, 48.8723982], [2.3737151, 48.87253970000001], [2.3737169, 48.8725516]]}}, {"type": "Feature", "properties": {"highway": "footway", "footway": "sidewalk", "name": null, "surface": "asphalt", "lit": "yes", "length_m": 60.97, "type_element": "Way", "__fid": 92343}, "geometry": {"type": "LineString", "coordinates": [[2.3740763, 48.872609300000015], [2.3734254, 48.87226829999999]]}}, {"type": "Feature", "properties": {"highway": "footway", "footway": "crossing", "name": null, "surface": "asphalt", "lit": "yes", "length_m": 20.74, "type_element": "Way", "__fid": 92354}, "geometry": {"type": "LineString", "coordinates": [[2.3736256, 48.8753035], [2.3733973, 48.8751934]]}}, {"type": "Feature", "properties": {"highway": "footway", "footway": "traffic_island", "name": null, "surface": "asphalt", "lit": "yes", "length_m": 35.95, "type_element": "Way", "__fid": 92355}, "geometry": {"type": "LineString", "coordinates": [[2.3733973, 48.8751934], [2.3736957, 48.8749369]]}}, {"type": "Feature", "properties": {"highway": "footway", "footway": "crossing", "name": null, "surface": "asphalt", "lit": "yes", "length_m": 5.34, "type_element": "Way", "__fid": 92488}, "geometry": {"type": "LineString", "coordinates": [[2.3735263, 48.87270950000001], [2.373582433333089, 48.87274013333342]]}}, {"type": "Feature", "properties": {"highway": "footway", "footway": "sidewalk", "name": null, "surface": "asphalt", "lit": "yes", "length_m": 22.44, "type_element": "Way", "__fid": 92489}, "geometry": {"type": "LineString", "coordinates": [[2.3737169, 48.8725516], [2.3735263, 48.87270950000001]]}}, {"type": "Feature", "properties": {"highway": "footway", "footway": "crossing", "name": null, "surface": "asphalt", "lit": "yes", "length_m": 14.27, "type_element": "Way", "__fid": 92530}, "geometry": {"type": "LineString", "coordinates": [[2.373537799999829, 48.874861860000074], [2.3736957, 48.8749369]]}}, {"type": "Feature", "properties": {"highway": "footway", "footway": "sidewalk", "name": null, "surface": "asphalt", "lit": "yes", "length_m": 62.53, "type_element": "Way", "__fid": 92531}, "geometry": {"type": "LineString", "coordinates": [[2.3740492, 48.8744119], [2.373537799999829, 48.874861860000074]]}}, {"type": "Feature", "properties": {"highway": "footway", "footway": null, "name": null, "surface": null, "lit": "yes", "length_m": 28.24, "type_element": "Way", "__fid": 92539}, "geometry": {"type": "LineString", "coordinates": [[2.3736119, 48.876737300000016], [2.3735726, 48.8767694], [2.373521, 48.8769794]]}}, {"type": "Feature", "properties": {"highway": "footway", "footway": "sidewalk", "name": null, "surface": "asphalt", "lit": "yes", "length_m": 23.22, "type_element": "Way", "__fid": 92548}, "geometry": {"type": "LineString", "coordinates": [[2.373582433333089, 48.87274013333342], [2.3737932, 48.8725843]]}}, {"type": "Feature", "properties": {"highway": "footway", "footway": "sidewalk", "name": null, "surface": "asphalt", "lit": "yes", "length_m": 37.12, "type_element": "Way", "__fid": 92576}, "geometry": {"type": "LineString", "coordinates": [[2.3740511, 48.87423909999998], [2.3735993, 48.87438949999998]]}}, {"type": "Feature", "properties": {"highway": "footway", "footway": null, "name": null, "surface": "concrete", "lit": "yes", "length_m": 39.02, "type_element": "Way", "__fid": 92582}, "geometry": {"type": "LineString", "coordinates": [[2.3739108, 48.8709906], [2.3736412, 48.8712931]]}}, {"type": "Feature", "properties": {"highway": "footway", "footway": "sidewalk", "name": null, "surface": "asphalt", "lit": "yes", "length_m": 2.38, "type_element": "Way", "__fid": 92632}, "geometry": {"type": "LineString", "coordinates": [[2.373645, 48.8752863], [2.3736256, 48.8753035]]}}, {"type": "Feature", "properties": {"highway": "footway", "footway": "sidewalk", "name": null, "surface": "asphalt", "lit": "yes", "length_m": 54.88, "type_element": "Way", "__fid": 92640}, "geometry": {"type": "LineString", "coordinates": [[2.3736119, 48.876737300000016], [2.3737275, 48.8767955], [2.3739078, 48.8770155], [2.3740614, 48.8771227]]}}, {"type": "Feature", "properties": {"highway": "footway", "footway": "sidewalk", "name": null, "surface": "asphalt", "lit": "yes", "length_m": 0.98, "type_element": "Way", "__fid": 92652}, "geometry": {"type": "LineString", "coordinates": [[2.373661674999564, 48.87355302500014], [2.373655378038733, 48.8735452343333]]}}, {"type": "Feature", "properties": {"highway": "footway", "footway": "crossing", "name": null, "surface": "asphalt", "lit": "yes", "length_m": 9.31, "type_element": "Way", "__fid": 92653}, "geometry": {"type": "LineString", "coordinates": [[2.373655378038733, 48.8735452343333], [2.373752366666803, 48.873491166666724]]}}, {"type": "Feature", "properties": {"highway": "footway", "footway": "crossing", "name": null, "surface": "asphalt", "lit": "yes", "length_m": 7.37, "type_element": "Way", "__fid": 92659}, "geometry": {"type": "LineString", "coordinates": [[2.373661674999564, 48.87355302500014], [2.373746333333157, 48.873588666666734]]}}, {"type": "Feature", "properties": {"highway": "footway", "footway": "sidewalk", "name": null, "surface": "asphalt", "lit": "yes", "length_m": 132.74, "type_element": "Way", "__fid": 92664}, "geometry": {"type": "LineString", "coordinates": [[2.373645, 48.8752863], [2.3737314, 48.8753347], [2.3740889, 48.8759774], [2.3741547, 48.87611230000001], [2.3742002, 48.8762409], [2.374230560000019, 48.87640022000003]]}}, {"type": "Feature", "properties": {"highway": "footway", "footway": "crossing", "name": null, "surface": "asphalt", "lit": "yes", "length_m": 13.5, "type_element": "Way", "__fid": 92665}, "geometry": {"type": "LineString", "coordinates": [[2.373759, 48.875191], [2.373645, 48.8752863]]}}, {"type": "Feature", "properties": {"highway": "footway", "footway": "crossing", "name": null, "surface": "asphalt", "lit": "yes", "length_m": 6.93, "type_element": "Way", "__fid": 92711}, "geometry": {"type": "LineString", "coordinates": [[2.3737932, 48.8725843], [2.3737346, 48.8725516], [2.3737169, 48.8725516]]}}, {"type": "Feature", "properties": {"highway": "footway", "footway": "crossing", "name": null, "surface": "asphalt", "lit": "yes", "length_m": 19.93, "type_element": "Way", "__fid": 92725}, "geometry": {"type": "LineString", "coordinates": [[2.3736957, 48.8749369], [2.3739092, 48.8750477]]}}, {"type": "Feature", "properties": {"highway": "footway", "footway": "sidewalk", "name": null, "surface": "asphalt", "lit": "yes", "length_m": 67.88, "type_element": "Way", "__fid": 92726}, "geometry": {"type": "LineString", "coordinates": [[2.3742522, 48.8744492], [2.3736957, 48.8749369]]}}, {"type": "Feature", "properties": {"highway": "footway", "footway": "sidewalk", "name": null, "surface": "asphalt", "lit": "yes", "length_m": 13.62, "type_element": "Way", "__fid": 92777}, "geometry": {"type": "LineString", "coordinates": [[2.3738871, 48.873514700000015], [2.3737526, 48.8735916], [2.373746333333157, 48.873588666666734]]}}, {"type": "Feature", "properties": {"highway": "footway", "footway": "sidewalk", "name": null, "surface": "asphalt", "lit": "yes", "length_m": 5.38, "type_element": "Way", "__fid": 92782}, "geometry": {"type": "LineString", "coordinates": [[2.373752366666803, 48.873491166666724], [2.3738085, 48.87346]]}}, {"type": "Feature", "properties": {"highway": "footway", "footway": "sidewalk", "name": null, "surface": "asphalt", "lit": "yes", "length_m": 141.05, "type_element": "Way", "__fid": 92815}, "geometry": {"type": "LineString", "coordinates": [[2.373759, 48.875191], [2.3738069, 48.8752234], [2.3742371, 48.8759911], [2.3743095, 48.876161799999984], [2.3743568, 48.8763871]]}}, {"type": "Feature", "properties": {"highway": "footway", "footway": "sidewalk", "name": null, "surface": "asphalt", "lit": "yes", "length_m": 19.37, "type_element": "Way", "__fid": 92816}, "geometry": {"type": "LineString", "coordinates": [[2.3739092, 48.8750477], [2.373759, 48.875191]]}}, {"type": "Feature", "properties": {"highway": "footway", "footway": "sidewalk", "name": null, "surface": "asphalt", "lit": "yes", "length_m": 74.36, "type_element": "Way", "__fid": 92819}, "geometry": {"type": "LineString", "coordinates": [[2.3737932, 48.8725843], [2.373817, 48.87258919999998], [2.3744057, 48.872899400000016], [2.3745016, 48.8730412]]}}, {"type": "Feature", "properties": {"highway": "footway", "footway": "crossing", "name": null, "surface": "asphalt", "lit": "yes", "length_m": 8.38, "type_element": "Way", "__fid": 92842}, "geometry": {"type": "LineString", "coordinates": [[2.3738085, 48.87346], [2.3738871, 48.873514700000015]]}}, {"type": "Feature", "properties": {"highway": "footway", "footway": "sidewalk", "name": null, "surface": "asphalt", "lit": "yes", "length_m": 68.94, "type_element": "Way", "__fid": 92843}, "geometry": {"type": "LineString", "coordinates": [[2.3745016, 48.8730412], [2.3738085, 48.87346]]}}, {"type": "Feature", "properties": {"highway": "footway", "footway": "sidewalk", "name": null, "surface": "asphalt", "lit": "yes", "length_m": 52.09, "type_element": "Way", "__fid": 92927}, "geometry": {"type": "LineString", "coordinates": [[2.3739108, 48.8709906], [2.3742904, 48.8711615], [2.3745144, 48.8712356]]}}, {"type": "Feature", "properties": {"highway": "footway", "footway": "sidewalk", "name": null, "surface": "asphalt", "lit": "yes", "length_m": 66.35, "type_element": "Way", "__fid": 92934}, "geometry": {"type": "LineString", "coordinates": [[2.3745637, 48.8731187], [2.3738871, 48.873514700000015]]}}, {"type": "Feature", "properties": {"highway": "service", "footway": null, "name": null, "surface": null, "lit": null, "length_m": 5.42, "type_element": "Way", "__fid": 92952}, "geometry": {"type": "LineString", "coordinates": [[2.373868, 48.87687690000002], [2.3739322, 48.8768528]]}}, {"type": "Feature", "properties": {"highway": "footway", "footway": "sidewalk", "name": null, "surface": "asphalt", "lit": "yes", "length_m": 75.53, "type_element": "Way", "__fid": 92970}, "geometry": {"type": "LineString", "coordinates": [[2.3745177, 48.8744997], [2.3739092, 48.8750477]]}}, {"type": "Feature", "properties": {"highway": "footway", "footway": "sidewalk", "name": null, "surface": "asphalt", "lit": "yes", "length_m": 21.25, "type_element": "Way", "__fid": 93022}, "geometry": {"type": "LineString", "coordinates": [[2.3741227, 48.8769868], [2.3740024, 48.8769406], [2.3739322, 48.8768528]]}}, {"type": "Feature", "properties": {"highway": "service", "footway": null, "name": null, "surface": null, "lit": null, "length_m": 39.58, "type_element": "Way", "__fid": 93023}, "geometry": {"type": "LineString", "coordinates": [[2.3739322, 48.8768528], [2.3739635, 48.8768378], [2.3739877, 48.876806], [2.3740467, 48.8765344], [2.374041, 48.8765143]]}}, {"type": "Feature", "properties": {"highway": "service", "footway": null, "name": null, "surface": null, "lit": null, "length_m": 17.68, "type_element": "Way", "__fid": 93037}, "geometry": {"type": "LineString", "coordinates": [[2.374041, 48.8765143], [2.3739538, 48.8763661]]}}, {"type": "Feature", "properties": {"highway": "service", "footway": null, "name": null, "surface": null, "lit": null, "length_m": 5.02, "type_element": "Way", "__fid": 93091}, "geometry": {"type": "LineString", "coordinates": [[2.3740402, 48.8726477], [2.3740763, 48.872609300000015]]}}, {"type": "Feature", "properties": {"highway": "footway", "footway": "sidewalk", "name": null, "surface": "asphalt", "lit": "yes", "length_m": 11.08, "type_element": "Way", "__fid": 93127}, "geometry": {"type": "LineString", "coordinates": [[2.3741704, 48.874300199999986], [2.3740511, 48.87423909999998]]}}, {"type": "Feature", "properties": {"highway": "footway", "footway": "sidewalk", "name": null, "surface": "asphalt", "lit": "yes", "length_m": 25.81, "type_element": "Way", "__fid": 93128}, "geometry": {"type": "LineString", "coordinates": [[2.374363, 48.8741316], [2.3740511, 48.87423909999998]]}}, {"type": "Feature", "properties": {"highway": "footway", "footway": "crossing", "name": null, "surface": "asphalt", "lit": "yes", "length_m": 15.46, "type_element": "Way", "__fid": 93129}, "geometry": {"type": "LineString", "coordinates": [[2.3740492, 48.8744119], [2.3742522, 48.8744492]]}}, {"type": "Feature", "properties": {"highway": "footway", "footway": "crossing", "name": null, "surface": "asphalt", "lit": "yes", "length_m": 15.27, "type_element": "Way", "__fid": 93130}, "geometry": {"type": "LineString", "coordinates": [[2.3740492, 48.8744119], [2.3741704, 48.874300199999986]]}}, {"type": "Feature", "properties": {"highway": "footway", "footway": "sidewalk", "name": null, "surface": "asphalt", "lit": "yes", "length_m": 80.38, "type_element": "Way", "__fid": 93136}, "geometry": {"type": "LineString", "coordinates": [[2.37476204999987, 48.87315030000002], [2.3747272, 48.87312390000001], [2.3745174, 48.87283750000001], [2.3740763, 48.872609300000015]]}}, {"type": "Feature", "properties": {"highway": "service", "footway": null, "name": null, "surface": null, "lit": null, "length_m": 37.01, "type_element": "Way", "__fid": 93137}, "geometry": {"type": "LineString", "coordinates": [[2.3740763, 48.872609300000015], [2.374329, 48.8723212]]}}, {"type": "Feature", "properties": {"highway": "service", "footway": null, "name": null, "surface": null, "lit": null, "length_m": 4.0, "type_element": "Way", "__fid": 93152}, "geometry": {"type": "LineString", "coordinates": [[2.374041, 48.8765143], [2.3740926, 48.8765027]]}}, {"type": "Feature", "properties": {"highway": "pedestrian", "footway": null, "name": "Passage Piver", "surface": "asphalt", "lit": "yes", "length_m": 3.82, "type_element": "Way", "__fid": 93163}, "geometry": {"type": "LineString", "coordinates": [[2.3741432, 48.871008], [2.3741203, 48.8710389]]}}, {"type": "Feature", "properties": {"highway": "footway", "footway": "sidewalk", "name": null, "surface": "asphalt", "lit": "yes", "length_m": 34.77, "type_element": "Way", "__fid": 93185}, "geometry": {"type": "LineString", "coordinates": [[2.3745556, 48.8711608], [2.3743813, 48.8711079], [2.3741432, 48.871008]]}}, {"type": "Feature", "properties": {"highway": "pedestrian", "footway": null, "name": "Passage Piver", "surface": "asphalt", "lit": "yes", "length_m": 30.81, "type_element": "Way", "__fid": 93186}, "geometry": {"type": "LineString", "coordinates": [[2.3743315, 48.870760300000015], [2.3741432, 48.871008]]}}, {"type": "Feature", "properties": {"highway": "footway", "footway": "sidewalk", "name": null, "surface": null, "lit": "yes", "length_m": 13.56, "type_element": "Way", "__fid": 93199}, "geometry": {"type": "LineString", "coordinates": [[2.3740926, 48.8765027], [2.3741221, 48.8765494], [2.3742275, 48.8765332]]}}, {"type": "Feature", "properties": {"highway": "footway", "footway": "sidewalk", "name": null, "surface": null, "lit": "yes", "length_m": 17.55, "type_element": "Way", "__fid": 93200}, "geometry": {"type": "LineString", "coordinates": [[2.3742107, 48.8764148], [2.3740661, 48.876449], [2.3740926, 48.8765027]]}}, {"type": "Feature", "properties": {"highway": "service", "footway": null, "name": null, "surface": null, "lit": null, "length_m": 1.69, "type_element": "Way", "__fid": 93201}, "geometry": {"type": "LineString", "coordinates": [[2.3740926, 48.8765027], [2.3741146, 48.8764981]]}}, {"type": "Feature", "properties": {"highway": "footway", "footway": "sidewalk", "name": null, "surface": null, "lit": "yes", "length_m": 17.47, "type_element": "Way", "__fid": 93235}, "geometry": {"type": "LineString", "coordinates": [[2.3742452, 48.876852100000015], [2.3741227, 48.8769868]]}}, {"type": "Feature", "properties": {"highway": "footway", "footway": "sidewalk", "name": null, "surface": "sett", "lit": "yes", "length_m": 2.4, "type_element": "Way", "__fid": 93248}, "geometry": {"type": "LineString", "coordinates": [[2.3741704, 48.874300199999986], [2.3741908, 48.874283300000016]]}}, {"type": "Feature", "properties": {"highway": "footway", "footway": "crossing", "name": null, "surface": "asphalt", "lit": "yes", "length_m": 15.01, "type_element": "Way", "__fid": 93262}, "geometry": {"type": "LineString", "coordinates": [[2.3741908, 48.874283300000016], [2.3742912, 48.8743232], [2.3743492, 48.8743663]]}}, {"type": "Feature", "properties": {"highway": "footway", "footway": "sidewalk", "name": null, "surface": "asphalt", "lit": "yes", "length_m": 21.07, "type_element": "Way", "__fid": 93263}, "geometry": {"type": "LineString", "coordinates": [[2.3741908, 48.874283300000016], [2.374363, 48.8741316]]}}, {"type": "Feature", "properties": {"highway": "footway", "footway": "crossing", "name": null, "surface": "asphalt", "lit": "yes", "length_m": 13.22, "type_element": "Way", "__fid": 93326}, "geometry": {"type": "LineString", "coordinates": [[2.3742107, 48.8764148], [2.3742275, 48.8765332]]}}, {"type": "Feature", "properties": {"highway": "footway", "footway": "sidewalk", "name": null, "surface": null, "lit": "yes", "length_m": 2.18, "type_element": "Way", "__fid": 93327}, "geometry": {"type": "LineString", "coordinates": [[2.374230560000019, 48.87640022000003], [2.3742107, 48.8764148]]}}, {"type": "Feature", "properties": {"highway": "footway", "footway": "sidewalk", "name": null, "surface": "asphalt", "lit": "yes", "length_m": 11.64, "type_element": "Way", "__fid": 93343}, "geometry": {"type": "LineString", "coordinates": [[2.3743492, 48.8743663], [2.3742522, 48.8744492]]}}, {"type": "Feature", "properties": {"highway": "footway", "footway": "sidewalk", "name": null, "surface": null, "lit": "yes", "length_m": 35.83, "type_element": "Way", "__fid": 93344}, "geometry": {"type": "LineString", "coordinates": [[2.3742275, 48.8765332], [2.3742311, 48.8765838], [2.3742089, 48.8767421], [2.3742452, 48.876852100000015]]}}, {"type": "Feature", "properties": {"highway": "footway", "footway": "crossing", "name": null, "surface": "asphalt", "lit": "yes", "length_m": 9.37, "type_element": "Way", "__fid": 93346}, "geometry": {"type": "LineString", "coordinates": [[2.374230560000019, 48.87640022000003], [2.3743568, 48.8763871]]}}, {"type": "Feature", "properties": {"highway": "footway", "footway": "sidewalk", "name": null, "surface": null, "lit": "yes", "length_m": 10.11, "type_element": "Way", "__fid": 93368}, "geometry": {"type": "LineString", "coordinates": [[2.3742452, 48.876852100000015], [2.374337700000215, 48.876784633333386]]}}, {"type": "Feature", "properties": {"highway": "footway", "footway": "sidewalk", "name": null, "surface": null, "lit": "yes", "length_m": 41.3, "type_element": "Way", "__fid": 93401}, "geometry": {"type": "LineString", "coordinates": [[2.3742673, 48.8771787], [2.3743183, 48.8771002], [2.3744228, 48.8769772], [2.374549, 48.8768585]]}}, {"type": "Feature", "properties": {"highway": "footway", "footway": "crossing", "name": null, "surface": "asphalt", "lit": "yes", "length_m": 18.89, "type_element": "Way", "__fid": 93464}, "geometry": {"type": "LineString", "coordinates": [[2.3743492, 48.8743663], [2.3745607, 48.8744632]]}}, {"type": "Feature", "properties": {"highway": "footway", "footway": "sidewalk", "name": null, "surface": "asphalt", "lit": "yes", "length_m": 75.82, "type_element": "Way", "__fid": 93465}, "geometry": {"type": "LineString", "coordinates": [[2.3749633, 48.8738178], [2.3743492, 48.8743663]]}}, {"type": "Feature", "properties": {"highway": "footway", "footway": "sidewalk", "name": null, "surface": "asphalt", "lit": "yes", "length_m": 58.32, "type_element": "Way", "__fid": 93477}, "geometry": {"type": "LineString", "coordinates": [[2.374363, 48.8741316], [2.3748464, 48.873715200000014]]}}, {"type": "Feature", "properties": {"highway": "footway", "footway": "sidewalk", "name": null, "surface": "asphalt", "lit": "yes", "length_m": 40.14, "type_element": "Way", "__fid": 93491}, "geometry": {"type": "LineString", "coordinates": [[2.3743625, 48.876424599999986], [2.3743662, 48.876596100000015], [2.374337700000215, 48.876784633333386]]}}, {"type": "Feature", "properties": {"highway": "footway", "footway": "sidewalk", "name": null, "surface": null, "lit": "yes", "length_m": 4.14, "type_element": "Way", "__fid": 93492}, "geometry": {"type": "LineString", "coordinates": [[2.374337700000215, 48.876784633333386], [2.3743867, 48.87676610000001]]}}, {"type": "Feature", "properties": {"highway": "footway", "footway": "sidewalk", "name": null, "surface": "asphalt", "lit": "yes", "length_m": 4.19, "type_element": "Way", "__fid": 93523}, "geometry": {"type": "LineString", "coordinates": [[2.3743568, 48.8763871], [2.3743625, 48.876424599999986]]}}, {"type": "Feature", "properties": {"highway": "pedestrian", "footway": null, "name": "Rue Legrand", "surface": null, "lit": "yes", "length_m": 37.79, "type_element": "Way", "__fid": 93532}, "geometry": {"type": "LineString", "coordinates": [[2.3743625, 48.876424599999986], [2.374445, 48.8764228], [2.3746296, 48.8763882], [2.3747481, 48.87652640000001]]}}, {"type": "Feature", "properties": {"highway": "service", "footway": null, "name": null, "surface": "sett", "lit": "yes", "length_m": 9.54, "type_element": "Way", "__fid": 93555}, "geometry": {"type": "LineString", "coordinates": [[2.3744065, 48.8744573], [2.3744535, 48.8744831], [2.3745177, 48.8744997]]}}, {"type": "Feature", "properties": {"highway": "footway", "footway": "crossing", "name": null, "surface": "asphalt", "lit": "yes", "length_m": 15.72, "type_element": "Way", "__fid": 93561}, "geometry": {"type": "LineString", "coordinates": [[2.374549, 48.8768585], [2.3743867, 48.87676610000001]]}}, {"type": "Feature", "properties": {"highway": "footway", "footway": "sidewalk", "name": null, "surface": null, "lit": "yes", "length_m": 37.67, "type_element": "Way", "__fid": 93562}, "geometry": {"type": "LineString", "coordinates": [[2.3743867, 48.87676610000001], [2.3746777, 48.8765617], [2.3747481, 48.87652640000001]]}}, {"type": "Feature", "properties": {"highway": "footway", "footway": "sidewalk", "name": null, "surface": "asphalt", "lit": "yes", "length_m": 13.06, "type_element": "Way", "__fid": 93657}, "geometry": {"type": "LineString", "coordinates": [[2.3746723, 48.8712898], [2.3745144, 48.8712356]]}}, {"type": "Feature", "properties": {"highway": "footway", "footway": "crossing", "name": null, "surface": "sett", "lit": "yes", "length_m": 8.85, "type_element": "Way", "__fid": 93658}, "geometry": {"type": "LineString", "coordinates": [[2.3745556, 48.8711608], [2.3745144, 48.8712356]]}}, {"type": "Feature", "properties": {"highway": "footway", "footway": "crossing", "name": null, "surface": "asphalt", "lit": "yes", "length_m": 9.75, "type_element": "Way", "__fid": 93674}, "geometry": {"type": "LineString", "coordinates": [[2.3745016, 48.8730412], [2.3745637, 48.8731187]]}}, {"type": "Feature", "properties": {"highway": "footway", "footway": "sidewalk", "name": null, "surface": "asphalt", "lit": "yes", "length_m": 6.32, "type_element": "Way", "__fid": 93727}, "geometry": {"type": "LineString", "coordinates": [[2.3746414, 48.871166099999975], [2.3745556, 48.8711608]]}}, {"type": "Feature", "properties": {"highway": "service", "footway": null, "name": null, "surface": "asphalt", "lit": "yes", "length_m": 29.16, "type_element": "Way", "__fid": 93731}, "geometry": {"type": "LineString", "coordinates": [[2.3745177, 48.8744997], [2.3745964, 48.8745194], [2.374849, 48.8746418]]}}, {"type": "Feature", "properties": {"highway": "footway", "footway": "sidewalk", "name": null, "surface": "asphalt", "lit": "yes", "length_m": 5.14, "type_element": "Way", "__fid": 93732}, "geometry": {"type": "LineString", "coordinates": [[2.3745607, 48.8744632], [2.3745177, 48.8744997]]}}, {"type": "Feature", "properties": {"highway": "footway", "footway": null, "name": "Cité Saint-Chaumont", "surface": "sett", "lit": "yes", "length_m": 9.88, "type_element": "Way", "__fid": 93767}, "geometry": {"type": "LineString", "coordinates": [[2.374643, 48.8743968], [2.374538, 48.8743411]]}}, {"type": "Feature", "properties": {"highway": "footway", "footway": "sidewalk", "name": null, "surface": "asphalt", "lit": "yes", "length_m": 8.92, "type_element": "Way", "__fid": 93795}, "geometry": {"type": "LineString", "coordinates": [[2.3746184, 48.8731903], [2.3745637, 48.8731187]]}}, {"type": "Feature", "properties": {"highway": "footway", "footway": "sidewalk", "name": null, "surface": "asphalt", "lit": "yes", "length_m": 9.54, "type_element": "Way", "__fid": 93815}, "geometry": {"type": "LineString", "coordinates": [[2.374643, 48.8743968], [2.3745607, 48.8744632]]}}, {"type": "Feature", "properties": {"highway": "footway", "footway": "sidewalk", "name": null, "surface": "asphalt", "lit": "yes", "length_m": 165.08, "type_element": "Way", "__fid": 93838}, "geometry": {"type": "LineString", "coordinates": [[2.374549, 48.8768585], [2.3747846, 48.8766856], [2.3750012, 48.876584], [2.375306, 48.8764848], [2.3755433, 48.87643819999999], [2.375827, 48.876408], [2.3761063, 48.8764109], [2.376577, 48.8764671]]}}, {"type": "Feature", "properties": {"highway": "footway", "footway": "crossing", "name": null, "surface": "asphalt", "lit": "yes", "length_m": 7.25, "type_element": "Way", "__fid": 93868}, "geometry": {"type": "LineString", "coordinates": [[2.3747219, 48.871201200000016], [2.3746599, 48.8711819], [2.3746414, 48.871166099999975]]}}, {"type": "Feature", "properties": {"highway": "footway", "footway": "sidewalk", "name": null, "surface": "asphalt", "lit": "yes", "length_m": 75.21, "type_element": "Way", "__fid": 93869}, "geometry": {"type": "LineString", "coordinates": [[2.3750994, 48.8705646], [2.3746693, 48.8711545], [2.3746414, 48.871166099999975]]}}, {"type": "Feature", "properties": {"highway": "footway", "footway": "sidewalk", "name": null, "surface": "asphalt", "lit": "yes", "length_m": 52.83, "type_element": "Way", "__fid": 93871}, "geometry": {"type": "LineString", "coordinates": [[2.3749385, 48.87361590000001], [2.3746184, 48.8731903]]}}, {"type": "Feature", "properties": {"highway": "footway", "footway": "crossing", "name": null, "surface": "asphalt", "lit": "yes", "length_m": 11.44, "type_element": "Way", "__fid": 93872}, "geometry": {"type": "LineString", "coordinates": [[2.37476204999987, 48.87315030000002], [2.3746184, 48.8731903]]}}, {"type": "Feature", "properties": {"highway": "footway", "footway": "sidewalk", "name": null, "surface": "asphalt", "lit": "yes", "length_m": 41.99, "type_element": "Way", "__fid": 93920}, "geometry": {"type": "LineString", "coordinates": [[2.3746723, 48.8712898], [2.3751813, 48.8714625]]}}, {"type": "Feature", "properties": {"highway": "footway", "footway": "crossing", "name": null, "surface": "sett", "lit": "yes", "length_m": 9.15, "type_element": "Way", "__fid": 93921}, "geometry": {"type": "LineString", "coordinates": [[2.374736, 48.871219], [2.3746723, 48.8712898]]}}, {"type": "Feature", "properties": {"highway": "footway", "footway": null, "name": "Cité Saint-Chaumont", "surface": "concrete", "lit": "yes", "length_m": 43.82, "type_element": "Way", "__fid": 93929}, "geometry": {"type": "LineString", "coordinates": [[2.3750543, 48.8746662], [2.3750535, 48.8746439], [2.3749711, 48.87455710000001], [2.374643, 48.8743968]]}}, {"type": "Feature", "properties": {"highway": "footway", "footway": "sidewalk", "name": null, "surface": "asphalt", "lit": "yes", "length_m": 57.85, "type_element": "Way", "__fid": 93930}, "geometry": {"type": "LineString", "coordinates": [[2.3751106, 48.87397780000001], [2.374643, 48.8743968]]}}, {"type": "Feature", "properties": {"highway": "footway", "footway": "sidewalk", "name": null, "surface": "asphalt", "lit": "yes", "length_m": 2.23, "type_element": "Way", "__fid": 93968}, "geometry": {"type": "LineString", "coordinates": [[2.374736, 48.871219], [2.3747219, 48.871201200000016]]}}, {"type": "Feature", "properties": {"highway": "footway", "footway": "sidewalk", "name": null, "surface": "asphalt", "lit": "yes", "length_m": 145.53, "type_element": "Way", "__fid": 93969}, "geometry": {"type": "LineString", "coordinates": [[2.3747219, 48.871201200000016], [2.37472, 48.871189200000025], [2.374858, 48.8710005], [2.375583, 48.8700242]]}}, {"type": "Feature", "properties": {"highway": "footway", "footway": "sidewalk", "name": null, "surface": "asphalt", "lit": "yes", "length_m": 30.31, "type_element": "Way", "__fid": 93986}, "geometry": {"type": "LineString", "coordinates": [[2.3751028, 48.8713445], [2.374736, 48.871219]]}}, {"type": "Feature", "properties": {"highway": "service", "footway": null, "name": null, "surface": null, "lit": null, "length_m": 64.27, "type_element": "Way", "__fid": 94040}, "geometry": {"type": "LineString", "coordinates": [[2.3751813, 48.8714625], [2.3747662, 48.8719715]]}}, {"type": "Feature", "properties": {"highway": "footway", "footway": "crossing", "name": null, "surface": "asphalt", "lit": "yes", "length_m": 11.69, "type_element": "Way", "__fid": 94058}, "geometry": {"type": "LineString", "coordinates": [[2.37476204999987, 48.87315030000002], [2.3748292, 48.8732456]]}}, {"type": "Feature", "properties": {"highway": "footway", "footway": "sidewalk", "name": null, "surface": "asphalt", "lit": "yes", "length_m": 138.54, "type_element": "Way", "__fid": 94059}, "geometry": {"type": "LineString", "coordinates": [[2.37476204999987, 48.87315030000002], [2.3747965, 48.8731321], [2.3754317, 48.8725625], [2.3760714, 48.8724822], [2.3761928, 48.8724809]]}}, {"type": "Feature", "properties": {"highway": "pedestrian", "footway": null, "name": "Rue Legrand", "surface": null, "lit": "yes", "length_m": 9.06, "type_element": "Way", "__fid": 94081}, "geometry": {"type": "LineString", "coordinates": [[2.3747481, 48.87652640000001], [2.3748173, 48.87659390000001]]}}, {"type": "Feature", "properties": {"highway": "footway", "footway": "sidewalk", "name": null, "surface": null, "lit": "yes", "length_m": 100.4, "type_element": "Way", "__fid": 94082}, "geometry": {"type": "LineString", "coordinates": [[2.3747481, 48.87652640000001], [2.3748312, 48.8764885], [2.3751108, 48.8763888], [2.3753589, 48.876323100000015], [2.3756687, 48.87627949999999], [2.3760342, 48.8762689]]}}, {"type": "Feature", "properties": {"highway": "footway", "footway": "sidewalk", "name": null, "surface": "asphalt", "lit": "yes", "length_m": 34.14, "type_element": "Way", "__fid": 94105}, "geometry": {"type": "LineString", "coordinates": [[2.3750394, 48.8735122], [2.3749839, 48.8734807], [2.3748253, 48.8732582], [2.3748292, 48.8732456]]}}, {"type": "Feature", "properties": {"highway": "footway", "footway": "sidewalk", "name": null, "surface": "asphalt", "lit": "yes", "length_m": 126.14, "type_element": "Way", "__fid": 94106}, "geometry": {"type": "LineString", "coordinates": [[2.3760647, 48.87258480000001], [2.3760529, 48.8725718], [2.3755044, 48.8726412], [2.3748292, 48.8732456]]}}, {"type": "Feature", "properties": {"highway": "footway", "footway": "crossing", "name": null, "surface": "asphalt", "lit": "yes", "length_m": 10.6, "type_element": "Way", "__fid": 94128}, "geometry": {"type": "LineString", "coordinates": [[2.3748464, 48.873715200000014], [2.3749523, 48.8737801]]}}, {"type": "Feature", "properties": {"highway": "footway", "footway": "sidewalk", "name": null, "surface": "asphalt", "lit": "yes", "length_m": 13.5, "type_element": "Way", "__fid": 94129}, "geometry": {"type": "LineString", "coordinates": [[2.3748464, 48.873715200000014], [2.3749452, 48.8736255], [2.3749385, 48.87361590000001]]}}, {"type": "Feature", "properties": {"highway": "service", "footway": null, "name": "Cité Saint-Chaumont", "surface": "asphalt", "lit": "yes", "length_m": 15.3, "type_element": "Way", "__fid": 94154}, "geometry": {"type": "LineString", "coordinates": [[2.374849, 48.8746418], [2.3750543, 48.8746662]]}}, {"type": "Feature", "properties": {"highway": "service", "footway": null, "name": "Cité Stemler", "surface": "asphalt", "lit": "yes", "length_m": 122.75, "type_element": "Way", "__fid": 94155}, "geometry": {"type": "LineString", "coordinates": [[2.374849, 48.8746418], [2.3746004, 48.8748751], [2.3751648, 48.875604299999985]]}}, {"type": "Feature", "properties": {"highway": "footway", "footway": "crossing", "name": null, "surface": "asphalt", "lit": "yes", "length_m": 14.19, "type_element": "Way", "__fid": 94223}, "geometry": {"type": "LineString", "coordinates": [[2.3749385, 48.87361590000001], [2.3750337, 48.87354469999999], [2.3750394, 48.8735122]]}}, {"type": "Feature", "properties": {"highway": "footway", "footway": "sidewalk", "name": null, "surface": "asphalt", "lit": "yes", "length_m": 4.27, "type_element": "Way", "__fid": 94234}, "geometry": {"type": "LineString", "coordinates": [[2.3749633, 48.8738178], [2.3749523, 48.8737801]]}}, {"type": "Feature", "properties": {"highway": "footway", "footway": "sidewalk", "name": null, "surface": "asphalt", "lit": "yes", "length_m": 26.41, "type_element": "Way", "__fid": 94235}, "geometry": {"type": "LineString", "coordinates": [[2.3752027, 48.8736561], [2.375108, 48.8737411], [2.3750239, 48.87372340000001], [2.3749523, 48.8737801]]}}, {"type": "Feature", "properties": {"highway": "footway", "footway": "crossing", "name": null, "surface": "asphalt", "lit": "yes", "length_m": 21.75, "type_element": "Way", "__fid": 94247}, "geometry": {"type": "LineString", "coordinates": [[2.3751106, 48.87397780000001], [2.3750755, 48.8739655], [2.3749826, 48.873884199999985], [2.3749633, 48.8738178]]}}, {"type": "Feature", "properties": {"highway": "footway", "footway": "sidewalk", "name": null, "surface": "asphalt", "lit": "yes", "length_m": 4.0, "type_element": "Way", "__fid": 94310}, "geometry": {"type": "LineString", "coordinates": [[2.3750394, 48.8735122], [2.375093133333261, 48.873506300000024]]}}, {"type": "Feature", "properties": {"highway": "footway", "footway": null, "name": null, "surface": null, "lit": null, "length_m": 35.01, "type_element": "Way", "__fid": 94312}, "geometry": {"type": "LineString", "coordinates": [[2.3751141, 48.87562109999999], [2.3751055, 48.8756596], [2.3749728, 48.8757034], [2.3749241, 48.875738800000015], [2.3750135, 48.8758549]]}}, {"type": "Feature", "properties": {"highway": "living_street", "footway": null, "name": "Rue Robert Houdin", "surface": "sett", "lit": "yes", "length_m": 4.61, "type_element": "Way", "__fid": 94319}, "geometry": {"type": "LineString", "coordinates": [[2.3751028, 48.8713445], [2.3750754, 48.8713818]]}}, {"type": "Feature", "properties": {"highway": "service", "footway": null, "name": "Cité Saint-Chaumont", "surface": "asphalt", "lit": "yes", "length_m": 152.34, "type_element": "Way", "__fid": 94335}, "geometry": {"type": "LineString", "coordinates": [[2.3750543, 48.8746662], [2.3750864, 48.8746793], [2.3751103, 48.8747021], [2.3757942, 48.87545650000001], [2.3758497, 48.8755803], [2.3757818, 48.87568620000001], [2.375881, 48.8758692]]}}, {"type": "Feature", "properties": {"highway": "footway", "footway": "sidewalk", "name": null, "surface": "asphalt", "lit": "yes", "length_m": 61.39, "type_element": "Way", "__fid": 94344}, "geometry": {"type": "LineString", "coordinates": [[2.3758357, 48.87161110000001], [2.3751028, 48.8713445]]}}, {"type": "Feature", "properties": {"highway": "living_street", "footway": null, "name": "Rue Robert Houdin", "surface": "sett", "lit": "yes", "length_m": 149.31, "type_element": "Way", "__fid": 94345}, "geometry": {"type": "LineString", "coordinates": [[2.3759539, 48.87012480000001], [2.3751028, 48.8713445]]}}, {"type": "Feature", "properties": {"highway": "service", "footway": null, "name": "Cité Stemler", "surface": "asphalt", "lit": "yes", "length_m": 5.07, "type_element": "Way", "__fid": 94348}, "geometry": {"type": "LineString", "coordinates": [[2.3751141, 48.87562109999999], [2.3750523, 48.8756415]]}}, {"type": "Feature", "properties": {"highway": "service", "footway": null, "name": "Rue Rébeval", "surface": "asphalt", "lit": "yes", "length_m": 17.12, "type_element": "Way", "__fid": 94358}, "geometry": {"type": "LineString", "coordinates": [[2.3752263, 48.8739755], [2.3751745, 48.8739577], [2.3751196, 48.8739169], [2.3750805, 48.8738618]]}}, {"type": "Feature", "properties": {"highway": "footway", "footway": "sidewalk", "name": null, "surface": "asphalt", "lit": "yes", "length_m": 18.49, "type_element": "Way", "__fid": 94365}, "geometry": {"type": "LineString", "coordinates": [[2.375093133333261, 48.873506300000024], [2.3752027, 48.8736561]]}}, {"type": "Feature", "properties": {"highway": "footway", "footway": "sidewalk", "name": null, "surface": "asphalt", "lit": "yes", "length_m": 119.44, "type_element": "Way", "__fid": 94366}, "geometry": {"type": "LineString", "coordinates": [[2.375093133333261, 48.873506300000024], [2.3760479, 48.8726362]]}}, {"type": "Feature", "properties": {"highway": "footway", "footway": "sidewalk", "name": null, "surface": "asphalt", "lit": "yes", "length_m": 7.03, "type_element": "Way", "__fid": 94394}, "geometry": {"type": "LineString", "coordinates": [[2.375195, 48.8740077], [2.3751106, 48.87397780000001]]}}, {"type": "Feature", "properties": {"highway": "service", "footway": null, "name": "Cité Stemler", "surface": "asphalt", "lit": "yes", "length_m": 4.16, "type_element": "Way", "__fid": 94415}, "geometry": {"type": "LineString", "coordinates": [[2.3751648, 48.875604299999985], [2.3751141, 48.87562109999999]]}}, {"type": "Feature", "properties": {"highway": "footway", "footway": "sidewalk", "name": null, "surface": "asphalt", "lit": "yes", "length_m": 25.03, "type_element": "Way", "__fid": 94429}, "geometry": {"type": "LineString", "coordinates": [[2.3751813, 48.8714625], [2.3754806, 48.8715706]]}}, {"type": "Feature", "properties": {"highway": "service", "footway": null, "name": null, "surface": "asphalt", "lit": null, "length_m": 4.25, "type_element": "Way", "__fid": 94430}, "geometry": {"type": "LineString", "coordinates": [[2.3752067, 48.8714281], [2.3751813, 48.8714625]]}}, {"type": "Feature", "properties": {"highway": "footway", "footway": null, "name": "Cour de la Grâce de Dieu", "surface": null, "lit": null, "length_m": 76.93, "type_element": "Way", "__fid": 94440}, "geometry": {"type": "LineString", "coordinates": [[2.375184, 48.87225220000001], [2.3756744, 48.8716407]]}}, {"type": "Feature", "properties": {"highway": "footway", "footway": null, "name": null, "surface": "concrete", "lit": null, "length_m": 30.15, "type_element": "Way", "__fid": 94455}, "geometry": {"type": "LineString", "coordinates": [[2.3753542, 48.8758449], [2.3751648, 48.875604299999985]]}}, {"type": "Feature", "properties": {"highway": "footway", "footway": "sidewalk", "name": null, "surface": "asphalt", "lit": "yes", "length_m": 50.29, "type_element": "Way", "__fid": 94464}, "geometry": {"type": "LineString", "coordinates": [[2.375704700000272, 48.874300440000106], [2.3755136, 48.8741406], [2.375195, 48.8740077]]}}, {"type": "Feature", "properties": {"highway": "footway", "footway": "crossing", "name": null, "surface": "asphalt", "lit": "yes", "length_m": 4.25, "type_element": "Way", "__fid": 94465}, "geometry": {"type": "LineString", "coordinates": [[2.375195, 48.8740077], [2.3752263, 48.8739755]]}}, {"type": "Feature", "properties": {"highway": "footway", "footway": "crossing", "name": null, "surface": "asphalt", "lit": "yes", "length_m": 22.91, "type_element": "Way", "__fid": 94466}, "geometry": {"type": "LineString", "coordinates": [[2.3752027, 48.8736561], [2.3752847, 48.8737639], [2.375354, 48.8738361]]}}, {"type": "Feature", "properties": {"highway": "footway", "footway": "sidewalk", "name": null, "surface": "asphalt", "lit": "yes", "length_m": 125.79, "type_element": "Way", "__fid": 94467}, "geometry": {"type": "LineString", "coordinates": [[2.3762071, 48.8727392], [2.3752027, 48.8736561]]}}, {"type": "Feature", "properties": {"highway": "footway", "footway": "sidewalk", "name": null, "surface": "asphalt", "lit": "yes", "length_m": 117.65, "type_element": "Way", "__fid": 94489}, "geometry": {"type": "LineString", "coordinates": [[2.375886100000147, 48.870094533333365], [2.3759223, 48.8701152], [2.3758988, 48.870153500000015], [2.3752608, 48.8710442]]}}, {"type": "Feature", "properties": {"highway": "service", "footway": null, "name": "Rue Rébeval", "surface": "asphalt", "lit": "yes", "length_m": 9.26, "type_element": "Way", "__fid": 94490}, "geometry": {"type": "LineString", "coordinates": [[2.3753449, 48.8739914], [2.3752757, 48.8739942], [2.3752263, 48.8739755]]}}, {"type": "Feature", "properties": {"highway": "footway", "footway": "crossing", "name": null, "surface": "asphalt", "lit": "yes", "length_m": 12.04, "type_element": "Way", "__fid": 94491}, "geometry": {"type": "LineString", "coordinates": [[2.3752263, 48.8739755], [2.375315, 48.8738844]]}}, {"type": "Feature", "properties": {"highway": "footway", "footway": "sidewalk", "name": null, "surface": "asphalt", "lit": "yes", "length_m": 132.01, "type_element": "Way", "__fid": 94497}, "geometry": {"type": "LineString", "coordinates": [[2.3752684, 48.87121730000001], [2.375721, 48.8705596], [2.375713, 48.8705345], [2.3759189, 48.8702134], [2.375981666666623, 48.87013286666671]]}}, {"type": "Feature", "properties": {"highway": "footway", "footway": "sidewalk", "name": null, "surface": "asphalt", "lit": "yes", "length_m": 47.06, "type_element": "Way", "__fid": 94567}, "geometry": {"type": "LineString", "coordinates": [[2.375315, 48.8738844], [2.3756472, 48.87402980000001], [2.3758895, 48.8740409]]}}, {"type": "Feature", "properties": {"highway": "footway", "footway": "sidewalk", "name": null, "surface": "asphalt", "lit": "yes", "length_m": 6.09, "type_element": "Way", "__fid": 94568}, "geometry": {"type": "LineString", "coordinates": [[2.375354, 48.8738361], [2.375315, 48.8738844]]}}, {"type": "Feature", "properties": {"highway": "footway", "footway": "sidewalk", "name": null, "surface": "asphalt", "lit": "yes", "length_m": 110.6, "type_element": "Way", "__fid": 94609}, "geometry": {"type": "LineString", "coordinates": [[2.3762517, 48.87303690000002], [2.375354, 48.8738361]]}}, {"type": "Feature", "properties": {"highway": "service", "footway": null, "name": null, "surface": "asphalt", "lit": "yes", "length_m": 93.47, "type_element": "Way", "__fid": 94650}, "geometry": {"type": "LineString", "coordinates": [[2.3761151, 48.8730165], [2.3761623, 48.8730873], [2.3755754, 48.8736046], [2.3754032, 48.8735761]]}}, {"type": "Feature", "properties": {"highway": "footway", "footway": "sidewalk", "name": null, "surface": "asphalt", "lit": "yes", "length_m": 16.21, "type_element": "Way", "__fid": 94693}, "geometry": {"type": "LineString", "coordinates": [[2.3754806, 48.8715706], [2.3756744, 48.8716407]]}}, {"type": "Feature", "properties": {"highway": "steps", "footway": null, "name": null, "surface": "concrete", "lit": "yes", "length_m": 10.74, "type_element": "Way", "__fid": 94694}, "geometry": {"type": "LineString", "coordinates": [[2.3754806, 48.8715706], [2.3754966, 48.8715551], [2.375599, 48.871593699999984]]}}, {"type": "Feature", "properties": {"highway": "footway", "footway": "sidewalk", "name": null, "surface": "asphalt", "lit": "yes", "length_m": 8.7, "type_element": "Way", "__fid": 94903}, "geometry": {"type": "LineString", "coordinates": [[2.3756744, 48.8716407], [2.3757771, 48.8716799]]}}, {"type": "Feature", "properties": {"highway": "footway", "footway": null, "name": "Cour de la Grâce de Dieu", "surface": null, "lit": null, "length_m": 3.81, "type_element": "Way", "__fid": 94904}, "geometry": {"type": "LineString", "coordinates": [[2.3756744, 48.8716407], [2.3757002, 48.871611]]}}, {"type": "Feature", "properties": {"highway": "footway", "footway": "sidewalk", "name": null, "surface": "asphalt", "lit": "yes", "length_m": 191.71, "type_element": "Way", "__fid": 94966}, "geometry": {"type": "LineString", "coordinates": [[2.3765914, 48.8759082], [2.3760945, 48.8747407], [2.375936, 48.8745221], [2.375704700000272, 48.874300440000106]]}}, {"type": "Feature", "properties": {"highway": "footway", "footway": "sidewalk", "name": null, "surface": "asphalt", "lit": "yes", "length_m": 14.74, "type_element": "Way", "__fid": 94967}, "geometry": {"type": "LineString", "coordinates": [[2.375704700000272, 48.874300440000106], [2.375772, 48.87426830000001], [2.3758889, 48.8742582]]}}, {"type": "Feature", "properties": {"highway": "footway", "footway": "sidewalk", "name": null, "surface": null, "lit": null, "length_m": 225.46, "type_element": "Way", "__fid": 94990}, "geometry": {"type": "LineString", "coordinates": [[2.3782468, 48.8767637], [2.3781659, 48.8767607], [2.3768958, 48.8768202], [2.3761804, 48.8770433], [2.3756801, 48.8772726], [2.3756389, 48.8773101], [2.3756295, 48.877358], [2.3756845, 48.877468]]}}, {"type": "Feature", "properties": {"highway": "footway", "footway": "sidewalk", "name": null, "surface": "asphalt", "lit": "yes", "length_m": 17.48, "type_element": "Way", "__fid": 95024}, "geometry": {"type": "LineString", "coordinates": [[2.3757771, 48.8716799], [2.3759876, 48.871753599999984]]}}, {"type": "Feature", "properties": {"highway": "footway", "footway": "crossing", "name": null, "surface": "sett", "lit": "yes", "length_m": 8.78, "type_element": "Way", "__fid": 95025}, "geometry": {"type": "LineString", "coordinates": [[2.3757771, 48.8716799], [2.3758357, 48.87161110000001]]}}, {"type": "Feature", "properties": {"highway": "footway", "footway": "sidewalk", "name": null, "surface": "asphalt", "lit": "yes", "length_m": 6.14, "type_element": "Way", "__fid": 95098}, "geometry": {"type": "LineString", "coordinates": [[2.3758357, 48.87161110000001], [2.3759135, 48.8715908]]}}, {"type": "Feature", "properties": {"highway": "service", "footway": null, "name": null, "surface": "paving_stones", "lit": null, "length_m": 6.25, "type_element": "Way", "__fid": 95132}, "geometry": {"type": "LineString", "coordinates": [[2.3758923, 48.8758991], [2.3758122, 48.8759184]]}}, {"type": "Feature", "properties": {"highway": "footway", "footway": "sidewalk", "name": null, "surface": "asphalt", "lit": "yes", "length_m": 219.1, "type_element": "Way", "__fid": 95133}, "geometry": {"type": "LineString", "coordinates": [[2.375795466666751, 48.877319133333394], [2.3757924, 48.87729530000002], [2.3762264, 48.8770888], [2.3769086, 48.87687780000002], [2.3781472, 48.8768207], [2.3781804, 48.876848], [2.378067, 48.8770409], [2.3780208, 48.87705939999998]]}}, {"type": "Feature", "properties": {"highway": "footway", "footway": null, "name": null, "surface": null, "lit": null, "length_m": 3.32, "type_element": "Way", "__fid": 95195}, "geometry": {"type": "LineString", "coordinates": [[2.375943367157742, 48.87160606261813], [2.3759115, 48.871627300000014]]}}, {"type": "Feature", "properties": {"highway": "service", "footway": null, "name": null, "surface": "asphalt", "lit": "yes", "length_m": 6.98, "type_element": "Way", "__fid": 95199}, "geometry": {"type": "LineString", "coordinates": [[2.3758826, 48.8741035], [2.3758895, 48.8740409]]}}, {"type": "Feature", "properties": {"highway": "footway", "footway": "sidewalk", "name": null, "surface": "asphalt", "lit": "yes", "length_m": 2.77, "type_element": "Way", "__fid": 95203}, "geometry": {"type": "LineString", "coordinates": [[2.3759135, 48.8715908], [2.375943367157742, 48.87160606261813]]}}, {"type": "Feature", "properties": {"highway": "footway", "footway": "sidewalk", "name": null, "surface": "asphalt", "lit": "yes", "length_m": 19.46, "type_element": "Way", "__fid": 95204}, "geometry": {"type": "LineString", "coordinates": [[2.3760766, 48.87145729999999], [2.3759316, 48.87155289999998], [2.3759135, 48.8715908]]}}, {"type": "Feature", "properties": {"highway": "footway", "footway": "sidewalk", "name": null, "surface": "asphalt", "lit": "yes", "length_m": 9.0, "type_element": "Way", "__fid": 95210}, "geometry": {"type": "LineString", "coordinates": [[2.3758895, 48.8740409], [2.3760119, 48.8740459]]}}, {"type": "Feature", "properties": {"highway": "service", "footway": null, "name": null, "surface": "asphalt", "lit": "yes", "length_m": 2.48, "type_element": "Way", "__fid": 95211}, "geometry": {"type": "LineString", "coordinates": [[2.3758895, 48.8740409], [2.3758917, 48.8740186]]}}, {"type": "Feature", "properties": {"highway": "footway", "footway": "sidewalk", "name": null, "surface": "asphalt", "lit": "yes", "length_m": 45.03, "type_element": "Way", "__fid": 95212}, "geometry": {"type": "LineString", "coordinates": [[2.3758889, 48.8742582], [2.3759057, 48.8743453], [2.37605, 48.874483], [2.3761479, 48.8746181]]}}, {"type": "Feature", "properties": {"highway": "footway", "footway": "sidewalk", "name": null, "surface": "asphalt", "lit": "yes", "length_m": 12.34, "type_element": "Way", "__fid": 95213}, "geometry": {"type": "LineString", "coordinates": [[2.3759979, 48.8741737], [2.3758889, 48.8742582]]}}, {"type": "Feature", "properties": {"highway": "service", "footway": null, "name": "Cité Saint-Chaumont", "surface": "paving_stones", "lit": null, "length_m": 3.43, "type_element": "Way", "__fid": 95225}, "geometry": {"type": "LineString", "coordinates": [[2.375881, 48.8758692], [2.3758923, 48.8758991]]}}, {"type": "Feature", "properties": {"highway": "service", "footway": null, "name": null, "surface": "paving_stones", "lit": null, "length_m": 5.69, "type_element": "Way", "__fid": 95226}, "geometry": {"type": "LineString", "coordinates": [[2.375881, 48.8758692], [2.3759555, 48.8758548]]}}, {"type": "Feature", "properties": {"highway": "footway", "footway": "sidewalk", "name": null, "surface": "asphalt", "lit": "yes", "length_m": 8.43, "type_element": "Way", "__fid": 95238}, "geometry": {"type": "LineString", "coordinates": [[2.375943367157742, 48.87160606261813], [2.3760362, 48.8716508]]}}, {"type": "Feature", "properties": {"highway": "footway", "footway": null, "name": null, "surface": null, "lit": null, "length_m": 18.59, "type_element": "Way", "__fid": 95239}, "geometry": {"type": "LineString", "coordinates": [[2.376121698481626, 48.87148721593988], [2.375943367157742, 48.87160606261813]]}}, {"type": "Feature", "properties": {"highway": "service", "footway": null, "name": "Cité Saint-Chaumont", "surface": "paving_stones", "lit": null, "length_m": 42.42, "type_element": "Way", "__fid": 95240}, "geometry": {"type": "LineString", "coordinates": [[2.3758923, 48.8758991], [2.3760342, 48.8762689]]}}, {"type": "Feature", "properties": {"highway": "footway", "footway": "sidewalk", "name": null, "surface": "asphalt", "lit": "yes", "length_m": 58.34, "type_element": "Way", "__fid": 95290}, "geometry": {"type": "LineString", "coordinates": [[2.3759876, 48.871753599999984], [2.3766828, 48.8720085]]}}, {"type": "Feature", "properties": {"highway": "footway", "footway": "crossing", "name": null, "surface": "sett", "lit": "yes", "length_m": 11.58, "type_element": "Way", "__fid": 95291}, "geometry": {"type": "LineString", "coordinates": [[2.3759876, 48.871753599999984], [2.3760684, 48.8716641]]}}, {"type": "Feature", "properties": {"highway": "footway", "footway": "sidewalk", "name": null, "surface": "asphalt", "lit": "yes", "length_m": 92.79, "type_element": "Way", "__fid": 95318}, "geometry": {"type": "LineString", "coordinates": [[2.3759979, 48.8741737], [2.3763641, 48.874206700000016], [2.3767993, 48.87419520000001], [2.3770501, 48.87422070000002], [2.3772472, 48.8742605]]}}, {"type": "Feature", "properties": {"highway": "footway", "footway": "crossing", "name": null, "surface": "asphalt", "lit": "yes", "length_m": 14.25, "type_element": "Way", "__fid": 95319}, "geometry": {"type": "LineString", "coordinates": [[2.3759979, 48.8741737], [2.3760119, 48.8740459]]}}, {"type": "Feature", "properties": {"highway": "footway", "footway": "sidewalk", "name": null, "surface": "asphalt", "lit": "yes", "length_m": 2.79, "type_element": "Way", "__fid": 95325}, "geometry": {"type": "LineString", "coordinates": [[2.3760684, 48.8716641], [2.3760362, 48.8716508]]}}, {"type": "Feature", "properties": {"highway": "footway", "footway": "sidewalk", "name": null, "surface": "asphalt", "lit": "yes", "length_m": 2.72, "type_element": "Way", "__fid": 95326}, "geometry": {"type": "LineString", "coordinates": [[2.3760555, 48.8716299], [2.3760362, 48.8716508]]}}, {"type": "Feature", "properties": {"highway": "footway", "footway": "sidewalk", "name": null, "surface": "asphalt", "lit": "yes", "length_m": 10.02, "type_element": "Way", "__fid": 95329}, "geometry": {"type": "LineString", "coordinates": [[2.3760119, 48.8740459], [2.3761483, 48.8740508]]}}, {"type": "Feature", "properties": {"highway": "steps", "footway": null, "name": null, "surface": "concrete", "lit": "yes", "length_m": 24.12, "type_element": "Way", "__fid": 95347}, "geometry": {"type": "LineString", "coordinates": [[2.3762375, 48.87145850000002], [2.3760913, 48.8715661], [2.3760493, 48.8716085], [2.3760555, 48.8716299]]}}, {"type": "Feature", "properties": {"highway": "footway", "footway": "sidewalk", "name": null, "surface": "asphalt", "lit": "yes", "length_m": 49.01, "type_element": "Way", "__fid": 95348}, "geometry": {"type": "LineString", "coordinates": [[2.3765065, 48.8713075], [2.3761227, 48.8715573], [2.3760555, 48.8716299]]}}, {"type": "Feature", "properties": {"highway": "footway", "footway": "sidewalk", "name": null, "surface": "asphalt", "lit": "yes", "length_m": 16.62, "type_element": "Way", "__fid": 95357}, "geometry": {"type": "LineString", "coordinates": [[2.3760479, 48.8726362], [2.3761375, 48.87267580000001], [2.3762071, 48.8727392]]}}, {"type": "Feature", "properties": {"highway": "footway", "footway": "sidewalk", "name": null, "surface": "asphalt", "lit": "yes", "length_m": 6.72, "type_element": "Way", "__fid": 95358}, "geometry": {"type": "LineString", "coordinates": [[2.3760647, 48.87258480000001], [2.3760801, 48.87260589999999], [2.3760479, 48.8726362]]}}, {"type": "Feature", "properties": {"highway": "footway", "footway": "sidewalk", "name": null, "surface": "asphalt", "lit": "yes", "length_m": 51.06, "type_element": "Way", "__fid": 95362}, "geometry": {"type": "LineString", "coordinates": [[2.3760684, 48.8716641], [2.376685268258093, 48.87187688505909]]}}, {"type": "Feature", "properties": {"highway": "service", "footway": null, "name": null, "surface": null, "lit": null, "length_m": 4.69, "type_element": "Way", "__fid": 95370}, "geometry": {"type": "LineString", "coordinates": [[2.376121698481626, 48.87148721593988], [2.3760766, 48.87145729999999]]}}, {"type": "Feature", "properties": {"highway": "service", "footway": null, "name": null, "surface": null, "lit": null, "length_m": 54.8, "type_element": "Way", "__fid": 95371}, "geometry": {"type": "LineString", "coordinates": [[2.3760766, 48.87145729999999], [2.3760142, 48.87134949999999], [2.3760616, 48.8711925], [2.3761678, 48.8709868]]}}, {"type": "Feature", "properties": {"highway": "footway", "footway": "sidewalk", "name": null, "surface": "asphalt", "lit": "yes", "length_m": 53.27, "type_element": "Way", "__fid": 95372}, "geometry": {"type": "LineString", "coordinates": [[2.3766002, 48.8711253], [2.3760766, 48.87145729999999]]}}, {"type": "Feature", "properties": {"highway": "footway", "footway": "crossing", "name": null, "surface": "asphalt", "lit": "yes", "length_m": 15.04, "type_element": "Way", "__fid": 95375}, "geometry": {"type": "LineString", "coordinates": [[2.3761928, 48.8724809], [2.3761032, 48.8725662], [2.3760647, 48.87258480000001]]}}, {"type": "Feature", "properties": {"highway": "footway", "footway": "sidewalk", "name": null, "surface": null, "lit": "yes", "length_m": 43.63, "type_element": "Way", "__fid": 95387}, "geometry": {"type": "LineString", "coordinates": [[2.3760342, 48.8762689], [2.376173, 48.8762742], [2.3766188, 48.8763368]]}}, {"type": "Feature", "properties": {"highway": "service", "footway": null, "name": "Cité Saint-Chaumont", "surface": "asphalt", "lit": null, "length_m": 8.35, "type_element": "Way", "__fid": 95388}, "geometry": {"type": "LineString", "coordinates": [[2.3760342, 48.8762689], [2.3760497, 48.8763433]]}}, {"type": "Feature", "properties": {"highway": "service", "footway": null, "name": null, "surface": "asphalt", "lit": "yes", "length_m": 6.17, "type_element": "Way", "__fid": 95396}, "geometry": {"type": "LineString", "coordinates": [[2.3760808, 48.8729658], [2.3761151, 48.8730165]]}}, {"type": "Feature", "properties": {"highway": "service", "footway": null, "name": null, "surface": null, "lit": null, "length_m": 1.02, "type_element": "Way", "__fid": 95417}, "geometry": {"type": "LineString", "coordinates": [[2.3761314, 48.87149380000002], [2.376121698481626, 48.87148721593988]]}}, {"type": "Feature", "properties": {"highway": "footway", "footway": null, "name": null, "surface": null, "lit": null, "length_m": 12.3, "type_element": "Way", "__fid": 95418}, "geometry": {"type": "LineString", "coordinates": [[2.3762375, 48.87145850000002], [2.3762032, 48.8714329], [2.376121698481626, 48.87148721593988]]}}, {"type": "Feature", "properties": {"highway": "service", "footway": null, "name": "Allée Pernette du Guillet", "surface": null, "lit": null, "length_m": 4.62, "type_element": "Way", "__fid": 95419}, "geometry": {"type": "LineString", "coordinates": [[2.3760856, 48.87462450000002], [2.3761479, 48.8746181]]}}, {"type": "Feature", "properties": {"highway": "pedestrian", "footway": null, "name": "Rue Hector Guimard", "surface": "paving_stones", "lit": "yes", "length_m": 10.27, "type_element": "Way", "__fid": 95427}, "geometry": {"type": "LineString", "coordinates": [[2.3762517, 48.87303690000002], [2.3761151, 48.8730165]]}}, {"type": "Feature", "properties": {"highway": "pedestrian", "footway": null, "name": "Rue Hector Guimard", "surface": "asphalt", "lit": "yes", "length_m": 6.53, "type_element": "Way", "__fid": 95486}, "geometry": {"type": "LineString", "coordinates": [[2.3761483, 48.8740508], [2.3761403, 48.8741093]]}}, {"type": "Feature", "properties": {"highway": "footway", "footway": "sidewalk", "name": null, "surface": "asphalt", "lit": "yes", "length_m": 87.92, "type_element": "Way", "__fid": 95492}, "geometry": {"type": "LineString", "coordinates": [[2.3761483, 48.8740508], [2.3764957, 48.8740599], [2.3766987, 48.87404750000001], [2.3769877, 48.874049200000016], [2.3773208, 48.8741359]]}}, {"type": "Feature", "properties": {"highway": "pedestrian", "footway": null, "name": "Rue Hector Guimard", "surface": "asphalt", "lit": "yes", "length_m": 107.04, "type_element": "Way", "__fid": 95493}, "geometry": {"type": "LineString", "coordinates": [[2.3767532, 48.87317879999998], [2.376541, 48.8734055], [2.3761509, 48.8740314], [2.3761483, 48.8740508]]}}, {"type": "Feature", "properties": {"highway": "footway", "footway": "sidewalk", "name": null, "surface": "asphalt", "lit": "yes", "length_m": 48.69, "type_element": "Way", "__fid": 95498}, "geometry": {"type": "LineString", "coordinates": [[2.3761479, 48.8746181], [2.3762151, 48.8747121], [2.3763304, 48.8749867], [2.3763712, 48.8750277]]}}, {"type": "Feature", "properties": {"highway": "service", "footway": null, "name": "Allée Pernette du Guillet", "surface": null, "lit": null, "length_m": 45.7, "type_element": "Way", "__fid": 95499}, "geometry": {"type": "LineString", "coordinates": [[2.3761479, 48.8746181], [2.3762486, 48.8746149], [2.376292, 48.8746349], [2.3766018, 48.8748674]]}}, {"type": "Feature", "properties": {"highway": "footway", "footway": "sidewalk", "name": null, "surface": "asphalt", "lit": "yes", "length_m": 51.03, "type_element": "Way", "__fid": 95525}, "geometry": {"type": "LineString", "coordinates": [[2.376620479540781, 48.87212830047303], [2.3764643, 48.872257], [2.3762242, 48.8724798], [2.3761928, 48.8724809]]}}, {"type": "Feature", "properties": {"highway": "footway", "footway": "crossing", "name": null, "surface": "paving_stones", "lit": "yes", "length_m": 19.31, "type_element": "Way", "__fid": 95545}, "geometry": {"type": "LineString", "coordinates": [[2.3764119, 48.872845599999984], [2.3762379, 48.872767299999985], [2.3762071, 48.8727392]]}}, {"type": "Feature", "properties": {"highway": "footway", "footway": "sidewalk", "name": null, "surface": "asphalt", "lit": "yes", "length_m": 72.9, "type_element": "Way", "__fid": 95546}, "geometry": {"type": "LineString", "coordinates": [[2.37679478875836, 48.872210456768904], [2.3762071, 48.8727392]]}}, {"type": "Feature", "properties": {"highway": "steps", "footway": null, "name": null, "surface": null, "lit": "yes", "length_m": 27.47, "type_element": "Way", "__fid": 95559}, "geometry": {"type": "LineString", "coordinates": [[2.3765065, 48.8713075], [2.3764923, 48.8712971], [2.3762375, 48.87145850000002]]}}, {"type": "Feature", "properties": {"highway": "pedestrian", "footway": null, "name": "Rue Hector Guimard", "surface": "paving_stones", "lit": "yes", "length_m": 40.03, "type_element": "Way", "__fid": 95586}, "geometry": {"type": "LineString", "coordinates": [[2.3767532, 48.87317879999998], [2.3762517, 48.87303690000002]]}}, {"type": "Feature", "properties": {"highway": "footway", "footway": "sidewalk", "name": null, "surface": "asphalt", "lit": "yes", "length_m": 24.3, "type_element": "Way", "__fid": 95587}, "geometry": {"type": "LineString", "coordinates": [[2.3764119, 48.872845599999984], [2.3762517, 48.87303690000002]]}}, {"type": "Feature", "properties": {"highway": "footway", "footway": "sidewalk", "name": null, "surface": "asphalt", "lit": "yes", "length_m": 91.12, "type_element": "Way", "__fid": 95731}, "geometry": {"type": "LineString", "coordinates": [[2.3764234, 48.87027470000001], [2.3766202, 48.8710838]]}}, {"type": "Feature", "properties": {"highway": "footway", "footway": "sidewalk", "name": null, "surface": "asphalt", "lit": "yes", "length_m": 51.91, "type_element": "Way", "__fid": 95739}, "geometry": {"type": "LineString", "coordinates": [[2.3763712, 48.8750277], [2.3767392, 48.8751217], [2.3768164, 48.8751789], [2.3768603, 48.8753056]]}}, {"type": "Feature", "properties": {"highway": "footway", "footway": "crossing", "name": null, "surface": "asphalt", "lit": "yes", "length_m": 9.48, "type_element": "Way", "__fid": 95740}, "geometry": {"type": "LineString", "coordinates": [[2.3764067, 48.875108400000016], [2.3763882, 48.8750894], [2.3763712, 48.8750277]]}}, {"type": "Feature", "properties": {"highway": "service", "footway": null, "name": null, "surface": null, "lit": null, "length_m": 39.47, "type_element": "Way", "__fid": 95747}, "geometry": {"type": "LineString", "coordinates": [[2.3766018, 48.8748674], [2.3766261, 48.8749395], [2.376621, 48.8749733], [2.3765961, 48.8750025], [2.3765498, 48.8750245], [2.3764838, 48.8750271], [2.3764257, 48.8750133], [2.3763903, 48.8749867], [2.3763768, 48.874931199999985]]}}, {"type": "Feature", "properties": {"highway": "footway", "footway": "sidewalk", "name": null, "surface": "asphalt", "lit": "yes", "length_m": 36.71, "type_element": "Way", "__fid": 95753}, "geometry": {"type": "LineString", "coordinates": [[2.3767007, 48.872576], [2.3764119, 48.872845599999984]]}}, {"type": "Feature", "properties": {"highway": "footway", "footway": "sidewalk", "name": null, "surface": "asphalt", "lit": "yes", "length_m": 85.84, "type_element": "Way", "__fid": 95786}, "geometry": {"type": "LineString", "coordinates": [[2.3764067, 48.875108400000016], [2.3763892, 48.8751203], [2.3764785, 48.8753233], [2.3764982, 48.8753435], [2.3767252, 48.8753048], [2.3767641, 48.87527810000001], [2.376748, 48.8752147], [2.3766591, 48.875152700000015], [2.3764268, 48.8750989], [2.3764067, 48.875108400000016]]}}, {"type": "Feature", "properties": {"highway": "footway", "footway": null, "name": null, "surface": null, "lit": null, "length_m": 110.08, "type_element": "Way", "__fid": 95812}, "geometry": {"type": "LineString", "coordinates": [[2.3773425, 48.87353970000003], [2.3771243, 48.8738862], [2.3768087, 48.873832], [2.3765895, 48.873771900000015], [2.376447566666763, 48.87399623333335]]}}, {"type": "Feature", "properties": {"highway": "footway", "footway": "sidewalk", "name": null, "surface": "asphalt", "lit": "yes", "length_m": 11.77, "type_element": "Way", "__fid": 95839}, "geometry": {"type": "LineString", "coordinates": [[2.3766236, 48.8712351], [2.3765065, 48.8713075]]}}, {"type": "Feature", "properties": {"highway": "footway", "footway": "crossing", "name": null, "surface": "asphalt", "lit": "yes", "length_m": 5.74, "type_element": "Way", "__fid": 95901}, "geometry": {"type": "LineString", "coordinates": [[2.376499866666622, 48.87534623333333], [2.376522379999856, 48.87539568000003]]}}, {"type": "Feature", "properties": {"highway": "footway", "footway": "sidewalk", "name": null, "surface": "asphalt", "lit": "yes", "length_m": 46.27, "type_element": "Way", "__fid": 95934}, "geometry": {"type": "LineString", "coordinates": [[2.376522379999856, 48.87539568000003], [2.3765114, 48.8754442], [2.3766679, 48.8757964]]}}, {"type": "Feature", "properties": {"highway": "footway", "footway": "sidewalk", "name": null, "surface": "asphalt", "lit": "yes", "length_m": 27.39, "type_element": "Way", "__fid": 95935}, "geometry": {"type": "LineString", "coordinates": [[2.3768603, 48.8753056], [2.3768071, 48.875343], [2.376522379999856, 48.87539568000003]]}}, {"type": "Feature", "properties": {"highway": "footway", "footway": "sidewalk", "name": null, "surface": "asphalt", "lit": "yes", "length_m": 80.9, "type_element": "Way", "__fid": 95944}, "geometry": {"type": "LineString", "coordinates": [[2.3767421, 48.87104189999997], [2.3765726, 48.87033750000001], [2.3765893, 48.8703283]]}}, {"type": "Feature", "properties": {"highway": "footway", "footway": "crossing", "name": null, "surface": "asphalt", "lit": "yes", "length_m": 12.33, "type_element": "Way", "__fid": 95974}, "geometry": {"type": "LineString", "coordinates": [[2.3766002, 48.8711253], [2.3766236, 48.8712351]]}}, {"type": "Feature", "properties": {"highway": "footway", "footway": "sidewalk", "name": null, "surface": "asphalt", "lit": "yes", "length_m": 4.84, "type_element": "Way", "__fid": 95975}, "geometry": {"type": "LineString", "coordinates": [[2.3766202, 48.8710838], [2.3766002, 48.8711253]]}}, {"type": "Feature", "properties": {"highway": "footway", "footway": "crossing", "name": null, "surface": "asphalt", "lit": "yes", "length_m": 10.08, "type_element": "Way", "__fid": 95997}, "geometry": {"type": "LineString", "coordinates": [[2.3767421, 48.87104189999997], [2.3766202, 48.8710838]]}}, {"type": "Feature", "properties": {"highway": "footway", "footway": "sidewalk", "name": null, "surface": "asphalt", "lit": "yes", "length_m": 1.08, "type_element": "Way", "__fid": 96002}, "geometry": {"type": "LineString", "coordinates": [[2.3766356, 48.8712407], [2.3766236, 48.8712351]]}}, {"type": "Feature", "properties": {"highway": "footway", "footway": null, "name": null, "surface": "asphalt", "lit": "24/7", "length_m": 13.54, "type_element": "Way", "__fid": 96014}, "geometry": {"type": "LineString", "coordinates": [[2.3767707, 48.8721991], [2.376620479540781, 48.87212830047303]]}}, {"type": "Feature", "properties": {"highway": "steps", "footway": null, "name": null, "surface": "concrete", "lit": "yes", "length_m": 10.21, "type_element": "Way", "__fid": 96015}, "geometry": {"type": "LineString", "coordinates": [[2.376620479540781, 48.87212830047303], [2.3765982, 48.8721178], [2.376660500000131, 48.87205650000004]]}}, {"type": "Feature", "properties": {"highway": "footway", "footway": "sidewalk", "name": null, "surface": "asphalt", "lit": "yes", "length_m": 8.75, "type_element": "Way", "__fid": 96016}, "geometry": {"type": "LineString", "coordinates": [[2.3766904, 48.8720645], [2.376620479540781, 48.87212830047303]]}}, {"type": "Feature", "properties": {"highway": "footway", "footway": "sidewalk", "name": null, "surface": "asphalt", "lit": "yes", "length_m": 64.05, "type_element": "Way", "__fid": 96019}, "geometry": {"type": "LineString", "coordinates": [[2.3768064, 48.8717998], [2.3767721, 48.87171330000001], [2.3766578, 48.8712504], [2.3766356, 48.8712407]]}}, {"type": "Feature", "properties": {"highway": "footway", "footway": "crossing", "name": null, "surface": "asphalt", "lit": "yes", "length_m": 12.29, "type_element": "Way", "__fid": 96020}, "geometry": {"type": "LineString", "coordinates": [[2.3766356, 48.8712407], [2.3767421, 48.8711857], [2.3767731, 48.8711798]]}}, {"type": "Feature", "properties": {"highway": "footway", "footway": "sidewalk", "name": null, "surface": "asphalt", "lit": null, "length_m": 38.49, "type_element": "Way", "__fid": 96024}, "geometry": {"type": "LineString", "coordinates": [[2.376577, 48.8764671], [2.3768076, 48.8764967], [2.3770953, 48.8765196]]}}, {"type": "Feature", "properties": {"highway": "footway", "footway": "crossing", "name": null, "surface": "asphalt", "lit": "yes", "length_m": 14.81, "type_element": "Way", "__fid": 96025}, "geometry": {"type": "LineString", "coordinates": [[2.376577, 48.8764671], [2.3766188, 48.8763368]]}}, {"type": "Feature", "properties": {"highway": "service", "footway": null, "name": "Allée Pernette du Guillet", "surface": null, "lit": null, "length_m": 76.65, "type_element": "Way", "__fid": 96031}, "geometry": {"type": "LineString", "coordinates": [[2.3766018, 48.8748674], [2.3769351, 48.8749996], [2.3772462, 48.875074200000014], [2.3775599, 48.8751303]]}}, {"type": "Feature", "properties": {"highway": "footway", "footway": "sidewalk", "name": null, "surface": "asphalt", "lit": "yes", "length_m": 50.04, "type_element": "Way", "__fid": 96034}, "geometry": {"type": "LineString", "coordinates": [[2.376779499999969, 48.87634076666671], [2.3765914, 48.8759082]]}}, {"type": "Feature", "properties": {"highway": "footway", "footway": "crossing", "name": null, "surface": "asphalt", "lit": "yes", "length_m": 9.01, "type_element": "Way", "__fid": 96035}, "geometry": {"type": "LineString", "coordinates": [[2.3767101, 48.8758872], [2.3765914, 48.8759082]]}}, {"type": "Feature", "properties": {"highway": "service", "footway": null, "name": "Voie R/19", "surface": null, "lit": null, "length_m": 3.94, "type_element": "Way", "__fid": 96058}, "geometry": {"type": "LineString", "coordinates": [[2.3766679, 48.8757964], [2.3766147, 48.875801]]}}, {"type": "Feature", "properties": {"highway": "footway", "footway": "sidewalk", "name": null, "surface": null, "lit": "yes", "length_m": 11.99, "type_element": "Way", "__fid": 96075}, "geometry": {"type": "LineString", "coordinates": [[2.3766188, 48.8763368], [2.3767067, 48.8763485], [2.376779499999969, 48.87634076666671]]}}, {"type": "Feature", "properties": {"highway": "footway", "footway": "sidewalk", "name": null, "surface": "asphalt", "lit": "yes", "length_m": 7.42, "type_element": "Way", "__fid": 96096}, "geometry": {"type": "LineString", "coordinates": [[2.3766828, 48.8720085], [2.3766645, 48.87205310000002], [2.3766904, 48.8720645]]}}, {"type": "Feature", "properties": {"highway": "footway", "footway": "crossing", "name": null, "surface": "asphalt", "lit": "yes", "length_m": 8.75, "type_element": "Way", "__fid": 96097}, "geometry": {"type": "LineString", "coordinates": [[2.3766828, 48.8720085], [2.376730808012497, 48.87193645011913]]}}, {"type": "Feature", "properties": {"highway": "footway", "footway": "sidewalk", "name": null, "surface": "asphalt", "lit": "yes", "length_m": 5.5, "type_element": "Way", "__fid": 96098}, "geometry": {"type": "LineString", "coordinates": [[2.376685268258093, 48.87187688505909], [2.3767517, 48.8718998]]}}, {"type": "Feature", "properties": {"highway": "footway", "footway": null, "name": null, "surface": "asphalt", "lit": "24/7", "length_m": 7.42, "type_element": "Way", "__fid": 96099}, "geometry": {"type": "LineString", "coordinates": [[2.376730808012497, 48.87193645011913], [2.376685268258093, 48.87187688505909]]}}, {"type": "Feature", "properties": {"highway": "steps", "footway": null, "name": null, "surface": "concrete", "lit": "yes", "length_m": 13.88, "type_element": "Way", "__fid": 96100}, "geometry": {"type": "LineString", "coordinates": [[2.376685268258093, 48.87187688505909], [2.3766732, 48.8718611], [2.3768064, 48.8717998]]}}, {"type": "Feature", "properties": {"highway": "pedestrian", "footway": null, "name": "Rue de la Présentation", "surface": "asphalt", "lit": "yes", "length_m": 5.08, "type_element": "Way", "__fid": 96103}, "geometry": {"type": "LineString", "coordinates": [[2.3767561, 48.8711043], [2.3766953, 48.8711261]]}}, {"type": "Feature", "properties": {"highway": "footway", "footway": "crossing", "name": null, "surface": "asphalt", "lit": "yes", "length_m": 10.26, "type_element": "Way", "__fid": 96116}, "geometry": {"type": "LineString", "coordinates": [[2.3766904, 48.8720645], [2.3768088, 48.8721136]]}}, {"type": "Feature", "properties": {"highway": "footway", "footway": null, "name": null, "surface": "paved", "lit": "24/7", "length_m": 37.06, "type_element": "Way", "__fid": 96139}, "geometry": {"type": "LineString", "coordinates": [[2.3767007, 48.872576], [2.3766625, 48.8725581], [2.3767543, 48.8724729], [2.3767355, 48.8724653], [2.3769061, 48.8723206]]}}, {"type": "Feature", "properties": {"highway": "footway", "footway": "sidewalk", "name": null, "surface": "asphalt", "lit": "yes", "length_m": 32.42, "type_element": "Way", "__fid": 96140}, "geometry": {"type": "LineString", "coordinates": [[2.37696817713721, 48.87234389591861], [2.3767007, 48.872576]]}}, {"type": "Feature", "properties": {"highway": "footway", "footway": "sidewalk", "name": null, "surface": "asphalt", "lit": "yes", "length_m": 10.56, "type_element": "Way", "__fid": 96155}, "geometry": {"type": "LineString", "coordinates": [[2.3766679, 48.8757964], [2.3767101, 48.8758872]]}}, {"type": "Feature", "properties": {"highway": "service", "footway": null, "name": "Voie R/19", "surface": null, "lit": null, "length_m": 38.74, "type_element": "Way", "__fid": 96156}, "geometry": {"type": "LineString", "coordinates": [[2.3771906, 48.8757465], [2.3766679, 48.8757964]]}}, {"type": "Feature", "properties": {"highway": "footway", "footway": null, "name": null, "surface": "asphalt", "lit": "24/7", "length_m": 17.99, "type_element": "Way", "__fid": 96173}, "geometry": {"type": "LineString", "coordinates": [[2.3768412369198, 48.872080888202625], [2.376730808012497, 48.87193645011913]]}}, {"type": "Feature", "properties": {"highway": "footway", "footway": "sidewalk", "name": null, "surface": "asphalt", "lit": "yes", "length_m": 4.35, "type_element": "Way", "__fid": 96174}, "geometry": {"type": "LineString", "coordinates": [[2.3767517, 48.8718998], [2.376730808012497, 48.87193645011913]]}}, {"type": "Feature", "properties": {"highway": "footway", "footway": "sidewalk", "name": null, "surface": "asphalt", "lit": "yes", "length_m": 7.01, "type_element": "Way", "__fid": 96175}, "geometry": {"type": "LineString", "coordinates": [[2.3767561, 48.8711043], [2.3767421, 48.87104189999997]]}}, {"type": "Feature", "properties": {"highway": "footway", "footway": "sidewalk", "name": null, "surface": "asphalt", "lit": "yes", "length_m": 8.49, "type_element": "Way", "__fid": 96197}, "geometry": {"type": "LineString", "coordinates": [[2.3767731, 48.8711798], [2.3767561, 48.8711043]]}}, {"type": "Feature", "properties": {"highway": "pedestrian", "footway": null, "name": "Rue de la Présentation", "surface": "asphalt", "lit": "yes", "length_m": 61.24, "type_element": "Way", "__fid": 96198}, "geometry": {"type": "LineString", "coordinates": [[2.3773801, 48.870741], [2.3768347, 48.87107620000001], [2.3767561, 48.8711043]]}}, {"type": "Feature", "properties": {"highway": "footway", "footway": "sidewalk", "name": null, "surface": "asphalt", "lit": "yes", "length_m": 7.87, "type_element": "Way", "__fid": 96206}, "geometry": {"type": "LineString", "coordinates": [[2.3767517, 48.8718998], [2.3768271, 48.8718495]]}}, {"type": "Feature", "properties": {"highway": "footway", "footway": "sidewalk", "name": null, "surface": "asphalt", "lit": "yes", "length_m": 53.78, "type_element": "Way", "__fid": 96220}, "geometry": {"type": "LineString", "coordinates": [[2.3769035, 48.87635369999999], [2.3767101, 48.8758872]]}}, {"type": "Feature", "properties": {"highway": "footway", "footway": "sidewalk", "name": null, "surface": "asphalt", "lit": "yes", "length_m": 66.75, "type_element": "Way", "__fid": 96224}, "geometry": {"type": "LineString", "coordinates": [[2.3769487, 48.8717523], [2.3769078, 48.8717453], [2.3767731, 48.8711798]]}}, {"type": "Feature", "properties": {"highway": "pedestrian", "footway": null, "name": "Rue Hector Guimard", "surface": "asphalt", "lit": "yes", "length_m": 41.11, "type_element": "Way", "__fid": 96236}, "geometry": {"type": "LineString", "coordinates": [[2.3771983, 48.8729541], [2.3767532, 48.87317879999998]]}}, {"type": "Feature", "properties": {"highway": "footway", "footway": null, "name": null, "surface": "asphalt", "lit": "24/7", "length_m": 2.17, "type_element": "Way", "__fid": 96246}, "geometry": {"type": "LineString", "coordinates": [[2.37679478875836, 48.872210456768904], [2.3767707, 48.8721991]]}}, {"type": "Feature", "properties": {"highway": "footway", "footway": null, "name": null, "surface": "asphalt", "lit": "24/7", "length_m": 9.77, "type_element": "Way", "__fid": 96247}, "geometry": {"type": "LineString", "coordinates": [[2.3767707, 48.8721991], [2.376846504736145, 48.87212687790109]]}}, {"type": "Feature", "properties": {"highway": "footway", "footway": null, "name": null, "surface": "asphalt", "lit": "24/7", "length_m": 2.72, "type_element": "Way", "__fid": 96281}, "geometry": {"type": "LineString", "coordinates": [[2.376825, 48.8722247], [2.37679478875836, 48.872210456768904]]}}, {"type": "Feature", "properties": {"highway": "footway", "footway": "sidewalk", "name": null, "surface": "asphalt", "lit": "yes", "length_m": 10.09, "type_element": "Way", "__fid": 96282}, "geometry": {"type": "LineString", "coordinates": [[2.3768761, 48.8721373], [2.37679478875836, 48.872210456768904]]}}, {"type": "Feature", "properties": {"highway": "footway", "footway": "sidewalk", "name": null, "surface": "asphalt", "lit": "yes", "length_m": 5.73, "type_element": "Way", "__fid": 96285}, "geometry": {"type": "LineString", "coordinates": [[2.3768271, 48.8718495], [2.3768064, 48.8717998]]}}, {"type": "Feature", "properties": {"highway": "footway", "footway": "sidewalk", "name": null, "surface": "asphalt", "lit": "yes", "length_m": 3.14, "type_element": "Way", "__fid": 96297}, "geometry": {"type": "LineString", "coordinates": [[2.3768088, 48.8721136], [2.376846504736145, 48.87212687790109]]}}, {"type": "Feature", "properties": {"highway": "footway", "footway": "sidewalk", "name": null, "surface": "asphalt", "lit": "yes", "length_m": 4.35, "type_element": "Way", "__fid": 96298}, "geometry": {"type": "LineString", "coordinates": [[2.3768088, 48.8721136], [2.3768412369198, 48.872080888202625]]}}, {"type": "Feature", "properties": {"highway": "footway", "footway": "crossing", "name": null, "surface": "asphalt", "lit": "yes", "length_m": 14.01, "type_element": "Way", "__fid": 96319}, "geometry": {"type": "LineString", "coordinates": [[2.3769487, 48.8717523], [2.3768271, 48.8718495]]}}, {"type": "Feature", "properties": {"highway": "footway", "footway": null, "name": null, "surface": "asphalt", "lit": "24/7", "length_m": 13.4, "type_element": "Way", "__fid": 96321}, "geometry": {"type": "LineString", "coordinates": [[2.3769061, 48.8723206], [2.3768953, 48.872257], [2.376825, 48.8722247]]}}, {"type": "Feature", "properties": {"highway": "steps", "footway": null, "name": null, "surface": "concrete", "lit": "yes", "length_m": 10.37, "type_element": "Way", "__fid": 96322}, "geometry": {"type": "LineString", "coordinates": [[2.376825, 48.8722247], [2.3769026, 48.8721467]]}}, {"type": "Feature", "properties": {"highway": "footway", "footway": "crossing", "name": null, "surface": "asphalt", "lit": "yes", "length_m": 9.21, "type_element": "Way", "__fid": 96328}, "geometry": {"type": "LineString", "coordinates": [[2.376779499999969, 48.87634076666671], [2.3769035, 48.87635369999999]]}}, {"type": "Feature", "properties": {"highway": "footway", "footway": null, "name": null, "surface": "asphalt", "lit": "24/7", "length_m": 5.9, "type_element": "Way", "__fid": 96343}, "geometry": {"type": "LineString", "coordinates": [[2.376846504736145, 48.87212687790109], [2.3768638, 48.8721104], [2.3768412369198, 48.872080888202625]]}}, {"type": "Feature", "properties": {"highway": "footway", "footway": "crossing", "name": null, "surface": "asphalt", "lit": "yes", "length_m": 38.31, "type_element": "Way", "__fid": 96344}, "geometry": {"type": "LineString", "coordinates": [[2.3768412369198, 48.872080888202625], [2.376926, 48.8719955], [2.3770275, 48.8720014], [2.3771726, 48.8718546]]}}, {"type": "Feature", "properties": {"highway": "service", "footway": null, "name": "Villa Marcel Lods", "surface": "paving_stones", "lit": null, "length_m": 4.13, "type_element": "Way", "__fid": 96350}, "geometry": {"type": "LineString", "coordinates": [[2.3768063, 48.8752951], [2.3768603, 48.8753056]]}}, {"type": "Feature", "properties": {"highway": "footway", "footway": "sidewalk", "name": null, "surface": "asphalt", "lit": "yes", "length_m": 2.46, "type_element": "Way", "__fid": 96353}, "geometry": {"type": "LineString", "coordinates": [[2.376846504736145, 48.87212687790109], [2.3768761, 48.8721373]]}}, {"type": "Feature", "properties": {"highway": "footway", "footway": "sidewalk", "name": null, "surface": "asphalt", "lit": "yes", "length_m": 2.21, "type_element": "Way", "__fid": 96391}, "geometry": {"type": "LineString", "coordinates": [[2.3768761, 48.8721373], [2.3769026, 48.8721467]]}}, {"type": "Feature", "properties": {"highway": "service", "footway": null, "name": "Villa Marcel Lods", "surface": "paving_stones", "lit": null, "length_m": 46.62, "type_element": "Way", "__fid": 96423}, "geometry": {"type": "LineString", "coordinates": [[2.3768603, 48.8753056], [2.377481, 48.8753959]]}}, {"type": "Feature", "properties": {"highway": "footway", "footway": "crossing", "name": null, "surface": "asphalt", "lit": "yes", "length_m": 16.43, "type_element": "Way", "__fid": 96432}, "geometry": {"type": "LineString", "coordinates": [[2.3769026, 48.8721467], [2.377088946407468, 48.87222861582896]]}}, {"type": "Feature", "properties": {"highway": "footway", "footway": null, "name": null, "surface": "asphalt", "lit": "24/7", "length_m": 5.24, "type_element": "Way", "__fid": 96436}, "geometry": {"type": "LineString", "coordinates": [[2.37696817713721, 48.87234389591861], [2.3769061, 48.8723206]]}}, {"type": "Feature", "properties": {"highway": "steps", "footway": null, "name": null, "surface": "concrete", "lit": "yes", "length_m": 15.61, "type_element": "Way", "__fid": 96437}, "geometry": {"type": "LineString", "coordinates": [[2.3769061, 48.8723206], [2.3769553, 48.8722929], [2.3770102, 48.87224509999999], [2.3770561, 48.87226759999999]]}}, {"type": "Feature", "properties": {"highway": "footway", "footway": "sidewalk", "name": null, "surface": "asphalt", "lit": "yes", "length_m": 1.67, "type_element": "Way", "__fid": 96467}, "geometry": {"type": "LineString", "coordinates": [[2.376971, 48.8717554], [2.3769487, 48.8717523]]}}, {"type": "Feature", "properties": {"highway": "footway", "footway": "sidewalk", "name": null, "surface": "asphalt", "lit": "yes", "length_m": 15.07, "type_element": "Way", "__fid": 96475}, "geometry": {"type": "LineString", "coordinates": [[2.3771027, 48.8763869], [2.3769035, 48.87635369999999]]}}, {"type": "Feature", "properties": {"highway": "footway", "footway": "crossing", "name": null, "surface": "asphalt", "lit": "yes", "length_m": 14.99, "type_element": "Way", "__fid": 96486}, "geometry": {"type": "LineString", "coordinates": [[2.376971, 48.8717554], [2.3771359, 48.8718351]]}}, {"type": "Feature", "properties": {"highway": "footway", "footway": "sidewalk", "name": null, "surface": "asphalt", "lit": "yes", "length_m": 135.56, "type_element": "Way", "__fid": 96487}, "geometry": {"type": "LineString", "coordinates": [[2.3780456, 48.87076440000001], [2.3778682, 48.8709036], [2.376971, 48.8717554]]}}, {"type": "Feature", "properties": {"highway": "footway", "footway": null, "name": null, "surface": "asphalt", "lit": "24/7", "length_m": 14.56, "type_element": "Way", "__fid": 96493}, "geometry": {"type": "LineString", "coordinates": [[2.377068504608472, 48.872256845272176], [2.3769975, 48.8723549], [2.37696817713721, 48.87234389591861]]}}, {"type": "Feature", "properties": {"highway": "footway", "footway": "sidewalk", "name": null, "surface": "asphalt", "lit": "yes", "length_m": 10.66, "type_element": "Way", "__fid": 96494}, "geometry": {"type": "LineString", "coordinates": [[2.3770561, 48.87226759999999], [2.37696817713721, 48.87234389591861]]}}, {"type": "Feature", "properties": {"highway": "footway", "footway": "sidewalk", "name": null, "surface": "asphalt", "lit": "yes", "length_m": 1.5, "type_element": "Way", "__fid": 96615}, "geometry": {"type": "LineString", "coordinates": [[2.377068504608472, 48.872256845272176], [2.3770561, 48.87226759999999]]}}, {"type": "Feature", "properties": {"highway": "footway", "footway": null, "name": null, "surface": "asphalt", "lit": "24/7", "length_m": 3.48, "type_element": "Way", "__fid": 96636}, "geometry": {"type": "LineString", "coordinates": [[2.377088946407468, 48.87222861582896], [2.377068504608472, 48.872256845272176]]}}, {"type": "Feature", "properties": {"highway": "footway", "footway": "sidewalk", "name": null, "surface": "asphalt", "lit": "yes", "length_m": 3.42, "type_element": "Way", "__fid": 96637}, "geometry": {"type": "LineString", "coordinates": [[2.3770967, 48.8722324], [2.377068504608472, 48.872256845272176]]}}, {"type": "Feature", "properties": {"highway": "footway", "footway": "sidewalk", "name": null, "surface": "asphalt", "lit": "yes", "length_m": 0.71, "type_element": "Way", "__fid": 96651}, "geometry": {"type": "LineString", "coordinates": [[2.377088946407468, 48.87222861582896], [2.3770967, 48.8722324]]}}, {"type": "Feature", "properties": {"highway": "footway", "footway": null, "name": null, "surface": "asphalt", "lit": "24/7", "length_m": 38.33, "type_element": "Way", "__fid": 96652}, "geometry": {"type": "LineString", "coordinates": [[2.3773318, 48.8719243], [2.3772571, 48.8719964], [2.377088946407468, 48.87222861582896]]}}, {"type": "Feature", "properties": {"highway": "footway", "footway": "sidewalk", "name": null, "surface": "asphalt", "lit": "yes", "length_m": 40.54, "type_element": "Way", "__fid": 96664}, "geometry": {"type": "LineString", "coordinates": [[2.3770967, 48.8722324], [2.3771402, 48.8722859], [2.3775796, 48.8723772]]}}, {"type": "Feature", "properties": {"highway": "footway", "footway": "crossing", "name": null, "surface": "asphalt", "lit": "yes", "length_m": 16.84, "type_element": "Way", "__fid": 96665}, "geometry": {"type": "LineString", "coordinates": [[2.3770967, 48.8722324], [2.3772211, 48.8721051]]}}, {"type": "Feature", "properties": {"highway": "footway", "footway": "sidewalk", "name": null, "surface": "paving_stones", "lit": "yes", "length_m": 3.46, "type_element": "Way", "__fid": 96696}, "geometry": {"type": "LineString", "coordinates": [[2.3771359, 48.8718351], [2.3771726, 48.8718546]]}}, {"type": "Feature", "properties": {"highway": "footway", "footway": "sidewalk", "name": null, "surface": "asphalt", "lit": "yes", "length_m": 67.4, "type_element": "Way", "__fid": 96697}, "geometry": {"type": "LineString", "coordinates": [[2.3771359, 48.8718351], [2.3776574, 48.871336]]}}, {"type": "Feature", "properties": {"highway": "footway", "footway": "sidewalk", "name": null, "surface": "asphalt", "lit": null, "length_m": 82.02, "type_element": "Way", "__fid": 96709}, "geometry": {"type": "LineString", "coordinates": [[2.3770953, 48.8765196], [2.3774641, 48.8765344], [2.3777186, 48.8765364], [2.3782121, 48.8765183]]}}, {"type": "Feature", "properties": {"highway": "footway", "footway": "crossing", "name": null, "surface": "asphalt", "lit": "yes", "length_m": 14.77, "type_element": "Way", "__fid": 96710}, "geometry": {"type": "LineString", "coordinates": [[2.3771027, 48.8763869], [2.3770953, 48.8765196]]}}, {"type": "Feature", "properties": {"highway": "footway", "footway": "sidewalk", "name": null, "surface": "asphalt", "lit": null, "length_m": 68.82, "type_element": "Way", "__fid": 96714}, "geometry": {"type": "LineString", "coordinates": [[2.3780404, 48.87638860000001], [2.377443, 48.8763985], [2.3771027, 48.8763869]]}}, {"type": "Feature", "properties": {"highway": "footway", "footway": "crossing", "name": null, "surface": "asphalt", "lit": "yes", "length_m": 14.02, "type_element": "Way", "__fid": 96728}, "geometry": {"type": "LineString", "coordinates": [[2.3771726, 48.8718546], [2.3773318, 48.8719243]]}}, {"type": "Feature", "properties": {"highway": "footway", "footway": null, "name": "Rue Hector Guimard", "surface": "asphalt", "lit": "yes", "length_m": 26.87, "type_element": "Way", "__fid": 96759}, "geometry": {"type": "LineString", "coordinates": [[2.3771983, 48.8729541], [2.3773392, 48.8730801], [2.3774589, 48.8731118]]}}, {"type": "Feature", "properties": {"highway": "pedestrian", "footway": null, "name": "Rue Hector Guimard", "surface": "asphalt", "lit": "yes", "length_m": 70.02, "type_element": "Way", "__fid": 96760}, "geometry": {"type": "LineString", "coordinates": [[2.3775796, 48.8723772], [2.3774235, 48.8725881], [2.3771983, 48.8729541]]}}, {"type": "Feature", "properties": {"highway": "footway", "footway": "sidewalk", "name": null, "surface": "asphalt", "lit": "yes", "length_m": 65.13, "type_element": "Way", "__fid": 96771}, "geometry": {"type": "LineString", "coordinates": [[2.3780469, 48.872320400000014], [2.3772211, 48.8721051]]}}, {"type": "Feature", "properties": {"highway": "footway", "footway": "sidewalk", "name": null, "surface": "asphalt", "lit": "yes", "length_m": 21.33, "type_element": "Way", "__fid": 96772}, "geometry": {"type": "LineString", "coordinates": [[2.3772211, 48.8721051], [2.3772667, 48.8720322], [2.3773632, 48.87193890000001]]}}, {"type": "Feature", "properties": {"highway": "footway", "footway": "sidewalk", "name": null, "surface": "asphalt", "lit": "yes", "length_m": 24.44, "type_element": "Way", "__fid": 96824}, "geometry": {"type": "LineString", "coordinates": [[2.3772472, 48.8742605], [2.3775563, 48.8743425]]}}, {"type": "Feature", "properties": {"highway": "footway", "footway": "crossing", "name": null, "surface": "asphalt", "lit": "yes", "length_m": 14.87, "type_element": "Way", "__fid": 96825}, "geometry": {"type": "LineString", "coordinates": [[2.3772472, 48.8742605], [2.3773208, 48.8741359]]}}, {"type": "Feature", "properties": {"highway": "footway", "footway": "sidewalk", "name": null, "surface": "asphalt", "lit": "yes", "length_m": 2.82, "type_element": "Way", "__fid": 96879}, "geometry": {"type": "LineString", "coordinates": [[2.3773632, 48.87193890000001], [2.3773318, 48.8719243]]}}, {"type": "Feature", "properties": {"highway": "footway", "footway": null, "name": null, "surface": "paving_stones", "lit": "yes", "length_m": 2.15, "type_element": "Way", "__fid": 96880}, "geometry": {"type": "LineString", "coordinates": [[2.3773145, 48.873534], [2.3773425, 48.87353970000003]]}}, {"type": "Feature", "properties": {"highway": "footway", "footway": "sidewalk", "name": null, "surface": "asphalt", "lit": "yes", "length_m": 3.83, "type_element": "Way", "__fid": 96893}, "geometry": {"type": "LineString", "coordinates": [[2.3773208, 48.8741359], [2.377369, 48.8741491]]}}, {"type": "Feature", "properties": {"highway": "footway", "footway": null, "name": null, "surface": "paving_stones", "lit": "yes", "length_m": 8.27, "type_element": "Way", "__fid": 96904}, "geometry": {"type": "LineString", "coordinates": [[2.3774475, 48.873566799999985], [2.3773425, 48.87353970000003]]}}, {"type": "Feature", "properties": {"highway": "footway", "footway": null, "name": null, "surface": "paving_stones", "lit": "yes", "length_m": 14.29, "type_element": "Way", "__fid": 96905}, "geometry": {"type": "LineString", "coordinates": [[2.3773425, 48.87353970000003], [2.3774169, 48.8734209]]}}, {"type": "Feature", "properties": {"highway": "footway", "footway": "sidewalk", "name": null, "surface": "asphalt", "lit": "yes", "length_m": 58.7, "type_element": "Way", "__fid": 96908}, "geometry": {"type": "LineString", "coordinates": [[2.3773632, 48.87193890000001], [2.3778169, 48.871504]]}}, {"type": "Feature", "properties": {"highway": "footway", "footway": "sidewalk", "name": null, "surface": "asphalt", "lit": "yes", "length_m": 6.14, "type_element": "Way", "__fid": 96944}, "geometry": {"type": "LineString", "coordinates": [[2.377369, 48.8741491], [2.3774471, 48.874169]]}}, {"type": "Feature", "properties": {"highway": "footway", "footway": "sidewalk", "name": null, "surface": "asphalt", "lit": "yes", "length_m": 26.98, "type_element": "Way", "__fid": 96945}, "geometry": {"type": "LineString", "coordinates": [[2.3775133, 48.87392590000002], [2.377369, 48.8741491]]}}, {"type": "Feature", "properties": {"highway": "footway", "footway": null, "name": null, "surface": "concrete", "lit": "no", "length_m": 10.91, "type_element": "Way", "__fid": 96948}, "geometry": {"type": "LineString", "coordinates": [[2.3773762, 48.87388780000001], [2.3775133, 48.87392590000002]]}}, {"type": "Feature", "properties": {"highway": "footway", "footway": null, "name": null, "surface": "paving_stones", "lit": "yes", "length_m": 2.09, "type_element": "Way", "__fid": 96959}, "geometry": {"type": "LineString", "coordinates": [[2.3773904, 48.8734139], [2.3774169, 48.8734209]]}}, {"type": "Feature", "properties": {"highway": "footway", "footway": null, "name": null, "surface": "paving_stones", "lit": "yes", "length_m": 8.12, "type_element": "Way", "__fid": 96994}, "geometry": {"type": "LineString", "coordinates": [[2.3774589, 48.8731118], [2.3774149, 48.8731788]]}}, {"type": "Feature", "properties": {"highway": "footway", "footway": null, "name": null, "surface": "paving_stones", "lit": "yes", "length_m": 10.57, "type_element": "Way", "__fid": 96997}, "geometry": {"type": "LineString", "coordinates": [[2.3774169, 48.8734209], [2.3774608, 48.8733496], [2.3774354, 48.8733428]]}}, {"type": "Feature", "properties": {"highway": "living_street", "footway": null, "name": "Rue Jules Romains", "surface": "asphalt", "lit": "yes", "length_m": 6.58, "type_element": "Way", "__fid": 97004}, "geometry": {"type": "LineString", "coordinates": [[2.3774124, 48.8742236], [2.3774471, 48.874169]]}}, {"type": "Feature", "properties": {"highway": "footway", "footway": null, "name": null, "surface": "concrete", "lit": "yes", "length_m": 21.32, "type_element": "Way", "__fid": 97025}, "geometry": {"type": "LineString", "coordinates": [[2.3774712, 48.8735725], [2.377449250000165, 48.87360870000004], [2.3773562, 48.8735811], [2.3773632, 48.8735694], [2.3774346, 48.8735875], [2.3774475, 48.873566799999985]]}}, {"type": "Feature", "properties": {"highway": "footway", "footway": null, "name": "Rue Hector Guimard", "surface": "paving_stones", "lit": "yes", "length_m": 40.91, "type_element": "Way", "__fid": 97033}, "geometry": {"type": "LineString", "coordinates": [[2.3774589, 48.8731118], [2.3779754, 48.8732506]]}}, {"type": "Feature", "properties": {"highway": "footway", "footway": "sidewalk", "name": null, "surface": "asphalt", "lit": "yes", "length_m": 5.03, "type_element": "Way", "__fid": 97034}, "geometry": {"type": "LineString", "coordinates": [[2.3774471, 48.874169], [2.3775103, 48.8741866]]}}, {"type": "Feature", "properties": {"highway": "living_street", "footway": null, "name": "Rue Jules Romains", "surface": "asphalt", "lit": "yes", "length_m": 54.0, "type_element": "Way", "__fid": 97035}, "geometry": {"type": "LineString", "coordinates": [[2.3774471, 48.874169], [2.3777283, 48.8737202]]}}, {"type": "Feature", "properties": {"highway": "footway", "footway": null, "name": null, "surface": "paving_stones", "lit": "yes", "length_m": 17.68, "type_element": "Way", "__fid": 97051}, "geometry": {"type": "LineString", "coordinates": [[2.3776848, 48.8736461], [2.3774712, 48.8735725]]}}, {"type": "Feature", "properties": {"highway": "footway", "footway": null, "name": null, "surface": "concrete", "lit": "no", "length_m": 10.4, "type_element": "Way", "__fid": 97058}, "geometry": {"type": "LineString", "coordinates": [[2.3774799, 48.873731200000016], [2.3776115, 48.8737661]]}}, {"type": "Feature", "properties": {"highway": "steps", "footway": null, "name": null, "surface": null, "lit": null, "length_m": 45.95, "type_element": "Way", "__fid": 97061}, "geometry": {"type": "LineString", "coordinates": [[2.3780603, 48.87477670000001], [2.3774705, 48.8746374]]}}, {"type": "Feature", "properties": {"highway": "footway", "footway": "sidewalk", "name": null, "surface": "asphalt", "lit": "yes", "length_m": 19.17, "type_element": "Way", "__fid": 97078}, "geometry": {"type": "LineString", "coordinates": [[2.3776115, 48.8737661], [2.3775133, 48.87392590000002]]}}, {"type": "Feature", "properties": {"highway": "footway", "footway": "sidewalk", "name": null, "surface": "asphalt", "lit": "yes", "length_m": 9.68, "type_element": "Way", "__fid": 97079}, "geometry": {"type": "LineString", "coordinates": [[2.3775103, 48.8741866], [2.3776327, 48.8742192]]}}, {"type": "Feature", "properties": {"highway": "footway", "footway": "sidewalk", "name": null, "surface": "asphalt", "lit": "yes", "length_m": 45.84, "type_element": "Way", "__fid": 97080}, "geometry": {"type": "LineString", "coordinates": [[2.3775103, 48.8741866], [2.3777509, 48.8738061]]}}, {"type": "Feature", "properties": {"highway": "service", "footway": null, "name": null, "surface": "concrete:plates", "lit": "no", "length_m": 18.59, "type_element": "Way", "__fid": 97092}, "geometry": {"type": "LineString", "coordinates": [[2.377769, 48.8735062], [2.377537, 48.8734389]]}}, {"type": "Feature", "properties": {"highway": "service", "footway": null, "name": null, "surface": "concrete:plates", "lit": "no", "length_m": 19.96, "type_element": "Way", "__fid": 97114}, "geometry": {"type": "LineString", "coordinates": [[2.3775571, 48.8734055], [2.3777652, 48.8734661], [2.377802, 48.8734827]]}}, {"type": "Feature", "properties": {"highway": "footway", "footway": "sidewalk", "name": null, "surface": "asphalt", "lit": "yes", "length_m": 20.71, "type_element": "Way", "__fid": 97130}, "geometry": {"type": "LineString", "coordinates": [[2.3775796, 48.8723772], [2.3778406, 48.8724482]]}}, {"type": "Feature", "properties": {"highway": "pedestrian", "footway": null, "name": "Rue Hector Guimard", "surface": "paving_stones", "lit": "yes", "length_m": 9.72, "type_element": "Way", "__fid": 97131}, "geometry": {"type": "LineString", "coordinates": [[2.3776304, 48.8722965], [2.3775796, 48.8723772]]}}, {"type": "Feature", "properties": {"highway": "footway", "footway": "sidewalk", "name": null, "surface": "asphalt", "lit": "yes", "length_m": 22.46, "type_element": "Way", "__fid": 97132}, "geometry": {"type": "LineString", "coordinates": [[2.3775563, 48.8743425], [2.3778397, 48.8744191]]}}, {"type": "Feature", "properties": {"highway": "footway", "footway": "crossing", "name": null, "surface": "asphalt", "lit": "yes", "length_m": 14.81, "type_element": "Way", "__fid": 97133}, "geometry": {"type": "LineString", "coordinates": [[2.3776327, 48.8742192], [2.3775563, 48.8743425]]}}, {"type": "Feature", "properties": {"highway": "footway", "footway": "sidewalk", "name": null, "surface": "asphalt", "lit": "yes", "length_m": 14.39, "type_element": "Way", "__fid": 97166}, "geometry": {"type": "LineString", "coordinates": [[2.3776848, 48.8736461], [2.3776115, 48.8737661]]}}, {"type": "Feature", "properties": {"highway": "footway", "footway": "crossing", "name": null, "surface": "asphalt", "lit": "yes", "length_m": 20.16, "type_element": "Way", "__fid": 97181}, "geometry": {"type": "LineString", "coordinates": [[2.3776574, 48.871336], [2.3778165, 48.87142590000001], [2.3778752, 48.8714449]]}}, {"type": "Feature", "properties": {"highway": "footway", "footway": "sidewalk", "name": null, "surface": "asphalt", "lit": "yes", "length_m": 70.94, "type_element": "Way", "__fid": 97182}, "geometry": {"type": "LineString", "coordinates": [[2.3776574, 48.871336], [2.3779549, 48.8710512], [2.3782335, 48.8708242]]}}, {"type": "Feature", "properties": {"highway": "pedestrian", "footway": null, "name": "Rue Lemon", "surface": "sett", "lit": "yes", "length_m": 11.66, "type_element": "Way", "__fid": 97191}, "geometry": {"type": "LineString", "coordinates": [[2.3778169, 48.871504], [2.3776654, 48.8714724]]}}, {"type": "Feature", "properties": {"highway": "footway", "footway": "sidewalk", "name": null, "surface": "asphalt", "lit": "yes", "length_m": 43.44, "type_element": "Way", "__fid": 97192}, "geometry": {"type": "LineString", "coordinates": [[2.3776327, 48.8742192], [2.3781796, 48.8743692]]}}, {"type": "Feature", "properties": {"highway": "footway", "footway": "sidewalk", "name": null, "surface": "asphalt", "lit": "yes", "length_m": 16.74, "type_element": "Way", "__fid": 97225}, "geometry": {"type": "LineString", "coordinates": [[2.377769, 48.8735062], [2.3776848, 48.8736461]]}}, {"type": "Feature", "properties": {"highway": "service", "footway": null, "name": null, "surface": "asphalt", "lit": "yes", "length_m": 5.02, "type_element": "Way", "__fid": 97263}, "geometry": {"type": "LineString", "coordinates": [[2.3777283, 48.8737202], [2.3777924, 48.8737361]]}}, {"type": "Feature", "properties": {"highway": "living_street", "footway": null, "name": "Rue Jules Romains", "surface": "asphalt", "lit": "yes", "length_m": 21.5, "type_element": "Way", "__fid": 97264}, "geometry": {"type": "LineString", "coordinates": [[2.3777283, 48.8737202], [2.377841, 48.8735417]]}}, {"type": "Feature", "properties": {"highway": "footway", "footway": "sidewalk", "name": null, "surface": "asphalt", "lit": "yes", "length_m": 7.19, "type_element": "Way", "__fid": 97286}, "geometry": {"type": "LineString", "coordinates": [[2.3777509, 48.8738061], [2.377844439999711, 48.87382534000022]]}}, {"type": "Feature", "properties": {"highway": "footway", "footway": "sidewalk", "name": null, "surface": "asphalt", "lit": "yes", "length_m": 8.36, "type_element": "Way", "__fid": 97287}, "geometry": {"type": "LineString", "coordinates": [[2.3777924, 48.8737361], [2.3777509, 48.8738061]]}}, {"type": "Feature", "properties": {"highway": "service", "footway": null, "name": null, "surface": "concrete:plates", "lit": "no", "length_m": 6.59, "type_element": "Way", "__fid": 97301}, "geometry": {"type": "LineString", "coordinates": [[2.377841, 48.8735417], [2.377769, 48.8735062]]}}, {"type": "Feature", "properties": {"highway": "footway", "footway": "sidewalk", "name": null, "surface": "asphalt", "lit": "yes", "length_m": 3.56, "type_element": "Way", "__fid": 97302}, "geometry": {"type": "LineString", "coordinates": [[2.377802, 48.8734827], [2.377769, 48.8735062]]}}, {"type": "Feature", "properties": {"highway": "service", "footway": null, "name": null, "surface": "concrete", "lit": "no", "length_m": 11.22, "type_element": "Way", "__fid": 97315}, "geometry": {"type": "LineString", "coordinates": [[2.377779, 48.8745117], [2.3778397, 48.8744191]]}}, {"type": "Feature", "properties": {"highway": "pedestrian", "footway": null, "name": "Rue Lemon", "surface": "sett", "lit": "yes", "length_m": 51.27, "type_element": "Way", "__fid": 97321}, "geometry": {"type": "LineString", "coordinates": [[2.3784879, 48.8716331], [2.3778169, 48.871504]]}}, {"type": "Feature", "properties": {"highway": "footway", "footway": "sidewalk", "name": null, "surface": "asphalt", "lit": "yes", "length_m": 7.84, "type_element": "Way", "__fid": 97322}, "geometry": {"type": "LineString", "coordinates": [[2.3778169, 48.871504], [2.3778752, 48.8714449]]}}, {"type": "Feature", "properties": {"highway": "service", "footway": null, "name": null, "surface": "asphalt", "lit": "yes", "length_m": 8.29, "type_element": "Way", "__fid": 97325}, "geometry": {"type": "LineString", "coordinates": [[2.3777924, 48.8737361], [2.3778972, 48.873764]]}}, {"type": "Feature", "properties": {"highway": "footway", "footway": "sidewalk", "name": null, "surface": "asphalt", "lit": "yes", "length_m": 24.27, "type_element": "Way", "__fid": 97326}, "geometry": {"type": "LineString", "coordinates": [[2.3779354, 48.8735426], [2.3778943, 48.8735676], [2.3777924, 48.8737361]]}}, {"type": "Feature", "properties": {"highway": "service", "footway": null, "name": null, "surface": "concrete", "lit": "yes", "length_m": 5.79, "type_element": "Way", "__fid": 97329}, "geometry": {"type": "LineString", "coordinates": [[2.3778406, 48.8724482], [2.3778105, 48.8724963]]}}, {"type": "Feature", "properties": {"highway": "service", "footway": null, "name": null, "surface": "concrete:plates", "lit": "no", "length_m": 6.72, "type_element": "Way", "__fid": 97332}, "geometry": {"type": "LineString", "coordinates": [[2.377802, 48.8734827], [2.3778821, 48.87351210000002]]}}, {"type": "Feature", "properties": {"highway": "footway", "footway": "sidewalk", "name": null, "surface": "asphalt", "lit": "yes", "length_m": 28.89, "type_element": "Way", "__fid": 97333}, "geometry": {"type": "LineString", "coordinates": [[2.3779754, 48.8732506], [2.3779037, 48.8733217], [2.377802, 48.8734827]]}}, {"type": "Feature", "properties": {"highway": "footway", "footway": "sidewalk", "name": null, "surface": null, "lit": null, "length_m": 114.7, "type_element": "Way", "__fid": 97355}, "geometry": {"type": "LineString", "coordinates": [[2.3777734, 48.8777013], [2.3778243, 48.8776528], [2.37831, 48.8767932], [2.3782747, 48.8767648], [2.3782468, 48.8767637]]}}, {"type": "Feature", "properties": {"highway": "footway", "footway": "sidewalk", "name": null, "surface": "asphalt", "lit": "yes", "length_m": 8.43, "type_element": "Way", "__fid": 97361}, "geometry": {"type": "LineString", "coordinates": [[2.3778406, 48.8724482], [2.3779469, 48.8724771]]}}, {"type": "Feature", "properties": {"highway": "service", "footway": null, "name": null, "surface": "concrete", "lit": "yes", "length_m": 9.81, "type_element": "Way", "__fid": 97362}, "geometry": {"type": "LineString", "coordinates": [[2.3778926, 48.8723669], [2.3778406, 48.8724482]]}}, {"type": "Feature", "properties": {"highway": "service", "footway": null, "name": null, "surface": "concrete", "lit": "no", "length_m": 11.11, "type_element": "Way", "__fid": 97373}, "geometry": {"type": "LineString", "coordinates": [[2.3778849, 48.874432800000015], [2.3778234, 48.87452409999998]]}}, {"type": "Feature", "properties": {"highway": "living_street", "footway": null, "name": "Rue Jules Romains", "surface": "asphalt", "lit": "yes", "length_m": 4.46, "type_element": "Way", "__fid": 97382}, "geometry": {"type": "LineString", "coordinates": [[2.377841, 48.8735417], [2.3778821, 48.87351210000002]]}}, {"type": "Feature", "properties": {"highway": "footway", "footway": "sidewalk", "name": null, "surface": "asphalt", "lit": "yes", "length_m": 70.57, "type_element": "Way", "__fid": 97391}, "geometry": {"type": "LineString", "coordinates": [[2.3778752, 48.8714449], [2.3781464, 48.871182], [2.3784508, 48.8709372]]}}, {"type": "Feature", "properties": {"highway": "footway", "footway": "sidewalk", "name": null, "surface": "asphalt", "lit": "yes", "length_m": 3.65, "type_element": "Way", "__fid": 97392}, "geometry": {"type": "LineString", "coordinates": [[2.3778397, 48.8744191], [2.3778849, 48.874432800000015]]}}, {"type": "Feature", "properties": {"highway": "service", "footway": null, "name": null, "surface": "concrete", "lit": "no", "length_m": 7.27, "type_element": "Way", "__fid": 97393}, "geometry": {"type": "LineString", "coordinates": [[2.3778397, 48.8744191], [2.3778803, 48.8743595]]}}, {"type": "Feature", "properties": {"highway": "living_street", "footway": null, "name": "Rue Jules Romains", "surface": "asphalt", "lit": "yes", "length_m": 38.87, "type_element": "Way", "__fid": 97415}, "geometry": {"type": "LineString", "coordinates": [[2.3778821, 48.87351210000002], [2.3779819, 48.8734391], [2.3781202, 48.873205]]}}, {"type": "Feature", "properties": {"highway": "footway", "footway": "sidewalk", "name": null, "surface": "asphalt", "lit": "yes", "length_m": 63.28, "type_element": "Way", "__fid": 97423}, "geometry": {"type": "LineString", "coordinates": [[2.3778849, 48.874432800000015], [2.3786786, 48.8746559]]}}, {"type": "Feature", "properties": {"highway": "service", "footway": null, "name": null, "surface": "concrete", "lit": "no", "length_m": 7.37, "type_element": "Way", "__fid": 97424}, "geometry": {"type": "LineString", "coordinates": [[2.3779238, 48.8743717], [2.3778849, 48.874432800000015]]}}, {"type": "Feature", "properties": {"highway": "footway", "footway": "sidewalk", "name": null, "surface": "asphalt", "lit": "yes", "length_m": 31.0, "type_element": "Way", "__fid": 97460}, "geometry": {"type": "LineString", "coordinates": [[2.3779469, 48.8724771], [2.3783351, 48.8725874]]}}, {"type": "Feature", "properties": {"highway": "footway", "footway": "crossing", "name": null, "surface": "asphalt", "lit": "yes", "length_m": 18.91, "type_element": "Way", "__fid": 97461}, "geometry": {"type": "LineString", "coordinates": [[2.3780469, 48.872320400000014], [2.3779469, 48.8724771]]}}, {"type": "Feature", "properties": {"highway": "steps", "footway": null, "name": null, "surface": null, "lit": null, "length_m": 29.0, "type_element": "Way", "__fid": 97464}, "geometry": {"type": "LineString", "coordinates": [[2.3779354, 48.8735426], [2.3780216, 48.87359720000001], [2.3782778, 48.8736646]]}}, {"type": "Feature", "properties": {"highway": "footway", "footway": "sidewalk", "name": null, "surface": "asphalt", "lit": "yes", "length_m": 25.7, "type_element": "Way", "__fid": 97465}, "geometry": {"type": "LineString", "coordinates": [[2.3781219, 48.8733533], [2.3780492, 48.87347229999999], [2.3779354, 48.8735426]]}}, {"type": "Feature", "properties": {"highway": "footway", "footway": "sidewalk", "name": null, "surface": "asphalt", "lit": "yes", "length_m": 78.47, "type_element": "Way", "__fid": 97495}, "geometry": {"type": "LineString", "coordinates": [[2.3783351, 48.8725874], [2.3780297, 48.87309790000001], [2.3779754, 48.8732506]]}}, {"type": "Feature", "properties": {"highway": "footway", "footway": "sidewalk", "name": null, "surface": "asphalt", "lit": "yes", "length_m": 3.61, "type_element": "Way", "__fid": 97530}, "geometry": {"type": "LineString", "coordinates": [[2.3780927, 48.87233229999999], [2.3780469, 48.872320400000014]]}}, {"type": "Feature", "properties": {"highway": "footway", "footway": null, "name": null, "surface": null, "lit": null, "length_m": 44.74, "type_element": "Way", "__fid": 97533}, "geometry": {"type": "LineString", "coordinates": [[2.3780281, 48.87485860000001], [2.378378, 48.8749296], [2.3786143, 48.87496929999999]]}}, {"type": "Feature", "properties": {"highway": "steps", "footway": null, "name": "Allée Louise Labé", "surface": null, "lit": null, "length_m": 64.78, "type_element": "Way", "__fid": 97534}, "geometry": {"type": "LineString", "coordinates": [[2.3780281, 48.87485860000001], [2.3778431, 48.8752865], [2.3780251, 48.8753537]]}}, {"type": "Feature", "properties": {"highway": "footway", "footway": null, "name": "Allée Louise Labé", "surface": null, "lit": null, "length_m": 9.41, "type_element": "Way", "__fid": 97535}, "geometry": {"type": "LineString", "coordinates": [[2.3780603, 48.87477670000001], [2.3780281, 48.87485860000001]]}}, {"type": "Feature", "properties": {"highway": "footway", "footway": null, "name": "Allée Louise Labé", "surface": null, "lit": null, "length_m": 23.41, "type_element": "Way", "__fid": 97537}, "geometry": {"type": "LineString", "coordinates": [[2.3780251, 48.8753537], [2.3780475, 48.87540519999999], [2.3780539, 48.8755018], [2.3780375, 48.8755611]]}}, {"type": "Feature", "properties": {"highway": "footway", "footway": null, "name": null, "surface": null, "lit": null, "length_m": 32.05, "type_element": "Way", "__fid": 97538}, "geometry": {"type": "LineString", "coordinates": [[2.3780251, 48.8753537], [2.3781009, 48.8753467], [2.3784527, 48.8753985]]}}, {"type": "Feature", "properties": {"highway": "service", "footway": null, "name": null, "surface": "concrete", "lit": null, "length_m": 25.25, "type_element": "Way", "__fid": 97543}, "geometry": {"type": "LineString", "coordinates": [[2.3780404, 48.87638860000001], [2.3780277, 48.8761617]]}}, {"type": "Feature", "properties": {"highway": "pedestrian", "footway": null, "name": "Rue Dénoyez", "surface": "sett", "lit": "yes", "length_m": 9.13, "type_element": "Way", "__fid": 97552}, "geometry": {"type": "LineString", "coordinates": [[2.3780826, 48.8724161], [2.378125, 48.8723389]]}}, {"type": "Feature", "properties": {"highway": "service", "footway": null, "name": null, "surface": "concrete", "lit": null, "length_m": 8.31, "type_element": "Way", "__fid": 97557}, "geometry": {"type": "LineString", "coordinates": [[2.3780506, 48.876463], [2.3780404, 48.87638860000001]]}}, {"type": "Feature", "properties": {"highway": "footway", "footway": "sidewalk", "name": null, "surface": "asphalt", "lit": null, "length_m": 10.76, "type_element": "Way", "__fid": 97558}, "geometry": {"type": "LineString", "coordinates": [[2.3781862, 48.8763775], [2.3780404, 48.87638860000001]]}}, {"type": "Feature", "properties": {"highway": "steps", "footway": null, "name": "Allée Louise Labé", "surface": null, "lit": null, "length_m": 22.54, "type_element": "Way", "__fid": 97560}, "geometry": {"type": "LineString", "coordinates": [[2.3781658, 48.8745863], [2.3780603, 48.87477670000001]]}}, {"type": "Feature", "properties": {"highway": "footway", "footway": "sidewalk", "name": null, "surface": "asphalt", "lit": "yes", "length_m": 2.48, "type_element": "Way", "__fid": 97561}, "geometry": {"type": "LineString", "coordinates": [[2.378125, 48.8723389], [2.3780927, 48.87233229999999]]}}, {"type": "Feature", "properties": {"highway": "footway", "footway": "sidewalk", "name": null, "surface": "sett", "lit": "yes", "length_m": 76.74, "type_element": "Way", "__fid": 97562}, "geometry": {"type": "LineString", "coordinates": [[2.378461166666595, 48.87168640000007], [2.3780927, 48.87233229999999]]}}, {"type": "Feature", "properties": {"highway": "footway", "footway": "sidewalk", "name": null, "surface": "asphalt", "lit": "yes", "length_m": 3.04, "type_element": "Way", "__fid": 97579}, "geometry": {"type": "LineString", "coordinates": [[2.3781638, 48.8723486], [2.378125, 48.8723389]]}}, {"type": "Feature", "properties": {"highway": "pedestrian", "footway": null, "name": "Rue Dénoyez", "surface": "sett", "lit": "yes", "length_m": 76.64, "type_element": "Way", "__fid": 97580}, "geometry": {"type": "LineString", "coordinates": [[2.378125, 48.8723389], [2.3784885, 48.8716927]]}}, {"type": "Feature", "properties": {"highway": "footway", "footway": null, "name": "Allée Louise Labé", "surface": null, "lit": null, "length_m": 110.71, "type_element": "Way", "__fid": 97586}, "geometry": {"type": "LineString", "coordinates": [[2.3784527, 48.8753985], [2.3781463, 48.87614520000001], [2.3780813, 48.8763631]]}}, {"type": "Feature", "properties": {"highway": "service", "footway": null, "name": null, "surface": "asphalt", "lit": "yes", "length_m": 6.28, "type_element": "Way", "__fid": 97589}, "geometry": {"type": "LineString", "coordinates": [[2.3782006, 48.8732245], [2.3781202, 48.873205]]}}, {"type": "Feature", "properties": {"highway": "living_street", "footway": null, "name": "Rue Jules Romains", "surface": "asphalt", "lit": "yes", "length_m": 22.25, "type_element": "Way", "__fid": 97590}, "geometry": {"type": "LineString", "coordinates": [[2.3781202, 48.873205], [2.3782315, 48.8730189]]}}, {"type": "Feature", "properties": {"highway": "footway", "footway": null, "name": null, "surface": null, "lit": null, "length_m": 23.88, "type_element": "Way", "__fid": 97593}, "geometry": {"type": "LineString", "coordinates": [[2.378425, 48.8734318], [2.3781219, 48.8733533]]}}, {"type": "Feature", "properties": {"highway": "footway", "footway": "sidewalk", "name": null, "surface": "asphalt", "lit": "yes", "length_m": 15.44, "type_element": "Way", "__fid": 97594}, "geometry": {"type": "LineString", "coordinates": [[2.3782006, 48.8732245], [2.3781219, 48.8733533]]}}, {"type": "Feature", "properties": {"highway": "service", "footway": null, "name": null, "surface": "asphalt", "lit": "no", "length_m": 7.57, "type_element": "Way", "__fid": 97611}, "geometry": {"type": "LineString", "coordinates": [[2.3781387, 48.8744317], [2.3781796, 48.8743692]]}}, {"type": "Feature", "properties": {"highway": "footway", "footway": "sidewalk", "name": null, "surface": "asphalt", "lit": "yes", "length_m": 43.54, "type_element": "Way", "__fid": 97612}, "geometry": {"type": "LineString", "coordinates": [[2.3787104, 48.8725012], [2.3781638, 48.8723486]]}}, {"type": "Feature", "properties": {"highway": "footway", "footway": "sidewalk", "name": null, "surface": "sett", "lit": "yes", "length_m": 76.8, "type_element": "Way", "__fid": 97613}, "geometry": {"type": "LineString", "coordinates": [[2.3781638, 48.8723486], [2.378526833333281, 48.87170080000004]]}}, {"type": "Feature", "properties": {"highway": "footway", "footway": null, "name": null, "surface": "paving_stones", "lit": "yes", "length_m": 37.7, "type_element": "Way", "__fid": 97635}, "geometry": {"type": "LineString", "coordinates": [[2.3781658, 48.8745863], [2.3786412, 48.8747152]]}}, {"type": "Feature", "properties": {"highway": "steps", "footway": null, "name": "Allée Louise Labé", "surface": null, "lit": null, "length_m": 4.99, "type_element": "Way", "__fid": 97636}, "geometry": {"type": "LineString", "coordinates": [[2.3781917, 48.87454480000001], [2.3781658, 48.8745863]]}}, {"type": "Feature", "properties": {"highway": "footway", "footway": "sidewalk", "name": null, "surface": "asphalt", "lit": "yes", "length_m": 3.19, "type_element": "Way", "__fid": 97645}, "geometry": {"type": "LineString", "coordinates": [[2.3781796, 48.8743692], [2.3782196, 48.8743804]]}}, {"type": "Feature", "properties": {"highway": "service", "footway": null, "name": null, "surface": "asphalt", "lit": "no", "length_m": 7.27, "type_element": "Way", "__fid": 97646}, "geometry": {"type": "LineString", "coordinates": [[2.3781796, 48.8743692], [2.3782121, 48.8743074]]}}, {"type": "Feature", "properties": {"highway": "service", "footway": null, "name": null, "surface": "asphalt", "lit": "no", "length_m": 7.52, "type_element": "Way", "__fid": 97647}, "geometry": {"type": "LineString", "coordinates": [[2.3782196, 48.8743804], [2.3781796, 48.87444270000001]]}}, {"type": "Feature", "properties": {"highway": "service", "footway": null, "name": null, "surface": "asphalt", "lit": "yes", "length_m": 3.69, "type_element": "Way", "__fid": 97654}, "geometry": {"type": "LineString", "coordinates": [[2.3782475, 48.873236599999984], [2.3782006, 48.8732245]]}}, {"type": "Feature", "properties": {"highway": "footway", "footway": "sidewalk", "name": null, "surface": "asphalt", "lit": "yes", "length_m": 22.12, "type_element": "Way", "__fid": 97655}, "geometry": {"type": "LineString", "coordinates": [[2.3783133, 48.87304], [2.3782006, 48.8732245]]}}, {"type": "Feature", "properties": {"highway": "footway", "footway": "crossing", "name": null, "surface": "asphalt", "lit": null, "length_m": 15.77, "type_element": "Way", "__fid": 97681}, "geometry": {"type": "LineString", "coordinates": [[2.3781862, 48.8763775], [2.3782121, 48.8765183]]}}, {"type": "Feature", "properties": {"highway": "footway", "footway": null, "name": "Rue Lauzin", "surface": "asphalt", "lit": "yes", "length_m": 47.43, "type_element": "Way", "__fid": 97682}, "geometry": {"type": "LineString", "coordinates": [[2.3783489, 48.87596640000001], [2.378182, 48.8763549], [2.3781862, 48.8763775]]}}, {"type": "Feature", "properties": {"highway": "footway", "footway": "sidewalk", "name": null, "surface": "asphalt", "lit": null, "length_m": 98.14, "type_element": "Way", "__fid": 97683}, "geometry": {"type": "LineString", "coordinates": [[2.379507375000049, 48.87624092500004], [2.3789801, 48.8763101], [2.3781862, 48.8763775]]}}, {"type": "Feature", "properties": {"highway": "service", "footway": null, "name": null, "surface": "asphalt", "lit": "yes", "length_m": 6.44, "type_element": "Way", "__fid": 97693}, "geometry": {"type": "LineString", "coordinates": [[2.3783133, 48.87304], [2.3782315, 48.8730189]]}}, {"type": "Feature", "properties": {"highway": "living_street", "footway": null, "name": "Rue Jules Romains", "surface": "asphalt", "lit": "yes", "length_m": 26.57, "type_element": "Way", "__fid": 97694}, "geometry": {"type": "LineString", "coordinates": [[2.3782315, 48.8730189], [2.3783712, 48.8727984]]}}, {"type": "Feature", "properties": {"highway": "footway", "footway": "sidewalk", "name": null, "surface": "asphalt", "lit": "yes", "length_m": 39.82, "type_element": "Way", "__fid": 97696}, "geometry": {"type": "LineString", "coordinates": [[2.3782196, 48.8743804], [2.3787191, 48.8745206]]}}, {"type": "Feature", "properties": {"highway": "service", "footway": null, "name": null, "surface": "asphalt", "lit": "no", "length_m": 7.3, "type_element": "Way", "__fid": 97697}, "geometry": {"type": "LineString", "coordinates": [[2.3782587, 48.87432], [2.3782196, 48.8743804]]}}, {"type": "Feature", "properties": {"highway": "steps", "footway": null, "name": "Voie N/19", "surface": "concrete", "lit": "no", "length_m": 27.41, "type_element": "Way", "__fid": 97708}, "geometry": {"type": "LineString", "coordinates": [[2.3782121, 48.8765183], [2.3782468, 48.8767637]]}}, {"type": "Feature", "properties": {"highway": "footway", "footway": "sidewalk", "name": null, "surface": "asphalt", "lit": null, "length_m": 72.5, "type_element": "Way", "__fid": 97709}, "geometry": {"type": "LineString", "coordinates": [[2.3782121, 48.8765183], [2.3791918, 48.8764316]]}}, {"type": "Feature", "properties": {"highway": "footway", "footway": "sidewalk", "name": null, "surface": null, "lit": null, "length_m": 153.19, "type_element": "Way", "__fid": 97718}, "geometry": {"type": "LineString", "coordinates": [[2.378205, 48.87772479999999], [2.378313, 48.8774545], [2.3784424, 48.8772459], [2.3786033, 48.8770527], [2.3787951, 48.8768564], [2.37899, 48.8767108], [2.379234, 48.8765543]]}}, {"type": "Feature", "properties": {"highway": "footway", "footway": null, "name": "Allée Diane de Poitiers", "surface": null, "lit": null, "length_m": 9.8, "type_element": "Way", "__fid": 97745}, "geometry": {"type": "LineString", "coordinates": [[2.3782778, 48.8736646], [2.3784014, 48.8736981]]}}, {"type": "Feature", "properties": {"highway": "footway", "footway": null, "name": "Allée Diane de Poitiers", "surface": null, "lit": null, "length_m": 28.05, "type_element": "Way", "__fid": 97746}, "geometry": {"type": "LineString", "coordinates": [[2.378425, 48.8734318], [2.3782778, 48.8736646]]}}, {"type": "Feature", "properties": {"highway": "service", "footway": null, "name": null, "surface": "asphalt", "lit": "yes", "length_m": 3.81, "type_element": "Way", "__fid": 97773}, "geometry": {"type": "LineString", "coordinates": [[2.3783616, 48.8730525], [2.3783133, 48.87304]]}}, {"type": "Feature", "properties": {"highway": "footway", "footway": "sidewalk", "name": null, "surface": "asphalt", "lit": "yes", "length_m": 26.38, "type_element": "Way", "__fid": 97774}, "geometry": {"type": "LineString", "coordinates": [[2.3784479, 48.87282], [2.3783133, 48.87304]]}}, {"type": "Feature", "properties": {"highway": "steps", "footway": null, "name": "Allée Diane de Poitiers", "surface": null, "lit": null, "length_m": 17.73, "type_element": "Way", "__fid": 97783}, "geometry": {"type": "LineString", "coordinates": [[2.3784014, 48.8736981], [2.3783092, 48.8738455]]}}, {"type": "Feature", "properties": {"highway": "footway", "footway": "sidewalk", "name": null, "surface": "asphalt", "lit": "yes", "length_m": 11.36, "type_element": "Way", "__fid": 97789}, "geometry": {"type": "LineString", "coordinates": [[2.3783351, 48.8725874], [2.3784863, 48.8726095]]}}, {"type": "Feature", "properties": {"highway": "service", "footway": null, "name": null, "surface": "asphalt", "lit": "yes", "length_m": 6.12, "type_element": "Way", "__fid": 97842}, "geometry": {"type": "LineString", "coordinates": [[2.3784479, 48.87282], [2.3783712, 48.8727984]]}}, {"type": "Feature", "properties": {"highway": "living_street", "footway": null, "name": "Rue Jules Romains", "surface": "asphalt", "lit": "yes", "length_m": 22.64, "type_element": "Way", "__fid": 97843}, "geometry": {"type": "LineString", "coordinates": [[2.3783712, 48.8727984], [2.3784863, 48.8726095]]}}, {"type": "Feature", "properties": {"highway": "footway", "footway": "sidewalk", "name": null, "surface": "asphalt", "lit": "yes", "length_m": 46.18, "type_element": "Way", "__fid": 97852}, "geometry": {"type": "LineString", "coordinates": [[2.378445, 48.8755802], [2.3782953, 48.8759341], [2.3783489, 48.87596640000001]]}}, {"type": "Feature", "properties": {"highway": "footway", "footway": "sidewalk", "name": null, "surface": "asphalt", "lit": "yes", "length_m": 71.93, "type_element": "Way", "__fid": 97853}, "geometry": {"type": "LineString", "coordinates": [[2.3783489, 48.87596640000001], [2.3784147, 48.8759548], [2.378649899999934, 48.87537318000013]]}}, {"type": "Feature", "properties": {"highway": "footway", "footway": null, "name": null, "surface": null, "lit": null, "length_m": 10.93, "type_element": "Way", "__fid": 97865}, "geometry": {"type": "LineString", "coordinates": [[2.3784014, 48.8736981], [2.378539, 48.8737359]]}}, {"type": "Feature", "properties": {"highway": "footway", "footway": "sidewalk", "name": null, "surface": null, "lit": null, "length_m": 210.24, "type_element": "Way", "__fid": 97873}, "geometry": {"type": "LineString", "coordinates": [[2.3797561, 48.8764602], [2.3793579, 48.876655], [2.3791542, 48.8767843], [2.3789737, 48.87692219999998], [2.3787716, 48.8771161], [2.3786431, 48.87727], [2.3785377, 48.877439], [2.3784576, 48.87760080000001], [2.3784072, 48.8777407], [2.3783557, 48.878026]]}}, {"type": "Feature", "properties": {"highway": "footway", "footway": null, "name": "Allée Diane de Poitiers", "surface": null, "lit": null, "length_m": 12.61, "type_element": "Way", "__fid": 97895}, "geometry": {"type": "LineString", "coordinates": [[2.3784876, 48.8733262], [2.378425, 48.8734318]]}}, {"type": "Feature", "properties": {"highway": "service", "footway": null, "name": null, "surface": "asphalt", "lit": "yes", "length_m": 2.48, "type_element": "Way", "__fid": 97908}, "geometry": {"type": "LineString", "coordinates": [[2.3784127, 48.87557360000002], [2.378445, 48.8755802]]}}, {"type": "Feature", "properties": {"highway": "footway", "footway": "crossing", "name": null, "surface": "sett", "lit": "yes", "length_m": 2.12, "type_element": "Way", "__fid": 97909}, "geometry": {"type": "LineString", "coordinates": [[2.3784885, 48.8716927], [2.378461166666595, 48.87168640000007]]}}, {"type": "Feature", "properties": {"highway": "footway", "footway": "sidewalk", "name": null, "surface": "paving_stones", "lit": "yes", "length_m": 6.24, "type_element": "Way", "__fid": 97910}, "geometry": {"type": "LineString", "coordinates": [[2.3784879, 48.8716331], [2.378461166666595, 48.87168640000007]]}}, {"type": "Feature", "properties": {"highway": "service", "footway": null, "name": null, "surface": "asphalt", "lit": "yes", "length_m": 4.06, "type_element": "Way", "__fid": 97911}, "geometry": {"type": "LineString", "coordinates": [[2.3784995, 48.8728331], [2.3784479, 48.87282]]}}, {"type": "Feature", "properties": {"highway": "footway", "footway": "sidewalk", "name": null, "surface": "asphalt", "lit": "yes", "length_m": 23.52, "type_element": "Way", "__fid": 97912}, "geometry": {"type": "LineString", "coordinates": [[2.3785726, 48.8726251], [2.3784479, 48.87282]]}}, {"type": "Feature", "properties": {"highway": "pedestrian", "footway": null, "name": "Rue Lemon", "surface": "sett", "lit": "yes", "length_m": 2.35, "type_element": "Way", "__fid": 97938}, "geometry": {"type": "LineString", "coordinates": [[2.3785188, 48.8716386], [2.3784879, 48.8716331]]}}, {"type": "Feature", "properties": {"highway": "footway", "footway": "sidewalk", "name": null, "surface": "paving_stones", "lit": "yes", "length_m": 104.21, "type_element": "Way", "__fid": 97939}, "geometry": {"type": "LineString", "coordinates": [[2.3785226, 48.870883], [2.3788472, 48.870972], [2.3788538, 48.8709835], [2.3784879, 48.8716331]]}}, {"type": "Feature", "properties": {"highway": "footway", "footway": "crossing", "name": null, "surface": "sett", "lit": "yes", "length_m": 2.95, "type_element": "Way", "__fid": 97940}, "geometry": {"type": "LineString", "coordinates": [[2.378526833333281, 48.87170080000004], [2.3784885, 48.8716927]]}}, {"type": "Feature", "properties": {"highway": "pedestrian", "footway": null, "name": "Rue Dénoyez", "surface": "sett", "lit": "yes", "length_m": 6.41, "type_element": "Way", "__fid": 97941}, "geometry": {"type": "LineString", "coordinates": [[2.3784885, 48.8716927], [2.3785188, 48.8716386]]}}, {"type": "Feature", "properties": {"highway": "service", "footway": null, "name": null, "surface": "asphalt", "lit": "yes", "length_m": 6.46, "type_element": "Way", "__fid": 97944}, "geometry": {"type": "LineString", "coordinates": [[2.378445, 48.8755802], [2.3785301, 48.8755952]]}}, {"type": "Feature", "properties": {"highway": "footway", "footway": "sidewalk", "name": null, "surface": "asphalt", "lit": "yes", "length_m": 26.22, "type_element": "Way", "__fid": 97945}, "geometry": {"type": "LineString", "coordinates": [[2.3785381, 48.87535250000002], [2.378445, 48.8755802]]}}, {"type": "Feature", "properties": {"highway": "footway", "footway": null, "name": "Allée Louise Labé", "surface": null, "lit": null, "length_m": 49.18, "type_element": "Way", "__fid": 97949}, "geometry": {"type": "LineString", "coordinates": [[2.3786143, 48.87496929999999], [2.3784527, 48.8753985]]}}, {"type": "Feature", "properties": {"highway": "footway", "footway": "sidewalk", "name": null, "surface": "asphalt", "lit": "yes", "length_m": 6.56, "type_element": "Way", "__fid": 97950}, "geometry": {"type": "LineString", "coordinates": [[2.3784863, 48.8726095], [2.3785726, 48.8726251]]}}, {"type": "Feature", "properties": {"highway": "living_street", "footway": null, "name": "Rue Jules Romains", "surface": "asphalt", "lit": "yes", "length_m": 9.44, "type_element": "Way", "__fid": 97951}, "geometry": {"type": "LineString", "coordinates": [[2.3784863, 48.8726095], [2.378536, 48.8725312]]}}, {"type": "Feature", "properties": {"highway": "footway", "footway": null, "name": null, "surface": null, "lit": null, "length_m": 13.94, "type_element": "Way", "__fid": 97963}, "geometry": {"type": "LineString", "coordinates": [[2.3784876, 48.8733262], [2.3786644, 48.8733721]]}}, {"type": "Feature", "properties": {"highway": "footway", "footway": null, "name": "Allée Diane de Poitiers", "surface": null, "lit": null, "length_m": 85.16, "type_element": "Way", "__fid": 97964}, "geometry": {"type": "LineString", "coordinates": [[2.3789401, 48.8727193], [2.3788126, 48.8729216], [2.378704, 48.8728926], [2.3784594, 48.87327950000003], [2.3784876, 48.8733262]]}}, {"type": "Feature", "properties": {"highway": "pedestrian", "footway": null, "name": "Rue Dénoyez", "surface": "sett", "lit": "yes", "length_m": 76.8, "type_element": "Way", "__fid": 97974}, "geometry": {"type": "LineString", "coordinates": [[2.3785188, 48.8716386], [2.3788888, 48.8709925]]}}, {"type": "Feature", "properties": {"highway": "service", "footway": null, "name": null, "surface": null, "lit": null, "length_m": 19.68, "type_element": "Way", "__fid": 97980}, "geometry": {"type": "LineString", "coordinates": [[2.3784997, 48.8739378], [2.3787126, 48.8739942], [2.3787274, 48.8739705]]}}, {"type": "Feature", "properties": {"highway": "footway", "footway": "sidewalk", "name": null, "surface": "paving_stones", "lit": "yes", "length_m": 83.74, "type_element": "Way", "__fid": 97981}, "geometry": {"type": "LineString", "coordinates": [[2.378526833333281, 48.87170080000004], [2.3789273, 48.8710014], [2.378919433333209, 48.87099973333345]]}}, {"type": "Feature", "properties": {"highway": "service", "footway": null, "name": null, "surface": null, "lit": null, "length_m": 16.87, "type_element": "Way", "__fid": 97992}, "geometry": {"type": "LineString", "coordinates": [[2.3787274, 48.8739705], [2.3785131, 48.87391550000001]]}}, {"type": "Feature", "properties": {"highway": "footway", "footway": null, "name": null, "surface": null, "lit": null, "length_m": 38.69, "type_element": "Way", "__fid": 98010}, "geometry": {"type": "LineString", "coordinates": [[2.378539, 48.8737359], [2.3787688, 48.87379760000002], [2.3786872, 48.873933], [2.3787416, 48.8739471]]}}, {"type": "Feature", "properties": {"highway": "footway", "footway": null, "name": null, "surface": null, "lit": null, "length_m": 37.66, "type_element": "Way", "__fid": 98011}, "geometry": {"type": "LineString", "coordinates": [[2.378539, 48.8737359], [2.3786116, 48.8736174], [2.3786759, 48.8736156], [2.3789138, 48.873676799999984]]}}, {"type": "Feature", "properties": {"highway": "footway", "footway": "sidewalk", "name": null, "surface": "asphalt", "lit": "yes", "length_m": 193.0, "type_element": "Way", "__fid": 98026}, "geometry": {"type": "LineString", "coordinates": [[2.381012400000138, 48.87150470000004], [2.378590500000051, 48.87082640000002]]}}, {"type": "Feature", "properties": {"highway": "footway", "footway": "crossing", "name": null, "surface": "asphalt", "lit": "yes", "length_m": 8.52, "type_element": "Way", "__fid": 98028}, "geometry": {"type": "LineString", "coordinates": [[2.3785381, 48.87535250000002], [2.378649899999934, 48.87537318000013]]}}, {"type": "Feature", "properties": {"highway": "footway", "footway": "sidewalk", "name": null, "surface": "asphalt", "lit": "yes", "length_m": 23.27, "type_element": "Way", "__fid": 98029}, "geometry": {"type": "LineString", "coordinates": [[2.3786215, 48.8751506], [2.3785381, 48.87535250000002]]}}, {"type": "Feature", "properties": {"highway": "footway", "footway": "sidewalk", "name": null, "surface": "asphalt", "lit": "yes", "length_m": 4.57, "type_element": "Way", "__fid": 98031}, "geometry": {"type": "LineString", "coordinates": [[2.3786319, 48.8726376], [2.3785726, 48.8726251]]}}, {"type": "Feature", "properties": {"highway": "service", "footway": null, "name": null, "surface": "sett", "lit": "yes", "length_m": 2.47, "type_element": "Way", "__fid": 98071}, "geometry": {"type": "LineString", "coordinates": [[2.3785885, 48.87514609999999], [2.3786215, 48.8751506]]}}, {"type": "Feature", "properties": {"highway": "footway", "footway": "sidewalk", "name": null, "surface": "asphalt", "lit": "yes", "length_m": 24.36, "type_element": "Way", "__fid": 98081}, "geometry": {"type": "LineString", "coordinates": [[2.3789401, 48.8727193], [2.3786319, 48.8726376]]}}, {"type": "Feature", "properties": {"highway": "footway", "footway": "crossing", "name": null, "surface": "asphalt", "lit": "yes", "length_m": 16.22, "type_element": "Way", "__fid": 98082}, "geometry": {"type": "LineString", "coordinates": [[2.3786319, 48.8726376], [2.3787104, 48.8725012]]}}, {"type": "Feature", "properties": {"highway": "steps", "footway": null, "name": "Allée Louise Labé", "surface": null, "lit": null, "length_m": 29.11, "type_element": "Way", "__fid": 98098}, "geometry": {"type": "LineString", "coordinates": [[2.3786412, 48.8747152], [2.3786754, 48.8748028], [2.3786143, 48.87496929999999]]}}, {"type": "Feature", "properties": {"highway": "service", "footway": null, "name": null, "surface": "sett", "lit": "yes", "length_m": 6.32, "type_element": "Way", "__fid": 98103}, "geometry": {"type": "LineString", "coordinates": [[2.3786215, 48.8751506], [2.378705, 48.8751645]]}}, {"type": "Feature", "properties": {"highway": "footway", "footway": "sidewalk", "name": null, "surface": "asphalt", "lit": "yes", "length_m": 52.45, "type_element": "Way", "__fid": 98104}, "geometry": {"type": "LineString", "coordinates": [[2.3788019, 48.8746942], [2.3786215, 48.8751506]]}}, {"type": "Feature", "properties": {"highway": "footway", "footway": null, "name": "Allée Louise Labé", "surface": null, "lit": null, "length_m": 7.14, "type_element": "Way", "__fid": 98111}, "geometry": {"type": "LineString", "coordinates": [[2.3786786, 48.8746559], [2.3786412, 48.8747152]]}}, {"type": "Feature", "properties": {"highway": "footway", "footway": null, "name": null, "surface": null, "lit": null, "length_m": 29.32, "type_element": "Way", "__fid": 98119}, "geometry": {"type": "LineString", "coordinates": [[2.3786644, 48.8733721], [2.3790354, 48.873470200000014]]}}, {"type": "Feature", "properties": {"highway": "footway", "footway": null, "name": null, "surface": null, "lit": null, "length_m": 4.03, "type_element": "Way", "__fid": 98120}, "geometry": {"type": "LineString", "coordinates": [[2.3786644, 48.8733721], [2.3786851, 48.8733385]]}}, {"type": "Feature", "properties": {"highway": "footway", "footway": "sidewalk", "name": null, "surface": "asphalt", "lit": "yes", "length_m": 2.32, "type_element": "Way", "__fid": 98127}, "geometry": {"type": "LineString", "coordinates": [[2.378649899999934, 48.87537318000013], [2.3786812, 48.8753701]]}}, {"type": "Feature", "properties": {"highway": "footway", "footway": "sidewalk", "name": null, "surface": "asphalt", "lit": "yes", "length_m": 10.0, "type_element": "Way", "__fid": 98139}, "geometry": {"type": "LineString", "coordinates": [[2.3786786, 48.8746559], [2.3788019, 48.8746942]]}}, {"type": "Feature", "properties": {"highway": "footway", "footway": null, "name": "Allée Louise Labé", "surface": "paving_stones", "lit": "yes", "length_m": 3.01, "type_element": "Way", "__fid": 98140}, "geometry": {"type": "LineString", "coordinates": [[2.3786936, 48.8746307], [2.3786786, 48.8746559]]}}, {"type": "Feature", "properties": {"highway": "service", "footway": null, "name": null, "surface": "asphalt", "lit": "no", "length_m": 7.22, "type_element": "Way", "__fid": 98141}, "geometry": {"type": "LineString", "coordinates": [[2.3786822, 48.8745808], [2.3787191, 48.8745206]]}}, {"type": "Feature", "properties": {"highway": "footway", "footway": "sidewalk", "name": null, "surface": "asphalt", "lit": "yes", "length_m": 81.65, "type_element": "Way", "__fid": 98145}, "geometry": {"type": "LineString", "coordinates": [[2.3797446, 48.872772799999986], [2.3787104, 48.8725012]]}}, {"type": "Feature", "properties": {"highway": "footway", "footway": "crossing", "name": null, "surface": "asphalt", "lit": "yes", "length_m": 16.25, "type_element": "Way", "__fid": 98149}, "geometry": {"type": "LineString", "coordinates": [[2.3786812, 48.8753701], [2.3786795, 48.875349], [2.3787298, 48.8752285]]}}, {"type": "Feature", "properties": {"highway": "footway", "footway": "sidewalk", "name": null, "surface": "asphalt", "lit": "yes", "length_m": 115.53, "type_element": "Way", "__fid": 98150}, "geometry": {"type": "LineString", "coordinates": [[2.3786812, 48.8753701], [2.378706, 48.8753661], [2.379507375000049, 48.87624092500004]]}}, {"type": "Feature", "properties": {"highway": "footway", "footway": "sidewalk", "name": null, "surface": "asphalt", "lit": "yes", "length_m": 3.68, "type_element": "Way", "__fid": 98169}, "geometry": {"type": "LineString", "coordinates": [[2.3787191, 48.8745206], [2.3787656, 48.874533]]}}, {"type": "Feature", "properties": {"highway": "service", "footway": null, "name": null, "surface": "asphalt", "lit": "no", "length_m": 7.93, "type_element": "Way", "__fid": 98170}, "geometry": {"type": "LineString", "coordinates": [[2.3787191, 48.8745206], [2.3787622, 48.8744552]]}}, {"type": "Feature", "properties": {"highway": "service", "footway": null, "name": "Allée Gabrielle d'Estrées", "surface": null, "lit": null, "length_m": 2.8, "type_element": "Way", "__fid": 98177}, "geometry": {"type": "LineString", "coordinates": [[2.3787274, 48.8739705], [2.3787416, 48.8739471]]}}, {"type": "Feature", "properties": {"highway": "service", "footway": null, "name": null, "surface": "asphalt", "lit": "no", "length_m": 7.24, "type_element": "Way", "__fid": 98184}, "geometry": {"type": "LineString", "coordinates": [[2.3787656, 48.874533], [2.3787288, 48.8745934]]}}, {"type": "Feature", "properties": {"highway": "service", "footway": null, "name": "Allée Gabrielle d'Estrées", "surface": null, "lit": null, "length_m": 32.6, "type_element": "Way", "__fid": 98186}, "geometry": {"type": "LineString", "coordinates": [[2.3787416, 48.8739471], [2.3789138, 48.873676799999984]]}}, {"type": "Feature", "properties": {"highway": "footway", "footway": "sidewalk", "name": null, "surface": "asphalt", "lit": "yes", "length_m": 129.22, "type_element": "Way", "__fid": 98189}, "geometry": {"type": "LineString", "coordinates": [[2.3787298, 48.8752285], [2.3791727, 48.8756947], [2.3796437, 48.8762219]]}}, {"type": "Feature", "properties": {"highway": "footway", "footway": "sidewalk", "name": null, "surface": "asphalt", "lit": "yes", "length_m": 58.36, "type_element": "Way", "__fid": 98190}, "geometry": {"type": "LineString", "coordinates": [[2.3787298, 48.8752285], [2.3789434, 48.8747229]]}}, {"type": "Feature", "properties": {"highway": "footway", "footway": "sidewalk", "name": null, "surface": "asphalt", "lit": "yes", "length_m": 8.8, "type_element": "Way", "__fid": 98212}, "geometry": {"type": "LineString", "coordinates": [[2.3787656, 48.874533], [2.3788763, 48.8745635]]}}, {"type": "Feature", "properties": {"highway": "service", "footway": null, "name": null, "surface": "asphalt", "lit": "no", "length_m": 7.92, "type_element": "Way", "__fid": 98213}, "geometry": {"type": "LineString", "coordinates": [[2.3788064, 48.8744671], [2.3787656, 48.874533]]}}, {"type": "Feature", "properties": {"highway": "footway", "footway": "crossing", "name": null, "surface": "asphalt", "lit": "yes", "length_m": 10.86, "type_element": "Way", "__fid": 98238}, "geometry": {"type": "LineString", "coordinates": [[2.3788019, 48.8746942], [2.3789434, 48.8747229]]}}, {"type": "Feature", "properties": {"highway": "footway", "footway": "crossing", "name": null, "surface": "asphalt", "lit": "yes", "length_m": 15.52, "type_element": "Way", "__fid": 98239}, "geometry": {"type": "LineString", "coordinates": [[2.3788019, 48.8746942], [2.3788763, 48.8745635]]}}, {"type": "Feature", "properties": {"highway": "footway", "footway": "crossing", "name": null, "surface": "sett", "lit": "yes", "length_m": 2.39, "type_element": "Way", "__fid": 98263}, "geometry": {"type": "LineString", "coordinates": [[2.3788888, 48.8709925], [2.378919433333209, 48.87099973333345]]}}, {"type": "Feature", "properties": {"highway": "footway", "footway": "sidewalk", "name": null, "surface": "asphalt", "lit": "yes", "length_m": 6.53, "type_element": "Way", "__fid": 98283}, "geometry": {"type": "LineString", "coordinates": [[2.3788763, 48.8745635], [2.3789585, 48.874586]]}}, {"type": "Feature", "properties": {"highway": "footway", "footway": "sidewalk", "name": null, "surface": "asphalt", "lit": "yes", "length_m": 112.08, "type_element": "Way", "__fid": 98286}, "geometry": {"type": "LineString", "coordinates": [[2.378919433333209, 48.87099973333345], [2.3789606, 48.8710045], [2.3803291, 48.8713867]]}}, {"type": "Feature", "properties": {"highway": "service", "footway": null, "name": "Allée Gabrielle d'Estrées", "surface": null, "lit": null, "length_m": 24.64, "type_element": "Way", "__fid": 98304}, "geometry": {"type": "LineString", "coordinates": [[2.3789138, 48.873676799999984], [2.3790354, 48.873470200000014]]}}, {"type": "Feature", "properties": {"highway": "footway", "footway": "sidewalk", "name": null, "surface": "asphalt", "lit": "yes", "length_m": 33.98, "type_element": "Way", "__fid": 98314}, "geometry": {"type": "LineString", "coordinates": [[2.37937, 48.87283319999999], [2.3789401, 48.8727193]]}}, {"type": "Feature", "properties": {"highway": "footway", "footway": null, "name": null, "surface": null, "lit": null, "length_m": 5.99, "type_element": "Way", "__fid": 98329}, "geometry": {"type": "LineString", "coordinates": [[2.378942, 48.8745036], [2.3789343, 48.8745183], [2.3789881, 48.8745328]]}}, {"type": "Feature", "properties": {"highway": "footway", "footway": "sidewalk", "name": null, "surface": "asphalt", "lit": "yes", "length_m": 37.34, "type_element": "Way", "__fid": 98331}, "geometry": {"type": "LineString", "coordinates": [[2.3789434, 48.8747229], [2.3793299, 48.8748153], [2.3794278, 48.87481789999998]]}}, {"type": "Feature", "properties": {"highway": "footway", "footway": "crossing", "name": null, "surface": "sett", "lit": "yes", "length_m": 14.52, "type_element": "Way", "__fid": 98332}, "geometry": {"type": "LineString", "coordinates": [[2.3790061, 48.874599], [2.3789434, 48.8747229]]}}, {"type": "Feature", "properties": {"highway": "footway", "footway": "sidewalk", "name": null, "surface": "asphalt", "lit": "yes", "length_m": 3.78, "type_element": "Way", "__fid": 98339}, "geometry": {"type": "LineString", "coordinates": [[2.3789585, 48.874586], [2.3790061, 48.874599]]}}, {"type": "Feature", "properties": {"highway": "footway", "footway": null, "name": null, "surface": null, "lit": null, "length_m": 6.3, "type_element": "Way", "__fid": 98340}, "geometry": {"type": "LineString", "coordinates": [[2.3789585, 48.874586], [2.3789881, 48.8745328]]}}, {"type": "Feature", "properties": {"highway": "footway", "footway": null, "name": null, "surface": null, "lit": null, "length_m": 10.74, "type_element": "Way", "__fid": 98366}, "geometry": {"type": "LineString", "coordinates": [[2.3789881, 48.8745328], [2.379103, 48.874563], [2.3791099, 48.8745487]]}}, {"type": "Feature", "properties": {"highway": "footway", "footway": null, "name": null, "surface": null, "lit": null, "length_m": 30.86, "type_element": "Way", "__fid": 98367}, "geometry": {"type": "LineString", "coordinates": [[2.3789881, 48.8745328], [2.3790666, 48.8743929], [2.379104, 48.874373400000025], [2.3791569, 48.874283]]}}, {"type": "Feature", "properties": {"highway": "footway", "footway": "sidewalk", "name": null, "surface": "asphalt", "lit": "yes", "length_m": 32.25, "type_element": "Way", "__fid": 98381}, "geometry": {"type": "LineString", "coordinates": [[2.3790061, 48.874599], [2.3794238, 48.8746896]]}}, {"type": "Feature", "properties": {"highway": "service", "footway": null, "name": "Allée Gabrielle d'Estrées", "surface": null, "lit": null, "length_m": 66.58, "type_element": "Way", "__fid": 98391}, "geometry": {"type": "LineString", "coordinates": [[2.3790354, 48.873470200000014], [2.3791286, 48.8733126], [2.3791936, 48.8732654], [2.379294, 48.8732438], [2.3797417, 48.8732656]]}}, {"type": "Feature", "properties": {"highway": "footway", "footway": null, "name": null, "surface": null, "lit": null, "length_m": 42.91, "type_element": "Way", "__fid": 98464}, "geometry": {"type": "LineString", "coordinates": [[2.37937, 48.87283319999999], [2.3791473, 48.87319]]}}, {"type": "Feature", "properties": {"highway": "footway", "footway": "sidewalk", "name": null, "surface": "asphalt", "lit": null, "length_m": 13.99, "type_element": "Way", "__fid": 98532}, "geometry": {"type": "LineString", "coordinates": [[2.3791918, 48.8764316], [2.379234, 48.8765543]]}}, {"type": "Feature", "properties": {"highway": "footway", "footway": "sidewalk", "name": null, "surface": "sett", "lit": null, "length_m": 23.38, "type_element": "Way", "__fid": 98533}, "geometry": {"type": "LineString", "coordinates": [[2.3791918, 48.8764316], [2.3795086, 48.876408]]}}, {"type": "Feature", "properties": {"highway": "pedestrian", "footway": null, "name": "Avenue Darcel", "surface": "asphalt", "lit": "yes", "length_m": 48.96, "type_element": "Way", "__fid": 98582}, "geometry": {"type": "LineString", "coordinates": [[2.3792226, 48.8771219], [2.3792756, 48.8770696], [2.3794685, 48.8769434], [2.3797069, 48.8768228]]}}, {"type": "Feature", "properties": {"highway": "footway", "footway": "sidewalk", "name": null, "surface": null, "lit": null, "length_m": 25.89, "type_element": "Way", "__fid": 98586}, "geometry": {"type": "LineString", "coordinates": [[2.379234, 48.8765543], [2.3795086, 48.876408]]}}, {"type": "Feature", "properties": {"highway": "footway", "footway": "sidewalk", "name": null, "surface": "asphalt", "lit": "yes", "length_m": 22.83, "type_element": "Way", "__fid": 98649}, "geometry": {"type": "LineString", "coordinates": [[2.3796588, 48.8729098], [2.37937, 48.87283319999999]]}}, {"type": "Feature", "properties": {"highway": "footway", "footway": null, "name": null, "surface": null, "lit": null, "length_m": 50.69, "type_element": "Way", "__fid": 98699}, "geometry": {"type": "LineString", "coordinates": [[2.3794484, 48.8720766], [2.3793729, 48.8720363], [2.3796069, 48.8717315], [2.379676, 48.8717523]]}}, {"type": "Feature", "properties": {"highway": "footway", "footway": "crossing", "name": null, "surface": "asphalt", "lit": "yes", "length_m": 14.27, "type_element": "Way", "__fid": 98703}, "geometry": {"type": "LineString", "coordinates": [[2.3794278, 48.87481789999998], [2.3794238, 48.8746896]]}}, {"type": "Feature", "properties": {"highway": "footway", "footway": "sidewalk", "name": null, "surface": "asphalt", "lit": "yes", "length_m": 5.54, "type_element": "Way", "__fid": 98704}, "geometry": {"type": "LineString", "coordinates": [[2.3794238, 48.8746896], [2.3794992, 48.8746875]]}}, {"type": "Feature", "properties": {"highway": "footway", "footway": "sidewalk", "name": null, "surface": "asphalt", "lit": "yes", "length_m": 20.27, "type_element": "Way", "__fid": 98705}, "geometry": {"type": "LineString", "coordinates": [[2.3794278, 48.87481789999998], [2.3797041, 48.87482189999998]]}}, {"type": "Feature", "properties": {"highway": "footway", "footway": "crossing", "name": null, "surface": "asphalt", "lit": "yes", "length_m": 11.28, "type_element": "Way", "__fid": 98756}, "geometry": {"type": "LineString", "coordinates": [[2.3794992, 48.8746875], [2.3796491, 48.8747103]]}}, {"type": "Feature", "properties": {"highway": "footway", "footway": "sidewalk", "name": null, "surface": "asphalt", "lit": "yes", "length_m": 75.91, "type_element": "Way", "__fid": 98757}, "geometry": {"type": "LineString", "coordinates": [[2.3794992, 48.8746875], [2.3795462, 48.874637600000014], [2.3796511, 48.874017500000015]]}}, {"type": "Feature", "properties": {"highway": "footway", "footway": null, "name": null, "surface": null, "lit": null, "length_m": 36.09, "type_element": "Way", "__fid": 98768}, "geometry": {"type": "LineString", "coordinates": [[2.3797718, 48.8717836], [2.3795488, 48.8720729]]}}, {"type": "Feature", "properties": {"highway": "footway", "footway": "crossing", "name": null, "surface": "asphalt", "lit": null, "length_m": 18.58, "type_element": "Way", "__fid": 98778}, "geometry": {"type": "LineString", "coordinates": [[2.379507375000049, 48.87624092500004], [2.3795086, 48.876408]]}}, {"type": "Feature", "properties": {"highway": "footway", "footway": "crossing", "name": null, "surface": "asphalt", "lit": "yes", "length_m": 10.22, "type_element": "Way", "__fid": 98779}, "geometry": {"type": "LineString", "coordinates": [[2.379507375000049, 48.87624092500004], [2.3796437, 48.8762219]]}}, {"type": "Feature", "properties": {"highway": "footway", "footway": "crossing", "name": null, "surface": null, "lit": null, "length_m": 19.06, "type_element": "Way", "__fid": 98780}, "geometry": {"type": "LineString", "coordinates": [[2.3797561, 48.8764602], [2.3795086, 48.876408]]}}, {"type": "Feature", "properties": {"highway": "footway", "footway": "sidewalk", "name": null, "surface": "asphalt", "lit": "yes", "length_m": 8.23, "type_element": "Way", "__fid": 98850}, "geometry": {"type": "LineString", "coordinates": [[2.3796588, 48.8729098], [2.3797708, 48.87291370000001]]}}, {"type": "Feature", "properties": {"highway": "footway", "footway": "crossing", "name": null, "surface": "asphalt", "lit": "yes", "length_m": 16.48, "type_element": "Way", "__fid": 98851}, "geometry": {"type": "LineString", "coordinates": [[2.3797446, 48.872772799999986], [2.3796588, 48.8729098]]}}, {"type": "Feature", "properties": {"highway": "footway", "footway": null, "name": null, "surface": null, "lit": null, "length_m": 7.84, "type_element": "Way", "__fid": 98858}, "geometry": {"type": "LineString", "coordinates": [[2.379676, 48.8717523], [2.3797718, 48.8717836]]}}, {"type": "Feature", "properties": {"highway": "footway", "footway": null, "name": null, "surface": null, "lit": null, "length_m": 55.64, "type_element": "Way", "__fid": 98859}, "geometry": {"type": "LineString", "coordinates": [[2.379676, 48.8717523], [2.38002100000015, 48.87130670000004]]}}, {"type": "Feature", "properties": {"highway": "footway", "footway": "crossing", "name": null, "surface": "asphalt", "lit": "yes", "length_m": 9.63, "type_element": "Way", "__fid": 98864}, "geometry": {"type": "LineString", "coordinates": [[2.3797816, 48.8740272], [2.3796511, 48.874017500000015]]}}, {"type": "Feature", "properties": {"highway": "footway", "footway": "sidewalk", "name": null, "surface": "asphalt", "lit": "yes", "length_m": 83.97, "type_element": "Way", "__fid": 98865}, "geometry": {"type": "LineString", "coordinates": [[2.3796511, 48.874017500000015], [2.37969, 48.8738781], [2.3797417, 48.8732656]]}}, {"type": "Feature", "properties": {"highway": "footway", "footway": "sidewalk", "name": null, "surface": "asphalt", "lit": "yes", "length_m": 4.75, "type_element": "Way", "__fid": 98870}, "geometry": {"type": "LineString", "coordinates": [[2.3797018, 48.87473520000001], [2.3796491, 48.8747103]]}}, {"type": "Feature", "properties": {"highway": "footway", "footway": "sidewalk", "name": null, "surface": "asphalt", "lit": "yes", "length_m": 76.58, "type_element": "Way", "__fid": 98871}, "geometry": {"type": "LineString", "coordinates": [[2.3797816, 48.8740272], [2.3796491, 48.8747103]]}}, {"type": "Feature", "properties": {"highway": "footway", "footway": "sidewalk", "name": null, "surface": "asphalt", "lit": null, "length_m": 96.98, "type_element": "Way", "__fid": 98891}, "geometry": {"type": "LineString", "coordinates": [[2.3809218, 48.8760047], [2.3807111, 48.8760589], [2.3804168, 48.8761133], [2.3796437, 48.8762219]]}}, {"type": "Feature", "properties": {"highway": "footway", "footway": "crossing", "name": null, "surface": "asphalt", "lit": "yes", "length_m": 9.64, "type_element": "Way", "__fid": 98932}, "geometry": {"type": "LineString", "coordinates": [[2.3797041, 48.87482189999998], [2.3797018, 48.87473520000001]]}}, {"type": "Feature", "properties": {"highway": "footway", "footway": "sidewalk", "name": null, "surface": "asphalt", "lit": "yes", "length_m": 99.91, "type_element": "Way", "__fid": 98933}, "geometry": {"type": "LineString", "coordinates": [[2.3797018, 48.87473520000001], [2.380544, 48.8747053], [2.3810509, 48.8746327]]}}, {"type": "Feature", "properties": {"highway": "footway", "footway": "sidewalk", "name": null, "surface": "asphalt", "lit": "yes", "length_m": 61.06, "type_element": "Way", "__fid": 98935}, "geometry": {"type": "LineString", "coordinates": [[2.3797041, 48.87482189999998], [2.3805175, 48.8747887], [2.380533900000059, 48.874792700000064]]}}, {"type": "Feature", "properties": {"highway": "footway", "footway": "sidewalk", "name": null, "surface": "asphalt", "lit": "yes", "length_m": 8.64, "type_element": "Way", "__fid": 98947}, "geometry": {"type": "LineString", "coordinates": [[2.3798571, 48.8727959], [2.3797446, 48.872772799999986]]}}, {"type": "Feature", "properties": {"highway": "service", "footway": null, "name": "Allée Gabrielle d'Estrées", "surface": null, "lit": null, "length_m": 2.78, "type_element": "Way", "__fid": 98952}, "geometry": {"type": "LineString", "coordinates": [[2.3797417, 48.8732656], [2.3797794, 48.8732679]]}}, {"type": "Feature", "properties": {"highway": "footway", "footway": "sidewalk", "name": null, "surface": "asphalt", "lit": "yes", "length_m": 39.19, "type_element": "Way", "__fid": 98953}, "geometry": {"type": "LineString", "coordinates": [[2.3797417, 48.8732656], [2.3797708, 48.87291370000001]]}}, {"type": "Feature", "properties": {"highway": "footway", "footway": null, "name": null, "surface": "grass", "lit": null, "length_m": 38.29, "type_element": "Way", "__fid": 98964}, "geometry": {"type": "LineString", "coordinates": [[2.3798225, 48.8771566], [2.379814, 48.8771166], [2.3797115, 48.876895], [2.3797069, 48.8768228]]}}, {"type": "Feature", "properties": {"highway": "steps", "footway": null, "name": null, "surface": "concrete", "lit": "no", "length_m": 44.17, "type_element": "Way", "__fid": 98965}, "geometry": {"type": "LineString", "coordinates": [[2.3797069, 48.8768228], [2.3797009, 48.8767737], [2.3797601, 48.87668879999999], [2.3798205, 48.8765418], [2.3797875, 48.8764635], [2.3797561, 48.8764602]]}}, {"type": "Feature", "properties": {"highway": "pedestrian", "footway": null, "name": "Avenue Darcel", "surface": "asphalt", "lit": "yes", "length_m": 18.16, "type_element": "Way", "__fid": 98966}, "geometry": {"type": "LineString", "coordinates": [[2.3797069, 48.8768228], [2.3799311, 48.8767534]]}}, {"type": "Feature", "properties": {"highway": "footway", "footway": null, "name": null, "surface": null, "lit": null, "length_m": 18.0, "type_element": "Way", "__fid": 98973}, "geometry": {"type": "LineString", "coordinates": [[2.3797718, 48.8717836], [2.3798034, 48.8717428], [2.3799608, 48.8717947]]}}, {"type": "Feature", "properties": {"highway": "pedestrian", "footway": null, "name": "Rue Rampal", "surface": "asphalt", "lit": "yes", "length_m": 79.94, "type_element": "Way", "__fid": 98978}, "geometry": {"type": "LineString", "coordinates": [[2.3797536, 48.8739839], [2.3797243, 48.873880700000015], [2.3797794, 48.8732679]]}}, {"type": "Feature", "properties": {"highway": "footway", "footway": "sidewalk", "name": null, "surface": "asphalt", "lit": "yes", "length_m": 4.53, "type_element": "Way", "__fid": 98980}, "geometry": {"type": "LineString", "coordinates": [[2.3797708, 48.87291370000001], [2.3798325, 48.8729126]]}}, {"type": "Feature", "properties": {"highway": "pedestrian", "footway": null, "name": "Rue Rampal", "surface": "asphalt", "lit": "yes", "length_m": 39.74, "type_element": "Way", "__fid": 98992}, "geometry": {"type": "LineString", "coordinates": [[2.3797794, 48.8732679], [2.3798011, 48.87304180000002], [2.3798325, 48.8729126]]}}, {"type": "Feature", "properties": {"highway": "footway", "footway": "sidewalk", "name": null, "surface": "asphalt", "lit": "yes", "length_m": 3.87, "type_element": "Way", "__fid": 99007}, "geometry": {"type": "LineString", "coordinates": [[2.37982, 48.874003333333334], [2.3797816, 48.8740272]]}}, {"type": "Feature", "properties": {"highway": "footway", "footway": "sidewalk", "name": null, "surface": null, "lit": null, "length_m": 102.64, "type_element": "Way", "__fid": 99014}, "geometry": {"type": "LineString", "coordinates": [[2.3810668, 48.876152], [2.3803797, 48.8762711], [2.3801599, 48.8763206], [2.3799329, 48.8763892], [2.3797561, 48.8764602]]}}, {"type": "Feature", "properties": {"highway": "footway", "footway": "sidewalk", "name": null, "surface": "asphalt", "lit": "yes", "length_m": 5.45, "type_element": "Way", "__fid": 99044}, "geometry": {"type": "LineString", "coordinates": [[2.3799068, 48.8729127], [2.3798325, 48.8729126]]}}, {"type": "Feature", "properties": {"highway": "pedestrian", "footway": null, "name": "Rue Rampal", "surface": "asphalt", "lit": "yes", "length_m": 13.22, "type_element": "Way", "__fid": 99045}, "geometry": {"type": "LineString", "coordinates": [[2.3798325, 48.8729126], [2.379846, 48.8728099], [2.3798571, 48.8727959]]}}, {"type": "Feature", "properties": {"highway": "footway", "footway": "sidewalk", "name": null, "surface": "asphalt", "lit": "yes", "length_m": 128.96, "type_element": "Way", "__fid": 99046}, "geometry": {"type": "LineString", "coordinates": [[2.381463260000264, 48.874414900000126], [2.3799948, 48.87403839999999], [2.37982, 48.874003333333334]]}}, {"type": "Feature", "properties": {"highway": "footway", "footway": "crossing", "name": null, "surface": "asphalt", "lit": "yes", "length_m": 9.2, "type_element": "Way", "__fid": 99047}, "geometry": {"type": "LineString", "coordinates": [[2.3798335, 48.87392109999998], [2.37982, 48.874003333333334]]}}, {"type": "Feature", "properties": {"highway": "footway", "footway": null, "name": null, "surface": "paving_stones", "lit": "no", "length_m": 17.24, "type_element": "Way", "__fid": 99055}, "geometry": {"type": "LineString", "coordinates": [[2.3799608, 48.8717947], [2.3798487, 48.871931]]}}, {"type": "Feature", "properties": {"highway": "footway", "footway": "sidewalk", "name": null, "surface": "asphalt", "lit": "yes", "length_m": 9.78, "type_element": "Way", "__fid": 99062}, "geometry": {"type": "LineString", "coordinates": [[2.3799587, 48.8739513], [2.3798335, 48.87392109999998]]}}, {"type": "Feature", "properties": {"highway": "footway", "footway": "sidewalk", "name": null, "surface": "asphalt", "lit": "yes", "length_m": 113.12, "type_element": "Way", "__fid": 99063}, "geometry": {"type": "LineString", "coordinates": [[2.3798335, 48.87392109999998], [2.3798083, 48.8738981], [2.3797969, 48.8738594], [2.3799068, 48.8729127]]}}, {"type": "Feature", "properties": {"highway": "footway", "footway": "sidewalk", "name": null, "surface": "asphalt", "lit": "yes", "length_m": 7.24, "type_element": "Way", "__fid": 99074}, "geometry": {"type": "LineString", "coordinates": [[2.3799513, 48.8728152], [2.3798571, 48.8727959]]}}, {"type": "Feature", "properties": {"highway": "pedestrian", "footway": null, "name": "Rue de Tourtille", "surface": "paving_stones", "lit": "yes", "length_m": 125.66, "type_element": "Way", "__fid": 99075}, "geometry": {"type": "LineString", "coordinates": [[2.3808106, 48.8719193], [2.3807517, 48.8718901], [2.3799213, 48.872717], [2.3798571, 48.8727959]]}}, {"type": "Feature", "properties": {"highway": "footway", "footway": "sidewalk", "name": null, "surface": "asphalt", "lit": "yes", "length_m": 2.31, "type_element": "Way", "__fid": 99105}, "geometry": {"type": "LineString", "coordinates": [[2.3799068, 48.8729127], [2.3799382, 48.8729107]]}}, {"type": "Feature", "properties": {"highway": "footway", "footway": "sidewalk", "name": null, "surface": "asphalt", "lit": "yes", "length_m": 140.9, "type_element": "Way", "__fid": 99123}, "geometry": {"type": "LineString", "coordinates": [[2.3799382, 48.8729107], [2.3817677, 48.873297]]}}, {"type": "Feature", "properties": {"highway": "footway", "footway": "crossing", "name": null, "surface": "asphalt", "lit": "yes", "length_m": 10.66, "type_element": "Way", "__fid": 99124}, "geometry": {"type": "LineString", "coordinates": [[2.3799513, 48.8728152], [2.3799382, 48.8729107]]}}, {"type": "Feature", "properties": {"highway": "service", "footway": null, "name": "Voie BH/20", "surface": "asphalt", "lit": "no", "length_m": 53.14, "type_element": "Way", "__fid": 99137}, "geometry": {"type": "LineString", "coordinates": [[2.3803291, 48.8713867], [2.3800465, 48.87173879999999], [2.3799608, 48.8717947]]}}, {"type": "Feature", "properties": {"highway": "footway", "footway": "sidewalk", "name": null, "surface": "asphalt", "lit": "yes", "length_m": 98.54, "type_element": "Way", "__fid": 99139}, "geometry": {"type": "LineString", "coordinates": [[2.3812326, 48.8730814], [2.3799513, 48.8728152]]}}, {"type": "Feature", "properties": {"highway": "service", "footway": null, "name": null, "surface": null, "lit": null, "length_m": 4.93, "type_element": "Way", "__fid": 99144}, "geometry": {"type": "LineString", "coordinates": [[2.3799395, 48.8739938], [2.3799587, 48.8739513]]}}, {"type": "Feature", "properties": {"highway": "footway", "footway": "sidewalk", "name": null, "surface": "asphalt", "lit": "yes", "length_m": 125.17, "type_element": "Way", "__fid": 99163}, "geometry": {"type": "LineString", "coordinates": [[2.3815445, 48.874367], [2.3799587, 48.8739513]]}}, {"type": "Feature", "properties": {"highway": "service", "footway": null, "name": null, "surface": null, "lit": null, "length_m": 16.65, "type_element": "Way", "__fid": 99164}, "geometry": {"type": "LineString", "coordinates": [[2.3799587, 48.8739513], [2.3799966, 48.87380369999998]]}}, {"type": "Feature", "properties": {"highway": "footway", "footway": "path", "name": null, "surface": "asphalt", "lit": "yes", "length_m": 81.45, "type_element": "Way", "__fid": 99165}, "geometry": {"type": "LineString", "coordinates": [[2.3808733, 48.876373299999976], [2.3807508, 48.8763999], [2.3804758, 48.876533299999984], [2.380059, 48.8766873], [2.3799311, 48.8767534]]}}, {"type": "Feature", "properties": {"highway": "pedestrian", "footway": null, "name": "Avenue Darcel", "surface": "asphalt", "lit": "yes", "length_m": 49.13, "type_element": "Way", "__fid": 99166}, "geometry": {"type": "LineString", "coordinates": [[2.3799311, 48.8767534], [2.3800609, 48.8767456], [2.380218, 48.8767685], [2.3803546, 48.87681569999999], [2.3805246, 48.87691229999999]]}}, {"type": "Feature", "properties": {"highway": "footway", "footway": "sidewalk", "name": null, "surface": "asphalt", "lit": "yes", "length_m": 51.25, "type_element": "Way", "__fid": 99422}, "geometry": {"type": "LineString", "coordinates": [[2.3803291, 48.8713867], [2.380974300000116, 48.87156356666667]]}}, {"type": "Feature", "properties": {"highway": "service", "footway": null, "name": "Voie BH/20", "surface": "asphalt", "lit": "no", "length_m": 4.44, "type_element": "Way", "__fid": 99423}, "geometry": {"type": "LineString", "coordinates": [[2.380355, 48.8713506], [2.3803291, 48.8713867]]}}, {"type": "Feature", "properties": {"highway": "footway", "footway": "sidewalk", "name": null, "surface": null, "lit": null, "length_m": 110.19, "type_element": "Way", "__fid": 99586}, "geometry": {"type": "LineString", "coordinates": [[2.380533900000059, 48.874792700000064], [2.3810949, 48.87564620000002], [2.3811763, 48.8756744]]}}, {"type": "Feature", "properties": {"highway": "footway", "footway": "crossing", "name": null, "surface": "sett", "lit": "yes", "length_m": 6.52, "type_element": "Way", "__fid": 99587}, "geometry": {"type": "LineString", "coordinates": [[2.38062194, 48.87478458000008], [2.380533900000059, 48.874792700000064]]}}]}