{"type": "FeatureCollection", "features": [{"type": "Feature", "properties": {"@id": "node/918204692", "amenity": "drinking_water", "source": "Eau de Paris", "type_element": "Fontaines à boire", "__fid": 192}, "geometry": {"type": "Point", "coordinates": [2.384276, 48.870851]}, "id": "node/918204692"}, {"type": "Feature", "properties": {"@id": "node/918204839", "amenity": "drinking_water", "artist_name": "Charles-Auguste Lebourg", "description": "Fontaine Wallace", "fountain": "wallace", "source": "Eau de Paris", "wikimedia_commons": "File:Fontaine Wallace (7617246184).jpg", "type_element": "Fontaines à boire", "__fid": 198}, "geometry": {"type": "Point", "coordinates": [2.3860686, 48.8683421]}, "id": "node/918204839"}, {"type": "Feature", "properties": {"@id": "node/918205722", "amenity": "drinking_water", "bottle": "yes", "description": "Petite fontaine Wallace", "drinking_water": "yes", "mapillary": "262402355585250", "operator": "Eau de Paris", "operator:wikidata": "Q3046689", "survey:date": "2017-03-31", "toilets:wheelchair": "no", "wheelchair": "yes", "wikimedia_commons": "File:Wallace fountain, square de Notre-Dame-de-la-Croix, Paris 11 March 2017.jpg", "type_element": "Fontaines à boire", "__fid": 240}, "geometry": {"type": "Point", "coordinates": [2.3881338, 48.8689397]}, "id": "node/918205722"}, {"type": "Feature", "properties": {"@id": "node/3110696849", "amenity": "drinking_water", "type_element": "Fontaines à boire", "__fid": 415}, "geometry": {"type": "Point", "coordinates": [2.386411, 48.870724]}, "id": "node/3110696849"}, {"type": "Feature", "properties": {"@id": "node/4293351072", "amenity": "drinking_water", "source": "survey", "type_element": "Fontaines à boire", "__fid": 477}, "geometry": {"type": "Point", "coordinates": [2.3877031, 48.870816]}, "id": "node/4293351072"}, {"type": "Feature", "properties": {"@id": "node/5446304754", "access": "yes", "amenity": "drinking_water", "description": "Fontaine Wallace", "fee": "no", "fountain": "wallace", "operator": "Eau de Paris", "operator:wikidata": "Q3046689", "source": "survey", "wheelchair": "limited", "wikimedia_commons": "File:P1010862 Paris XIX Boulevard de Belleville Fontaine Wallace reductwk.JPG", "type_element": "Fontaines à boire", "__fid": 543}, "geometry": {"type": "Point", "coordinates": [2.3829402, 48.8671873]}, "id": "node/5446304754"}, {"type": "Feature", "properties": {"@id": "node/5962173151", "amenity": "drinking_water", "man_made": "water_tap", "type_element": "Fontaines à boire", "__fid": 589}, "geometry": {"type": "Point", "coordinates": [2.3840309, 48.8707217]}, "id": "node/5962173151"}, {"type": "Feature", "properties": {"@id": "node/6003307161", "amenity": "drinking_water", "check_date": "2026-01-03", "man_made": "water_tap", "type_element": "Fontaines à boire", "__fid": 594}, "geometry": {"type": "Point", "coordinates": [2.382388, 48.8705852]}, "id": "node/6003307161"}, {"type": "Feature", "properties": {"@id": "node/7295054483", "amenity": "drinking_water", "type_element": "Fontaines à boire", "__fid": 677}, "geometry": {"type": "Point", "coordinates": [2.3851121, 48.8706033]}, "id": "node/7295054483"}, {"type": "Feature", "properties": {"@id": "node/7673991189", "amenity": "drinking_water", "type_element": "Fontaines à boire", "__fid": 687}, "geometry": {"type": "Point", "coordinates": [2.3830547, 48.8708958]}, "id": "node/7673991189"}, {"type": "Feature", "properties": {"@id": "node/7876116885", "amenity": "drinking_water", "man_made": "water_tap", "survey:date": "2020-09-04", "type_element": "Fontaines à boire", "__fid": 696}, "geometry": {"type": "Point", "coordinates": [2.3817976, 48.8684073]}, "id": "node/7876116885"}, {"type": "Feature", "properties": {"@id": "node/13013935210", "amenity": "drinking_water", "survey:date": "2025-07-20", "type_element": "Fontaines à boire", "__fid": 1030}, "geometry": {"type": "Point", "coordinates": [2.3857832, 48.8704931]}, "id": "node/13013935210"}, {"type": "Feature", "properties": {"@id": "node/13935595786", "access": "yes", "amenity": "drinking_water", "bottle": "yes", "fee": "no", "survey:date": "2026-06-13", "wheelchair": "yes", "type_element": "Fontaines à boire", "__fid": 1075}, "geometry": {"type": "Point", "coordinates": [2.3875326, 48.8704915]}, "id": "node/13935595786"}, {"type": "Feature", "geometry": {"type": "Point", "coordinates": [2.382744, 48.870779]}, "properties": {"id": 2689, "name": "Jardin Gabriële Buffet", "categorie": "Parcs, jardins et bois", "photo_url": "https://cdn.paris.fr/eqpts-prod/2022/05/10/7a5331ef5492a93bc21f774533e7e6e9.jpg", "photo_credit": "Romain DUFLOS /Ville de Paris", "photo_alt": null, "address_street": "38 rue de Pali Kao", "address_postcode": "75020", "address_city": "PARIS", "phone": null, "accessibility": "{\"handicaps\": [{\"name\": \"Personnes déficientes visuelles\", \"status\": \"undefined\"}, {\"name\": \"Personnes déficientes auditives\", \"status\": \"undefined\"}, {\"name\": \"Personnes déficientes mentales\", \"status\": \"undefined\"}, {\"name\": \"Personnes à mobilité réduite\", \"status\": \"undefined\"}, {\"name\": \"Accueil en langue des signes\", \"status\": \"undefined\"}]}", "latitude": 48.870779, "longitude": 2.382744, "url": "https://www.paris.fr/lieux/jardin-gabriele-buffet-2689", "type_element": "Parcs, Jardins et Bois", "__fid": 1132}}, {"type": "Feature", "geometry": {"type": "Point", "coordinates": [2.383748, 48.868348]}, "properties": {"id": 2696, "name": "Jardin Maronites Pressoir", "categorie": "Parcs, jardins et bois", "photo_url": "https://cdn.paris.fr/eqpts-prod/2022/09/29/60cc7abac8de23234e738e7bc7c61d33.jpg", "photo_credit": "Sonia Yassa / Ville de Paris", "photo_alt": null, "address_street": "1 rue du Pressoir", "address_postcode": "75020", "address_city": "PARIS", "phone": null, "accessibility": "{\"handicaps\": [{\"name\": \"Personnes à mobilité réduite\", \"status\": \"accessible\"}, {\"name\": \"Personnes déficientes visuelles\", \"status\": \"undefined\"}, {\"name\": \"Personnes déficientes auditives\", \"status\": \"undefined\"}, {\"name\": \"Personnes déficientes mentales\", \"status\": \"undefined\"}, {\"name\": \"Accueil en langue des signes\", \"status\": \"undefined\"}]}", "latitude": 48.868348, "longitude": 2.383748, "url": "https://www.paris.fr/lieux/jardin-maronites-pressoir-2696", "type_element": "Parcs, Jardins et Bois", "__fid": 1134}}, {"type": "Feature", "geometry": {"type": "Point", "coordinates": [2.384951, 48.870321]}, "properties": {"id": 1777, "name": "Parc de Belleville", "categorie": "Parcs, jardins et bois", "photo_url": "https://cdn.paris.fr/eqpts-prod/2025/01/02/1f0a451f25e6526625b669727c7f310a.jpg", "photo_credit": "Frédéric Combeau/Ville de Paris", "photo_alt": null, "address_street": "47 rue des Couronnes", "address_postcode": "75020", "address_city": "PARIS", "phone": null, "accessibility": "{\"handicaps\": [{\"name\": \"Personnes à mobilité réduite\", \"status\": \"accessible\"}, {\"name\": \"Personnes déficientes visuelles\", \"status\": \"undefined\"}, {\"name\": \"Personnes déficientes auditives\", \"status\": \"undefined\"}, {\"name\": \"Personnes déficientes mentales\", \"status\": \"undefined\"}, {\"name\": \"Accueil en langue des signes\", \"status\": \"undefined\"}]}", "latitude": 48.870321, "longitude": 2.384951, "url": "https://www.paris.fr/lieux/parc-de-belleville-1777", "type_element": "Parcs, Jardins et Bois", "__fid": 1314}}, {"type": "Feature", "geometry": {"type": "Point", "coordinates": [2.387559, 48.868811]}, "properties": {"id": 2698, "name": "Square de Notre Dame de la Croix", "categorie": "Parcs, jardins et bois", "photo_url": "https://cdn.paris.fr/eqpts-prod/2022/05/10/5686d329f13833a1f31ba9238602f621.jpg", "photo_credit": "Jean-Pierre Viguié/Ville de Paris", "photo_alt": null, "address_street": "8, rue d'Eupatoria", "address_postcode": "75020", "address_city": "PARIS", "phone": null, "accessibility": "{\"handicaps\": [{\"name\": \"Personnes à mobilité réduite\", \"status\": \"accessible\"}, {\"name\": \"Personnes déficientes visuelles\", \"status\": \"undefined\"}, {\"name\": \"Personnes déficientes auditives\", \"status\": \"undefined\"}, {\"name\": \"Personnes déficientes mentales\", \"status\": \"undefined\"}, {\"name\": \"Accueil en langue des signes\", \"status\": \"undefined\"}]}", "latitude": 48.868811, "longitude": 2.387559, "url": "https://www.paris.fr/lieux/square-de-notre-dame-de-la-croix-2698", "type_element": "Parcs, Jardins et Bois", "__fid": 1377}}, {"type": "Feature", "geometry": {"type": "Point", "coordinates": [2.388495, 48.866141]}, "properties": {"id": 2700, "name": "Square Toussaint Louverture", "categorie": "Parcs, jardins et bois", "photo_url": "https://cdn.paris.fr/eqpts-prod/2022/05/10/b0e7d1157bc2b389377b471556db2805.jpg", "photo_credit": "Sonia Yassa /Ville de Paris", "photo_alt": null, "address_street": "47 rue des Cendriers", "address_postcode": "75020", "address_city": "PARIS", "phone": null, "accessibility": "{\"handicaps\": [{\"name\": \"Personnes à mobilité réduite\", \"status\": \"accessible\"}, {\"name\": \"Personnes déficientes visuelles\", \"status\": \"undefined\"}, {\"name\": \"Personnes déficientes auditives\", \"status\": \"undefined\"}, {\"name\": \"Personnes déficientes mentales\", \"status\": \"undefined\"}, {\"name\": \"Accueil en langue des signes\", \"status\": \"undefined\"}]}", "latitude": 48.866141, "longitude": 2.388495, "url": "https://www.paris.fr/lieux/square-toussaint-louverture-2700", "type_element": "Parcs, Jardins et Bois", "__fid": 1463}}, {"type": "Feature", "geometry": {"type": "Point", "coordinates": [2.38613, 48.870369]}, "properties": {"id": 2748, "name": "Jardin des Couronnes", "categorie": "Parcs, jardins et bois", "photo_url": "https://cdn.paris.fr/eqpts-prod/2022/05/10/166dbbce22381491c427e3fa2580359f.jpg", "photo_credit": "Sonia Yassa/Ville de Paris", "photo_alt": null, "address_street": "rue des Couronnes", "address_postcode": "75020", "address_city": "PARIS", "phone": null, "accessibility": "{\"handicaps\": [{\"name\": \"Personnes à mobilité réduite\", \"status\": \"accessible\"}, {\"name\": \"Personnes déficientes visuelles\", \"status\": \"undefined\"}, {\"name\": \"Personnes déficientes auditives\", \"status\": \"undefined\"}, {\"name\": \"Personnes déficientes mentales\", \"status\": \"undefined\"}, {\"name\": \"Accueil en langue des signes\", \"status\": \"undefined\"}]}", "latitude": 48.870369, "longitude": 2.38613, "url": "https://www.paris.fr/lieux/jardin-des-couronnes-2748", "type_element": "Parcs, Jardins et Bois", "__fid": 1575}}, {"type": "Feature", "properties": {"highway": "footway", "footway": "sidewalk", "name": null, "surface": "asphalt", "lit": "yes", "length_m": 193.0, "type_element": "Way", "__fid": 98026}, "geometry": {"type": "LineString", "coordinates": [[2.381012400000138, 48.87150470000004], [2.378590500000051, 48.87082640000002]]}}, {"type": "Feature", "properties": {"highway": "footway", "footway": "sidewalk", "name": null, "surface": "asphalt", "lit": "yes", "length_m": 167.23, "type_element": "Way", "__fid": 98660}, "geometry": {"type": "LineString", "coordinates": [[2.3794154, 48.870177], [2.3813891, 48.87091920000002], [2.381392166666808, 48.870914400000025]]}}, {"type": "Feature", "properties": {"highway": "footway", "footway": "sidewalk", "name": null, "surface": "asphalt", "lit": "yes", "length_m": 106.83, "type_element": "Way", "__fid": 98710}, "geometry": {"type": "LineString", "coordinates": [[2.3794958, 48.8701099], [2.3795582, 48.8701441], [2.3807473, 48.8705998]]}}, {"type": "Feature", "properties": {"highway": "service", "footway": null, "name": "Rue Dranem", "surface": null, "lit": null, "length_m": 78.42, "type_element": "Way", "__fid": 98885}, "geometry": {"type": "LineString", "coordinates": [[2.379771, 48.8654484], [2.3799723, 48.865503], [2.3800508, 48.8654951], [2.3800795, 48.8654985], [2.3804384, 48.8656152], [2.3804793, 48.8656411], [2.3805208, 48.8657284], [2.3805446, 48.86574980000002], [2.3806397, 48.865782199999984]]}}, {"type": "Feature", "properties": {"highway": "footway", "footway": "sidewalk", "name": null, "surface": "asphalt", "lit": "yes", "length_m": 96.09, "type_element": "Way", "__fid": 99218}, "geometry": {"type": "LineString", "coordinates": [[2.3811968, 48.8701246], [2.3800883, 48.86966420000002]]}}, {"type": "Feature", "properties": {"highway": "footway", "footway": "sidewalk", "name": null, "surface": "asphalt", "lit": "yes", "length_m": 59.74, "type_element": "Way", "__fid": 99312}, "geometry": {"type": "LineString", "coordinates": [[2.3806864, 48.8691674], [2.3801927, 48.8695947]]}}, {"type": "Feature", "properties": {"highway": "footway", "footway": "sidewalk", "name": null, "surface": "sett", "lit": "yes", "length_m": 24.51, "type_element": "Way", "__fid": 99333}, "geometry": {"type": "LineString", "coordinates": [[2.3802553, 48.866298100000016], [2.3805678, 48.866376]]}}, {"type": "Feature", "properties": {"highway": "footway", "footway": "sidewalk", "name": null, "surface": "asphalt", "lit": "yes", "length_m": 63.92, "type_element": "Way", "__fid": 99334}, "geometry": {"type": "LineString", "coordinates": [[2.3806397, 48.865782199999984], [2.3802553, 48.866298100000016]]}}, {"type": "Feature", "properties": {"highway": "footway", "footway": "sidewalk", "name": null, "surface": "asphalt", "lit": "yes", "length_m": 90.65, "type_element": "Way", "__fid": 99354}, "geometry": {"type": "LineString", "coordinates": [[2.381283, 48.87007329999999], [2.3802365, 48.869639700000015]]}}, {"type": "Feature", "properties": {"highway": "footway", "footway": "sidewalk", "name": null, "surface": "asphalt", "lit": "yes", "length_m": 66.74, "type_element": "Way", "__fid": 99355}, "geometry": {"type": "LineString", "coordinates": [[2.3802365, 48.869639700000015], [2.3803056, 48.8695841], [2.3805897, 48.8694697], [2.3808571, 48.8692163]]}}, {"type": "Feature", "properties": {"highway": "service", "footway": null, "name": "Cité Bisson", "surface": null, "lit": null, "length_m": 48.58, "type_element": "Way", "__fid": 99436}, "geometry": {"type": "LineString", "coordinates": [[2.3809389, 48.8703794], [2.3803732, 48.8701523]]}}, {"type": "Feature", "properties": {"highway": "footway", "footway": "traffic_island", "name": null, "surface": null, "lit": "yes", "length_m": 22.28, "type_element": "Way", "__fid": 99490}, "geometry": {"type": "LineString", "coordinates": [[2.3806983, 48.86890729999999], [2.3806101, 48.8689759], [2.3805503, 48.8689748], [2.3804817, 48.8690294]]}}, {"type": "Feature", "properties": {"highway": "footway", "footway": "sidewalk", "name": null, "surface": "asphalt", "lit": "yes", "length_m": 63.31, "type_element": "Way", "__fid": 99501}, "geometry": {"type": "LineString", "coordinates": [[2.3813382, 48.8666891], [2.3805316, 48.86648670000001]]}}, {"type": "Feature", "properties": {"highway": "footway", "footway": "crossing", "name": null, "surface": "asphalt", "lit": "yes", "length_m": 12.5, "type_element": "Way", "__fid": 99502}, "geometry": {"type": "LineString", "coordinates": [[2.3805316, 48.86648670000001], [2.3805973, 48.866383]]}}, {"type": "Feature", "properties": {"highway": "footway", "footway": "crossing", "name": null, "surface": "asphalt", "lit": "yes", "length_m": 20.24, "type_element": "Way", "__fid": 99509}, "geometry": {"type": "LineString", "coordinates": [[2.3806864, 48.8691674], [2.3806164, 48.869142], [2.3805283, 48.8690966], [2.3805323, 48.8690752], [2.3805067, 48.8690457]]}}, {"type": "Feature", "properties": {"highway": "footway", "footway": "crossing", "name": null, "surface": "asphalt", "lit": "yes", "length_m": 16.92, "type_element": "Way", "__fid": 99521}, "geometry": {"type": "LineString", "coordinates": [[2.3805261, 48.8688061], [2.3806983, 48.86890729999999]]}}, {"type": "Feature", "properties": {"highway": "footway", "footway": "sidewalk", "name": null, "surface": "asphalt", "lit": "yes", "length_m": 86.64, "type_element": "Way", "__fid": 99522}, "geometry": {"type": "LineString", "coordinates": [[2.3805261, 48.8688061], [2.3813106, 48.8682236]]}}, {"type": "Feature", "properties": {"highway": "footway", "footway": "sidewalk", "name": null, "surface": "asphalt", "lit": "yes", "length_m": 2.3, "type_element": "Way", "__fid": 99532}, "geometry": {"type": "LineString", "coordinates": [[2.3805678, 48.866376], [2.3805973, 48.866383]]}}, {"type": "Feature", "properties": {"highway": "footway", "footway": "sidewalk", "name": null, "surface": null, "lit": "yes", "length_m": 191.96, "type_element": "Way", "__fid": 99533}, "geometry": {"type": "LineString", "coordinates": [[2.3817525, 48.8648368], [2.3805678, 48.866376]]}}, {"type": "Feature", "properties": {"highway": "footway", "footway": "sidewalk", "name": null, "surface": "asphalt", "lit": "yes", "length_m": 52.0, "type_element": "Way", "__fid": 99560}, "geometry": {"type": "LineString", "coordinates": [[2.3812649, 48.8665385], [2.3812025, 48.8665308], [2.3805973, 48.866383]]}}, {"type": "Feature", "properties": {"highway": "service", "footway": null, "name": "Rue Dranem", "surface": null, "lit": null, "length_m": 4.35, "type_element": "Way", "__fid": 99583}, "geometry": {"type": "LineString", "coordinates": [[2.3806397, 48.865782199999984], [2.3806936, 48.8657986]]}}, {"type": "Feature", "properties": {"highway": "footway", "footway": "sidewalk", "name": null, "surface": "asphalt", "lit": "yes", "length_m": 175.33, "type_element": "Way", "__fid": 99584}, "geometry": {"type": "LineString", "coordinates": [[2.3816938, 48.8643696], [2.3816898, 48.864401500000014], [2.3806397, 48.865782199999984]]}}, {"type": "Feature", "properties": {"highway": "service", "footway": null, "name": "Boulevard de Belleville", "surface": "asphalt", "lit": "yes", "length_m": 15.26, "type_element": "Way", "__fid": 99628}, "geometry": {"type": "LineString", "coordinates": [[2.380818, 48.8689789], [2.380735, 48.8690385], [2.3806526, 48.8690531]]}}, {"type": "Feature", "properties": {"highway": "service", "footway": null, "name": "Impasse Questre", "surface": null, "lit": "yes", "length_m": 54.56, "type_element": "Way", "__fid": 99649}, "geometry": {"type": "LineString", "coordinates": [[2.3813106, 48.8682236], [2.3806905, 48.86795260000002]]}}, {"type": "Feature", "properties": {"highway": "footway", "footway": "sidewalk", "name": null, "surface": "asphalt", "lit": "yes", "length_m": 13.65, "type_element": "Way", "__fid": 99655}, "geometry": {"type": "LineString", "coordinates": [[2.3808571, 48.8692163], [2.3806864, 48.8691674]]}}, {"type": "Feature", "properties": {"highway": "footway", "footway": "crossing", "name": null, "surface": "asphalt", "lit": "yes", "length_m": 19.53, "type_element": "Way", "__fid": 99656}, "geometry": {"type": "LineString", "coordinates": [[2.3806864, 48.8691674], [2.3808519, 48.8690298]]}}, {"type": "Feature", "properties": {"highway": "footway", "footway": "crossing", "name": null, "surface": "asphalt", "lit": "yes", "length_m": 11.85, "type_element": "Way", "__fid": 99667}, "geometry": {"type": "LineString", "coordinates": [[2.3806983, 48.86890729999999], [2.380818, 48.8689789]]}}, {"type": "Feature", "properties": {"highway": "footway", "footway": "sidewalk", "name": null, "surface": "asphalt", "lit": "yes", "length_m": 261.71, "type_element": "Way", "__fid": 99668}, "geometry": {"type": "LineString", "coordinates": [[2.3806983, 48.86890729999999], [2.3831019, 48.867168]]}}, {"type": "Feature", "properties": {"highway": "service", "footway": null, "name": "Cité Bisson", "surface": null, "lit": null, "length_m": 4.17, "type_element": "Way", "__fid": 99682}, "geometry": {"type": "LineString", "coordinates": [[2.380719, 48.8706323], [2.3807473, 48.8705998]]}}, {"type": "Feature", "properties": {"highway": "footway", "footway": "sidewalk", "name": null, "surface": "asphalt", "lit": "yes", "length_m": 57.71, "type_element": "Way", "__fid": 99693}, "geometry": {"type": "LineString", "coordinates": [[2.3807473, 48.8705998], [2.381429900000076, 48.87085783333334]]}}, {"type": "Feature", "properties": {"highway": "service", "footway": null, "name": "Cité Bisson", "surface": null, "lit": null, "length_m": 28.25, "type_element": "Way", "__fid": 99694}, "geometry": {"type": "LineString", "coordinates": [[2.3807473, 48.8705998], [2.3809389, 48.8703794]]}}, {"type": "Feature", "properties": {"highway": "footway", "footway": "sidewalk", "name": null, "surface": null, "lit": "yes", "length_m": 5.71, "type_element": "Way", "__fid": 99714}, "geometry": {"type": "LineString", "coordinates": [[2.380818, 48.8689789], [2.3808712, 48.869016399999985]]}}, {"type": "Feature", "properties": {"highway": "service", "footway": null, "name": "Boulevard de Belleville", "surface": "asphalt", "lit": "yes", "length_m": 232.1, "type_element": "Way", "__fid": 99715}, "geometry": {"type": "LineString", "coordinates": [[2.3828715, 48.8674056], [2.3828631, 48.86746430000002], [2.380818, 48.8689789]]}}, {"type": "Feature", "properties": {"highway": "footway", "footway": "sidewalk", "name": null, "surface": "paving_stones", "lit": "yes", "length_m": 11.55, "type_element": "Way", "__fid": 99731}, "geometry": {"type": "LineString", "coordinates": [[2.3808519, 48.8690298], [2.380968, 48.8691]]}}, {"type": "Feature", "properties": {"highway": "footway", "footway": "sidewalk", "name": null, "surface": "concrete", "lit": "yes", "length_m": 2.06, "type_element": "Way", "__fid": 99732}, "geometry": {"type": "LineString", "coordinates": [[2.3808519, 48.8690298], [2.3808712, 48.869016399999985]]}}, {"type": "Feature", "properties": {"highway": "footway", "footway": "sidewalk", "name": null, "surface": "asphalt", "lit": "yes", "length_m": 6.67, "type_element": "Way", "__fid": 99737}, "geometry": {"type": "LineString", "coordinates": [[2.3809417, 48.8692384], [2.3808571, 48.8692163]]}}, {"type": "Feature", "properties": {"highway": "footway", "footway": "sidewalk", "name": null, "surface": "concrete", "lit": "yes", "length_m": 186.94, "type_element": "Way", "__fid": 99746}, "geometry": {"type": "LineString", "coordinates": [[2.3808712, 48.869016399999985], [2.3825723, 48.8677646]]}}, {"type": "Feature", "properties": {"highway": "service", "footway": null, "name": "Boulevard de Belleville", "surface": "asphalt", "lit": "yes", "length_m": 9.1, "type_element": "Way", "__fid": 99758}, "geometry": {"type": "LineString", "coordinates": [[2.3808847, 48.86916060000002], [2.380968, 48.8691]]}}, {"type": "Feature", "properties": {"highway": "footway", "footway": "sidewalk", "name": null, "surface": "asphalt", "lit": "yes", "length_m": 92.99, "type_element": "Way", "__fid": 99787}, "geometry": {"type": "LineString", "coordinates": [[2.3820441, 48.8696512], [2.3809417, 48.8692384]]}}, {"type": "Feature", "properties": {"highway": "footway", "footway": "crossing", "name": null, "surface": null, "lit": "yes", "length_m": 10.97, "type_element": "Way", "__fid": 99788}, "geometry": {"type": "LineString", "coordinates": [[2.3809417, 48.8692384], [2.3810247, 48.8691563]]}}, {"type": "Feature", "properties": {"highway": "service", "footway": null, "name": "Cité Bisson", "surface": null, "lit": null, "length_m": 34.12, "type_element": "Way", "__fid": 99799}, "geometry": {"type": "LineString", "coordinates": [[2.3809389, 48.8703794], [2.381, 48.87033120000001], [2.3811968, 48.8701246]]}}, {"type": "Feature", "properties": {"highway": "footway", "footway": "sidewalk", "name": null, "surface": "asphalt", "lit": "yes", "length_m": 4.77, "type_element": "Way", "__fid": 99807}, "geometry": {"type": "LineString", "coordinates": [[2.380968, 48.8691], [2.3810139, 48.8691304]]}}, {"type": "Feature", "properties": {"highway": "service", "footway": null, "name": "Boulevard de Belleville", "surface": "asphalt", "lit": "yes", "length_m": 120.6, "type_element": "Way", "__fid": 99808}, "geometry": {"type": "LineString", "coordinates": [[2.380968, 48.8691], [2.3820539, 48.8682857]]}}, {"type": "Feature", "properties": {"highway": "footway", "footway": "sidewalk", "name": null, "surface": null, "lit": "yes", "length_m": 2.99, "type_element": "Way", "__fid": 99847}, "geometry": {"type": "LineString", "coordinates": [[2.3810247, 48.8691563], [2.3810139, 48.8691304]]}}, {"type": "Feature", "properties": {"highway": "footway", "footway": "sidewalk", "name": null, "surface": null, "lit": "yes", "length_m": 121.25, "type_element": "Way", "__fid": 99848}, "geometry": {"type": "LineString", "coordinates": [[2.3810139, 48.8691304], [2.3821238, 48.8683224]]}}, {"type": "Feature", "properties": {"highway": "footway", "footway": "sidewalk", "name": null, "surface": null, "lit": "yes", "length_m": 91.66, "type_element": "Way", "__fid": 99866}, "geometry": {"type": "LineString", "coordinates": [[2.382101540000045, 48.86957446000002], [2.3810247, 48.8691563]]}}, {"type": "Feature", "properties": {"highway": "footway", "footway": "sidewalk", "name": null, "surface": "asphalt", "lit": "yes", "length_m": 64.36, "type_element": "Way", "__fid": 99908}, "geometry": {"type": "LineString", "coordinates": [[2.381391733333181, 48.87096803333346], [2.3810459, 48.8715]]}}, {"type": "Feature", "properties": {"highway": "footway", "footway": null, "name": null, "surface": null, "lit": null, "length_m": 37.34, "type_element": "Way", "__fid": 99959}, "geometry": {"type": "LineString", "coordinates": [[2.3813872, 48.8703704], [2.3813839, 48.87045730000001], [2.381357, 48.8704997], [2.3812605, 48.8704979], [2.3811438, 48.87061389999999]]}}, {"type": "Feature", "properties": {"highway": "footway", "footway": "sidewalk", "name": null, "surface": "asphalt", "lit": "yes", "length_m": 64.08, "type_element": "Way", "__fid": 99963}, "geometry": {"type": "LineString", "coordinates": [[2.381137199999971, 48.87152156666671], [2.381477, 48.8709907]]}}, {"type": "Feature", "properties": {"highway": "footway", "footway": null, "name": "Villa des Trois Couronnes", "surface": null, "lit": null, "length_m": 75.73, "type_element": "Way", "__fid": 99970}, "geometry": {"type": "LineString", "coordinates": [[2.381283, 48.87007329999999], [2.3815808, 48.8697651], [2.3811671, 48.8696066]]}}, {"type": "Feature", "properties": {"highway": "footway", "footway": "sidewalk", "name": null, "surface": "asphalt", "lit": "yes", "length_m": 44.7, "type_element": "Way", "__fid": 100008}, "geometry": {"type": "LineString", "coordinates": [[2.381714400000047, 48.87033676666667], [2.3811968, 48.8701246]]}}, {"type": "Feature", "properties": {"highway": "service", "footway": null, "name": "Cité Bisson", "surface": null, "lit": null, "length_m": 4.01, "type_element": "Way", "__fid": 100009}, "geometry": {"type": "LineString", "coordinates": [[2.3811968, 48.8701246], [2.3812265, 48.8700943]]}}, {"type": "Feature", "properties": {"highway": "footway", "footway": "crossing", "name": null, "surface": "asphalt", "lit": "yes", "length_m": 9.82, "type_element": "Way", "__fid": 100028}, "geometry": {"type": "LineString", "coordinates": [[2.3813896, 48.8665707], [2.3812649, 48.8665385]]}}, {"type": "Feature", "properties": {"highway": "footway", "footway": "sidewalk", "name": null, "surface": null, "lit": "yes", "length_m": 190.62, "type_element": "Way", "__fid": 100029}, "geometry": {"type": "LineString", "coordinates": [[2.3812649, 48.8665385], [2.3821134, 48.8653632], [2.3822495, 48.8652476], [2.382563, 48.8650899], [2.382571266666476, 48.865092300000136]]}}, {"type": "Feature", "properties": {"highway": "footway", "footway": "sidewalk", "name": null, "surface": "asphalt", "lit": "yes", "length_m": 40.89, "type_element": "Way", "__fid": 100087}, "geometry": {"type": "LineString", "coordinates": [[2.3817555, 48.8702684], [2.381283, 48.87007329999999]]}}, {"type": "Feature", "properties": {"highway": "service", "footway": null, "name": "Impasse Questre", "surface": null, "lit": "yes", "length_m": 6.34, "type_element": "Way", "__fid": 100097}, "geometry": {"type": "LineString", "coordinates": [[2.3813807, 48.8682569], [2.3813106, 48.8682236]]}}, {"type": "Feature", "properties": {"highway": "footway", "footway": "sidewalk", "name": null, "surface": null, "lit": "yes", "length_m": 5.48, "type_element": "Way", "__fid": 100098}, "geometry": {"type": "LineString", "coordinates": [[2.3813106, 48.8682236], [2.3813585, 48.8681858]]}}, {"type": "Feature", "properties": {"highway": "footway", "footway": "sidewalk", "name": null, "surface": "asphalt", "lit": "yes", "length_m": 106.62, "type_element": "Way", "__fid": 100107}, "geometry": {"type": "LineString", "coordinates": [[2.3826995, 48.86702490000001], [2.3813382, 48.8666891]]}}, {"type": "Feature", "properties": {"highway": "footway", "footway": "crossing", "name": null, "surface": "asphalt", "lit": "yes", "length_m": 13.62, "type_element": "Way", "__fid": 100108}, "geometry": {"type": "LineString", "coordinates": [[2.3813382, 48.8666891], [2.381421, 48.8665795]]}}, {"type": "Feature", "properties": {"highway": "footway", "footway": "crossing", "name": null, "surface": null, "lit": "yes", "length_m": 9.36, "type_element": "Way", "__fid": 100147}, "geometry": {"type": "LineString", "coordinates": [[2.3813585, 48.8681858], [2.3814595, 48.86823720000001]]}}, {"type": "Feature", "properties": {"highway": "footway", "footway": "sidewalk", "name": null, "surface": "asphalt", "lit": "yes", "length_m": 42.41, "type_element": "Way", "__fid": 100148}, "geometry": {"type": "LineString", "coordinates": [[2.3813585, 48.8681858], [2.3817414, 48.8679001]]}}, {"type": "Feature", "properties": {"highway": "footway", "footway": null, "name": null, "surface": null, "lit": null, "length_m": 5.41, "type_element": "Way", "__fid": 100151}, "geometry": {"type": "LineString", "coordinates": [[2.3813872, 48.8703704], [2.3813356, 48.87033560000001]]}}, {"type": "Feature", "properties": {"highway": "footway", "footway": "sidewalk", "name": null, "surface": "asphalt", "lit": "yes", "length_m": 2.5, "type_element": "Way", "__fid": 100160}, "geometry": {"type": "LineString", "coordinates": [[2.381421, 48.8665795], [2.3813896, 48.8665707]]}}, {"type": "Feature", "properties": {"highway": "footway", "footway": "sidewalk", "name": null, "surface": null, "lit": "yes", "length_m": 189.66, "type_element": "Way", "__fid": 100161}, "geometry": {"type": "LineString", "coordinates": [[2.3826931, 48.8651305], [2.3823126, 48.8653226], [2.3821932, 48.8654505], [2.3813896, 48.8665707]]}}, {"type": "Feature", "properties": {"highway": "footway", "footway": "sidewalk", "name": null, "surface": "asphalt", "lit": "yes", "length_m": 27.93, "type_element": "Way", "__fid": 100181}, "geometry": {"type": "LineString", "coordinates": [[2.381421, 48.8665795], [2.381775, 48.8666719]]}}, {"type": "Feature", "properties": {"highway": "footway", "footway": null, "name": null, "surface": null, "lit": null, "length_m": 23.5, "type_element": "Way", "__fid": 100195}, "geometry": {"type": "LineString", "coordinates": [[2.3816915, 48.87043640000002], [2.3813872, 48.8703704]]}}, {"type": "Feature", "properties": {"highway": "footway", "footway": "sidewalk", "name": null, "surface": "asphalt", "lit": "yes", "length_m": 6.36, "type_element": "Way", "__fid": 100205}, "geometry": {"type": "LineString", "coordinates": [[2.381392166666808, 48.870914400000025], [2.3813842, 48.8709659], [2.381391733333181, 48.87096803333346]]}}, {"type": "Feature", "properties": {"highway": "footway", "footway": "crossing", "name": null, "surface": "asphalt", "lit": "yes", "length_m": 6.87, "type_element": "Way", "__fid": 100206}, "geometry": {"type": "LineString", "coordinates": [[2.381392166666808, 48.870914400000025], [2.381429900000076, 48.87085783333334]]}}, {"type": "Feature", "properties": {"highway": "footway", "footway": "crossing", "name": null, "surface": "asphalt", "lit": "yes", "length_m": 6.74, "type_element": "Way", "__fid": 100211}, "geometry": {"type": "LineString", "coordinates": [[2.381477, 48.8709907], [2.381391733333181, 48.87096803333346]]}}, {"type": "Feature", "properties": {"highway": "footway", "footway": "sidewalk", "name": null, "surface": "asphalt", "lit": "yes", "length_m": 2.32, "type_element": "Way", "__fid": 100252}, "geometry": {"type": "LineString", "coordinates": [[2.381429900000076, 48.87085783333334], [2.381458833333264, 48.87084943333339]]}}, {"type": "Feature", "properties": {"highway": "footway", "footway": "crossing", "name": null, "surface": "asphalt", "lit": "yes", "length_m": 6.34, "type_element": "Way", "__fid": 100268}, "geometry": {"type": "LineString", "coordinates": [[2.381458833333264, 48.87084943333339], [2.381540333333176, 48.87086846666681]]}}, {"type": "Feature", "properties": {"highway": "footway", "footway": "sidewalk", "name": null, "surface": null, "lit": "yes", "length_m": 49.0, "type_element": "Way", "__fid": 100269}, "geometry": {"type": "LineString", "coordinates": [[2.381458833333264, 48.87084943333339], [2.3816915, 48.87043640000002]]}}, {"type": "Feature", "properties": {"highway": "footway", "footway": "sidewalk", "name": null, "surface": "asphalt", "lit": "yes", "length_m": 4.34, "type_element": "Way", "__fid": 100285}, "geometry": {"type": "LineString", "coordinates": [[2.381477, 48.8709907], [2.3815304, 48.870973800000016]]}}, {"type": "Feature", "properties": {"highway": "footway", "footway": "sidewalk", "name": null, "surface": null, "lit": "yes", "length_m": 45.58, "type_element": "Way", "__fid": 100322}, "geometry": {"type": "LineString", "coordinates": [[2.3815304, 48.870973800000016], [2.381978, 48.87103470000002], [2.381954, 48.8711306], [2.3819409, 48.8711378]]}}, {"type": "Feature", "properties": {"highway": "footway", "footway": "crossing", "name": null, "surface": "asphalt", "lit": "yes", "length_m": 9.67, "type_element": "Way", "__fid": 100323}, "geometry": {"type": "LineString", "coordinates": [[2.3815304, 48.870973800000016], [2.381582, 48.8708938]]}}, {"type": "Feature", "properties": {"highway": "footway", "footway": "sidewalk", "name": null, "surface": "asphalt", "lit": "yes", "length_m": 4.16, "type_element": "Way", "__fid": 100332}, "geometry": {"type": "LineString", "coordinates": [[2.381582, 48.8708938], [2.381540333333176, 48.87086846666681]]}}, {"type": "Feature", "properties": {"highway": "footway", "footway": "sidewalk", "name": null, "surface": null, "lit": "yes", "length_m": 28.65, "type_element": "Way", "__fid": 100333}, "geometry": {"type": "LineString", "coordinates": [[2.3816941, 48.87063159999999], [2.381540333333176, 48.87086846666681]]}}, {"type": "Feature", "properties": {"highway": "footway", "footway": "sidewalk", "name": null, "surface": null, "lit": "yes", "length_m": 42.51, "type_element": "Way", "__fid": 100366}, "geometry": {"type": "LineString", "coordinates": [[2.381582, 48.8708938], [2.3821, 48.8709588], [2.382139766666592, 48.870936500000056]]}}, {"type": "Feature", "properties": {"highway": "pedestrian", "footway": null, "name": null, "surface": null, "lit": null, "length_m": 4.06, "type_element": "Way", "__fid": 100400}, "geometry": {"type": "LineString", "coordinates": [[2.3816466, 48.8706129], [2.3816941, 48.87063159999999]]}}, {"type": "Feature", "properties": {"highway": "footway", "footway": "sidewalk", "name": null, "surface": null, "lit": "yes", "length_m": 8.67, "type_element": "Way", "__fid": 100438}, "geometry": {"type": "LineString", "coordinates": [[2.3816915, 48.87043640000002], [2.3817336, 48.8703685], [2.381740266666572, 48.870369966666765]]}}, {"type": "Feature", "properties": {"highway": "service", "footway": null, "name": "Cité Durmar", "surface": null, "lit": null, "length_m": 6.29, "type_element": "Way", "__fid": 100442}, "geometry": {"type": "LineString", "coordinates": [[2.3817382, 48.866723], [2.381775, 48.8666719]]}}, {"type": "Feature", "properties": {"highway": "pedestrian", "footway": null, "name": null, "surface": null, "lit": null, "length_m": 44.91, "type_element": "Way", "__fid": 100443}, "geometry": {"type": "LineString", "coordinates": [[2.3816941, 48.87063159999999], [2.382214, 48.8708449]]}}, {"type": "Feature", "properties": {"highway": "footway", "footway": "sidewalk", "name": null, "surface": null, "lit": "yes", "length_m": 28.67, "type_element": "Way", "__fid": 100444}, "geometry": {"type": "LineString", "coordinates": [[2.3818465, 48.870394200000014], [2.3816941, 48.87063159999999]]}}, {"type": "Feature", "properties": {"highway": "footway", "footway": "crossing", "name": null, "surface": null, "lit": "yes", "length_m": 9.45, "type_element": "Way", "__fid": 100451}, "geometry": {"type": "LineString", "coordinates": [[2.3817414, 48.8679001], [2.381843, 48.867952399999986]]}}, {"type": "Feature", "properties": {"highway": "footway", "footway": "sidewalk", "name": null, "surface": null, "lit": "yes", "length_m": 118.41, "type_element": "Way", "__fid": 100452}, "geometry": {"type": "LineString", "coordinates": [[2.3817414, 48.8679001], [2.3826603, 48.8672197], [2.3827444, 48.8670765]]}}, {"type": "Feature", "properties": {"highway": "footway", "footway": "sidewalk", "name": null, "surface": null, "lit": "yes", "length_m": 4.15, "type_element": "Way", "__fid": 100456}, "geometry": {"type": "LineString", "coordinates": [[2.381740266666572, 48.870369966666765], [2.381714400000047, 48.87033676666667]]}}, {"type": "Feature", "properties": {"highway": "footway", "footway": "crossing", "name": null, "surface": "asphalt", "lit": "yes", "length_m": 8.18, "type_element": "Way", "__fid": 100457}, "geometry": {"type": "LineString", "coordinates": [[2.381714400000047, 48.87033676666667], [2.3817555, 48.8702684]]}}, {"type": "Feature", "properties": {"highway": "footway", "footway": "sidewalk", "name": null, "surface": "asphalt", "lit": "yes", "length_m": 77.17, "type_element": "Way", "__fid": 100478}, "geometry": {"type": "LineString", "coordinates": [[2.381775, 48.8666719], [2.3827598, 48.8669159]]}}, {"type": "Feature", "properties": {"highway": "service", "footway": null, "name": "Cité Durmar", "surface": null, "lit": null, "length_m": 134.36, "type_element": "Way", "__fid": 100479}, "geometry": {"type": "LineString", "coordinates": [[2.381775, 48.8666719], [2.3825344, 48.8655723]]}}, {"type": "Feature", "properties": {"highway": "footway", "footway": "crossing", "name": null, "surface": "asphalt", "lit": "yes", "length_m": 8.25, "type_element": "Way", "__fid": 100483}, "geometry": {"type": "LineString", "coordinates": [[2.381740266666572, 48.870369966666765], [2.3818465, 48.870394200000014]]}}, {"type": "Feature", "properties": {"highway": "footway", "footway": "sidewalk", "name": null, "surface": null, "lit": "yes", "length_m": 68.9, "type_element": "Way", "__fid": 100494}, "geometry": {"type": "LineString", "coordinates": [[2.3817555, 48.8702684], [2.3817878, 48.8702695], [2.3821128, 48.8697109]]}}, {"type": "Feature", "properties": {"highway": "footway", "footway": "crossing", "name": null, "surface": null, "lit": "yes", "length_m": 3.58, "type_element": "Way", "__fid": 100521}, "geometry": {"type": "LineString", "coordinates": [[2.3818341, 48.8702848], [2.381790399999978, 48.87027043333333]]}}, {"type": "Feature", "properties": {"highway": "footway", "footway": "crossing", "name": null, "surface": null, "lit": "yes", "length_m": 4.41, "type_element": "Way", "__fid": 100552}, "geometry": {"type": "LineString", "coordinates": [[2.3818888, 48.870301200000014], [2.3818341, 48.8702848]]}}, {"type": "Feature", "properties": {"highway": "pedestrian", "footway": null, "name": "Rue Francis Picabia", "surface": "asphalt", "lit": "yes", "length_m": 9.7, "type_element": "Way", "__fid": 100553}, "geometry": {"type": "LineString", "coordinates": [[2.3818341, 48.8702848], [2.3818093, 48.87032580000001], [2.3818656, 48.8703476]]}}, {"type": "Feature", "properties": {"highway": "pedestrian", "footway": null, "name": "Rue Francis Picabia", "surface": "asphalt", "lit": "yes", "length_m": 67.01, "type_element": "Way", "__fid": 100554}, "geometry": {"type": "LineString", "coordinates": [[2.3818341, 48.8702848], [2.3821698, 48.869724300000016]]}}, {"type": "Feature", "properties": {"highway": "footway", "footway": "sidewalk", "name": null, "surface": "concrete", "lit": "yes", "length_m": 5.37, "type_element": "Way", "__fid": 100566}, "geometry": {"type": "LineString", "coordinates": [[2.3818656, 48.8703476], [2.3818465, 48.870394200000014]]}}, {"type": "Feature", "properties": {"highway": "pedestrian", "footway": null, "name": "Rue de Pali-Kao", "surface": "paving_stones", "lit": "yes", "length_m": 49.37, "type_element": "Way", "__fid": 100583}, "geometry": {"type": "LineString", "coordinates": [[2.3818656, 48.8703476], [2.3824435, 48.8705751]]}}, {"type": "Feature", "properties": {"highway": "footway", "footway": "sidewalk", "name": null, "surface": "concrete", "lit": "yes", "length_m": 5.43, "type_element": "Way", "__fid": 100584}, "geometry": {"type": "LineString", "coordinates": [[2.3818888, 48.870301200000014], [2.3818656, 48.8703476]]}}, {"type": "Feature", "properties": {"highway": "footway", "footway": "sidewalk", "name": null, "surface": null, "lit": "yes", "length_m": 67.34, "type_element": "Way", "__fid": 100593}, "geometry": {"type": "LineString", "coordinates": [[2.3822137, 48.8697348], [2.3818888, 48.870301200000014]]}}, {"type": "Feature", "properties": {"highway": "footway", "footway": null, "name": null, "surface": null, "lit": null, "length_m": 36.29, "type_element": "Way", "__fid": 100603}, "geometry": {"type": "LineString", "coordinates": [[2.3820026, 48.86918240000002], [2.3820457, 48.86928190000001], [2.3819171, 48.869488]]}}, {"type": "Feature", "properties": {"highway": "service", "footway": null, "name": "Square du Nouveau Belleville", "surface": null, "lit": null, "length_m": 72.5, "type_element": "Way", "__fid": 100668}, "geometry": {"type": "LineString", "coordinates": [[2.3821909, 48.8685891], [2.3822845, 48.8687207], [2.382293, 48.8687441], [2.3822846, 48.8687759], [2.3820534, 48.86914870000001], [2.3820026, 48.86918240000002]]}}, {"type": "Feature", "properties": {"highway": "service", "footway": null, "name": null, "surface": "paving_stones", "lit": "yes", "length_m": 6.55, "type_element": "Way", "__fid": 100689}, "geometry": {"type": "LineString", "coordinates": [[2.3820539, 48.8682857], [2.3821238, 48.8683224]]}}, {"type": "Feature", "properties": {"highway": "service", "footway": null, "name": "Boulevard de Belleville", "surface": "asphalt", "lit": "yes", "length_m": 10.68, "type_element": "Way", "__fid": 100690}, "geometry": {"type": "LineString", "coordinates": [[2.3820539, 48.8682857], [2.38215, 48.86821350000001]]}}, {"type": "Feature", "properties": {"highway": "footway", "footway": "sidewalk", "name": null, "surface": "asphalt", "lit": "yes", "length_m": 8.9, "type_element": "Way", "__fid": 100702}, "geometry": {"type": "LineString", "coordinates": [[2.3821128, 48.8697109], [2.3820896, 48.86966779999999], [2.3820441, 48.8696512]]}}, {"type": "Feature", "properties": {"highway": "footway", "footway": "crossing", "name": null, "surface": null, "lit": "yes", "length_m": 9.52, "type_element": "Way", "__fid": 100703}, "geometry": {"type": "LineString", "coordinates": [[2.3820441, 48.8696512], [2.382101540000045, 48.86957446000002]]}}, {"type": "Feature", "properties": {"highway": "footway", "footway": "sidewalk", "name": null, "surface": null, "lit": "yes", "length_m": 74.96, "type_element": "Way", "__fid": 100747}, "geometry": {"type": "LineString", "coordinates": [[2.382101540000045, 48.86957446000002], [2.3821479, 48.8695648], [2.3826882, 48.8690308]]}}, {"type": "Feature", "properties": {"highway": "service", "footway": null, "name": null, "surface": "paving_stones", "lit": "yes", "length_m": 7.07, "type_element": "Way", "__fid": 100750}, "geometry": {"type": "LineString", "coordinates": [[2.3821238, 48.8683224], [2.3821991, 48.8683621]]}}, {"type": "Feature", "properties": {"highway": "footway", "footway": "sidewalk", "name": null, "surface": null, "lit": "yes", "length_m": 10.59, "type_element": "Way", "__fid": 100751}, "geometry": {"type": "LineString", "coordinates": [[2.3821238, 48.8683224], [2.3822162, 48.8682492]]}}, {"type": "Feature", "properties": {"highway": "footway", "footway": "crossing", "name": null, "surface": null, "lit": "yes", "length_m": 4.44, "type_element": "Way", "__fid": 100758}, "geometry": {"type": "LineString", "coordinates": [[2.3821128, 48.8697109], [2.3821698, 48.869724300000016]]}}, {"type": "Feature", "properties": {"highway": "footway", "footway": null, "name": null, "surface": "asphalt", "lit": "no", "length_m": 6.27, "type_element": "Way", "__fid": 100771}, "geometry": {"type": "LineString", "coordinates": [[2.38215, 48.86821350000001], [2.3822162, 48.8682492]]}}, {"type": "Feature", "properties": {"highway": "service", "footway": null, "name": "Boulevard de Belleville", "surface": "asphalt", "lit": "yes", "length_m": 58.87, "type_element": "Way", "__fid": 100772}, "geometry": {"type": "LineString", "coordinates": [[2.38215, 48.86821350000001], [2.3826797, 48.8678158]]}}, {"type": "Feature", "properties": {"highway": "footway", "footway": "crossing", "name": null, "surface": null, "lit": "yes", "length_m": 12.6, "type_element": "Way", "__fid": 100780}, "geometry": {"type": "LineString", "coordinates": [[2.382150966666621, 48.86956633333335], [2.3823018, 48.8696206]]}}, {"type": "Feature", "properties": {"highway": "footway", "footway": "crossing", "name": null, "surface": "asphalt", "lit": "yes", "length_m": 7.52, "type_element": "Way", "__fid": 100787}, "geometry": {"type": "LineString", "coordinates": [[2.382139766666592, 48.870936500000056], [2.3822291, 48.87096959999999]]}}, {"type": "Feature", "properties": {"highway": "footway", "footway": "sidewalk", "name": null, "surface": null, "lit": "yes", "length_m": 11.55, "type_element": "Way", "__fid": 100788}, "geometry": {"type": "LineString", "coordinates": [[2.382139766666592, 48.870936500000056], [2.382214, 48.8708449]]}}, {"type": "Feature", "properties": {"highway": "footway", "footway": "crossing", "name": null, "surface": null, "lit": "yes", "length_m": 3.43, "type_element": "Way", "__fid": 100800}, "geometry": {"type": "LineString", "coordinates": [[2.3821698, 48.869724300000016], [2.3822137, 48.8697348]]}}, {"type": "Feature", "properties": {"highway": "pedestrian", "footway": null, "name": "Rue Francis Picabia", "surface": "asphalt", "lit": "yes", "length_m": 7.78, "type_element": "Way", "__fid": 100801}, "geometry": {"type": "LineString", "coordinates": [[2.3821698, 48.869724300000016], [2.3821879, 48.86965540000001]]}}, {"type": "Feature", "properties": {"highway": "service", "footway": null, "name": "Square du Nouveau Belleville", "surface": null, "lit": null, "length_m": 21.13, "type_element": "Way", "__fid": 100812}, "geometry": {"type": "LineString", "coordinates": [[2.3824136, 48.8684801], [2.3823348, 48.8684922], [2.3822963, 48.8685086], [2.3821909, 48.8685891]]}}, {"type": "Feature", "properties": {"highway": "steps", "footway": null, "name": null, "surface": "concrete", "lit": "no", "length_m": 32.93, "type_element": "Way", "__fid": 100825}, "geometry": {"type": "LineString", "coordinates": [[2.3822162, 48.8682492], [2.3824233, 48.8683601], [2.3824136, 48.8684801]]}}, {"type": "Feature", "properties": {"highway": "footway", "footway": "sidewalk", "name": null, "surface": null, "lit": "yes", "length_m": 59.49, "type_element": "Way", "__fid": 100826}, "geometry": {"type": "LineString", "coordinates": [[2.3822162, 48.8682492], [2.3827584, 48.8678514]]}}, {"type": "Feature", "properties": {"highway": "footway", "footway": "sidewalk", "name": null, "surface": null, "lit": "yes", "length_m": 4.25, "type_element": "Way", "__fid": 100836}, "geometry": {"type": "LineString", "coordinates": [[2.382266200000171, 48.86971866666669], [2.3822137, 48.8697348]]}}, {"type": "Feature", "properties": {"highway": "pedestrian", "footway": null, "name": null, "surface": null, "lit": null, "length_m": 2.66, "type_element": "Way", "__fid": 100841}, "geometry": {"type": "LineString", "coordinates": [[2.382214, 48.8708449], [2.3822447, 48.8708576]]}}, {"type": "Feature", "properties": {"highway": "footway", "footway": "sidewalk", "name": null, "surface": null, "lit": "yes", "length_m": 34.4, "type_element": "Way", "__fid": 100842}, "geometry": {"type": "LineString", "coordinates": [[2.382214, 48.8708449], [2.3824435, 48.8705751]]}}, {"type": "Feature", "properties": {"highway": "footway", "footway": "sidewalk", "name": null, "surface": null, "lit": "yes", "length_m": 4.26, "type_element": "Way", "__fid": 100848}, "geometry": {"type": "LineString", "coordinates": [[2.3822169, 48.8710048], [2.382212, 48.8709914], [2.3822291, 48.87096959999999]]}}, {"type": "Feature", "properties": {"highway": "footway", "footway": "sidewalk", "name": null, "surface": "concrete", "lit": "yes", "length_m": 35.43, "type_element": "Way", "__fid": 100854}, "geometry": {"type": "LineString", "coordinates": [[2.3822291, 48.87096959999999], [2.3824845, 48.8706992]]}}, {"type": "Feature", "properties": {"highway": "footway", "footway": "sidewalk", "name": null, "surface": null, "lit": "yes", "length_m": 56.2, "type_element": "Way", "__fid": 100872}, "geometry": {"type": "LineString", "coordinates": [[2.3829368, 48.8699519], [2.3822626, 48.869723599999986], [2.382266200000171, 48.86971866666669]]}}, {"type": "Feature", "properties": {"highway": "footway", "footway": "crossing", "name": null, "surface": null, "lit": "yes", "length_m": 9.74, "type_element": "Way", "__fid": 100873}, "geometry": {"type": "LineString", "coordinates": [[2.382266200000171, 48.86971866666669], [2.3823196, 48.8696385]]}}, {"type": "Feature", "properties": {"highway": "footway", "footway": "sidewalk", "name": null, "surface": "asphalt", "lit": null, "length_m": 2.38, "type_element": "Way", "__fid": 100898}, "geometry": {"type": "LineString", "coordinates": [[2.3823018, 48.8696206], [2.3823196, 48.8696385]]}}, {"type": "Feature", "properties": {"highway": "footway", "footway": "sidewalk", "name": null, "surface": "asphalt", "lit": null, "length_m": 75.68, "type_element": "Way", "__fid": 100899}, "geometry": {"type": "LineString", "coordinates": [[2.3828986, 48.869099], [2.3827645, 48.8691231], [2.3823127, 48.869566], [2.3823018, 48.8696206]]}}, {"type": "Feature", "properties": {"highway": "footway", "footway": "sidewalk", "name": null, "surface": "asphalt", "lit": null, "length_m": 56.88, "type_element": "Way", "__fid": 100905}, "geometry": {"type": "LineString", "coordinates": [[2.3823196, 48.8696385], [2.3830106, 48.8698705]]}}, {"type": "Feature", "properties": {"highway": "service", "footway": null, "name": "Square du Nouveau Belleville", "surface": null, "lit": null, "length_m": 38.25, "type_element": "Way", "__fid": 100953}, "geometry": {"type": "LineString", "coordinates": [[2.3828623, 48.868648600000014], [2.3826514, 48.8685825], [2.3824705, 48.8684897], [2.3824136, 48.8684801]]}}, {"type": "Feature", "properties": {"highway": "pedestrian", "footway": null, "name": "Rue de Pali-Kao", "surface": "paving_stones", "lit": "yes", "length_m": 6.58, "type_element": "Way", "__fid": 100971}, "geometry": {"type": "LineString", "coordinates": [[2.3824078, 48.8706686], [2.3824845, 48.8706992]]}}, {"type": "Feature", "properties": {"highway": "footway", "footway": "sidewalk", "name": null, "surface": "paving_stones", "lit": "yes", "length_m": 9.62, "type_element": "Way", "__fid": 100981}, "geometry": {"type": "LineString", "coordinates": [[2.3825606, 48.8706141], [2.3824435, 48.8705751]]}}, {"type": "Feature", "properties": {"highway": "footway", "footway": "sidewalk", "name": null, "surface": null, "lit": "yes", "length_m": 76.0, "type_element": "Way", "__fid": 100982}, "geometry": {"type": "LineString", "coordinates": [[2.3824435, 48.8705751], [2.382975466666551, 48.86998863333339]]}}, {"type": "Feature", "properties": {"highway": "pedestrian", "footway": null, "name": "Rue de Pali-Kao", "surface": "paving_stones", "lit": "yes", "length_m": 14.46, "type_element": "Way", "__fid": 101021}, "geometry": {"type": "LineString", "coordinates": [[2.3824845, 48.8706992], [2.3826534, 48.8707662]]}}, {"type": "Feature", "properties": {"highway": "footway", "footway": "sidewalk", "name": null, "surface": "paving_stones", "lit": "yes", "length_m": 10.99, "type_element": "Way", "__fid": 101022}, "geometry": {"type": "LineString", "coordinates": [[2.3824845, 48.8706992], [2.3825606, 48.8706141]]}}, {"type": "Feature", "properties": {"highway": "footway", "footway": "sidewalk", "name": null, "surface": "asphalt", "lit": "yes", "length_m": 2.81, "type_element": "Way", "__fid": 101042}, "geometry": {"type": "LineString", "coordinates": [[2.382571266666476, 48.865092300000136], [2.382571266666863, 48.86506703333343]]}}, {"type": "Feature", "properties": {"highway": "footway", "footway": "crossing", "name": null, "surface": "asphalt", "lit": "yes", "length_m": 9.9, "type_element": "Way", "__fid": 101044}, "geometry": {"type": "LineString", "coordinates": [[2.3826931, 48.8651305], [2.382571266666476, 48.865092300000136]]}}, {"type": "Feature", "properties": {"highway": "pedestrian", "footway": null, "name": "Cité de Gênes", "surface": "paving_stones", "lit": "yes", "length_m": 6.81, "type_element": "Way", "__fid": 101061}, "geometry": {"type": "LineString", "coordinates": [[2.3825271, 48.870531], [2.3826079, 48.8705612]]}}, {"type": "Feature", "properties": {"highway": "footway", "footway": "sidewalk", "name": null, "surface": null, "lit": "yes", "length_m": 9.72, "type_element": "Way", "__fid": 101075}, "geometry": {"type": "LineString", "coordinates": [[2.3825723, 48.8677646], [2.3826797, 48.8678158]]}}, {"type": "Feature", "properties": {"highway": "footway", "footway": "crossing", "name": null, "surface": "asphalt", "lit": "yes", "length_m": 9.74, "type_element": "Way", "__fid": 101076}, "geometry": {"type": "LineString", "coordinates": [[2.3825723, 48.8677646], [2.382661566666897, 48.86769970000009]]}}, {"type": "Feature", "properties": {"highway": "footway", "footway": "sidewalk", "name": null, "surface": null, "lit": "yes", "length_m": 6.83, "type_element": "Way", "__fid": 101093}, "geometry": {"type": "LineString", "coordinates": [[2.3826079, 48.8705612], [2.3825606, 48.8706141]]}}, {"type": "Feature", "properties": {"highway": "pedestrian", "footway": null, "name": "Cité de Gênes", "surface": "paving_stones", "lit": "yes", "length_m": 14.47, "type_element": "Way", "__fid": 101144}, "geometry": {"type": "LineString", "coordinates": [[2.3826079, 48.8705612], [2.3827802, 48.8706246]]}}, {"type": "Feature", "properties": {"highway": "footway", "footway": "sidewalk", "name": null, "surface": null, "lit": "yes", "length_m": 36.38, "type_element": "Way", "__fid": 101145}, "geometry": {"type": "LineString", "coordinates": [[2.3828538, 48.8702771], [2.3826079, 48.8705612]]}}, {"type": "Feature", "properties": {"highway": "footway", "footway": "sidewalk", "name": null, "surface": null, "lit": "yes", "length_m": 115.63, "type_element": "Way", "__fid": 101163}, "geometry": {"type": "LineString", "coordinates": [[2.3840195, 48.8682277], [2.382661566666897, 48.86769970000009]]}}, {"type": "Feature", "properties": {"highway": "footway", "footway": "sidewalk", "name": null, "surface": "asphalt", "lit": "yes", "length_m": 29.64, "type_element": "Way", "__fid": 101164}, "geometry": {"type": "LineString", "coordinates": [[2.3829435, 48.86750870000002], [2.382661566666897, 48.86769970000009]]}}, {"type": "Feature", "properties": {"highway": "footway", "footway": "sidewalk", "name": null, "surface": "asphalt", "lit": "yes", "length_m": 4.49, "type_element": "Way", "__fid": 101166}, "geometry": {"type": "LineString", "coordinates": [[2.382753800000128, 48.86512540000003], [2.3826931, 48.8651305]]}}, {"type": "Feature", "properties": {"highway": "footway", "footway": "sidewalk", "name": null, "surface": null, "lit": "yes", "length_m": 7.0, "type_element": "Way", "__fid": 101173}, "geometry": {"type": "LineString", "coordinates": [[2.3826797, 48.8678158], [2.3827584, 48.8678514]]}}, {"type": "Feature", "properties": {"highway": "service", "footway": null, "name": "Boulevard de Belleville", "surface": "asphalt", "lit": "yes", "length_m": 6.89, "type_element": "Way", "__fid": 101174}, "geometry": {"type": "LineString", "coordinates": [[2.3826797, 48.8678158], [2.3827417, 48.8677693]]}}, {"type": "Feature", "properties": {"highway": "pedestrian", "footway": null, "name": "Rue de Pali-Kao", "surface": "paving_stones", "lit": "yes", "length_m": 14.72, "type_element": "Way", "__fid": 101177}, "geometry": {"type": "LineString", "coordinates": [[2.3826534, 48.8707662], [2.3827689, 48.87087440000001]]}}, {"type": "Feature", "properties": {"highway": "footway", "footway": null, "name": null, "surface": "paving_stones", "lit": "yes", "length_m": 8.96, "type_element": "Way", "__fid": 101178}, "geometry": {"type": "LineString", "coordinates": [[2.3827156, 48.8706968], [2.3826534, 48.8707662]]}}, {"type": "Feature", "properties": {"highway": "footway", "footway": "sidewalk", "name": null, "surface": "paving_stones", "lit": "yes", "length_m": 6.62, "type_element": "Way", "__fid": 101179}, "geometry": {"type": "LineString", "coordinates": [[2.3827444, 48.8670765], [2.3826995, 48.86702490000001]]}}, {"type": "Feature", "properties": {"highway": "footway", "footway": "crossing", "name": null, "surface": "asphalt", "lit": "yes", "length_m": 12.9, "type_element": "Way", "__fid": 101180}, "geometry": {"type": "LineString", "coordinates": [[2.3826995, 48.86702490000001], [2.3827598, 48.8669159]]}}, {"type": "Feature", "properties": {"highway": "service", "footway": null, "name": "Square du Nouveau Belleville", "surface": null, "lit": null, "length_m": 5.01, "type_element": "Way", "__fid": 101192}, "geometry": {"type": "LineString", "coordinates": [[2.3827384, 48.8690614], [2.3826882, 48.8690308]]}}, {"type": "Feature", "properties": {"highway": "service", "footway": null, "name": "Square du Nouveau Belleville", "surface": null, "lit": null, "length_m": 45.48, "type_element": "Way", "__fid": 101193}, "geometry": {"type": "LineString", "coordinates": [[2.3826882, 48.8690308], [2.3826768, 48.8690251], [2.3826704, 48.8689875], [2.3828623, 48.868648600000014]]}}, {"type": "Feature", "properties": {"highway": "footway", "footway": "sidewalk", "name": null, "surface": null, "lit": "yes", "length_m": 100.87, "type_element": "Way", "__fid": 101194}, "geometry": {"type": "LineString", "coordinates": [[2.3826882, 48.8690308], [2.3827201, 48.8690036], [2.3829933, 48.868990400000015], [2.3836549, 48.8684534]]}}, {"type": "Feature", "properties": {"highway": "footway", "footway": "sidewalk", "name": null, "surface": null, "lit": "yes", "length_m": 112.15, "type_element": "Way", "__fid": 101205}, "geometry": {"type": "LineString", "coordinates": [[2.384098300000013, 48.86559553333332], [2.3827504, 48.8651294], [2.382753800000128, 48.86512540000003]]}}, {"type": "Feature", "properties": {"highway": "footway", "footway": "crossing", "name": null, "surface": "asphalt", "lit": "yes", "length_m": 4.06, "type_element": "Way", "__fid": 101206}, "geometry": {"type": "LineString", "coordinates": [[2.382779733333375, 48.86509310000001], [2.382753800000128, 48.86512540000003]]}}, {"type": "Feature", "properties": {"highway": "footway", "footway": "sidewalk", "name": null, "surface": "paving_stones", "lit": "yes", "length_m": 28.13, "type_element": "Way", "__fid": 101216}, "geometry": {"type": "LineString", "coordinates": [[2.3827444, 48.8670765], [2.3831019, 48.867168]]}}, {"type": "Feature", "properties": {"highway": "footway", "footway": "sidewalk", "name": null, "surface": "asphalt", "lit": "yes", "length_m": 2.2, "type_element": "Way", "__fid": 101222}, "geometry": {"type": "LineString", "coordinates": [[2.3827745, 48.8650736], [2.382779733333375, 48.86509310000001]]}}, {"type": "Feature", "properties": {"highway": "footway", "footway": "sidewalk", "name": null, "surface": null, "lit": "yes", "length_m": 112.31, "type_element": "Way", "__fid": 101229}, "geometry": {"type": "LineString", "coordinates": [[2.384134733333355, 48.86556313333334], [2.382779733333375, 48.86509310000001]]}}, {"type": "Feature", "properties": {"highway": "footway", "footway": "sidewalk", "name": null, "surface": "paving_stones", "lit": "yes", "length_m": 7.52, "type_element": "Way", "__fid": 101232}, "geometry": {"type": "LineString", "coordinates": [[2.3827598, 48.8669159], [2.3828476, 48.866881]]}}, {"type": "Feature", "properties": {"highway": "steps", "footway": null, "name": null, "surface": "asphalt", "lit": "yes", "length_m": 7.83, "type_element": "Way", "__fid": 101233}, "geometry": {"type": "LineString", "coordinates": [[2.3827156, 48.8706968], [2.3828078, 48.8707322]]}}, {"type": "Feature", "properties": {"highway": "footway", "footway": null, "name": null, "surface": "paving_stones", "lit": "yes", "length_m": 9.32, "type_element": "Way", "__fid": 101234}, "geometry": {"type": "LineString", "coordinates": [[2.3827802, 48.8706246], [2.3827156, 48.8706968]]}}, {"type": "Feature", "properties": {"highway": "footway", "footway": "sidewalk", "name": null, "surface": null, "lit": "yes", "length_m": 83.09, "type_element": "Way", "__fid": 101248}, "geometry": {"type": "LineString", "coordinates": [[2.3827584, 48.8678514], [2.3828824, 48.8678685], [2.3837476, 48.8682071]]}}, {"type": "Feature", "properties": {"highway": "pedestrian", "footway": null, "name": "Rue de Pali-Kao", "surface": "paving_stones", "lit": "yes", "length_m": 40.21, "type_element": "Way", "__fid": 101270}, "geometry": {"type": "LineString", "coordinates": [[2.3827689, 48.87087440000001], [2.3830696, 48.8711767]]}}, {"type": "Feature", "properties": {"highway": "footway", "footway": null, "name": null, "surface": "paving_stones", "lit": "yes", "length_m": 6.17, "type_element": "Way", "__fid": 101271}, "geometry": {"type": "LineString", "coordinates": [[2.3828284, 48.8708352], [2.3827689, 48.87087440000001]]}}, {"type": "Feature", "properties": {"highway": "pedestrian", "footway": null, "name": "Cité de Gênes", "surface": "paving_stones", "lit": "yes", "length_m": 27.93, "type_element": "Way", "__fid": 101275}, "geometry": {"type": "LineString", "coordinates": [[2.3827802, 48.8706246], [2.3831604, 48.8706375]]}}, {"type": "Feature", "properties": {"highway": "service", "footway": null, "name": null, "surface": null, "lit": null, "length_m": 17.16, "type_element": "Way", "__fid": 101288}, "geometry": {"type": "LineString", "coordinates": [[2.3828158, 48.8692433], [2.3828986, 48.869099]]}}, {"type": "Feature", "properties": {"highway": "footway", "footway": "sidewalk", "name": null, "surface": "paving_stones", "lit": "yes", "length_m": 19.12, "type_element": "Way", "__fid": 101291}, "geometry": {"type": "LineString", "coordinates": [[2.3828476, 48.866881], [2.3830918, 48.8669412]]}}, {"type": "Feature", "properties": {"highway": "footway", "footway": "sidewalk", "name": null, "surface": "asphalt", "lit": "yes", "length_m": 79.82, "type_element": "Way", "__fid": 101292}, "geometry": {"type": "LineString", "coordinates": [[2.3828476, 48.866881], [2.3829234, 48.8667487], [2.3829476, 48.8666706], [2.3830529, 48.8664995], [2.3833452, 48.8662542]]}}, {"type": "Feature", "properties": {"highway": "footway", "footway": null, "name": null, "surface": "paving_stones", "lit": "yes", "length_m": 12.38, "type_element": "Way", "__fid": 101295}, "geometry": {"type": "LineString", "coordinates": [[2.3828078, 48.8707322], [2.382794, 48.8707527], [2.3827936, 48.8707971], [2.3828284, 48.8708352]]}}, {"type": "Feature", "properties": {"highway": "footway", "footway": null, "name": null, "surface": "paving_stones", "lit": "yes", "length_m": 17.32, "type_element": "Way", "__fid": 101296}, "geometry": {"type": "LineString", "coordinates": [[2.3830118, 48.870723800000015], [2.3829824, 48.8707063], [2.3829065, 48.8706932], [2.3828337, 48.8707124], [2.3828078, 48.8707322]]}}, {"type": "Feature", "properties": {"highway": "footway", "footway": null, "name": null, "surface": "paving_stones", "lit": "yes", "length_m": 15.82, "type_element": "Way", "__fid": 101321}, "geometry": {"type": "LineString", "coordinates": [[2.3828284, 48.8708352], [2.3828581, 48.8708489], [2.3829287, 48.8708571], [2.3829637, 48.870851], [2.3830186, 48.8708207]]}}, {"type": "Feature", "properties": {"highway": "service", "footway": null, "name": "Square du Nouveau Belleville", "surface": null, "lit": null, "length_m": 108.44, "type_element": "Way", "__fid": 101324}, "geometry": {"type": "LineString", "coordinates": [[2.3828623, 48.868648600000014], [2.3830087, 48.8686754], [2.3830913, 48.8686813], [2.3831754, 48.868669900000015], [2.3832631, 48.8686506], [2.383315, 48.8686193], [2.3833625, 48.8685594], [2.3835386, 48.8682781], [2.3835453, 48.8682211], [2.3835183, 48.86817749999999], [2.383479, 48.8681544], [2.3832905, 48.8680795]]}}, {"type": "Feature", "properties": {"highway": "service", "footway": null, "name": null, "surface": null, "lit": null, "length_m": 18.91, "type_element": "Way", "__fid": 101331}, "geometry": {"type": "LineString", "coordinates": [[2.3828638, 48.869255], [2.3829561, 48.8690962]]}}, {"type": "Feature", "properties": {"highway": "footway", "footway": null, "name": null, "surface": null, "lit": null, "length_m": 30.39, "type_element": "Way", "__fid": 101333}, "geometry": {"type": "LineString", "coordinates": [[2.3828538, 48.8702771], [2.3830951, 48.8703638], [2.3832346, 48.870366]]}}, {"type": "Feature", "properties": {"highway": "footway", "footway": "sidewalk", "name": null, "surface": null, "lit": "yes", "length_m": 32.44, "type_element": "Way", "__fid": 101334}, "geometry": {"type": "LineString", "coordinates": [[2.383076, 48.8700249], [2.3828538, 48.8702771]]}}, {"type": "Feature", "properties": {"highway": "footway", "footway": null, "name": "Cité de l'Avenir", "surface": null, "lit": null, "length_m": 73.66, "type_element": "Way", "__fid": 101350}, "geometry": {"type": "LineString", "coordinates": [[2.3838032, 48.8658534], [2.3835265, 48.865757], [2.382928, 48.86598510000001]]}}, {"type": "Feature", "properties": {"highway": "service", "footway": null, "name": null, "surface": null, "lit": null, "length_m": 5.09, "type_element": "Way", "__fid": 101352}, "geometry": {"type": "LineString", "coordinates": [[2.3828986, 48.869099], [2.3829003, 48.86905320000002]]}}, {"type": "Feature", "properties": {"highway": "footway", "footway": "sidewalk", "name": null, "surface": "asphalt", "lit": null, "length_m": 4.23, "type_element": "Way", "__fid": 101353}, "geometry": {"type": "LineString", "coordinates": [[2.3829561, 48.8690962], [2.3828986, 48.869099]]}}, {"type": "Feature", "properties": {"highway": "footway", "footway": "sidewalk", "name": null, "surface": "asphalt", "lit": "yes", "length_m": 106.15, "type_element": "Way", "__fid": 101369}, "geometry": {"type": "LineString", "coordinates": [[2.3842931, 48.867853], [2.3829435, 48.86750870000002]]}}, {"type": "Feature", "properties": {"highway": "footway", "footway": "crossing", "name": null, "surface": "asphalt", "lit": "yes", "length_m": 11.24, "type_element": "Way", "__fid": 101370}, "geometry": {"type": "LineString", "coordinates": [[2.3829435, 48.86750870000002], [2.3830317, 48.867426]]}}, {"type": "Feature", "properties": {"highway": "footway", "footway": "sidewalk", "name": null, "surface": null, "lit": "yes", "length_m": 4.97, "type_element": "Way", "__fid": 101387}, "geometry": {"type": "LineString", "coordinates": [[2.382975466666551, 48.86998863333339], [2.3829368, 48.8699519]]}}, {"type": "Feature", "properties": {"highway": "footway", "footway": "crossing", "name": null, "surface": null, "lit": "yes", "length_m": 10.55, "type_element": "Way", "__fid": 101388}, "geometry": {"type": "LineString", "coordinates": [[2.3829368, 48.8699519], [2.3830106, 48.8698705]]}}, {"type": "Feature", "properties": {"highway": "service", "footway": null, "name": null, "surface": null, "lit": null, "length_m": 5.14, "type_element": "Way", "__fid": 101393}, "geometry": {"type": "LineString", "coordinates": [[2.3829561, 48.8690962], [2.3829609, 48.8690501]]}}, {"type": "Feature", "properties": {"highway": "footway", "footway": "sidewalk", "name": null, "surface": "asphalt", "lit": null, "length_m": 6.07, "type_element": "Way", "__fid": 101394}, "geometry": {"type": "LineString", "coordinates": [[2.3830387, 48.8690926], [2.3829561, 48.8690962]]}}, {"type": "Feature", "properties": {"highway": "footway", "footway": "sidewalk", "name": null, "surface": "asphalt", "lit": "yes", "length_m": 116.08, "type_element": "Way", "__fid": 101403}, "geometry": {"type": "LineString", "coordinates": [[2.3830195, 48.8648119], [2.3844476, 48.8652613]]}}, {"type": "Feature", "properties": {"highway": "footway", "footway": null, "name": null, "surface": null, "lit": null, "length_m": 8.06, "type_element": "Way", "__fid": 101405}, "geometry": {"type": "LineString", "coordinates": [[2.3830707, 48.8691587], [2.3829687, 48.86913170000001]]}}, {"type": "Feature", "properties": {"highway": "footway", "footway": "sidewalk", "name": null, "surface": "asphalt", "lit": "yes", "length_m": 124.31, "type_element": "Way", "__fid": 101413}, "geometry": {"type": "LineString", "coordinates": [[2.384543133333527, 48.86519793333338], [2.3845472, 48.865193], [2.3839837, 48.8650128], [2.3830321, 48.8647185], [2.383028966666829, 48.864723900000016]]}}, {"type": "Feature", "properties": {"highway": "footway", "footway": "crossing", "name": null, "surface": null, "lit": "yes", "length_m": 8.41, "type_element": "Way", "__fid": 101421}, "geometry": {"type": "LineString", "coordinates": [[2.382975466666551, 48.86998863333339], [2.383076, 48.8700249]]}}, {"type": "Feature", "properties": {"highway": "footway", "footway": "crossing", "name": null, "surface": null, "lit": "yes", "length_m": 9.69, "type_element": "Way", "__fid": 101430}, "geometry": {"type": "LineString", "coordinates": [[2.382998566666534, 48.868993], [2.383103, 48.8690463]]}}, {"type": "Feature", "properties": {"highway": "service", "footway": null, "name": null, "surface": null, "lit": null, "length_m": 5.44, "type_element": "Way", "__fid": 101441}, "geometry": {"type": "LineString", "coordinates": [[2.3830091, 48.8690477], [2.3830387, 48.8690926]]}}, {"type": "Feature", "properties": {"highway": "footway", "footway": "sidewalk", "name": null, "surface": null, "lit": "yes", "length_m": 218.96, "type_element": "Way", "__fid": 101444}, "geometry": {"type": "LineString", "coordinates": [[2.3830317, 48.867426], [2.3856995, 48.8681054], [2.3858043, 48.8681506]]}}, {"type": "Feature", "properties": {"highway": "footway", "footway": "sidewalk", "name": null, "surface": "paving_stones", "lit": "yes", "length_m": 30.54, "type_element": "Way", "__fid": 101445}, "geometry": {"type": "LineString", "coordinates": [[2.3833117, 48.8672228], [2.3830317, 48.867426]]}}, {"type": "Feature", "properties": {"highway": "footway", "footway": "sidewalk", "name": null, "surface": "asphalt", "lit": null, "length_m": 12.59, "type_element": "Way", "__fid": 101452}, "geometry": {"type": "LineString", "coordinates": [[2.3830106, 48.8698705], [2.3831652, 48.8699197]]}}, {"type": "Feature", "properties": {"highway": "footway", "footway": null, "name": null, "surface": "paving_stones", "lit": "yes", "length_m": 11.35, "type_element": "Way", "__fid": 101460}, "geometry": {"type": "LineString", "coordinates": [[2.3830186, 48.8708207], [2.3830392, 48.87077159999998], [2.3830118, 48.870723800000015]]}}, {"type": "Feature", "properties": {"highway": "footway", "footway": null, "name": null, "surface": "paving_stones", "lit": "yes", "length_m": 14.52, "type_element": "Way", "__fid": 101461}, "geometry": {"type": "LineString", "coordinates": [[2.3830118, 48.870723800000015], [2.3831604, 48.8706375]]}}, {"type": "Feature", "properties": {"highway": "service", "footway": null, "name": null, "surface": null, "lit": null, "length_m": 5.38, "type_element": "Way", "__fid": 101470}, "geometry": {"type": "LineString", "coordinates": [[2.3830387, 48.8690926], [2.3830468, 48.8691023], [2.3831002, 48.8691147]]}}, {"type": "Feature", "properties": {"highway": "footway", "footway": "sidewalk", "name": null, "surface": "asphalt", "lit": null, "length_m": 6.98, "type_element": "Way", "__fid": 101471}, "geometry": {"type": "LineString", "coordinates": [[2.383103, 48.8690463], [2.3830387, 48.8690926]]}}, {"type": "Feature", "properties": {"highway": "steps", "footway": null, "name": null, "surface": "asphalt", "lit": "yes", "length_m": 12.21, "type_element": "Way", "__fid": 101473}, "geometry": {"type": "LineString", "coordinates": [[2.3830186, 48.8708207], [2.3831655, 48.8708724]]}}, {"type": "Feature", "properties": {"highway": "footway", "footway": "sidewalk", "name": null, "surface": "paving_stones", "lit": "yes", "length_m": 9.59, "type_element": "Way", "__fid": 101490}, "geometry": {"type": "LineString", "coordinates": [[2.3830918, 48.8669412], [2.383214, 48.86697190000001]]}}, {"type": "Feature", "properties": {"highway": "footway", "footway": "sidewalk", "name": null, "surface": "paving_stones", "lit": "yes", "length_m": 23.05, "type_element": "Way", "__fid": 101491}, "geometry": {"type": "LineString", "coordinates": [[2.3831955, 48.8667455], [2.3830918, 48.8669412]]}}, {"type": "Feature", "properties": {"highway": "footway", "footway": null, "name": null, "surface": null, "lit": null, "length_m": 109.8, "type_element": "Way", "__fid": 101497}, "geometry": {"type": "LineString", "coordinates": [[2.3844597, 48.8695267], [2.3830707, 48.8691587]]}}, {"type": "Feature", "properties": {"highway": "footway", "footway": null, "name": null, "surface": null, "lit": null, "length_m": 5.35, "type_element": "Way", "__fid": 101498}, "geometry": {"type": "LineString", "coordinates": [[2.3830707, 48.8691587], [2.3831002, 48.8691147]]}}, {"type": "Feature", "properties": {"highway": "footway", "footway": "crossing", "name": null, "surface": "asphalt", "lit": "yes", "length_m": 16.55, "type_element": "Way", "__fid": 101499}, "geometry": {"type": "LineString", "coordinates": [[2.3833117, 48.8672228], [2.3831019, 48.867168]]}}, {"type": "Feature", "properties": {"highway": "footway", "footway": "crossing", "name": null, "surface": "asphalt", "lit": "yes", "length_m": 23.3, "type_element": "Way", "__fid": 101500}, "geometry": {"type": "LineString", "coordinates": [[2.383214, 48.86697190000001], [2.3831019, 48.867168]]}}, {"type": "Feature", "properties": {"highway": "footway", "footway": "sidewalk", "name": null, "surface": null, "lit": null, "length_m": 1.99, "type_element": "Way", "__fid": 101507}, "geometry": {"type": "LineString", "coordinates": [[2.383076, 48.8700249], [2.3830901, 48.87000960000002]]}}, {"type": "Feature", "properties": {"highway": "service", "footway": null, "name": null, "surface": null, "lit": null, "length_m": 35.85, "type_element": "Way", "__fid": 101523}, "geometry": {"type": "LineString", "coordinates": [[2.3831002, 48.8691147], [2.3835538, 48.8692347]]}}, {"type": "Feature", "properties": {"highway": "footway", "footway": null, "name": null, "surface": null, "lit": null, "length_m": 5.68, "type_element": "Way", "__fid": 101524}, "geometry": {"type": "LineString", "coordinates": [[2.3831002, 48.8691147], [2.3831313, 48.8690679]]}}, {"type": "Feature", "properties": {"highway": "footway", "footway": "sidewalk", "name": null, "surface": null, "lit": null, "length_m": 18.98, "type_element": "Way", "__fid": 101525}, "geometry": {"type": "LineString", "coordinates": [[2.3830901, 48.87000960000002], [2.3833373, 48.87006010000001]]}}, {"type": "Feature", "properties": {"highway": "footway", "footway": "crossing", "name": null, "surface": null, "lit": null, "length_m": 11.41, "type_element": "Way", "__fid": 101526}, "geometry": {"type": "LineString", "coordinates": [[2.3830901, 48.87000960000002], [2.3831652, 48.8699197]]}}, {"type": "Feature", "properties": {"highway": "footway", "footway": null, "name": null, "surface": null, "lit": null, "length_m": 3.89, "type_element": "Way", "__fid": 101527}, "geometry": {"type": "LineString", "coordinates": [[2.383103, 48.8690463], [2.3831011, 48.8690596], [2.3831313, 48.8690679]]}}, {"type": "Feature", "properties": {"highway": "footway", "footway": "sidewalk", "name": null, "surface": "asphalt", "lit": null, "length_m": 29.57, "type_element": "Way", "__fid": 101528}, "geometry": {"type": "LineString", "coordinates": [[2.3833581, 48.8688404], [2.383103, 48.8690463]]}}, {"type": "Feature", "properties": {"highway": "footway", "footway": null, "name": null, "surface": null, "lit": null, "length_m": 24.5, "type_element": "Way", "__fid": 101535}, "geometry": {"type": "LineString", "coordinates": [[2.3831313, 48.8690679], [2.3834391, 48.8691535]]}}, {"type": "Feature", "properties": {"highway": "footway", "footway": "sidewalk", "name": null, "surface": "paving_stones", "lit": "yes", "length_m": 13.68, "type_element": "Way", "__fid": 101562}, "geometry": {"type": "LineString", "coordinates": [[2.3831955, 48.8667455], [2.3832178, 48.8667509], [2.383273, 48.8666499]]}}, {"type": "Feature", "properties": {"highway": "footway", "footway": "sidewalk", "name": null, "surface": "paving_stones", "lit": "yes", "length_m": 57.44, "type_element": "Way", "__fid": 101563}, "geometry": {"type": "LineString", "coordinates": [[2.3834585, 48.866324800000015], [2.383246, 48.8665207], [2.3831199, 48.8667271], [2.3831955, 48.8667455]]}}, {"type": "Feature", "properties": {"highway": "footway", "footway": "sidewalk", "name": null, "surface": "asphalt", "lit": null, "length_m": 79.98, "type_element": "Way", "__fid": 101571}, "geometry": {"type": "LineString", "coordinates": [[2.3831652, 48.8699197], [2.3833412, 48.8699574], [2.3842163, 48.8701104]]}}, {"type": "Feature", "properties": {"highway": "steps", "footway": null, "name": null, "surface": "asphalt", "lit": "yes", "length_m": 21.23, "type_element": "Way", "__fid": 101572}, "geometry": {"type": "LineString", "coordinates": [[2.3831604, 48.8706375], [2.3834487, 48.8706542]]}}, {"type": "Feature", "properties": {"highway": "pedestrian", "footway": null, "name": "Cité de Gênes", "surface": "paving_stones", "lit": "yes", "length_m": 51.16, "type_element": "Way", "__fid": 101573}, "geometry": {"type": "LineString", "coordinates": [[2.3831604, 48.8706375], [2.3836821, 48.870332200000014]]}}, {"type": "Feature", "properties": {"highway": "footway", "footway": null, "name": null, "surface": "paving_stones", "lit": "yes", "length_m": 7.25, "type_element": "Way", "__fid": 101577}, "geometry": {"type": "LineString", "coordinates": [[2.3831655, 48.8708724], [2.3832524, 48.8709035]]}}, {"type": "Feature", "properties": {"highway": "footway", "footway": null, "name": null, "surface": "compacted", "lit": "yes", "length_m": 31.94, "type_element": "Way", "__fid": 101578}, "geometry": {"type": "LineString", "coordinates": [[2.3834487, 48.8706542], [2.3831655, 48.8708724]]}}, {"type": "Feature", "properties": {"highway": "footway", "footway": "crossing", "name": null, "surface": "asphalt", "lit": "yes", "length_m": 22.05, "type_element": "Way", "__fid": 101580}, "geometry": {"type": "LineString", "coordinates": [[2.383214, 48.86697190000001], [2.3834974, 48.8670381]]}}, {"type": "Feature", "properties": {"highway": "footway", "footway": null, "name": null, "surface": null, "lit": null, "length_m": 18.54, "type_element": "Way", "__fid": 101594}, "geometry": {"type": "LineString", "coordinates": [[2.3832923, 48.8696713], [2.3831967, 48.8698256]]}}, {"type": "Feature", "properties": {"highway": "steps", "footway": null, "name": null, "surface": "asphalt", "lit": "yes", "length_m": 16.89, "type_element": "Way", "__fid": 101640}, "geometry": {"type": "LineString", "coordinates": [[2.3832524, 48.8709035], [2.3832263, 48.870943300000015], [2.3832222, 48.8709772], [2.3832345, 48.87101349999999], [2.3832656, 48.8710447]]}}, {"type": "Feature", "properties": {"highway": "steps", "footway": null, "name": null, "surface": "asphalt", "lit": "yes", "length_m": 19.87, "type_element": "Way", "__fid": 101641}, "geometry": {"type": "LineString", "coordinates": [[2.3832524, 48.8709035], [2.3832893, 48.8708771], [2.3833568, 48.87085469999999], [2.3834134, 48.8708511], [2.3834941, 48.8708665]]}}, {"type": "Feature", "properties": {"highway": "service", "footway": null, "name": null, "surface": null, "lit": null, "length_m": 6.25, "type_element": "Way", "__fid": 101645}, "geometry": {"type": "LineString", "coordinates": [[2.3833581, 48.8688404], [2.3832812, 48.8688162]]}}, {"type": "Feature", "properties": {"highway": "service", "footway": null, "name": "Square du Nouveau Belleville", "surface": null, "lit": null, "length_m": 111.78, "type_element": "Way", "__fid": 101646}, "geometry": {"type": "LineString", "coordinates": [[2.3832905, 48.8680795], [2.3830973, 48.8680029], [2.3830086, 48.868], [2.3829376, 48.8680233], [2.3828323, 48.8681019], [2.382791, 48.86814669999998], [2.3827842, 48.8682139], [2.3828172, 48.8682592], [2.3829209, 48.8683072], [2.3830166, 48.8683235], [2.3830971, 48.8683113], [2.3831502, 48.8682783], [2.3832905, 48.8680795]]}}, {"type": "Feature", "properties": {"highway": "pedestrian", "footway": null, "name": "Rue Vilin", "surface": "asphalt", "lit": "yes", "length_m": 8.39, "type_element": "Way", "__fid": 101651}, "geometry": {"type": "LineString", "coordinates": [[2.3832703, 48.869999], [2.3833373, 48.87006010000001]]}}, {"type": "Feature", "properties": {"highway": "footway", "footway": "sidewalk", "name": null, "surface": null, "lit": "yes", "length_m": 25.95, "type_element": "Way", "__fid": 101660}, "geometry": {"type": "LineString", "coordinates": [[2.3834941, 48.8708665], [2.3832656, 48.8710447]]}}, {"type": "Feature", "properties": {"highway": "footway", "footway": "sidewalk", "name": null, "surface": "paving_stones", "lit": "yes", "length_m": 9.0, "type_element": "Way", "__fid": 101661}, "geometry": {"type": "LineString", "coordinates": [[2.3834257, 48.8671929], [2.3833117, 48.8672228]]}}, {"type": "Feature", "properties": {"highway": "service", "footway": null, "name": "Allée Georges Rouault", "surface": null, "lit": null, "length_m": 140.93, "type_element": "Way", "__fid": 101670}, "geometry": {"type": "LineString", "coordinates": [[2.3837809, 48.8696206], [2.383765, 48.8695756], [2.382956, 48.8693625], [2.3829152, 48.8693554], [2.3828505, 48.8693579], [2.38278, 48.8693894], [2.3827521, 48.8694166], [2.3827424, 48.869476], [2.3827572, 48.8695118], [2.3827999, 48.8695394], [2.3832923, 48.8696713]]}}, {"type": "Feature", "properties": {"highway": "footway", "footway": "crossing", "name": null, "surface": null, "lit": "yes", "length_m": 11.7, "type_element": "Way", "__fid": 101681}, "geometry": {"type": "LineString", "coordinates": [[2.3833452, 48.8662542], [2.3834472, 48.8663057], [2.3834585, 48.866324800000015]]}}, {"type": "Feature", "properties": {"highway": "footway", "footway": "sidewalk", "name": null, "surface": null, "lit": "yes", "length_m": 42.45, "type_element": "Way", "__fid": 101682}, "geometry": {"type": "LineString", "coordinates": [[2.3833452, 48.8662542], [2.3836919, 48.8659485]]}}, {"type": "Feature", "properties": {"highway": "service", "footway": null, "name": null, "surface": null, "lit": null, "length_m": 24.24, "type_element": "Way", "__fid": 101701}, "geometry": {"type": "LineString", "coordinates": [[2.3833342, 48.86907380000002], [2.3834574, 48.86887149999998]]}}, {"type": "Feature", "properties": {"highway": "footway", "footway": "sidewalk", "name": null, "surface": null, "lit": null, "length_m": 63.68, "type_element": "Way", "__fid": 101705}, "geometry": {"type": "LineString", "coordinates": [[2.3833373, 48.87006010000001], [2.3841767, 48.8702061]]}}, {"type": "Feature", "properties": {"highway": "pedestrian", "footway": null, "name": "Rue Vilin", "surface": "asphalt", "lit": "yes", "length_m": 39.44, "type_element": "Way", "__fid": 101706}, "geometry": {"type": "LineString", "coordinates": [[2.3833373, 48.87006010000001], [2.3836821, 48.870332200000014]]}}, {"type": "Feature", "properties": {"highway": "service", "footway": null, "name": null, "surface": null, "lit": null, "length_m": 8.06, "type_element": "Way", "__fid": 101710}, "geometry": {"type": "LineString", "coordinates": [[2.3834574, 48.86887149999998], [2.3833581, 48.8688404]]}}, {"type": "Feature", "properties": {"highway": "footway", "footway": "sidewalk", "name": null, "surface": "asphalt", "lit": null, "length_m": 74.15, "type_element": "Way", "__fid": 101711}, "geometry": {"type": "LineString", "coordinates": [[2.3840133, 48.868341499999985], [2.3839655, 48.8683483], [2.3833581, 48.8688404]]}}, {"type": "Feature", "properties": {"highway": "footway", "footway": "sidewalk", "name": null, "surface": null, "lit": null, "length_m": 26.25, "type_element": "Way", "__fid": 101719}, "geometry": {"type": "LineString", "coordinates": [[2.3835855, 48.870909400000016], [2.3833463, 48.871085]]}}, {"type": "Feature", "properties": {"highway": "footway", "footway": "sidewalk", "name": null, "surface": "asphalt", "lit": "yes", "length_m": 134.3, "type_element": "Way", "__fid": 101732}, "geometry": {"type": "LineString", "coordinates": [[2.385143, 48.8676115], [2.3834257, 48.8671929]]}}, {"type": "Feature", "properties": {"highway": "footway", "footway": "crossing", "name": null, "surface": "asphalt", "lit": "yes", "length_m": 10.69, "type_element": "Way", "__fid": 101733}, "geometry": {"type": "LineString", "coordinates": [[2.3834257, 48.8671929], [2.3834787, 48.86710329999999]]}}, {"type": "Feature", "properties": {"highway": "footway", "footway": "sidewalk", "name": null, "surface": null, "lit": "yes", "length_m": 3.54, "type_element": "Way", "__fid": 101748}, "geometry": {"type": "LineString", "coordinates": [[2.3834585, 48.866324800000015], [2.3835068, 48.86632390000001]]}}, {"type": "Feature", "properties": {"highway": "footway", "footway": null, "name": null, "surface": null, "lit": null, "length_m": 23.59, "type_element": "Way", "__fid": 101755}, "geometry": {"type": "LineString", "coordinates": [[2.3834391, 48.8691535], [2.3837386, 48.8692307]]}}, {"type": "Feature", "properties": {"highway": "footway", "footway": null, "name": null, "surface": null, "lit": null, "length_m": 27.81, "type_element": "Way", "__fid": 101756}, "geometry": {"type": "LineString", "coordinates": [[2.3834391, 48.8691535], [2.3835838, 48.8689223]]}}, {"type": "Feature", "properties": {"highway": "footway", "footway": null, "name": null, "surface": null, "lit": null, "length_m": 10.86, "type_element": "Way", "__fid": 101770}, "geometry": {"type": "LineString", "coordinates": [[2.3834574, 48.86887149999998], [2.3835838, 48.8689223]]}}, {"type": "Feature", "properties": {"highway": "footway", "footway": "sidewalk", "name": null, "surface": "asphalt", "lit": "yes", "length_m": 126.18, "type_element": "Way", "__fid": 101771}, "geometry": {"type": "LineString", "coordinates": [[2.3834787, 48.86710329999999], [2.3850393, 48.867486499999984], [2.385092966666557, 48.86747893333343]]}}, {"type": "Feature", "properties": {"highway": "footway", "footway": "sidewalk", "name": null, "surface": "paving_stones", "lit": "yes", "length_m": 7.38, "type_element": "Way", "__fid": 101772}, "geometry": {"type": "LineString", "coordinates": [[2.3834787, 48.86710329999999], [2.3834974, 48.8670381]]}}, {"type": "Feature", "properties": {"highway": "footway", "footway": "sidewalk", "name": null, "surface": "compacted", "lit": "no", "length_m": 16.74, "type_element": "Way", "__fid": 101773}, "geometry": {"type": "LineString", "coordinates": [[2.3834646, 48.8685647], [2.3835609, 48.8684282]]}}, {"type": "Feature", "properties": {"highway": "footway", "footway": null, "name": null, "surface": "compacted", "lit": "yes", "length_m": 38.7, "type_element": "Way", "__fid": 101779}, "geometry": {"type": "LineString", "coordinates": [[2.3839237, 48.870608], [2.383873, 48.870591800000014], [2.3837227, 48.87057180000002], [2.383593, 48.87057459999998], [2.3834487, 48.8706542]]}}, {"type": "Feature", "properties": {"highway": "footway", "footway": "sidewalk", "name": null, "surface": "asphalt", "lit": "yes", "length_m": 77.19, "type_element": "Way", "__fid": 101787}, "geometry": {"type": "LineString", "coordinates": [[2.3838341, 48.8663804], [2.3834974, 48.8670381]]}}, {"type": "Feature", "properties": {"highway": "footway", "footway": "crossing", "name": null, "surface": "asphalt", "lit": "yes", "length_m": 25.57, "type_element": "Way", "__fid": 101790}, "geometry": {"type": "LineString", "coordinates": [[2.3835068, 48.86632390000001], [2.3835712, 48.8663592], [2.3838341, 48.8663804]]}}, {"type": "Feature", "properties": {"highway": "footway", "footway": "sidewalk", "name": null, "surface": "asphalt", "lit": "yes", "length_m": 41.28, "type_element": "Way", "__fid": 101791}, "geometry": {"type": "LineString", "coordinates": [[2.3835068, 48.86632390000001], [2.3838449, 48.8660271]]}}, {"type": "Feature", "properties": {"highway": "footway", "footway": null, "name": null, "surface": "concrete", "lit": "no", "length_m": 3.39, "type_element": "Way", "__fid": 101802}, "geometry": {"type": "LineString", "coordinates": [[2.3835182, 48.8684165], [2.3835609, 48.8684282]]}}, {"type": "Feature", "properties": {"highway": "footway", "footway": null, "name": null, "surface": "sett", "lit": "yes", "length_m": 8.23, "type_element": "Way", "__fid": 101807}, "geometry": {"type": "LineString", "coordinates": [[2.3834941, 48.8708665], [2.3835855, 48.870909400000016]]}}, {"type": "Feature", "properties": {"highway": "footway", "footway": "sidewalk", "name": null, "surface": null, "lit": "yes", "length_m": 42.65, "type_element": "Way", "__fid": 101808}, "geometry": {"type": "LineString", "coordinates": [[2.3839237, 48.870608], [2.3834941, 48.8708665]]}}, {"type": "Feature", "properties": {"highway": "footway", "footway": null, "name": null, "surface": "concrete", "lit": "no", "length_m": 7.44, "type_element": "Way", "__fid": 101826}, "geometry": {"type": "LineString", "coordinates": [[2.3835609, 48.8684282], [2.3836549, 48.8684534]]}}, {"type": "Feature", "properties": {"highway": "footway", "footway": "sidewalk", "name": null, "surface": "compacted", "lit": "no", "length_m": 14.82, "type_element": "Way", "__fid": 101827}, "geometry": {"type": "LineString", "coordinates": [[2.3835609, 48.8684282], [2.3836081, 48.8683741], [2.3836651, 48.8683635], [2.3836946, 48.8683384]]}}, {"type": "Feature", "properties": {"highway": "footway", "footway": null, "name": null, "surface": null, "lit": null, "length_m": 5.75, "type_element": "Way", "__fid": 101842}, "geometry": {"type": "LineString", "coordinates": [[2.3835838, 48.8689223], [2.383657, 48.86894070000002]]}}, {"type": "Feature", "properties": {"highway": "footway", "footway": null, "name": null, "surface": null, "lit": null, "length_m": 24.44, "type_element": "Way", "__fid": 101843}, "geometry": {"type": "LineString", "coordinates": [[2.3835838, 48.8689223], [2.3837164, 48.86872070000001]]}}, {"type": "Feature", "properties": {"highway": "footway", "footway": null, "name": null, "surface": "sett", "lit": "yes", "length_m": 16.49, "type_element": "Way", "__fid": 101864}, "geometry": {"type": "LineString", "coordinates": [[2.3835855, 48.870909400000016], [2.3836432, 48.8709507], [2.3836534, 48.870987], [2.3836369, 48.871041100000014]]}}, {"type": "Feature", "properties": {"highway": "footway", "footway": "sidewalk", "name": null, "surface": null, "lit": null, "length_m": 46.47, "type_element": "Way", "__fid": 101865}, "geometry": {"type": "LineString", "coordinates": [[2.3840561, 48.8706296], [2.3835855, 48.870909400000016]]}}, {"type": "Feature", "properties": {"highway": "footway", "footway": "sidewalk", "name": null, "surface": null, "lit": "yes", "length_m": 12.11, "type_element": "Way", "__fid": 101880}, "geometry": {"type": "LineString", "coordinates": [[2.3836549, 48.8684534], [2.3837581, 48.8683684]]}}, {"type": "Feature", "properties": {"highway": "footway", "footway": "crossing", "name": null, "surface": "asphalt", "lit": "yes", "length_m": 14.23, "type_element": "Way", "__fid": 101883}, "geometry": {"type": "LineString", "coordinates": [[2.3836919, 48.8659485], [2.3838449, 48.8660271]]}}, {"type": "Feature", "properties": {"highway": "footway", "footway": "sidewalk", "name": null, "surface": "asphalt", "lit": "yes", "length_m": 13.36, "type_element": "Way", "__fid": 101884}, "geometry": {"type": "LineString", "coordinates": [[2.3836919, 48.8659485], [2.3838032, 48.8658534]]}}, {"type": "Feature", "properties": {"highway": "footway", "footway": null, "name": null, "surface": "concrete", "lit": "no", "length_m": 5.73, "type_element": "Way", "__fid": 101900}, "geometry": {"type": "LineString", "coordinates": [[2.3836946, 48.8683384], [2.3837581, 48.8683684]]}}, {"type": "Feature", "properties": {"highway": "footway", "footway": "sidewalk", "name": null, "surface": "compacted", "lit": "no", "length_m": 15.68, "type_element": "Way", "__fid": 101901}, "geometry": {"type": "LineString", "coordinates": [[2.3836946, 48.8683384], [2.3837201, 48.86831150000001], [2.3837127, 48.8682616], [2.3837476, 48.8682071]]}}, {"type": "Feature", "properties": {"highway": "pedestrian", "footway": null, "name": "Rue Vilin", "surface": "asphalt", "lit": "yes", "length_m": 33.52, "type_element": "Way", "__fid": 101910}, "geometry": {"type": "LineString", "coordinates": [[2.3836821, 48.870332200000014], [2.3839739, 48.8705642]]}}, {"type": "Feature", "properties": {"highway": "footway", "footway": null, "name": null, "surface": null, "lit": null, "length_m": 5.32, "type_element": "Way", "__fid": 101922}, "geometry": {"type": "LineString", "coordinates": [[2.3837164, 48.86872070000001], [2.3837845, 48.8687372]]}}, {"type": "Feature", "properties": {"highway": "footway", "footway": null, "name": null, "surface": null, "lit": null, "length_m": 30.61, "type_element": "Way", "__fid": 101923}, "geometry": {"type": "LineString", "coordinates": [[2.3837164, 48.86872070000001], [2.3838421, 48.8685122], [2.3839138, 48.8685309]]}}, {"type": "Feature", "properties": {"highway": "footway", "footway": null, "name": null, "surface": "sett", "lit": null, "length_m": 30.31, "type_element": "Way", "__fid": 101932}, "geometry": {"type": "LineString", "coordinates": [[2.3836969, 48.87106460000001], [2.3837229, 48.8709902], [2.3836987, 48.8709178], [2.3838304, 48.870832]]}}, {"type": "Feature", "properties": {"highway": "footway", "footway": "sidewalk", "name": null, "surface": null, "lit": "yes", "length_m": 9.36, "type_element": "Way", "__fid": 101941}, "geometry": {"type": "LineString", "coordinates": [[2.383850666666873, 48.868256733333375], [2.3837476, 48.8682071]]}}, {"type": "Feature", "properties": {"highway": "footway", "footway": null, "name": null, "surface": null, "lit": null, "length_m": 29.29, "type_element": "Way", "__fid": 101944}, "geometry": {"type": "LineString", "coordinates": [[2.3837386, 48.8692307], [2.38406, 48.8693136], [2.3840804, 48.86928050000002]]}}, {"type": "Feature", "properties": {"highway": "footway", "footway": null, "name": null, "surface": null, "lit": null, "length_m": 27.6, "type_element": "Way", "__fid": 101945}, "geometry": {"type": "LineString", "coordinates": [[2.3838809, 48.86900089999999], [2.3837386, 48.8692307]]}}, {"type": "Feature", "properties": {"highway": "footway", "footway": "sidewalk", "name": null, "surface": null, "lit": "yes", "length_m": 14.57, "type_element": "Way", "__fid": 101949}, "geometry": {"type": "LineString", "coordinates": [[2.3837581, 48.8683684], [2.383829, 48.86831520000001], [2.383850666666873, 48.868256733333375]]}}, {"type": "Feature", "properties": {"highway": "footway", "footway": null, "name": "Cité de l'Avenir", "surface": null, "lit": null, "length_m": 5.74, "type_element": "Way", "__fid": 101958}, "geometry": {"type": "LineString", "coordinates": [[2.3838715, 48.8658786], [2.3838032, 48.8658534]]}}, {"type": "Feature", "properties": {"highway": "footway", "footway": "sidewalk", "name": null, "surface": "asphalt", "lit": "yes", "length_m": 35.93, "type_element": "Way", "__fid": 101959}, "geometry": {"type": "LineString", "coordinates": [[2.3838032, 48.8658534], [2.384098300000013, 48.86559553333332]]}}, {"type": "Feature", "properties": {"highway": "service", "footway": null, "name": "Allée Georges Rouault", "surface": null, "lit": null, "length_m": 44.39, "type_element": "Way", "__fid": 101972}, "geometry": {"type": "LineString", "coordinates": [[2.3843409, 48.8697719], [2.3837809, 48.8696206]]}}, {"type": "Feature", "properties": {"highway": "footway", "footway": null, "name": null, "surface": null, "lit": null, "length_m": 6.94, "type_element": "Way", "__fid": 101977}, "geometry": {"type": "LineString", "coordinates": [[2.3838809, 48.86900089999999], [2.3837933, 48.8689774]]}}, {"type": "Feature", "properties": {"highway": "footway", "footway": "sidewalk", "name": null, "surface": "asphalt", "lit": "yes", "length_m": 31.88, "type_element": "Way", "__fid": 101986}, "geometry": {"type": "LineString", "coordinates": [[2.3840916, 48.8661495], [2.3838341, 48.8663804]]}}, {"type": "Feature", "properties": {"highway": "footway", "footway": "crossing", "name": null, "surface": "asphalt", "lit": "yes", "length_m": 22.64, "type_element": "Way", "__fid": 101987}, "geometry": {"type": "LineString", "coordinates": [[2.3840916, 48.8661495], [2.3838449, 48.8660271]]}}, {"type": "Feature", "properties": {"highway": "footway", "footway": "sidewalk", "name": null, "surface": "asphalt", "lit": "yes", "length_m": 122.71, "type_element": "Way", "__fid": 101988}, "geometry": {"type": "LineString", "coordinates": [[2.3838449, 48.8660271], [2.3848372, 48.86513870000001]]}}, {"type": "Feature", "properties": {"highway": "footway", "footway": "crossing", "name": null, "surface": "asphalt", "lit": "yes", "length_m": 15.62, "type_element": "Way", "__fid": 102011}, "geometry": {"type": "LineString", "coordinates": [[2.3840133, 48.868341499999985], [2.3840037, 48.8683227], [2.383850666666873, 48.868256733333375]]}}, {"type": "Feature", "properties": {"highway": "footway", "footway": "crossing", "name": null, "surface": "asphalt", "lit": "yes", "length_m": 8.61, "type_element": "Way", "__fid": 102012}, "geometry": {"type": "LineString", "coordinates": [[2.383910866666786, 48.86819023333336], [2.383850666666873, 48.868256733333375]]}}, {"type": "Feature", "properties": {"highway": "footway", "footway": null, "name": null, "surface": "sett", "lit": null, "length_m": 34.52, "type_element": "Way", "__fid": 102018}, "geometry": {"type": "LineString", "coordinates": [[2.3838304, 48.870832], [2.3838858, 48.8709052], [2.3839069, 48.870976], [2.3839029, 48.8710387], [2.3838587, 48.8711278]]}}, {"type": "Feature", "properties": {"highway": "footway", "footway": null, "name": null, "surface": "concrete", "lit": null, "length_m": 21.03, "type_element": "Way", "__fid": 102019}, "geometry": {"type": "LineString", "coordinates": [[2.3838304, 48.870832], [2.3840084, 48.8707264], [2.3840419, 48.8707484]]}}, {"type": "Feature", "properties": {"highway": "footway", "footway": null, "name": null, "surface": null, "lit": null, "length_m": 24.5, "type_element": "Way", "__fid": 102040}, "geometry": {"type": "LineString", "coordinates": [[2.3840077, 48.8687971], [2.3838809, 48.86900089999999]]}}, {"type": "Feature", "properties": {"highway": "footway", "footway": null, "name": null, "surface": null, "lit": null, "length_m": 6.91, "type_element": "Way", "__fid": 102071}, "geometry": {"type": "LineString", "coordinates": [[2.3840077, 48.8687971], [2.3839209, 48.868773]]}}, {"type": "Feature", "properties": {"highway": "footway", "footway": "sidewalk", "name": null, "surface": null, "lit": "yes", "length_m": 6.11, "type_element": "Way", "__fid": 102089}, "geometry": {"type": "LineString", "coordinates": [[2.3839739, 48.8705642], [2.3839237, 48.870608]]}}, {"type": "Feature", "properties": {"highway": "footway", "footway": null, "name": null, "surface": "asphalt", "lit": "no", "length_m": 4.16, "type_element": "Way", "__fid": 102124}, "geometry": {"type": "LineString", "coordinates": [[2.3839858, 48.8682578], [2.3840195, 48.8682277]]}}, {"type": "Feature", "properties": {"highway": "pedestrian", "footway": null, "name": "Rue Vilin", "surface": "asphalt", "lit": "yes", "length_m": 9.45, "type_element": "Way", "__fid": 102132}, "geometry": {"type": "LineString", "coordinates": [[2.3839739, 48.8705642], [2.3840561, 48.8706296]]}}, {"type": "Feature", "properties": {"highway": "footway", "footway": "sidewalk", "name": null, "surface": null, "lit": "yes", "length_m": 42.59, "type_element": "Way", "__fid": 102133}, "geometry": {"type": "LineString", "coordinates": [[2.384228, 48.8702198], [2.3839739, 48.8705642]]}}, {"type": "Feature", "properties": {"highway": "footway", "footway": null, "name": null, "surface": null, "lit": null, "length_m": 17.51, "type_element": "Way", "__fid": 102144}, "geometry": {"type": "LineString", "coordinates": [[2.3842303, 48.868854], [2.3840077, 48.8687971]]}}, {"type": "Feature", "properties": {"highway": "footway", "footway": null, "name": null, "surface": null, "lit": null, "length_m": 24.82, "type_element": "Way", "__fid": 102145}, "geometry": {"type": "LineString", "coordinates": [[2.3841351, 48.8685903], [2.3840077, 48.8687971]]}}, {"type": "Feature", "properties": {"highway": "footway", "footway": "sidewalk", "name": null, "surface": "asphalt", "lit": null, "length_m": 25.81, "type_element": "Way", "__fid": 102146}, "geometry": {"type": "LineString", "coordinates": [[2.3843241, 48.8684331], [2.3840734, 48.8683355], [2.3840133, 48.868341499999985]]}}, {"type": "Feature", "properties": {"highway": "footway", "footway": "sidewalk", "name": null, "surface": null, "lit": "yes", "length_m": 109.45, "type_element": "Way", "__fid": 102160}, "geometry": {"type": "LineString", "coordinates": [[2.385293599999835, 48.868739900000115], [2.3840195, 48.8682277]]}}, {"type": "Feature", "properties": {"highway": "footway", "footway": null, "name": null, "surface": "asphalt", "lit": "no", "length_m": 46.25, "type_element": "Way", "__fid": 102161}, "geometry": {"type": "LineString", "coordinates": [[2.3840195, 48.8682277], [2.3842931, 48.867853]]}}, {"type": "Feature", "properties": {"highway": "steps", "footway": null, "name": null, "surface": null, "lit": null, "length_m": 15.01, "type_element": "Way", "__fid": 102168}, "geometry": {"type": "LineString", "coordinates": [[2.3840242, 48.86925340000001], [2.3839685, 48.8692397], [2.3839618, 48.869251], [2.3840804, 48.86928050000002]]}}, {"type": "Feature", "properties": {"highway": "footway", "footway": null, "name": null, "surface": null, "lit": null, "length_m": 6.79, "type_element": "Way", "__fid": 102178}, "geometry": {"type": "LineString", "coordinates": [[2.3841351, 48.8685903], [2.3840496, 48.8685669]]}}, {"type": "Feature", "properties": {"highway": "footway", "footway": "sidewalk", "name": null, "surface": "asphalt", "lit": "yes", "length_m": 4.13, "type_element": "Way", "__fid": 102192}, "geometry": {"type": "LineString", "coordinates": [[2.3841248, 48.86611950000001], [2.3840916, 48.8661495]]}}, {"type": "Feature", "properties": {"highway": "footway", "footway": "crossing", "name": null, "surface": "asphalt", "lit": "yes", "length_m": 4.49, "type_element": "Way", "__fid": 102193}, "geometry": {"type": "LineString", "coordinates": [[2.384098300000013, 48.86559553333332], [2.384134733333355, 48.86556313333334]]}}, {"type": "Feature", "properties": {"highway": "footway", "footway": null, "name": null, "surface": "concrete", "lit": null, "length_m": 18.34, "type_element": "Way", "__fid": 102199}, "geometry": {"type": "LineString", "coordinates": [[2.3840419, 48.8707484], [2.3842078, 48.8708718]]}}, {"type": "Feature", "properties": {"highway": "steps", "footway": null, "name": null, "surface": "concrete", "lit": "no", "length_m": 9.41, "type_element": "Way", "__fid": 102200}, "geometry": {"type": "LineString", "coordinates": [[2.3841388, 48.8706929], [2.3840419, 48.8707484]]}}, {"type": "Feature", "properties": {"highway": "footway", "footway": null, "name": null, "surface": "sett", "lit": "yes", "length_m": 9.29, "type_element": "Way", "__fid": 102209}, "geometry": {"type": "LineString", "coordinates": [[2.3841388, 48.8706929], [2.3840561, 48.8706296]]}}, {"type": "Feature", "properties": {"highway": "footway", "footway": "sidewalk", "name": null, "surface": null, "lit": null, "length_m": 5.43, "type_element": "Way", "__fid": 102210}, "geometry": {"type": "LineString", "coordinates": [[2.3840941, 48.870587700000016], [2.3840561, 48.8706296]]}}, {"type": "Feature", "properties": {"highway": "footway", "footway": null, "name": null, "surface": "concrete", "lit": "no", "length_m": 32.47, "type_element": "Way", "__fid": 102213}, "geometry": {"type": "LineString", "coordinates": [[2.3840538, 48.8711979], [2.3841623, 48.8710569], [2.384234, 48.8710164], [2.3843291, 48.8709818]]}}, {"type": "Feature", "properties": {"highway": "footway", "footway": null, "name": null, "surface": "concrete", "lit": "yes", "length_m": 21.36, "type_element": "Way", "__fid": 102216}, "geometry": {"type": "LineString", "coordinates": [[2.3840567, 48.8710343], [2.384109, 48.8709592], [2.3841521, 48.8709129], [2.3842078, 48.8708718]]}}, {"type": "Feature", "properties": {"highway": "footway", "footway": null, "name": null, "surface": "concrete", "lit": "yes", "length_m": 21.66, "type_element": "Way", "__fid": 102217}, "geometry": {"type": "LineString", "coordinates": [[2.3840567, 48.8710343], [2.3841874, 48.87098609999999], [2.3842511, 48.87097340000001], [2.3843291, 48.8709818]]}}, {"type": "Feature", "properties": {"highway": "footway", "footway": null, "name": null, "surface": null, "lit": null, "length_m": 48.06, "type_element": "Way", "__fid": 102218}, "geometry": {"type": "LineString", "coordinates": [[2.3840804, 48.86928050000002], [2.3843274, 48.8688802]]}}, {"type": "Feature", "properties": {"highway": "footway", "footway": "sidewalk", "name": null, "surface": "asphalt", "lit": "yes", "length_m": 101.05, "type_element": "Way", "__fid": 102222}, "geometry": {"type": "LineString", "coordinates": [[2.3853381, 48.866549800000016], [2.3841248, 48.86611950000001]]}}, {"type": "Feature", "properties": {"highway": "footway", "footway": "crossing", "name": null, "surface": "asphalt", "lit": "yes", "length_m": 8.29, "type_element": "Way", "__fid": 102223}, "geometry": {"type": "LineString", "coordinates": [[2.3841975, 48.8660624], [2.3841248, 48.86611950000001]]}}, {"type": "Feature", "properties": {"highway": "footway", "footway": "sidewalk", "name": null, "surface": "asphalt", "lit": "yes", "length_m": 41.16, "type_element": "Way", "__fid": 102227}, "geometry": {"type": "LineString", "coordinates": [[2.384134733333355, 48.86556313333334], [2.3844436, 48.8652931], [2.3844476, 48.8652613]]}}, {"type": "Feature", "properties": {"highway": "footway", "footway": null, "name": null, "surface": "asphalt", "lit": "yes", "length_m": 20.1, "type_element": "Way", "__fid": 102240}, "geometry": {"type": "LineString", "coordinates": [[2.3840941, 48.870587700000016], [2.3841398, 48.8705963], [2.3843659, 48.8706058]]}}, {"type": "Feature", "properties": {"highway": "footway", "footway": "sidewalk", "name": null, "surface": null, "lit": null, "length_m": 40.87, "type_element": "Way", "__fid": 102241}, "geometry": {"type": "LineString", "coordinates": [[2.384343, 48.87025890000001], [2.3840941, 48.870587700000016]]}}, {"type": "Feature", "properties": {"highway": "footway", "footway": null, "name": null, "surface": null, "lit": null, "length_m": 17.29, "type_element": "Way", "__fid": 102258}, "geometry": {"type": "LineString", "coordinates": [[2.3843549, 48.8686465], [2.3841351, 48.8685903]]}}, {"type": "Feature", "properties": {"highway": "footway", "footway": null, "name": null, "surface": "sett", "lit": "yes", "length_m": 18.33, "type_element": "Way", "__fid": 102276}, "geometry": {"type": "LineString", "coordinates": [[2.3843107, 48.87081259999999], [2.3841388, 48.8706929]]}}, {"type": "Feature", "properties": {"highway": "footway", "footway": null, "name": null, "surface": "woodchips", "lit": "yes", "length_m": 20.33, "type_element": "Way", "__fid": 102277}, "geometry": {"type": "LineString", "coordinates": [[2.3843659, 48.8706058], [2.3843517, 48.8706269], [2.3843145, 48.8706441], [2.3842079, 48.8706565], [2.3841388, 48.8706929]]}}, {"type": "Feature", "properties": {"highway": "footway", "footway": "sidewalk", "name": null, "surface": null, "lit": "yes", "length_m": 60.16, "type_element": "Way", "__fid": 102284}, "geometry": {"type": "LineString", "coordinates": [[2.3849061, 48.8663305], [2.3842644, 48.8661049], [2.3841975, 48.8660624]]}}, {"type": "Feature", "properties": {"highway": "footway", "footway": "sidewalk", "name": null, "surface": "asphalt", "lit": "yes", "length_m": 97.68, "type_element": "Way", "__fid": 102285}, "geometry": {"type": "LineString", "coordinates": [[2.3849622, 48.865355], [2.3841935, 48.8660218], [2.3841975, 48.8660624]]}}, {"type": "Feature", "properties": {"highway": "footway", "footway": "sidewalk", "name": null, "surface": null, "lit": null, "length_m": 4.06, "type_element": "Way", "__fid": 102314}, "geometry": {"type": "LineString", "coordinates": [[2.3841767, 48.8702061], [2.384228, 48.8702198]]}}, {"type": "Feature", "properties": {"highway": "footway", "footway": "crossing", "name": null, "surface": null, "lit": null, "length_m": 11.03, "type_element": "Way", "__fid": 102315}, "geometry": {"type": "LineString", "coordinates": [[2.3841767, 48.8702061], [2.3842163, 48.8701104]]}}, {"type": "Feature", "properties": {"highway": "service", "footway": null, "name": null, "surface": null, "lit": null, "length_m": 18.34, "type_element": "Way", "__fid": 102332}, "geometry": {"type": "LineString", "coordinates": [[2.3843241, 48.8684331], [2.3842297, 48.8685858]]}}, {"type": "Feature", "properties": {"highway": "service", "footway": null, "name": null, "surface": null, "lit": null, "length_m": 7.7, "type_element": "Way", "__fid": 102335}, "geometry": {"type": "LineString", "coordinates": [[2.3842303, 48.868854], [2.3843274, 48.8688802]]}}, {"type": "Feature", "properties": {"highway": "service", "footway": null, "name": null, "surface": null, "lit": null, "length_m": 24.82, "type_element": "Way", "__fid": 102336}, "geometry": {"type": "LineString", "coordinates": [[2.3843549, 48.8686465], [2.3842303, 48.868854]]}}, {"type": "Feature", "properties": {"highway": "footway", "footway": "sidewalk", "name": null, "surface": null, "lit": null, "length_m": 9.81, "type_element": "Way", "__fid": 102337}, "geometry": {"type": "LineString", "coordinates": [[2.3843484, 48.870124300000015], [2.3842163, 48.8701104]]}}, {"type": "Feature", "properties": {"highway": "footway", "footway": null, "name": null, "surface": "concrete", "lit": "yes", "length_m": 10.02, "type_element": "Way", "__fid": 102338}, "geometry": {"type": "LineString", "coordinates": [[2.3842078, 48.8708718], [2.3843107, 48.87081259999999]]}}, {"type": "Feature", "properties": {"highway": "footway", "footway": "crossing", "name": null, "surface": null, "lit": "yes", "length_m": 9.49, "type_element": "Way", "__fid": 102346}, "geometry": {"type": "LineString", "coordinates": [[2.384228, 48.8702198], [2.384343, 48.87025890000001]]}}, {"type": "Feature", "properties": {"highway": "footway", "footway": "sidewalk", "name": null, "surface": "asphalt", "lit": "yes", "length_m": 115.18, "type_element": "Way", "__fid": 102367}, "geometry": {"type": "LineString", "coordinates": [[2.3842931, 48.867853], [2.3857594, 48.86822350000002]]}}, {"type": "Feature", "properties": {"highway": "footway", "footway": null, "name": null, "surface": "asphalt", "lit": "no", "length_m": 5.75, "type_element": "Way", "__fid": 102368}, "geometry": {"type": "LineString", "coordinates": [[2.3842931, 48.867853], [2.3843231, 48.86780520000002]]}}, {"type": "Feature", "properties": {"highway": "footway", "footway": "sidewalk", "name": null, "surface": "asphalt", "lit": null, "length_m": 10.98, "type_element": "Way", "__fid": 102389}, "geometry": {"type": "LineString", "coordinates": [[2.3844512, 48.86848529999998], [2.3843241, 48.8684331]]}}, {"type": "Feature", "properties": {"highway": "service", "footway": null, "name": null, "surface": null, "lit": null, "length_m": 3.89, "type_element": "Way", "__fid": 102390}, "geometry": {"type": "LineString", "coordinates": [[2.384344, 48.8684007], [2.3843241, 48.8684331]]}}, {"type": "Feature", "properties": {"highway": "service", "footway": null, "name": null, "surface": null, "lit": null, "length_m": 16.36, "type_element": "Way", "__fid": 102399}, "geometry": {"type": "LineString", "coordinates": [[2.3843274, 48.8688802], [2.3845338, 48.8689359]]}}, {"type": "Feature", "properties": {"highway": "footway", "footway": null, "name": null, "surface": null, "lit": null, "length_m": 20.49, "type_element": "Way", "__fid": 102402}, "geometry": {"type": "LineString", "coordinates": [[2.3843409, 48.8697719], [2.3844087, 48.8696603], [2.3843222, 48.8696312]]}}, {"type": "Feature", "properties": {"highway": "steps", "footway": null, "name": null, "surface": null, "lit": null, "length_m": 8.06, "type_element": "Way", "__fid": 102403}, "geometry": {"type": "LineString", "coordinates": [[2.3843626, 48.86956380000002], [2.3843222, 48.8696312]]}}, {"type": "Feature", "properties": {"highway": "footway", "footway": null, "name": null, "surface": "sett", "lit": "yes", "length_m": 22.48, "type_element": "Way", "__fid": 102404}, "geometry": {"type": "LineString", "coordinates": [[2.3845118, 48.8709651], [2.3843107, 48.87081259999999]]}}, {"type": "Feature", "properties": {"highway": "footway", "footway": null, "name": null, "surface": "concrete", "lit": "yes", "length_m": 25.35, "type_element": "Way", "__fid": 102405}, "geometry": {"type": "LineString", "coordinates": [[2.3843107, 48.87081259999999], [2.3843798, 48.8707614], [2.384418, 48.8707061], [2.3844455, 48.8706091]]}}, {"type": "Feature", "properties": {"highway": "service", "footway": null, "name": "Allée Georges Rouault", "surface": null, "lit": null, "length_m": 35.19, "type_element": "Way", "__fid": 102411}, "geometry": {"type": "LineString", "coordinates": [[2.3847823, 48.86989579999999], [2.3843409, 48.8697719]]}}, {"type": "Feature", "properties": {"highway": "service", "footway": null, "name": null, "surface": null, "lit": null, "length_m": 19.27, "type_element": "Way", "__fid": 102412}, "geometry": {"type": "LineString", "coordinates": [[2.3844512, 48.86848529999998], [2.3843549, 48.8686465]]}}, {"type": "Feature", "properties": {"highway": "footway", "footway": null, "name": null, "surface": "concrete", "lit": "yes", "length_m": 13.72, "type_element": "Way", "__fid": 102413}, "geometry": {"type": "LineString", "coordinates": [[2.3843291, 48.8709818], [2.3844664, 48.8709784], [2.3845118, 48.8709651]]}}, {"type": "Feature", "properties": {"highway": "footway", "footway": "sidewalk", "name": null, "surface": null, "lit": null, "length_m": 21.26, "type_element": "Way", "__fid": 102415}, "geometry": {"type": "LineString", "coordinates": [[2.3846261, 48.8702711], [2.3843885, 48.8702464], [2.384343, 48.87025890000001]]}}, {"type": "Feature", "properties": {"highway": "footway", "footway": "crossing", "name": null, "surface": null, "lit": null, "length_m": 25.97, "type_element": "Way", "__fid": 102418}, "geometry": {"type": "LineString", "coordinates": [[2.3846984, 48.8701596], [2.3843484, 48.870124300000015]]}}, {"type": "Feature", "properties": {"highway": "footway", "footway": "sidewalk", "name": null, "surface": "asphalt", "lit": null, "length_m": 40.73, "type_element": "Way", "__fid": 102419}, "geometry": {"type": "LineString", "coordinates": [[2.3843484, 48.870124300000015], [2.3847823, 48.86989579999999]]}}, {"type": "Feature", "properties": {"highway": "footway", "footway": null, "name": null, "surface": null, "lit": null, "length_m": 11.79, "type_element": "Way", "__fid": 102430}, "geometry": {"type": "LineString", "coordinates": [[2.3843626, 48.86956380000002], [2.384455, 48.8695734], [2.3844806, 48.8695324]]}}, {"type": "Feature", "properties": {"highway": "footway", "footway": null, "name": null, "surface": "asphalt", "lit": "yes", "length_m": 5.85, "type_element": "Way", "__fid": 102444}, "geometry": {"type": "LineString", "coordinates": [[2.3843659, 48.8706058], [2.3844455, 48.8706091]]}}, {"type": "Feature", "properties": {"highway": "footway", "footway": "crossing", "name": null, "surface": "asphalt", "lit": "yes", "length_m": 10.62, "type_element": "Way", "__fid": 102466}, "geometry": {"type": "LineString", "coordinates": [[2.3844476, 48.8652613], [2.3844778, 48.86526], [2.384543133333527, 48.86519793333338]]}}, {"type": "Feature", "properties": {"highway": "pedestrian", "footway": null, "name": "Rue des Couronnes", "surface": null, "lit": "yes", "length_m": 11.57, "type_element": "Way", "__fid": 102494}, "geometry": {"type": "LineString", "coordinates": [[2.3844291, 48.8702038], [2.3845836, 48.8702246]]}}, {"type": "Feature", "properties": {"highway": "footway", "footway": "sidewalk", "name": null, "surface": "asphalt", "lit": null, "length_m": 66.93, "type_element": "Way", "__fid": 102495}, "geometry": {"type": "LineString", "coordinates": [[2.3852338, 48.8687947], [2.3844512, 48.86848529999998]]}}, {"type": "Feature", "properties": {"highway": "service", "footway": null, "name": null, "surface": null, "lit": null, "length_m": 4.02, "type_element": "Way", "__fid": 102496}, "geometry": {"type": "LineString", "coordinates": [[2.3844729, 48.8684521], [2.3844512, 48.86848529999998]]}}, {"type": "Feature", "properties": {"highway": "footway", "footway": null, "name": null, "surface": "asphalt", "lit": "yes", "length_m": 37.68, "type_element": "Way", "__fid": 102513}, "geometry": {"type": "LineString", "coordinates": [[2.3844455, 48.8706091], [2.3849589, 48.8706211]]}}, {"type": "Feature", "properties": {"highway": "footway", "footway": null, "name": null, "surface": null, "lit": null, "length_m": 1.66, "type_element": "Way", "__fid": 102516}, "geometry": {"type": "LineString", "coordinates": [[2.3844806, 48.8695324], [2.3844597, 48.8695267]]}}, {"type": "Feature", "properties": {"highway": "service", "footway": null, "name": null, "surface": null, "lit": null, "length_m": 23.47, "type_element": "Way", "__fid": 102517}, "geometry": {"type": "LineString", "coordinates": [[2.384581, 48.8693314], [2.3844597, 48.8695267]]}}, {"type": "Feature", "properties": {"highway": "footway", "footway": null, "name": null, "surface": null, "lit": null, "length_m": 10.13, "type_element": "Way", "__fid": 102524}, "geometry": {"type": "LineString", "coordinates": [[2.3846083, 48.869567], [2.3844806, 48.8695324]]}}, {"type": "Feature", "properties": {"highway": "footway", "footway": "sidewalk", "name": null, "surface": "asphalt", "lit": "yes", "length_m": 19.2, "type_element": "Way", "__fid": 102531}, "geometry": {"type": "LineString", "coordinates": [[2.3847098, 48.8650654], [2.384584, 48.8651736], [2.384543133333527, 48.86519793333338]]}}, {"type": "Feature", "properties": {"highway": "service", "footway": null, "name": null, "surface": null, "lit": null, "length_m": 18.0, "type_element": "Way", "__fid": 102559}, "geometry": {"type": "LineString", "coordinates": [[2.3845338, 48.8689359], [2.3847609, 48.8689972]]}}, {"type": "Feature", "properties": {"highway": "footway", "footway": null, "name": null, "surface": null, "lit": null, "length_m": 15.92, "type_element": "Way", "__fid": 102560}, "geometry": {"type": "LineString", "coordinates": [[2.3845338, 48.8689359], [2.3846129, 48.8688026]]}}, {"type": "Feature", "properties": {"highway": "steps", "footway": null, "name": null, "surface": "asphalt", "lit": "yes", "length_m": 5.92, "type_element": "Way", "__fid": 102563}, "geometry": {"type": "LineString", "coordinates": [[2.3845668, 48.871004099999986], [2.3845118, 48.8709651]]}}, {"type": "Feature", "properties": {"highway": "footway", "footway": null, "name": null, "surface": "concrete", "lit": "yes", "length_m": 53.97, "type_element": "Way", "__fid": 102564}, "geometry": {"type": "LineString", "coordinates": [[2.3845118, 48.8709651], [2.3846561, 48.8709161], [2.3847329, 48.8709054], [2.3848676, 48.870906], [2.3850198, 48.8709186], [2.3851053, 48.8709111], [2.3852121, 48.8708741]]}}, {"type": "Feature", "properties": {"highway": "footway", "footway": null, "name": null, "surface": null, "lit": null, "length_m": 11.83, "type_element": "Way", "__fid": 102594}, "geometry": {"type": "LineString", "coordinates": [[2.3847298, 48.8693725], [2.384581, 48.8693314]]}}, {"type": "Feature", "properties": {"highway": "service", "footway": null, "name": null, "surface": null, "lit": null, "length_m": 24.09, "type_element": "Way", "__fid": 102595}, "geometry": {"type": "LineString", "coordinates": [[2.3847056, 48.869131], [2.384581, 48.8693314]]}}, {"type": "Feature", "properties": {"highway": "pedestrian", "footway": null, "name": "Rue des Couronnes", "surface": null, "lit": "yes", "length_m": 7.14, "type_element": "Way", "__fid": 102608}, "geometry": {"type": "LineString", "coordinates": [[2.3845836, 48.8702246], [2.3846793, 48.870236100000014]]}}, {"type": "Feature", "properties": {"highway": "pedestrian", "footway": null, "name": "Passage Julien Lacroix", "surface": "sett", "lit": "yes", "length_m": 6.04, "type_element": "Way", "__fid": 102609}, "geometry": {"type": "LineString", "coordinates": [[2.3845836, 48.8702246], [2.3846261, 48.8702711]]}}, {"type": "Feature", "properties": {"highway": "footway", "footway": null, "name": null, "surface": null, "lit": null, "length_m": 11.85, "type_element": "Way", "__fid": 102616}, "geometry": {"type": "LineString", "coordinates": [[2.3847627, 48.8688425], [2.3846129, 48.8688026]]}}, {"type": "Feature", "properties": {"highway": "footway", "footway": null, "name": null, "surface": null, "lit": null, "length_m": 11.99, "type_element": "Way", "__fid": 102617}, "geometry": {"type": "LineString", "coordinates": [[2.3846129, 48.8688026], [2.3846747, 48.868702800000015]]}}, {"type": "Feature", "properties": {"highway": "footway", "footway": "sidewalk", "name": null, "surface": null, "lit": null, "length_m": 3.33, "type_element": "Way", "__fid": 102639}, "geometry": {"type": "LineString", "coordinates": [[2.3846709, 48.8702758], [2.3846261, 48.8702711]]}}, {"type": "Feature", "properties": {"highway": "footway", "footway": null, "name": "Passage Julien Lacroix", "surface": "sett", "lit": "yes", "length_m": 17.49, "type_element": "Way", "__fid": 102640}, "geometry": {"type": "LineString", "coordinates": [[2.3846261, 48.8702711], [2.3847484, 48.8704061]]}}, {"type": "Feature", "properties": {"highway": "footway", "footway": "crossing", "name": null, "surface": "asphalt", "lit": "yes", "length_m": 12.4, "type_element": "Way", "__fid": 102655}, "geometry": {"type": "LineString", "coordinates": [[2.3847098, 48.8650654], [2.3848372, 48.86513870000001]]}}, {"type": "Feature", "properties": {"highway": "footway", "footway": null, "name": null, "surface": "concrete", "lit": "no", "length_m": 50.32, "type_element": "Way", "__fid": 102669}, "geometry": {"type": "LineString", "coordinates": [[2.3853224, 48.8709902], [2.3851862, 48.87103490000001], [2.3850444, 48.871047], [2.3847349, 48.87105249999998], [2.3846573, 48.8710685]]}}, {"type": "Feature", "properties": {"highway": "footway", "footway": "sidewalk", "name": null, "surface": null, "lit": null, "length_m": 70.41, "type_element": "Way", "__fid": 102671}, "geometry": {"type": "LineString", "coordinates": [[2.3846709, 48.8702758], [2.3856232, 48.8703554]]}}, {"type": "Feature", "properties": {"highway": "footway", "footway": "crossing", "name": null, "surface": null, "lit": null, "length_m": 4.46, "type_element": "Way", "__fid": 102672}, "geometry": {"type": "LineString", "coordinates": [[2.3846793, 48.870236100000014], [2.3846709, 48.8702758]]}}, {"type": "Feature", "properties": {"highway": "pedestrian", "footway": null, "name": "Rue des Couronnes", "surface": null, "lit": "yes", "length_m": 110.57, "type_element": "Way", "__fid": 102677}, "geometry": {"type": "LineString", "coordinates": [[2.3846793, 48.870236100000014], [2.386175, 48.8703596]]}}, {"type": "Feature", "properties": {"highway": "footway", "footway": "sidewalk", "name": null, "surface": null, "lit": null, "length_m": 8.62, "type_element": "Way", "__fid": 102678}, "geometry": {"type": "LineString", "coordinates": [[2.3846793, 48.870236100000014], [2.3846984, 48.8701596]]}}, {"type": "Feature", "properties": {"highway": "footway", "footway": null, "name": null, "surface": null, "lit": null, "length_m": 11.87, "type_element": "Way", "__fid": 102682}, "geometry": {"type": "LineString", "coordinates": [[2.3847056, 48.869131], [2.3848566, 48.8691693]]}}, {"type": "Feature", "properties": {"highway": "service", "footway": null, "name": null, "surface": null, "lit": null, "length_m": 15.31, "type_element": "Way", "__fid": 102683}, "geometry": {"type": "LineString", "coordinates": [[2.3847848, 48.8690036], [2.3847056, 48.869131]]}}, {"type": "Feature", "properties": {"highway": "footway", "footway": "sidewalk", "name": null, "surface": "asphalt", "lit": "yes", "length_m": 25.87, "type_element": "Way", "__fid": 102684}, "geometry": {"type": "LineString", "coordinates": [[2.3850482, 48.8701894], [2.3846984, 48.8701596]]}}, {"type": "Feature", "properties": {"highway": "footway", "footway": "sidewalk", "name": null, "surface": null, "lit": null, "length_m": 93.68, "type_element": "Way", "__fid": 102685}, "geometry": {"type": "LineString", "coordinates": [[2.3846984, 48.8701596], [2.3848033, 48.8700555], [2.384922, 48.8699955], [2.3851899, 48.8698253], [2.3853673, 48.8696857], [2.3855141, 48.86952070000002]]}}, {"type": "Feature", "properties": {"highway": "footway", "footway": null, "name": null, "surface": null, "lit": null, "length_m": 30.71, "type_element": "Way", "__fid": 102713}, "geometry": {"type": "LineString", "coordinates": [[2.385151, 48.8689458], [2.3847627, 48.8688425]]}}, {"type": "Feature", "properties": {"highway": "footway", "footway": null, "name": null, "surface": null, "lit": null, "length_m": 17.2, "type_element": "Way", "__fid": 102714}, "geometry": {"type": "LineString", "coordinates": [[2.3847627, 48.8688425], [2.3847609, 48.8689972]]}}, {"type": "Feature", "properties": {"highway": "service", "footway": null, "name": null, "surface": null, "lit": null, "length_m": 1.89, "type_element": "Way", "__fid": 102715}, "geometry": {"type": "LineString", "coordinates": [[2.3847609, 48.8689972], [2.3847848, 48.8690036]]}}, {"type": "Feature", "properties": {"highway": "footway", "footway": null, "name": null, "surface": "paved", "lit": "yes", "length_m": 48.0, "type_element": "Way", "__fid": 102719}, "geometry": {"type": "LineString", "coordinates": [[2.3849589, 48.8706211], [2.3849887, 48.8705839], [2.3850484, 48.8704114], [2.3850139, 48.870394699999984], [2.3848184, 48.87037749999999], [2.3847484, 48.8704061]]}}, {"type": "Feature", "properties": {"highway": "service", "footway": null, "name": null, "surface": null, "lit": null, "length_m": 22.18, "type_element": "Way", "__fid": 102741}, "geometry": {"type": "LineString", "coordinates": [[2.3847848, 48.8690036], [2.3850625, 48.8690825]]}}, {"type": "Feature", "properties": {"highway": "footway", "footway": "crossing", "name": null, "surface": "asphalt", "lit": "yes", "length_m": 20.09, "type_element": "Way", "__fid": 102749}, "geometry": {"type": "LineString", "coordinates": [[2.3848372, 48.86513870000001], [2.3850231, 48.86523060000001], [2.3850618, 48.8652405]]}}, {"type": "Feature", "properties": {"highway": "footway", "footway": "crossing", "name": null, "surface": "asphalt", "lit": "yes", "length_m": 10.02, "type_element": "Way", "__fid": 102750}, "geometry": {"type": "LineString", "coordinates": [[2.3848372, 48.86513870000001], [2.3848543, 48.8651173], [2.3849317, 48.8650756]]}}, {"type": "Feature", "properties": {"highway": "service", "footway": null, "name": "Allée Georges Rouault", "surface": null, "lit": null, "length_m": 8.25, "type_element": "Way", "__fid": 102752}, "geometry": {"type": "LineString", "coordinates": [[2.3848592, 48.86995], [2.3847823, 48.86989579999999]]}}, {"type": "Feature", "properties": {"highway": "footway", "footway": "sidewalk", "name": null, "surface": "asphalt", "lit": null, "length_m": 51.98, "type_element": "Way", "__fid": 102753}, "geometry": {"type": "LineString", "coordinates": [[2.3847823, 48.86989579999999], [2.3850159, 48.869749200000015], [2.3851242, 48.8696689], [2.3852594, 48.8695517]]}}, {"type": "Feature", "properties": {"highway": "pedestrian", "footway": null, "name": "Passage Monplaisir", "surface": "asphalt", "lit": "yes", "length_m": 10.69, "type_element": "Way", "__fid": 102758}, "geometry": {"type": "LineString", "coordinates": [[2.3849622, 48.865355], [2.3848456, 48.8652973]]}}, {"type": "Feature", "properties": {"highway": "service", "footway": null, "name": "Impasse des Panoyaux", "surface": null, "lit": null, "length_m": 2.94, "type_element": "Way", "__fid": 102787}, "geometry": {"type": "LineString", "coordinates": [[2.3848878, 48.866354], [2.3849061, 48.8663305]]}}, {"type": "Feature", "properties": {"highway": "footway", "footway": "sidewalk", "name": null, "surface": null, "lit": "yes", "length_m": 72.2, "type_element": "Way", "__fid": 102797}, "geometry": {"type": "LineString", "coordinates": [[2.3857918, 48.866351], [2.385658, 48.8663129], [2.385495, 48.86628730000001], [2.3852335, 48.8664108], [2.3849061, 48.8663305]]}}, {"type": "Feature", "properties": {"highway": "service", "footway": null, "name": "Impasse des Panoyaux", "surface": null, "lit": null, "length_m": 43.88, "type_element": "Way", "__fid": 102798}, "geometry": {"type": "LineString", "coordinates": [[2.3849061, 48.8663305], [2.3851684, 48.8659758]]}}, {"type": "Feature", "properties": {"highway": "service", "footway": null, "name": null, "surface": null, "lit": null, "length_m": 14.57, "type_element": "Way", "__fid": 102801}, "geometry": {"type": "LineString", "coordinates": [[2.3849492, 48.8695094], [2.3848728, 48.8696303]]}}, {"type": "Feature", "properties": {"highway": "pedestrian", "footway": null, "name": "Passage Monplaisir", "surface": "asphalt", "lit": "yes", "length_m": 102.0, "type_element": "Way", "__fid": 102829}, "geometry": {"type": "LineString", "coordinates": [[2.3861537, 48.8657929], [2.3858272, 48.86570240000001], [2.3858008, 48.8656861], [2.3857129, 48.8655974], [2.3856841, 48.86558070000002], [2.3850309, 48.8653899], [2.3849622, 48.865355]]}}, {"type": "Feature", "properties": {"highway": "footway", "footway": "sidewalk", "name": null, "surface": "asphalt", "lit": "yes", "length_m": 14.9, "type_element": "Way", "__fid": 102830}, "geometry": {"type": "LineString", "coordinates": [[2.3850618, 48.8652405], [2.3850477, 48.8652772], [2.3849622, 48.865355]]}}, {"type": "Feature", "properties": {"highway": "footway", "footway": null, "name": null, "surface": "asphalt", "lit": "yes", "length_m": 15.26, "type_element": "Way", "__fid": 102858}, "geometry": {"type": "LineString", "coordinates": [[2.3849371, 48.870008300000016], [2.3849753, 48.8700396], [2.385026, 48.87006480000002], [2.3851024, 48.8700873]]}}, {"type": "Feature", "properties": {"highway": "footway", "footway": null, "name": null, "surface": null, "lit": null, "length_m": 20.16, "type_element": "Way", "__fid": 102867}, "geometry": {"type": "LineString", "coordinates": [[2.3852026, 48.8695796], [2.3849492, 48.8695094]]}}, {"type": "Feature", "properties": {"highway": "service", "footway": null, "name": null, "surface": null, "lit": null, "length_m": 7.72, "type_element": "Way", "__fid": 102868}, "geometry": {"type": "LineString", "coordinates": [[2.3850411, 48.869475499999986], [2.3849492, 48.8695094]]}}, {"type": "Feature", "properties": {"highway": "footway", "footway": null, "name": "Passage Julien Lacroix", "surface": "sett", "lit": "yes", "length_m": 33.71, "type_element": "Way", "__fid": 102893}, "geometry": {"type": "LineString", "coordinates": [[2.3849589, 48.8706211], [2.3852121, 48.8708741]]}}, {"type": "Feature", "properties": {"highway": "footway", "footway": null, "name": null, "surface": "concrete", "lit": "yes", "length_m": 45.19, "type_element": "Way", "__fid": 102894}, "geometry": {"type": "LineString", "coordinates": [[2.3854932, 48.8704294], [2.3850397, 48.8706165], [2.3849589, 48.8706211]]}}, {"type": "Feature", "properties": {"highway": "footway", "footway": null, "name": null, "surface": null, "lit": null, "length_m": 9.78, "type_element": "Way", "__fid": 102897}, "geometry": {"type": "LineString", "coordinates": [[2.3851081, 48.8692339], [2.3849831, 48.8692033]]}}, {"type": "Feature", "properties": {"highway": "footway", "footway": "sidewalk", "name": null, "surface": "asphalt", "lit": "yes", "length_m": 10.21, "type_element": "Way", "__fid": 102931}, "geometry": {"type": "LineString", "coordinates": [[2.385184533333504, 48.86520256666669], [2.3851322, 48.8652075], [2.3850618, 48.8652405]]}}, {"type": "Feature", "properties": {"highway": "service", "footway": null, "name": null, "surface": null, "lit": null, "length_m": 18.12, "type_element": "Way", "__fid": 102957}, "geometry": {"type": "LineString", "coordinates": [[2.3850411, 48.869475499999986], [2.3852594, 48.8695517]]}}, {"type": "Feature", "properties": {"highway": "service", "footway": null, "name": null, "surface": null, "lit": null, "length_m": 27.31, "type_element": "Way", "__fid": 102958}, "geometry": {"type": "LineString", "coordinates": [[2.3851081, 48.8692339], [2.3850411, 48.869475499999986]]}}, {"type": "Feature", "properties": {"highway": "footway", "footway": "sidewalk", "name": null, "surface": "asphalt", "lit": "yes", "length_m": 84.0, "type_element": "Way", "__fid": 102962}, "geometry": {"type": "LineString", "coordinates": [[2.3861841, 48.87028530000001], [2.3850482, 48.8701894]]}}, {"type": "Feature", "properties": {"highway": "steps", "footway": null, "name": null, "surface": "concrete", "lit": "yes", "length_m": 12.03, "type_element": "Way", "__fid": 102963}, "geometry": {"type": "LineString", "coordinates": [[2.3850482, 48.8701894], [2.3851024, 48.8700873]]}}, {"type": "Feature", "properties": {"highway": "service", "footway": null, "name": null, "surface": null, "lit": null, "length_m": 14.61, "type_element": "Way", "__fid": 102968}, "geometry": {"type": "LineString", "coordinates": [[2.3850625, 48.8690825], [2.3851007, 48.869104600000014], [2.3851235, 48.86915480000001], [2.3851175, 48.8692001]]}}, {"type": "Feature", "properties": {"highway": "footway", "footway": null, "name": null, "surface": null, "lit": null, "length_m": 16.53, "type_element": "Way", "__fid": 102969}, "geometry": {"type": "LineString", "coordinates": [[2.3850625, 48.8690825], [2.385151, 48.8689458]]}}, {"type": "Feature", "properties": {"highway": "pedestrian", "footway": null, "name": "Rue Victor Letalle", "surface": "asphalt", "lit": "yes", "length_m": 7.56, "type_element": "Way", "__fid": 102976}, "geometry": {"type": "LineString", "coordinates": [[2.3850858, 48.8675494], [2.3851207, 48.8674854]]}}, {"type": "Feature", "properties": {"highway": "footway", "footway": "crossing", "name": null, "surface": "asphalt", "lit": "yes", "length_m": 2.16, "type_element": "Way", "__fid": 102985}, "geometry": {"type": "LineString", "coordinates": [[2.3851207, 48.8674854], [2.385092966666557, 48.86747893333343]]}}, {"type": "Feature", "properties": {"highway": "footway", "footway": "sidewalk", "name": null, "surface": null, "lit": null, "length_m": 110.12, "type_element": "Way", "__fid": 102986}, "geometry": {"type": "LineString", "coordinates": [[2.385092966666557, 48.86747893333343], [2.3854373, 48.8668647], [2.385387, 48.8665684], [2.3853381, 48.866549800000016]]}}, {"type": "Feature", "properties": {"highway": "footway", "footway": "crossing", "name": null, "surface": "asphalt", "lit": "yes", "length_m": 1.97, "type_element": "Way", "__fid": 103013}, "geometry": {"type": "LineString", "coordinates": [[2.385146066666598, 48.867491200000075], [2.3851207, 48.8674854]]}}, {"type": "Feature", "properties": {"highway": "pedestrian", "footway": null, "name": "Rue Victor Letalle", "surface": "asphalt", "lit": "yes", "length_m": 113.17, "type_element": "Way", "__fid": 103014}, "geometry": {"type": "LineString", "coordinates": [[2.3851207, 48.8674854], [2.385466, 48.866877], [2.3854702, 48.8668434], [2.3854196, 48.8665632], [2.3854015, 48.866534299999984], [2.3853772, 48.8665209]]}}, {"type": "Feature", "properties": {"highway": "service", "footway": null, "name": null, "surface": null, "lit": null, "length_m": 3.82, "type_element": "Way", "__fid": 103021}, "geometry": {"type": "LineString", "coordinates": [[2.3851175, 48.8692001], [2.3851081, 48.8692339]]}}, {"type": "Feature", "properties": {"highway": "footway", "footway": null, "name": null, "surface": "asphalt", "lit": "yes", "length_m": 11.88, "type_element": "Way", "__fid": 103030}, "geometry": {"type": "LineString", "coordinates": [[2.3851024, 48.8700873], [2.3852549, 48.87012330000002]]}}, {"type": "Feature", "properties": {"highway": "footway", "footway": null, "name": null, "surface": null, "lit": null, "length_m": 38.63, "type_element": "Way", "__fid": 103033}, "geometry": {"type": "LineString", "coordinates": [[2.3854182, 48.86901619999998], [2.3852818, 48.8692325], [2.3851175, 48.8692001]]}}, {"type": "Feature", "properties": {"highway": "footway", "footway": "sidewalk", "name": null, "surface": "asphalt", "lit": "yes", "length_m": 105.23, "type_element": "Way", "__fid": 103039}, "geometry": {"type": "LineString", "coordinates": [[2.385143, 48.8676115], [2.3864881, 48.8679403]]}}, {"type": "Feature", "properties": {"highway": "footway", "footway": "crossing", "name": null, "surface": "asphalt", "lit": "yes", "length_m": 10.42, "type_element": "Way", "__fid": 103040}, "geometry": {"type": "LineString", "coordinates": [[2.3851936, 48.8675239], [2.385143, 48.8676115]]}}, {"type": "Feature", "properties": {"highway": "footway", "footway": "sidewalk", "name": null, "surface": null, "lit": "yes", "length_m": 117.24, "type_element": "Way", "__fid": 103042}, "geometry": {"type": "LineString", "coordinates": [[2.3854417, 48.8664842], [2.3855118, 48.8668594], [2.385146066666598, 48.867491200000075]]}}, {"type": "Feature", "properties": {"highway": "footway", "footway": "sidewalk", "name": null, "surface": null, "lit": "yes", "length_m": 5.04, "type_element": "Way", "__fid": 103043}, "geometry": {"type": "LineString", "coordinates": [[2.385146066666598, 48.867491200000075], [2.3851936, 48.8675239]]}}, {"type": "Feature", "properties": {"highway": "footway", "footway": "sidewalk", "name": null, "surface": "asphalt", "lit": "yes", "length_m": 91.59, "type_element": "Way", "__fid": 103063}, "geometry": {"type": "LineString", "coordinates": [[2.3863332, 48.8655022], [2.3856989, 48.86535], [2.3856251, 48.865312], [2.3851812, 48.8652079], [2.385184533333504, 48.86520256666669]]}}, {"type": "Feature", "properties": {"highway": "footway", "footway": "crossing", "name": null, "surface": "asphalt", "lit": "yes", "length_m": 5.51, "type_element": "Way", "__fid": 103064}, "geometry": {"type": "LineString", "coordinates": [[2.385184533333504, 48.86520256666669], [2.3852268, 48.8651616]]}}, {"type": "Feature", "properties": {"highway": "footway", "footway": null, "name": null, "surface": null, "lit": null, "length_m": 21.11, "type_element": "Way", "__fid": 103069}, "geometry": {"type": "LineString", "coordinates": [[2.385151, 48.8689458], [2.3854182, 48.86901619999998]]}}, {"type": "Feature", "properties": {"highway": "footway", "footway": "sidewalk", "name": null, "surface": "asphalt", "lit": "yes", "length_m": 9.37, "type_element": "Way", "__fid": 103080}, "geometry": {"type": "LineString", "coordinates": [[2.3851936, 48.8675239], [2.3853138, 48.867552400000015]]}}, {"type": "Feature", "properties": {"highway": "service", "footway": null, "name": null, "surface": null, "lit": null, "length_m": 37.08, "type_element": "Way", "__fid": 103084}, "geometry": {"type": "LineString", "coordinates": [[2.3852887, 48.869521], [2.385214, 48.86948609999998], [2.385155, 48.8694354], [2.3851443, 48.8694067], [2.3851785, 48.869228499999984]]}}, {"type": "Feature", "properties": {"highway": "footway", "footway": "sidewalk", "name": null, "surface": "asphalt", "lit": "yes", "length_m": 89.37, "type_element": "Way", "__fid": 103085}, "geometry": {"type": "LineString", "coordinates": [[2.3852268, 48.8651616], [2.3863701, 48.86543910000001]]}}, {"type": "Feature", "properties": {"highway": "footway", "footway": "sidewalk", "name": null, "surface": "asphalt", "lit": "yes", "length_m": 74.6, "type_element": "Way", "__fid": 103086}, "geometry": {"type": "LineString", "coordinates": [[2.3858326, 48.8646228], [2.3852268, 48.8651616]]}}, {"type": "Feature", "properties": {"highway": "footway", "footway": "sidewalk", "name": null, "surface": "asphalt", "lit": null, "length_m": 38.14, "type_element": "Way", "__fid": 103131}, "geometry": {"type": "LineString", "coordinates": [[2.3856546, 48.8689837], [2.3856385, 48.8689528], [2.3852338, 48.8687947]]}}, {"type": "Feature", "properties": {"highway": "footway", "footway": "crossing", "name": null, "surface": null, "lit": "yes", "length_m": 7.51, "type_element": "Way", "__fid": 103132}, "geometry": {"type": "LineString", "coordinates": [[2.385293599999835, 48.868739900000115], [2.3852338, 48.8687947]]}}, {"type": "Feature", "properties": {"highway": "steps", "footway": null, "name": "Passage Julien Lacroix", "surface": "asphalt", "lit": "yes", "length_m": 15.24, "type_element": "Way", "__fid": 103135}, "geometry": {"type": "LineString", "coordinates": [[2.3852121, 48.8708741], [2.3853224, 48.8709902]]}}, {"type": "Feature", "properties": {"highway": "footway", "footway": null, "name": null, "surface": "concrete", "lit": "yes", "length_m": 53.12, "type_element": "Way", "__fid": 103136}, "geometry": {"type": "LineString", "coordinates": [[2.3852121, 48.8708741], [2.3857953, 48.8706405], [2.3858242, 48.8706205]]}}, {"type": "Feature", "properties": {"highway": "pedestrian", "footway": null, "name": "Rue Victor Letalle", "surface": "asphalt", "lit": "yes", "length_m": 8.55, "type_element": "Way", "__fid": 103141}, "geometry": {"type": "LineString", "coordinates": [[2.3853772, 48.8665209], [2.3852721, 48.8664877]]}}, {"type": "Feature", "properties": {"highway": "service", "footway": null, "name": null, "surface": null, "lit": null, "length_m": 8.83, "type_element": "Way", "__fid": 103152}, "geometry": {"type": "LineString", "coordinates": [[2.3852594, 48.8695517], [2.3853655, 48.8695893]]}}, {"type": "Feature", "properties": {"highway": "footway", "footway": "sidewalk", "name": null, "surface": "asphalt", "lit": null, "length_m": 4.03, "type_element": "Way", "__fid": 103153}, "geometry": {"type": "LineString", "coordinates": [[2.3852594, 48.8695517], [2.3852887, 48.869521]]}}, {"type": "Feature", "properties": {"highway": "pedestrian", "footway": null, "name": "Cité du Labyrinthe", "surface": "asphalt", "lit": null, "length_m": 1.77, "type_element": "Way", "__fid": 103180}, "geometry": {"type": "LineString", "coordinates": [[2.3853049, 48.8675672], [2.3853138, 48.867552400000015]]}}, {"type": "Feature", "properties": {"highway": "footway", "footway": "crossing", "name": null, "surface": null, "lit": "yes", "length_m": 4.4, "type_element": "Way", "__fid": 103183}, "geometry": {"type": "LineString", "coordinates": [[2.3853479, 48.868756699999985], [2.385293599999835, 48.868739900000115]]}}, {"type": "Feature", "properties": {"highway": "footway", "footway": "sidewalk", "name": null, "surface": null, "lit": "yes", "length_m": 70.3, "type_element": "Way", "__fid": 103184}, "geometry": {"type": "LineString", "coordinates": [[2.385293599999835, 48.868739900000115], [2.3859521, 48.8684466], [2.3860786, 48.868378]]}}, {"type": "Feature", "properties": {"highway": "service", "footway": null, "name": null, "surface": null, "lit": null, "length_m": 8.91, "type_element": "Way", "__fid": 103185}, "geometry": {"type": "LineString", "coordinates": [[2.3853928, 48.8695623], [2.3852887, 48.869521]]}}, {"type": "Feature", "properties": {"highway": "footway", "footway": "sidewalk", "name": null, "surface": "asphalt", "lit": null, "length_m": 8.61, "type_element": "Way", "__fid": 103186}, "geometry": {"type": "LineString", "coordinates": [[2.3852887, 48.869521], [2.3853487, 48.8694544]]}}, {"type": "Feature", "properties": {"highway": "living_street", "footway": null, "name": "Rue du Liban", "surface": "sett", "lit": "yes", "length_m": 4.54, "type_element": "Way", "__fid": 103187}, "geometry": {"type": "LineString", "coordinates": [[2.3852985, 48.8687813], [2.3853479, 48.868756699999985]]}}, {"type": "Feature", "properties": {"highway": "footway", "footway": "sidewalk", "name": null, "surface": "asphalt", "lit": "yes", "length_m": 96.12, "type_element": "Way", "__fid": 103188}, "geometry": {"type": "LineString", "coordinates": [[2.3853138, 48.867552400000015], [2.3865398, 48.8678574]]}}, {"type": "Feature", "properties": {"highway": "pedestrian", "footway": null, "name": "Cité du Labyrinthe", "surface": "sett", "lit": "yes", "length_m": 173.38, "type_element": "Way", "__fid": 103189}, "geometry": {"type": "LineString", "coordinates": [[2.3853138, 48.867552400000015], [2.385446, 48.86733120000002], [2.3854652, 48.8673146], [2.3856204, 48.8672347], [2.3857821, 48.8669474], [2.3858812, 48.8669212], [2.3863207, 48.8670504], [2.3863503, 48.8670544], [2.3863738, 48.8670487], [2.3866295, 48.86664239999998]]}}, {"type": "Feature", "properties": {"highway": "footway", "footway": "crossing", "name": null, "surface": "asphalt", "lit": "yes", "length_m": 4.31, "type_element": "Way", "__fid": 103190}, "geometry": {"type": "LineString", "coordinates": [[2.3853381, 48.866549800000016], [2.3853772, 48.8665209]]}}, {"type": "Feature", "properties": {"highway": "footway", "footway": "crossing", "name": null, "surface": null, "lit": "yes", "length_m": 3.41, "type_element": "Way", "__fid": 103217}, "geometry": {"type": "LineString", "coordinates": [[2.3853901, 48.8687695], [2.3853479, 48.868756699999985]]}}, {"type": "Feature", "properties": {"highway": "living_street", "footway": null, "name": "Rue du Liban", "surface": "sett", "lit": "yes", "length_m": 64.8, "type_element": "Way", "__fid": 103218}, "geometry": {"type": "LineString", "coordinates": [[2.3853479, 48.868756699999985], [2.3859654, 48.868475], [2.3860224, 48.868454], [2.3860888, 48.8684465]]}}, {"type": "Feature", "properties": {"highway": "steps", "footway": null, "name": "Passage Julien Lacroix", "surface": "asphalt", "lit": "yes", "length_m": 16.76, "type_element": "Way", "__fid": 103219}, "geometry": {"type": "LineString", "coordinates": [[2.3853224, 48.8709902], [2.3854487, 48.8711158]]}}, {"type": "Feature", "properties": {"highway": "footway", "footway": null, "name": null, "surface": "concrete", "lit": "no", "length_m": 48.36, "type_element": "Way", "__fid": 103220}, "geometry": {"type": "LineString", "coordinates": [[2.3859326, 48.8708345], [2.3858373, 48.8708435], [2.3855849, 48.8709009], [2.3854434, 48.870942], [2.3853224, 48.8709902]]}}, {"type": "Feature", "properties": {"highway": "footway", "footway": "crossing", "name": null, "surface": "asphalt", "lit": "yes", "length_m": 6.25, "type_element": "Way", "__fid": 103222}, "geometry": {"type": "LineString", "coordinates": [[2.3853772, 48.8665209], [2.3854417, 48.8664842]]}}, {"type": "Feature", "properties": {"highway": "footway", "footway": "crossing", "name": null, "surface": null, "lit": null, "length_m": 14.2, "type_element": "Way", "__fid": 103224}, "geometry": {"type": "LineString", "coordinates": [[2.3853487, 48.8694544], [2.3855141, 48.86952070000002]]}}, {"type": "Feature", "properties": {"highway": "footway", "footway": "sidewalk", "name": null, "surface": "asphalt", "lit": null, "length_m": 54.56, "type_element": "Way", "__fid": 103225}, "geometry": {"type": "LineString", "coordinates": [[2.3853487, 48.8694544], [2.3854424, 48.8693502], [2.3856757, 48.86903420000002], [2.3856686, 48.8690168]]}}, {"type": "Feature", "properties": {"highway": "footway", "footway": "sidewalk", "name": null, "surface": null, "lit": "yes", "length_m": 29.72, "type_element": "Way", "__fid": 103241}, "geometry": {"type": "LineString", "coordinates": [[2.3853901, 48.8687695], [2.3857381, 48.8689063]]}}, {"type": "Feature", "properties": {"highway": "footway", "footway": "sidewalk", "name": null, "surface": null, "lit": "yes", "length_m": 63.97, "type_element": "Way", "__fid": 103242}, "geometry": {"type": "LineString", "coordinates": [[2.3861035, 48.8685457], [2.3859986, 48.868492300000014], [2.3853901, 48.8687695]]}}, {"type": "Feature", "properties": {"highway": "footway", "footway": "sidewalk", "name": null, "surface": "asphalt", "lit": "yes", "length_m": 97.54, "type_element": "Way", "__fid": 103249}, "geometry": {"type": "LineString", "coordinates": [[2.3866295, 48.86664239999998], [2.3856573, 48.866372], [2.3854417, 48.8664842]]}}, {"type": "Feature", "properties": {"highway": "footway", "footway": null, "name": null, "surface": null, "lit": null, "length_m": 13.78, "type_element": "Way", "__fid": 103254}, "geometry": {"type": "LineString", "coordinates": [[2.3854182, 48.86901619999998], [2.3855932, 48.8690612]]}}, {"type": "Feature", "properties": {"highway": "footway", "footway": null, "name": "Allée de la Courtille", "surface": "concrete", "lit": "yes", "length_m": 47.4, "type_element": "Way", "__fid": 103290}, "geometry": {"type": "LineString", "coordinates": [[2.3854487, 48.8711158], [2.3855513, 48.87107], [2.3859326, 48.8708345]]}}, {"type": "Feature", "properties": {"highway": "steps", "footway": null, "name": null, "surface": "paved", "lit": null, "length_m": 8.5, "type_element": "Way", "__fid": 103315}, "geometry": {"type": "LineString", "coordinates": [[2.3854932, 48.8704294], [2.3855224, 48.8705034]]}}, {"type": "Feature", "properties": {"highway": "footway", "footway": null, "name": null, "surface": "concrete", "lit": "yes", "length_m": 8.11, "type_element": "Way", "__fid": 103316}, "geometry": {"type": "LineString", "coordinates": [[2.3855869, 48.87039069999999], [2.3854932, 48.8704294]]}}, {"type": "Feature", "properties": {"highway": "footway", "footway": "sidewalk", "name": null, "surface": null, "lit": null, "length_m": 57.11, "type_element": "Way", "__fid": 103325}, "geometry": {"type": "LineString", "coordinates": [[2.3855141, 48.86952070000002], [2.3856301, 48.8694054], [2.38588, 48.8690683]]}}, {"type": "Feature", "properties": {"highway": "footway", "footway": null, "name": null, "surface": "concrete", "lit": "yes", "length_m": 53.03, "type_element": "Way", "__fid": 103342}, "geometry": {"type": "LineString", "coordinates": [[2.3855218, 48.87119], [2.3857049, 48.87109570000001], [2.3858229, 48.8710166], [2.3859147, 48.87092579999998], [2.385944, 48.8708784], [2.3859537, 48.8708264]]}}, {"type": "Feature", "properties": {"highway": "steps", "footway": null, "name": null, "surface": null, "lit": null, "length_m": 17.37, "type_element": "Way", "__fid": 103380}, "geometry": {"type": "LineString", "coordinates": [[2.3855869, 48.87039069999999], [2.3857488, 48.8705047]]}}, {"type": "Feature", "properties": {"highway": "footway", "footway": null, "name": null, "surface": "concrete", "lit": "yes", "length_m": 4.89, "type_element": "Way", "__fid": 103381}, "geometry": {"type": "LineString", "coordinates": [[2.3856232, 48.8703554], [2.3856194, 48.8703676], [2.3855869, 48.87039069999999]]}}, {"type": "Feature", "properties": {"highway": "footway", "footway": "sidewalk", "name": null, "surface": null, "lit": null, "length_m": 73.14, "type_element": "Way", "__fid": 103407}, "geometry": {"type": "LineString", "coordinates": [[2.3856232, 48.8703554], [2.3866123, 48.8704381]]}}, {"type": "Feature", "properties": {"highway": "footway", "footway": "sidewalk", "name": null, "surface": "asphalt", "lit": null, "length_m": 3.82, "type_element": "Way", "__fid": 103424}, "geometry": {"type": "LineString", "coordinates": [[2.3856686, 48.8690168], [2.3856546, 48.8689837]]}}, {"type": "Feature", "properties": {"highway": "footway", "footway": "crossing", "name": null, "surface": null, "lit": "yes", "length_m": 10.56, "type_element": "Way", "__fid": 103425}, "geometry": {"type": "LineString", "coordinates": [[2.3857381, 48.8689063], [2.3856546, 48.8689837]]}}, {"type": "Feature", "properties": {"highway": "footway", "footway": null, "name": null, "surface": "concrete", "lit": null, "length_m": 73.01, "type_element": "Way", "__fid": 103429}, "geometry": {"type": "LineString", "coordinates": [[2.3864563, 48.8709614], [2.3862977, 48.8709823], [2.3862494, 48.87100560000001], [2.3861798, 48.8710652], [2.3860339, 48.8711511], [2.3858886, 48.871213800000014], [2.3856301, 48.871301299999985]]}}, {"type": "Feature", "properties": {"highway": "footway", "footway": "crossing", "name": null, "surface": null, "lit": null, "length_m": 16.53, "type_element": "Way", "__fid": 103448}, "geometry": {"type": "LineString", "coordinates": [[2.3856686, 48.8690168], [2.38588, 48.8690683]]}}, {"type": "Feature", "properties": {"highway": "footway", "footway": "sidewalk", "name": null, "surface": null, "lit": "yes", "length_m": 12.1, "type_element": "Way", "__fid": 103485}, "geometry": {"type": "LineString", "coordinates": [[2.3857381, 48.8689063], [2.3857795, 48.8689183], [2.385829, 48.8689109], [2.3858619, 48.8688709]]}}, {"type": "Feature", "properties": {"highway": "pedestrian", "footway": null, "name": "Rue Louis Delgrès", "surface": "asphalt", "lit": "yes", "length_m": 2.9, "type_element": "Way", "__fid": 103502}, "geometry": {"type": "LineString", "coordinates": [[2.3857763, 48.866375], [2.3857918, 48.866351]]}}, {"type": "Feature", "properties": {"highway": "living_street", "footway": null, "name": "Rue Étienne Dolet", "surface": "sett", "lit": "yes", "length_m": 1.94, "type_element": "Way", "__fid": 103503}, "geometry": {"type": "LineString", "coordinates": [[2.3857581, 48.8681796], [2.3857828, 48.8681858]]}}, {"type": "Feature", "properties": {"highway": "footway", "footway": "sidewalk", "name": null, "surface": "paving_stones", "lit": "yes", "length_m": 32.68, "type_element": "Way", "__fid": 103506}, "geometry": {"type": "LineString", "coordinates": [[2.3857594, 48.86822350000002], [2.3861747, 48.8683298]]}}, {"type": "Feature", "properties": {"highway": "footway", "footway": "sidewalk", "name": null, "surface": "sett", "lit": "yes", "length_m": 29.47, "type_element": "Way", "__fid": 103507}, "geometry": {"type": "LineString", "coordinates": [[2.3860786, 48.868378], [2.3858142, 48.86827359999999], [2.3857594, 48.86822350000002]]}}, {"type": "Feature", "properties": {"highway": "footway", "footway": "sidewalk", "name": null, "surface": "asphalt", "lit": "yes", "length_m": 4.53, "type_element": "Way", "__fid": 103508}, "geometry": {"type": "LineString", "coordinates": [[2.3857594, 48.86822350000002], [2.3857828, 48.8681858]]}}, {"type": "Feature", "properties": {"highway": "footway", "footway": "sidewalk", "name": null, "surface": null, "lit": "yes", "length_m": 82.56, "type_element": "Way", "__fid": 103523}, "geometry": {"type": "LineString", "coordinates": [[2.3868363, 48.8666185], [2.3861924, 48.8664421], [2.3861226, 48.8664421], [2.3857918, 48.866351]]}}, {"type": "Feature", "properties": {"highway": "pedestrian", "footway": null, "name": "Rue Louis Delgrès", "surface": "asphalt", "lit": "yes", "length_m": 67.5, "type_element": "Way", "__fid": 103524}, "geometry": {"type": "LineString", "coordinates": [[2.3857918, 48.866351], [2.3861537, 48.8657929]]}}, {"type": "Feature", "properties": {"highway": "footway", "footway": null, "name": null, "surface": "concrete", "lit": "yes", "length_m": 14.21, "type_element": "Way", "__fid": 103532}, "geometry": {"type": "LineString", "coordinates": [[2.3858242, 48.8706205], [2.3857699, 48.8705641], [2.3857488, 48.8705047]]}}, {"type": "Feature", "properties": {"highway": "steps", "footway": null, "name": null, "surface": "concrete", "lit": "no", "length_m": 51.76, "type_element": "Way", "__fid": 103533}, "geometry": {"type": "LineString", "coordinates": [[2.3857488, 48.8705047], [2.3858511, 48.8704908], [2.3859825, 48.8704935], [2.3861401, 48.8705741], [2.3862135, 48.8706441], [2.3862231, 48.87071919999999], [2.386235, 48.8707352]]}}, {"type": "Feature", "properties": {"highway": "living_street", "footway": null, "name": "Rue Étienne Dolet", "surface": "sett", "lit": "yes", "length_m": 32.66, "type_element": "Way", "__fid": 103541}, "geometry": {"type": "LineString", "coordinates": [[2.3857828, 48.8681858], [2.3861978, 48.8682921]]}}, {"type": "Feature", "properties": {"highway": "footway", "footway": "sidewalk", "name": null, "surface": "paving_stones", "lit": "yes", "length_m": 4.22, "type_element": "Way", "__fid": 103542}, "geometry": {"type": "LineString", "coordinates": [[2.3857828, 48.8681858], [2.3858043, 48.8681506]]}}, {"type": "Feature", "properties": {"highway": "footway", "footway": "sidewalk", "name": null, "surface": "paving_stones", "lit": "yes", "length_m": 32.76, "type_element": "Way", "__fid": 103562}, "geometry": {"type": "LineString", "coordinates": [[2.3862225, 48.868254], [2.3858043, 48.8681506]]}}, {"type": "Feature", "properties": {"highway": "steps", "footway": null, "name": null, "surface": null, "lit": null, "length_m": 28.62, "type_element": "Way", "__fid": 103595}, "geometry": {"type": "LineString", "coordinates": [[2.3858242, 48.8706205], [2.3859342, 48.87068840000001], [2.3860593, 48.8707061], [2.3861315, 48.8707622]]}}, {"type": "Feature", "properties": {"highway": "footway", "footway": null, "name": null, "surface": "concrete", "lit": null, "length_m": 42.7, "type_element": "Way", "__fid": 103601}, "geometry": {"type": "LineString", "coordinates": [[2.3858343, 48.871132799999984], [2.3858514, 48.8710938], [2.3859483, 48.870975600000016], [2.3860013, 48.87088430000002], [2.3860915, 48.87079030000001]]}}, {"type": "Feature", "properties": {"highway": "footway", "footway": null, "name": null, "surface": "concrete", "lit": "no", "length_m": 37.58, "type_element": "Way", "__fid": 103602}, "geometry": {"type": "LineString", "coordinates": [[2.3858343, 48.871132799999984], [2.3859221, 48.871098199999985], [2.3860469, 48.8710297], [2.3861268, 48.87096840000002], [2.3861973, 48.870900200000015]]}}, {"type": "Feature", "properties": {"highway": "footway", "footway": "crossing", "name": null, "surface": "asphalt", "lit": "yes", "length_m": 4.1, "type_element": "Way", "__fid": 103603}, "geometry": {"type": "LineString", "coordinates": [[2.3858619, 48.8688709], [2.3859115, 48.8688878]]}}, {"type": "Feature", "properties": {"highway": "footway", "footway": "sidewalk", "name": null, "surface": null, "lit": "yes", "length_m": 35.96, "type_element": "Way", "__fid": 103604}, "geometry": {"type": "LineString", "coordinates": [[2.3858619, 48.8688709], [2.3860791, 48.868581]]}}, {"type": "Feature", "properties": {"highway": "footway", "footway": "sidewalk", "name": null, "surface": null, "lit": null, "length_m": 176.09, "type_element": "Way", "__fid": 103624}, "geometry": {"type": "LineString", "coordinates": [[2.38588, 48.8690683], [2.3858899, 48.8690549], [2.3859751, 48.8690335], [2.3869042, 48.8692887], [2.3869394, 48.8692331], [2.3859289, 48.86895449999999], [2.3859164, 48.8689383], [2.3859445, 48.8688987]]}}, {"type": "Feature", "properties": {"highway": "footway", "footway": "crossing", "name": null, "surface": "asphalt", "lit": "yes", "length_m": 2.71, "type_element": "Way", "__fid": 103642}, "geometry": {"type": "LineString", "coordinates": [[2.3859115, 48.8688878], [2.3859445, 48.8688987]]}}, {"type": "Feature", "properties": {"highway": "pedestrian", "footway": null, "name": "Rue de l’Élysée Ménilmontant", "surface": "sett", "lit": "yes", "length_m": 92.9, "type_element": "Way", "__fid": 103643}, "geometry": {"type": "LineString", "coordinates": [[2.3859115, 48.8688878], [2.3858439, 48.8689818], [2.3859148, 48.868989], [2.3868765, 48.869245]]}}, {"type": "Feature", "properties": {"highway": "living_street", "footway": null, "name": "Rue Julien Lacroix", "surface": "sett", "lit": "yes", "length_m": 36.1, "type_element": "Way", "__fid": 103644}, "geometry": {"type": "LineString", "coordinates": [[2.3861305, 48.8685971], [2.3859115, 48.8688878]]}}, {"type": "Feature", "properties": {"highway": "footway", "footway": "sidewalk", "name": null, "surface": null, "lit": null, "length_m": 36.15, "type_element": "Way", "__fid": 103669}, "geometry": {"type": "LineString", "coordinates": [[2.3859445, 48.8688987], [2.3861642, 48.8686077]]}}, {"type": "Feature", "properties": {"highway": "footway", "footway": null, "name": "Allée de la Courtille", "surface": "concrete", "lit": "yes", "length_m": 1.79, "type_element": "Way", "__fid": 103680}, "geometry": {"type": "LineString", "coordinates": [[2.3859326, 48.8708345], [2.3859537, 48.8708264]]}}, {"type": "Feature", "properties": {"highway": "footway", "footway": null, "name": "Allée de la Courtille", "surface": "concrete", "lit": "yes", "length_m": 12.77, "type_element": "Way", "__fid": 103696}, "geometry": {"type": "LineString", "coordinates": [[2.3859537, 48.8708264], [2.3861059, 48.8707706]]}}, {"type": "Feature", "properties": {"highway": "pedestrian", "footway": null, "name": "Passage Piat", "surface": "sett", "lit": "yes", "length_m": 59.81, "type_element": "Way", "__fid": 103742}, "geometry": {"type": "LineString", "coordinates": [[2.386014, 48.871413300000015], [2.3864563, 48.8709614]]}}, {"type": "Feature", "properties": {"highway": "footway", "footway": "sidewalk", "name": null, "surface": "sett", "lit": "yes", "length_m": 7.65, "type_element": "Way", "__fid": 103772}, "geometry": {"type": "LineString", "coordinates": [[2.3860888, 48.8684465], [2.3860786, 48.868378]]}}, {"type": "Feature", "properties": {"highway": "footway", "footway": "sidewalk", "name": null, "surface": "sett", "lit": "yes", "length_m": 8.86, "type_element": "Way", "__fid": 103773}, "geometry": {"type": "LineString", "coordinates": [[2.3860786, 48.868378], [2.3861747, 48.8683298]]}}, {"type": "Feature", "properties": {"highway": "footway", "footway": "sidewalk", "name": null, "surface": "asphalt", "lit": "yes", "length_m": 4.17, "type_element": "Way", "__fid": 103774}, "geometry": {"type": "LineString", "coordinates": [[2.3860791, 48.868581], [2.3861305, 48.8685971]]}}, {"type": "Feature", "properties": {"highway": "footway", "footway": "sidewalk", "name": null, "surface": null, "lit": "yes", "length_m": 4.31, "type_element": "Way", "__fid": 103775}, "geometry": {"type": "LineString", "coordinates": [[2.3860791, 48.868581], [2.3861035, 48.8685457]]}}, {"type": "Feature", "properties": {"highway": "footway", "footway": "sidewalk", "name": null, "surface": "paving_stones", "lit": "yes", "length_m": 11.08, "type_element": "Way", "__fid": 103779}, "geometry": {"type": "LineString", "coordinates": [[2.3861035, 48.8685457], [2.3860888, 48.8684465]]}}, {"type": "Feature", "properties": {"highway": "living_street", "footway": null, "name": "Rue du Liban", "surface": "sett", "lit": "yes", "length_m": 11.62, "type_element": "Way", "__fid": 103780}, "geometry": {"type": "LineString", "coordinates": [[2.3860888, 48.8684465], [2.3862455, 48.8684617]]}}, {"type": "Feature", "properties": {"highway": "steps", "footway": null, "name": null, "surface": "ground", "lit": null, "length_m": 14.48, "type_element": "Way", "__fid": 103789}, "geometry": {"type": "LineString", "coordinates": [[2.3860915, 48.87079030000001], [2.3861973, 48.870900200000015]]}}, {"type": "Feature", "properties": {"highway": "footway", "footway": null, "name": null, "surface": "concrete", "lit": null, "length_m": 2.43, "type_element": "Way", "__fid": 103790}, "geometry": {"type": "LineString", "coordinates": [[2.3860915, 48.87079030000001], [2.3861059, 48.8707706]]}}, {"type": "Feature", "properties": {"highway": "pedestrian", "footway": null, "name": "Rue Louis Delgrès", "surface": "asphalt", "lit": "yes", "length_m": 34.9, "type_element": "Way", "__fid": 103796}, "geometry": {"type": "LineString", "coordinates": [[2.3861537, 48.8657929], [2.3863332, 48.8655022]]}}, {"type": "Feature", "properties": {"highway": "footway", "footway": "crossing", "name": null, "surface": "asphalt", "lit": "yes", "length_m": 2.74, "type_element": "Way", "__fid": 103799}, "geometry": {"type": "LineString", "coordinates": [[2.3861305, 48.8685971], [2.3861642, 48.8686077]]}}, {"type": "Feature", "properties": {"highway": "living_street", "footway": null, "name": "Rue Julien Lacroix", "surface": "sett", "lit": "yes", "length_m": 17.26, "type_element": "Way", "__fid": 103800}, "geometry": {"type": "LineString", "coordinates": [[2.3862455, 48.8684617], [2.3861305, 48.8685971]]}}, {"type": "Feature", "properties": {"highway": "footway", "footway": null, "name": "Allée de la Courtille", "surface": "concrete", "lit": "yes", "length_m": 2.1, "type_element": "Way", "__fid": 103804}, "geometry": {"type": "LineString", "coordinates": [[2.3861059, 48.8707706], [2.3861315, 48.8707622]]}}, {"type": "Feature", "properties": {"highway": "footway", "footway": null, "name": "Allée de la Courtille", "surface": "concrete", "lit": "yes", "length_m": 8.16, "type_element": "Way", "__fid": 103814}, "geometry": {"type": "LineString", "coordinates": [[2.3861315, 48.8707622], [2.386235, 48.8707352]]}}, {"type": "Feature", "properties": {"highway": "footway", "footway": "sidewalk", "name": null, "surface": null, "lit": null, "length_m": 9.44, "type_element": "Way", "__fid": 103816}, "geometry": {"type": "LineString", "coordinates": [[2.3861642, 48.8686077], [2.386292, 48.8685978]]}}, {"type": "Feature", "properties": {"highway": "footway", "footway": "sidewalk", "name": null, "surface": "sett", "lit": "yes", "length_m": 4.52, "type_element": "Way", "__fid": 103822}, "geometry": {"type": "LineString", "coordinates": [[2.3861747, 48.8683298], [2.3861978, 48.8682921]]}}, {"type": "Feature", "properties": {"highway": "living_street", "footway": null, "name": "Rue Étienne Dolet", "surface": "sett", "lit": "yes", "length_m": 10.56, "type_element": "Way", "__fid": 103836}, "geometry": {"type": "LineString", "coordinates": [[2.3861978, 48.8682921], [2.3863317, 48.8683269]]}}, {"type": "Feature", "properties": {"highway": "footway", "footway": "sidewalk", "name": null, "surface": null, "lit": "yes", "length_m": 4.61, "type_element": "Way", "__fid": 103837}, "geometry": {"type": "LineString", "coordinates": [[2.3862225, 48.868254], [2.3861978, 48.8682921]]}}, {"type": "Feature", "properties": {"highway": "pedestrian", "footway": null, "name": "Rue des Couronnes", "surface": null, "lit": "yes", "length_m": 20.34, "type_element": "Way", "__fid": 103838}, "geometry": {"type": "LineString", "coordinates": [[2.386175, 48.8703596], [2.3864501, 48.8703826]]}}, {"type": "Feature", "properties": {"highway": "service", "footway": null, "name": null, "surface": null, "lit": null, "length_m": 8.29, "type_element": "Way", "__fid": 103839}, "geometry": {"type": "LineString", "coordinates": [[2.3861841, 48.87028530000001], [2.386175, 48.8703596]]}}, {"type": "Feature", "properties": {"highway": "footway", "footway": "sidewalk", "name": null, "surface": "asphalt", "lit": "yes", "length_m": 22.37, "type_element": "Way", "__fid": 103848}, "geometry": {"type": "LineString", "coordinates": [[2.3864864, 48.870312], [2.3861841, 48.87028530000001]]}}, {"type": "Feature", "properties": {"highway": "service", "footway": null, "name": null, "surface": null, "lit": null, "length_m": 9.53, "type_element": "Way", "__fid": 103849}, "geometry": {"type": "LineString", "coordinates": [[2.386199, 48.8702002], [2.3861841, 48.87028530000001]]}}, {"type": "Feature", "properties": {"highway": "footway", "footway": null, "name": null, "surface": null, "lit": null, "length_m": 19.57, "type_element": "Way", "__fid": 103853}, "geometry": {"type": "LineString", "coordinates": [[2.3864503, 48.8702592], [2.386199, 48.8702002]]}}, {"type": "Feature", "properties": {"highway": "service", "footway": null, "name": null, "surface": null, "lit": null, "length_m": 177.36, "type_element": "Way", "__fid": 103854}, "geometry": {"type": "LineString", "coordinates": [[2.3866591, 48.8700136], [2.3869702, 48.86946540000002], [2.3868515, 48.8694376], [2.3866329, 48.8694797], [2.3866009, 48.86950930000001], [2.386199, 48.8702002]]}}, {"type": "Feature", "properties": {"highway": "footway", "footway": "sidewalk", "name": null, "surface": null, "lit": "yes", "length_m": 7.78, "type_element": "Way", "__fid": 103855}, "geometry": {"type": "LineString", "coordinates": [[2.3863254, 48.8682369], [2.3862225, 48.868254]]}}, {"type": "Feature", "properties": {"highway": "footway", "footway": null, "name": null, "surface": "concrete", "lit": "no", "length_m": 18.14, "type_element": "Way", "__fid": 103859}, "geometry": {"type": "LineString", "coordinates": [[2.3861973, 48.870900200000015], [2.386244, 48.8708735], [2.3862936, 48.8708596], [2.3864251, 48.8708634]]}}, {"type": "Feature", "properties": {"highway": "living_street", "footway": null, "name": "Rue Julien Lacroix", "surface": "paving_stones", "lit": "yes", "length_m": 16.27, "type_element": "Way", "__fid": 103873}, "geometry": {"type": "LineString", "coordinates": [[2.3863317, 48.8683269], [2.3862455, 48.8684617]]}}, {"type": "Feature", "properties": {"highway": "footway", "footway": null, "name": "Allée de la Courtille", "surface": "concrete", "lit": "yes", "length_m": 16.05, "type_element": "Way", "__fid": 103886}, "geometry": {"type": "LineString", "coordinates": [[2.386235, 48.8707352], [2.3863386, 48.8707139], [2.3864485, 48.8707081]]}}, {"type": "Feature", "properties": {"highway": "footway", "footway": "sidewalk", "name": null, "surface": null, "lit": null, "length_m": 74.84, "type_element": "Way", "__fid": 103897}, "geometry": {"type": "LineString", "coordinates": [[2.386292, 48.8685978], [2.3872442, 48.8688394]]}}, {"type": "Feature", "properties": {"highway": "footway", "footway": "crossing", "name": null, "surface": "asphalt", "lit": "yes", "length_m": 9.21, "type_element": "Way", "__fid": 103898}, "geometry": {"type": "LineString", "coordinates": [[2.386292, 48.8685978], [2.3863416, 48.8685217]]}}, {"type": "Feature", "properties": {"highway": "footway", "footway": "sidewalk", "name": null, "surface": "asphalt", "lit": "yes", "length_m": 57.9, "type_element": "Way", "__fid": 103901}, "geometry": {"type": "LineString", "coordinates": [[2.3870772, 48.8656759], [2.3863332, 48.8655022]]}}, {"type": "Feature", "properties": {"highway": "footway", "footway": "crossing", "name": null, "surface": "asphalt", "lit": "yes", "length_m": 7.52, "type_element": "Way", "__fid": 103902}, "geometry": {"type": "LineString", "coordinates": [[2.3863701, 48.86543910000001], [2.3863332, 48.8655022]]}}, {"type": "Feature", "properties": {"highway": "footway", "footway": "crossing", "name": null, "surface": "asphalt", "lit": "yes", "length_m": 4.43, "type_element": "Way", "__fid": 103915}, "geometry": {"type": "LineString", "coordinates": [[2.3863254, 48.8682369], [2.386379, 48.868255300000015]]}}, {"type": "Feature", "properties": {"highway": "footway", "footway": "sidewalk", "name": null, "surface": "asphalt", "lit": "yes", "length_m": 33.9, "type_element": "Way", "__fid": 103916}, "geometry": {"type": "LineString", "coordinates": [[2.386539766666465, 48.86796680000012], [2.3863254, 48.8682369]]}}, {"type": "Feature", "properties": {"highway": "living_street", "footway": null, "name": "Rue Julien Lacroix", "surface": "sett", "lit": "yes", "length_m": 8.68, "type_element": "Way", "__fid": 103921}, "geometry": {"type": "LineString", "coordinates": [[2.386379, 48.868255300000015], [2.3863317, 48.8683269]]}}, {"type": "Feature", "properties": {"highway": "footway", "footway": "sidewalk", "name": null, "surface": "asphalt", "lit": "yes", "length_m": 82.16, "type_element": "Way", "__fid": 103927}, "geometry": {"type": "LineString", "coordinates": [[2.3863701, 48.86543910000001], [2.3874246, 48.865688]]}}, {"type": "Feature", "properties": {"highway": "footway", "footway": "sidewalk", "name": null, "surface": "asphalt", "lit": "yes", "length_m": 78.36, "type_element": "Way", "__fid": 103930}, "geometry": {"type": "LineString", "coordinates": [[2.3863416, 48.8685217], [2.3873363, 48.8687786]]}}, {"type": "Feature", "properties": {"highway": "footway", "footway": "sidewalk", "name": null, "surface": "asphalt", "lit": "yes", "length_m": 21.25, "type_element": "Way", "__fid": 103931}, "geometry": {"type": "LineString", "coordinates": [[2.3863765, 48.8683388], [2.3863241, 48.86841359999998], [2.3863416, 48.8685217]]}}, {"type": "Feature", "properties": {"highway": "steps", "footway": null, "name": null, "surface": "concrete", "lit": "yes", "length_m": 42.34, "type_element": "Way", "__fid": 103968}, "geometry": {"type": "LineString", "coordinates": [[2.3863765, 48.8683388], [2.3869165, 48.8684732]]}}, {"type": "Feature", "properties": {"highway": "footway", "footway": "sidewalk", "name": null, "surface": "asphalt", "lit": "yes", "length_m": 42.59, "type_element": "Way", "__fid": 103969}, "geometry": {"type": "LineString", "coordinates": [[2.3866322, 48.8679949], [2.3863765, 48.8683388]]}}, {"type": "Feature", "properties": {"highway": "footway", "footway": "crossing", "name": null, "surface": "asphalt", "lit": "yes", "length_m": 3.16, "type_element": "Way", "__fid": 103974}, "geometry": {"type": "LineString", "coordinates": [[2.386379, 48.868255300000015], [2.386418266666507, 48.868267]]}}, {"type": "Feature", "properties": {"highway": "living_street", "footway": null, "name": "Rue Julien Lacroix", "surface": "sett", "lit": "yes", "length_m": 1.83, "type_element": "Way", "__fid": 103975}, "geometry": {"type": "LineString", "coordinates": [[2.386389, 48.86824020000001], [2.386379, 48.868255300000015]]}}, {"type": "Feature", "properties": {"highway": "footway", "footway": null, "name": null, "surface": "concrete", "lit": "no", "length_m": 11.13, "type_element": "Way", "__fid": 104034}, "geometry": {"type": "LineString", "coordinates": [[2.3864251, 48.8708634], [2.3864563, 48.8709614]]}}, {"type": "Feature", "properties": {"highway": "footway", "footway": null, "name": null, "surface": "concrete", "lit": "yes", "length_m": 20.11, "type_element": "Way", "__fid": 104035}, "geometry": {"type": "LineString", "coordinates": [[2.3864485, 48.8707081], [2.3864422, 48.8707652], [2.386464, 48.8707731], [2.386479, 48.8707965], [2.3864754, 48.8708256], [2.3864549, 48.8708525], [2.3864251, 48.8708634]]}}, {"type": "Feature", "properties": {"highway": "footway", "footway": null, "name": null, "surface": null, "lit": null, "length_m": 1.74, "type_element": "Way", "__fid": 104036}, "geometry": {"type": "LineString", "coordinates": [[2.386442, 48.8702739], [2.3864503, 48.8702592]]}}, {"type": "Feature", "properties": {"highway": "footway", "footway": null, "name": null, "surface": null, "lit": null, "length_m": 24.07, "type_element": "Way", "__fid": 104040}, "geometry": {"type": "LineString", "coordinates": [[2.3864503, 48.8702592], [2.3865417, 48.8700963], [2.3866023, 48.8701116]]}}, {"type": "Feature", "properties": {"highway": "pedestrian", "footway": null, "name": "Rue des Couronnes", "surface": null, "lit": "yes", "length_m": 122.99, "type_element": "Way", "__fid": 104041}, "geometry": {"type": "LineString", "coordinates": [[2.3864501, 48.8703826], [2.3881158, 48.870508500000014]]}}, {"type": "Feature", "properties": {"highway": "service", "footway": null, "name": null, "surface": null, "lit": null, "length_m": 8.29, "type_element": "Way", "__fid": 104042}, "geometry": {"type": "LineString", "coordinates": [[2.3864501, 48.8703826], [2.3864864, 48.870312]]}}, {"type": "Feature", "properties": {"highway": "footway", "footway": null, "name": "Allée de la Courtille", "surface": "concrete", "lit": "yes", "length_m": 16.37, "type_element": "Way", "__fid": 104046}, "geometry": {"type": "LineString", "coordinates": [[2.3864485, 48.8707081], [2.3865162, 48.870717200000016], [2.3866209, 48.8707441], [2.3866551, 48.87075990000001]]}}, {"type": "Feature", "properties": {"highway": "footway", "footway": "sidewalk", "name": null, "surface": null, "lit": "yes", "length_m": 4.8, "type_element": "Way", "__fid": 104052}, "geometry": {"type": "LineString", "coordinates": [[2.386539766666465, 48.86796680000012], [2.3864881, 48.8679403]]}}, {"type": "Feature", "properties": {"highway": "footway", "footway": "crossing", "name": null, "surface": "asphalt", "lit": "yes", "length_m": 9.97, "type_element": "Way", "__fid": 104053}, "geometry": {"type": "LineString", "coordinates": [[2.3864881, 48.8679403], [2.3865398, 48.8678574]]}}, {"type": "Feature", "properties": {"highway": "footway", "footway": null, "name": null, "surface": null, "lit": null, "length_m": 102.77, "type_element": "Way", "__fid": 104056}, "geometry": {"type": "LineString", "coordinates": [[2.3864563, 48.8709614], [2.3865035, 48.8710907], [2.3868656, 48.8712556], [2.3867449, 48.8714162], [2.3869327, 48.871459], [2.3870339, 48.87137830000001], [2.3871639, 48.8713831]]}}, {"type": "Feature", "properties": {"highway": "footway", "footway": null, "name": "Passage Piat", "surface": "sett", "lit": "yes", "length_m": 26.73, "type_element": "Way", "__fid": 104057}, "geometry": {"type": "LineString", "coordinates": [[2.3864563, 48.8709614], [2.3866551, 48.87075990000001]]}}, {"type": "Feature", "properties": {"highway": "footway", "footway": null, "name": null, "surface": "compacted", "lit": "yes", "length_m": 103.33, "type_element": "Way", "__fid": 104058}, "geometry": {"type": "LineString", "coordinates": [[2.3876873, 48.8707666], [2.3874229, 48.8707207], [2.3872769, 48.8707142], [2.3868955, 48.8707143], [2.3868003, 48.8707294], [2.3867251, 48.8707593], [2.3865216, 48.8709509], [2.3864563, 48.8709614]]}}, {"type": "Feature", "properties": {"highway": "footway", "footway": "sidewalk", "name": null, "surface": "asphalt", "lit": "yes", "length_m": 102.19, "type_element": "Way", "__fid": 104071}, "geometry": {"type": "LineString", "coordinates": [[2.3878428, 48.870458700000015], [2.3870899, 48.8703998], [2.387035, 48.87036], [2.3864864, 48.870312]]}}, {"type": "Feature", "properties": {"highway": "service", "footway": null, "name": null, "surface": null, "lit": null, "length_m": 15.71, "type_element": "Way", "__fid": 104072}, "geometry": {"type": "LineString", "coordinates": [[2.3864864, 48.870312], [2.3865626, 48.87018]]}}, {"type": "Feature", "properties": {"highway": "footway", "footway": "sidewalk", "name": null, "surface": null, "lit": "yes", "length_m": 38.2, "type_element": "Way", "__fid": 104089}, "geometry": {"type": "LineString", "coordinates": [[2.387031399999933, 48.867965166666714], [2.3869914, 48.86796610000001], [2.3865398, 48.8678574]]}}, {"type": "Feature", "properties": {"highway": "footway", "footway": "sidewalk", "name": null, "surface": "asphalt", "lit": "yes", "length_m": 7.47, "type_element": "Way", "__fid": 104090}, "geometry": {"type": "LineString", "coordinates": [[2.3866322, 48.8679949], [2.386539766666465, 48.86796680000012]]}}, {"type": "Feature", "properties": {"highway": "footway", "footway": null, "name": null, "surface": null, "lit": null, "length_m": 13.79, "type_element": "Way", "__fid": 104115}, "geometry": {"type": "LineString", "coordinates": [[2.3865626, 48.87018], [2.3866933, 48.870200599999976], [2.3867402, 48.8701834]]}}, {"type": "Feature", "properties": {"highway": "service", "footway": null, "name": null, "surface": null, "lit": null, "length_m": 8.14, "type_element": "Way", "__fid": 104116}, "geometry": {"type": "LineString", "coordinates": [[2.3865626, 48.87018], [2.3866023, 48.8701116]]}}, {"type": "Feature", "properties": {"highway": "footway", "footway": "sidewalk", "name": null, "surface": "asphalt", "lit": "yes", "length_m": 12.92, "type_element": "Way", "__fid": 104128}, "geometry": {"type": "LineString", "coordinates": [[2.3867919, 48.8666873], [2.3866295, 48.86664239999998]]}}, {"type": "Feature", "properties": {"highway": "pedestrian", "footway": null, "name": "Cité du Labyrinthe", "surface": "sett", "lit": "yes", "length_m": 3.54, "type_element": "Way", "__fid": 104129}, "geometry": {"type": "LineString", "coordinates": [[2.3866295, 48.86664239999998], [2.3866467, 48.8666127]]}}, {"type": "Feature", "properties": {"highway": "service", "footway": null, "name": null, "surface": null, "lit": null, "length_m": 11.67, "type_element": "Way", "__fid": 104144}, "geometry": {"type": "LineString", "coordinates": [[2.3866023, 48.8701116], [2.3866591, 48.8700136]]}}, {"type": "Feature", "properties": {"highway": "footway", "footway": "sidewalk", "name": null, "surface": "asphalt", "lit": "yes", "length_m": 37.48, "type_element": "Way", "__fid": 104147}, "geometry": {"type": "LineString", "coordinates": [[2.387113, 48.8681002], [2.3866731, 48.86799149999999], [2.3866322, 48.8679949]]}}, {"type": "Feature", "properties": {"highway": "footway", "footway": "sidewalk", "name": null, "surface": null, "lit": null, "length_m": 22.32, "type_element": "Way", "__fid": 104150}, "geometry": {"type": "LineString", "coordinates": [[2.3866123, 48.8704381], [2.3869141, 48.8704635]]}}, {"type": "Feature", "properties": {"highway": "steps", "footway": null, "name": "Passage Piat", "surface": "paving_stones", "lit": "yes", "length_m": 14.64, "type_element": "Way", "__fid": 104151}, "geometry": {"type": "LineString", "coordinates": [[2.3866123, 48.8704381], [2.3866093, 48.8704557], [2.386780533333289, 48.87047060000013]]}}, {"type": "Feature", "properties": {"highway": "footway", "footway": null, "name": null, "surface": null, "lit": null, "length_m": 81.7, "type_element": "Way", "__fid": 104175}, "geometry": {"type": "LineString", "coordinates": [[2.3870772, 48.8656759], [2.3870581, 48.8657377], [2.3866993, 48.8663663]]}}, {"type": "Feature", "properties": {"highway": "service", "footway": null, "name": null, "surface": null, "lit": null, "length_m": 21.51, "type_element": "Way", "__fid": 104176}, "geometry": {"type": "LineString", "coordinates": [[2.3866591, 48.8700136], [2.3867241, 48.870059], [2.3867556, 48.8700917], [2.3867402, 48.8701834]]}}, {"type": "Feature", "properties": {"highway": "steps", "footway": null, "name": "Passage Piat", "surface": "paving_stones", "lit": "yes", "length_m": 34.82, "type_element": "Way", "__fid": 104178}, "geometry": {"type": "LineString", "coordinates": [[2.3866551, 48.87075990000001], [2.3867213, 48.8707071], [2.3867728, 48.87047], [2.386780533333289, 48.87047060000013]]}}, {"type": "Feature", "properties": {"highway": "service", "footway": null, "name": null, "surface": null, "lit": null, "length_m": 21.86, "type_element": "Way", "__fid": 104226}, "geometry": {"type": "LineString", "coordinates": [[2.3867402, 48.8701834], [2.3870363, 48.8702057]]}}, {"type": "Feature", "properties": {"highway": "footway", "footway": "sidewalk", "name": null, "surface": null, "lit": "yes", "length_m": 25.58, "type_element": "Way", "__fid": 104236}, "geometry": {"type": "LineString", "coordinates": [[2.3867919, 48.8666873], [2.387117, 48.866770500000015]]}}, {"type": "Feature", "properties": {"highway": "footway", "footway": "crossing", "name": null, "surface": null, "lit": "yes", "length_m": 8.31, "type_element": "Way", "__fid": 104237}, "geometry": {"type": "LineString", "coordinates": [[2.3868363, 48.8666185], [2.3867919, 48.8666873]]}}, {"type": "Feature", "properties": {"highway": "steps", "footway": null, "name": "Passage Piat", "surface": "paving_stones", "lit": "yes", "length_m": 11.57, "type_element": "Way", "__fid": 104268}, "geometry": {"type": "LineString", "coordinates": [[2.3869141, 48.8704635], [2.3869112, 48.8704807], [2.386780533333289, 48.87047060000013]]}}, {"type": "Feature", "properties": {"highway": "footway", "footway": "sidewalk", "name": null, "surface": null, "lit": "yes", "length_m": 10.65, "type_element": "Way", "__fid": 104278}, "geometry": {"type": "LineString", "coordinates": [[2.3868363, 48.8666185], [2.3869136, 48.8665829], [2.3869641, 48.866587]]}}, {"type": "Feature", "properties": {"highway": "footway", "footway": "sidewalk", "name": null, "surface": null, "lit": null, "length_m": 89.12, "type_element": "Way", "__fid": 104360}, "geometry": {"type": "LineString", "coordinates": [[2.3869141, 48.8704635], [2.3881195, 48.870564]]}}, {"type": "Feature", "properties": {"highway": "footway", "footway": "crossing", "name": null, "surface": null, "lit": "yes", "length_m": 17.3, "type_element": "Way", "__fid": 104364}, "geometry": {"type": "LineString", "coordinates": [[2.3871878, 48.8666362], [2.3869641, 48.866587]]}}, {"type": "Feature", "properties": {"highway": "footway", "footway": "sidewalk", "name": null, "surface": null, "lit": "yes", "length_m": 92.28, "type_element": "Way", "__fid": 104365}, "geometry": {"type": "LineString", "coordinates": [[2.3869641, 48.866587], [2.3873706, 48.8658016]]}}, {"type": "Feature", "properties": {"highway": "footway", "footway": "crossing", "name": null, "surface": "asphalt", "lit": "yes", "length_m": 5.29, "type_element": "Way", "__fid": 104406}, "geometry": {"type": "LineString", "coordinates": [[2.387098959999927, 48.86798188000007], [2.387031399999933, 48.867965166666714]]}}, {"type": "Feature", "properties": {"highway": "footway", "footway": "sidewalk", "name": null, "surface": "asphalt", "lit": "yes", "length_m": 120.83, "type_element": "Way", "__fid": 104407}, "geometry": {"type": "LineString", "coordinates": [[2.387637499999939, 48.86695480000004], [2.387031399999933, 48.867965166666714]]}}, {"type": "Feature", "properties": {"highway": "footway", "footway": "sidewalk", "name": null, "surface": "asphalt", "lit": "yes", "length_m": 23.89, "type_element": "Way", "__fid": 104423}, "geometry": {"type": "LineString", "coordinates": [[2.387385, 48.8657461], [2.3870772, 48.8656759]]}}, {"type": "Feature", "properties": {"highway": "footway", "footway": null, "name": null, "surface": null, "lit": null, "length_m": 4.12, "type_element": "Way", "__fid": 104424}, "geometry": {"type": "LineString", "coordinates": [[2.387093, 48.8656403], [2.3870772, 48.8656759]]}}, {"type": "Feature", "properties": {"highway": "service", "footway": null, "name": "Rue Botha", "surface": null, "lit": null, "length_m": 45.48, "type_element": "Way", "__fid": 104425}, "geometry": {"type": "LineString", "coordinates": [[2.3871673, 48.871241], [2.3871251, 48.8711879], [2.3870287, 48.8711129], [2.3870177, 48.8710813], [2.387061, 48.8710059], [2.3870661, 48.87097030000001], [2.3870527, 48.870909400000016], [2.3870165, 48.8708768]]}}, {"type": "Feature", "properties": {"highway": "footway", "footway": "sidewalk", "name": null, "surface": "asphalt", "lit": "yes", "length_m": 5.62, "type_element": "Way", "__fid": 104465}, "geometry": {"type": "LineString", "coordinates": [[2.3871637, 48.8680089], [2.387098959999927, 48.86798188000007]]}}, {"type": "Feature", "properties": {"highway": "footway", "footway": "sidewalk", "name": null, "surface": "asphalt", "lit": "yes", "length_m": 120.51, "type_element": "Way", "__fid": 104466}, "geometry": {"type": "LineString", "coordinates": [[2.387098959999927, 48.86798188000007], [2.387701979999939, 48.86697378000005]]}}, {"type": "Feature", "properties": {"highway": "footway", "footway": "sidewalk", "name": null, "surface": null, "lit": "yes", "length_m": 43.87, "type_element": "Way", "__fid": 104467}, "geometry": {"type": "LineString", "coordinates": [[2.387117, 48.866770500000015], [2.3876083, 48.8669251], [2.387637499999939, 48.86695480000004]]}}, {"type": "Feature", "properties": {"highway": "footway", "footway": "crossing", "name": null, "surface": null, "lit": "yes", "length_m": 11.5, "type_element": "Way", "__fid": 104468}, "geometry": {"type": "LineString", "coordinates": [[2.387117, 48.866770500000015], [2.3871818, 48.866676300000016]]}}, {"type": "Feature", "properties": {"highway": "footway", "footway": "sidewalk", "name": null, "surface": "asphalt", "lit": "yes", "length_m": 70.72, "type_element": "Way", "__fid": 104473}, "geometry": {"type": "LineString", "coordinates": [[2.388015, 48.8683247], [2.387113, 48.8681002]]}}, {"type": "Feature", "properties": {"highway": "footway", "footway": "crossing", "name": null, "surface": "asphalt", "lit": "yes", "length_m": 10.81, "type_element": "Way", "__fid": 104474}, "geometry": {"type": "LineString", "coordinates": [[2.387113, 48.8681002], [2.3871637, 48.8680089]]}}, {"type": "Feature", "properties": {"highway": "pedestrian", "footway": null, "name": "Passage d'Eupatoria", "surface": "sett", "lit": "yes", "length_m": 25.28, "type_element": "Way", "__fid": 104487}, "geometry": {"type": "LineString", "coordinates": [[2.3871214, 48.869051800000015], [2.3872442, 48.8688394]]}}, {"type": "Feature", "properties": {"highway": "footway", "footway": "sidewalk", "name": null, "surface": "asphalt", "lit": "yes", "length_m": 71.05, "type_element": "Way", "__fid": 104500}, "geometry": {"type": "LineString", "coordinates": [[2.3880719, 48.868231], [2.3871637, 48.8680089]]}}, {"type": "Feature", "properties": {"highway": "footway", "footway": "sidewalk", "name": null, "surface": "paving_stones", "lit": "yes", "length_m": 143.13, "type_element": "Way", "__fid": 104502}, "geometry": {"type": "LineString", "coordinates": [[2.3871818, 48.866676300000016], [2.3889329, 48.867244]]}}, {"type": "Feature", "properties": {"highway": "footway", "footway": "sidewalk", "name": null, "surface": "paving_stones", "lit": "yes", "length_m": 4.48, "type_element": "Way", "__fid": 104503}, "geometry": {"type": "LineString", "coordinates": [[2.3871878, 48.8666362], [2.3871818, 48.866676300000016]]}}, {"type": "Feature", "properties": {"highway": "footway", "footway": "sidewalk", "name": null, "surface": "paving_stones", "lit": "yes", "length_m": 70.38, "type_element": "Way", "__fid": 104507}, "geometry": {"type": "LineString", "coordinates": [[2.3874965, 48.8660369], [2.3871878, 48.8666362]]}}, {"type": "Feature", "properties": {"highway": "service", "footway": null, "name": null, "surface": null, "lit": null, "length_m": 43.06, "type_element": "Way", "__fid": 104529}, "geometry": {"type": "LineString", "coordinates": [[2.3871673, 48.871241], [2.3872585, 48.871191400000015], [2.3874181, 48.8709006]]}}, {"type": "Feature", "properties": {"highway": "footway", "footway": "sidewalk", "name": null, "surface": null, "lit": null, "length_m": 3.75, "type_element": "Way", "__fid": 104549}, "geometry": {"type": "LineString", "coordinates": [[2.3872442, 48.8688394], [2.3872921, 48.8688513]]}}, {"type": "Feature", "properties": {"highway": "pedestrian", "footway": null, "name": "Passage d'Eupatoria", "surface": "sett", "lit": "yes", "length_m": 4.35, "type_element": "Way", "__fid": 104550}, "geometry": {"type": "LineString", "coordinates": [[2.3872442, 48.8688394], [2.3872646, 48.86880269999998]]}}, {"type": "Feature", "properties": {"highway": "footway", "footway": null, "name": null, "surface": null, "lit": null, "length_m": 19.64, "type_element": "Way", "__fid": 104555}, "geometry": {"type": "LineString", "coordinates": [[2.3874906, 48.869513], [2.3872398, 48.86945120000002]]}}, {"type": "Feature", "properties": {"highway": "footway", "footway": "sidewalk", "name": null, "surface": null, "lit": null, "length_m": 39.71, "type_element": "Way", "__fid": 104577}, "geometry": {"type": "LineString", "coordinates": [[2.3872921, 48.8688513], [2.3877963, 48.868981200000015]]}}, {"type": "Feature", "properties": {"highway": "footway", "footway": "crossing", "name": null, "surface": null, "lit": "yes", "length_m": 8.71, "type_element": "Way", "__fid": 104578}, "geometry": {"type": "LineString", "coordinates": [[2.3873363, 48.8687786], [2.3872921, 48.8688513]]}}, {"type": "Feature", "properties": {"highway": "footway", "footway": "crossing", "name": null, "surface": null, "lit": "yes", "length_m": 17.41, "type_element": "Way", "__fid": 104604}, "geometry": {"type": "LineString", "coordinates": [[2.3875932, 48.8658559], [2.3873706, 48.8658016]]}}, {"type": "Feature", "properties": {"highway": "footway", "footway": "sidewalk", "name": null, "surface": null, "lit": "yes", "length_m": 6.26, "type_element": "Way", "__fid": 104605}, "geometry": {"type": "LineString", "coordinates": [[2.3873706, 48.8658016], [2.387385, 48.8657461]]}}, {"type": "Feature", "properties": {"highway": "footway", "footway": "sidewalk", "name": null, "surface": null, "lit": "yes", "length_m": 63.99, "type_element": "Way", "__fid": 104606}, "geometry": {"type": "LineString", "coordinates": [[2.3873363, 48.8687786], [2.3881511, 48.8689841]]}}, {"type": "Feature", "properties": {"highway": "pedestrian", "footway": null, "name": "Rue Max Ernst", "surface": "paving_stones", "lit": "yes", "length_m": 9.58, "type_element": "Way", "__fid": 104612}, "geometry": {"type": "LineString", "coordinates": [[2.3873794, 48.8659988], [2.3874965, 48.8660369]]}}, {"type": "Feature", "properties": {"highway": "footway", "footway": "crossing", "name": null, "surface": null, "lit": "yes", "length_m": 7.2, "type_element": "Way", "__fid": 104615}, "geometry": {"type": "LineString", "coordinates": [[2.387385, 48.8657461], [2.3874109, 48.8656971], [2.3874246, 48.865688]]}}, {"type": "Feature", "properties": {"highway": "footway", "footway": null, "name": null, "surface": null, "lit": null, "length_m": 137.12, "type_element": "Way", "__fid": 104626}, "geometry": {"type": "LineString", "coordinates": [[2.3876873, 48.8707666], [2.3878652, 48.87087690000001], [2.388009, 48.8709917], [2.3880859, 48.8710654], [2.3880978, 48.8710933], [2.3881509, 48.8711311], [2.3881509, 48.8711421], [2.3881316, 48.8711652], [2.3880759, 48.8711905], [2.3880304, 48.8712279], [2.3879926, 48.871284799999984], [2.3879256, 48.871345200000015], [2.3877203, 48.8714644], [2.3876385, 48.871521], [2.3875476, 48.8715436], [2.3873408, 48.8714533]]}}, {"type": "Feature", "properties": {"highway": "footway", "footway": "sidewalk", "name": null, "surface": null, "lit": "yes", "length_m": 6.25, "type_element": "Way", "__fid": 104637}, "geometry": {"type": "LineString", "coordinates": [[2.3874246, 48.865688], [2.3874851, 48.8656484]]}}, {"type": "Feature", "properties": {"highway": "footway", "footway": "crossing", "name": null, "surface": null, "lit": "yes", "length_m": 15.2, "type_element": "Way", "__fid": 104685}, "geometry": {"type": "LineString", "coordinates": [[2.3876783, 48.8656978], [2.3874851, 48.8656484]]}}, {"type": "Feature", "properties": {"highway": "footway", "footway": "sidewalk", "name": null, "surface": null, "lit": "yes", "length_m": 88.19, "type_element": "Way", "__fid": 104686}, "geometry": {"type": "LineString", "coordinates": [[2.3874851, 48.8656484], [2.3878912, 48.8649019]]}}, {"type": "Feature", "properties": {"highway": "pedestrian", "footway": null, "name": "Rue Max Ernst", "surface": "paving_stones", "lit": "yes", "length_m": 80.54, "type_element": "Way", "__fid": 104702}, "geometry": {"type": "LineString", "coordinates": [[2.3874965, 48.8660369], [2.3884859, 48.8663508]]}}, {"type": "Feature", "properties": {"highway": "footway", "footway": "sidewalk", "name": null, "surface": "paving_stones", "lit": "yes", "length_m": 21.34, "type_element": "Way", "__fid": 104703}, "geometry": {"type": "LineString", "coordinates": [[2.3875932, 48.8658559], [2.3874965, 48.8660369]]}}, {"type": "Feature", "properties": {"highway": "footway", "footway": null, "name": null, "surface": null, "lit": null, "length_m": 16.69, "type_element": "Way", "__fid": 104735}, "geometry": {"type": "LineString", "coordinates": [[2.3874906, 48.869513], [2.3877025, 48.8695677]]}}, {"type": "Feature", "properties": {"highway": "footway", "footway": null, "name": null, "surface": null, "lit": null, "length_m": 63.24, "type_element": "Way", "__fid": 104736}, "geometry": {"type": "LineString", "coordinates": [[2.3877963, 48.868981200000015], [2.3874906, 48.869513]]}}, {"type": "Feature", "properties": {"highway": "footway", "footway": "sidewalk", "name": null, "surface": "paving_stones", "lit": "yes", "length_m": 12.34, "type_element": "Way", "__fid": 104778}, "geometry": {"type": "LineString", "coordinates": [[2.3876505, 48.8657516], [2.3875932, 48.8658559]]}}, {"type": "Feature", "properties": {"highway": "footway", "footway": null, "name": null, "surface": "compacted", "lit": "no", "length_m": 4.84, "type_element": "Way", "__fid": 104808}, "geometry": {"type": "LineString", "coordinates": [[2.3876505, 48.8657516], [2.3877144, 48.8657623]]}}, {"type": "Feature", "properties": {"highway": "footway", "footway": "sidewalk", "name": null, "surface": "paving_stones", "lit": "yes", "length_m": 6.32, "type_element": "Way", "__fid": 104809}, "geometry": {"type": "LineString", "coordinates": [[2.3876783, 48.8656978], [2.3876505, 48.8657516]]}}, {"type": "Feature", "properties": {"highway": "footway", "footway": "crossing", "name": null, "surface": null, "lit": "yes", "length_m": 5.18, "type_element": "Way", "__fid": 104812}, "geometry": {"type": "LineString", "coordinates": [[2.387701979999939, 48.86697378000005], [2.387637499999939, 48.86695480000004]]}}, {"type": "Feature", "properties": {"highway": "footway", "footway": "sidewalk", "name": null, "surface": "paving_stones", "lit": "yes", "length_m": 40.15, "type_element": "Way", "__fid": 104834}, "geometry": {"type": "LineString", "coordinates": [[2.3878573, 48.8653566], [2.3876783, 48.8656978]]}}, {"type": "Feature", "properties": {"highway": "footway", "footway": null, "name": null, "surface": "compacted", "lit": "no", "length_m": 24.74, "type_element": "Way", "__fid": 104859}, "geometry": {"type": "LineString", "coordinates": [[2.3880208, 48.8658552], [2.3877144, 48.8657623]]}}, {"type": "Feature", "properties": {"highway": "footway", "footway": null, "name": null, "surface": "compacted", "lit": null, "length_m": 86.58, "type_element": "Way", "__fid": 104860}, "geometry": {"type": "LineString", "coordinates": [[2.3884515, 48.8656281], [2.387891, 48.8654251], [2.3877144, 48.8657623]]}}, {"type": "Feature", "properties": {"highway": "footway", "footway": "sidewalk", "name": null, "surface": "asphalt", "lit": "yes", "length_m": 95.26, "type_element": "Way", "__fid": 104863}, "geometry": {"type": "LineString", "coordinates": [[2.387701979999939, 48.86697378000005], [2.3877524, 48.866973], [2.3888706, 48.8673387]]}}, {"type": "Feature", "properties": {"highway": "steps", "footway": null, "name": null, "surface": null, "lit": "no", "length_m": 46.47, "type_element": "Way", "__fid": 104878}, "geometry": {"type": "LineString", "coordinates": [[2.3881962, 48.87066870000001], [2.3880944, 48.8706531], [2.3878946, 48.8706617], [2.3879123, 48.87072], [2.3878001, 48.8707307], [2.3876873, 48.8707666]]}}, {"type": "Feature", "properties": {"highway": "pedestrian", "footway": null, "name": "Rue Louis-Nicolas Clérambault", "surface": "asphalt", "lit": "yes", "length_m": 7.81, "type_element": "Way", "__fid": 104892}, "geometry": {"type": "LineString", "coordinates": [[2.387765, 48.8653216], [2.3878573, 48.8653566]]}}, {"type": "Feature", "properties": {"highway": "footway", "footway": "sidewalk", "name": null, "surface": null, "lit": null, "length_m": 24.32, "type_element": "Way", "__fid": 104938}, "geometry": {"type": "LineString", "coordinates": [[2.3877963, 48.868981200000015], [2.3881051, 48.8690607]]}}, {"type": "Feature", "properties": {"highway": "pedestrian", "footway": null, "name": "Rue Louis-Nicolas Clérambault", "surface": "asphalt", "lit": "yes", "length_m": 86.72, "type_element": "Way", "__fid": 104950}, "geometry": {"type": "LineString", "coordinates": [[2.3878573, 48.8653566], [2.3888836, 48.8657436]]}}, {"type": "Feature", "properties": {"highway": "footway", "footway": "sidewalk", "name": null, "surface": "paving_stones", "lit": "yes", "length_m": 39.79, "type_element": "Way", "__fid": 104951}, "geometry": {"type": "LineString", "coordinates": [[2.3880337, 48.8650182], [2.3878573, 48.8653566]]}}, {"type": "Feature", "properties": {"highway": "footway", "footway": "sidewalk", "name": null, "surface": "asphalt", "lit": "yes", "length_m": 20.01, "type_element": "Way", "__fid": 104979}, "geometry": {"type": "LineString", "coordinates": [[2.3881136, 48.87048], [2.3878428, 48.870458700000015]]}}, {"type": "Feature", "properties": {"highway": "footway", "footway": null, "name": "Passage Notre-Dame de la Croix", "surface": null, "lit": null, "length_m": 146.72, "type_element": "Way", "__fid": 104980}, "geometry": {"type": "LineString", "coordinates": [[2.3878428, 48.870458700000015], [2.3878647, 48.870396], [2.3878787, 48.8700008], [2.3882644, 48.8693233], [2.3882642, 48.86918720000001]]}}, {"type": "Feature", "properties": {"highway": "footway", "footway": null, "name": null, "surface": "compacted", "lit": "no", "length_m": 8.72, "type_element": "Way", "__fid": 105027}, "geometry": {"type": "LineString", "coordinates": [[2.3879694, 48.8659259], [2.3880208, 48.8658552]]}}, {"type": "Feature", "properties": {"highway": "footway", "footway": null, "name": null, "surface": "compacted", "lit": "no", "length_m": 13.62, "type_element": "Way", "__fid": 105063}, "geometry": {"type": "LineString", "coordinates": [[2.3881892, 48.8659068], [2.3880208, 48.8658552]]}}, {"type": "Feature", "properties": {"highway": "footway", "footway": null, "name": null, "surface": "compacted", "lit": "no", "length_m": 19.59, "type_element": "Way", "__fid": 105064}, "geometry": {"type": "LineString", "coordinates": [[2.3880208, 48.8658552], [2.3881691, 48.8658286], [2.3882824, 48.86583060000001]]}}, {"type": "Feature", "properties": {"highway": "footway", "footway": "sidewalk", "name": null, "surface": "asphalt", "lit": "yes", "length_m": 15.04, "type_element": "Way", "__fid": 105086}, "geometry": {"type": "LineString", "coordinates": [[2.388015, 48.8683247], [2.3882064, 48.86837320000002]]}}, {"type": "Feature", "properties": {"highway": "footway", "footway": "crossing", "name": null, "surface": "asphalt", "lit": "yes", "length_m": 11.22, "type_element": "Way", "__fid": 105087}, "geometry": {"type": "LineString", "coordinates": [[2.388015, 48.8683247], [2.3880719, 48.868231]]}}, {"type": "Feature", "properties": {"highway": "footway", "footway": "sidewalk", "name": null, "surface": "asphalt", "lit": "yes", "length_m": 4.4, "type_element": "Way", "__fid": 105136}, "geometry": {"type": "LineString", "coordinates": [[2.3881316, 48.8682268], [2.3880719, 48.868231]]}}, {"type": "Feature", "properties": {"highway": "footway", "footway": null, "name": null, "surface": "compacted", "lit": "no", "length_m": 26.74, "type_element": "Way", "__fid": 105150}, "geometry": {"type": "LineString", "coordinates": [[2.3881171, 48.8661008], [2.3880576, 48.8660848], [2.3881892, 48.8659068]]}}, {"type": "Feature", "properties": {"highway": "footway", "footway": "sidewalk", "name": null, "surface": null, "lit": null, "length_m": 17.05, "type_element": "Way", "__fid": 105162}, "geometry": {"type": "LineString", "coordinates": [[2.3881051, 48.8690607], [2.3881608, 48.869127], [2.3882483, 48.8691788]]}}, {"type": "Feature", "properties": {"highway": "footway", "footway": "crossing", "name": null, "surface": null, "lit": "yes", "length_m": 9.16, "type_element": "Way", "__fid": 105163}, "geometry": {"type": "LineString", "coordinates": [[2.3881051, 48.8690607], [2.3881511, 48.8689841]]}}, {"type": "Feature", "properties": {"highway": "service", "footway": null, "name": null, "surface": "sett", "lit": null, "length_m": 14.47, "type_element": "Way", "__fid": 105166}, "geometry": {"type": "LineString", "coordinates": [[2.3881036, 48.86927710000001], [2.3881232, 48.86924610000001], [2.3882415, 48.8691892]]}}, {"type": "Feature", "properties": {"highway": "footway", "footway": null, "name": null, "surface": "compacted", "lit": "yes", "length_m": 62.6, "type_element": "Way", "__fid": 105172}, "geometry": {"type": "LineString", "coordinates": [[2.3881227, 48.868456], [2.3881541, 48.8685219], [2.3881392, 48.8685535], [2.3881384, 48.8685999], [2.3881507, 48.868624], [2.3882149, 48.86868240000001], [2.388234, 48.8687233], [2.3881679, 48.868919200000015], [2.3882056, 48.8689882]]}}, {"type": "Feature", "properties": {"highway": "footway", "footway": null, "name": null, "surface": "asphalt", "lit": "yes", "length_m": 3.48, "type_element": "Way", "__fid": 105173}, "geometry": {"type": "LineString", "coordinates": [[2.388132, 48.8684253], [2.3881227, 48.868456]]}}, {"type": "Feature", "properties": {"highway": "footway", "footway": "crossing", "name": null, "surface": null, "lit": "yes", "length_m": 9.94, "type_element": "Way", "__fid": 105178}, "geometry": {"type": "LineString", "coordinates": [[2.3881316, 48.8682268], [2.388256, 48.8682623]]}}, {"type": "Feature", "properties": {"highway": "footway", "footway": "sidewalk", "name": null, "surface": "asphalt", "lit": "yes", "length_m": 111.87, "type_element": "Way", "__fid": 105179}, "geometry": {"type": "LineString", "coordinates": [[2.3888994, 48.8673883], [2.3886184, 48.86780419999999], [2.3883902, 48.8681189], [2.3881316, 48.8682268]]}}, {"type": "Feature", "properties": {"highway": "footway", "footway": "sidewalk", "name": null, "surface": "asphalt", "lit": "yes", "length_m": 11.55, "type_element": "Way", "__fid": 105191}, "geometry": {"type": "LineString", "coordinates": [[2.3882698, 48.870492900000016], [2.3881136, 48.87048]]}}, {"type": "Feature", "properties": {"highway": "footway", "footway": "sidewalk", "name": null, "surface": null, "lit": "yes", "length_m": 3.17, "type_element": "Way", "__fid": 105192}, "geometry": {"type": "LineString", "coordinates": [[2.3881158, 48.870508500000014], [2.3881136, 48.87048]]}}, {"type": "Feature", "properties": {"highway": "pedestrian", "footway": null, "name": "Rue des Couronnes", "surface": null, "lit": "yes", "length_m": 13.12, "type_element": "Way", "__fid": 105196}, "geometry": {"type": "LineString", "coordinates": [[2.3881158, 48.870508500000014], [2.3882515, 48.8705853]]}}, {"type": "Feature", "properties": {"highway": "footway", "footway": "crossing", "name": null, "surface": null, "lit": "yes", "length_m": 6.18, "type_element": "Way", "__fid": 105197}, "geometry": {"type": "LineString", "coordinates": [[2.3881195, 48.870564], [2.3881158, 48.870508500000014]]}}, {"type": "Feature", "properties": {"highway": "footway", "footway": "sidewalk", "name": null, "surface": "asphalt", "lit": null, "length_m": 12.93, "type_element": "Way", "__fid": 105201}, "geometry": {"type": "LineString", "coordinates": [[2.3881195, 48.870564], [2.3881962, 48.87066870000001]]}}, {"type": "Feature", "properties": {"highway": "footway", "footway": "sidewalk", "name": null, "surface": "asphalt", "lit": "yes", "length_m": 4.02, "type_element": "Way", "__fid": 105216}, "geometry": {"type": "LineString", "coordinates": [[2.3881511, 48.8689841], [2.3882056, 48.8689882]]}}, {"type": "Feature", "properties": {"highway": "footway", "footway": null, "name": null, "surface": "compacted", "lit": "no", "length_m": 23.32, "type_element": "Way", "__fid": 105221}, "geometry": {"type": "LineString", "coordinates": [[2.3884838, 48.8659761], [2.3882483, 48.8659053], [2.3881892, 48.8659068]]}}, {"type": "Feature", "properties": {"highway": "footway", "footway": "sidewalk", "name": null, "surface": "paving_stones", "lit": "yes", "length_m": 121.92, "type_element": "Way", "__fid": 105226}, "geometry": {"type": "LineString", "coordinates": [[2.389656, 48.8655246], [2.388208, 48.8649865]]}}, {"type": "Feature", "properties": {"highway": "service", "footway": null, "name": null, "surface": "sett", "lit": null, "length_m": 12.74, "type_element": "Way", "__fid": 105234}, "geometry": {"type": "LineString", "coordinates": [[2.3881724, 48.869294300000014], [2.3882415, 48.8691892]]}}, {"type": "Feature", "properties": {"highway": "footway", "footway": "sidewalk", "name": null, "surface": "asphalt", "lit": "yes", "length_m": 8.5, "type_element": "Way", "__fid": 105250}, "geometry": {"type": "LineString", "coordinates": [[2.3882064, 48.86837320000002], [2.3883158, 48.8683984]]}}, {"type": "Feature", "properties": {"highway": "footway", "footway": "sidewalk", "name": null, "surface": "asphalt", "lit": "yes", "length_m": 48.68, "type_element": "Way", "__fid": 105251}, "geometry": {"type": "LineString", "coordinates": [[2.3882064, 48.86837320000002], [2.388199, 48.8683979], [2.3884337, 48.86846079999998], [2.3884518, 48.868557], [2.3884108, 48.8687031]]}}, {"type": "Feature", "properties": {"highway": "service", "footway": null, "name": "Place des Sources du Nord", "surface": "sett", "lit": null, "length_m": 16.03, "type_element": "Way", "__fid": 105260}, "geometry": {"type": "LineString", "coordinates": [[2.3882575, 48.8691648], [2.388215, 48.8690234]]}}, {"type": "Feature", "properties": {"highway": "footway", "footway": "sidewalk", "name": null, "surface": "asphalt", "lit": null, "length_m": 51.0, "type_element": "Way", "__fid": 105261}, "geometry": {"type": "LineString", "coordinates": [[2.3881962, 48.87066870000001], [2.3885572, 48.8710607]]}}, {"type": "Feature", "properties": {"highway": "footway", "footway": "crossing", "name": null, "surface": "asphalt", "lit": "yes", "length_m": 10.04, "type_element": "Way", "__fid": 105262}, "geometry": {"type": "LineString", "coordinates": [[2.3883221, 48.8706369], [2.3882376, 48.87066580000001], [2.3881962, 48.87066870000001]]}}, {"type": "Feature", "properties": {"highway": "footway", "footway": null, "name": "Ligne de La Râpée à Batignolles (Petite Ceinture)", "surface": "gravel", "lit": "no", "length_m": 91.93, "type_element": "Way", "__fid": 105273}, "geometry": {"type": "LineString", "coordinates": [[2.3885807, 48.8696835], [2.3884173, 48.8699756], [2.3883143, 48.8701968], [2.3882075, 48.8704719]]}}, {"type": "Feature", "properties": {"highway": "service", "footway": null, "name": null, "surface": "sett", "lit": null, "length_m": 1.26, "type_element": "Way", "__fid": 105277}, "geometry": {"type": "LineString", "coordinates": [[2.3882415, 48.8691892], [2.3882483, 48.8691788]]}}, {"type": "Feature", "properties": {"highway": "footway", "footway": null, "name": null, "surface": "compacted", "lit": "no", "length_m": 18.26, "type_element": "Way", "__fid": 105280}, "geometry": {"type": "LineString", "coordinates": [[2.3882824, 48.86583060000001], [2.3884142, 48.8658826], [2.388484, 48.8659255]]}}, {"type": "Feature", "properties": {"highway": "footway", "footway": null, "name": null, "surface": "compacted", "lit": null, "length_m": 25.71, "type_element": "Way", "__fid": 105281}, "geometry": {"type": "LineString", "coordinates": [[2.3884515, 48.8656281], [2.3882824, 48.86583060000001]]}}, {"type": "Feature", "properties": {"highway": "footway", "footway": "sidewalk", "name": null, "surface": "fine_gravel", "lit": null, "length_m": 9.41, "type_element": "Way", "__fid": 105283}, "geometry": {"type": "LineString", "coordinates": [[2.3883737, 48.868296], [2.388256, 48.8682623]]}}, {"type": "Feature", "properties": {"highway": "footway", "footway": "sidewalk", "name": null, "surface": "asphalt", "lit": "yes", "length_m": 22.14, "type_element": "Way", "__fid": 105284}, "geometry": {"type": "LineString", "coordinates": [[2.388256, 48.8682623], [2.3884988, 48.868144]]}}, {"type": "Feature", "properties": {"highway": "footway", "footway": "crossing", "name": null, "surface": null, "lit": null, "length_m": 1.49, "type_element": "Way", "__fid": 105287}, "geometry": {"type": "LineString", "coordinates": [[2.3882483, 48.8691788], [2.3882642, 48.86918720000001]]}}, {"type": "Feature", "properties": {"highway": "service", "footway": null, "name": null, "surface": "sett", "lit": null, "length_m": 1.7, "type_element": "Way", "__fid": 105288}, "geometry": {"type": "LineString", "coordinates": [[2.3882483, 48.8691788], [2.3882575, 48.8691648]]}}, {"type": "Feature", "properties": {"highway": "service", "footway": null, "name": "Place des Sources du Nord", "surface": "sett", "lit": null, "length_m": 2.54, "type_element": "Way", "__fid": 105294}, "geometry": {"type": "LineString", "coordinates": [[2.3882642, 48.86918720000001], [2.3882575, 48.8691648]]}}, {"type": "Feature", "properties": {"highway": "pedestrian", "footway": null, "name": "Rue de la Mare", "surface": "sett", "lit": null, "length_m": 7.29, "type_element": "Way", "__fid": 105298}, "geometry": {"type": "LineString", "coordinates": [[2.3882642, 48.86918720000001], [2.3883541, 48.8692151]]}}, {"type": "Feature", "properties": {"highway": "footway", "footway": "sidewalk", "name": null, "surface": "asphalt", "lit": "yes", "length_m": 115.66, "type_element": "Way", "__fid": 105301}, "geometry": {"type": "LineString", "coordinates": [[2.3896846, 48.865436], [2.3883162, 48.8649194]]}}, {"type": "Feature", "properties": {"highway": "footway", "footway": "sidewalk", "name": null, "surface": "asphalt", "lit": "yes", "length_m": 63.03, "type_element": "Way", "__fid": 105311}, "geometry": {"type": "LineString", "coordinates": [[2.3890306, 48.8702421], [2.3883286, 48.8704956], [2.3882698, 48.870492900000016]]}}, {"type": "Feature", "properties": {"highway": "footway", "footway": "crossing", "name": null, "surface": "asphalt", "lit": "yes", "length_m": 11.47, "type_element": "Way", "__fid": 105312}, "geometry": {"type": "LineString", "coordinates": [[2.3883421, 48.87058170000001], [2.3882691, 48.8705079], [2.3882698, 48.870492900000016]]}}, {"type": "Feature", "properties": {"highway": "service", "footway": null, "name": null, "surface": null, "lit": null, "length_m": 3.2, "type_element": "Way", "__fid": 105313}, "geometry": {"type": "LineString", "coordinates": [[2.3882904, 48.8689503], [2.3883299, 48.8689626]]}}, {"type": "Feature", "properties": {"highway": "footway", "footway": "sidewalk", "name": null, "surface": "asphalt", "lit": "yes", "length_m": 83.67, "type_element": "Way", "__fid": 105322}, "geometry": {"type": "LineString", "coordinates": [[2.3883158, 48.8683984], [2.3893864, 48.86865790000002]]}}, {"type": "Feature", "properties": {"highway": "footway", "footway": "crossing", "name": null, "surface": "asphalt", "lit": "yes", "length_m": 12.15, "type_element": "Way", "__fid": 105323}, "geometry": {"type": "LineString", "coordinates": [[2.3883158, 48.8683984], [2.3883737, 48.868296]]}}, {"type": "Feature", "properties": {"highway": "footway", "footway": null, "name": null, "surface": "paved", "lit": "no", "length_m": 24.46, "type_element": "Way", "__fid": 105327}, "geometry": {"type": "LineString", "coordinates": [[2.3886584, 48.8661183], [2.3883462, 48.86604120000001]]}}, {"type": "Feature", "properties": {"highway": "service", "footway": null, "name": null, "surface": null, "lit": null, "length_m": 6.85, "type_element": "Way", "__fid": 105333}, "geometry": {"type": "LineString", "coordinates": [[2.3883299, 48.8689626], [2.3884136, 48.8689899]]}}, {"type": "Feature", "properties": {"highway": "footway", "footway": "sidewalk", "name": null, "surface": "asphalt", "lit": "yes", "length_m": 28.66, "type_element": "Way", "__fid": 105334}, "geometry": {"type": "LineString", "coordinates": [[2.3883299, 48.8689626], [2.3883069, 48.8691085], [2.3883541, 48.8692151]]}}, {"type": "Feature", "properties": {"highway": "footway", "footway": "sidewalk", "name": null, "surface": "asphalt", "lit": "yes", "length_m": 29.46, "type_element": "Way", "__fid": 105335}, "geometry": {"type": "LineString", "coordinates": [[2.3884108, 48.8687031], [2.3883299, 48.8689626]]}}, {"type": "Feature", "properties": {"highway": "footway", "footway": "sidewalk", "name": null, "surface": "asphalt", "lit": null, "length_m": 47.02, "type_element": "Way", "__fid": 105341}, "geometry": {"type": "LineString", "coordinates": [[2.3883221, 48.8706369], [2.3886503, 48.87100010000001]]}}, {"type": "Feature", "properties": {"highway": "footway", "footway": "sidewalk", "name": null, "surface": "asphalt", "lit": "yes", "length_m": 6.31, "type_element": "Way", "__fid": 105342}, "geometry": {"type": "LineString", "coordinates": [[2.3883421, 48.87058170000001], [2.3883221, 48.8706369]]}}, {"type": "Feature", "properties": {"highway": "pedestrian", "footway": null, "name": "Rue de la Mare", "surface": "sett", "lit": null, "length_m": 25.09, "type_element": "Way", "__fid": 105350}, "geometry": {"type": "LineString", "coordinates": [[2.3883541, 48.8692151], [2.388538, 48.86940529999998]]}}, {"type": "Feature", "properties": {"highway": "footway", "footway": "sidewalk", "name": null, "surface": null, "lit": "yes", "length_m": 62.32, "type_element": "Way", "__fid": 105354}, "geometry": {"type": "LineString", "coordinates": [[2.3890845, 48.8703092], [2.3883421, 48.87058170000001]]}}, {"type": "Feature", "properties": {"highway": "footway", "footway": "sidewalk", "name": null, "surface": "fine_gravel", "lit": null, "length_m": 4.09, "type_element": "Way", "__fid": 105358}, "geometry": {"type": "LineString", "coordinates": [[2.3884247, 48.8683108], [2.3883737, 48.868296]]}}, {"type": "Feature", "properties": {"highway": "service", "footway": null, "name": null, "surface": "concrete", "lit": null, "length_m": 2.78, "type_element": "Way", "__fid": 105361}, "geometry": {"type": "LineString", "coordinates": [[2.3883748, 48.8686952], [2.3884108, 48.8687031]]}}, {"type": "Feature", "properties": {"highway": "service", "footway": null, "name": null, "surface": "asphalt", "lit": null, "length_m": 6.99, "type_element": "Way", "__fid": 105375}, "geometry": {"type": "LineString", "coordinates": [[2.3884002, 48.86836090000001], [2.3884816, 48.868328200000015]]}}, {"type": "Feature", "properties": {"highway": "service", "footway": null, "name": null, "surface": "concrete", "lit": null, "length_m": 21.48, "type_element": "Way", "__fid": 105394}, "geometry": {"type": "LineString", "coordinates": [[2.3884108, 48.8687031], [2.3886825, 48.8687752]]}}, {"type": "Feature", "properties": {"highway": "footway", "footway": null, "name": null, "surface": "compacted", "lit": null, "length_m": 17.06, "type_element": "Way", "__fid": 105395}, "geometry": {"type": "LineString", "coordinates": [[2.3886521, 48.8657057], [2.3884515, 48.8656281]]}}, {"type": "Feature", "properties": {"highway": "footway", "footway": "crossing", "name": null, "surface": "asphalt", "lit": null, "length_m": 4.6, "type_element": "Way", "__fid": 105398}, "geometry": {"type": "LineString", "coordinates": [[2.3884247, 48.8683108], [2.3884816, 48.868328200000015]]}}, {"type": "Feature", "properties": {"highway": "footway", "footway": "sidewalk", "name": null, "surface": "fine_gravel", "lit": null, "length_m": 11.16, "type_element": "Way", "__fid": 105399}, "geometry": {"type": "LineString", "coordinates": [[2.3885544, 48.8682583], [2.3884247, 48.8683108]]}}, {"type": "Feature", "properties": {"highway": "footway", "footway": null, "name": null, "surface": "compacted", "lit": "no", "length_m": 5.63, "type_element": "Way", "__fid": 105417}, "geometry": {"type": "LineString", "coordinates": [[2.388484, 48.8659255], [2.3884838, 48.8659761]]}}, {"type": "Feature", "properties": {"highway": "footway", "footway": null, "name": null, "surface": "compacted", "lit": null, "length_m": 27.38, "type_element": "Way", "__fid": 105418}, "geometry": {"type": "LineString", "coordinates": [[2.388484, 48.8659255], [2.3886521, 48.8657057]]}}, {"type": "Feature", "properties": {"highway": "footway", "footway": null, "name": null, "surface": "compacted", "lit": "no", "length_m": 15.09, "type_element": "Way", "__fid": 105419}, "geometry": {"type": "LineString", "coordinates": [[2.3886713, 48.866032], [2.3884838, 48.8659761]]}}, {"type": "Feature", "properties": {"highway": "steps", "footway": null, "name": null, "surface": "concrete", "lit": "no", "length_m": 27.36, "type_element": "Way", "__fid": 105420}, "geometry": {"type": "LineString", "coordinates": [[2.3884838, 48.8659761], [2.3884582, 48.86601650000002], [2.3886842, 48.8660833], [2.3886584, 48.8661183]]}}, {"type": "Feature", "properties": {"highway": "pedestrian", "footway": null, "name": "Rue Max Ernst", "surface": "paving_stones", "lit": "yes", "length_m": 72.46, "type_element": "Way", "__fid": 105424}, "geometry": {"type": "LineString", "coordinates": [[2.3884859, 48.8663508], [2.3893752, 48.86663439999999]]}}, {"type": "Feature", "properties": {"highway": "footway", "footway": null, "name": null, "surface": "paved", "lit": "yes", "length_m": 28.78, "type_element": "Way", "__fid": 105425}, "geometry": {"type": "LineString", "coordinates": [[2.3884859, 48.8663508], [2.3886584, 48.8661183]]}}, {"type": "Feature", "properties": {"highway": "footway", "footway": "sidewalk", "name": null, "surface": "asphalt", "lit": "yes", "length_m": 62.21, "type_element": "Way", "__fid": 105447}, "geometry": {"type": "LineString", "coordinates": [[2.3884816, 48.868328200000015], [2.3892781, 48.8685204]]}}, {"type": "Feature", "properties": {"highway": "service", "footway": null, "name": null, "surface": "asphalt", "lit": null, "length_m": 7.66, "type_element": "Way", "__fid": 105448}, "geometry": {"type": "LineString", "coordinates": [[2.3884816, 48.868328200000015], [2.3885675, 48.8682891]]}}, {"type": "Feature", "properties": {"highway": "steps", "footway": null, "name": null, "surface": "paving_stones", "lit": null, "length_m": 13.35, "type_element": "Way", "__fid": 105464}, "geometry": {"type": "LineString", "coordinates": [[2.3885544, 48.8682583], [2.3884988, 48.868144]]}}, {"type": "Feature", "properties": {"highway": "footway", "footway": "sidewalk", "name": null, "surface": "asphalt", "lit": "yes", "length_m": 53.98, "type_element": "Way", "__fid": 105465}, "geometry": {"type": "LineString", "coordinates": [[2.3884988, 48.868144], [2.3888279, 48.8677098]]}}, {"type": "Feature", "properties": {"highway": "footway", "footway": null, "name": "Rue de la Mare", "surface": null, "lit": "yes", "length_m": 26.86, "type_element": "Way", "__fid": 105507}, "geometry": {"type": "LineString", "coordinates": [[2.388538, 48.86940529999998], [2.3885905, 48.8694628], [2.3885373, 48.8695478], [2.388650682335213, 48.86958260423304]]}}, {"type": "Feature", "properties": {"highway": "footway", "footway": null, "name": "Passage de la Station de Ménilmontant", "surface": "sett", "lit": "no", "length_m": 14.29, "type_element": "Way", "__fid": 105508}, "geometry": {"type": "LineString", "coordinates": [[2.3886456, 48.8692982], [2.388538, 48.86940529999998]]}}, {"type": "Feature", "properties": {"highway": "footway", "footway": null, "name": null, "surface": "asphalt", "lit": null, "length_m": 3.56, "type_element": "Way", "__fid": 105509}, "geometry": {"type": "LineString", "coordinates": [[2.3885675, 48.8682891], [2.3885544, 48.8682583]]}}, {"type": "Feature", "properties": {"highway": "footway", "footway": "sidewalk", "name": null, "surface": "fine_gravel", "lit": null, "length_m": 82.36, "type_element": "Way", "__fid": 105510}, "geometry": {"type": "LineString", "coordinates": [[2.3894349, 48.8685671], [2.3893215, 48.868529], [2.3893356, 48.8684244], [2.3885941, 48.8682434], [2.3885544, 48.8682583]]}}, {"type": "Feature", "properties": {"highway": "service", "footway": null, "name": null, "surface": "asphalt", "lit": null, "length_m": 60.79, "type_element": "Way", "__fid": 105521}, "geometry": {"type": "LineString", "coordinates": [[2.3885675, 48.8682891], [2.3892467, 48.868457], [2.3892646, 48.8684725], [2.3892781, 48.8685204]]}}, {"type": "Feature", "properties": {"highway": "footway", "footway": null, "name": null, "surface": "concrete", "lit": "yes", "length_m": 16.06, "type_element": "Way", "__fid": 105543}, "geometry": {"type": "LineString", "coordinates": [[2.3885807, 48.8696835], [2.3887304, 48.8697247], [2.3887844, 48.8697133]]}}, {"type": "Feature", "properties": {"highway": "footway", "footway": null, "name": "Ligne de La Râpée à Batignolles (Petite Ceinture)", "surface": "gravel", "lit": "no", "length_m": 12.34, "type_element": "Way", "__fid": 105544}, "geometry": {"type": "LineString", "coordinates": [[2.388650682335213, 48.86958260423304], [2.3885807, 48.8696835]]}}, {"type": "Feature", "properties": {"highway": "footway", "footway": null, "name": null, "surface": "compacted", "lit": null, "length_m": 17.0, "type_element": "Way", "__fid": 105554}, "geometry": {"type": "LineString", "coordinates": [[2.3888532, 48.86578160000001], [2.3886521, 48.8657057]]}}, {"type": "Feature", "properties": {"highway": "footway", "footway": null, "name": null, "surface": "paved", "lit": "no", "length_m": 18.82, "type_element": "Way", "__fid": 105561}, "geometry": {"type": "LineString", "coordinates": [[2.388897, 48.8661805], [2.3886584, 48.8661183]]}}, {"type": "Feature", "properties": {"highway": "footway", "footway": null, "name": null, "surface": "compacted", "lit": "no", "length_m": 19.64, "type_element": "Way", "__fid": 105568}, "geometry": {"type": "LineString", "coordinates": [[2.3889176, 48.86610119999999], [2.3886713, 48.866032]]}}, {"type": "Feature", "properties": {"highway": "footway", "footway": null, "name": null, "surface": "compacted", "lit": "yes", "length_m": 30.88, "type_element": "Way", "__fid": 105569}, "geometry": {"type": "LineString", "coordinates": [[2.3886713, 48.866032], [2.3888532, 48.86578160000001]]}}, {"type": "Feature", "properties": {"highway": "footway", "footway": null, "name": null, "surface": "concrete", "lit": "no", "length_m": 9.24, "type_element": "Way", "__fid": 105576}, "geometry": {"type": "LineString", "coordinates": [[2.3886456, 48.8692982], [2.3887581, 48.8693356]]}}, {"type": "Feature", "properties": {"highway": "footway", "footway": null, "name": "Passage de la Station de Ménilmontant", "surface": "sett", "lit": "no", "length_m": 43.51, "type_element": "Way", "__fid": 105577}, "geometry": {"type": "LineString", "coordinates": [[2.3889661, 48.868969], [2.3886456, 48.8692982]]}}, {"type": "Feature", "properties": {"highway": "footway", "footway": null, "name": "Rue de la Mare", "surface": null, "lit": null, "length_m": 17.21, "type_element": "Way", "__fid": 105587}, "geometry": {"type": "LineString", "coordinates": [[2.388808396432452, 48.86968100086725], [2.3887749, 48.8696204], [2.388650682335213, 48.86958260423304]]}}, {"type": "Feature", "properties": {"highway": "footway", "footway": null, "name": "Ligne de La Râpée à Batignolles (Petite Ceinture)", "surface": "gravel", "lit": "no", "length_m": 28.21, "type_element": "Way", "__fid": 105588}, "geometry": {"type": "LineString", "coordinates": [[2.3888107, 48.869351899999984], [2.388650682335213, 48.86958260423304]]}}, {"type": "Feature", "properties": {"highway": "service", "footway": null, "name": "Cité Antoine Loubeyre", "surface": null, "lit": null, "length_m": 74.33, "type_element": "Way", "__fid": 105605}, "geometry": {"type": "LineString", "coordinates": [[2.3886503, 48.87100010000001], [2.3893628, 48.8705248]]}}, {"type": "Feature", "properties": {"highway": "footway", "footway": null, "name": null, "surface": "concrete", "lit": "no", "length_m": 4.26, "type_element": "Way", "__fid": 105680}, "geometry": {"type": "LineString", "coordinates": [[2.3887581, 48.8693356], [2.3888107, 48.869351899999984]]}}, {"type": "Feature", "properties": {"highway": "footway", "footway": null, "name": null, "surface": "wood", "lit": "no", "length_m": 42.61, "type_element": "Way", "__fid": 105681}, "geometry": {"type": "LineString", "coordinates": [[2.3887581, 48.8693356], [2.38889, 48.8691663], [2.3890402, 48.8690009]]}}, {"type": "Feature", "properties": {"highway": "footway", "footway": "sidewalk", "name": null, "surface": "asphalt", "lit": "yes", "length_m": 56.79, "type_element": "Way", "__fid": 105698}, "geometry": {"type": "LineString", "coordinates": [[2.3887844, 48.8697133], [2.3890646, 48.8701894]]}}, {"type": "Feature", "properties": {"highway": "footway", "footway": "sidewalk", "name": null, "surface": "asphalt", "lit": "yes", "length_m": 5.59, "type_element": "Way", "__fid": 105699}, "geometry": {"type": "LineString", "coordinates": [[2.388808396432452, 48.86968100086725], [2.3887722, 48.86968980000001], [2.3887844, 48.8697133]]}}, {"type": "Feature", "properties": {"highway": "footway", "footway": "sidewalk", "name": null, "surface": "asphalt", "lit": "yes", "length_m": 96.84, "type_element": "Way", "__fid": 105711}, "geometry": {"type": "LineString", "coordinates": [[2.3888279, 48.8677098], [2.3889494, 48.8677339], [2.3896544, 48.867918], [2.3897121, 48.867926400000016], [2.3899931, 48.8679333], [2.390083, 48.8679137]]}}, {"type": "Feature", "properties": {"highway": "footway", "footway": "crossing", "name": null, "surface": "asphalt", "lit": "yes", "length_m": 7.47, "type_element": "Way", "__fid": 105712}, "geometry": {"type": "LineString", "coordinates": [[2.3888279, 48.8677098], [2.388866333333447, 48.86764756666669]]}}, {"type": "Feature", "properties": {"highway": "footway", "footway": null, "name": "Ligne de La Râpée à Batignolles (Petite Ceinture)", "surface": "gravel", "lit": "no", "length_m": 67.51, "type_element": "Way", "__fid": 105715}, "geometry": {"type": "LineString", "coordinates": [[2.3892684, 48.8688258], [2.389123, 48.8689726], [2.3889187, 48.8692113], [2.3888107, 48.869351899999984]]}}, {"type": "Feature", "properties": {"highway": "footway", "footway": null, "name": null, "surface": "compacted", "lit": "yes", "length_m": 4.78, "type_element": "Way", "__fid": 105716}, "geometry": {"type": "LineString", "coordinates": [[2.3888532, 48.86578160000001], [2.3888836, 48.8657436]]}}, {"type": "Feature", "properties": {"highway": "footway", "footway": "link", "name": null, "surface": null, "lit": null, "length_m": 2.89, "type_element": "Way", "__fid": 105717}, "geometry": {"type": "LineString", "coordinates": [[2.3888211, 48.8697056], [2.388808396432452, 48.86968100086725]]}}, {"type": "Feature", "properties": {"highway": "footway", "footway": "sidewalk", "name": null, "surface": "asphalt", "lit": "yes", "length_m": 2.63, "type_element": "Way", "__fid": 105718}, "geometry": {"type": "LineString", "coordinates": [[2.3888427, 48.8696741], [2.388808396432452, 48.86968100086725]]}}, {"type": "Feature", "properties": {"highway": "pedestrian", "footway": null, "name": "Rue Louis-Nicolas Clérambault", "surface": "asphalt", "lit": "yes", "length_m": 60.99, "type_element": "Way", "__fid": 105734}, "geometry": {"type": "LineString", "coordinates": [[2.3888836, 48.8657436], [2.389456, 48.8659618], [2.3896135, 48.8660045]]}}, {"type": "Feature", "properties": {"highway": "footway", "footway": "sidewalk", "name": null, "surface": "asphalt", "lit": "yes", "length_m": 28.18, "type_element": "Way", "__fid": 105737}, "geometry": {"type": "LineString", "coordinates": [[2.388866333333447, 48.86764756666669], [2.3888572, 48.867608], [2.3889962, 48.86741530000001]]}}, {"type": "Feature", "properties": {"highway": "footway", "footway": "sidewalk", "name": null, "surface": "asphalt", "lit": "yes", "length_m": 89.66, "type_element": "Way", "__fid": 105738}, "geometry": {"type": "LineString", "coordinates": [[2.3900333, 48.8678607], [2.3899934, 48.867868], [2.3894738, 48.8678047], [2.388866333333447, 48.86764756666669]]}}, {"type": "Feature", "properties": {"highway": "footway", "footway": "sidewalk", "name": null, "surface": "asphalt", "lit": "yes", "length_m": 59.12, "type_element": "Way", "__fid": 105739}, "geometry": {"type": "LineString", "coordinates": [[2.3891391, 48.8701685], [2.3888427, 48.8696741]]}}, {"type": "Feature", "properties": {"highway": "footway", "footway": null, "name": "Impasse de la Mare", "surface": null, "lit": null, "length_m": 45.43, "type_element": "Way", "__fid": 105740}, "geometry": {"type": "LineString", "coordinates": [[2.3888427, 48.8696741], [2.3888238, 48.8696139], [2.3889071, 48.8694637], [2.3890229, 48.8692929]]}}, {"type": "Feature", "properties": {"highway": "footway", "footway": "sidewalk", "name": null, "surface": "asphalt", "lit": "yes", "length_m": 5.91, "type_element": "Way", "__fid": 105743}, "geometry": {"type": "LineString", "coordinates": [[2.3888706, 48.8673387], [2.3888994, 48.8673883]]}}, {"type": "Feature", "properties": {"highway": "footway", "footway": "crossing", "name": null, "surface": null, "lit": "yes", "length_m": 11.48, "type_element": "Way", "__fid": 105744}, "geometry": {"type": "LineString", "coordinates": [[2.3889329, 48.867244], [2.3888706, 48.8673387]]}}, {"type": "Feature", "properties": {"highway": "pedestrian", "footway": null, "name": "Place Carmen", "surface": "paving_stones", "lit": null, "length_m": 53.76, "type_element": "Way", "__fid": 105752}, "geometry": {"type": "LineString", "coordinates": [[2.389592, 48.8662973], [2.3895391, 48.8663118], [2.3891629, 48.866215], [2.3889342, 48.8661902], [2.388897, 48.8661805]]}}, {"type": "Feature", "properties": {"highway": "footway", "footway": null, "name": null, "surface": "compacted", "lit": "no", "length_m": 10.47, "type_element": "Way", "__fid": 105753}, "geometry": {"type": "LineString", "coordinates": [[2.388897, 48.8661805], [2.3889396, 48.8661073], [2.3889176, 48.86610119999999]]}}, {"type": "Feature", "properties": {"highway": "footway", "footway": "crossing", "name": null, "surface": null, "lit": "yes", "length_m": 7.71, "type_element": "Way", "__fid": 105763}, "geometry": {"type": "LineString", "coordinates": [[2.3888994, 48.8673883], [2.3889962, 48.86741530000001]]}}, {"type": "Feature", "properties": {"highway": "steps", "footway": null, "name": null, "surface": "concrete", "lit": null, "length_m": 10.39, "type_element": "Way", "__fid": 105768}, "geometry": {"type": "LineString", "coordinates": [[2.3889176, 48.86610119999999], [2.3889692, 48.8660142]]}}, {"type": "Feature", "properties": {"highway": "footway", "footway": "sidewalk", "name": null, "surface": null, "lit": "yes", "length_m": 14.94, "type_element": "Way", "__fid": 105783}, "geometry": {"type": "LineString", "coordinates": [[2.38912, 48.867295800000015], [2.3890275, 48.8672637], [2.3889329, 48.867244]]}}, {"type": "Feature", "properties": {"highway": "footway", "footway": "sidewalk", "name": null, "surface": "paving_stones", "lit": "yes", "length_m": 75.15, "type_element": "Way", "__fid": 105784}, "geometry": {"type": "LineString", "coordinates": [[2.3889329, 48.867244], [2.3893752, 48.86663439999999]]}}, {"type": "Feature", "properties": {"highway": "footway", "footway": null, "name": null, "surface": "wood", "lit": "no", "length_m": 6.49, "type_element": "Way", "__fid": 105817}, "geometry": {"type": "LineString", "coordinates": [[2.3890402, 48.8690009], [2.3889661, 48.868969]]}}, {"type": "Feature", "properties": {"highway": "footway", "footway": null, "name": "Passage de la Station de Ménilmontant", "surface": "sett", "lit": "no", "length_m": 24.45, "type_element": "Way", "__fid": 105818}, "geometry": {"type": "LineString", "coordinates": [[2.3891485, 48.868785], [2.3889661, 48.868969]]}}, {"type": "Feature", "properties": {"highway": "footway", "footway": "sidewalk", "name": null, "surface": "asphalt", "lit": "yes", "length_m": 3.79, "type_element": "Way", "__fid": 105825}, "geometry": {"type": "LineString", "coordinates": [[2.3889962, 48.86741530000001], [2.3890426, 48.8674004]]}}, {"type": "Feature", "properties": {"highway": "footway", "footway": "sidewalk", "name": null, "surface": "asphalt", "lit": "yes", "length_m": 84.4, "type_element": "Way", "__fid": 105881}, "geometry": {"type": "LineString", "coordinates": [[2.3890426, 48.8674004], [2.3901671, 48.867561]]}}, {"type": "Feature", "properties": {"highway": "footway", "footway": "sidewalk", "name": null, "surface": null, "lit": "yes", "length_m": 12.94, "type_element": "Way", "__fid": 105882}, "geometry": {"type": "LineString", "coordinates": [[2.38912, 48.867295800000015], [2.3890426, 48.8674004]]}}, {"type": "Feature", "properties": {"highway": "footway", "footway": null, "name": null, "surface": "wood", "lit": "no", "length_m": 25.13, "type_element": "Way", "__fid": 105897}, "geometry": {"type": "LineString", "coordinates": [[2.3890402, 48.8690009], [2.3892216, 48.8688092]]}}, {"type": "Feature", "properties": {"highway": "footway", "footway": "crossing", "name": null, "surface": null, "lit": "yes", "length_m": 8.44, "type_element": "Way", "__fid": 105901}, "geometry": {"type": "LineString", "coordinates": [[2.3890845, 48.8703092], [2.3890306, 48.8702421]]}}, {"type": "Feature", "properties": {"highway": "footway", "footway": "sidewalk", "name": null, "surface": "asphalt", "lit": "yes", "length_m": 6.37, "type_element": "Way", "__fid": 105902}, "geometry": {"type": "LineString", "coordinates": [[2.3890646, 48.8701894], [2.3890306, 48.8702421]]}}, {"type": "Feature", "properties": {"highway": "footway", "footway": "crossing", "name": null, "surface": null, "lit": "yes", "length_m": 5.94, "type_element": "Way", "__fid": 105916}, "geometry": {"type": "LineString", "coordinates": [[2.3890646, 48.8701894], [2.3891391, 48.8701685]]}}, {"type": "Feature", "properties": {"highway": "footway", "footway": "sidewalk", "name": null, "surface": "asphalt", "lit": "yes", "length_m": 9.57, "type_element": "Way", "__fid": 105926}, "geometry": {"type": "LineString", "coordinates": [[2.389207133333451, 48.87033853333341], [2.3890845, 48.8703092]]}}, {"type": "Feature", "properties": {"highway": "footway", "footway": "sidewalk", "name": null, "surface": "asphalt", "lit": "yes", "length_m": 90.13, "type_element": "Way", "__fid": 105927}, "geometry": {"type": "LineString", "coordinates": [[2.3901671, 48.867561], [2.3901916, 48.86750139999999], [2.3892123, 48.867358], [2.38912, 48.867295800000015]]}}, {"type": "Feature", "properties": {"highway": "footway", "footway": "sidewalk", "name": null, "surface": "asphalt", "lit": "yes", "length_m": 51.74, "type_element": "Way", "__fid": 105928}, "geometry": {"type": "LineString", "coordinates": [[2.38912, 48.867295800000015], [2.3894188, 48.8668743]]}}, {"type": "Feature", "properties": {"highway": "steps", "footway": null, "name": null, "surface": "paving_stones", "lit": "no", "length_m": 6.0, "type_element": "Way", "__fid": 105967}, "geometry": {"type": "LineString", "coordinates": [[2.3892216, 48.8688092], [2.3891485, 48.868785]]}}, {"type": "Feature", "properties": {"highway": "steps", "footway": null, "name": "Passage de la Station de Ménilmontant", "surface": "paving_stones", "lit": "no", "length_m": 17.84, "type_element": "Way", "__fid": 105968}, "geometry": {"type": "LineString", "coordinates": [[2.3891485, 48.868785], [2.3892407, 48.8686365]]}}, {"type": "Feature", "properties": {"highway": "footway", "footway": "sidewalk", "name": null, "surface": "asphalt", "lit": "yes", "length_m": 3.2, "type_element": "Way", "__fid": 105969}, "geometry": {"type": "LineString", "coordinates": [[2.3891825, 48.87017150000002], [2.3891391, 48.8701685]]}}, {"type": "Feature", "properties": {"highway": "pedestrian", "footway": null, "name": "Villa Henri Chevreau", "surface": null, "lit": null, "length_m": 8.61, "type_element": "Way", "__fid": 105985}, "geometry": {"type": "LineString", "coordinates": [[2.3892655, 48.8702285], [2.38915, 48.87024250000002]]}}, {"type": "Feature", "properties": {"highway": "footway", "footway": "crossing", "name": null, "surface": null, "lit": "yes", "length_m": 7.09, "type_element": "Way", "__fid": 106011}, "geometry": {"type": "LineString", "coordinates": [[2.3891825, 48.87017150000002], [2.3892776, 48.8701828]]}}, {"type": "Feature", "properties": {"highway": "footway", "footway": "sidewalk", "name": null, "surface": "asphalt", "lit": "yes", "length_m": 59.17, "type_element": "Way", "__fid": 106012}, "geometry": {"type": "LineString", "coordinates": [[2.3893302, 48.86964840000001], [2.3891825, 48.87017150000002]]}}, {"type": "Feature", "properties": {"highway": "footway", "footway": null, "name": null, "surface": "wood", "lit": "no", "length_m": 3.9, "type_element": "Way", "__fid": 106033}, "geometry": {"type": "LineString", "coordinates": [[2.3892216, 48.8688092], [2.3892684, 48.8688258]]}}, {"type": "Feature", "properties": {"highway": "footway", "footway": "sidewalk", "name": null, "surface": "asphalt", "lit": null, "length_m": 23.65, "type_element": "Way", "__fid": 106037}, "geometry": {"type": "LineString", "coordinates": [[2.3893628, 48.8705248], [2.389207133333451, 48.87033853333341]]}}, {"type": "Feature", "properties": {"highway": "footway", "footway": "crossing", "name": null, "surface": "asphalt", "lit": null, "length_m": 5.02, "type_element": "Way", "__fid": 106038}, "geometry": {"type": "LineString", "coordinates": [[2.3892664, 48.870316], [2.389207133333451, 48.87033853333341]]}}, {"type": "Feature", "properties": {"highway": "footway", "footway": null, "name": "Ligne de La Râpée à Batignolles (Petite Ceinture)", "surface": "gravel", "lit": "no", "length_m": 18.68, "type_element": "Way", "__fid": 106076}, "geometry": {"type": "LineString", "coordinates": [[2.3894084, 48.8686855], [2.3892684, 48.8688258]]}}, {"type": "Feature", "properties": {"highway": "footway", "footway": "crossing", "name": null, "surface": "asphalt", "lit": null, "length_m": 2.66, "type_element": "Way", "__fid": 106082}, "geometry": {"type": "LineString", "coordinates": [[2.3892781, 48.8685204], [2.389312833333195, 48.86852733333349]]}}, {"type": "Feature", "properties": {"highway": "service", "footway": null, "name": null, "surface": "asphalt", "lit": null, "length_m": 6.52, "type_element": "Way", "__fid": 106083}, "geometry": {"type": "LineString", "coordinates": [[2.3892781, 48.8685204], [2.3892823, 48.868579]]}}, {"type": "Feature", "properties": {"highway": "footway", "footway": "sidewalk", "name": null, "surface": null, "lit": null, "length_m": 10.13, "type_element": "Way", "__fid": 106092}, "geometry": {"type": "LineString", "coordinates": [[2.3892664, 48.870316], [2.3892484, 48.8702896], [2.3892655, 48.8702285]]}}, {"type": "Feature", "properties": {"highway": "footway", "footway": "sidewalk", "name": null, "surface": null, "lit": null, "length_m": 5.16, "type_element": "Way", "__fid": 106093}, "geometry": {"type": "LineString", "coordinates": [[2.3892655, 48.8702285], [2.3892776, 48.8701828]]}}, {"type": "Feature", "properties": {"highway": "pedestrian", "footway": null, "name": "Villa Henri Chevreau", "surface": null, "lit": null, "length_m": 62.23, "type_element": "Way", "__fid": 106094}, "geometry": {"type": "LineString", "coordinates": [[2.3900268, 48.8700692], [2.3898724, 48.8700938], [2.3898442, 48.8701578], [2.3892655, 48.8702285]]}}, {"type": "Feature", "properties": {"highway": "footway", "footway": "sidewalk", "name": null, "surface": "asphalt", "lit": null, "length_m": 78.14, "type_element": "Way", "__fid": 106095}, "geometry": {"type": "LineString", "coordinates": [[2.3897932, 48.8709194], [2.3895176, 48.8705993], [2.389471, 48.8705107], [2.3893344, 48.87034890000001], [2.3892664, 48.870316]]}}, {"type": "Feature", "properties": {"highway": "footway", "footway": null, "name": null, "surface": "asphalt", "lit": null, "length_m": 8.75, "type_element": "Way", "__fid": 106100}, "geometry": {"type": "LineString", "coordinates": [[2.3893102, 48.8668417], [2.3894188, 48.8668743]]}}, {"type": "Feature", "properties": {"highway": "footway", "footway": "sidewalk", "name": null, "surface": "asphalt", "lit": "yes", "length_m": 59.2, "type_element": "Way", "__fid": 106107}, "geometry": {"type": "LineString", "coordinates": [[2.3892776, 48.8701828], [2.3894295, 48.8696599]]}}, {"type": "Feature", "properties": {"highway": "footway", "footway": "crossing", "name": null, "surface": "asphalt", "lit": "yes", "length_m": 7.4, "type_element": "Way", "__fid": 106152}, "geometry": {"type": "LineString", "coordinates": [[2.3893302, 48.86964840000001], [2.3894295, 48.8696599]]}}, {"type": "Feature", "properties": {"highway": "footway", "footway": "sidewalk", "name": null, "surface": "asphalt", "lit": "yes", "length_m": 120.46, "type_element": "Way", "__fid": 106153}, "geometry": {"type": "LineString", "coordinates": [[2.3893864, 48.86865790000002], [2.3895843, 48.868728799999985], [2.3893302, 48.86964840000001]]}}, {"type": "Feature", "properties": {"highway": "footway", "footway": "sidewalk", "name": null, "surface": "asphalt", "lit": "yes", "length_m": 104.62, "type_element": "Way", "__fid": 106166}, "geometry": {"type": "LineString", "coordinates": [[2.3894006, 48.8644673], [2.3896642, 48.8648773], [2.3897761, 48.8653673]]}}, {"type": "Feature", "properties": {"highway": "pedestrian", "footway": null, "name": "Rue Max Ernst", "surface": "paving_stones", "lit": "yes", "length_m": 5.71, "type_element": "Way", "__fid": 106168}, "geometry": {"type": "LineString", "coordinates": [[2.3893752, 48.86663439999999], [2.3894453, 48.8666568]]}}, {"type": "Feature", "properties": {"highway": "footway", "footway": "sidewalk", "name": null, "surface": "paving_stones", "lit": "yes", "length_m": 41.06, "type_element": "Way", "__fid": 106169}, "geometry": {"type": "LineString", "coordinates": [[2.3893752, 48.86663439999999], [2.3895646, 48.8663938], [2.389592, 48.8662973]]}}, {"type": "Feature", "properties": {"highway": "footway", "footway": "sidewalk", "name": null, "surface": "asphalt", "lit": null, "length_m": 119.3, "type_element": "Way", "__fid": 106204}, "geometry": {"type": "LineString", "coordinates": [[2.3900957, 48.8714807], [2.3900034, 48.87132], [2.389679, 48.8708852], [2.3893628, 48.8705248]]}}, {"type": "Feature", "properties": {"highway": "service", "footway": null, "name": "Cité Antoine Loubeyre", "surface": null, "lit": null, "length_m": 2.43, "type_element": "Way", "__fid": 106205}, "geometry": {"type": "LineString", "coordinates": [[2.3893628, 48.8705248], [2.3893853, 48.870508700000016]]}}, {"type": "Feature", "properties": {"highway": "footway", "footway": "crossing", "name": null, "surface": "asphalt", "lit": "yes", "length_m": 10.71, "type_element": "Way", "__fid": 106208}, "geometry": {"type": "LineString", "coordinates": [[2.3893864, 48.86865790000002], [2.3894349, 48.8685671]]}}, {"type": "Feature", "properties": {"highway": "footway", "footway": null, "name": null, "surface": "asphalt", "lit": null, "length_m": 65.3, "type_element": "Way", "__fid": 106225}, "geometry": {"type": "LineString", "coordinates": [[2.3894188, 48.8668743], [2.3894645, 48.866893], [2.3895602, 48.866969699999984], [2.3895916, 48.8669691], [2.3899267, 48.8667866], [2.3900151, 48.8666538]]}}, {"type": "Feature", "properties": {"highway": "service", "footway": null, "name": null, "surface": "paving_stones", "lit": "yes", "length_m": 40.05, "type_element": "Way", "__fid": 106226}, "geometry": {"type": "LineString", "coordinates": [[2.3894188, 48.8668743], [2.3896766, 48.8665568]]}}, {"type": "Feature", "properties": {"highway": "footway", "footway": "sidewalk", "name": null, "surface": "fine_gravel", "lit": null, "length_m": 5.53, "type_element": "Way", "__fid": 106264}, "geometry": {"type": "LineString", "coordinates": [[2.3895096, 48.86856070000001], [2.3894349, 48.8685671]]}}, {"type": "Feature", "properties": {"highway": "footway", "footway": "sidewalk", "name": null, "surface": "asphalt", "lit": "yes", "length_m": 102.76, "type_element": "Way", "__fid": 106273}, "geometry": {"type": "LineString", "coordinates": [[2.3894295, 48.8696599], [2.389683, 48.868751]]}}, {"type": "Feature", "properties": {"highway": "footway", "footway": "crossing", "name": null, "surface": "asphalt", "lit": "yes", "length_m": 14.01, "type_element": "Way", "__fid": 106329}, "geometry": {"type": "LineString", "coordinates": [[2.3895096, 48.86856070000001], [2.389689, 48.8686039]]}}, {"type": "Feature", "properties": {"highway": "footway", "footway": "sidewalk", "name": null, "surface": "fine_gravel", "lit": null, "length_m": 89.51, "type_element": "Way", "__fid": 106330}, "geometry": {"type": "LineString", "coordinates": [[2.3901936, 48.86789560000001], [2.3901057, 48.86801070000003], [2.3895096, 48.86856070000001]]}}]}