{"type": "FeatureCollection", "features": [{"type": "Feature", "properties": {"@id": "node/8121629275", "amenity": "drinking_water", "fountain": "bubbler", "man_made": "water_tap", "type_element": "Fontaines à boire", "__fid": 719}, "geometry": {"type": "Point", "coordinates": [2.398222, 48.8452614]}, "id": "node/8121629275"}, {"type": "Feature", "properties": {"@id": "node/12136499178", "amenity": "drinking_water", "fountain": "bubbler", "type_element": "Fontaines à boire", "__fid": 960}, "geometry": {"type": "Point", "coordinates": [2.3900012, 48.8439471]}, "id": "node/12136499178"}, {"type": "Feature", "properties": {"highway": "footway", "footway": "sidewalk", "name": null, "surface": "asphalt", "lit": "yes", "length_m": 122.4, "type_element": "Way", "__fid": 105067}, "geometry": {"type": "LineString", "coordinates": [[2.3896557, 48.8443243], [2.3882818, 48.8437003]]}}, {"type": "Feature", "properties": {"highway": "footway", "footway": "sidewalk", "name": null, "surface": "asphalt", "lit": null, "length_m": 197.25, "type_element": "Way", "__fid": 105069}, "geometry": {"type": "LineString", "coordinates": [[2.3898804, 48.8441204], [2.3898891, 48.844072], [2.3898509, 48.8440111], [2.3895009, 48.8438518], [2.3896444, 48.8437097], [2.3882288, 48.84306010000001], [2.3882914, 48.8430037]]}}, {"type": "Feature", "properties": {"highway": "service", "footway": null, "name": "Square Saint-Charles", "surface": null, "lit": null, "length_m": 245.97, "type_element": "Way", "__fid": 105210}, "geometry": {"type": "LineString", "coordinates": [[2.3884173, 48.8458631], [2.3911203, 48.847171]]}}, {"type": "Feature", "properties": {"highway": "footway", "footway": null, "name": null, "surface": null, "lit": null, "length_m": 245.36, "type_element": "Way", "__fid": 105242}, "geometry": {"type": "LineString", "coordinates": [[2.3911569, 48.847131], [2.3884599, 48.8458269]]}}, {"type": "Feature", "properties": {"highway": "footway", "footway": "sidewalk", "name": null, "surface": "asphalt", "lit": "yes", "length_m": 100.25, "type_element": "Way", "__fid": 105371}, "geometry": {"type": "LineString", "coordinates": [[2.3898077, 48.8444963], [2.3887278, 48.8440035], [2.3886803, 48.8439879]]}}, {"type": "Feature", "properties": {"highway": "footway", "footway": "sidewalk", "name": null, "surface": "concrete", "lit": null, "length_m": 81.82, "type_element": "Way", "__fid": 105582}, "geometry": {"type": "LineString", "coordinates": [[2.3889567, 48.8432227], [2.3892756, 48.84291540000001], [2.3893601, 48.8428487], [2.3895874, 48.8426166]]}}, {"type": "Feature", "properties": {"highway": "service", "footway": null, "name": "Cour d'Alsace Lorraine", "surface": null, "lit": null, "length_m": 136.23, "type_element": "Way", "__fid": 105598}, "geometry": {"type": "LineString", "coordinates": [[2.3889473, 48.84541979999999], [2.3891858, 48.8455247], [2.3904573, 48.8461321]]}}, {"type": "Feature", "properties": {"highway": "living_street", "footway": null, "name": "Rue Jacques Hillairet", "surface": "asphalt", "lit": "yes", "length_m": 71.17, "type_element": "Way", "__fid": 105623}, "geometry": {"type": "LineString", "coordinates": [[2.388991, 48.8433265], [2.3897865, 48.84369250000002]]}}, {"type": "Feature", "properties": {"highway": "living_street", "footway": null, "name": "Rue Riesener", "surface": "asphalt", "lit": "yes", "length_m": 80.72, "type_element": "Way", "__fid": 105670}, "geometry": {"type": "LineString", "coordinates": [[2.3890449, 48.8432701], [2.3896667, 48.8426713]]}}, {"type": "Feature", "properties": {"highway": "footway", "footway": "sidewalk", "name": null, "surface": "paving_stones", "lit": null, "length_m": 145.6, "type_element": "Way", "__fid": 105725}, "geometry": {"type": "LineString", "coordinates": [[2.3901842, 48.8441268], [2.3899954, 48.8440343], [2.389987, 48.84401470000001], [2.390215, 48.8437922], [2.38913, 48.8433066]]}}, {"type": "Feature", "properties": {"highway": "footway", "footway": "sidewalk", "name": null, "surface": "concrete", "lit": null, "length_m": 78.04, "type_element": "Way", "__fid": 105726}, "geometry": {"type": "LineString", "coordinates": [[2.38913, 48.8433066], [2.3897383, 48.8427309]]}}, {"type": "Feature", "properties": {"highway": "footway", "footway": "sidewalk", "name": null, "surface": null, "lit": "yes", "length_m": 56.49, "type_element": "Way", "__fid": 105789}, "geometry": {"type": "LineString", "coordinates": [[2.3892002, 48.8452088], [2.3896758, 48.84480940000001]]}}, {"type": "Feature", "properties": {"highway": "footway", "footway": "sidewalk", "name": null, "surface": "asphalt", "lit": "yes", "length_m": 47.45, "type_element": "Way", "__fid": 105869}, "geometry": {"type": "LineString", "coordinates": [[2.3896991, 48.84459750000001], [2.3892985, 48.84493239999998]]}}, {"type": "Feature", "properties": {"highway": "footway", "footway": "sidewalk", "name": null, "surface": "concrete", "lit": "yes", "length_m": 61.46, "type_element": "Way", "__fid": 105913}, "geometry": {"type": "LineString", "coordinates": [[2.3896591, 48.84256720000001], [2.3896223, 48.8424727], [2.3894432, 48.842114], [2.3893949, 48.8420901], [2.3893795, 48.8420539]]}}, {"type": "Feature", "properties": {"highway": "footway", "footway": "crossing", "name": null, "surface": "asphalt", "lit": "yes", "length_m": 15.25, "type_element": "Way", "__fid": 105914}, "geometry": {"type": "LineString", "coordinates": [[2.3893795, 48.8420539], [2.3895777, 48.8420127]]}}, {"type": "Feature", "properties": {"highway": "footway", "footway": "sidewalk", "name": null, "surface": "sett", "lit": "yes", "length_m": 62.87, "type_element": "Way", "__fid": 105958}, "geometry": {"type": "LineString", "coordinates": [[2.3894489, 48.841738], [2.3902613, 48.8415588]]}}, {"type": "Feature", "properties": {"highway": "footway", "footway": null, "name": "Coulée Verte René-Dumont", "surface": "concrete", "lit": "yes", "length_m": 64.39, "type_element": "Way", "__fid": 105973}, "geometry": {"type": "LineString", "coordinates": [[2.3894767, 48.8418357], [2.3903077, 48.84165009999999]]}}, {"type": "Feature", "properties": {"highway": "footway", "footway": "crossing", "name": null, "surface": "asphalt", "lit": "yes", "length_m": 10.7, "type_element": "Way", "__fid": 105995}, "geometry": {"type": "LineString", "coordinates": [[2.3895713, 48.841973], [2.3894995, 48.8418892]]}}, {"type": "Feature", "properties": {"highway": "footway", "footway": null, "name": "Coulée Verte René-Dumont", "surface": "concrete", "lit": "yes", "length_m": 64.75, "type_element": "Way", "__fid": 105996}, "geometry": {"type": "LineString", "coordinates": [[2.3894995, 48.8418892], [2.3903358, 48.8417038]]}}, {"type": "Feature", "properties": {"highway": "footway", "footway": "sidewalk", "name": null, "surface": "asphalt", "lit": "yes", "length_m": 4.44, "type_element": "Way", "__fid": 106062}, "geometry": {"type": "LineString", "coordinates": [[2.3895713, 48.841973], [2.3895777, 48.8420127]]}}, {"type": "Feature", "properties": {"highway": "footway", "footway": "sidewalk", "name": null, "surface": "sett", "lit": "yes", "length_m": 62.68, "type_element": "Way", "__fid": 106063}, "geometry": {"type": "LineString", "coordinates": [[2.3903813, 48.8417944], [2.3895713, 48.841973]]}}, {"type": "Feature", "properties": {"highway": "footway", "footway": "sidewalk", "name": null, "surface": "concrete", "lit": "yes", "length_m": 62.72, "type_element": "Way", "__fid": 106070}, "geometry": {"type": "LineString", "coordinates": [[2.3895777, 48.8420127], [2.3898462, 48.84254819999999]]}}, {"type": "Feature", "properties": {"highway": "footway", "footway": "sidewalk", "name": null, "surface": "concrete", "lit": null, "length_m": 8.42, "type_element": "Way", "__fid": 106089}, "geometry": {"type": "LineString", "coordinates": [[2.3895874, 48.8426166], [2.3896667, 48.8426713]]}}, {"type": "Feature", "properties": {"highway": "footway", "footway": "sidewalk", "name": null, "surface": "concrete", "lit": null, "length_m": 7.61, "type_element": "Way", "__fid": 106090}, "geometry": {"type": "LineString", "coordinates": [[2.3895874, 48.8426166], [2.3896591, 48.84256720000001]]}}, {"type": "Feature", "properties": {"highway": "service", "footway": null, "name": "Impasse Mousset", "surface": "sett", "lit": "yes", "length_m": 7.01, "type_element": "Way", "__fid": 106131}, "geometry": {"type": "LineString", "coordinates": [[2.3895996, 48.8447714], [2.3896758, 48.84480940000001]]}}, {"type": "Feature", "properties": {"highway": "footway", "footway": "crossing", "name": null, "surface": "asphalt", "lit": "yes", "length_m": 13.89, "type_element": "Way", "__fid": 106170}, "geometry": {"type": "LineString", "coordinates": [[2.3898462, 48.84254819999999], [2.3896591, 48.84256720000001]]}}, {"type": "Feature", "properties": {"highway": "footway", "footway": "sidewalk", "name": null, "surface": "concrete", "lit": null, "length_m": 8.46, "type_element": "Way", "__fid": 106176}, "geometry": {"type": "LineString", "coordinates": [[2.3897383, 48.8427309], [2.3896667, 48.8426713]]}}, {"type": "Feature", "properties": {"highway": "living_street", "footway": null, "name": "Rue Riesener", "surface": "asphalt", "lit": "yes", "length_m": 10.5, "type_element": "Way", "__fid": 106177}, "geometry": {"type": "LineString", "coordinates": [[2.3896667, 48.8426713], [2.3897896, 48.842623]]}}, {"type": "Feature", "properties": {"highway": "footway", "footway": "sidewalk", "name": null, "surface": "asphalt", "lit": "yes", "length_m": 19.97, "type_element": "Way", "__fid": 106187}, "geometry": {"type": "LineString", "coordinates": [[2.3898879, 48.8444179], [2.3896557, 48.8443243]]}}, {"type": "Feature", "properties": {"highway": "footway", "footway": "sidewalk", "name": null, "surface": "asphalt", "lit": null, "length_m": 28.04, "type_element": "Way", "__fid": 106188}, "geometry": {"type": "LineString", "coordinates": [[2.3896557, 48.8443243], [2.3898804, 48.8441204]]}}, {"type": "Feature", "properties": {"highway": "service", "footway": null, "name": "Impasse Mousset", "surface": "sett", "lit": "yes", "length_m": 202.95, "type_element": "Way", "__fid": 106220}, "geometry": {"type": "LineString", "coordinates": [[2.3896758, 48.84480940000001], [2.3918939, 48.8458994]]}}, {"type": "Feature", "properties": {"highway": "footway", "footway": "sidewalk", "name": null, "surface": null, "lit": "yes", "length_m": 19.42, "type_element": "Way", "__fid": 106221}, "geometry": {"type": "LineString", "coordinates": [[2.3896758, 48.84480940000001], [2.3898402, 48.84467260000001]]}}, {"type": "Feature", "properties": {"highway": "footway", "footway": "crossing", "name": null, "surface": null, "lit": null, "length_m": 13.3, "type_element": "Way", "__fid": 106244}, "geometry": {"type": "LineString", "coordinates": [[2.3898402, 48.84467260000001], [2.3896991, 48.84459750000001]]}}, {"type": "Feature", "properties": {"highway": "footway", "footway": "sidewalk", "name": null, "surface": "asphalt", "lit": "yes", "length_m": 13.87, "type_element": "Way", "__fid": 106245}, "geometry": {"type": "LineString", "coordinates": [[2.3898077, 48.8444963], [2.3897937, 48.8445185], [2.3896991, 48.84459750000001]]}}, {"type": "Feature", "properties": {"highway": "footway", "footway": "sidewalk", "name": null, "surface": "asphalt", "lit": null, "length_m": 6.05, "type_element": "Way", "__fid": 106265}, "geometry": {"type": "LineString", "coordinates": [[2.3897383, 48.8427309], [2.3897678, 48.8427252], [2.3898181, 48.8427331]]}}, {"type": "Feature", "properties": {"highway": "footway", "footway": null, "name": null, "surface": "paving_stones", "lit": null, "length_m": 33.5, "type_element": "Way", "__fid": 106321}, "geometry": {"type": "LineString", "coordinates": [[2.3897865, 48.84369250000002], [2.389928, 48.8439789]]}}, {"type": "Feature", "properties": {"highway": "footway", "footway": "sidewalk", "name": null, "surface": "concrete", "lit": null, "length_m": 118.61, "type_element": "Way", "__fid": 106333}, "geometry": {"type": "LineString", "coordinates": [[2.3898181, 48.8427331], [2.3903149, 48.84295689999998], [2.3911424, 48.8433444]]}}, {"type": "Feature", "properties": {"highway": "footway", "footway": "crossing", "name": null, "surface": "asphalt", "lit": "yes", "length_m": 14.53, "type_element": "Way", "__fid": 106334}, "geometry": {"type": "LineString", "coordinates": [[2.3899294, 48.842625], [2.3898181, 48.8427331]]}}, {"type": "Feature", "properties": {"highway": "footway", "footway": "crossing", "name": null, "surface": "asphalt", "lit": "yes", "length_m": 10.52, "type_element": "Way", "__fid": 106342}, "geometry": {"type": "LineString", "coordinates": [[2.3898879, 48.8444179], [2.3898077, 48.8444963]]}}, {"type": "Feature", "properties": {"highway": "footway", "footway": "sidewalk", "name": null, "surface": "concrete", "lit": null, "length_m": 10.69, "type_element": "Way", "__fid": 106354}, "geometry": {"type": "LineString", "coordinates": [[2.3898462, 48.84254819999999], [2.3898911, 48.842604299999984], [2.3899294, 48.842625]]}}, {"type": "Feature", "properties": {"highway": "footway", "footway": "sidewalk", "name": null, "surface": null, "lit": "yes", "length_m": 20.62, "type_element": "Way", "__fid": 106375}, "geometry": {"type": "LineString", "coordinates": [[2.3898402, 48.84467260000001], [2.390017, 48.84452850000001]]}}, {"type": "Feature", "properties": {"highway": "footway", "footway": "sidewalk", "name": null, "surface": "asphalt", "lit": null, "length_m": 17.26, "type_element": "Way", "__fid": 106423}, "geometry": {"type": "LineString", "coordinates": [[2.3898804, 48.8441204], [2.3900467, 48.8442301]]}}, {"type": "Feature", "properties": {"highway": "footway", "footway": "sidewalk", "name": null, "surface": "asphalt", "lit": "yes", "length_m": 6.49, "type_element": "Way", "__fid": 106434}, "geometry": {"type": "LineString", "coordinates": [[2.389928, 48.8443659], [2.3898879, 48.8444179]]}}, {"type": "Feature", "properties": {"highway": "footway", "footway": "sidewalk", "name": null, "surface": "concrete", "lit": null, "length_m": 54.76, "type_element": "Way", "__fid": 106462}, "geometry": {"type": "LineString", "coordinates": [[2.3899294, 48.842625], [2.3905434, 48.8429048]]}}, {"type": "Feature", "properties": {"highway": "pedestrian", "footway": null, "name": "Rue Jacques Hillairet", "surface": "asphalt", "lit": "yes", "length_m": 29.21, "type_element": "Way", "__fid": 106474}, "geometry": {"type": "LineString", "coordinates": [[2.389928, 48.8439789], [2.3900642, 48.84422570000001]]}}, {"type": "Feature", "properties": {"highway": "footway", "footway": "sidewalk", "name": null, "surface": "asphalt", "lit": "yes", "length_m": 19.73, "type_element": "Way", "__fid": 106481}, "geometry": {"type": "LineString", "coordinates": [[2.3900467, 48.8442301], [2.3899013, 48.84433809999999], [2.389928, 48.8443659]]}}, {"type": "Feature", "properties": {"highway": "steps", "footway": null, "name": null, "surface": "paving_stones", "lit": "yes", "length_m": 7.79, "type_element": "Way", "__fid": 106482}, "geometry": {"type": "LineString", "coordinates": [[2.389928, 48.8443659], [2.3899928, 48.84431040000001]]}}, {"type": "Feature", "properties": {"highway": "service", "footway": null, "name": "Passage Commun A/12", "surface": null, "lit": null, "length_m": 106.24, "type_element": "Way", "__fid": 106571}, "geometry": {"type": "LineString", "coordinates": [[2.390017, 48.84452850000001], [2.3911834, 48.8450944]]}}, {"type": "Feature", "properties": {"highway": "service", "footway": null, "name": "Rue de Reuilly", "surface": "asphalt", "lit": null, "length_m": 37.38, "type_element": "Way", "__fid": 106572}, "geometry": {"type": "LineString", "coordinates": [[2.390017, 48.84452850000001], [2.3899203, 48.844505200000015], [2.3901738, 48.8442956]]}}, {"type": "Feature", "properties": {"highway": "footway", "footway": "sidewalk", "name": null, "surface": "asphalt", "lit": null, "length_m": 34.78, "type_element": "Way", "__fid": 106573}, "geometry": {"type": "LineString", "coordinates": [[2.390017, 48.84452850000001], [2.3903149, 48.8442852]]}}, {"type": "Feature", "properties": {"highway": "footway", "footway": "sidewalk", "name": null, "surface": "asphalt", "lit": null, "length_m": 1.37, "type_element": "Way", "__fid": 106592}, "geometry": {"type": "LineString", "coordinates": [[2.3900467, 48.8442301], [2.3900642, 48.84422570000001]]}}, {"type": "Feature", "properties": {"highway": "pedestrian", "footway": null, "name": "Rue Jacques Hillairet", "surface": "asphalt", "lit": "yes", "length_m": 11.24, "type_element": "Way", "__fid": 106612}, "geometry": {"type": "LineString", "coordinates": [[2.3900642, 48.84422570000001], [2.3901255, 48.84427129999999], [2.3901738, 48.8442956]]}}, {"type": "Feature", "properties": {"highway": "footway", "footway": "sidewalk", "name": null, "surface": "asphalt", "lit": "yes", "length_m": 5.3, "type_element": "Way", "__fid": 106613}, "geometry": {"type": "LineString", "coordinates": [[2.3901185, 48.8441943], [2.3900642, 48.84422570000001]]}}, {"type": "Feature", "properties": {"highway": "footway", "footway": "sidewalk", "name": null, "surface": "asphalt", "lit": "yes", "length_m": 9.84, "type_element": "Way", "__fid": 106652}, "geometry": {"type": "LineString", "coordinates": [[2.3901185, 48.8441943], [2.3902283, 48.8442451]]}}, {"type": "Feature", "properties": {"highway": "footway", "footway": "sidewalk", "name": null, "surface": "asphalt", "lit": "yes", "length_m": 8.92, "type_element": "Way", "__fid": 106653}, "geometry": {"type": "LineString", "coordinates": [[2.3901842, 48.8441268], [2.3901185, 48.8441943]]}}, {"type": "Feature", "properties": {"highway": "service", "footway": null, "name": "Rue de Reuilly", "surface": "asphalt", "lit": null, "length_m": 6.89, "type_element": "Way", "__fid": 106710}, "geometry": {"type": "LineString", "coordinates": [[2.3902283, 48.8442451], [2.3901738, 48.8442956]]}}, {"type": "Feature", "properties": {"highway": "footway", "footway": "sidewalk", "name": null, "surface": "asphalt", "lit": "yes", "length_m": 3.47, "type_element": "Way", "__fid": 106719}, "geometry": {"type": "LineString", "coordinates": [[2.3902134, 48.84410230000001], [2.3901842, 48.8441268]]}}, {"type": "Feature", "properties": {"highway": "footway", "footway": "crossing", "name": null, "surface": null, "lit": "yes", "length_m": 18.24, "type_element": "Way", "__fid": 106750}, "geometry": {"type": "LineString", "coordinates": [[2.3902134, 48.84410230000001], [2.3904155, 48.8441977]]}}, {"type": "Feature", "properties": {"highway": "footway", "footway": "sidewalk", "name": null, "surface": "asphalt", "lit": "yes", "length_m": 104.51, "type_element": "Way", "__fid": 106751}, "geometry": {"type": "LineString", "coordinates": [[2.3911116, 48.843373], [2.3902134, 48.84410230000001]]}}, {"type": "Feature", "properties": {"highway": "footway", "footway": "crossing", "name": null, "surface": "asphalt", "lit": "yes", "length_m": 7.76, "type_element": "Way", "__fid": 106763}, "geometry": {"type": "LineString", "coordinates": [[2.3902283, 48.8442451], [2.3903149, 48.8442852]]}}, {"type": "Feature", "properties": {"highway": "service", "footway": null, "name": "Rue de Reuilly", "surface": "asphalt", "lit": null, "length_m": 5.61, "type_element": "Way", "__fid": 106764}, "geometry": {"type": "LineString", "coordinates": [[2.3902753, 48.8442053], [2.3902283, 48.8442451]]}}, {"type": "Feature", "properties": {"highway": "footway", "footway": "crossing", "name": null, "surface": "asphalt", "lit": "yes", "length_m": 10.71, "type_element": "Way", "__fid": 106767}, "geometry": {"type": "LineString", "coordinates": [[2.3902613, 48.8415588], [2.3903077, 48.84165009999999]]}}, {"type": "Feature", "properties": {"highway": "footway", "footway": "sidewalk", "name": null, "surface": "sett", "lit": "yes", "length_m": 72.08, "type_element": "Way", "__fid": 106768}, "geometry": {"type": "LineString", "coordinates": [[2.3902613, 48.8415588], [2.3911907, 48.8413492]]}}, {"type": "Feature", "properties": {"highway": "footway", "footway": "sidewalk", "name": null, "surface": "concrete", "lit": "yes", "length_m": 6.32, "type_element": "Way", "__fid": 106802}, "geometry": {"type": "LineString", "coordinates": [[2.3903077, 48.84165009999999], [2.3903358, 48.8417038]]}}, {"type": "Feature", "properties": {"highway": "footway", "footway": null, "name": "Coulée Verte René-Dumont", "surface": "concrete", "lit": "yes", "length_m": 72.18, "type_element": "Way", "__fid": 106803}, "geometry": {"type": "LineString", "coordinates": [[2.3903077, 48.84165009999999], [2.3912393, 48.841442]]}}, {"type": "Feature", "properties": {"highway": "footway", "footway": "crossing", "name": null, "surface": "asphalt", "lit": "yes", "length_m": 10.61, "type_element": "Way", "__fid": 106829}, "geometry": {"type": "LineString", "coordinates": [[2.3903358, 48.8417038], [2.3903813, 48.8417944]]}}, {"type": "Feature", "properties": {"highway": "footway", "footway": null, "name": "Coulée Verte René-Dumont", "surface": "concrete", "lit": "yes", "length_m": 72.07, "type_element": "Way", "__fid": 106830}, "geometry": {"type": "LineString", "coordinates": [[2.3903358, 48.8417038], [2.3912667, 48.8414975]]}}, {"type": "Feature", "properties": {"highway": "footway", "footway": "sidewalk", "name": null, "surface": "asphalt", "lit": "yes", "length_m": 81.47, "type_element": "Way", "__fid": 106844}, "geometry": {"type": "LineString", "coordinates": [[2.3903149, 48.8442852], [2.3912133, 48.8447156]]}}, {"type": "Feature", "properties": {"highway": "footway", "footway": "crossing", "name": null, "surface": "asphalt", "lit": "yes", "length_m": 9.59, "type_element": "Way", "__fid": 106845}, "geometry": {"type": "LineString", "coordinates": [[2.3903936, 48.8442163], [2.3903149, 48.8442852]]}}, {"type": "Feature", "properties": {"highway": "footway", "footway": "sidewalk", "name": null, "surface": "sett", "lit": "yes", "length_m": 71.61, "type_element": "Way", "__fid": 106867}, "geometry": {"type": "LineString", "coordinates": [[2.3903813, 48.8417944], [2.391308, 48.8415928]]}}, {"type": "Feature", "properties": {"highway": "footway", "footway": "sidewalk", "name": null, "surface": "asphalt", "lit": "yes", "length_m": 81.63, "type_element": "Way", "__fid": 106894}, "geometry": {"type": "LineString", "coordinates": [[2.3903936, 48.8442163], [2.3912921, 48.844649]]}}, {"type": "Feature", "properties": {"highway": "footway", "footway": "sidewalk", "name": null, "surface": "asphalt", "lit": null, "length_m": 2.62, "type_element": "Way", "__fid": 106895}, "geometry": {"type": "LineString", "coordinates": [[2.3904155, 48.8441977], [2.3903936, 48.8442163]]}}, {"type": "Feature", "properties": {"highway": "footway", "footway": "sidewalk", "name": null, "surface": "asphalt", "lit": null, "length_m": 91.53, "type_element": "Way", "__fid": 106921}, "geometry": {"type": "LineString", "coordinates": [[2.3911947, 48.843555], [2.3904155, 48.8441977]]}}, {"type": "Feature", "properties": {"highway": "service", "footway": null, "name": "Rue Georges et Maï Politzer", "surface": "asphalt", "lit": null, "length_m": 7.57, "type_element": "Way", "__fid": 106984}, "geometry": {"type": "LineString", "coordinates": [[2.3905344, 48.8429812], [2.3905924, 48.8429249]]}}, {"type": "Feature", "properties": {"highway": "footway", "footway": "crossing", "name": null, "surface": "asphalt", "lit": null, "length_m": 4.23, "type_element": "Way", "__fid": 106986}, "geometry": {"type": "LineString", "coordinates": [[2.3905434, 48.8429048], [2.3905924, 48.8429249]]}}, {"type": "Feature", "properties": {"highway": "footway", "footway": "sidewalk", "name": null, "surface": null, "lit": null, "length_m": 197.86, "type_element": "Way", "__fid": 106987}, "geometry": {"type": "LineString", "coordinates": [[2.3905434, 48.8429048], [2.391076, 48.8423977], [2.3910975, 48.8423549], [2.3911035, 48.8422927], [2.3910787, 48.842027899999984], [2.3910914, 48.8419886], [2.3911484, 48.84193209999999], [2.3912638, 48.8419167], [2.3917318, 48.84190080000001], [2.3917828, 48.8418774], [2.3919611, 48.8417282], [2.3920316, 48.841685]]}}, {"type": "Feature", "properties": {"highway": "footway", "footway": "crossing", "name": null, "surface": "asphalt", "lit": null, "length_m": 4.89, "type_element": "Way", "__fid": 107027}, "geometry": {"type": "LineString", "coordinates": [[2.3905924, 48.8429249], [2.3906495, 48.8429476]]}}, {"type": "Feature", "properties": {"highway": "service", "footway": null, "name": "Rue Georges et Maï Politzer", "surface": "asphalt", "lit": null, "length_m": 157.87, "type_element": "Way", "__fid": 107028}, "geometry": {"type": "LineString", "coordinates": [[2.3905924, 48.8429249], [2.3911714, 48.842368], [2.391148, 48.8420388], [2.391178, 48.841992], [2.3912543, 48.84196510000002], [2.3917185, 48.8419487]]}}, {"type": "Feature", "properties": {"highway": "footway", "footway": "sidewalk", "name": null, "surface": "concrete", "lit": null, "length_m": 54.43, "type_element": "Way", "__fid": 107063}, "geometry": {"type": "LineString", "coordinates": [[2.3906495, 48.8429476], [2.391251, 48.843234]]}}, {"type": "Feature", "properties": {"highway": "footway", "footway": "sidewalk", "name": null, "surface": null, "lit": null, "length_m": 228.21, "type_element": "Way", "__fid": 107064}, "geometry": {"type": "LineString", "coordinates": [[2.3922696, 48.8416753], [2.3923306, 48.8417194], [2.3923682, 48.8417944], [2.3923688, 48.8418527], [2.3923112, 48.841911], [2.3922414, 48.8419577], [2.3920248, 48.84200580000001], [2.3912939, 48.8420178], [2.3912383, 48.8420261], [2.3912269, 48.8420787], [2.3912604, 48.84236290000001], [2.3912081, 48.8424264], [2.3909748, 48.8426294], [2.3906495, 48.8429476]]}}, {"type": "Feature", "properties": {"highway": "footway", "footway": "sidewalk", "name": null, "surface": null, "lit": null, "length_m": 65.24, "type_element": "Way", "__fid": 107072}, "geometry": {"type": "LineString", "coordinates": [[2.3911203, 48.847171], [2.3906408, 48.8476332], [2.3906113, 48.84765130000002]]}}, {"type": "Feature", "properties": {"highway": "footway", "footway": "sidewalk", "name": null, "surface": null, "lit": null, "length_m": 69.68, "type_element": "Way", "__fid": 107162}, "geometry": {"type": "LineString", "coordinates": [[2.3912919, 48.8471504], [2.390838, 48.8475952], [2.3907924, 48.8476804]]}}, {"type": "Feature", "properties": {"highway": "footway", "footway": "crossing", "name": null, "surface": "asphalt", "lit": "yes", "length_m": 17.27, "type_element": "Way", "__fid": 107298}, "geometry": {"type": "LineString", "coordinates": [[2.3911116, 48.843373], [2.3913, 48.8434661]]}}, {"type": "Feature", "properties": {"highway": "footway", "footway": "sidewalk", "name": null, "surface": "concrete", "lit": "yes", "length_m": 3.9, "type_element": "Way", "__fid": 107299}, "geometry": {"type": "LineString", "coordinates": [[2.3911424, 48.8433444], [2.3911116, 48.843373]]}}, {"type": "Feature", "properties": {"highway": "footway", "footway": "crossing", "name": null, "surface": "asphalt", "lit": "yes", "length_m": 14.64, "type_element": "Way", "__fid": 107312}, "geometry": {"type": "LineString", "coordinates": [[2.391251, 48.843234], [2.3911424, 48.8433444]]}}, {"type": "Feature", "properties": {"highway": "service", "footway": null, "name": "Square Saint-Charles", "surface": null, "lit": null, "length_m": 4.31, "type_element": "Way", "__fid": 107324}, "geometry": {"type": "LineString", "coordinates": [[2.3911203, 48.847171], [2.3911676, 48.8471939]]}}, {"type": "Feature", "properties": {"highway": "footway", "footway": "sidewalk", "name": null, "surface": null, "lit": null, "length_m": 5.2, "type_element": "Way", "__fid": 107325}, "geometry": {"type": "LineString", "coordinates": [[2.3911569, 48.847131], [2.3911203, 48.847171]]}}, {"type": "Feature", "properties": {"highway": "footway", "footway": "crossing", "name": null, "surface": null, "lit": "yes", "length_m": 10.92, "type_element": "Way", "__fid": 107327}, "geometry": {"type": "LineString", "coordinates": [[2.3911907, 48.8413492], [2.3912393, 48.841442]]}}, {"type": "Feature", "properties": {"highway": "footway", "footway": null, "name": null, "surface": "asphalt", "lit": null, "length_m": 28.41, "type_element": "Way", "__fid": 107347}, "geometry": {"type": "LineString", "coordinates": [[2.3915034, 48.8437091], [2.3911947, 48.843555]]}}, {"type": "Feature", "properties": {"highway": "footway", "footway": "sidewalk", "name": null, "surface": "asphalt", "lit": null, "length_m": 12.55, "type_element": "Way", "__fid": 107348}, "geometry": {"type": "LineString", "coordinates": [[2.3913, 48.8434661], [2.3911947, 48.843555]]}}, {"type": "Feature", "properties": {"highway": "footway", "footway": "sidewalk", "name": null, "surface": null, "lit": null, "length_m": 4.63, "type_element": "Way", "__fid": 107351}, "geometry": {"type": "LineString", "coordinates": [[2.3912081, 48.8471067], [2.3911569, 48.847131]]}}, {"type": "Feature", "properties": {"highway": "footway", "footway": "sidewalk", "name": null, "surface": "concrete", "lit": "yes", "length_m": 6.49, "type_element": "Way", "__fid": 107356}, "geometry": {"type": "LineString", "coordinates": [[2.3912393, 48.841442], [2.3912667, 48.8414975]]}}, {"type": "Feature", "properties": {"highway": "footway", "footway": null, "name": "Coulée Verte René-Dumont", "surface": "concrete", "lit": "yes", "length_m": 64.44, "type_element": "Way", "__fid": 107357}, "geometry": {"type": "LineString", "coordinates": [[2.3912393, 48.841442], [2.3920709, 48.84125619999999]]}}, {"type": "Feature", "properties": {"highway": "footway", "footway": "sidewalk", "name": null, "surface": "asphalt", "lit": "yes", "length_m": 169.87, "type_element": "Way", "__fid": 107359}, "geometry": {"type": "LineString", "coordinates": [[2.3912133, 48.8447156], [2.3930839, 48.8456153]]}}, {"type": "Feature", "properties": {"highway": "footway", "footway": "crossing", "name": null, "surface": null, "lit": null, "length_m": 9.4, "type_element": "Way", "__fid": 107360}, "geometry": {"type": "LineString", "coordinates": [[2.3912921, 48.844649], [2.3912133, 48.8447156]]}}, {"type": "Feature", "properties": {"highway": "footway", "footway": "crossing", "name": null, "surface": "asphalt", "lit": "yes", "length_m": 11.02, "type_element": "Way", "__fid": 107369}, "geometry": {"type": "LineString", "coordinates": [[2.391308, 48.8415928], [2.3912667, 48.8414975]]}}, {"type": "Feature", "properties": {"highway": "footway", "footway": null, "name": "Coulée Verte René-Dumont", "surface": "concrete", "lit": "yes", "length_m": 64.35, "type_element": "Way", "__fid": 107370}, "geometry": {"type": "LineString", "coordinates": [[2.3912667, 48.8414975], [2.3920978, 48.8413132]]}}, {"type": "Feature", "properties": {"highway": "footway", "footway": "sidewalk", "name": null, "surface": "concrete", "lit": null, "length_m": 7.83, "type_element": "Way", "__fid": 107374}, "geometry": {"type": "LineString", "coordinates": [[2.391251, 48.843234], [2.3913409, 48.843196]]}}, {"type": "Feature", "properties": {"highway": "footway", "footway": "crossing", "name": null, "surface": null, "lit": "yes", "length_m": 7.84, "type_element": "Way", "__fid": 107377}, "geometry": {"type": "LineString", "coordinates": [[2.3912081, 48.8471067], [2.3912919, 48.8471504]]}}, {"type": "Feature", "properties": {"highway": "footway", "footway": "sidewalk", "name": null, "surface": null, "lit": null, "length_m": 143.83, "type_element": "Way", "__fid": 107378}, "geometry": {"type": "LineString", "coordinates": [[2.3924761, 48.8464903], [2.3924399, 48.8464806], [2.3921811, 48.8463473], [2.3921221, 48.84632520000002], [2.3920865, 48.8463279], [2.3919357, 48.846477], [2.3917392, 48.84656], [2.3912081, 48.8471067]]}}, {"type": "Feature", "properties": {"highway": "footway", "footway": "sidewalk", "name": null, "surface": null, "lit": "yes", "length_m": 62.74, "type_element": "Way", "__fid": 107403}, "geometry": {"type": "LineString", "coordinates": [[2.391308, 48.8415928], [2.3921162, 48.841409]]}}, {"type": "Feature", "properties": {"highway": "footway", "footway": "sidewalk", "name": null, "surface": "concrete", "lit": null, "length_m": 24.31, "type_element": "Way", "__fid": 107417}, "geometry": {"type": "LineString", "coordinates": [[2.3913, 48.8434661], [2.3915052, 48.8432945]]}}, {"type": "Feature", "properties": {"highway": "footway", "footway": "sidewalk", "name": null, "surface": "asphalt", "lit": "yes", "length_m": 91.5, "type_element": "Way", "__fid": 107421}, "geometry": {"type": "LineString", "coordinates": [[2.3912921, 48.844649], [2.3922988, 48.8451344]]}}, {"type": "Feature", "properties": {"highway": "footway", "footway": "sidewalk", "name": null, "surface": null, "lit": null, "length_m": 57.11, "type_element": "Way", "__fid": 107441}, "geometry": {"type": "LineString", "coordinates": [[2.3912919, 48.8471504], [2.3917287, 48.84672530000001]]}}, {"type": "Feature", "properties": {"highway": "footway", "footway": "crossing", "name": null, "surface": "asphalt", "lit": "yes", "length_m": 16.35, "type_element": "Way", "__fid": 107443}, "geometry": {"type": "LineString", "coordinates": [[2.3913409, 48.843196], [2.3913778, 48.8432256], [2.3915052, 48.8432945]]}}, {"type": "Feature", "properties": {"highway": "footway", "footway": "sidewalk", "name": null, "surface": "concrete", "lit": null, "length_m": 111.27, "type_element": "Way", "__fid": 107444}, "geometry": {"type": "LineString", "coordinates": [[2.3913409, 48.843196], [2.3914327, 48.8431378], [2.3922951, 48.8424193]]}}, {"type": "Feature", "properties": {"highway": "footway", "footway": "sidewalk", "name": null, "surface": "concrete", "lit": null, "length_m": 76.84, "type_element": "Way", "__fid": 107505}, "geometry": {"type": "LineString", "coordinates": [[2.3915052, 48.8432945], [2.3920543, 48.8428492], [2.3921762, 48.842764400000014]]}}, {"type": "Feature", "properties": {"highway": "service", "footway": null, "name": "Rue Georges et Maï Politzer", "surface": null, "lit": null, "length_m": 111.3, "type_element": "Way", "__fid": 107592}, "geometry": {"type": "LineString", "coordinates": [[2.3917185, 48.8419487], [2.3919702, 48.841744100000014], [2.3921049, 48.8417118], [2.3921988, 48.8417154], [2.3922716, 48.8417505], [2.3922981, 48.8417948], [2.3922941, 48.8418464], [2.3922556, 48.841892], [2.3921609, 48.8419363], [2.3918669, 48.841954700000024], [2.3917185, 48.8419487]]}}, {"type": "Feature", "properties": {"highway": "service", "footway": null, "name": null, "surface": "asphalt", "lit": null, "length_m": 4.34, "type_element": "Way", "__fid": 107606}, "geometry": {"type": "LineString", "coordinates": [[2.3916803, 48.84670290000001], [2.3917287, 48.84672530000001]]}}, {"type": "Feature", "properties": {"highway": "service", "footway": null, "name": null, "surface": "asphalt", "lit": null, "length_m": 22.75, "type_element": "Way", "__fid": 107629}, "geometry": {"type": "LineString", "coordinates": [[2.3917287, 48.84672530000001], [2.3919742, 48.846850199999984]]}}, {"type": "Feature", "properties": {"highway": "footway", "footway": "sidewalk", "name": null, "surface": null, "lit": null, "length_m": 61.29, "type_element": "Way", "__fid": 107630}, "geometry": {"type": "LineString", "coordinates": [[2.3917287, 48.84672530000001], [2.391827, 48.8466293], [2.3920282, 48.8465388], [2.3922743, 48.84650480000002], [2.3924044, 48.84657150000002]]}}, {"type": "Feature", "properties": {"highway": "service", "footway": null, "name": null, "surface": "asphalt", "lit": null, "length_m": 47.29, "type_element": "Way", "__fid": 107738}, "geometry": {"type": "LineString", "coordinates": [[2.3919742, 48.846850199999984], [2.3919437, 48.8469852], [2.3919084, 48.8470464], [2.3918452, 48.8471226], [2.3918433, 48.84715880000001], [2.391866, 48.8471885], [2.3919516, 48.84722450000001]]}}, {"type": "Feature", "properties": {"highway": "footway", "footway": "sidewalk", "name": null, "surface": null, "lit": null, "length_m": 16.87, "type_element": "Way", "__fid": 107751}, "geometry": {"type": "LineString", "coordinates": [[2.3920316, 48.841685], [2.3920899, 48.841655], [2.3922346, 48.8416167]]}}, {"type": "Feature", "properties": {"highway": "footway", "footway": "sidewalk", "name": null, "surface": null, "lit": null, "length_m": 17.79, "type_element": "Way", "__fid": 107752}, "geometry": {"type": "LineString", "coordinates": [[2.3920316, 48.841685], [2.3921938, 48.8416649], [2.3922696, 48.8416753]]}}, {"type": "Feature", "properties": {"highway": "service", "footway": null, "name": null, "surface": null, "lit": null, "length_m": 11.71, "type_element": "Way", "__fid": 107753}, "geometry": {"type": "LineString", "coordinates": [[2.3921236, 48.8468133], [2.3919742, 48.846850199999984]]}}, {"type": "Feature", "properties": {"highway": "service", "footway": null, "name": null, "surface": "concrete", "lit": null, "length_m": 5.17, "type_element": "Way", "__fid": 107796}, "geometry": {"type": "LineString", "coordinates": [[2.3920767, 48.8427222], [2.3921371, 48.84274610000003]]}}, {"type": "Feature", "properties": {"highway": "footway", "footway": null, "name": null, "surface": null, "lit": null, "length_m": 24.7, "type_element": "Way", "__fid": 107815}, "geometry": {"type": "LineString", "coordinates": [[2.3921162, 48.841409], [2.3921942, 48.841559099999984], [2.3922346, 48.8416167]]}}, {"type": "Feature", "properties": {"highway": "service", "footway": null, "name": null, "surface": null, "lit": null, "length_m": 3.52, "type_element": "Way", "__fid": 107831}, "geometry": {"type": "LineString", "coordinates": [[2.3921371, 48.84274610000003], [2.3921762, 48.842764400000014]]}}, {"type": "Feature", "properties": {"highway": "service", "footway": null, "name": null, "surface": "concrete", "lit": null, "length_m": 5.82, "type_element": "Way", "__fid": 107832}, "geometry": {"type": "LineString", "coordinates": [[2.3921371, 48.84274610000003], [2.3922153, 48.8427372]]}}, {"type": "Feature", "properties": {"highway": "service", "footway": null, "name": null, "surface": null, "lit": null, "length_m": 2.34, "type_element": "Way", "__fid": 107860}, "geometry": {"type": "LineString", "coordinates": [[2.3921762, 48.842764400000014], [2.3922023, 48.8427765]]}}, {"type": "Feature", "properties": {"highway": "footway", "footway": "sidewalk", "name": null, "surface": "concrete", "lit": null, "length_m": 4.17, "type_element": "Way", "__fid": 107861}, "geometry": {"type": "LineString", "coordinates": [[2.3921762, 48.842764400000014], [2.3922153, 48.8427372]]}}, {"type": "Feature", "properties": {"highway": "service", "footway": null, "name": null, "surface": "asphalt", "lit": null, "length_m": 8.83, "type_element": "Way", "__fid": 107866}, "geometry": {"type": "LineString", "coordinates": [[2.3921886, 48.8426293], [2.3922824, 48.842679]]}}, {"type": "Feature", "properties": {"highway": "service", "footway": null, "name": null, "surface": "concrete", "lit": null, "length_m": 104.44, "type_element": "Way", "__fid": 107894}, "geometry": {"type": "LineString", "coordinates": [[2.3922153, 48.8427372], [2.3922543, 48.842743], [2.3925066, 48.8428595], [2.3931244, 48.843166900000014], [2.3931546, 48.8432225], [2.3931541, 48.8432849], [2.3931224, 48.8433595]]}}, {"type": "Feature", "properties": {"highway": "footway", "footway": "sidewalk", "name": null, "surface": "concrete", "lit": null, "length_m": 8.13, "type_element": "Way", "__fid": 107895}, "geometry": {"type": "LineString", "coordinates": [[2.3922153, 48.8427372], [2.3922824, 48.842679]]}}, {"type": "Feature", "properties": {"highway": "footway", "footway": "sidewalk", "name": null, "surface": null, "lit": null, "length_m": 7.0, "type_element": "Way", "__fid": 107901}, "geometry": {"type": "LineString", "coordinates": [[2.3922346, 48.8416167], [2.3922696, 48.8416753]]}}, {"type": "Feature", "properties": {"highway": "path", "footway": null, "name": null, "surface": null, "lit": null, "length_m": 8.22, "type_element": "Way", "__fid": 107927}, "geometry": {"type": "LineString", "coordinates": [[2.3923015, 48.8471349], [2.3922132, 48.8470894]]}}, {"type": "Feature", "properties": {"highway": "service", "footway": null, "name": null, "surface": "asphalt", "lit": null, "length_m": 60.29, "type_element": "Way", "__fid": 107938}, "geometry": {"type": "LineString", "coordinates": [[2.3922824, 48.842679], [2.3929359, 48.8430076]]}}, {"type": "Feature", "properties": {"highway": "footway", "footway": "sidewalk", "name": null, "surface": "concrete", "lit": null, "length_m": 23.21, "type_element": "Way", "__fid": 107939}, "geometry": {"type": "LineString", "coordinates": [[2.3922824, 48.842679], [2.3924808, 48.8425164]]}}, {"type": "Feature", "properties": {"highway": "footway", "footway": "crossing", "name": null, "surface": "asphalt", "lit": "yes", "length_m": 17.39, "type_element": "Way", "__fid": 107943}, "geometry": {"type": "LineString", "coordinates": [[2.3922951, 48.8424193], [2.3924808, 48.8425164]]}}, {"type": "Feature", "properties": {"highway": "footway", "footway": "sidewalk", "name": null, "surface": "asphalt", "lit": "yes", "length_m": 147.94, "type_element": "Way", "__fid": 107944}, "geometry": {"type": "LineString", "coordinates": [[2.3922951, 48.8424193], [2.3935533, 48.8413799]]}}, {"type": "Feature", "properties": {"highway": "service", "footway": null, "name": null, "surface": "asphalt", "lit": null, "length_m": 4.2, "type_element": "Way", "__fid": 107949}, "geometry": {"type": "LineString", "coordinates": [[2.3922664, 48.8451655], [2.3922988, 48.8451344]]}}, {"type": "Feature", "properties": {"highway": "footway", "footway": null, "name": null, "surface": null, "lit": null, "length_m": 15.71, "type_element": "Way", "__fid": 107954}, "geometry": {"type": "LineString", "coordinates": [[2.3924617, 48.8472098], [2.3922519, 48.8471818]]}}, {"type": "Feature", "properties": {"highway": "service", "footway": null, "name": null, "surface": "asphalt", "lit": null, "length_m": 21.53, "type_element": "Way", "__fid": 107955}, "geometry": {"type": "LineString", "coordinates": [[2.3923318, 48.8473243], [2.3922694, 48.8473166], [2.3922265, 48.847283400000016], [2.3922138, 48.847246], [2.3922338, 48.847198800000015], [2.3922519, 48.8471818]]}}, {"type": "Feature", "properties": {"highway": "service", "footway": null, "name": null, "surface": "asphalt", "lit": null, "length_m": 6.36, "type_element": "Way", "__fid": 107956}, "geometry": {"type": "LineString", "coordinates": [[2.3922519, 48.8471818], [2.3923015, 48.8471349]]}}, {"type": "Feature", "properties": {"highway": "footway", "footway": "sidewalk", "name": null, "surface": "asphalt", "lit": "yes", "length_m": 38.51, "type_element": "Way", "__fid": 107971}, "geometry": {"type": "LineString", "coordinates": [[2.3922988, 48.8451344], [2.3927238, 48.8453376]]}}, {"type": "Feature", "properties": {"highway": "service", "footway": null, "name": null, "surface": "asphalt", "lit": null, "length_m": 16.73, "type_element": "Way", "__fid": 107972}, "geometry": {"type": "LineString", "coordinates": [[2.3922988, 48.8451344], [2.3924278, 48.8450103]]}}, {"type": "Feature", "properties": {"highway": "service", "footway": null, "name": null, "surface": "asphalt", "lit": null, "length_m": 29.92, "type_element": "Way", "__fid": 107989}, "geometry": {"type": "LineString", "coordinates": [[2.3923015, 48.8471349], [2.3924056, 48.8470367], [2.3925899, 48.8469502]]}}, {"type": "Feature", "properties": {"highway": "path", "footway": null, "name": null, "surface": null, "lit": null, "length_m": 9.78, "type_element": "Way", "__fid": 108019}, "geometry": {"type": "LineString", "coordinates": [[2.392341, 48.8474104], [2.3923496, 48.8473923], [2.3923318, 48.8473243]]}}, {"type": "Feature", "properties": {"highway": "service", "footway": null, "name": null, "surface": "asphalt", "lit": null, "length_m": 17.62, "type_element": "Way", "__fid": 108020}, "geometry": {"type": "LineString", "coordinates": [[2.3924617, 48.8472098], [2.3924318, 48.8472875], [2.3923939, 48.8473132], [2.3923318, 48.8473243]]}}, {"type": "Feature", "properties": {"highway": "footway", "footway": "sidewalk", "name": null, "surface": "asphalt", "lit": "yes", "length_m": 36.37, "type_element": "Way", "__fid": 108061}, "geometry": {"type": "LineString", "coordinates": [[2.3924044, 48.84657150000002], [2.3928032, 48.84676570000001]]}}, {"type": "Feature", "properties": {"highway": "footway", "footway": "crossing", "name": null, "surface": null, "lit": "yes", "length_m": 10.45, "type_element": "Way", "__fid": 108062}, "geometry": {"type": "LineString", "coordinates": [[2.3924761, 48.8464903], [2.3924044, 48.84657150000002]]}}, {"type": "Feature", "properties": {"highway": "footway", "footway": "sidewalk", "name": null, "surface": "concrete", "lit": "yes", "length_m": 36.24, "type_element": "Way", "__fid": 108083}, "geometry": {"type": "LineString", "coordinates": [[2.3924808, 48.8425164], [2.3927955, 48.8422653]]}}, {"type": "Feature", "properties": {"highway": "footway", "footway": null, "name": null, "surface": null, "lit": null, "length_m": 27.15, "type_element": "Way", "__fid": 108105}, "geometry": {"type": "LineString", "coordinates": [[2.3926867, 48.84719830000002], [2.3927154, 48.847224], [2.3926546, 48.8472784], [2.3924617, 48.8472098]]}}, {"type": "Feature", "properties": {"highway": "service", "footway": null, "name": null, "surface": "asphalt", "lit": null, "length_m": 30.68, "type_element": "Way", "__fid": 108106}, "geometry": {"type": "LineString", "coordinates": [[2.3925899, 48.8469502], [2.3924959, 48.8470806], [2.3924677, 48.84716], [2.3924617, 48.8472098]]}}, {"type": "Feature", "properties": {"highway": "footway", "footway": "sidewalk", "name": null, "surface": null, "lit": null, "length_m": 2.33, "type_element": "Way", "__fid": 108120}, "geometry": {"type": "LineString", "coordinates": [[2.3925076, 48.84648760000001], [2.3924761, 48.8464903]]}}, {"type": "Feature", "properties": {"highway": "footway", "footway": "crossing", "name": null, "surface": null, "lit": "yes", "length_m": 9.12, "type_element": "Way", "__fid": 108154}, "geometry": {"type": "LineString", "coordinates": [[2.3925076, 48.84648760000001], [2.3925103, 48.8464987], [2.392596699999878, 48.84654060000008]]}}, {"type": "Feature", "properties": {"highway": "footway", "footway": "sidewalk", "name": null, "surface": null, "lit": "yes", "length_m": 29.27, "type_element": "Way", "__fid": 108155}, "geometry": {"type": "LineString", "coordinates": [[2.3927429, 48.8462771], [2.3925311, 48.8464788], [2.3925076, 48.84648760000001]]}}, {"type": "Feature", "properties": {"highway": "service", "footway": null, "name": null, "surface": "asphalt", "lit": null, "length_m": 25.81, "type_element": "Way", "__fid": 108234}, "geometry": {"type": "LineString", "coordinates": [[2.3928032, 48.84676570000001], [2.3925899, 48.8469502]]}}, {"type": "Feature", "properties": {"highway": "footway", "footway": "sidewalk", "name": null, "surface": null, "lit": "yes", "length_m": 30.82, "type_element": "Way", "__fid": 108237}, "geometry": {"type": "LineString", "coordinates": [[2.3928491, 48.846319500000014], [2.3928091, 48.8463464], [2.392596699999878, 48.84654060000008]]}}, {"type": "Feature", "properties": {"highway": "footway", "footway": "sidewalk", "name": null, "surface": "asphalt", "lit": "yes", "length_m": 59.59, "type_element": "Way", "__fid": 108238}, "geometry": {"type": "LineString", "coordinates": [[2.392596699999878, 48.84654060000008], [2.3926153, 48.8465635], [2.3932352, 48.8468678]]}}, {"type": "Feature", "properties": {"highway": "service", "footway": null, "name": null, "surface": "asphalt", "lit": null, "length_m": 4.38, "type_element": "Way", "__fid": 108300}, "geometry": {"type": "LineString", "coordinates": [[2.3926907, 48.8453704], [2.3927238, 48.8453376]]}}, {"type": "Feature", "properties": {"highway": "footway", "footway": "sidewalk", "name": null, "surface": "asphalt", "lit": "yes", "length_m": 59.66, "type_element": "Way", "__fid": 108319}, "geometry": {"type": "LineString", "coordinates": [[2.3927238, 48.8453376], [2.3933809, 48.8456535]]}}, {"type": "Feature", "properties": {"highway": "service", "footway": null, "name": null, "surface": "asphalt", "lit": null, "length_m": 33.65, "type_element": "Way", "__fid": 108320}, "geometry": {"type": "LineString", "coordinates": [[2.3927238, 48.8453376], [2.3929871, 48.8450899]]}}, {"type": "Feature", "properties": {"highway": "service", "footway": null, "name": null, "surface": null, "lit": null, "length_m": 9.11, "type_element": "Way", "__fid": 108347}, "geometry": {"type": "LineString", "coordinates": [[2.3927429, 48.8462771], [2.3928491, 48.846319500000014]]}}, {"type": "Feature", "properties": {"highway": "footway", "footway": "sidewalk", "name": null, "surface": null, "lit": "yes", "length_m": 11.68, "type_element": "Way", "__fid": 108348}, "geometry": {"type": "LineString", "coordinates": [[2.3928342, 48.8461911], [2.3927429, 48.8462771]]}}, {"type": "Feature", "properties": {"highway": "footway", "footway": null, "name": null, "surface": null, "lit": null, "length_m": 32.12, "type_element": "Way", "__fid": 108352}, "geometry": {"type": "LineString", "coordinates": [[2.3927955, 48.8422653], [2.3929428, 48.8423298], [2.3930997, 48.8424674]]}}, {"type": "Feature", "properties": {"highway": "footway", "footway": "sidewalk", "name": null, "surface": "concrete", "lit": "yes", "length_m": 159.79, "type_element": "Way", "__fid": 108353}, "geometry": {"type": "LineString", "coordinates": [[2.3927955, 48.8422653], [2.3933304, 48.84183549999999], [2.3937428, 48.8414886], [2.3939822, 48.8413041], [2.3940734, 48.84118230000002], [2.394125, 48.8411316]]}}, {"type": "Feature", "properties": {"highway": "footway", "footway": "sidewalk", "name": null, "surface": "asphalt", "lit": "yes", "length_m": 33.14, "type_element": "Way", "__fid": 108402}, "geometry": {"type": "LineString", "coordinates": [[2.3928032, 48.84676570000001], [2.3931621, 48.84694660000001]]}}, {"type": "Feature", "properties": {"highway": "service", "footway": null, "name": null, "surface": "asphalt", "lit": null, "length_m": 4.6, "type_element": "Way", "__fid": 108403}, "geometry": {"type": "LineString", "coordinates": [[2.3928394, 48.846731900000016], [2.3928032, 48.84676570000001]]}}, {"type": "Feature", "properties": {"highway": "service", "footway": null, "name": null, "surface": null, "lit": null, "length_m": 34.51, "type_element": "Way", "__fid": 108406}, "geometry": {"type": "LineString", "coordinates": [[2.3930839, 48.8456153], [2.3928156, 48.8458702]]}}, {"type": "Feature", "properties": {"highway": "service", "footway": null, "name": null, "surface": null, "lit": null, "length_m": 9.35, "type_element": "Way", "__fid": 108418}, "geometry": {"type": "LineString", "coordinates": [[2.3929376, 48.8462403], [2.3928342, 48.8461911]]}}, {"type": "Feature", "properties": {"highway": "footway", "footway": "sidewalk", "name": null, "surface": null, "lit": "yes", "length_m": 61.95, "type_element": "Way", "__fid": 108419}, "geometry": {"type": "LineString", "coordinates": [[2.393327, 48.8457388], [2.3928342, 48.8461911]]}}, {"type": "Feature", "properties": {"highway": "footway", "footway": "sidewalk", "name": null, "surface": null, "lit": "yes", "length_m": 10.94, "type_element": "Way", "__fid": 108437}, "geometry": {"type": "LineString", "coordinates": [[2.3929376, 48.8462403], [2.3928491, 48.846319500000014]]}}, {"type": "Feature", "properties": {"highway": "footway", "footway": "sidewalk", "name": null, "surface": "asphalt", "lit": "yes", "length_m": 77.58, "type_element": "Way", "__fid": 108441}, "geometry": {"type": "LineString", "coordinates": [[2.3933533, 48.84733270000001], [2.3929214, 48.84779030000002], [2.3929408, 48.8478388], [2.3928335, 48.8479209]]}}, {"type": "Feature", "properties": {"highway": "service", "footway": null, "name": null, "surface": null, "lit": null, "length_m": 37.01, "type_element": "Way", "__fid": 108474}, "geometry": {"type": "LineString", "coordinates": [[2.393147, 48.847249300000016], [2.3928836, 48.8475331]]}}, {"type": "Feature", "properties": {"highway": "footway", "footway": "sidewalk", "name": null, "surface": null, "lit": "yes", "length_m": 61.1, "type_element": "Way", "__fid": 108497}, "geometry": {"type": "LineString", "coordinates": [[2.3934199, 48.8457928], [2.3930015, 48.84617009999999], [2.3929376, 48.8462403]]}}, {"type": "Feature", "properties": {"highway": "service", "footway": null, "name": null, "surface": null, "lit": null, "length_m": 12.89, "type_element": "Way", "__fid": 108568}, "geometry": {"type": "LineString", "coordinates": [[2.393147, 48.847249300000016], [2.3930016, 48.8471843]]}}, {"type": "Feature", "properties": {"highway": "footway", "footway": "sidewalk", "name": null, "surface": "asphalt", "lit": "yes", "length_m": 22.51, "type_element": "Way", "__fid": 108617}, "geometry": {"type": "LineString", "coordinates": [[2.3930839, 48.8456153], [2.393327, 48.8457388]]}}, {"type": "Feature", "properties": {"highway": "service", "footway": null, "name": null, "surface": null, "lit": null, "length_m": 4.93, "type_element": "Way", "__fid": 108618}, "geometry": {"type": "LineString", "coordinates": [[2.3931237, 48.8455796], [2.3930839, 48.8456153]]}}, {"type": "Feature", "properties": {"highway": "footway", "footway": "sidewalk", "name": null, "surface": "asphalt", "lit": "yes", "length_m": 82.01, "type_element": "Way", "__fid": 108627}, "geometry": {"type": "LineString", "coordinates": [[2.3930622, 48.847931], [2.3930682, 48.8478803], [2.3935765, 48.8473393], [2.3936489, 48.8473243]]}}, {"type": "Feature", "properties": {"highway": "service", "footway": null, "name": null, "surface": null, "lit": null, "length_m": 17.75, "type_element": "Way", "__fid": 108674}, "geometry": {"type": "LineString", "coordinates": [[2.3933533, 48.84733270000001], [2.393147, 48.847249300000016]]}}, {"type": "Feature", "properties": {"highway": "footway", "footway": "sidewalk", "name": null, "surface": "asphalt", "lit": "yes", "length_m": 14.56, "type_element": "Way", "__fid": 108683}, "geometry": {"type": "LineString", "coordinates": [[2.3931621, 48.84694660000001], [2.3933227, 48.8470235]]}}, {"type": "Feature", "properties": {"highway": "footway", "footway": "crossing", "name": null, "surface": "asphalt", "lit": "yes", "length_m": 10.44, "type_element": "Way", "__fid": 108684}, "geometry": {"type": "LineString", "coordinates": [[2.3932352, 48.8468678], [2.3932308, 48.846885], [2.3931621, 48.84694660000001]]}}, {"type": "Feature", "properties": {"highway": "footway", "footway": "sidewalk", "name": null, "surface": "asphalt", "lit": "yes", "length_m": 2.26, "type_element": "Way", "__fid": 108743}, "geometry": {"type": "LineString", "coordinates": [[2.3932352, 48.8468678], [2.393266, 48.8468669]]}}, {"type": "Feature", "properties": {"highway": "footway", "footway": "sidewalk", "name": null, "surface": "asphalt", "lit": "yes", "length_m": 108.24, "type_element": "Way", "__fid": 108757}, "geometry": {"type": "LineString", "coordinates": [[2.393266, 48.8468669], [2.393602, 48.8465053], [2.3936389, 48.8464991], [2.3937146, 48.8465282], [2.3937193, 48.846551599999984], [2.3933723, 48.8469305]]}}, {"type": "Feature", "properties": {"highway": "footway", "footway": "crossing", "name": null, "surface": "asphalt", "lit": "yes", "length_m": 9.08, "type_element": "Way", "__fid": 108784}, "geometry": {"type": "LineString", "coordinates": [[2.393327, 48.8457388], [2.3934199, 48.8457928]]}}, {"type": "Feature", "properties": {"highway": "footway", "footway": "sidewalk", "name": null, "surface": "asphalt", "lit": "yes", "length_m": 22.84, "type_element": "Way", "__fid": 108796}, "geometry": {"type": "LineString", "coordinates": [[2.3933227, 48.8470235], [2.3935457, 48.84713150000001], [2.3935651, 48.84715040000001]]}}, {"type": "Feature", "properties": {"highway": "footway", "footway": "crossing", "name": null, "surface": "asphalt", "lit": "yes", "length_m": 10.1, "type_element": "Way", "__fid": 108797}, "geometry": {"type": "LineString", "coordinates": [[2.3934025, 48.8469495], [2.3933227, 48.8470235]]}}, {"type": "Feature", "properties": {"highway": "service", "footway": null, "name": null, "surface": null, "lit": null, "length_m": 4.22, "type_element": "Way", "__fid": 108808}, "geometry": {"type": "LineString", "coordinates": [[2.3933487, 48.84568489999999], [2.3933809, 48.8456535]]}}, {"type": "Feature", "properties": {"highway": "service", "footway": null, "name": null, "surface": null, "lit": null, "length_m": 9.25, "type_element": "Way", "__fid": 108827}, "geometry": {"type": "LineString", "coordinates": [[2.3934603, 48.8473766], [2.3933533, 48.84733270000001]]}}, {"type": "Feature", "properties": {"highway": "footway", "footway": "sidewalk", "name": null, "surface": "asphalt", "lit": "yes", "length_m": 20.65, "type_element": "Way", "__fid": 108828}, "geometry": {"type": "LineString", "coordinates": [[2.3935309, 48.84721], [2.3934799, 48.84726430000001], [2.3934001, 48.84727130000001], [2.3933533, 48.84733270000001]]}}, {"type": "Feature", "properties": {"highway": "footway", "footway": "sidewalk", "name": null, "surface": "asphalt", "lit": "yes", "length_m": 8.58, "type_element": "Way", "__fid": 108832}, "geometry": {"type": "LineString", "coordinates": [[2.3933809, 48.8456535], [2.3934756, 48.8456988]]}}, {"type": "Feature", "properties": {"highway": "service", "footway": null, "name": null, "surface": null, "lit": null, "length_m": 10.21, "type_element": "Way", "__fid": 108833}, "geometry": {"type": "LineString", "coordinates": [[2.3933809, 48.8456535], [2.3934588, 48.8455774]]}}, {"type": "Feature", "properties": {"highway": "footway", "footway": "sidewalk", "name": null, "surface": "asphalt", "lit": "yes", "length_m": 3.06, "type_element": "Way", "__fid": 108835}, "geometry": {"type": "LineString", "coordinates": [[2.3933723, 48.8469305], [2.3934025, 48.8469495]]}}, {"type": "Feature", "properties": {"highway": "footway", "footway": "sidewalk", "name": null, "surface": "asphalt", "lit": "yes", "length_m": 21.62, "type_element": "Way", "__fid": 108854}, "geometry": {"type": "LineString", "coordinates": [[2.3934025, 48.8469495], [2.3936362, 48.8470679]]}}, {"type": "Feature", "properties": {"highway": "footway", "footway": "sidewalk", "name": null, "surface": "asphalt", "lit": "yes", "length_m": 3.39, "type_element": "Way", "__fid": 108859}, "geometry": {"type": "LineString", "coordinates": [[2.39346606666685, 48.84579286666671], [2.3934199, 48.8457928]]}}, {"type": "Feature", "properties": {"highway": "footway", "footway": "sidewalk", "name": null, "surface": "asphalt", "lit": "yes", "length_m": 82.15, "type_element": "Way", "__fid": 108887}, "geometry": {"type": "LineString", "coordinates": [[2.394357, 48.8462313], [2.3935537, 48.8458434], [2.3934612, 48.8457968], [2.39346606666685, 48.84579286666671]]}}, {"type": "Feature", "properties": {"highway": "footway", "footway": "crossing", "name": null, "surface": "asphalt", "lit": "yes", "length_m": 8.9, "type_element": "Way", "__fid": 108888}, "geometry": {"type": "LineString", "coordinates": [[2.3935433, 48.8457311], [2.39346606666685, 48.84579286666671]]}}, {"type": "Feature", "properties": {"highway": "footway", "footway": "sidewalk", "name": null, "surface": "asphalt", "lit": "yes", "length_m": 6.13, "type_element": "Way", "__fid": 108891}, "geometry": {"type": "LineString", "coordinates": [[2.3934756, 48.8456988], [2.3935433, 48.8457311]]}}, {"type": "Feature", "properties": {"highway": "footway", "footway": null, "name": null, "surface": null, "lit": null, "length_m": 34.35, "type_element": "Way", "__fid": 108892}, "geometry": {"type": "LineString", "coordinates": [[2.3934756, 48.8456988], [2.393646, 48.845531299999976], [2.3936942, 48.8455241], [2.3937958, 48.84555670000002]]}}, {"type": "Feature", "properties": {"highway": "footway", "footway": null, "name": null, "surface": "asphalt", "lit": "yes", "length_m": 17.9, "type_element": "Way", "__fid": 108902}, "geometry": {"type": "LineString", "coordinates": [[2.3935533, 48.8413799], [2.3935316, 48.8415402]]}}, {"type": "Feature", "properties": {"highway": "footway", "footway": "sidewalk", "name": null, "surface": "asphalt", "lit": "yes", "length_m": 22.02, "type_element": "Way", "__fid": 108948}, "geometry": {"type": "LineString", "coordinates": [[2.3935433, 48.8457311], [2.3937864, 48.8458472]]}}, {"type": "Feature", "properties": {"highway": "footway", "footway": "crossing", "name": null, "surface": "asphalt", "lit": "yes", "length_m": 16.48, "type_element": "Way", "__fid": 108953}, "geometry": {"type": "LineString", "coordinates": [[2.3935309, 48.84721], [2.3936382, 48.8472682], [2.3936489, 48.8473243]]}}, {"type": "Feature", "properties": {"highway": "footway", "footway": "sidewalk", "name": null, "surface": "asphalt", "lit": "yes", "length_m": 7.21, "type_element": "Way", "__fid": 108954}, "geometry": {"type": "LineString", "coordinates": [[2.3935651, 48.84715040000001], [2.3935604, 48.8471751], [2.3935309, 48.84721]]}}, {"type": "Feature", "properties": {"highway": "footway", "footway": "crossing", "name": null, "surface": "asphalt", "lit": "yes", "length_m": 10.55, "type_element": "Way", "__fid": 108968}, "geometry": {"type": "LineString", "coordinates": [[2.3936362, 48.8470679], [2.3935651, 48.84715040000001]]}}, {"type": "Feature", "properties": {"highway": "footway", "footway": "sidewalk", "name": null, "surface": "asphalt", "lit": "yes", "length_m": 2.31, "type_element": "Way", "__fid": 109020}, "geometry": {"type": "LineString", "coordinates": [[2.3936362, 48.8470679], [2.3936654, 48.847060200000016]]}}, {"type": "Feature", "properties": {"highway": "footway", "footway": "sidewalk", "name": null, "surface": "asphalt", "lit": "yes", "length_m": 74.87, "type_element": "Way", "__fid": 109030}, "geometry": {"type": "LineString", "coordinates": [[2.3944255, 48.8477595], [2.3938092, 48.8474333], [2.3936489, 48.8473243]]}}, {"type": "Feature", "properties": {"highway": "footway", "footway": "crossing", "name": null, "surface": "asphalt", "lit": "yes", "length_m": 26.2, "type_element": "Way", "__fid": 109031}, "geometry": {"type": "LineString", "coordinates": [[2.39384, 48.8471284], [2.3938005, 48.8471471], [2.3936489, 48.8473243]]}}, {"type": "Feature", "properties": {"highway": "footway", "footway": "crossing", "name": null, "surface": "asphalt", "lit": "yes", "length_m": 13.37, "type_element": "Way", "__fid": 109045}, "geometry": {"type": "LineString", "coordinates": [[2.3936654, 48.847060200000016], [2.3937941, 48.8471054], [2.3938303, 48.84710780000001]]}}, {"type": "Feature", "properties": {"highway": "footway", "footway": "sidewalk", "name": null, "surface": "asphalt", "lit": "yes", "length_m": 82.04, "type_element": "Way", "__fid": 109046}, "geometry": {"type": "LineString", "coordinates": [[2.3936654, 48.847060200000016], [2.394243, 48.846428500000016]]}}, {"type": "Feature", "properties": {"highway": "footway", "footway": "sidewalk", "name": null, "surface": "asphalt", "lit": "yes", "length_m": 14.59, "type_element": "Way", "__fid": 109118}, "geometry": {"type": "LineString", "coordinates": [[2.3937864, 48.8458472], [2.3939475, 48.8459241]]}}, {"type": "Feature", "properties": {"highway": "footway", "footway": null, "name": null, "surface": null, "lit": null, "length_m": 29.02, "type_element": "Way", "__fid": 109119}, "geometry": {"type": "LineString", "coordinates": [[2.3937864, 48.8458472], [2.3939067, 48.8457399], [2.3939801, 48.8457365], [2.3939742, 48.84565769999998]]}}, {"type": "Feature", "properties": {"highway": "footway", "footway": "sidewalk", "name": null, "surface": "asphalt", "lit": "yes", "length_m": 2.4, "type_element": "Way", "__fid": 109155}, "geometry": {"type": "LineString", "coordinates": [[2.39384, 48.8471284], [2.3938303, 48.84710780000001]]}}, {"type": "Feature", "properties": {"highway": "footway", "footway": "sidewalk", "name": null, "surface": "asphalt", "lit": "yes", "length_m": 80.6, "type_element": "Way", "__fid": 109156}, "geometry": {"type": "LineString", "coordinates": [[2.3938303, 48.84710780000001], [2.3938933, 48.8470013], [2.3943818, 48.8464828]]}}, {"type": "Feature", "properties": {"highway": "footway", "footway": "sidewalk", "name": null, "surface": "asphalt", "lit": "yes", "length_m": 79.1, "type_element": "Way", "__fid": 109166}, "geometry": {"type": "LineString", "coordinates": [[2.3946786, 48.8475745], [2.3944026, 48.84741080000001], [2.39384, 48.8471284]]}}, {"type": "Feature", "properties": {"highway": "service", "footway": null, "name": null, "surface": null, "lit": null, "length_m": 4.51, "type_element": "Way", "__fid": 109213}, "geometry": {"type": "LineString", "coordinates": [[2.3939124, 48.84595740000001], [2.3939475, 48.8459241]]}}, {"type": "Feature", "properties": {"highway": "footway", "footway": "sidewalk", "name": null, "surface": "asphalt", "lit": "yes", "length_m": 45.47, "type_element": "Way", "__fid": 109227}, "geometry": {"type": "LineString", "coordinates": [[2.3939475, 48.8459241], [2.3944442, 48.8461686]]}}, {"type": "Feature", "properties": {"highway": "service", "footway": null, "name": null, "surface": null, "lit": null, "length_m": 9.72, "type_element": "Way", "__fid": 109228}, "geometry": {"type": "LineString", "coordinates": [[2.3939475, 48.8459241], [2.3940231, 48.8458523]]}}, {"type": "Feature", "properties": {"highway": "footway", "footway": "sidewalk", "name": null, "surface": null, "lit": null, "length_m": 294.43, "type_element": "Way", "__fid": 109338}, "geometry": {"type": "LineString", "coordinates": [[2.3941699, 48.8411307], [2.3942095, 48.8411426], [2.3947366, 48.8414017], [2.397294, 48.8426894], [2.3973457, 48.8427415]]}}, {"type": "Feature", "properties": {"highway": "footway", "footway": "sidewalk", "name": null, "surface": "asphalt", "lit": null, "length_m": 289.92, "type_element": "Way", "__fid": 109430}, "geometry": {"type": "LineString", "coordinates": [[2.3974328, 48.84264309999999], [2.3970305, 48.8424498], [2.394284495711692, 48.84106847275898]]}}, {"type": "Feature", "properties": {"highway": "footway", "footway": "crossing", "name": null, "surface": "asphalt", "lit": "yes", "length_m": 11.84, "type_element": "Way", "__fid": 109446}, "geometry": {"type": "LineString", "coordinates": [[2.3943818, 48.8464828], [2.394243, 48.846428500000016]]}}, {"type": "Feature", "properties": {"highway": "footway", "footway": "sidewalk", "name": null, "surface": "asphalt", "lit": "yes", "length_m": 24.68, "type_element": "Way", "__fid": 109447}, "geometry": {"type": "LineString", "coordinates": [[2.394243, 48.846428500000016], [2.3943657, 48.8463023], [2.3943704, 48.84627670000001], [2.394357, 48.8462313]]}}, {"type": "Feature", "properties": {"highway": "footway", "footway": "crossing", "name": null, "surface": "asphalt", "lit": "yes", "length_m": 9.59, "type_element": "Way", "__fid": 109545}, "geometry": {"type": "LineString", "coordinates": [[2.394357, 48.8462313], [2.3943832, 48.8462211], [2.3944442, 48.8461686]]}}, {"type": "Feature", "properties": {"highway": "footway", "footway": "sidewalk", "name": null, "surface": "asphalt", "lit": "yes", "length_m": 4.82, "type_element": "Way", "__fid": 109562}, "geometry": {"type": "LineString", "coordinates": [[2.3943818, 48.8464828], [2.3944475, 48.84648410000001]]}}, {"type": "Feature", "properties": {"highway": "service", "footway": null, "name": null, "surface": "asphalt", "lit": null, "length_m": 54.31, "type_element": "Way", "__fid": 109580}, "geometry": {"type": "LineString", "coordinates": [[2.3950527, 48.8450931], [2.3950206, 48.8450809], [2.3949014, 48.845080199999984], [2.394422, 48.8448604]]}}, {"type": "Feature", "properties": {"highway": "footway", "footway": "sidewalk", "name": null, "surface": "asphalt", "lit": "yes", "length_m": 4.34, "type_element": "Way", "__fid": 109612}, "geometry": {"type": "LineString", "coordinates": [[2.3944442, 48.8461686], [2.3944636, 48.8461708], [2.3945002, 48.84616110000001]]}}, {"type": "Feature", "properties": {"highway": "footway", "footway": "sidewalk", "name": null, "surface": "asphalt", "lit": "yes", "length_m": 113.56, "type_element": "Way", "__fid": 109617}, "geometry": {"type": "LineString", "coordinates": [[2.3944475, 48.84648410000001], [2.394467, 48.8464969], [2.3944918, 48.8465353], [2.3949441, 48.8474492]]}}, {"type": "Feature", "properties": {"highway": "footway", "footway": "crossing", "name": null, "surface": "asphalt", "lit": "yes", "length_m": 15.11, "type_element": "Way", "__fid": 109618}, "geometry": {"type": "LineString", "coordinates": [[2.3945421, 48.8463667], [2.3945106, 48.84638480000001], [2.3944576, 48.84645410000001], [2.3944475, 48.84648410000001]]}}, {"type": "Feature", "properties": {"highway": "footway", "footway": "crossing", "name": null, "surface": "asphalt", "lit": "yes", "length_m": 9.45, "type_element": "Way", "__fid": 109652}, "geometry": {"type": "LineString", "coordinates": [[2.3945002, 48.84616110000001], [2.3945109, 48.8461737], [2.3946024, 48.8462101]]}}, {"type": "Feature", "properties": {"highway": "footway", "footway": "sidewalk", "name": null, "surface": "asphalt", "lit": "yes", "length_m": 62.8, "type_element": "Way", "__fid": 109653}, "geometry": {"type": "LineString", "coordinates": [[2.3945002, 48.84616110000001], [2.3945756, 48.846064], [2.3949236, 48.8456704]]}}, {"type": "Feature", "properties": {"highway": "footway", "footway": "sidewalk", "name": null, "surface": "asphalt", "lit": "yes", "length_m": 121.48, "type_element": "Way", "__fid": 109674}, "geometry": {"type": "LineString", "coordinates": [[2.3950859, 48.8473933], [2.395071, 48.8473898], [2.3950494, 48.8473673], [2.3950008, 48.8472936], [2.3945421, 48.8463667]]}}, {"type": "Feature", "properties": {"highway": "footway", "footway": "sidewalk", "name": null, "surface": "asphalt", "lit": "yes", "length_m": 19.3, "type_element": "Way", "__fid": 109675}, "geometry": {"type": "LineString", "coordinates": [[2.3945421, 48.8463667], [2.394517, 48.8463127], [2.3946024, 48.8462101]]}}, {"type": "Feature", "properties": {"highway": "footway", "footway": "sidewalk", "name": null, "surface": "asphalt", "lit": "yes", "length_m": 64.74, "type_element": "Way", "__fid": 109726}, "geometry": {"type": "LineString", "coordinates": [[2.3946024, 48.8462101], [2.3946558, 48.8461898], [2.394758, 48.8460724], [2.3947741, 48.846019400000024], [2.3950229, 48.84574940000001], [2.3950578, 48.8457216]]}}, {"type": "Feature", "properties": {"highway": "living_street", "footway": null, "name": "Place de la Nation", "surface": "asphalt", "lit": "yes", "length_m": 63.71, "type_element": "Way", "__fid": 109911}, "geometry": {"type": "LineString", "coordinates": [[2.3948281, 48.8476172], [2.3950369, 48.8475053], [2.3952004, 48.8474416], [2.395374, 48.8473926], [2.3955859, 48.8473525]]}}, {"type": "Feature", "properties": {"highway": "service", "footway": null, "name": null, "surface": null, "lit": null, "length_m": 56.92, "type_element": "Way", "__fid": 109959}, "geometry": {"type": "LineString", "coordinates": [[2.3955489, 48.8449465], [2.394923, 48.84464420000001]]}}, {"type": "Feature", "properties": {"highway": "footway", "footway": "crossing", "name": null, "surface": "asphalt", "lit": "yes", "length_m": 11.38, "type_element": "Way", "__fid": 109969}, "geometry": {"type": "LineString", "coordinates": [[2.3949236, 48.8456704], [2.3950578, 48.8457216]]}}, {"type": "Feature", "properties": {"highway": "footway", "footway": "sidewalk", "name": null, "surface": null, "lit": null, "length_m": 40.01, "type_element": "Way", "__fid": 109970}, "geometry": {"type": "LineString", "coordinates": [[2.3949236, 48.8456704], [2.3952026, 48.8453613]]}}, {"type": "Feature", "properties": {"highway": "service", "footway": null, "name": null, "surface": null, "lit": null, "length_m": 56.75, "type_element": "Way", "__fid": 109984}, "geometry": {"type": "LineString", "coordinates": [[2.3949538, 48.8446131], [2.3955735, 48.8449184]]}}, {"type": "Feature", "properties": {"highway": "service", "footway": null, "name": null, "surface": "asphalt", "lit": null, "length_m": 24.39, "type_element": "Way", "__fid": 110074}, "geometry": {"type": "LineString", "coordinates": [[2.3953383, 48.84520530000002], [2.3950527, 48.8450931]]}}, {"type": "Feature", "properties": {"highway": "service", "footway": null, "name": null, "surface": "asphalt", "lit": null, "length_m": 27.8, "type_element": "Way", "__fid": 110075}, "geometry": {"type": "LineString", "coordinates": [[2.3950527, 48.8450931], [2.3952604, 48.844884]]}}, {"type": "Feature", "properties": {"highway": "footway", "footway": "sidewalk", "name": null, "surface": "asphalt", "lit": null, "length_m": 10.64, "type_element": "Way", "__fid": 110082}, "geometry": {"type": "LineString", "coordinates": [[2.3950578, 48.8457216], [2.3950913, 48.8457097], [2.3951973, 48.84570060000002]]}}, {"type": "Feature", "properties": {"highway": "footway", "footway": "sidewalk", "name": null, "surface": "asphalt", "lit": "yes", "length_m": 37.15, "type_element": "Way", "__fid": 110119}, "geometry": {"type": "LineString", "coordinates": [[2.3955563, 48.8472742], [2.3955007, 48.8472983], [2.3953649, 48.8473216], [2.3950859, 48.8473933]]}}, {"type": "Feature", "properties": {"highway": "footway", "footway": "crossing", "name": null, "surface": null, "lit": null, "length_m": 31.07, "type_element": "Way", "__fid": 110183}, "geometry": {"type": "LineString", "coordinates": [[2.3951973, 48.84570060000002], [2.3951829, 48.84548509999998], [2.3952737, 48.84546339999998]]}}, {"type": "Feature", "properties": {"highway": "footway", "footway": "sidewalk", "name": null, "surface": "asphalt", "lit": null, "length_m": 7.03, "type_element": "Way", "__fid": 110184}, "geometry": {"type": "LineString", "coordinates": [[2.3951973, 48.84570060000002], [2.3952401, 48.845696900000014], [2.3952616, 48.845728600000015]]}}, {"type": "Feature", "properties": {"highway": "footway", "footway": "sidewalk", "name": null, "surface": "asphalt", "lit": null, "length_m": 14.49, "type_element": "Way", "__fid": 110186}, "geometry": {"type": "LineString", "coordinates": [[2.3952026, 48.8453613], [2.3952871, 48.8454039], [2.3952737, 48.84546339999998]]}}, {"type": "Feature", "properties": {"highway": "footway", "footway": "sidewalk", "name": null, "surface": null, "lit": null, "length_m": 20.0, "type_element": "Way", "__fid": 110187}, "geometry": {"type": "LineString", "coordinates": [[2.3952026, 48.8453613], [2.3953383, 48.84520530000002]]}}, {"type": "Feature", "properties": {"highway": "footway", "footway": "sidewalk", "name": null, "surface": "asphalt", "lit": "yes", "length_m": 171.18, "type_element": "Way", "__fid": 110219}, "geometry": {"type": "LineString", "coordinates": [[2.3952616, 48.845728600000015], [2.3955694, 48.8472546]]}}, {"type": "Feature", "properties": {"highway": "footway", "footway": "crossing", "name": null, "surface": "asphalt", "lit": "yes", "length_m": 19.78, "type_element": "Way", "__fid": 110220}, "geometry": {"type": "LineString", "coordinates": [[2.3955285, 48.8457039], [2.3952616, 48.845728600000015]]}}, {"type": "Feature", "properties": {"highway": "footway", "footway": "crossing", "name": null, "surface": "asphalt", "lit": "yes", "length_m": 19.46, "type_element": "Way", "__fid": 110221}, "geometry": {"type": "LineString", "coordinates": [[2.3954795, 48.8453853], [2.395442, 48.8454396], [2.3952965, 48.845467], [2.3952737, 48.84546339999998]]}}, {"type": "Feature", "properties": {"highway": "service", "footway": null, "name": null, "surface": "asphalt", "lit": null, "length_m": 4.69, "type_element": "Way", "__fid": 110264}, "geometry": {"type": "LineString", "coordinates": [[2.3953922, 48.845228], [2.3953383, 48.84520530000002]]}}, {"type": "Feature", "properties": {"highway": "footway", "footway": "sidewalk", "name": null, "surface": null, "lit": null, "length_m": 32.66, "type_element": "Way", "__fid": 110265}, "geometry": {"type": "LineString", "coordinates": [[2.3953383, 48.84520530000002], [2.3955489, 48.8449465]]}}, {"type": "Feature", "properties": {"highway": "footway", "footway": "sidewalk", "name": null, "surface": null, "lit": null, "length_m": 3.16, "type_element": "Way", "__fid": 110338}, "geometry": {"type": "LineString", "coordinates": [[2.3954795, 48.8453853], [2.3955211, 48.84539280000001]]}}, {"type": "Feature", "properties": {"highway": "footway", "footway": "sidewalk", "name": null, "surface": null, "lit": null, "length_m": 94.23, "type_element": "Way", "__fid": 110339}, "geometry": {"type": "LineString", "coordinates": [[2.3959915, 48.8446334], [2.3959456, 48.8446726], [2.3957115, 48.844952], [2.3957001, 48.8449877], [2.3954742, 48.8452609], [2.395446, 48.8453156], [2.3954795, 48.8453853]]}}, {"type": "Feature", "properties": {"highway": "footway", "footway": "crossing", "name": null, "surface": "asphalt", "lit": "yes", "length_m": 31.19, "type_element": "Way", "__fid": 110377}, "geometry": {"type": "LineString", "coordinates": [[2.3955211, 48.84539280000001], [2.395499, 48.8454815], [2.3955426, 48.84566989999998]]}}, {"type": "Feature", "properties": {"highway": "footway", "footway": "sidewalk", "name": null, "surface": "paved", "lit": null, "length_m": 48.57, "type_element": "Way", "__fid": 110378}, "geometry": {"type": "LineString", "coordinates": [[2.3955211, 48.84539280000001], [2.3961749, 48.84532509999998]]}}, {"type": "Feature", "properties": {"highway": "footway", "footway": "sidewalk", "name": null, "surface": "asphalt", "lit": "yes", "length_m": 172.5, "type_element": "Way", "__fid": 110381}, "geometry": {"type": "LineString", "coordinates": [[2.3955285, 48.8457039], [2.3958326, 48.84724220000002]]}}, {"type": "Feature", "properties": {"highway": "footway", "footway": "sidewalk", "name": null, "surface": "asphalt", "lit": null, "length_m": 3.92, "type_element": "Way", "__fid": 110382}, "geometry": {"type": "LineString", "coordinates": [[2.3955426, 48.84566989999998], [2.3955285, 48.8457039]]}}, {"type": "Feature", "properties": {"highway": "service", "footway": null, "name": null, "surface": null, "lit": null, "length_m": 5.07, "type_element": "Way", "__fid": 110387}, "geometry": {"type": "LineString", "coordinates": [[2.3956059, 48.8449722], [2.3955489, 48.8449465]]}}, {"type": "Feature", "properties": {"highway": "footway", "footway": "sidewalk", "name": null, "surface": null, "lit": null, "length_m": 3.61, "type_element": "Way", "__fid": 110388}, "geometry": {"type": "LineString", "coordinates": [[2.3955489, 48.8449465], [2.3955735, 48.8449184]]}}, {"type": "Feature", "properties": {"highway": "footway", "footway": "sidewalk", "name": null, "surface": "asphalt", "lit": null, "length_m": 50.15, "type_element": "Way", "__fid": 110389}, "geometry": {"type": "LineString", "coordinates": [[2.3962158, 48.8456496], [2.3958034, 48.8456823], [2.3957035, 48.8456585], [2.3955426, 48.84566989999998]]}}, {"type": "Feature", "properties": {"highway": "service", "footway": null, "name": null, "surface": null, "lit": null, "length_m": 4.99, "type_element": "Way", "__fid": 110397}, "geometry": {"type": "LineString", "coordinates": [[2.3955735, 48.8449184], [2.3956307, 48.8449426]]}}, {"type": "Feature", "properties": {"highway": "footway", "footway": "sidewalk", "name": null, "surface": null, "lit": null, "length_m": 151.6, "type_element": "Way", "__fid": 110398}, "geometry": {"type": "LineString", "coordinates": [[2.3955735, 48.8449184], [2.3963103, 48.8440195], [2.3964491, 48.8438236], [2.3965655, 48.8437249]]}}, {"type": "Feature", "properties": {"highway": "footway", "footway": "crossing", "name": null, "surface": "asphalt", "lit": "yes", "length_m": 8.97, "type_element": "Way", "__fid": 110400}, "geometry": {"type": "LineString", "coordinates": [[2.3955563, 48.8472742], [2.3955859, 48.8473525]]}}, {"type": "Feature", "properties": {"highway": "footway", "footway": "sidewalk", "name": null, "surface": "asphalt", "lit": "yes", "length_m": 2.38, "type_element": "Way", "__fid": 110401}, "geometry": {"type": "LineString", "coordinates": [[2.3955694, 48.8472546], [2.3955563, 48.8472742]]}}, {"type": "Feature", "properties": {"highway": "footway", "footway": "crossing", "name": null, "surface": "asphalt", "lit": "yes", "length_m": 19.36, "type_element": "Way", "__fid": 110407}, "geometry": {"type": "LineString", "coordinates": [[2.3955694, 48.8472546], [2.3958326, 48.84724220000002]]}}, {"type": "Feature", "properties": {"highway": "footway", "footway": "crossing", "name": null, "surface": "asphalt", "lit": "yes", "length_m": 12.53, "type_element": "Way", "__fid": 110419}, "geometry": {"type": "LineString", "coordinates": [[2.3955859, 48.8473525], [2.3956213, 48.84746269999998]]}}, {"type": "Feature", "properties": {"highway": "living_street", "footway": null, "name": "Place de la Nation", "surface": "asphalt", "lit": "yes", "length_m": 21.49, "type_element": "Way", "__fid": 110420}, "geometry": {"type": "LineString", "coordinates": [[2.3955859, 48.8473525], [2.39573, 48.8473365], [2.3958764, 48.8473299]]}}, {"type": "Feature", "properties": {"highway": "service", "footway": null, "name": "Avenue de Saint-Mandé", "surface": "sett", "lit": "yes", "length_m": 41.18, "type_element": "Way", "__fid": 110509}, "geometry": {"type": "LineString", "coordinates": [[2.3962056, 48.8455933], [2.3958504, 48.8456227], [2.3957226, 48.8455185]]}}, {"type": "Feature", "properties": {"highway": "footway", "footway": "sidewalk", "name": null, "surface": "asphalt", "lit": "yes", "length_m": 2.57, "type_element": "Way", "__fid": 110620}, "geometry": {"type": "LineString", "coordinates": [[2.3958326, 48.84724220000002], [2.3958624, 48.8472543]]}}, {"type": "Feature", "properties": {"highway": "footway", "footway": "sidewalk", "name": null, "surface": "asphalt", "lit": "yes", "length_m": 54.62, "type_element": "Way", "__fid": 110651}, "geometry": {"type": "LineString", "coordinates": [[2.3958624, 48.8472543], [2.3962319, 48.8472758], [2.3965881, 48.8473496]]}}, {"type": "Feature", "properties": {"highway": "footway", "footway": "crossing", "name": null, "surface": "asphalt", "lit": "yes", "length_m": 8.47, "type_element": "Way", "__fid": 110652}, "geometry": {"type": "LineString", "coordinates": [[2.3958624, 48.8472543], [2.3958764, 48.8473299]]}}, {"type": "Feature", "properties": {"highway": "service", "footway": null, "name": null, "surface": null, "lit": null, "length_m": 6.65, "type_element": "Way", "__fid": 110665}, "geometry": {"type": "LineString", "coordinates": [[2.3959915, 48.8446334], [2.3959077, 48.84461069999998]]}}, {"type": "Feature", "properties": {"highway": "living_street", "footway": null, "name": "Place de la Nation", "surface": "asphalt", "lit": "yes", "length_m": 53.79, "type_element": "Way", "__fid": 110666}, "geometry": {"type": "LineString", "coordinates": [[2.3958764, 48.8473299], [2.3960837, 48.84733460000001], [2.3962672, 48.8473543], [2.3964569, 48.8473906], [2.3965884, 48.8474262]]}}, {"type": "Feature", "properties": {"highway": "footway", "footway": "crossing", "name": null, "surface": "asphalt", "lit": "yes", "length_m": 11.63, "type_element": "Way", "__fid": 110667}, "geometry": {"type": "LineString", "coordinates": [[2.3958764, 48.8473299], [2.3958964, 48.84743370000001]]}}, {"type": "Feature", "properties": {"highway": "footway", "footway": null, "name": "Avenue de Saint-Mandé", "surface": "paved", "lit": "yes", "length_m": 24.76, "type_element": "Way", "__fid": 110703}, "geometry": {"type": "LineString", "coordinates": [[2.3959605, 48.84550060000002], [2.3960563, 48.8453777], [2.3961833, 48.8453673]]}}, {"type": "Feature", "properties": {"highway": "service", "footway": null, "name": null, "surface": null, "lit": null, "length_m": 16.01, "type_element": "Way", "__fid": 110724}, "geometry": {"type": "LineString", "coordinates": [[2.3961769, 48.8447093], [2.3959915, 48.8446334]]}}, {"type": "Feature", "properties": {"highway": "footway", "footway": "sidewalk", "name": null, "surface": null, "lit": null, "length_m": 30.82, "type_element": "Way", "__fid": 110725}, "geometry": {"type": "LineString", "coordinates": [[2.3961902, 48.8443892], [2.3959915, 48.8446334]]}}, {"type": "Feature", "properties": {"highway": "service", "footway": null, "name": null, "surface": null, "lit": null, "length_m": 17.93, "type_element": "Way", "__fid": 110812}, "geometry": {"type": "LineString", "coordinates": [[2.3960978, 48.845177], [2.3961487, 48.845219], [2.3961749, 48.84532509999998]]}}, {"type": "Feature", "properties": {"highway": "service", "footway": null, "name": null, "surface": null, "lit": null, "length_m": 6.31, "type_element": "Way", "__fid": 110816}, "geometry": {"type": "LineString", "coordinates": [[2.3961902, 48.8443892], [2.3961106, 48.8443677]]}}, {"type": "Feature", "properties": {"highway": "footway", "footway": "sidewalk", "name": null, "surface": null, "lit": null, "length_m": 25.98, "type_element": "Way", "__fid": 110849}, "geometry": {"type": "LineString", "coordinates": [[2.3961642, 48.8450932], [2.3962118, 48.8451598], [2.3962571, 48.845317]]}}, {"type": "Feature", "properties": {"highway": "service", "footway": null, "name": null, "surface": null, "lit": null, "length_m": 54.68, "type_element": "Way", "__fid": 110863}, "geometry": {"type": "LineString", "coordinates": [[2.3969198, 48.84472119999999], [2.3962882, 48.8447238], [2.3961769, 48.8447093]]}}, {"type": "Feature", "properties": {"highway": "service", "footway": null, "name": null, "surface": null, "lit": null, "length_m": 72.49, "type_element": "Way", "__fid": 110864}, "geometry": {"type": "LineString", "coordinates": [[2.3961769, 48.8447093], [2.3961098, 48.8447794], [2.3960911, 48.8448536], [2.3960991, 48.8449153], [2.396134, 48.84498679999999], [2.3962131, 48.8450371], [2.3962647, 48.845151], [2.3962922, 48.845251200000014], [2.3962863, 48.8453146]]}}, {"type": "Feature", "properties": {"highway": "service", "footway": null, "name": null, "surface": null, "lit": null, "length_m": 4.73, "type_element": "Way", "__fid": 110866}, "geometry": {"type": "LineString", "coordinates": [[2.3961749, 48.84532509999998], [2.3961833, 48.8453673]]}}, {"type": "Feature", "properties": {"highway": "footway", "footway": "sidewalk", "name": null, "surface": "paved", "lit": null, "length_m": 6.1, "type_element": "Way", "__fid": 110867}, "geometry": {"type": "LineString", "coordinates": [[2.3961749, 48.84532509999998], [2.3962571, 48.845317]]}}, {"type": "Feature", "properties": {"highway": "service", "footway": null, "name": null, "surface": null, "lit": null, "length_m": 75.39, "type_element": "Way", "__fid": 110869}, "geometry": {"type": "LineString", "coordinates": [[2.3972077, 48.8444613], [2.3971076, 48.844467], [2.3962151, 48.8443979], [2.3961902, 48.8443892]]}}, {"type": "Feature", "properties": {"highway": "footway", "footway": "sidewalk", "name": null, "surface": null, "lit": null, "length_m": 17.85, "type_element": "Way", "__fid": 110870}, "geometry": {"type": "LineString", "coordinates": [[2.3962847, 48.84424660000002], [2.3962017, 48.8443478], [2.3962098, 48.8443651], [2.3961902, 48.8443892]]}}, {"type": "Feature", "properties": {"highway": "service", "footway": null, "name": null, "surface": null, "lit": null, "length_m": 12.68, "type_element": "Way", "__fid": 110873}, "geometry": {"type": "LineString", "coordinates": [[2.3961833, 48.8453673], [2.3962079, 48.8454802]]}}, {"type": "Feature", "properties": {"highway": "footway", "footway": null, "name": "Avenue de Saint-Mandé", "surface": "paved", "lit": "yes", "length_m": 8.3, "type_element": "Way", "__fid": 110874}, "geometry": {"type": "LineString", "coordinates": [[2.3961833, 48.8453673], [2.3962955, 48.845358]]}}, {"type": "Feature", "properties": {"highway": "footway", "footway": "crossing", "name": null, "surface": "asphalt", "lit": "yes", "length_m": 1.05, "type_element": "Way", "__fid": 110887}, "geometry": {"type": "LineString", "coordinates": [[2.3962056, 48.8455933], [2.3962037, 48.8455839]]}}, {"type": "Feature", "properties": {"highway": "footway", "footway": "crossing", "name": null, "surface": "asphalt", "lit": "yes", "length_m": 6.3, "type_element": "Way", "__fid": 110888}, "geometry": {"type": "LineString", "coordinates": [[2.3962158, 48.8456496], [2.3962056, 48.8455933]]}}, {"type": "Feature", "properties": {"highway": "service", "footway": null, "name": "Avenue de Saint-Mandé", "surface": "sett", "lit": "yes", "length_m": 140.89, "type_element": "Way", "__fid": 110889}, "geometry": {"type": "LineString", "coordinates": [[2.3979853, 48.8453261], [2.3979004, 48.8454542], [2.3962056, 48.8455933]]}}, {"type": "Feature", "properties": {"highway": "footway", "footway": "sidewalk", "name": null, "surface": null, "lit": "yes", "length_m": 119.42, "type_element": "Way", "__fid": 110900}, "geometry": {"type": "LineString", "coordinates": [[2.3978298, 48.8455128], [2.3962158, 48.8456496]]}}, {"type": "Feature", "properties": {"highway": "footway", "footway": "sidewalk", "name": null, "surface": "paved", "lit": null, "length_m": 2.16, "type_element": "Way", "__fid": 110937}, "geometry": {"type": "LineString", "coordinates": [[2.3962571, 48.845317], [2.3962863, 48.8453146]]}}, {"type": "Feature", "properties": {"highway": "service", "footway": null, "name": null, "surface": null, "lit": null, "length_m": 25.25, "type_element": "Way", "__fid": 110946}, "geometry": {"type": "LineString", "coordinates": [[2.3965655, 48.8437249], [2.3962908, 48.8435882]]}}, {"type": "Feature", "properties": {"highway": "service", "footway": null, "name": null, "surface": null, "lit": null, "length_m": 98.38, "type_element": "Way", "__fid": 110948}, "geometry": {"type": "LineString", "coordinates": [[2.3962847, 48.84424660000002], [2.3965038, 48.8443154], [2.3967599, 48.84434060000001], [2.3972215, 48.8443562], [2.3972674, 48.8443897], [2.3975756, 48.84439380000001]]}}, {"type": "Feature", "properties": {"highway": "footway", "footway": "sidewalk", "name": null, "surface": null, "lit": null, "length_m": 75.17, "type_element": "Way", "__fid": 110949}, "geometry": {"type": "LineString", "coordinates": [[2.3967744, 48.8436528], [2.3962847, 48.84424660000002]]}}, {"type": "Feature", "properties": {"highway": "service", "footway": null, "name": null, "surface": null, "lit": null, "length_m": 4.87, "type_element": "Way", "__fid": 110972}, "geometry": {"type": "LineString", "coordinates": [[2.3962863, 48.8453146], [2.3962955, 48.845358]]}}, {"type": "Feature", "properties": {"highway": "footway", "footway": "sidewalk", "name": null, "surface": "paved", "lit": null, "length_m": 91.21, "type_element": "Way", "__fid": 110973}, "geometry": {"type": "LineString", "coordinates": [[2.3962863, 48.8453146], [2.3975189, 48.8452097]]}}, {"type": "Feature", "properties": {"highway": "service", "footway": null, "name": null, "surface": null, "lit": null, "length_m": 12.63, "type_element": "Way", "__fid": 110978}, "geometry": {"type": "LineString", "coordinates": [[2.3962955, 48.845358], [2.3963247, 48.8454699]]}}, {"type": "Feature", "properties": {"highway": "footway", "footway": null, "name": "Avenue de Saint-Mandé", "surface": "paved", "lit": "yes", "length_m": 93.83, "type_element": "Way", "__fid": 110979}, "geometry": {"type": "LineString", "coordinates": [[2.3962955, 48.845358], [2.3975642, 48.845253700000015]]}}, {"type": "Feature", "properties": {"highway": "service", "footway": null, "name": null, "surface": null, "lit": null, "length_m": 5.25, "type_element": "Way", "__fid": 111146}, "geometry": {"type": "LineString", "coordinates": [[2.3966226, 48.84375329999999], [2.3965655, 48.8437249]]}}, {"type": "Feature", "properties": {"highway": "footway", "footway": "sidewalk", "name": null, "surface": null, "lit": null, "length_m": 13.6, "type_element": "Way", "__fid": 111147}, "geometry": {"type": "LineString", "coordinates": [[2.3966543, 48.8436175], [2.3965655, 48.8437249]]}}, {"type": "Feature", "properties": {"highway": "footway", "footway": "sidewalk", "name": null, "surface": "asphalt", "lit": "yes", "length_m": 3.05, "type_element": "Way", "__fid": 111190}, "geometry": {"type": "LineString", "coordinates": [[2.3965881, 48.8473496], [2.3966285, 48.8473562]]}}, {"type": "Feature", "properties": {"highway": "footway", "footway": "sidewalk", "name": null, "surface": null, "lit": "yes", "length_m": 112.87, "type_element": "Way", "__fid": 111191}, "geometry": {"type": "LineString", "coordinates": [[2.3965881, 48.8473496], [2.3966718, 48.8472082], [2.3972431, 48.84643160000002]]}}, {"type": "Feature", "properties": {"highway": "footway", "footway": "crossing", "name": null, "surface": null, "lit": "yes", "length_m": 9.65, "type_element": "Way", "__fid": 111200}, "geometry": {"type": "LineString", "coordinates": [[2.3966543, 48.8436175], [2.3967744, 48.8436528]]}}, {"type": "Feature", "properties": {"highway": "footway", "footway": "sidewalk", "name": null, "surface": null, "lit": null, "length_m": 109.83, "type_element": "Way", "__fid": 111201}, "geometry": {"type": "LineString", "coordinates": [[2.3966543, 48.8436175], [2.3973457, 48.8427415]]}}, {"type": "Feature", "properties": {"highway": "footway", "footway": "sidewalk", "name": null, "surface": null, "lit": null, "length_m": 100.77, "type_element": "Way", "__fid": 111268}, "geometry": {"type": "LineString", "coordinates": [[2.3967744, 48.8436528], [2.3974304, 48.8428567]]}}, {"type": "Feature", "properties": {"highway": "footway", "footway": "sidewalk", "name": null, "surface": null, "lit": "yes", "length_m": 109.83, "type_element": "Way", "__fid": 111379}, "geometry": {"type": "LineString", "coordinates": [[2.3976079, 48.8465719], [2.3973584, 48.84691259999999], [2.3969373, 48.8474549]]}}, {"type": "Feature", "properties": {"highway": "service", "footway": null, "name": null, "surface": null, "lit": null, "length_m": 21.99, "type_element": "Way", "__fid": 111482}, "geometry": {"type": "LineString", "coordinates": [[2.3971787, 48.8446581], [2.3972077, 48.8444613]]}}, {"type": "Feature", "properties": {"highway": "service", "footway": null, "name": null, "surface": null, "lit": null, "length_m": 106.32, "type_element": "Way", "__fid": 111497}, "geometry": {"type": "LineString", "coordinates": [[2.3975189, 48.8452097], [2.3975043, 48.8451168], [2.3975877, 48.8446453], [2.3975877, 48.84458080000002], [2.3975743, 48.8445199], [2.3974992, 48.8444741], [2.3973973, 48.8444573], [2.3972077, 48.8444613]]}}, {"type": "Feature", "properties": {"highway": "footway", "footway": "sidewalk", "name": null, "surface": null, "lit": "yes", "length_m": 5.22, "type_element": "Way", "__fid": 111541}, "geometry": {"type": "LineString", "coordinates": [[2.3972431, 48.84643160000002], [2.3973069, 48.8464523]]}}, {"type": "Feature", "properties": {"highway": "footway", "footway": "sidewalk", "name": null, "surface": null, "lit": "yes", "length_m": 108.56, "type_element": "Way", "__fid": 111542}, "geometry": {"type": "LineString", "coordinates": [[2.3972431, 48.84643160000002], [2.3978633, 48.84561040000001], [2.3978895, 48.8455543]]}}, {"type": "Feature", "properties": {"highway": "footway", "footway": "crossing", "name": null, "surface": "asphalt", "lit": "yes", "length_m": 12.39, "type_element": "Way", "__fid": 111569}, "geometry": {"type": "LineString", "coordinates": [[2.3975024, 48.8427829], [2.3973457, 48.8427415]]}}, {"type": "Feature", "properties": {"highway": "footway", "footway": "crossing", "name": null, "surface": "asphalt", "lit": "yes", "length_m": 12.76, "type_element": "Way", "__fid": 111570}, "geometry": {"type": "LineString", "coordinates": [[2.3973457, 48.8427415], [2.3973785, 48.8427168], [2.3974328, 48.84264309999999]]}}, {"type": "Feature", "properties": {"highway": "service", "footway": null, "name": "Avenue du Bel Air", "surface": "asphalt", "lit": "yes", "length_m": 229.08, "type_element": "Way", "__fid": 111573}, "geometry": {"type": "LineString", "coordinates": [[2.3973069, 48.8464523], [2.3979086, 48.845651], [2.3980849, 48.8456221], [2.3981915, 48.8456684], [2.3975479, 48.8465313]]}}, {"type": "Feature", "properties": {"highway": "footway", "footway": "sidewalk", "name": null, "surface": null, "lit": null, "length_m": 3.34, "type_element": "Way", "__fid": 111619}, "geometry": {"type": "LineString", "coordinates": [[2.3974637, 48.842621], [2.3974328, 48.84264309999999]]}}, {"type": "Feature", "properties": {"highway": "footway", "footway": null, "name": null, "surface": null, "lit": null, "length_m": 5.0, "type_element": "Way", "__fid": 111620}, "geometry": {"type": "LineString", "coordinates": [[2.3974304, 48.8428567], [2.3974936, 48.8428736]]}}, {"type": "Feature", "properties": {"highway": "footway", "footway": "sidewalk", "name": null, "surface": null, "lit": null, "length_m": 9.76, "type_element": "Way", "__fid": 111621}, "geometry": {"type": "LineString", "coordinates": [[2.3974304, 48.8428567], [2.3975024, 48.8427829]]}}, {"type": "Feature", "properties": {"highway": "footway", "footway": "crossing", "name": null, "surface": "asphalt", "lit": "yes", "length_m": 14.2, "type_element": "Way", "__fid": 111641}, "geometry": {"type": "LineString", "coordinates": [[2.3974637, 48.842621], [2.3974986, 48.8426356], [2.3975951, 48.8426484], [2.3976488, 48.84264789999999]]}}, {"type": "Feature", "properties": {"highway": "footway", "footway": "sidewalk", "name": null, "surface": null, "lit": null, "length_m": 47.62, "type_element": "Way", "__fid": 111642}, "geometry": {"type": "LineString", "coordinates": [[2.397801, 48.8422565], [2.3977493, 48.8422962], [2.3975448, 48.8425138], [2.3974637, 48.842621]]}}, {"type": "Feature", "properties": {"highway": "footway", "footway": "sidewalk", "name": null, "surface": null, "lit": null, "length_m": 4.89, "type_element": "Way", "__fid": 111669}, "geometry": {"type": "LineString", "coordinates": [[2.3975448, 48.8428168], [2.3975024, 48.8427829]]}}, {"type": "Feature", "properties": {"highway": "footway", "footway": "sidewalk", "name": null, "surface": null, "lit": null, "length_m": 5.47, "type_element": "Way", "__fid": 111670}, "geometry": {"type": "LineString", "coordinates": [[2.3975024, 48.8427829], [2.3975754, 48.842773]]}}, {"type": "Feature", "properties": {"highway": "service", "footway": null, "name": "Avenue de Saint-Mandé", "surface": "asphalt", "lit": "yes", "length_m": 13.44, "type_element": "Way", "__fid": 111696}, "geometry": {"type": "LineString", "coordinates": [[2.3975005, 48.845367], [2.3975642, 48.845253700000015]]}}, {"type": "Feature", "properties": {"highway": "service", "footway": null, "name": null, "surface": null, "lit": null, "length_m": 5.92, "type_element": "Way", "__fid": 111701}, "geometry": {"type": "LineString", "coordinates": [[2.3975642, 48.845253700000015], [2.3975189, 48.8452097]]}}, {"type": "Feature", "properties": {"highway": "footway", "footway": "sidewalk", "name": null, "surface": "paved", "lit": null, "length_m": 35.76, "type_element": "Way", "__fid": 111702}, "geometry": {"type": "LineString", "coordinates": [[2.3975189, 48.8452097], [2.3980035, 48.8451761]]}}, {"type": "Feature", "properties": {"highway": "footway", "footway": "sidewalk", "name": null, "surface": null, "lit": null, "length_m": 39.81, "type_element": "Way", "__fid": 111724}, "geometry": {"type": "LineString", "coordinates": [[2.3975754, 48.842773], [2.3981095, 48.8428357]]}}, {"type": "Feature", "properties": {"highway": "footway", "footway": "sidewalk", "name": null, "surface": null, "lit": null, "length_m": 3.38, "type_element": "Way", "__fid": 111725}, "geometry": {"type": "LineString", "coordinates": [[2.397584, 48.84280290000002], [2.3975754, 48.842773]]}}, {"type": "Feature", "properties": {"highway": "footway", "footway": "crossing", "name": null, "surface": "asphalt", "lit": "yes", "length_m": 13.8, "type_element": "Way", "__fid": 111726}, "geometry": {"type": "LineString", "coordinates": [[2.3976729, 48.842678], [2.3976152, 48.84269650000002], [2.3975797, 48.8427481], [2.3975754, 48.842773]]}}, {"type": "Feature", "properties": {"highway": "footway", "footway": null, "name": null, "surface": "asphalt", "lit": "yes", "length_m": 6.31, "type_element": "Way", "__fid": 111739}, "geometry": {"type": "LineString", "coordinates": [[2.3975479, 48.8465313], [2.3976079, 48.8465719]]}}, {"type": "Feature", "properties": {"highway": "service", "footway": null, "name": "Avenue de Saint-Mandé", "surface": "asphalt", "lit": "yes", "length_m": 33.36, "type_element": "Way", "__fid": 111740}, "geometry": {"type": "LineString", "coordinates": [[2.3975642, 48.845253700000015], [2.3980152, 48.845216]]}}, {"type": "Feature", "properties": {"highway": "service", "footway": null, "name": null, "surface": null, "lit": null, "length_m": 19.36, "type_element": "Way", "__fid": 111741}, "geometry": {"type": "LineString", "coordinates": [[2.3975756, 48.84439380000001], [2.3978393, 48.84439720000001]]}}, {"type": "Feature", "properties": {"highway": "footway", "footway": null, "name": null, "surface": null, "lit": null, "length_m": 51.53, "type_element": "Way", "__fid": 111742}, "geometry": {"type": "LineString", "coordinates": [[2.3978591, 48.8441124], [2.3975965, 48.8441042], [2.3975756, 48.84439380000001]]}}, {"type": "Feature", "properties": {"highway": "footway", "footway": "sidewalk", "name": null, "surface": null, "lit": null, "length_m": 3.79, "type_element": "Way", "__fid": 111775}, "geometry": {"type": "LineString", "coordinates": [[2.3976729, 48.842678], [2.3976488, 48.84264789999999]]}}, {"type": "Feature", "properties": {"highway": "footway", "footway": "sidewalk", "name": null, "surface": null, "lit": null, "length_m": 34.4, "type_element": "Way", "__fid": 111776}, "geometry": {"type": "LineString", "coordinates": [[2.3976488, 48.84264789999999], [2.3976642, 48.8426113], [2.3978177, 48.8424326], [2.3978687, 48.842396399999984], [2.3978935, 48.8423942]]}}, {"type": "Feature", "properties": {"highway": "footway", "footway": null, "name": null, "surface": "asphalt", "lit": "yes", "length_m": 3.7, "type_element": "Way", "__fid": 111783}, "geometry": {"type": "LineString", "coordinates": [[2.3976079, 48.8465719], [2.3976431, 48.8465957]]}}, {"type": "Feature", "properties": {"highway": "footway", "footway": "sidewalk", "name": null, "surface": null, "lit": "yes", "length_m": 140.2, "type_element": "Way", "__fid": 111784}, "geometry": {"type": "LineString", "coordinates": [[2.3984387, 48.8454449], [2.3982301, 48.8457586], [2.3980907, 48.8458703], [2.3980243, 48.8460349], [2.3976079, 48.8465719]]}}, {"type": "Feature", "properties": {"highway": "footway", "footway": "sidewalk", "name": null, "surface": null, "lit": null, "length_m": 263.7, "type_element": "Way", "__fid": 111796}, "geometry": {"type": "LineString", "coordinates": [[2.4012228, 48.8429714], [2.401147, 48.8429842], [2.3996048, 48.8429079], [2.3977916, 48.8427106], [2.3977131, 48.8426969], [2.3976729, 48.842678]]}}, {"type": "Feature", "properties": {"highway": "footway", "footway": null, "name": null, "surface": "asphalt", "lit": "yes", "length_m": 22.52, "type_element": "Way", "__fid": 111810}, "geometry": {"type": "LineString", "coordinates": [[2.3976431, 48.8465957], [2.3976205, 48.8466265], [2.3976602, 48.8466392], [2.3977079, 48.8465743], [2.3976681, 48.8465616], [2.3976431, 48.8465957]]}}, {"type": "Feature", "properties": {"highway": "footway", "footway": "crossing", "name": null, "surface": "asphalt", "lit": "yes", "length_m": 9.78, "type_element": "Way", "__fid": 111888}, "geometry": {"type": "LineString", "coordinates": [[2.397921, 48.8422947], [2.397801, 48.8422565]]}}, {"type": "Feature", "properties": {"highway": "footway", "footway": "sidewalk", "name": null, "surface": null, "lit": "yes", "length_m": 129.63, "type_element": "Way", "__fid": 111889}, "geometry": {"type": "LineString", "coordinates": [[2.3986841, 48.8412469], [2.397801, 48.8422565]]}}, {"type": "Feature", "properties": {"highway": "service", "footway": null, "name": null, "surface": null, "lit": null, "length_m": 49.46, "type_element": "Way", "__fid": 111937}, "geometry": {"type": "LineString", "coordinates": [[2.3978393, 48.84439720000001], [2.3985131, 48.8444061]]}}, {"type": "Feature", "properties": {"highway": "footway", "footway": null, "name": null, "surface": null, "lit": null, "length_m": 31.7, "type_element": "Way", "__fid": 111938}, "geometry": {"type": "LineString", "coordinates": [[2.3978393, 48.84439720000001], [2.3978591, 48.8441124]]}}, {"type": "Feature", "properties": {"highway": "footway", "footway": "sidewalk", "name": null, "surface": null, "lit": "yes", "length_m": 7.07, "type_element": "Way", "__fid": 111939}, "geometry": {"type": "LineString", "coordinates": [[2.3978895, 48.8455543], [2.3978801, 48.8455279], [2.3978298, 48.8455128]]}}, {"type": "Feature", "properties": {"highway": "footway", "footway": "sidewalk", "name": null, "surface": null, "lit": "yes", "length_m": 7.56, "type_element": "Way", "__fid": 111940}, "geometry": {"type": "LineString", "coordinates": [[2.3979324, 48.845507099999985], [2.3978298, 48.8455128]]}}, {"type": "Feature", "properties": {"highway": "footway", "footway": null, "name": null, "surface": null, "lit": null, "length_m": 48.94, "type_element": "Way", "__fid": 111947}, "geometry": {"type": "LineString", "coordinates": [[2.3985252, 48.8441331], [2.3978591, 48.8441124]]}}, {"type": "Feature", "properties": {"highway": "footway", "footway": "sidewalk", "name": null, "surface": null, "lit": null, "length_m": 235.04, "type_element": "Way", "__fid": 111971}, "geometry": {"type": "LineString", "coordinates": [[2.3978935, 48.8423942], [2.3981684, 48.84241139999999], [2.3982214, 48.8424008], [2.3989463, 48.8424551], [2.3991119, 48.8424794], [2.4003685, 48.8425782], [2.4010485, 48.8424736], [2.401047566666619, 48.84246833333333]]}}, {"type": "Feature", "properties": {"highway": "footway", "footway": "crossing", "name": null, "surface": "asphalt", "lit": "yes", "length_m": 8.93, "type_element": "Way", "__fid": 111972}, "geometry": {"type": "LineString", "coordinates": [[2.3979327, 48.8423205], [2.3978955, 48.8423633], [2.3978935, 48.8423942]]}}, {"type": "Feature", "properties": {"highway": "footway", "footway": "sidewalk", "name": null, "surface": null, "lit": null, "length_m": 2.99, "type_element": "Way", "__fid": 111983}, "geometry": {"type": "LineString", "coordinates": [[2.3979327, 48.8423205], [2.397921, 48.8422947]]}}, {"type": "Feature", "properties": {"highway": "footway", "footway": "sidewalk", "name": null, "surface": null, "lit": null, "length_m": 67.14, "type_element": "Way", "__fid": 111984}, "geometry": {"type": "LineString", "coordinates": [[2.397921, 48.8422947], [2.398389, 48.841775900000016]]}}, {"type": "Feature", "properties": {"highway": "footway", "footway": "sidewalk", "name": null, "surface": null, "lit": "yes", "length_m": 6.12, "type_element": "Way", "__fid": 111989}, "geometry": {"type": "LineString", "coordinates": [[2.3978895, 48.8455543], [2.3979324, 48.845507099999985]]}}, {"type": "Feature", "properties": {"highway": "footway", "footway": "sidewalk", "name": null, "surface": null, "lit": null, "length_m": 228.77, "type_element": "Way", "__fid": 111991}, "geometry": {"type": "LineString", "coordinates": [[2.4009888, 48.842362], [2.4009335, 48.8423889], [2.4008577, 48.8424032], [2.4003575, 48.8424809], [2.3989872, 48.8423854], [2.398957, 48.84240650000002], [2.3979586, 48.842328], [2.3979327, 48.8423205]]}}, {"type": "Feature", "properties": {"highway": "footway", "footway": "sidewalk", "name": null, "surface": null, "lit": "yes", "length_m": 16.05, "type_element": "Way", "__fid": 112016}, "geometry": {"type": "LineString", "coordinates": [[2.3979324, 48.845507099999985], [2.3980853, 48.8454039]]}}, {"type": "Feature", "properties": {"highway": "footway", "footway": "crossing", "name": null, "surface": null, "lit": "yes", "length_m": 4.52, "type_element": "Way", "__fid": 112058}, "geometry": {"type": "LineString", "coordinates": [[2.3980035, 48.8451761], [2.3980152, 48.845216]]}}, {"type": "Feature", "properties": {"highway": "footway", "footway": "sidewalk", "name": null, "surface": null, "lit": null, "length_m": 23.29, "type_element": "Way", "__fid": 112059}, "geometry": {"type": "LineString", "coordinates": [[2.3980035, 48.8451761], [2.3983186, 48.8451514]]}}, {"type": "Feature", "properties": {"highway": "footway", "footway": "crossing", "name": null, "surface": null, "lit": "yes", "length_m": 21.73, "type_element": "Way", "__fid": 112063}, "geometry": {"type": "LineString", "coordinates": [[2.3980152, 48.845216], [2.3980612, 48.84528430000001], [2.3980853, 48.8454039]]}}, {"type": "Feature", "properties": {"highway": "service", "footway": null, "name": "Avenue de Saint-Mandé", "surface": "asphalt", "lit": "yes", "length_m": 16.51, "type_element": "Way", "__fid": 112064}, "geometry": {"type": "LineString", "coordinates": [[2.3980152, 48.845216], [2.3982385, 48.8451983]]}}, {"type": "Feature", "properties": {"highway": "footway", "footway": "sidewalk", "name": null, "surface": null, "lit": null, "length_m": 10.05, "type_element": "Way", "__fid": 112105}, "geometry": {"type": "LineString", "coordinates": [[2.3981095, 48.8428357], [2.3982453, 48.8428473]]}}, {"type": "Feature", "properties": {"highway": "footway", "footway": null, "name": null, "surface": null, "lit": null, "length_m": 1.53, "type_element": "Way", "__fid": 112106}, "geometry": {"type": "LineString", "coordinates": [[2.3981095, 48.8428357], [2.3981232, 48.8428461]]}}, {"type": "Feature", "properties": {"highway": "footway", "footway": "crossing", "name": null, "surface": null, "lit": "yes", "length_m": 21.99, "type_element": "Way", "__fid": 112109}, "geometry": {"type": "LineString", "coordinates": [[2.398383, 48.84538180000001], [2.3980853, 48.8454039]]}}, {"type": "Feature", "properties": {"highway": "footway", "footway": "sidewalk", "name": null, "surface": "asphalt", "lit": "yes", "length_m": 58.73, "type_element": "Way", "__fid": 112192}, "geometry": {"type": "LineString", "coordinates": [[2.3982117, 48.847834499999976], [2.3982261, 48.8477916], [2.3981396, 48.8473503], [2.3981517, 48.8473119]]}}, {"type": "Feature", "properties": {"highway": "footway", "footway": "sidewalk", "name": null, "surface": null, "lit": null, "length_m": 74.83, "type_element": "Way", "__fid": 112245}, "geometry": {"type": "LineString", "coordinates": [[2.3982453, 48.8428473], [2.3992523, 48.84295259999998]]}}, {"type": "Feature", "properties": {"highway": "footway", "footway": null, "name": null, "surface": null, "lit": null, "length_m": 1.29, "type_element": "Way", "__fid": 112246}, "geometry": {"type": "LineString", "coordinates": [[2.3982454, 48.84285890000001], [2.3982453, 48.8428473]]}}, {"type": "Feature", "properties": {"highway": "footway", "footway": null, "name": null, "surface": null, "lit": null, "length_m": 54.56, "type_element": "Way", "__fid": 112255}, "geometry": {"type": "LineString", "coordinates": [[2.3982535, 48.842890199999985], [2.3985513, 48.8432153], [2.3985416, 48.84332590000001]]}}, {"type": "Feature", "properties": {"highway": "service", "footway": null, "name": "Avenue de Saint-Mandé", "surface": "asphalt", "lit": null, "length_m": 11.6, "type_element": "Way", "__fid": 112265}, "geometry": {"type": "LineString", "coordinates": [[2.3982385, 48.8451983], [2.3982497, 48.84530240000002]]}}, {"type": "Feature", "properties": {"highway": "service", "footway": null, "name": "Avenue de Saint-Mandé", "surface": "asphalt", "lit": "yes", "length_m": 6.87, "type_element": "Way", "__fid": 112266}, "geometry": {"type": "LineString", "coordinates": [[2.3982385, 48.8451983], [2.3983313, 48.8451899]]}}, {"type": "Feature", "properties": {"highway": "service", "footway": null, "name": null, "surface": null, "lit": null, "length_m": 4.63, "type_element": "Way", "__fid": 112338}, "geometry": {"type": "LineString", "coordinates": [[2.3983337, 48.8417558], [2.398389, 48.841775900000016]]}}, {"type": "Feature", "properties": {"highway": "footway", "footway": "crossing", "name": null, "surface": null, "lit": "yes", "length_m": 4.38, "type_element": "Way", "__fid": 112370}, "geometry": {"type": "LineString", "coordinates": [[2.3983186, 48.8451514], [2.3983313, 48.8451899]]}}, {"type": "Feature", "properties": {"highway": "footway", "footway": "sidewalk", "name": null, "surface": "asphalt", "lit": null, "length_m": 125.37, "type_element": "Way", "__fid": 112371}, "geometry": {"type": "LineString", "coordinates": [[2.3983186, 48.8451514], [2.3983542, 48.8451369], [2.3999984, 48.8449961], [2.399998866666642, 48.8450017]]}}, {"type": "Feature", "properties": {"highway": "footway", "footway": "crossing", "name": null, "surface": null, "lit": null, "length_m": 21.74, "type_element": "Way", "__fid": 112390}, "geometry": {"type": "LineString", "coordinates": [[2.3983313, 48.8451899], [2.398381, 48.8453394], [2.398383, 48.84538180000001]]}}, {"type": "Feature", "properties": {"highway": "service", "footway": null, "name": "Avenue de Saint-Mandé", "surface": "asphalt", "lit": "yes", "length_m": 124.29, "type_element": "Way", "__fid": 112391}, "geometry": {"type": "LineString", "coordinates": [[2.3983313, 48.8451899], [2.4000103, 48.84504350000001]]}}, {"type": "Feature", "properties": {"highway": "footway", "footway": "sidewalk", "name": null, "surface": "asphalt", "lit": "yes", "length_m": 43.33, "type_element": "Way", "__fid": 112418}, "geometry": {"type": "LineString", "coordinates": [[2.3983183, 48.8474064], [2.3983331, 48.8473128], [2.3983471, 48.84729690000001], [2.3987639, 48.847263]]}}, {"type": "Feature", "properties": {"highway": "service", "footway": null, "name": null, "surface": null, "lit": null, "length_m": 95.74, "type_element": "Way", "__fid": 112428}, "geometry": {"type": "LineString", "coordinates": [[2.398389, 48.841775900000016], [2.39856, 48.8418359], [2.3996691, 48.8418765]]}}, {"type": "Feature", "properties": {"highway": "footway", "footway": "sidewalk", "name": null, "surface": null, "lit": "yes", "length_m": 76.04, "type_element": "Way", "__fid": 112429}, "geometry": {"type": "LineString", "coordinates": [[2.398389, 48.841775900000016], [2.3989047, 48.8411828]]}}, {"type": "Feature", "properties": {"highway": "footway", "footway": "sidewalk", "name": null, "surface": "asphalt", "lit": "yes", "length_m": 8.12, "type_element": "Way", "__fid": 112473}, "geometry": {"type": "LineString", "coordinates": [[2.3984387, 48.8454449], [2.398383, 48.84538180000001]]}}, {"type": "Feature", "properties": {"highway": "footway", "footway": "sidewalk", "name": null, "surface": "asphalt", "lit": "yes", "length_m": 121.75, "type_element": "Way", "__fid": 112529}, "geometry": {"type": "LineString", "coordinates": [[2.4000835, 48.8453019], [2.3984387, 48.8454449]]}}]}