{"type": "FeatureCollection", "features": [{"type": "Feature", "properties": {"@id": "node/918205525", "amenity": "drinking_water", "indoor": "no", "man_made": "water_tap", "source": "Eau de Paris", "type_element": "Fontaines à boire", "__fid": 229}, "geometry": {"type": "Point", "coordinates": [2.4066366, 48.8760759]}, "id": "node/918205525"}, {"type": "Feature", "properties": {"@id": "node/2575825941", "amenity": "drinking_water", "artist_name": "Charles-Auguste Lebourg", "fountain": "wallace", "indoor": "no", "source": "survey:2013-12-11", "type_element": "Fontaines à boire", "__fid": 368}, "geometry": {"type": "Point", "coordinates": [2.4014992, 48.87273]}, "id": "node/2575825941"}, {"type": "Feature", "properties": {"@id": "node/6793596971", "amenity": "drinking_water", "fountain": "drinking", "type_element": "Fontaines à boire", "__fid": 646}, "geometry": {"type": "Point", "coordinates": [2.4004631, 48.875243]}, "id": "node/6793596971"}, {"type": "Feature", "properties": {"@id": "node/6793596972", "amenity": "drinking_water", "fountain": "drinking", "type_element": "Fontaines à boire", "__fid": 647}, "geometry": {"type": "Point", "coordinates": [2.4006552, 48.8748237]}, "id": "node/6793596972"}, {"type": "Feature", "properties": {"@id": "node/6793596973", "amenity": "drinking_water", "type_element": "Fontaines à boire", "__fid": 648}, "geometry": {"type": "Point", "coordinates": [2.399421, 48.8745522]}, "id": "node/6793596973"}, {"type": "Feature", "properties": {"@id": "node/9987849274", "access": "yes", "amenity": "drinking_water", "covered": "no", "fee": "no", "indoor": "no", "lit": "no", "type_element": "Fontaines à boire", "__fid": 836}, "geometry": {"type": "Point", "coordinates": [2.4056273, 48.871966]}, "id": "node/9987849274"}, {"type": "Feature", "geometry": {"type": "Point", "coordinates": [2.406015, 48.875651]}, "properties": {"id": 2723, "name": "Square du Docteur Variot", "categorie": "Parcs, jardins et bois", "photo_url": "https://cdn.paris.fr/eqpts-prod/2022/11/21/87242c54df65d0c68a7f3f6c0f42aa9f.jpg", "photo_credit": "Sonia Yassa/Ville de Paris", "photo_alt": null, "address_street": "160, avenue Gambetta", "address_postcode": "75020", "address_city": "PARIS", "phone": null, "accessibility": "{\"handicaps\": [{\"name\": \"Personnes à mobilité réduite\", \"status\": \"accessible\"}, {\"name\": \"Personnes déficientes visuelles\", \"status\": \"accessible\"}, {\"name\": \"Personnes déficientes auditives\", \"status\": \"undefined\"}, {\"name\": \"Personnes déficientes mentales\", \"status\": \"undefined\"}, {\"name\": \"Accueil en langue des signes\", \"status\": \"undefined\"}]}", "latitude": 48.875651, "longitude": 2.406015, "url": "https://www.paris.fr/lieux/square-du-docteur-variot-2723", "type_element": "Parcs, Jardins et Bois", "__fid": 1559}}, {"type": "Feature", "geometry": {"type": "Point", "coordinates": [2.405949, 48.872105]}, "properties": {"id": 19602, "name": "Jardin Paule Minck", "categorie": "Parcs, jardins et bois", "photo_url": "https://cdn.paris.fr/eqpts-prod/2022/05/10/e7f0dc8f9dc9420366b7a8d87f94a6b6.jpg", "photo_credit": "Sonia Yassa/Ville de Paris", "photo_alt": null, "address_street": "50 rue Saint Fargeau", "address_postcode": "75020", "address_city": "Paris", "phone": null, "accessibility": "{\"handicaps\": [{\"name\": \"Personnes à mobilité réduite\", \"status\": \"accessible\"}, {\"name\": \"Personnes déficientes visuelles\", \"status\": \"undefined\"}, {\"name\": \"Personnes déficientes auditives\", \"status\": \"undefined\"}, {\"name\": \"Personnes déficientes mentales\", \"status\": \"undefined\"}, {\"name\": \"Accueil en langue des signes\", \"status\": \"undefined\"}]}", "latitude": 48.872105, "longitude": 2.405949, "url": "https://www.paris.fr/lieux/jardin-paule-minck-19602", "type_element": "Parcs, Jardins et Bois", "__fid": 1580}}, {"type": "Feature", "geometry": {"type": "Point", "coordinates": [2.399272, 48.875494]}, "properties": {"id": 2724, "name": "Square Belleville Télégraphe", "categorie": "Parcs, jardins et bois", "photo_url": "https://cdn.paris.fr/eqpts-prod/2025/01/06/623d982b2c4ee7517445d4964423c0f5.jpg", "photo_credit": "Sonia Yassa/Ville de Paris", "photo_alt": null, "address_street": "246 rue de Belleville", "address_postcode": "75020", "address_city": "PARIS", "phone": null, "accessibility": "{\"handicaps\": [{\"name\": \"Personnes à mobilité réduite\", \"status\": \"accessible\"}, {\"name\": \"Personnes déficientes visuelles\", \"status\": \"undefined\"}, {\"name\": \"Personnes déficientes auditives\", \"status\": \"undefined\"}, {\"name\": \"Personnes déficientes mentales\", \"status\": \"undefined\"}, {\"name\": \"Accueil en langue des signes\", \"status\": \"undefined\"}]}", "latitude": 48.875494, "longitude": 2.399272, "url": "https://www.paris.fr/lieux/square-belleville-telegraphe-2724", "type_element": "Parcs, Jardins et Bois", "__fid": 1620}}, {"type": "Feature", "geometry": {"type": "Point", "coordinates": [2.406192, 48.875378]}, "properties": {"id": 2949, "name": "Piscine Georges-Vallerey", "categorie": "Piscines", "photo_url": "https://cdn.paris.fr/eqpts-prod/2024/05/30/cabe23844b4a6b9557e71556b4e35d26.jpg", "photo_credit": "Guillaume Bontemps/ Ville de Paris", "photo_alt": null, "address_street": "148, avenue Gambetta", "address_postcode": "75020", "address_city": "PARIS", "phone": "0140311520", "accessibility": "{\"handicaps\": [{\"name\": \"Personnes à mobilité réduite\", \"status\": \"accessible\"}, {\"name\": \"Personnes déficientes visuelles\", \"status\": \"accessible\"}, {\"name\": \"Personnes déficientes auditives\", \"status\": \"accessible\"}, {\"name\": \"Personnes déficientes mentales\", \"status\": \"accessible\"}, {\"name\": \"Accueil en langue des signes\", \"status\": \"undefined\"}], \"additional_info\": \"<p>PMR&nbsp;: espace d’attente sécurisé, pédiluves et escaliers accessibles, chaise de mise à l'eau.&nbsp;</p>\"}", "latitude": 48.875378, "longitude": 2.406192, "url": "https://www.paris.fr/lieux/piscine-georges-vallerey-2949", "type_element": "Piscines", "__fid": 1649}}, {"type": "Feature", "properties": {"highway": "footway", "footway": "sidewalk", "name": null, "surface": null, "lit": null, "length_m": 87.59, "type_element": "Way", "__fid": 112375}, "geometry": {"type": "LineString", "coordinates": [[2.3980089, 48.872342], [2.399106280000141, 48.87265264000003]]}}, {"type": "Feature", "properties": {"highway": "service", "footway": null, "name": "Passage du Télégraphe", "surface": "paved", "lit": null, "length_m": 38.65, "type_element": "Way", "__fid": 112388}, "geometry": {"type": "LineString", "coordinates": [[2.3985225, 48.874151], [2.3979955, 48.87415160000001]]}}, {"type": "Feature", "properties": {"highway": "footway", "footway": "sidewalk", "name": null, "surface": null, "lit": "yes", "length_m": 82.11, "type_element": "Way", "__fid": 112434}, "geometry": {"type": "LineString", "coordinates": [[2.399067, 48.8727164], [2.3981131, 48.8724396], [2.3980373, 48.8724297]]}}, {"type": "Feature", "properties": {"highway": "footway", "footway": "sidewalk", "name": null, "surface": "asphalt", "lit": "yes", "length_m": 51.42, "type_element": "Way", "__fid": 112500}, "geometry": {"type": "LineString", "coordinates": [[2.3980632, 48.875522], [2.3987636, 48.875541200000015]]}}, {"type": "Feature", "properties": {"highway": "footway", "footway": "sidewalk", "name": null, "surface": "asphalt", "lit": "yes", "length_m": 45.04, "type_element": "Way", "__fid": 112502}, "geometry": {"type": "LineString", "coordinates": [[2.3980652, 48.8753869], [2.398679, 48.8753999]]}}, {"type": "Feature", "properties": {"highway": "footway", "footway": "sidewalk", "name": null, "surface": null, "lit": null, "length_m": 97.99, "type_element": "Way", "__fid": 112801}, "geometry": {"type": "LineString", "coordinates": [[2.399144520000148, 48.87262444000008], [2.39839, 48.8719233], [2.3983625, 48.871912]]}}, {"type": "Feature", "properties": {"highway": "footway", "footway": "sidewalk", "name": null, "surface": "asphalt", "lit": null, "length_m": 110.86, "type_element": "Way", "__fid": 112804}, "geometry": {"type": "LineString", "coordinates": [[2.3990301, 48.870855], [2.3989421, 48.87090320000002], [2.3987237, 48.871165799999986], [2.3987777, 48.87124], [2.3983673, 48.8717069]]}}, {"type": "Feature", "properties": {"highway": "footway", "footway": "sidewalk", "name": null, "surface": "asphalt", "lit": null, "length_m": 187.52, "type_element": "Way", "__fid": 112825}, "geometry": {"type": "LineString", "coordinates": [[2.3983112, 48.8782375], [2.3983421, 48.8781899], [2.3984085, 48.8779694], [2.3985258, 48.8775081], [2.398843, 48.87661330000001], [2.3988772, 48.8766183]]}}, {"type": "Feature", "properties": {"highway": "living_street", "footway": null, "name": "Rue Devéria", "surface": "asphalt", "lit": "yes", "length_m": 99.06, "type_element": "Way", "__fid": 112840}, "geometry": {"type": "LineString", "coordinates": [[2.398399, 48.871883], [2.3991779, 48.87261070000001]]}}, {"type": "Feature", "properties": {"highway": "footway", "footway": "sidewalk", "name": null, "surface": null, "lit": null, "length_m": 101.38, "type_element": "Way", "__fid": 112900}, "geometry": {"type": "LineString", "coordinates": [[2.399215580000056, 48.87259574000002], [2.3989924, 48.872385500000014], [2.3989939, 48.8723589], [2.3984429, 48.87184619999998]]}}, {"type": "Feature", "properties": {"highway": "footway", "footway": "sidewalk", "name": null, "surface": "asphalt", "lit": null, "length_m": 114.69, "type_element": "Way", "__fid": 112957}, "geometry": {"type": "LineString", "coordinates": [[2.3984882, 48.87175720000001], [2.3985352, 48.87170430000001], [2.3985894, 48.871699], [2.3986848, 48.8715849], [2.3986714, 48.8715304], [2.3987165, 48.8714836], [2.3987907, 48.8714661], [2.3990738, 48.8711377], [2.3991177, 48.8710253], [2.3992281, 48.8708974]]}}, {"type": "Feature", "properties": {"highway": "service", "footway": null, "name": null, "surface": null, "lit": null, "length_m": 11.98, "type_element": "Way", "__fid": 113029}, "geometry": {"type": "LineString", "coordinates": [[2.3985225, 48.874151], [2.3985215, 48.8740433]]}}, {"type": "Feature", "properties": {"highway": "service", "footway": null, "name": "Passage du Télégraphe", "surface": "paved", "lit": null, "length_m": 44.43, "type_element": "Way", "__fid": 113031}, "geometry": {"type": "LineString", "coordinates": [[2.3991283, 48.8741507], [2.3985225, 48.874151]]}}, {"type": "Feature", "properties": {"highway": "footway", "footway": "sidewalk", "name": null, "surface": "asphalt", "lit": "yes", "length_m": 2.53, "type_element": "Way", "__fid": 113193}, "geometry": {"type": "LineString", "coordinates": [[2.398679, 48.8753999], [2.3987109, 48.8754086]]}}, {"type": "Feature", "properties": {"highway": "footway", "footway": "sidewalk", "name": null, "surface": "asphalt", "lit": "yes", "length_m": 16.81, "type_element": "Way", "__fid": 113194}, "geometry": {"type": "LineString", "coordinates": [[2.398679, 48.8753999], [2.3988492, 48.8752987]]}}, {"type": "Feature", "properties": {"highway": "footway", "footway": "sidewalk", "name": null, "surface": "asphalt", "lit": "yes", "length_m": 6.74, "type_element": "Way", "__fid": 113226}, "geometry": {"type": "LineString", "coordinates": [[2.3987109, 48.8754086], [2.398794533333329, 48.87543380000001]]}}, {"type": "Feature", "properties": {"highway": "steps", "footway": null, "name": null, "surface": "asphalt", "lit": null, "length_m": 6.46, "type_element": "Way", "__fid": 113227}, "geometry": {"type": "LineString", "coordinates": [[2.3987109, 48.8754086], [2.3987807, 48.87537310000001]]}}, {"type": "Feature", "properties": {"highway": "footway", "footway": "sidewalk", "name": null, "surface": "asphalt", "lit": "yes", "length_m": 3.25, "type_element": "Way", "__fid": 113273}, "geometry": {"type": "LineString", "coordinates": [[2.3987636, 48.875541200000015], [2.3987992, 48.8755238]]}}, {"type": "Feature", "properties": {"highway": "steps", "footway": null, "name": null, "surface": "concrete", "lit": "yes", "length_m": 7.0, "type_element": "Way", "__fid": 113274}, "geometry": {"type": "LineString", "coordinates": [[2.3987636, 48.875541200000015], [2.398859, 48.8755422]]}}, {"type": "Feature", "properties": {"highway": "footway", "footway": "sidewalk", "name": null, "surface": "asphalt", "lit": "yes", "length_m": 157.56, "type_element": "Way", "__fid": 113289}, "geometry": {"type": "LineString", "coordinates": [[2.3992148, 48.876978], [2.3991877, 48.8769688], [2.3992645, 48.8768554], [2.3992618, 48.8768356], [2.3992437, 48.8768261], [2.3992058, 48.8768288], [2.3988125, 48.8769407], [2.3987894, 48.87696039999999], [2.3985936, 48.8775121], [2.398556, 48.8776753], [2.3985949, 48.877688100000015], [2.3987579, 48.8775915]]}}, {"type": "Feature", "properties": {"highway": "pedestrian", "footway": null, "name": "Rue Émile Desvaux", "surface": "sett", "lit": null, "length_m": 33.96, "type_element": "Way", "__fid": 113293}, "geometry": {"type": "LineString", "coordinates": [[2.3987686, 48.8769152], [2.3988772, 48.8766183]]}}, {"type": "Feature", "properties": {"highway": "pedestrian", "footway": null, "name": "Rue Émile Desvaux", "surface": "sett", "lit": null, "length_m": 44.6, "type_element": "Way", "__fid": 113294}, "geometry": {"type": "LineString", "coordinates": [[2.3987686, 48.8769152], [2.3988316, 48.87691279999998], [2.3993278, 48.87676410000001]]}}, {"type": "Feature", "properties": {"highway": "footway", "footway": "crossing", "name": null, "surface": "asphalt", "lit": "yes", "length_m": 10.01, "type_element": "Way", "__fid": 113304}, "geometry": {"type": "LineString", "coordinates": [[2.3987992, 48.8755238], [2.398794533333329, 48.87543380000001]]}}, {"type": "Feature", "properties": {"highway": "footway", "footway": "sidewalk", "name": null, "surface": "asphalt", "lit": "yes", "length_m": 9.46, "type_element": "Way", "__fid": 113305}, "geometry": {"type": "LineString", "coordinates": [[2.398794533333329, 48.87543380000001], [2.3988384, 48.8753538]]}}, {"type": "Feature", "properties": {"highway": "footway", "footway": "sidewalk", "name": null, "surface": null, "lit": "yes", "length_m": 30.95, "type_element": "Way", "__fid": 113314}, "geometry": {"type": "LineString", "coordinates": [[2.3987992, 48.8755238], [2.3988628, 48.8755258], [2.3991356, 48.8756119], [2.3991623, 48.8756443]]}}, {"type": "Feature", "properties": {"highway": "footway", "footway": "crossing", "name": null, "surface": "asphalt", "lit": "yes", "length_m": 21.96, "type_element": "Way", "__fid": 113335}, "geometry": {"type": "LineString", "coordinates": [[2.3988384, 48.8753538], [2.3991365, 48.8753718]]}}, {"type": "Feature", "properties": {"highway": "footway", "footway": "sidewalk", "name": null, "surface": "asphalt", "lit": "yes", "length_m": 6.18, "type_element": "Way", "__fid": 113336}, "geometry": {"type": "LineString", "coordinates": [[2.3988384, 48.8753538], [2.3988492, 48.8752987]]}}, {"type": "Feature", "properties": {"highway": "footway", "footway": "sidewalk", "name": null, "surface": "asphalt", "lit": "yes", "length_m": 129.29, "type_element": "Way", "__fid": 113348}, "geometry": {"type": "LineString", "coordinates": [[2.3988492, 48.8752987], [2.3991283, 48.8741507]]}}, {"type": "Feature", "properties": {"highway": "footway", "footway": "sidewalk", "name": null, "surface": "asphalt", "lit": null, "length_m": 96.35, "type_element": "Way", "__fid": 113391}, "geometry": {"type": "LineString", "coordinates": [[2.3988772, 48.8766183], [2.398902, 48.8766252], [2.3989, 48.8766579], [2.3988229, 48.87686379999998], [2.3988495, 48.8768809], [2.3995026, 48.8766933], [2.399661779999972, 48.87666214000002]]}}, {"type": "Feature", "properties": {"highway": "footway", "footway": "sidewalk", "name": null, "surface": null, "lit": null, "length_m": 11.43, "type_element": "Way", "__fid": 113507}, "geometry": {"type": "LineString", "coordinates": [[2.399189, 48.87277250000001], [2.3991715, 48.87274819999998], [2.399067, 48.8727164]]}}, {"type": "Feature", "properties": {"highway": "footway", "footway": "crossing", "name": null, "surface": null, "lit": "yes", "length_m": 7.65, "type_element": "Way", "__fid": 113508}, "geometry": {"type": "LineString", "coordinates": [[2.399067, 48.8727164], [2.399106280000141, 48.87265264000003]]}}, {"type": "Feature", "properties": {"highway": "footway", "footway": "sidewalk", "name": null, "surface": null, "lit": null, "length_m": 4.21, "type_element": "Way", "__fid": 113538}, "geometry": {"type": "LineString", "coordinates": [[2.399106280000141, 48.87265264000003], [2.399144520000148, 48.87262444000008]]}}, {"type": "Feature", "properties": {"highway": "footway", "footway": "crossing", "name": null, "surface": null, "lit": "yes", "length_m": 2.89, "type_element": "Way", "__fid": 113579}, "geometry": {"type": "LineString", "coordinates": [[2.399144520000148, 48.87262444000008], [2.3991779, 48.87261070000001]]}}, {"type": "Feature", "properties": {"highway": "service", "footway": null, "name": "Passage du Télégraphe", "surface": "paved", "lit": null, "length_m": 4.84, "type_element": "Way", "__fid": 113580}, "geometry": {"type": "LineString", "coordinates": [[2.3991942, 48.8741527], [2.3991283, 48.8741507]]}}, {"type": "Feature", "properties": {"highway": "footway", "footway": "sidewalk", "name": null, "surface": "asphalt", "lit": "yes", "length_m": 83.29, "type_element": "Way", "__fid": 113581}, "geometry": {"type": "LineString", "coordinates": [[2.3991283, 48.8741507], [2.3991247, 48.8738036], [2.3991494, 48.873402]]}}, {"type": "Feature", "properties": {"highway": "footway", "footway": "sidewalk", "name": null, "surface": "asphalt", "lit": null, "length_m": 70.06, "type_element": "Way", "__fid": 113587}, "geometry": {"type": "LineString", "coordinates": [[2.3991494, 48.873402], [2.399189, 48.87277250000001]]}}, {"type": "Feature", "properties": {"highway": "footway", "footway": "crossing", "name": null, "surface": null, "lit": null, "length_m": 8.62, "type_element": "Way", "__fid": 113588}, "geometry": {"type": "LineString", "coordinates": [[2.3992669, 48.8734026], [2.3991494, 48.873402]]}}, {"type": "Feature", "properties": {"highway": "service", "footway": null, "name": "Avenue Principale", "surface": "asphalt", "lit": null, "length_m": 6.29, "type_element": "Way", "__fid": 113589}, "geometry": {"type": "LineString", "coordinates": [[2.3992256, 48.87448630000002], [2.3991427, 48.8744718]]}}, {"type": "Feature", "properties": {"highway": "footway", "footway": "sidewalk", "name": null, "surface": "asphalt", "lit": "yes", "length_m": 18.9, "type_element": "Way", "__fid": 113598}, "geometry": {"type": "LineString", "coordinates": [[2.3991365, 48.8753718], [2.3991311, 48.8754195], [2.3992896, 48.8754827]]}}, {"type": "Feature", "properties": {"highway": "footway", "footway": "sidewalk", "name": null, "surface": "asphalt", "lit": "yes", "length_m": 10.14, "type_element": "Way", "__fid": 113599}, "geometry": {"type": "LineString", "coordinates": [[2.3991467, 48.875280899999986], [2.3991365, 48.8753718]]}}, {"type": "Feature", "properties": {"highway": "footway", "footway": null, "name": null, "surface": "fine_gravel", "lit": null, "length_m": 26.19, "type_element": "Way", "__fid": 113603}, "geometry": {"type": "LineString", "coordinates": [[2.3991467, 48.875280899999986], [2.3992722, 48.8752925], [2.3993191, 48.8753613], [2.3993593, 48.8753825], [2.3994197, 48.8753975]]}}, {"type": "Feature", "properties": {"highway": "footway", "footway": "sidewalk", "name": null, "surface": "asphalt", "lit": "yes", "length_m": 88.55, "type_element": "Way", "__fid": 113604}, "geometry": {"type": "LineString", "coordinates": [[2.3992256, 48.87448630000002], [2.3991467, 48.875280899999986]]}}, {"type": "Feature", "properties": {"highway": "living_street", "footway": null, "name": "Rue Devéria", "surface": "asphalt", "lit": "yes", "length_m": 9.87, "type_element": "Way", "__fid": 113605}, "geometry": {"type": "LineString", "coordinates": [[2.3991779, 48.87261070000001], [2.3992559, 48.872683]]}}, {"type": "Feature", "properties": {"highway": "footway", "footway": "crossing", "name": null, "surface": null, "lit": "yes", "length_m": 3.23, "type_element": "Way", "__fid": 113606}, "geometry": {"type": "LineString", "coordinates": [[2.3991779, 48.87261070000001], [2.399215580000056, 48.87259574000002]]}}, {"type": "Feature", "properties": {"highway": "footway", "footway": "crossing", "name": null, "surface": null, "lit": null, "length_m": 10.49, "type_element": "Way", "__fid": 113615}, "geometry": {"type": "LineString", "coordinates": [[2.399319, 48.8728104], [2.3992903, 48.8727971], [2.399189, 48.87277250000001]]}}, {"type": "Feature", "properties": {"highway": "footway", "footway": "sidewalk", "name": null, "surface": "asphalt", "lit": null, "length_m": 119.63, "type_element": "Way", "__fid": 113621}, "geometry": {"type": "LineString", "coordinates": [[2.3991623, 48.8756443], [2.3993138, 48.8758675], [2.3996714, 48.8766171], [2.399661779999972, 48.87666214000002]]}}, {"type": "Feature", "properties": {"highway": "footway", "footway": "crossing", "name": null, "surface": "asphalt", "lit": "yes", "length_m": 13.38, "type_element": "Way", "__fid": 113622}, "geometry": {"type": "LineString", "coordinates": [[2.3993444, 48.8756379], [2.3991623, 48.8756443]]}}, {"type": "Feature", "properties": {"highway": "footway", "footway": "sidewalk", "name": null, "surface": null, "lit": null, "length_m": 4.35, "type_element": "Way", "__fid": 113638}, "geometry": {"type": "LineString", "coordinates": [[2.3992722, 48.8725841], [2.399215580000056, 48.87259574000002]]}}, {"type": "Feature", "properties": {"highway": "service", "footway": null, "name": null, "surface": null, "lit": null, "length_m": 4.51, "type_element": "Way", "__fid": 113648}, "geometry": {"type": "LineString", "coordinates": [[2.3992243, 48.8731241], [2.3992857, 48.87312570000002]]}}, {"type": "Feature", "properties": {"highway": "service", "footway": null, "name": "Avenue Principale", "surface": "asphalt", "lit": null, "length_m": 11.08, "type_element": "Way", "__fid": 113659}, "geometry": {"type": "LineString", "coordinates": [[2.3993717, 48.8745116], [2.3992256, 48.87448630000002]]}}, {"type": "Feature", "properties": {"highway": "footway", "footway": "sidewalk", "name": null, "surface": "asphalt", "lit": "yes", "length_m": 120.6, "type_element": "Way", "__fid": 113660}, "geometry": {"type": "LineString", "coordinates": [[2.3992669, 48.8734026], [2.3992534, 48.8735853], [2.3992534, 48.874223], [2.3992256, 48.87448630000002]]}}, {"type": "Feature", "properties": {"highway": "steps", "footway": null, "name": null, "surface": "asphalt", "lit": null, "length_m": 9.29, "type_element": "Way", "__fid": 113667}, "geometry": {"type": "LineString", "coordinates": [[2.3992221, 48.8754127], [2.3992624, 48.875445399999975], [2.3992896, 48.8754827]]}}, {"type": "Feature", "properties": {"highway": "footway", "footway": "sidewalk", "name": null, "surface": "asphalt", "lit": "yes", "length_m": 51.06, "type_element": "Way", "__fid": 113676}, "geometry": {"type": "LineString", "coordinates": [[2.399681359999944, 48.876701320000016], [2.3993922, 48.8767754], [2.3992443, 48.8769871], [2.3992148, 48.876978]]}}, {"type": "Feature", "properties": {"highway": "pedestrian", "footway": null, "name": "Rue Paul de Kock", "surface": "sett", "lit": null, "length_m": 25.56, "type_element": "Way", "__fid": 113677}, "geometry": {"type": "LineString", "coordinates": [[2.3992148, 48.876978], [2.3993285, 48.8768096], [2.3993278, 48.87676410000001]]}}, {"type": "Feature", "properties": {"highway": "footway", "footway": "crossing", "name": null, "surface": null, "lit": "yes", "length_m": 10.44, "type_element": "Way", "__fid": 113681}, "geometry": {"type": "LineString", "coordinates": [[2.3993692, 48.8726528], [2.3992722, 48.8725841]]}}, {"type": "Feature", "properties": {"highway": "footway", "footway": "sidewalk", "name": null, "surface": null, "lit": null, "length_m": 176.85, "type_element": "Way", "__fid": 113682}, "geometry": {"type": "LineString", "coordinates": [[2.400200519999771, 48.87111628000012], [2.3992722, 48.8725841]]}}, {"type": "Feature", "properties": {"highway": "footway", "footway": "sidewalk", "name": null, "surface": "asphalt", "lit": "yes", "length_m": 30.82, "type_element": "Way", "__fid": 113687}, "geometry": {"type": "LineString", "coordinates": [[2.3992857, 48.87312570000002], [2.3992669, 48.8734026]]}}, {"type": "Feature", "properties": {"highway": "service", "footway": null, "name": null, "surface": null, "lit": null, "length_m": 10.78, "type_element": "Way", "__fid": 113702}, "geometry": {"type": "LineString", "coordinates": [[2.3992857, 48.87312570000002], [2.3994325, 48.8731294]]}}, {"type": "Feature", "properties": {"highway": "footway", "footway": "sidewalk", "name": null, "surface": "asphalt", "lit": "yes", "length_m": 35.18, "type_element": "Way", "__fid": 113703}, "geometry": {"type": "LineString", "coordinates": [[2.399319, 48.8728104], [2.3993047, 48.87286719999999], [2.3992857, 48.87312570000002]]}}, {"type": "Feature", "properties": {"highway": "footway", "footway": "sidewalk", "name": null, "surface": null, "lit": null, "length_m": 3.33, "type_element": "Way", "__fid": 113714}, "geometry": {"type": "LineString", "coordinates": [[2.3993591, 48.87279640000002], [2.399319, 48.8728104]]}}, {"type": "Feature", "properties": {"highway": "footway", "footway": "sidewalk", "name": null, "surface": "asphalt", "lit": "yes", "length_m": 6.71, "type_element": "Way", "__fid": 113715}, "geometry": {"type": "LineString", "coordinates": [[2.3993792, 48.8754947], [2.3992896, 48.8754827]]}}, {"type": "Feature", "properties": {"highway": "footway", "footway": "crossing", "name": null, "surface": "asphalt", "lit": "yes", "length_m": 17.72, "type_element": "Way", "__fid": 113716}, "geometry": {"type": "LineString", "coordinates": [[2.3992896, 48.8754827], [2.3993444, 48.8756379]]}}, {"type": "Feature", "properties": {"highway": "footway", "footway": "sidewalk", "name": null, "surface": null, "lit": "yes", "length_m": 105.18, "type_element": "Way", "__fid": 113742}, "geometry": {"type": "LineString", "coordinates": [[2.4006777, 48.8731681], [2.3993591, 48.87279640000002]]}}, {"type": "Feature", "properties": {"highway": "footway", "footway": "crossing", "name": null, "surface": null, "lit": "yes", "length_m": 7.79, "type_element": "Way", "__fid": 113743}, "geometry": {"type": "LineString", "coordinates": [[2.3993591, 48.87279640000002], [2.3994033, 48.8727327]]}}, {"type": "Feature", "properties": {"highway": "footway", "footway": "sidewalk", "name": null, "surface": null, "lit": null, "length_m": 10.5, "type_element": "Way", "__fid": 113751}, "geometry": {"type": "LineString", "coordinates": [[2.3994033, 48.8727327], [2.3993811, 48.8727253], [2.3993533, 48.87268070000001], [2.3993692, 48.8726528]]}}, {"type": "Feature", "properties": {"highway": "footway", "footway": "sidewalk", "name": null, "surface": null, "lit": null, "length_m": 173.96, "type_element": "Way", "__fid": 113752}, "geometry": {"type": "LineString", "coordinates": [[2.3993692, 48.8726528], [2.3994421, 48.8725373], [2.3994781, 48.8725174], [2.3998134, 48.8719785], [2.3998208, 48.87193610000001], [2.4002806, 48.8712141]]}}, {"type": "Feature", "properties": {"highway": "footway", "footway": null, "name": "Voie AX/20", "surface": null, "lit": null, "length_m": 44.2, "type_element": "Way", "__fid": 113753}, "geometry": {"type": "LineString", "coordinates": [[2.399388, 48.87128410000001], [2.3996486, 48.8709257]]}}, {"type": "Feature", "properties": {"highway": "pedestrian", "footway": null, "name": "Rue Émile Desvaux", "surface": "sett", "lit": null, "length_m": 26.82, "type_element": "Way", "__fid": 113754}, "geometry": {"type": "LineString", "coordinates": [[2.3993278, 48.87676410000001], [2.3996713, 48.8766814]]}}, {"type": "Feature", "properties": {"highway": "footway", "footway": "sidewalk", "name": null, "surface": null, "lit": null, "length_m": 4.07, "type_element": "Way", "__fid": 113761}, "geometry": {"type": "LineString", "coordinates": [[2.3993527, 48.8756741], [2.3993444, 48.8756379]]}}, {"type": "Feature", "properties": {"highway": "footway", "footway": "sidewalk", "name": null, "surface": null, "lit": "yes", "length_m": 18.16, "type_element": "Way", "__fid": 113762}, "geometry": {"type": "LineString", "coordinates": [[2.3993444, 48.8756379], [2.3994444, 48.8756243], [2.3995283, 48.8756359], [2.3995814, 48.875654]]}}, {"type": "Feature", "properties": {"highway": "footway", "footway": "sidewalk", "name": null, "surface": null, "lit": "yes", "length_m": 18.07, "type_element": "Way", "__fid": 113777}, "geometry": {"type": "LineString", "coordinates": [[2.3995814, 48.875654], [2.3994765, 48.8756919], [2.3993527, 48.8756741]]}}, {"type": "Feature", "properties": {"highway": "footway", "footway": "sidewalk", "name": null, "surface": "asphalt", "lit": null, "length_m": 77.18, "type_element": "Way", "__fid": 113778}, "geometry": {"type": "LineString", "coordinates": [[2.3996566, 48.876336600000016], [2.3994123, 48.87583360000002], [2.3993657, 48.87575669999998], [2.3993527, 48.8756741]]}}, {"type": "Feature", "properties": {"highway": "service", "footway": null, "name": "Avenue Principale", "surface": "asphalt", "lit": null, "length_m": 19.02, "type_element": "Way", "__fid": 113782}, "geometry": {"type": "LineString", "coordinates": [[2.3996225, 48.874554900000014], [2.3993717, 48.8745116]]}}, {"type": "Feature", "properties": {"highway": "footway", "footway": null, "name": null, "surface": null, "lit": null, "length_m": 45.04, "type_element": "Way", "__fid": 113783}, "geometry": {"type": "LineString", "coordinates": [[2.3993717, 48.8745116], [2.3993251, 48.8746468], [2.3993278, 48.8747866], [2.3995112, 48.8748238]]}}, {"type": "Feature", "properties": {"highway": "footway", "footway": null, "name": null, "surface": null, "lit": null, "length_m": 54.33, "type_element": "Way", "__fid": 113784}, "geometry": {"type": "LineString", "coordinates": [[2.3997505, 48.874253], [2.3994988, 48.8742067], [2.3993717, 48.8745116]]}}, {"type": "Feature", "properties": {"highway": "footway", "footway": "sidewalk", "name": null, "surface": null, "lit": null, "length_m": 152.08, "type_element": "Way", "__fid": 113789}, "geometry": {"type": "LineString", "coordinates": [[2.4012962, 48.87326760000001], [2.4006281, 48.8730794], [2.400557, 48.8730361], [2.3997965, 48.87282], [2.3997121, 48.872822699999986], [2.3994033, 48.8727327]]}}, {"type": "Feature", "properties": {"highway": "footway", "footway": "sidewalk", "name": null, "surface": "asphalt", "lit": "yes", "length_m": 27.31, "type_element": "Way", "__fid": 113791}, "geometry": {"type": "LineString", "coordinates": [[2.3997444, 48.87554260000001], [2.3993792, 48.8754947]]}}, {"type": "Feature", "properties": {"highway": "footway", "footway": null, "name": null, "surface": "fine_gravel", "lit": null, "length_m": 11.21, "type_element": "Way", "__fid": 113792}, "geometry": {"type": "LineString", "coordinates": [[2.3993792, 48.8754947], [2.3994197, 48.8753975]]}}, {"type": "Feature", "properties": {"highway": "footway", "footway": null, "name": null, "surface": "fine_gravel", "lit": null, "length_m": 71.65, "type_element": "Way", "__fid": 113805}, "geometry": {"type": "LineString", "coordinates": [[2.3994197, 48.8753975], [2.3994874, 48.8753979], [2.3995679, 48.8753847], [2.3996175, 48.8753688], [2.3997939, 48.8752581], [2.3998217, 48.8752516], [2.3998529, 48.875255], [2.3998716, 48.8752669], [2.399873, 48.8752942], [2.3998488, 48.875369200000016], [2.3997444, 48.87554260000001]]}}, {"type": "Feature", "properties": {"highway": "footway", "footway": null, "name": "Chemin du Télégraphe", "surface": null, "lit": null, "length_m": 26.39, "type_element": "Way", "__fid": 113839}, "geometry": {"type": "LineString", "coordinates": [[2.3998582, 48.8748864], [2.3995112, 48.8748238]]}}, {"type": "Feature", "properties": {"highway": "footway", "footway": null, "name": "Chemin de la Conservation", "surface": null, "lit": null, "length_m": 31.0, "type_element": "Way", "__fid": 113840}, "geometry": {"type": "LineString", "coordinates": [[2.3995112, 48.8748238], [2.3996225, 48.874554900000014]]}}, {"type": "Feature", "properties": {"highway": "footway", "footway": "sidewalk", "name": null, "surface": "asphalt", "lit": null, "length_m": 236.77, "type_element": "Way", "__fid": 113879}, "geometry": {"type": "LineString", "coordinates": [[2.4024155, 48.8760301], [2.4020015, 48.8759749], [2.4019434, 48.8760949], [2.4008997, 48.875975], [2.4008797, 48.8758224], [2.3995814, 48.875654]]}}, {"type": "Feature", "properties": {"highway": "footway", "footway": "sidewalk", "name": null, "surface": null, "lit": null, "length_m": 35.98, "type_element": "Way", "__fid": 113887}, "geometry": {"type": "LineString", "coordinates": [[2.3996486, 48.8709257], [2.4000946, 48.8710604]]}}, {"type": "Feature", "properties": {"highway": "service", "footway": null, "name": "Avenue Principale", "surface": "asphalt", "lit": null, "length_m": 24.67, "type_element": "Way", "__fid": 113900}, "geometry": {"type": "LineString", "coordinates": [[2.3999473, 48.87461250000001], [2.3996225, 48.874554900000014]]}}, {"type": "Feature", "properties": {"highway": "footway", "footway": null, "name": "Chemin de la Conservation", "surface": null, "lit": null, "length_m": 34.86, "type_element": "Way", "__fid": 113901}, "geometry": {"type": "LineString", "coordinates": [[2.3996225, 48.874554900000014], [2.3997505, 48.874253]]}}, {"type": "Feature", "properties": {"highway": "service", "footway": null, "name": "Villa du Bois d'Orme", "surface": null, "lit": null, "length_m": 3.9, "type_element": "Way", "__fid": 113902}, "geometry": {"type": "LineString", "coordinates": [[2.399606, 48.8763475], [2.3996566, 48.876336600000016]]}}, {"type": "Feature", "properties": {"highway": "footway", "footway": "sidewalk", "name": null, "surface": "asphalt", "lit": null, "length_m": 51.38, "type_element": "Way", "__fid": 113931}, "geometry": {"type": "LineString", "coordinates": [[2.399872079999863, 48.876773320000055], [2.3998443, 48.8767541], [2.3996566, 48.876336600000016]]}}, {"type": "Feature", "properties": {"highway": "service", "footway": null, "name": "Villa du Bois d'Orme", "surface": null, "lit": null, "length_m": 72.79, "type_element": "Way", "__fid": 113932}, "geometry": {"type": "LineString", "coordinates": [[2.3996566, 48.876336600000016], [2.3997083, 48.876328], [2.3998414, 48.8763287], [2.3999186, 48.87634940000002], [2.4002771, 48.8763512], [2.4003379, 48.876311], [2.4006148, 48.8763275]]}}, {"type": "Feature", "properties": {"highway": "footway", "footway": "crossing", "name": null, "surface": null, "lit": null, "length_m": 2.25, "type_element": "Way", "__fid": 113939}, "geometry": {"type": "LineString", "coordinates": [[2.399661779999972, 48.87666214000002], [2.3996713, 48.8766814]]}}, {"type": "Feature", "properties": {"highway": "footway", "footway": "crossing", "name": null, "surface": null, "lit": null, "length_m": 2.33, "type_element": "Way", "__fid": 113942}, "geometry": {"type": "LineString", "coordinates": [[2.3996713, 48.8766814], [2.399681359999944, 48.876701320000016]]}}, {"type": "Feature", "properties": {"highway": "pedestrian", "footway": null, "name": "Rue Émile Desvaux", "surface": "sett", "lit": null, "length_m": 6.77, "type_element": "Way", "__fid": 113943}, "geometry": {"type": "LineString", "coordinates": [[2.3996713, 48.8766814], [2.3997601, 48.8766649]]}}, {"type": "Feature", "properties": {"highway": "footway", "footway": "sidewalk", "name": null, "surface": "asphalt", "lit": null, "length_m": 19.26, "type_element": "Way", "__fid": 113949}, "geometry": {"type": "LineString", "coordinates": [[2.399681359999944, 48.876701320000016], [2.3997151, 48.87672229999998], [2.399777800000117, 48.87685882000013]]}}, {"type": "Feature", "properties": {"highway": "footway", "footway": null, "name": "Chemin de la Conservation", "surface": null, "lit": null, "length_m": 8.24, "type_element": "Way", "__fid": 113966}, "geometry": {"type": "LineString", "coordinates": [[2.3997505, 48.874253], [2.3997808, 48.8741816]]}}, {"type": "Feature", "properties": {"highway": "footway", "footway": "sidewalk", "name": null, "surface": "asphalt", "lit": "yes", "length_m": 88.39, "type_element": "Way", "__fid": 113972}, "geometry": {"type": "LineString", "coordinates": [[2.4009263, 48.875698], [2.3997444, 48.87554260000001]]}}, {"type": "Feature", "properties": {"highway": "footway", "footway": "sidewalk", "name": null, "surface": "asphalt", "lit": null, "length_m": 68.2, "type_element": "Way", "__fid": 113997}, "geometry": {"type": "LineString", "coordinates": [[2.399777800000117, 48.87685882000013], [2.3999997, 48.87739480000002], [2.4000644, 48.8774336]]}}, {"type": "Feature", "properties": {"highway": "footway", "footway": "crossing", "name": null, "surface": "asphalt", "lit": null, "length_m": 8.1, "type_element": "Way", "__fid": 113998}, "geometry": {"type": "LineString", "coordinates": [[2.399777800000117, 48.87685882000013], [2.3998839, 48.8768386]]}}, {"type": "Feature", "properties": {"highway": "pedestrian", "footway": null, "name": "Passage du Monténégro", "surface": "sett", "lit": null, "length_m": 4.58, "type_element": "Way", "__fid": 114025}, "geometry": {"type": "LineString", "coordinates": [[2.3998196, 48.87679330000001], [2.3998819, 48.876796]]}}, {"type": "Feature", "properties": {"highway": "footway", "footway": null, "name": "Chemin du Télégraphe", "surface": null, "lit": null, "length_m": 25.39, "type_element": "Way", "__fid": 114031}, "geometry": {"type": "LineString", "coordinates": [[2.4001922, 48.8749465], [2.3998582, 48.8748864]]}}, {"type": "Feature", "properties": {"highway": "footway", "footway": null, "name": "Chemin du Sud", "surface": null, "lit": null, "length_m": 31.01, "type_element": "Way", "__fid": 114032}, "geometry": {"type": "LineString", "coordinates": [[2.3998582, 48.8748864], [2.3999783, 48.874619]]}}, {"type": "Feature", "properties": {"highway": "footway", "footway": "sidewalk", "name": null, "surface": "paving_stones", "lit": null, "length_m": 258.49, "type_element": "Way", "__fid": 114046}, "geometry": {"type": "LineString", "coordinates": [[2.399872079999863, 48.876773320000055], [2.4020746, 48.8768859], [2.4024476, 48.876054]]}}, {"type": "Feature", "properties": {"highway": "footway", "footway": "crossing", "name": null, "surface": "paving_stones", "lit": null, "length_m": 2.62, "type_element": "Way", "__fid": 114047}, "geometry": {"type": "LineString", "coordinates": [[2.399872079999863, 48.876773320000055], [2.3998819, 48.876796]]}}, {"type": "Feature", "properties": {"highway": "pedestrian", "footway": null, "name": "Passage du Monténégro", "surface": "sett", "lit": null, "length_m": 166.22, "type_element": "Way", "__fid": 114051}, "geometry": {"type": "LineString", "coordinates": [[2.3998819, 48.876796], [2.4021421, 48.8769055]]}}, {"type": "Feature", "properties": {"highway": "footway", "footway": "crossing", "name": null, "surface": "paving_stones", "lit": null, "length_m": 2.68, "type_element": "Way", "__fid": 114052}, "geometry": {"type": "LineString", "coordinates": [[2.3998819, 48.876796], [2.399889039999986, 48.87681964000002]]}}, {"type": "Feature", "properties": {"highway": "footway", "footway": "sidewalk", "name": null, "surface": "asphalt", "lit": null, "length_m": 36.28, "type_element": "Way", "__fid": 114056}, "geometry": {"type": "LineString", "coordinates": [[2.3998839, 48.8768386], [2.4000145, 48.8771533]]}}, {"type": "Feature", "properties": {"highway": "footway", "footway": "sidewalk", "name": null, "surface": "asphalt", "lit": null, "length_m": 2.14, "type_element": "Way", "__fid": 114057}, "geometry": {"type": "LineString", "coordinates": [[2.399889039999986, 48.87681964000002], [2.3998839, 48.8768386]]}}, {"type": "Feature", "properties": {"highway": "footway", "footway": "sidewalk", "name": null, "surface": "paving_stones", "lit": null, "length_m": 226.63, "type_element": "Way", "__fid": 114060}, "geometry": {"type": "LineString", "coordinates": [[2.4018109, 48.87748669999998], [2.4020601, 48.8769278], [2.4020505, 48.8769089], [2.4019748, 48.8769042], [2.4019301, 48.87692340000001], [2.399889039999986, 48.87681964000002]]}}, {"type": "Feature", "properties": {"highway": "service", "footway": null, "name": "Avenue Principale", "surface": "asphalt", "lit": null, "length_m": 2.39, "type_element": "Way", "__fid": 114093}, "geometry": {"type": "LineString", "coordinates": [[2.3999783, 48.874619], [2.3999473, 48.87461250000001]]}}, {"type": "Feature", "properties": {"highway": "footway", "footway": null, "name": "Chemin du Sud", "surface": null, "lit": null, "length_m": 40.54, "type_element": "Way", "__fid": 114094}, "geometry": {"type": "LineString", "coordinates": [[2.3999473, 48.87461250000001], [2.4000991, 48.8742619]]}}, {"type": "Feature", "properties": {"highway": "service", "footway": null, "name": "Avenue Principale", "surface": "asphalt", "lit": null, "length_m": 23.92, "type_element": "Way", "__fid": 114108}, "geometry": {"type": "LineString", "coordinates": [[2.4002919, 48.874678], [2.3999783, 48.874619]]}}, {"type": "Feature", "properties": {"highway": "footway", "footway": "sidewalk", "name": null, "surface": null, "lit": null, "length_m": 10.34, "type_element": "Way", "__fid": 114141}, "geometry": {"type": "LineString", "coordinates": [[2.4000946, 48.8710604], [2.400168, 48.8710832], [2.400200519999771, 48.87111628000012]]}}, {"type": "Feature", "properties": {"highway": "footway", "footway": "crossing", "name": null, "surface": null, "lit": "yes", "length_m": 9.14, "type_element": "Way", "__fid": 114142}, "geometry": {"type": "LineString", "coordinates": [[2.4000946, 48.8710604], [2.4001483, 48.8709862]]}}, {"type": "Feature", "properties": {"highway": "footway", "footway": null, "name": "Chemin de Belleville", "surface": "concrete", "lit": null, "length_m": 24.5, "type_element": "Way", "__fid": 114156}, "geometry": {"type": "LineString", "coordinates": [[2.4004208, 48.8752776], [2.4000992, 48.8752179]]}}, {"type": "Feature", "properties": {"highway": "footway", "footway": null, "name": "Avenue Transversale n°1", "surface": null, "lit": null, "length_m": 59.51, "type_element": "Way", "__fid": 114157}, "geometry": {"type": "LineString", "coordinates": [[2.4000992, 48.8752179], [2.3999833, 48.875543], [2.4002811, 48.8755866]]}}, {"type": "Feature", "properties": {"highway": "footway", "footway": null, "name": "Avenue Transversale n°1", "surface": null, "lit": null, "length_m": 30.94, "type_element": "Way", "__fid": 114158}, "geometry": {"type": "LineString", "coordinates": [[2.4000992, 48.8752179], [2.4001922, 48.8749465]]}}, {"type": "Feature", "properties": {"highway": "footway", "footway": "sidewalk", "name": null, "surface": null, "lit": null, "length_m": 46.78, "type_element": "Way", "__fid": 114159}, "geometry": {"type": "LineString", "coordinates": [[2.4001483, 48.8709862], [2.400724280000216, 48.87116670000004]]}}, {"type": "Feature", "properties": {"highway": "service", "footway": null, "name": null, "surface": null, "lit": null, "length_m": 87.89, "type_element": "Way", "__fid": 114165}, "geometry": {"type": "LineString", "coordinates": [[2.400521, 48.8712245], [2.4004859, 48.871343199999984], [2.4003719, 48.8715263], [2.4003909, 48.8715992], [2.4001562, 48.8719654]]}}, {"type": "Feature", "properties": {"highway": "footway", "footway": "crossing", "name": null, "surface": null, "lit": "yes", "length_m": 9.62, "type_element": "Way", "__fid": 114185}, "geometry": {"type": "LineString", "coordinates": [[2.4003184, 48.87115420000002], [2.400200519999771, 48.87111628000012]]}}, {"type": "Feature", "properties": {"highway": "footway", "footway": null, "name": "Chemin du Télégraphe", "surface": null, "lit": null, "length_m": 25.97, "type_element": "Way", "__fid": 114201}, "geometry": {"type": "LineString", "coordinates": [[2.4005329, 48.875009900000016], [2.4001922, 48.8749465]]}}, {"type": "Feature", "properties": {"highway": "footway", "footway": null, "name": "Avenue Transversale n°1", "surface": null, "lit": null, "length_m": 30.74, "type_element": "Way", "__fid": 114202}, "geometry": {"type": "LineString", "coordinates": [[2.4001922, 48.8749465], [2.4002919, 48.874678]]}}, {"type": "Feature", "properties": {"highway": "footway", "footway": "sidewalk", "name": null, "surface": null, "lit": null, "length_m": 7.21, "type_element": "Way", "__fid": 114223}, "geometry": {"type": "LineString", "coordinates": [[2.4002806, 48.8712141], [2.4003184, 48.87115420000002]]}}, {"type": "Feature", "properties": {"highway": "footway", "footway": "sidewalk", "name": null, "surface": null, "lit": null, "length_m": 8.42, "type_element": "Way", "__fid": 114224}, "geometry": {"type": "LineString", "coordinates": [[2.4002806, 48.8712141], [2.4003915, 48.8711945]]}}, {"type": "Feature", "properties": {"highway": "footway", "footway": "sidewalk", "name": null, "surface": null, "lit": null, "length_m": 6.99, "type_element": "Way", "__fid": 114247}, "geometry": {"type": "LineString", "coordinates": [[2.4003184, 48.87115420000002], [2.4003915, 48.8711945]]}}, {"type": "Feature", "properties": {"highway": "footway", "footway": null, "name": null, "surface": null, "lit": null, "length_m": 20.75, "type_element": "Way", "__fid": 114251}, "geometry": {"type": "LineString", "coordinates": [[2.4002811, 48.8755866], [2.4005588, 48.8756222]]}}, {"type": "Feature", "properties": {"highway": "service", "footway": null, "name": "Avenue Centrale", "surface": "asphalt", "lit": null, "length_m": 35.86, "type_element": "Way", "__fid": 114252}, "geometry": {"type": "LineString", "coordinates": [[2.4002811, 48.8755866], [2.4004208, 48.8752776]]}}, {"type": "Feature", "properties": {"highway": "service", "footway": null, "name": "Avenue Principale", "surface": "asphalt", "lit": null, "length_m": 27.41, "type_element": "Way", "__fid": 114253}, "geometry": {"type": "LineString", "coordinates": [[2.4006498, 48.8747489], [2.4002919, 48.874678]]}}, {"type": "Feature", "properties": {"highway": "footway", "footway": null, "name": "Avenue Transversale n°1", "surface": null, "lit": null, "length_m": 41.99, "type_element": "Way", "__fid": 114254}, "geometry": {"type": "LineString", "coordinates": [[2.4002919, 48.874678], [2.4004525, 48.8743155]]}}, {"type": "Feature", "properties": {"highway": "footway", "footway": "sidewalk", "name": null, "surface": null, "lit": null, "length_m": 10.07, "type_element": "Way", "__fid": 114287}, "geometry": {"type": "LineString", "coordinates": [[2.4003915, 48.8711945], [2.400521, 48.8712245]]}}, {"type": "Feature", "properties": {"highway": "footway", "footway": null, "name": "Chemin de Belleville", "surface": "concrete", "lit": null, "length_m": 20.23, "type_element": "Way", "__fid": 114334}, "geometry": {"type": "LineString", "coordinates": [[2.4006867, 48.8753258], [2.4004208, 48.8752776]]}}, {"type": "Feature", "properties": {"highway": "service", "footway": null, "name": "Avenue Centrale", "surface": "asphalt", "lit": null, "length_m": 30.88, "type_element": "Way", "__fid": 114335}, "geometry": {"type": "LineString", "coordinates": [[2.4004208, 48.8752776], [2.4005329, 48.875009900000016]]}}, {"type": "Feature", "properties": {"highway": "footway", "footway": "sidewalk", "name": null, "surface": null, "lit": null, "length_m": 11.25, "type_element": "Way", "__fid": 114363}, "geometry": {"type": "LineString", "coordinates": [[2.400521, 48.8712245], [2.4006732, 48.871237]]}}, {"type": "Feature", "properties": {"highway": "service", "footway": null, "name": null, "surface": null, "lit": null, "length_m": 8.68, "type_element": "Way", "__fid": 114364}, "geometry": {"type": "LineString", "coordinates": [[2.4005703, 48.8711535], [2.400521, 48.8712245]]}}, {"type": "Feature", "properties": {"highway": "footway", "footway": null, "name": "Chemin du Télégraphe", "surface": null, "lit": null, "length_m": 20.83, "type_element": "Way", "__fid": 114396}, "geometry": {"type": "LineString", "coordinates": [[2.4008058, 48.8750616], [2.4005329, 48.875009900000016]]}}, {"type": "Feature", "properties": {"highway": "service", "footway": null, "name": "Avenue Centrale", "surface": "asphalt", "lit": null, "length_m": 17.98, "type_element": "Way", "__fid": 114397}, "geometry": {"type": "LineString", "coordinates": [[2.4005329, 48.875009900000016], [2.4006024, 48.8748548]]}}, {"type": "Feature", "properties": {"highway": "footway", "footway": null, "name": "Voie I/20", "surface": null, "lit": null, "length_m": 21.62, "type_element": "Way", "__fid": 114408}, "geometry": {"type": "LineString", "coordinates": [[2.4005757, 48.87335049999998], [2.4006777, 48.8731681]]}}, {"type": "Feature", "properties": {"highway": "footway", "footway": null, "name": null, "surface": null, "lit": null, "length_m": 55.55, "type_element": "Way", "__fid": 114416}, "geometry": {"type": "LineString", "coordinates": [[2.4005588, 48.8756222], [2.4008714, 48.8756638], [2.4009898, 48.8753853]]}}, {"type": "Feature", "properties": {"highway": "footway", "footway": null, "name": "Avenue Transversale n°2", "surface": null, "lit": null, "length_m": 34.27, "type_element": "Way", "__fid": 114417}, "geometry": {"type": "LineString", "coordinates": [[2.4006867, 48.8753258], [2.4005588, 48.8756222]]}}, {"type": "Feature", "properties": {"highway": "footway", "footway": null, "name": null, "surface": null, "lit": null, "length_m": 20.72, "type_element": "Way", "__fid": 114438}, "geometry": {"type": "LineString", "coordinates": [[2.4006024, 48.8748548], [2.4008678, 48.8749185]]}}, {"type": "Feature", "properties": {"highway": "service", "footway": null, "name": "Avenue Centrale", "surface": "asphalt", "lit": null, "length_m": 12.28, "type_element": "Way", "__fid": 114439}, "geometry": {"type": "LineString", "coordinates": [[2.4006024, 48.8748548], [2.4006498, 48.8747489]]}}, {"type": "Feature", "properties": {"highway": "footway", "footway": "sidewalk", "name": null, "surface": null, "lit": null, "length_m": 17.2, "type_element": "Way", "__fid": 114458}, "geometry": {"type": "LineString", "coordinates": [[2.4006732, 48.871237], [2.4008858, 48.8713022]]}}, {"type": "Feature", "properties": {"highway": "footway", "footway": "crossing", "name": null, "surface": null, "lit": "yes", "length_m": 8.67, "type_element": "Way", "__fid": 114459}, "geometry": {"type": "LineString", "coordinates": [[2.4006732, 48.871237], [2.400724280000216, 48.87116670000004]]}}, {"type": "Feature", "properties": {"highway": "service", "footway": null, "name": null, "surface": null, "lit": null, "length_m": 35.38, "type_element": "Way", "__fid": 114462}, "geometry": {"type": "LineString", "coordinates": [[2.4011214, 48.87153379999999], [2.4006812, 48.87140380000001]]}}, {"type": "Feature", "properties": {"highway": "service", "footway": null, "name": "Avenue Principale", "surface": "asphalt", "lit": null, "length_m": 5.12, "type_element": "Way", "__fid": 114467}, "geometry": {"type": "LineString", "coordinates": [[2.4007171, 48.874761200000016], [2.4006498, 48.8747489]]}}, {"type": "Feature", "properties": {"highway": "footway", "footway": null, "name": null, "surface": null, "lit": null, "length_m": 124.1, "type_element": "Way", "__fid": 114468}, "geometry": {"type": "LineString", "coordinates": [[2.4006498, 48.8747489], [2.4008055, 48.8743823], [2.400858, 48.87437849999998], [2.4011249, 48.8744309], [2.4009007, 48.87492610000001]]}}, {"type": "Feature", "properties": {"highway": "footway", "footway": "sidewalk", "name": null, "surface": null, "lit": "yes", "length_m": 21.06, "type_element": "Way", "__fid": 114473}, "geometry": {"type": "LineString", "coordinates": [[2.4009418, 48.8732425], [2.4006777, 48.8731681]]}}, {"type": "Feature", "properties": {"highway": "footway", "footway": "sidewalk", "name": null, "surface": null, "lit": null, "length_m": 7.1, "type_element": "Way", "__fid": 114485}, "geometry": {"type": "LineString", "coordinates": [[2.400724280000216, 48.87116670000004], [2.4008057, 48.8711321]]}}, {"type": "Feature", "properties": {"highway": "footway", "footway": null, "name": "Chemin de Belleville", "surface": "concrete", "lit": null, "length_m": 23.2, "type_element": "Way", "__fid": 114494}, "geometry": {"type": "LineString", "coordinates": [[2.4009898, 48.8753853], [2.4006867, 48.8753258]]}}, {"type": "Feature", "properties": {"highway": "footway", "footway": null, "name": "Avenue Transversale n°2", "surface": null, "lit": null, "length_m": 30.65, "type_element": "Way", "__fid": 114495}, "geometry": {"type": "LineString", "coordinates": [[2.4008058, 48.8750616], [2.4006867, 48.8753258]]}}, {"type": "Feature", "properties": {"highway": "service", "footway": null, "name": "Villa du Borrégo", "surface": "sett", "lit": null, "length_m": 67.12, "type_element": "Way", "__fid": 114526}, "geometry": {"type": "LineString", "coordinates": [[2.4009418, 48.8732425], [2.4006844, 48.8736982], [2.4006812, 48.8737303], [2.4006955, 48.87375630000001], [2.4007745, 48.8737806]]}}, {"type": "Feature", "properties": {"highway": "footway", "footway": "crossing", "name": null, "surface": "asphalt", "lit": "yes", "length_m": 12.18, "type_element": "Way", "__fid": 114527}, "geometry": {"type": "LineString", "coordinates": [[2.4008057, 48.8711321], [2.4009577, 48.8711763]]}}, {"type": "Feature", "properties": {"highway": "footway", "footway": "sidewalk", "name": null, "surface": null, "lit": null, "length_m": 164.1, "type_element": "Way", "__fid": 114528}, "geometry": {"type": "LineString", "coordinates": [[2.4008057, 48.8711321], [2.4017498, 48.869794200000015]]}}, {"type": "Feature", "properties": {"highway": "footway", "footway": null, "name": "Avenue Transversale n°2", "surface": null, "lit": null, "length_m": 16.55, "type_element": "Way", "__fid": 114552}, "geometry": {"type": "LineString", "coordinates": [[2.4008678, 48.8749185], [2.4008058, 48.8750616]]}}, {"type": "Feature", "properties": {"highway": "footway", "footway": "sidewalk", "name": null, "surface": "asphalt", "lit": null, "length_m": 26.63, "type_element": "Way", "__fid": 114572}, "geometry": {"type": "LineString", "coordinates": [[2.4008858, 48.8713022], [2.4012143, 48.8714041]]}}, {"type": "Feature", "properties": {"highway": "footway", "footway": "crossing", "name": null, "surface": "asphalt", "lit": "yes", "length_m": 15.17, "type_element": "Way", "__fid": 114573}, "geometry": {"type": "LineString", "coordinates": [[2.4008858, 48.8713022], [2.4009536, 48.8712111], [2.4009577, 48.8711763]]}}, {"type": "Feature", "properties": {"highway": "footway", "footway": null, "name": null, "surface": null, "lit": null, "length_m": 2.56, "type_element": "Way", "__fid": 114587}, "geometry": {"type": "LineString", "coordinates": [[2.4008678, 48.8749185], [2.4009007, 48.87492610000001]]}}, {"type": "Feature", "properties": {"highway": "footway", "footway": null, "name": null, "surface": null, "lit": null, "length_m": 67.33, "type_element": "Way", "__fid": 114597}, "geometry": {"type": "LineString", "coordinates": [[2.4009898, 48.8753853], [2.4011638, 48.8749763], [2.4009007, 48.87492610000001]]}}, {"type": "Feature", "properties": {"highway": "service", "footway": null, "name": null, "surface": null, "lit": null, "length_m": 8.12, "type_element": "Way", "__fid": 114598}, "geometry": {"type": "LineString", "coordinates": [[2.4009263, 48.875698], [2.4008938, 48.8757678]]}}, {"type": "Feature", "properties": {"highway": "footway", "footway": "sidewalk", "name": null, "surface": "asphalt", "lit": null, "length_m": 33.11, "type_element": "Way", "__fid": 114603}, "geometry": {"type": "LineString", "coordinates": [[2.4013647, 48.8713051], [2.4009577, 48.8711763]]}}, {"type": "Feature", "properties": {"highway": "footway", "footway": "sidewalk", "name": null, "surface": "asphalt", "lit": null, "length_m": 163.06, "type_element": "Way", "__fid": 114604}, "geometry": {"type": "LineString", "coordinates": [[2.4009577, 48.8711763], [2.4009683, 48.871112], [2.4018454, 48.869862], [2.4018725, 48.8698455]]}}, {"type": "Feature", "properties": {"highway": "footway", "footway": "sidewalk", "name": null, "surface": null, "lit": "yes", "length_m": 30.73, "type_element": "Way", "__fid": 114605}, "geometry": {"type": "LineString", "coordinates": [[2.4013254, 48.87335370000001], [2.4009418, 48.8732425]]}}, {"type": "Feature", "properties": {"highway": "service", "footway": null, "name": "Villa du Borrégo", "surface": "sett", "lit": null, "length_m": 4.22, "type_element": "Way", "__fid": 114606}, "geometry": {"type": "LineString", "coordinates": [[2.4009653, 48.8732079], [2.4009418, 48.8732425]]}}, {"type": "Feature", "properties": {"highway": "footway", "footway": "sidewalk", "name": null, "surface": "asphalt", "lit": "yes", "length_m": 122.3, "type_element": "Way", "__fid": 114613}, "geometry": {"type": "LineString", "coordinates": [[2.4024904, 48.8758823], [2.4021241, 48.8758402], [2.4020389, 48.8758913], [2.4015977, 48.8758318], [2.4015564, 48.87578079999999], [2.4009263, 48.875698]]}}, {"type": "Feature", "properties": {"highway": "service", "footway": null, "name": null, "surface": null, "lit": null, "length_m": 20.48, "type_element": "Way", "__fid": 114614}, "geometry": {"type": "LineString", "coordinates": [[2.4010076, 48.8755218], [2.4009263, 48.875698]]}}, {"type": "Feature", "properties": {"highway": "service", "footway": null, "name": null, "surface": null, "lit": null, "length_m": 30.64, "type_element": "Way", "__fid": 114684}, "geometry": {"type": "LineString", "coordinates": [[2.4014999, 48.8716504], [2.4011214, 48.87153379999999]]}}, {"type": "Feature", "properties": {"highway": "service", "footway": null, "name": null, "surface": null, "lit": null, "length_m": 15.95, "type_element": "Way", "__fid": 114685}, "geometry": {"type": "LineString", "coordinates": [[2.4012143, 48.8714041], [2.4011214, 48.87153379999999]]}}, {"type": "Feature", "properties": {"highway": "service", "footway": null, "name": "Villa des Hauts de Belleville", "surface": null, "lit": null, "length_m": 98.19, "type_element": "Way", "__fid": 114713}, "geometry": {"type": "LineString", "coordinates": [[2.4018903, 48.8742936], [2.4016481, 48.8748158], [2.4014555, 48.874837], [2.4011666, 48.8747533]]}}, {"type": "Feature", "properties": {"highway": "footway", "footway": "sidewalk", "name": null, "surface": "asphalt", "lit": null, "length_m": 36.86, "type_element": "Way", "__fid": 114716}, "geometry": {"type": "LineString", "coordinates": [[2.4012143, 48.8714041], [2.4016704, 48.87154330000003]]}}, {"type": "Feature", "properties": {"highway": "service", "footway": null, "name": null, "surface": "asphalt", "lit": null, "length_m": 5.71, "type_element": "Way", "__fid": 114717}, "geometry": {"type": "LineString", "coordinates": [[2.4012475, 48.8713577], [2.4012143, 48.8714041]]}}, {"type": "Feature", "properties": {"highway": "pedestrian", "footway": null, "name": "Passage Gambetta", "surface": "sett", "lit": "yes", "length_m": 3.63, "type_element": "Way", "__fid": 114770}, "geometry": {"type": "LineString", "coordinates": [[2.4012962, 48.87326760000001], [2.4012769, 48.8732977]]}}, {"type": "Feature", "properties": {"highway": "service", "footway": null, "name": "Passage Planchard", "surface": null, "lit": null, "length_m": 9.03, "type_element": "Way", "__fid": 114778}, "geometry": {"type": "LineString", "coordinates": [[2.4013647, 48.8713051], [2.4013106, 48.871378]]}}, {"type": "Feature", "properties": {"highway": "footway", "footway": "sidewalk", "name": null, "surface": null, "lit": null, "length_m": 5.86, "type_element": "Way", "__fid": 114783}, "geometry": {"type": "LineString", "coordinates": [[2.4013692, 48.8732889], [2.4012962, 48.87326760000001]]}}, {"type": "Feature", "properties": {"highway": "pedestrian", "footway": null, "name": "Passage Gambetta", "surface": "sett", "lit": "yes", "length_m": 69.37, "type_element": "Way", "__fid": 114784}, "geometry": {"type": "LineString", "coordinates": [[2.4016655, 48.8726933], [2.4012962, 48.87326760000001]]}}, {"type": "Feature", "properties": {"highway": "footway", "footway": "sidewalk", "name": null, "surface": "asphalt", "lit": "yes", "length_m": 73.37, "type_element": "Way", "__fid": 114800}, "geometry": {"type": "LineString", "coordinates": [[2.4022475, 48.873609499999986], [2.4013254, 48.87335370000001]]}}, {"type": "Feature", "properties": {"highway": "footway", "footway": "crossing", "name": null, "surface": null, "lit": "yes", "length_m": 7.89, "type_element": "Way", "__fid": 114801}, "geometry": {"type": "LineString", "coordinates": [[2.4013692, 48.8732889], [2.4013254, 48.87335370000001]]}}, {"type": "Feature", "properties": {"highway": "footway", "footway": "sidewalk", "name": null, "surface": "asphalt", "lit": null, "length_m": 52.06, "type_element": "Way", "__fid": 114806}, "geometry": {"type": "LineString", "coordinates": [[2.40201, 48.8715001], [2.4013647, 48.8713051]]}}, {"type": "Feature", "properties": {"highway": "service", "footway": null, "name": "Passage Planchard", "surface": null, "lit": null, "length_m": 158.92, "type_element": "Way", "__fid": 114807}, "geometry": {"type": "LineString", "coordinates": [[2.4022836, 48.87001080000001], [2.4013647, 48.8713051]]}}, {"type": "Feature", "properties": {"highway": "footway", "footway": "sidewalk", "name": null, "surface": null, "lit": null, "length_m": 154.97, "type_element": "Way", "__fid": 114816}, "geometry": {"type": "LineString", "coordinates": [[2.4033119, 48.8738366], [2.4013692, 48.8732889]]}}, {"type": "Feature", "properties": {"highway": "service", "footway": null, "name": "Villa Saint-Fargeau", "surface": "asphalt", "lit": null, "length_m": 36.51, "type_element": "Way", "__fid": 114858}, "geometry": {"type": "LineString", "coordinates": [[2.4016704, 48.87154330000003], [2.4014751, 48.8718453]]}}, {"type": "Feature", "properties": {"highway": "footway", "footway": "sidewalk", "name": null, "surface": "asphalt", "lit": null, "length_m": 21.98, "type_element": "Way", "__fid": 114934}, "geometry": {"type": "LineString", "coordinates": [[2.4016704, 48.87154330000003], [2.4017091, 48.8715907], [2.4019109, 48.8716452]]}}, {"type": "Feature", "properties": {"highway": "service", "footway": null, "name": "Villa Saint-Fargeau", "surface": "asphalt", "lit": null, "length_m": 5.55, "type_element": "Way", "__fid": 114935}, "geometry": {"type": "LineString", "coordinates": [[2.4017, 48.8714974], [2.4016704, 48.87154330000003]]}}, {"type": "Feature", "properties": {"highway": "footway", "footway": null, "name": "Villa Désirée", "surface": "asphalt", "lit": "yes", "length_m": 29.88, "type_element": "Way", "__fid": 114938}, "geometry": {"type": "LineString", "coordinates": [[2.4016655, 48.8726933], [2.4020386, 48.8728012]]}}, {"type": "Feature", "properties": {"highway": "pedestrian", "footway": null, "name": "Passage Gambetta", "surface": "sett", "lit": "yes", "length_m": 120.01, "type_element": "Way", "__fid": 114939}, "geometry": {"type": "LineString", "coordinates": [[2.4023079, 48.8717007], [2.4016655, 48.8726933]]}}, {"type": "Feature", "properties": {"highway": "footway", "footway": "sidewalk", "name": null, "surface": "asphalt", "lit": null, "length_m": 29.89, "type_element": "Way", "__fid": 115034}, "geometry": {"type": "LineString", "coordinates": [[2.4019109, 48.8716452], [2.4021012, 48.871684299999984], [2.4023079, 48.8717007]]}}, {"type": "Feature", "properties": {"highway": "footway", "footway": "crossing", "name": null, "surface": "asphalt", "lit": "yes", "length_m": 17.7, "type_element": "Way", "__fid": 115035}, "geometry": {"type": "LineString", "coordinates": [[2.4019109, 48.8716452], [2.40201, 48.8715001]]}}, {"type": "Feature", "properties": {"highway": "footway", "footway": null, "name": "Villa des Otages", "surface": null, "lit": null, "length_m": 92.64, "type_element": "Way", "__fid": 115039}, "geometry": {"type": "LineString", "coordinates": [[2.4018903, 48.8742936], [2.4030969, 48.87453989999999]]}}, {"type": "Feature", "properties": {"highway": "service", "footway": null, "name": "Villa des Hauts de Belleville", "surface": null, "lit": null, "length_m": 80.65, "type_element": "Way", "__fid": 115040}, "geometry": {"type": "LineString", "coordinates": [[2.4022475, 48.873609499999986], [2.4020773, 48.8738613], [2.4018903, 48.8742936]]}}, {"type": "Feature", "properties": {"highway": "footway", "footway": "sidewalk", "name": null, "surface": "asphalt", "lit": null, "length_m": 95.34, "type_element": "Way", "__fid": 115104}, "geometry": {"type": "LineString", "coordinates": [[2.401935539999981, 48.87749194000012], [2.4023252, 48.876674]]}}, {"type": "Feature", "properties": {"highway": "footway", "footway": "sidewalk", "name": null, "surface": "asphalt", "lit": null, "length_m": 116.11, "type_element": "Way", "__fid": 115107}, "geometry": {"type": "LineString", "coordinates": [[2.4035663, 48.8716317], [2.4025284, 48.8715639], [2.4023875, 48.871511], [2.40201, 48.8715001]]}}, {"type": "Feature", "properties": {"highway": "footway", "footway": "sidewalk", "name": null, "surface": "asphalt", "lit": "yes", "length_m": 81.74, "type_element": "Way", "__fid": 115214}, "geometry": {"type": "LineString", "coordinates": [[2.403271, 48.8739002], [2.4022475, 48.873609499999986]]}}, {"type": "Feature", "properties": {"highway": "service", "footway": null, "name": "Villa des Hauts de Belleville", "surface": null, "lit": null, "length_m": 4.34, "type_element": "Way", "__fid": 115215}, "geometry": {"type": "LineString", "coordinates": [[2.4022698, 48.87357330000001], [2.4022475, 48.873609499999986]]}}, {"type": "Feature", "properties": {"highway": "service", "footway": null, "name": "Voie BN/19", "surface": null, "lit": null, "length_m": 5.9, "type_element": "Way", "__fid": 115228}, "geometry": {"type": "LineString", "coordinates": [[2.4023252, 48.876674], [2.4022477, 48.8766598]]}}, {"type": "Feature", "properties": {"highway": "footway", "footway": "sidewalk", "name": null, "surface": null, "lit": null, "length_m": 91.05, "type_element": "Way", "__fid": 115229}, "geometry": {"type": "LineString", "coordinates": [[2.4023079, 48.8717007], [2.4035473, 48.8717463]]}}, {"type": "Feature", "properties": {"highway": "pedestrian", "footway": null, "name": "Passage Gambetta", "surface": "sett", "lit": "yes", "length_m": 9.54, "type_element": "Way", "__fid": 115230}, "geometry": {"type": "LineString", "coordinates": [[2.4023586, 48.8716217], [2.4023079, 48.8717007]]}}, {"type": "Feature", "properties": {"highway": "service", "footway": null, "name": "Voie BN/19", "surface": null, "lit": null, "length_m": 54.96, "type_element": "Way", "__fid": 115250}, "geometry": {"type": "LineString", "coordinates": [[2.4024453, 48.87702559999999], [2.4025795, 48.8767169], [2.4023252, 48.876674]]}}, {"type": "Feature", "properties": {"highway": "footway", "footway": "sidewalk", "name": null, "surface": "asphalt", "lit": null, "length_m": 62.11, "type_element": "Way", "__fid": 115251}, "geometry": {"type": "LineString", "coordinates": [[2.4023252, 48.876674], [2.4023296, 48.8766217], [2.4025632, 48.8761395]]}}, {"type": "Feature", "properties": {"highway": "footway", "footway": "sidewalk", "name": null, "surface": null, "lit": "yes", "length_m": 3.55, "type_element": "Way", "__fid": 115281}, "geometry": {"type": "LineString", "coordinates": [[2.4024476, 48.876054], [2.4024155, 48.8760301]]}}, {"type": "Feature", "properties": {"highway": "footway", "footway": "crossing", "name": null, "surface": null, "lit": "yes", "length_m": 17.33, "type_element": "Way", "__fid": 115282}, "geometry": {"type": "LineString", "coordinates": [[2.4024155, 48.8760301], [2.4024904, 48.8758823]]}}, {"type": "Feature", "properties": {"highway": "footway", "footway": "crossing", "name": null, "surface": null, "lit": "yes", "length_m": 11.19, "type_element": "Way", "__fid": 115297}, "geometry": {"type": "LineString", "coordinates": [[2.4025944, 48.87608140000001], [2.4024476, 48.876054]]}}, {"type": "Feature", "properties": {"highway": "footway", "footway": "crossing", "name": null, "surface": null, "lit": null, "length_m": 14.84, "type_element": "Way", "__fid": 115313}, "geometry": {"type": "LineString", "coordinates": [[2.4024904, 48.8758823], [2.4026832, 48.875922899999985]]}}, {"type": "Feature", "properties": {"highway": "footway", "footway": "sidewalk", "name": null, "surface": null, "lit": null, "length_m": 66.99, "type_element": "Way", "__fid": 115314}, "geometry": {"type": "LineString", "coordinates": [[2.4024904, 48.8758823], [2.4025477, 48.87582850000002], [2.4027131, 48.8754375], [2.4026855, 48.8753783], [2.4027135, 48.875312]]}}, {"type": "Feature", "properties": {"highway": "footway", "footway": "sidewalk", "name": null, "surface": "asphalt", "lit": "yes", "length_m": 71.99, "type_element": "Way", "__fid": 115331}, "geometry": {"type": "LineString", "coordinates": [[2.4025632, 48.8761395], [2.4034775, 48.876375]]}}, {"type": "Feature", "properties": {"highway": "footway", "footway": "sidewalk", "name": null, "surface": "asphalt", "lit": null, "length_m": 6.85, "type_element": "Way", "__fid": 115332}, "geometry": {"type": "LineString", "coordinates": [[2.4025632, 48.8761395], [2.4025944, 48.87608140000001]]}}, {"type": "Feature", "properties": {"highway": "footway", "footway": "crossing", "name": null, "surface": "asphalt", "lit": "yes", "length_m": 18.79, "type_element": "Way", "__fid": 115344}, "geometry": {"type": "LineString", "coordinates": [[2.4025944, 48.87608140000001], [2.4026832, 48.875922899999985]]}}, {"type": "Feature", "properties": {"highway": "footway", "footway": "sidewalk", "name": null, "surface": "asphalt", "lit": null, "length_m": 156.02, "type_element": "Way", "__fid": 115351}, "geometry": {"type": "LineString", "coordinates": [[2.4026947, 48.8699139], [2.4037481, 48.8711328]]}}, {"type": "Feature", "properties": {"highway": "footway", "footway": "sidewalk", "name": null, "surface": null, "lit": "yes", "length_m": 74.16, "type_element": "Way", "__fid": 115369}, "geometry": {"type": "LineString", "coordinates": [[2.4036011, 48.8762026], [2.4026832, 48.875922899999985]]}}, {"type": "Feature", "properties": {"highway": "footway", "footway": "sidewalk", "name": null, "surface": null, "lit": null, "length_m": 46.05, "type_element": "Way", "__fid": 115370}, "geometry": {"type": "LineString", "coordinates": [[2.4026832, 48.875922899999985], [2.402687, 48.8758521], [2.4028268, 48.8755214]]}}, {"type": "Feature", "properties": {"highway": "footway", "footway": "crossing", "name": null, "surface": null, "lit": null, "length_m": 14.57, "type_element": "Way", "__fid": 115375}, "geometry": {"type": "LineString", "coordinates": [[2.4029078, 48.8753393], [2.4027135, 48.875312]]}}, {"type": "Feature", "properties": {"highway": "footway", "footway": "sidewalk", "name": null, "surface": null, "lit": null, "length_m": 87.03, "type_element": "Way", "__fid": 115376}, "geometry": {"type": "LineString", "coordinates": [[2.4027135, 48.875312], [2.4028184, 48.8750617], [2.4028683, 48.8750213], [2.4030036, 48.8746965], [2.4030393, 48.8746769], [2.4030807, 48.8745772]]}}, {"type": "Feature", "properties": {"highway": "footway", "footway": "sidewalk", "name": null, "surface": null, "lit": null, "length_m": 73.13, "type_element": "Way", "__fid": 115412}, "geometry": {"type": "LineString", "coordinates": [[2.4028268, 48.8755214], [2.4036392, 48.875669], [2.4037741, 48.8757185]]}}, {"type": "Feature", "properties": {"highway": "footway", "footway": "crossing", "name": null, "surface": null, "lit": "yes", "length_m": 16.32, "type_element": "Way", "__fid": 115413}, "geometry": {"type": "LineString", "coordinates": [[2.4028892, 48.8753805], [2.4028268, 48.8755214]]}}, {"type": "Feature", "properties": {"highway": "footway", "footway": "sidewalk", "name": null, "surface": null, "lit": null, "length_m": 88.07, "type_element": "Way", "__fid": 115433}, "geometry": {"type": "LineString", "coordinates": [[2.4028892, 48.8753805], [2.4040455, 48.8755941]]}}, {"type": "Feature", "properties": {"highway": "footway", "footway": "sidewalk", "name": null, "surface": null, "lit": null, "length_m": 4.78, "type_element": "Way", "__fid": 115434}, "geometry": {"type": "LineString", "coordinates": [[2.4029078, 48.8753393], [2.4028892, 48.8753805]]}}, {"type": "Feature", "properties": {"highway": "footway", "footway": "sidewalk", "name": null, "surface": null, "lit": null, "length_m": 86.89, "type_element": "Way", "__fid": 115445}, "geometry": {"type": "LineString", "coordinates": [[2.4032099, 48.8745861], [2.4030802, 48.8748992], [2.4030838, 48.8749426], [2.4029078, 48.8753393]]}}, {"type": "Feature", "properties": {"highway": "footway", "footway": "crossing", "name": null, "surface": null, "lit": null, "length_m": 9.53, "type_element": "Way", "__fid": 115515}, "geometry": {"type": "LineString", "coordinates": [[2.4030807, 48.8745772], [2.4032099, 48.8745861]]}}, {"type": "Feature", "properties": {"highway": "footway", "footway": "sidewalk", "name": null, "surface": null, "lit": "yes", "length_m": 4.31, "type_element": "Way", "__fid": 115516}, "geometry": {"type": "LineString", "coordinates": [[2.4030807, 48.8745772], [2.4030969, 48.87453989999999]]}}, {"type": "Feature", "properties": {"highway": "footway", "footway": null, "name": "Villa des Otages", "surface": null, "lit": null, "length_m": 3.96, "type_element": "Way", "__fid": 115524}, "geometry": {"type": "LineString", "coordinates": [[2.4030969, 48.87453989999999], [2.4031485, 48.8745503]]}}, {"type": "Feature", "properties": {"highway": "footway", "footway": "sidewalk", "name": null, "surface": null, "lit": "yes", "length_m": 17.2, "type_element": "Way", "__fid": 115525}, "geometry": {"type": "LineString", "coordinates": [[2.4030969, 48.87453989999999], [2.403158, 48.8743906]]}}, {"type": "Feature", "properties": {"highway": "footway", "footway": "sidewalk", "name": null, "surface": null, "lit": null, "length_m": 116.29, "type_element": "Way", "__fid": 115527}, "geometry": {"type": "LineString", "coordinates": [[2.4031553, 48.8701455], [2.4039399, 48.871054200000025]]}}, {"type": "Feature", "properties": {"highway": "footway", "footway": "crossing", "name": null, "surface": null, "lit": null, "length_m": 8.57, "type_element": "Way", "__fid": 115542}, "geometry": {"type": "LineString", "coordinates": [[2.403158, 48.8743906], [2.4032707, 48.8744109]]}}, {"type": "Feature", "properties": {"highway": "footway", "footway": "sidewalk", "name": null, "surface": null, "lit": null, "length_m": 51.95, "type_element": "Way", "__fid": 115543}, "geometry": {"type": "LineString", "coordinates": [[2.4033518, 48.8739412], [2.403158, 48.8743906]]}}, {"type": "Feature", "properties": {"highway": "pedestrian", "footway": null, "name": "Rue des Tourelles", "surface": "asphalt", "lit": "yes", "length_m": 6.91, "type_element": "Way", "__fid": 115556}, "geometry": {"type": "LineString", "coordinates": [[2.4032632, 48.874511], [2.4031724, 48.8744944]]}}, {"type": "Feature", "properties": {"highway": "footway", "footway": "sidewalk", "name": null, "surface": null, "lit": null, "length_m": 6.27, "type_element": "Way", "__fid": 115568}, "geometry": {"type": "LineString", "coordinates": [[2.4032508, 48.8745383], [2.4032249, 48.8745555], [2.4032099, 48.8745861]]}}, {"type": "Feature", "properties": {"highway": "footway", "footway": "sidewalk", "name": null, "surface": null, "lit": "yes", "length_m": 51.97, "type_element": "Way", "__fid": 115595}, "geometry": {"type": "LineString", "coordinates": [[2.4039352, 48.8746593], [2.4032508, 48.8745383]]}}, {"type": "Feature", "properties": {"highway": "footway", "footway": "crossing", "name": null, "surface": null, "lit": "yes", "length_m": 3.17, "type_element": "Way", "__fid": 115596}, "geometry": {"type": "LineString", "coordinates": [[2.4032508, 48.8745383], [2.4032632, 48.874511]]}}, {"type": "Feature", "properties": {"highway": "pedestrian", "footway": null, "name": "Rue des Tourelles", "surface": "asphalt", "lit": "yes", "length_m": 51.77, "type_element": "Way", "__fid": 115602}, "geometry": {"type": "LineString", "coordinates": [[2.4039459, 48.8746292], [2.4032632, 48.874511]]}}, {"type": "Feature", "properties": {"highway": "footway", "footway": "crossing", "name": null, "surface": null, "lit": "yes", "length_m": 3.14, "type_element": "Way", "__fid": 115603}, "geometry": {"type": "LineString", "coordinates": [[2.4032632, 48.874511], [2.4032734, 48.8744836]]}}, {"type": "Feature", "properties": {"highway": "footway", "footway": "sidewalk", "name": null, "surface": "asphalt", "lit": "yes", "length_m": 7.48, "type_element": "Way", "__fid": 115606}, "geometry": {"type": "LineString", "coordinates": [[2.4033518, 48.8739412], [2.403271, 48.8739002]]}}, {"type": "Feature", "properties": {"highway": "footway", "footway": "crossing", "name": null, "surface": null, "lit": "yes", "length_m": 7.68, "type_element": "Way", "__fid": 115607}, "geometry": {"type": "LineString", "coordinates": [[2.4033119, 48.8738366], [2.403271, 48.8739002]]}}, {"type": "Feature", "properties": {"highway": "footway", "footway": "sidewalk", "name": null, "surface": null, "lit": null, "length_m": 8.09, "type_element": "Way", "__fid": 115610}, "geometry": {"type": "LineString", "coordinates": [[2.4032734, 48.8744836], [2.4032707, 48.8744109]]}}, {"type": "Feature", "properties": {"highway": "footway", "footway": "sidewalk", "name": null, "surface": null, "lit": null, "length_m": 51.82, "type_element": "Way", "__fid": 115611}, "geometry": {"type": "LineString", "coordinates": [[2.4032707, 48.8744109], [2.4033042, 48.874376], [2.4034788, 48.8739672]]}}, {"type": "Feature", "properties": {"highway": "footway", "footway": "sidewalk", "name": null, "surface": null, "lit": null, "length_m": 51.81, "type_element": "Way", "__fid": 115615}, "geometry": {"type": "LineString", "coordinates": [[2.403953300000107, 48.87460980000002], [2.4032734, 48.8744836]]}}, {"type": "Feature", "properties": {"highway": "footway", "footway": "sidewalk", "name": null, "surface": "asphalt", "lit": "yes", "length_m": 22.2, "type_element": "Way", "__fid": 115626}, "geometry": {"type": "LineString", "coordinates": [[2.4034475, 48.8736761], [2.403388, 48.8738161], [2.4033119, 48.8738366]]}}, {"type": "Feature", "properties": {"highway": "footway", "footway": "crossing", "name": null, "surface": null, "lit": null, "length_m": 9.75, "type_element": "Way", "__fid": 115649}, "geometry": {"type": "LineString", "coordinates": [[2.4034788, 48.8739672], [2.4033518, 48.8739412]]}}, {"type": "Feature", "properties": {"highway": "service", "footway": null, "name": null, "surface": null, "lit": null, "length_m": 98.73, "type_element": "Way", "__fid": 115676}, "geometry": {"type": "LineString", "coordinates": [[2.4034041, 48.8729709], [2.4031278, 48.8734022], [2.4031171, 48.87357780000003], [2.40316, 48.8736104], [2.4034475, 48.8736761]]}}, {"type": "Feature", "properties": {"highway": "service", "footway": null, "name": "Voie J/20", "surface": "asphalt", "lit": null, "length_m": 99.01, "type_element": "Way", "__fid": 115677}, "geometry": {"type": "LineString", "coordinates": [[2.4034041, 48.8729709], [2.4029723, 48.8728447], [2.4029575, 48.87282230000002], [2.4030008, 48.87281260000002], [2.4036643, 48.8730088], [2.4037119, 48.8730405]]}}, {"type": "Feature", "properties": {"highway": "service", "footway": null, "name": null, "surface": null, "lit": null, "length_m": 5.65, "type_element": "Way", "__fid": 115692}, "geometry": {"type": "LineString", "coordinates": [[2.4034475, 48.8736761], [2.4035217, 48.8736899]]}}, {"type": "Feature", "properties": {"highway": "footway", "footway": "sidewalk", "name": null, "surface": "asphalt", "lit": "yes", "length_m": 73.29, "type_element": "Way", "__fid": 115693}, "geometry": {"type": "LineString", "coordinates": [[2.4037119, 48.8730405], [2.4034475, 48.8736761]]}}, {"type": "Feature", "properties": {"highway": "footway", "footway": "sidewalk", "name": null, "surface": "asphalt", "lit": "yes", "length_m": 74.83, "type_element": "Way", "__fid": 115703}, "geometry": {"type": "LineString", "coordinates": [[2.4034788, 48.8739672], [2.4035355, 48.8738441], [2.4036036, 48.87372770000002], [2.4037775, 48.8733242]]}}, {"type": "Feature", "properties": {"highway": "footway", "footway": "sidewalk", "name": null, "surface": "asphalt", "lit": "yes", "length_m": 17.92, "type_element": "Way", "__fid": 115717}, "geometry": {"type": "LineString", "coordinates": [[2.4034775, 48.876375], [2.4037016, 48.8764392]]}}, {"type": "Feature", "properties": {"highway": "footway", "footway": "crossing", "name": null, "surface": null, "lit": "yes", "length_m": 21.21, "type_element": "Way", "__fid": 115718}, "geometry": {"type": "LineString", "coordinates": [[2.4034775, 48.876375], [2.4036011, 48.8762026]]}}, {"type": "Feature", "properties": {"highway": "footway", "footway": "sidewalk", "name": null, "surface": null, "lit": null, "length_m": 35.28, "type_element": "Way", "__fid": 115728}, "geometry": {"type": "LineString", "coordinates": [[2.4035473, 48.8717463], [2.4040282, 48.8717505]]}}, {"type": "Feature", "properties": {"highway": "footway", "footway": "crossing", "name": null, "surface": "asphalt", "lit": "yes", "length_m": 12.82, "type_element": "Way", "__fid": 115729}, "geometry": {"type": "LineString", "coordinates": [[2.4035663, 48.8716317], [2.4035473, 48.8717463]]}}, {"type": "Feature", "properties": {"highway": "footway", "footway": "sidewalk", "name": null, "surface": "asphalt", "lit": null, "length_m": 23.35, "type_element": "Way", "__fid": 115737}, "geometry": {"type": "LineString", "coordinates": [[2.4038836, 48.8716387], [2.4037809, 48.8716434], [2.4035663, 48.8716317]]}}, {"type": "Feature", "properties": {"highway": "footway", "footway": "sidewalk", "name": null, "surface": null, "lit": "yes", "length_m": 2.65, "type_element": "Way", "__fid": 115769}, "geometry": {"type": "LineString", "coordinates": [[2.4036011, 48.8762026], [2.4036342, 48.8762122]]}}, {"type": "Feature", "properties": {"highway": "footway", "footway": "crossing", "name": null, "surface": null, "lit": "yes", "length_m": 6.43, "type_element": "Way", "__fid": 115783}, "geometry": {"type": "LineString", "coordinates": [[2.4036342, 48.8762122], [2.4037144, 48.8762356]]}}, {"type": "Feature", "properties": {"highway": "footway", "footway": "sidewalk", "name": null, "surface": null, "lit": null, "length_m": 56.89, "type_element": "Way", "__fid": 115784}, "geometry": {"type": "LineString", "coordinates": [[2.4037741, 48.8757185], [2.4037322, 48.8758314], [2.4037631, 48.8758858], [2.4036342, 48.8762122]]}}, {"type": "Feature", "properties": {"highway": "service", "footway": null, "name": "Voie J/20", "surface": "asphalt", "lit": null, "length_m": 5.53, "type_element": "Way", "__fid": 115798}, "geometry": {"type": "LineString", "coordinates": [[2.4037119, 48.8730405], [2.4037817, 48.8730592]]}}, {"type": "Feature", "properties": {"highway": "footway", "footway": "sidewalk", "name": null, "surface": "asphalt", "lit": "yes", "length_m": 39.68, "type_element": "Way", "__fid": 115799}, "geometry": {"type": "LineString", "coordinates": [[2.4038561, 48.8726966], [2.4037119, 48.8730405]]}}, {"type": "Feature", "properties": {"highway": "footway", "footway": "sidewalk", "name": null, "surface": "asphalt", "lit": null, "length_m": 33.49, "type_element": "Way", "__fid": 115808}, "geometry": {"type": "LineString", "coordinates": [[2.4037481, 48.8711328], [2.4039717, 48.8713954]]}}, {"type": "Feature", "properties": {"highway": "footway", "footway": "crossing", "name": null, "surface": "asphalt", "lit": "yes", "length_m": 16.56, "type_element": "Way", "__fid": 115809}, "geometry": {"type": "LineString", "coordinates": [[2.4039399, 48.871054200000025], [2.4037481, 48.8711328]]}}, {"type": "Feature", "properties": {"highway": "service", "footway": null, "name": null, "surface": null, "lit": null, "length_m": 70.36, "type_element": "Way", "__fid": 115811}, "geometry": {"type": "LineString", "coordinates": [[2.4040282, 48.8717505], [2.403927, 48.87198280000001], [2.4038774, 48.8720401], [2.4037422, 48.872352700000015]]}}, {"type": "Feature", "properties": {"highway": "footway", "footway": "sidewalk", "name": null, "surface": "asphalt", "lit": "yes", "length_m": 118.34, "type_element": "Way", "__fid": 115812}, "geometry": {"type": "LineString", "coordinates": [[2.4037016, 48.8764392], [2.4043854, 48.8766328], [2.4046412, 48.8766582], [2.4051345, 48.8768062], [2.405147, 48.876828], [2.4051385, 48.87684930000001]]}}, {"type": "Feature", "properties": {"highway": "footway", "footway": "crossing", "name": null, "surface": null, "lit": "yes", "length_m": 21.87, "type_element": "Way", "__fid": 115813}, "geometry": {"type": "LineString", "coordinates": [[2.4037016, 48.8764392], [2.4036915, 48.8763716], [2.4037745, 48.8762551]]}}, {"type": "Feature", "properties": {"highway": "footway", "footway": "sidewalk", "name": null, "surface": null, "lit": "yes", "length_m": 4.91, "type_element": "Way", "__fid": 115820}, "geometry": {"type": "LineString", "coordinates": [[2.4037144, 48.8762356], [2.4037745, 48.8762551]]}}, {"type": "Feature", "properties": {"highway": "footway", "footway": "sidewalk", "name": null, "surface": null, "lit": null, "length_m": 56.67, "type_element": "Way", "__fid": 115821}, "geometry": {"type": "LineString", "coordinates": [[2.403891999999899, 48.875739600000124], [2.4037144, 48.8762356]]}}, {"type": "Feature", "properties": {"highway": "service", "footway": null, "name": null, "surface": null, "lit": null, "length_m": 25.26, "type_element": "Way", "__fid": 115833}, "geometry": {"type": "LineString", "coordinates": [[2.4041011, 48.873402], [2.4037775, 48.8733242]]}}, {"type": "Feature", "properties": {"highway": "footway", "footway": "sidewalk", "name": null, "surface": "asphalt", "lit": "yes", "length_m": 57.44, "type_element": "Way", "__fid": 115834}, "geometry": {"type": "LineString", "coordinates": [[2.4037775, 48.8733242], [2.4038795, 48.8730877], [2.4038706, 48.8730623], [2.4039594, 48.8728494], [2.4039808, 48.87283020000001]]}}, {"type": "Feature", "properties": {"highway": "footway", "footway": "sidewalk", "name": null, "surface": null, "lit": null, "length_m": 8.96, "type_element": "Way", "__fid": 115844}, "geometry": {"type": "LineString", "coordinates": [[2.4037741, 48.8757185], [2.403891999999899, 48.875739600000124]]}}, {"type": "Feature", "properties": {"highway": "footway", "footway": "sidewalk", "name": null, "surface": null, "lit": "yes", "length_m": 67.65, "type_element": "Way", "__fid": 115845}, "geometry": {"type": "LineString", "coordinates": [[2.4037745, 48.8762551], [2.4046069, 48.8765171]]}}, {"type": "Feature", "properties": {"highway": "footway", "footway": "crossing", "name": null, "surface": "asphalt", "lit": "yes", "length_m": 12.13, "type_element": "Way", "__fid": 115863}, "geometry": {"type": "LineString", "coordinates": [[2.4038561, 48.8726966], [2.4040156, 48.8727255]]}}, {"type": "Feature", "properties": {"highway": "footway", "footway": "sidewalk", "name": null, "surface": "asphalt", "lit": null, "length_m": 63.68, "type_element": "Way", "__fid": 115864}, "geometry": {"type": "LineString", "coordinates": [[2.4041219, 48.872159], [2.4039506, 48.8725541], [2.403909, 48.8725731], [2.4038561, 48.8726966]]}}, {"type": "Feature", "properties": {"highway": "footway", "footway": "sidewalk", "name": null, "surface": "asphalt", "lit": null, "length_m": 2.89, "type_element": "Way", "__fid": 115871}, "geometry": {"type": "LineString", "coordinates": [[2.403923, 48.87163970000002], [2.4038836, 48.8716387]]}}, {"type": "Feature", "properties": {"highway": "footway", "footway": "sidewalk", "name": null, "surface": "asphalt", "lit": null, "length_m": 27.82, "type_element": "Way", "__fid": 115872}, "geometry": {"type": "LineString", "coordinates": [[2.4038836, 48.8716387], [2.4039717, 48.8713954]]}}, {"type": "Feature", "properties": {"highway": "service", "footway": null, "name": "Place Saint-Fargeau", "surface": "paving_stones", "lit": null, "length_m": 6.94, "type_element": "Way", "__fid": 115878}, "geometry": {"type": "LineString", "coordinates": [[2.4038976, 48.87169979999999], [2.403923, 48.87163970000002]]}}, {"type": "Feature", "properties": {"highway": "service", "footway": null, "name": null, "surface": null, "lit": null, "length_m": 57.62, "type_element": "Way", "__fid": 115882}, "geometry": {"type": "LineString", "coordinates": [[2.4041011, 48.873402], [2.4038764, 48.87389850000002]]}}, {"type": "Feature", "properties": {"highway": "footway", "footway": "sidewalk", "name": null, "surface": "asphalt", "lit": null, "length_m": 33.22, "type_element": "Way", "__fid": 115890}, "geometry": {"type": "LineString", "coordinates": [[2.4041125, 48.87155009999998], [2.4041889, 48.8716365], [2.4041823, 48.8716623], [2.403923, 48.87163970000002]]}}, {"type": "Feature", "properties": {"highway": "service", "footway": null, "name": "Place Saint-Fargeau", "surface": "paving_stones", "lit": null, "length_m": 23.31, "type_element": "Way", "__fid": 115891}, "geometry": {"type": "LineString", "coordinates": [[2.403923, 48.87163970000002], [2.404008, 48.8714377]]}}, {"type": "Feature", "properties": {"highway": "footway", "footway": "sidewalk", "name": null, "surface": null, "lit": null, "length_m": 262.5, "type_element": "Way", "__fid": 115896}, "geometry": {"type": "LineString", "coordinates": [[2.4039399, 48.871054200000025], [2.4040037, 48.871111100000014], [2.404036, 48.871071], [2.4041394, 48.8708356], [2.4041036, 48.8702788], [2.4042019, 48.8700848], [2.4044875, 48.8696112], [2.4047571, 48.8690737], [2.404721, 48.8690539], [2.4047851, 48.8689302]]}}, {"type": "Feature", "properties": {"highway": "pedestrian", "footway": null, "name": "Rue Henri Dubouillon", "surface": "sett", "lit": "yes", "length_m": 6.31, "type_element": "Way", "__fid": 115897}, "geometry": {"type": "LineString", "coordinates": [[2.4040017, 48.8727874], [2.4039227, 48.872765]]}}, {"type": "Feature", "properties": {"highway": "footway", "footway": "sidewalk", "name": null, "surface": null, "lit": null, "length_m": 21.02, "type_element": "Way", "__fid": 115898}, "geometry": {"type": "LineString", "coordinates": [[2.4040455, 48.8755941], [2.4040075, 48.8756875], [2.403891999999899, 48.875739600000124]]}}, {"type": "Feature", "properties": {"highway": "footway", "footway": "sidewalk", "name": null, "surface": "asphalt", "lit": null, "length_m": 5.4, "type_element": "Way", "__fid": 115919}, "geometry": {"type": "LineString", "coordinates": [[2.4039717, 48.8713954], [2.404008, 48.8714377]]}}, {"type": "Feature", "properties": {"highway": "footway", "footway": "sidewalk", "name": null, "surface": null, "lit": "yes", "length_m": 30.65, "type_element": "Way", "__fid": 115923}, "geometry": {"type": "LineString", "coordinates": [[2.404336699999904, 48.87473566000013], [2.4039352, 48.8746593]]}}, {"type": "Feature", "properties": {"highway": "footway", "footway": "crossing", "name": null, "surface": null, "lit": "yes", "length_m": 3.44, "type_element": "Way", "__fid": 115924}, "geometry": {"type": "LineString", "coordinates": [[2.4039352, 48.8746593], [2.4039459, 48.8746292]]}}, {"type": "Feature", "properties": {"highway": "pedestrian", "footway": null, "name": "Rue des Tourelles", "surface": "asphalt", "lit": "yes", "length_m": 36.83, "type_element": "Way", "__fid": 115927}, "geometry": {"type": "LineString", "coordinates": [[2.4039459, 48.8746292], [2.4043798, 48.8747054], [2.4043675, 48.8747395]]}}, {"type": "Feature", "properties": {"highway": "footway", "footway": "crossing", "name": null, "surface": null, "lit": "yes", "length_m": 2.22, "type_element": "Way", "__fid": 115928}, "geometry": {"type": "LineString", "coordinates": [[2.403953300000107, 48.87460980000002], [2.4039459, 48.8746292]]}}, {"type": "Feature", "properties": {"highway": "footway", "footway": "sidewalk", "name": null, "surface": null, "lit": null, "length_m": 120.87, "type_element": "Way", "__fid": 115934}, "geometry": {"type": "LineString", "coordinates": [[2.4055399, 48.874866], [2.4054711, 48.8748727], [2.404886, 48.8747743], [2.4039553, 48.8746042], [2.403953300000107, 48.87460980000002]]}}, {"type": "Feature", "properties": {"highway": "footway", "footway": "sidewalk", "name": null, "surface": "asphalt", "lit": "yes", "length_m": 63.45, "type_element": "Way", "__fid": 115940}, "geometry": {"type": "LineString", "coordinates": [[2.4039808, 48.87283020000001], [2.40402, 48.872832], [2.4046044, 48.8730132], [2.4047788, 48.8729839]]}}, {"type": "Feature", "properties": {"highway": "footway", "footway": "crossing", "name": null, "surface": "asphalt", "lit": "yes", "length_m": 5.0, "type_element": "Way", "__fid": 115941}, "geometry": {"type": "LineString", "coordinates": [[2.4040017, 48.8727874], [2.4039808, 48.87283020000001]]}}, {"type": "Feature", "properties": {"highway": "footway", "footway": "crossing", "name": null, "surface": "asphalt", "lit": "yes", "length_m": 9.85, "type_element": "Way", "__fid": 115942}, "geometry": {"type": "LineString", "coordinates": [[2.404006766666539, 48.871115433333365], [2.4040757, 48.8711915]]}}, {"type": "Feature", "properties": {"highway": "footway", "footway": "sidewalk", "name": null, "surface": "asphalt", "lit": null, "length_m": 14.66, "type_element": "Way", "__fid": 115945}, "geometry": {"type": "LineString", "coordinates": [[2.404008, 48.8714377], [2.4041125, 48.87155009999998]]}}, {"type": "Feature", "properties": {"highway": "service", "footway": null, "name": "Place Saint-Fargeau", "surface": "paving_stones", "lit": null, "length_m": 13.57, "type_element": "Way", "__fid": 115946}, "geometry": {"type": "LineString", "coordinates": [[2.404008, 48.8714377], [2.4040599, 48.8713206]]}}, {"type": "Feature", "properties": {"highway": "pedestrian", "footway": null, "name": "Rue Henri Dubouillon", "surface": "sett", "lit": "yes", "length_m": 60.28, "type_element": "Way", "__fid": 115954}, "geometry": {"type": "LineString", "coordinates": [[2.4047615, 48.872937], [2.4046219, 48.87296479999998], [2.4040017, 48.8727874]]}}, {"type": "Feature", "properties": {"highway": "footway", "footway": "crossing", "name": null, "surface": "asphalt", "lit": "yes", "length_m": 4.59, "type_element": "Way", "__fid": 115955}, "geometry": {"type": "LineString", "coordinates": [[2.404019700000094, 48.87274786666668], [2.4040017, 48.8727874]]}}, {"type": "Feature", "properties": {"highway": "footway", "footway": "sidewalk", "name": null, "surface": "asphalt", "lit": null, "length_m": 2.51, "type_element": "Way", "__fid": 115959}, "geometry": {"type": "LineString", "coordinates": [[2.404019700000094, 48.87274786666668], [2.4040156, 48.8727255]]}}, {"type": "Feature", "properties": {"highway": "footway", "footway": "sidewalk", "name": null, "surface": "asphalt", "lit": null, "length_m": 62.91, "type_element": "Way", "__fid": 115960}, "geometry": {"type": "LineString", "coordinates": [[2.4040156, 48.8727255], [2.404247, 48.8721807]]}}, {"type": "Feature", "properties": {"highway": "footway", "footway": "sidewalk", "name": null, "surface": null, "lit": null, "length_m": 14.54, "type_element": "Way", "__fid": 115961}, "geometry": {"type": "LineString", "coordinates": [[2.4040282, 48.8717505], [2.40422646666662, 48.8717523]]}}, {"type": "Feature", "properties": {"highway": "service", "footway": null, "name": null, "surface": null, "lit": null, "length_m": 5.08, "type_element": "Way", "__fid": 115962}, "geometry": {"type": "LineString", "coordinates": [[2.4040467, 48.8717065], [2.4040282, 48.8717505]]}}, {"type": "Feature", "properties": {"highway": "footway", "footway": "sidewalk", "name": null, "surface": "asphalt", "lit": "yes", "length_m": 59.01, "type_element": "Way", "__fid": 115968}, "geometry": {"type": "LineString", "coordinates": [[2.404752099999911, 48.8729099], [2.4046078, 48.8729283], [2.4040217, 48.872743], [2.404019700000094, 48.87274786666668]]}}, {"type": "Feature", "properties": {"highway": "footway", "footway": "sidewalk", "name": null, "surface": null, "lit": null, "length_m": 39.2, "type_element": "Way", "__fid": 115991}, "geometry": {"type": "LineString", "coordinates": [[2.4043308, 48.8715013], [2.4040757, 48.8711915]]}}, {"type": "Feature", "properties": {"highway": "footway", "footway": "sidewalk", "name": null, "surface": null, "lit": null, "length_m": 268.83, "type_element": "Way", "__fid": 115992}, "geometry": {"type": "LineString", "coordinates": [[2.4040757, 48.8711915], [2.4041417, 48.8711531], [2.4042326, 48.8709556], [2.404197, 48.870913500000015], [2.4042299, 48.87084020000001], [2.4042768, 48.8708183], [2.404239, 48.870295], [2.4041995, 48.8702773], [2.4044834, 48.869711], [2.4045364, 48.8697011], [2.4045861, 48.869603], [2.4045447, 48.8695915], [2.4048489, 48.8689797], [2.404872591507896, 48.86895960720217]]}}, {"type": "Feature", "properties": {"highway": "footway", "footway": null, "name": "Passage des Tourelles", "surface": "asphalt", "lit": null, "length_m": 9.09, "type_element": "Way", "__fid": 115998}, "geometry": {"type": "LineString", "coordinates": [[2.4040455, 48.8755941], [2.4040822, 48.875516]]}}, {"type": "Feature", "properties": {"highway": "footway", "footway": "crossing", "name": null, "surface": "asphalt", "lit": null, "length_m": 16.91, "type_element": "Way", "__fid": 116013}, "geometry": {"type": "LineString", "coordinates": [[2.4043308, 48.8715013], [2.4041125, 48.87155009999998]]}}, {"type": "Feature", "properties": {"highway": "service", "footway": null, "name": null, "surface": null, "lit": null, "length_m": 54.8, "type_element": "Way", "__fid": 116022}, "geometry": {"type": "LineString", "coordinates": [[2.4048145, 48.8735484], [2.4041011, 48.873402]]}}, {"type": "Feature", "properties": {"highway": "service", "footway": null, "name": null, "surface": null, "lit": null, "length_m": 19.11, "type_element": "Way", "__fid": 116023}, "geometry": {"type": "LineString", "coordinates": [[2.4041672, 48.8732358], [2.4041011, 48.873402]]}}, {"type": "Feature", "properties": {"highway": "footway", "footway": "sidewalk", "name": null, "surface": null, "lit": "yes", "length_m": 115.28, "type_element": "Way", "__fid": 116030}, "geometry": {"type": "LineString", "coordinates": [[2.4040822, 48.875516], [2.4044336, 48.87558370000002], [2.4047476, 48.8748669], [2.4048072, 48.8748375]]}}, {"type": "Feature", "properties": {"highway": "footway", "footway": "sidewalk", "name": null, "surface": null, "lit": "yes", "length_m": 89.04, "type_element": "Way", "__fid": 116031}, "geometry": {"type": "LineString", "coordinates": [[2.4040822, 48.875516], [2.4040738, 48.8754749], [2.404336699999904, 48.87473566000013]]}}, {"type": "Feature", "properties": {"highway": "footway", "footway": "crossing", "name": null, "surface": "asphalt", "lit": "yes", "length_m": 9.49, "type_element": "Way", "__fid": 116032}, "geometry": {"type": "LineString", "coordinates": [[2.4041219, 48.872159], [2.404247, 48.8721807]]}}, {"type": "Feature", "properties": {"highway": "footway", "footway": "sidewalk", "name": null, "surface": "asphalt", "lit": null, "length_m": 29.11, "type_element": "Way", "__fid": 116033}, "geometry": {"type": "LineString", "coordinates": [[2.4042292, 48.871907], [2.4041219, 48.872159]]}}, {"type": "Feature", "properties": {"highway": "footway", "footway": "sidewalk", "name": null, "surface": null, "lit": null, "length_m": 80.62, "type_element": "Way", "__fid": 116052}, "geometry": {"type": "LineString", "coordinates": [[2.4051385, 48.87684930000001], [2.4040939, 48.877075]]}}, {"type": "Feature", "properties": {"highway": "footway", "footway": "crossing", "name": null, "surface": "asphalt", "lit": "no", "length_m": 10.09, "type_element": "Way", "__fid": 116070}, "geometry": {"type": "LineString", "coordinates": [[2.404183966666608, 48.87166596666666], [2.40422646666662, 48.8717523]]}}, {"type": "Feature", "properties": {"highway": "footway", "footway": "crossing", "name": null, "surface": null, "lit": "yes", "length_m": 1.83, "type_element": "Way", "__fid": 116074}, "geometry": {"type": "LineString", "coordinates": [[2.404176, 48.875268800000015], [2.404151799999987, 48.87526493333335]]}}, {"type": "Feature", "properties": {"highway": "footway", "footway": "sidewalk", "name": null, "surface": "asphalt", "lit": "yes", "length_m": 89.0, "type_element": "Way", "__fid": 116075}, "geometry": {"type": "LineString", "coordinates": [[2.4052708, 48.8768939], [2.4052282, 48.87692349999998], [2.4041317, 48.8771556]]}}, {"type": "Feature", "properties": {"highway": "footway", "footway": "crossing", "name": null, "surface": null, "lit": "yes", "length_m": 1.92, "type_element": "Way", "__fid": 116091}, "geometry": {"type": "LineString", "coordinates": [[2.404201499999987, 48.875272700000046], [2.404176, 48.875268800000015]]}}, {"type": "Feature", "properties": {"highway": "living_street", "footway": null, "name": "Passage des Tourelles", "surface": "asphalt", "lit": "yes", "length_m": 134.16, "type_element": "Way", "__fid": 116092}, "geometry": {"type": "LineString", "coordinates": [[2.404176, 48.875268800000015], [2.4040997, 48.8754827], [2.4041076, 48.8754906], [2.4043933, 48.87554630000001], [2.4044213, 48.87553950000002], [2.4047431, 48.87482590000001], [2.4047608, 48.8748141]]}}, {"type": "Feature", "properties": {"highway": "living_street", "footway": null, "name": "Passage des Tourelles", "surface": "asphalt", "lit": "yes", "length_m": 60.51, "type_element": "Way", "__fid": 116093}, "geometry": {"type": "LineString", "coordinates": [[2.4043675, 48.8747395], [2.404176, 48.875268800000015]]}}, {"type": "Feature", "properties": {"highway": "footway", "footway": "sidewalk", "name": null, "surface": "asphalt", "lit": null, "length_m": 18.31, "type_element": "Way", "__fid": 116100}, "geometry": {"type": "LineString", "coordinates": [[2.40422646666662, 48.8717523], [2.4042698, 48.87181540000001], [2.4042292, 48.871907]]}}, {"type": "Feature", "properties": {"highway": "footway", "footway": "crossing", "name": null, "surface": "asphalt", "lit": "yes", "length_m": 9.73, "type_element": "Way", "__fid": 116104}, "geometry": {"type": "LineString", "coordinates": [[2.4043574, 48.8719295], [2.4042292, 48.871907]]}}, {"type": "Feature", "properties": {"highway": "footway", "footway": "sidewalk", "name": null, "surface": null, "lit": null, "length_m": 60.66, "type_element": "Way", "__fid": 116108}, "geometry": {"type": "LineString", "coordinates": [[2.404201499999987, 48.875272700000046], [2.40439364, 48.87474208000002]]}}, {"type": "Feature", "properties": {"highway": "footway", "footway": "sidewalk", "name": null, "surface": null, "lit": null, "length_m": 125.86, "type_element": "Way", "__fid": 116109}, "geometry": {"type": "LineString", "coordinates": [[2.404201499999987, 48.875272700000046], [2.4041394, 48.875454], [2.4041665, 48.8754805], [2.4043861, 48.8755244], [2.4044025, 48.8755175], [2.404723766666595, 48.87479820000008]]}}, {"type": "Feature", "properties": {"highway": "footway", "footway": "sidewalk", "name": null, "surface": "asphalt", "lit": null, "length_m": 6.03, "type_element": "Way", "__fid": 116112}, "geometry": {"type": "LineString", "coordinates": [[2.404247, 48.8721807], [2.4042696, 48.8721286]]}}, {"type": "Feature", "properties": {"highway": "footway", "footway": "sidewalk", "name": null, "surface": "asphalt", "lit": "yes", "length_m": 12.17, "type_element": "Way", "__fid": 116123}, "geometry": {"type": "LineString", "coordinates": [[2.4044354, 48.872133], [2.4042696, 48.8721286]]}}, {"type": "Feature", "properties": {"highway": "footway", "footway": "sidewalk", "name": null, "surface": "asphalt", "lit": null, "length_m": 23.06, "type_element": "Way", "__fid": 116124}, "geometry": {"type": "LineString", "coordinates": [[2.4042696, 48.8721286], [2.4043574, 48.8719295]]}}, {"type": "Feature", "properties": {"highway": "footway", "footway": "sidewalk", "name": null, "surface": null, "lit": null, "length_m": 4.05, "type_element": "Way", "__fid": 116134}, "geometry": {"type": "LineString", "coordinates": [[2.40436, 48.8715322], [2.4043308, 48.8715013]]}}, {"type": "Feature", "properties": {"highway": "footway", "footway": "crossing", "name": null, "surface": "asphalt", "lit": "yes", "length_m": 14.37, "type_element": "Way", "__fid": 116141}, "geometry": {"type": "LineString", "coordinates": [[2.4044512, 48.87164660000001], [2.40436, 48.8715322]]}}, {"type": "Feature", "properties": {"highway": "footway", "footway": "sidewalk", "name": null, "surface": null, "lit": null, "length_m": 53.93, "type_element": "Way", "__fid": 116142}, "geometry": {"type": "LineString", "coordinates": [[2.4045852, 48.871074], [2.4044216, 48.8714722], [2.40436, 48.8715322]]}}, {"type": "Feature", "properties": {"highway": "footway", "footway": "sidewalk", "name": null, "surface": "asphalt", "lit": null, "length_m": 7.05, "type_element": "Way", "__fid": 116145}, "geometry": {"type": "LineString", "coordinates": [[2.4043574, 48.8719295], [2.4043833, 48.8719906]]}}, {"type": "Feature", "properties": {"highway": "footway", "footway": "crossing", "name": null, "surface": null, "lit": "yes", "length_m": 2.3, "type_element": "Way", "__fid": 116148}, "geometry": {"type": "LineString", "coordinates": [[2.4043675, 48.8747395], [2.404336699999904, 48.87473566000013]]}}, {"type": "Feature", "properties": {"highway": "footway", "footway": "sidewalk", "name": null, "surface": "asphalt", "lit": "yes", "length_m": 16.29, "type_element": "Way", "__fid": 116153}, "geometry": {"type": "LineString", "coordinates": [[2.4043833, 48.8719906], [2.4044354, 48.872133]]}}, {"type": "Feature", "properties": {"highway": "footway", "footway": "crossing", "name": null, "surface": "asphalt", "lit": "yes", "length_m": 16.75, "type_element": "Way", "__fid": 116154}, "geometry": {"type": "LineString", "coordinates": [[2.4043833, 48.8719906], [2.4046048, 48.871953900000015]]}}, {"type": "Feature", "properties": {"highway": "footway", "footway": "crossing", "name": null, "surface": null, "lit": "yes", "length_m": 1.94, "type_element": "Way", "__fid": 116158}, "geometry": {"type": "LineString", "coordinates": [[2.40439364, 48.87474208000002], [2.4043675, 48.8747395]]}}, {"type": "Feature", "properties": {"highway": "footway", "footway": "sidewalk", "name": null, "surface": null, "lit": "yes", "length_m": 25.01, "type_element": "Way", "__fid": 116183}, "geometry": {"type": "LineString", "coordinates": [[2.404723766666595, 48.87479820000008], [2.40439364, 48.87474208000002]]}}, {"type": "Feature", "properties": {"highway": "footway", "footway": "sidewalk", "name": null, "surface": "asphalt", "lit": "yes", "length_m": 89.46, "type_element": "Way", "__fid": 116193}, "geometry": {"type": "LineString", "coordinates": [[2.4044354, 48.872133], [2.404752099999911, 48.8729099]]}}, {"type": "Feature", "properties": {"highway": "footway", "footway": "sidewalk", "name": null, "surface": null, "lit": null, "length_m": 6.46, "type_element": "Way", "__fid": 116197}, "geometry": {"type": "LineString", "coordinates": [[2.4044512, 48.87164660000001], [2.4044867, 48.87169979999999]]}}, {"type": "Feature", "properties": {"highway": "footway", "footway": "sidewalk", "name": null, "surface": null, "lit": null, "length_m": 64.66, "type_element": "Way", "__fid": 116198}, "geometry": {"type": "LineString", "coordinates": [[2.4047682, 48.871109200000014], [2.4046674, 48.8712058], [2.4045273, 48.8715326], [2.4044512, 48.87164660000001]]}}, {"type": "Feature", "properties": {"highway": "footway", "footway": "sidewalk", "name": null, "surface": null, "lit": null, "length_m": 136.0, "type_element": "Way", "__fid": 116231}, "geometry": {"type": "LineString", "coordinates": [[2.4044867, 48.87169979999999], [2.4061828, 48.8721938]]}}, {"type": "Feature", "properties": {"highway": "footway", "footway": "crossing", "name": null, "surface": "asphalt", "lit": "yes", "length_m": 12.59, "type_element": "Way", "__fid": 116232}, "geometry": {"type": "LineString", "coordinates": [[2.4044867, 48.87169979999999], [2.4045446, 48.87180640000001]]}}, {"type": "Feature", "properties": {"highway": "footway", "footway": "sidewalk", "name": null, "surface": null, "lit": "yes", "length_m": 108.59, "type_element": "Way", "__fid": 116259}, "geometry": {"type": "LineString", "coordinates": [[2.4045446, 48.87180640000001], [2.40464, 48.8718169], [2.4059038, 48.87218859999999]]}}, {"type": "Feature", "properties": {"highway": "footway", "footway": "sidewalk", "name": null, "surface": "asphalt", "lit": null, "length_m": 16.99, "type_element": "Way", "__fid": 116260}, "geometry": {"type": "LineString", "coordinates": [[2.4046048, 48.871953900000015], [2.4045446, 48.87180640000001]]}}, {"type": "Feature", "properties": {"highway": "footway", "footway": "crossing", "name": null, "surface": null, "lit": "yes", "length_m": 13.98, "type_element": "Way", "__fid": 116274}, "geometry": {"type": "LineString", "coordinates": [[2.4045852, 48.871074], [2.4047682, 48.871109200000014]]}}, {"type": "Feature", "properties": {"highway": "footway", "footway": "sidewalk", "name": null, "surface": null, "lit": null, "length_m": 34.93, "type_element": "Way", "__fid": 116275}, "geometry": {"type": "LineString", "coordinates": [[2.404717866666516, 48.87077230000013], [2.4045852, 48.871074]]}}, {"type": "Feature", "properties": {"highway": "service", "footway": null, "name": null, "surface": null, "lit": null, "length_m": 58.13, "type_element": "Way", "__fid": 116286}, "geometry": {"type": "LineString", "coordinates": [[2.404978, 48.8740693], [2.4049603, 48.8741448], [2.4048839, 48.8742453], [2.4047782, 48.8743264], [2.404646, 48.8743979], [2.4045946, 48.87444330000001], [2.4045608, 48.87449640000001]]}}, {"type": "Feature", "properties": {"highway": "footway", "footway": "sidewalk", "name": null, "surface": null, "lit": null, "length_m": 116.09, "type_element": "Way", "__fid": 116290}, "geometry": {"type": "LineString", "coordinates": [[2.4049907, 48.8729664], [2.4046048, 48.871953900000015]]}}, {"type": "Feature", "properties": {"highway": "service", "footway": null, "name": null, "surface": null, "lit": null, "length_m": 6.41, "type_element": "Way", "__fid": 116298}, "geometry": {"type": "LineString", "coordinates": [[2.4045672, 48.8765685], [2.4046069, 48.8765171]]}}, {"type": "Feature", "properties": {"highway": "footway", "footway": "sidewalk", "name": null, "surface": null, "lit": "yes", "length_m": 75.86, "type_element": "Way", "__fid": 116316}, "geometry": {"type": "LineString", "coordinates": [[2.4046069, 48.8765171], [2.4055302, 48.8768246]]}}, {"type": "Feature", "properties": {"highway": "service", "footway": null, "name": null, "surface": null, "lit": null, "length_m": 19.48, "type_element": "Way", "__fid": 116317}, "geometry": {"type": "LineString", "coordinates": [[2.4046069, 48.8765171], [2.4047254, 48.8763603]]}}, {"type": "Feature", "properties": {"highway": "footway", "footway": "crossing", "name": null, "surface": null, "lit": "yes", "length_m": 3.24, "type_element": "Way", "__fid": 116359}, "geometry": {"type": "LineString", "coordinates": [[2.4047608, 48.8748141], [2.404723766666595, 48.87479820000008]]}}, {"type": "Feature", "properties": {"highway": "footway", "footway": "sidewalk", "name": null, "surface": null, "lit": null, "length_m": 27.35, "type_element": "Way", "__fid": 116363}, "geometry": {"type": "LineString", "coordinates": [[2.404972466666456, 48.87090343333343], [2.4047682, 48.871109200000014]]}}, {"type": "Feature", "properties": {"highway": "footway", "footway": "crossing", "name": null, "surface": "asphalt", "lit": "yes", "length_m": 3.09, "type_element": "Way", "__fid": 116364}, "geometry": {"type": "LineString", "coordinates": [[2.4047615, 48.872937], [2.404752099999911, 48.8729099]]}}, {"type": "Feature", "properties": {"highway": "footway", "footway": "crossing", "name": null, "surface": "asphalt", "lit": "yes", "length_m": 5.37, "type_element": "Way", "__fid": 116369}, "geometry": {"type": "LineString", "coordinates": [[2.4047788, 48.8729839], [2.4047615, 48.872937]]}}, {"type": "Feature", "properties": {"highway": "pedestrian", "footway": null, "name": "Rue Henri Dubouillon", "surface": "sett", "lit": "yes", "length_m": 7.02, "type_element": "Way", "__fid": 116370}, "geometry": {"type": "LineString", "coordinates": [[2.4048503, 48.8729135], [2.4047615, 48.872937]]}}, {"type": "Feature", "properties": {"highway": "footway", "footway": "sidewalk", "name": null, "surface": "asphalt", "lit": null, "length_m": 2.28, "type_element": "Way", "__fid": 116377}, "geometry": {"type": "LineString", "coordinates": [[2.4047788, 48.8729839], [2.4047878, 48.8730035]]}}, {"type": "Feature", "properties": {"highway": "footway", "footway": "crossing", "name": null, "surface": null, "lit": "yes", "length_m": 4.28, "type_element": "Way", "__fid": 116379}, "geometry": {"type": "LineString", "coordinates": [[2.4048072, 48.8748375], [2.4047608, 48.8748141]]}}, {"type": "Feature", "properties": {"highway": "living_street", "footway": null, "name": "Passage des Tourelles", "surface": "asphalt", "lit": "yes", "length_m": 4.63, "type_element": "Way", "__fid": 116380}, "geometry": {"type": "LineString", "coordinates": [[2.4047608, 48.8748141], [2.4048043, 48.8747839]]}}, {"type": "Feature", "properties": {"highway": "footway", "footway": "sidewalk", "name": null, "surface": null, "lit": null, "length_m": 61.55, "type_element": "Way", "__fid": 116383}, "geometry": {"type": "LineString", "coordinates": [[2.4047878, 48.8730035], [2.4049882, 48.873541]]}}, {"type": "Feature", "properties": {"highway": "footway", "footway": "crossing", "name": null, "surface": "asphalt", "lit": null, "length_m": 15.44, "type_element": "Way", "__fid": 116384}, "geometry": {"type": "LineString", "coordinates": [[2.4047878, 48.8730035], [2.4049907, 48.8729664]]}}, {"type": "Feature", "properties": {"highway": "service", "footway": null, "name": null, "surface": null, "lit": null, "length_m": 4.64, "type_element": "Way", "__fid": 116398}, "geometry": {"type": "LineString", "coordinates": [[2.4048751, 48.8735604], [2.4048145, 48.8735484]]}}, {"type": "Feature", "properties": {"highway": "service", "footway": null, "name": null, "surface": null, "lit": null, "length_m": 60.25, "type_element": "Way", "__fid": 116399}, "geometry": {"type": "LineString", "coordinates": [[2.4048145, 48.8735484], [2.4048061, 48.8736126], [2.4049765, 48.8739207], [2.4049882, 48.874026], [2.404978, 48.8740693]]}}, {"type": "Feature", "properties": {"highway": "footway", "footway": "sidewalk", "name": null, "surface": null, "lit": "yes", "length_m": 55.52, "type_element": "Way", "__fid": 116403}, "geometry": {"type": "LineString", "coordinates": [[2.4048072, 48.8748375], [2.405539, 48.874965]]}}, {"type": "Feature", "properties": {"highway": "service", "footway": null, "name": null, "surface": null, "lit": null, "length_m": 54.95, "type_element": "Way", "__fid": 116422}, "geometry": {"type": "LineString", "coordinates": [[2.4048751, 48.8735604], [2.4048928, 48.8736203], [2.4050523, 48.87390760000001], [2.4051024, 48.8740304]]}}, {"type": "Feature", "properties": {"highway": "service", "footway": null, "name": null, "surface": null, "lit": null, "length_m": 8.57, "type_element": "Way", "__fid": 116423}, "geometry": {"type": "LineString", "coordinates": [[2.4049882, 48.873541], [2.4048751, 48.8735604]]}}, {"type": "Feature", "properties": {"highway": "footway", "footway": null, "name": null, "surface": null, "lit": null, "length_m": 15.78, "type_element": "Way", "__fid": 116473}, "geometry": {"type": "LineString", "coordinates": [[2.4051882, 48.874039], [2.404978, 48.8740693]]}}, {"type": "Feature", "properties": {"highway": "footway", "footway": "sidewalk", "name": null, "surface": null, "lit": null, "length_m": 36.65, "type_element": "Way", "__fid": 116474}, "geometry": {"type": "LineString", "coordinates": [[2.4051264, 48.8732836], [2.4049907, 48.8729664]]}}, {"type": "Feature", "properties": {"highway": "footway", "footway": "sidewalk", "name": null, "surface": null, "lit": null, "length_m": 57.29, "type_element": "Way", "__fid": 116479}, "geometry": {"type": "LineString", "coordinates": [[2.4049882, 48.873541], [2.4051882, 48.874039]]}}, {"type": "Feature", "properties": {"highway": "service", "footway": null, "name": null, "surface": null, "lit": null, "length_m": 7.74, "type_element": "Way", "__fid": 116480}, "geometry": {"type": "LineString", "coordinates": [[2.4050899, 48.8735225], [2.4049882, 48.873541]]}}, {"type": "Feature", "properties": {"highway": "service", "footway": null, "name": null, "surface": null, "lit": null, "length_m": 9.39, "type_element": "Way", "__fid": 116487}, "geometry": {"type": "LineString", "coordinates": [[2.4050028, 48.8733057], [2.4051264, 48.8732836]]}}, {"type": "Feature", "properties": {"highway": "footway", "footway": "sidewalk", "name": null, "surface": null, "lit": null, "length_m": 42.39, "type_element": "Way", "__fid": 116542}, "geometry": {"type": "LineString", "coordinates": [[2.4052768, 48.8736517], [2.4051264, 48.8732836]]}}, {"type": "Feature", "properties": {"highway": "service", "footway": null, "name": null, "surface": null, "lit": null, "length_m": 12.84, "type_element": "Way", "__fid": 116543}, "geometry": {"type": "LineString", "coordinates": [[2.4051264, 48.8732836], [2.4051433, 48.8732801], [2.4051766, 48.8731787]]}}, {"type": "Feature", "properties": {"highway": "service", "footway": null, "name": null, "surface": null, "lit": null, "length_m": 9.68, "type_element": "Way", "__fid": 116567}, "geometry": {"type": "LineString", "coordinates": [[2.4051492, 48.873674], [2.4052768, 48.8736517]]}}, {"type": "Feature", "properties": {"highway": "footway", "footway": "crossing", "name": null, "surface": "asphalt", "lit": "yes", "length_m": 10.9, "type_element": "Way", "__fid": 116580}, "geometry": {"type": "LineString", "coordinates": [[2.4052708, 48.8768939], [2.4051385, 48.87684930000001]]}}, {"type": "Feature", "properties": {"highway": "service", "footway": null, "name": null, "surface": null, "lit": null, "length_m": 9.75, "type_element": "Way", "__fid": 116582}, "geometry": {"type": "LineString", "coordinates": [[2.4051809, 48.87375020000001], [2.4053093, 48.8737276]]}}, {"type": "Feature", "properties": {"highway": "footway", "footway": "sidewalk", "name": null, "surface": null, "lit": null, "length_m": 95.88, "type_element": "Way", "__fid": 116591}, "geometry": {"type": "LineString", "coordinates": [[2.4051882, 48.874039], [2.4055063, 48.8748405], [2.4055399, 48.874866]]}}, {"type": "Feature", "properties": {"highway": "footway", "footway": "crossing", "name": null, "surface": null, "lit": null, "length_m": 17.48, "type_element": "Way", "__fid": 116592}, "geometry": {"type": "LineString", "coordinates": [[2.4054084, 48.8739868], [2.405233, 48.87401480000002], [2.4051882, 48.874039]]}}, {"type": "Feature", "properties": {"highway": "footway", "footway": "sidewalk", "name": null, "surface": null, "lit": null, "length_m": 8.77, "type_element": "Way", "__fid": 116624}, "geometry": {"type": "LineString", "coordinates": [[2.4053093, 48.8737276], [2.4052768, 48.8736517]]}}, {"type": "Feature", "properties": {"highway": "service", "footway": null, "name": null, "surface": null, "lit": null, "length_m": 56.48, "type_element": "Way", "__fid": 116625}, "geometry": {"type": "LineString", "coordinates": [[2.4052768, 48.8736517], [2.4055514, 48.8735981], [2.4056175, 48.8735575], [2.4056513, 48.8735102], [2.4056337, 48.87338949999998], [2.405661, 48.8733055]]}}, {"type": "Feature", "properties": {"highway": "footway", "footway": "sidewalk", "name": null, "surface": "asphalt", "lit": "yes", "length_m": 15.1, "type_element": "Way", "__fid": 116630}, "geometry": {"type": "LineString", "coordinates": [[2.4054562, 48.8769529], [2.4052708, 48.8768939]]}}, {"type": "Feature", "properties": {"highway": "footway", "footway": "sidewalk", "name": null, "surface": null, "lit": null, "length_m": 29.72, "type_element": "Way", "__fid": 116631}, "geometry": {"type": "LineString", "coordinates": [[2.4054084, 48.8739868], [2.4053093, 48.8737276]]}}, {"type": "Feature", "properties": {"highway": "service", "footway": null, "name": null, "surface": null, "lit": null, "length_m": 8.67, "type_element": "Way", "__fid": 116632}, "geometry": {"type": "LineString", "coordinates": [[2.4053093, 48.8737276], [2.4054238, 48.8737083]]}}, {"type": "Feature", "properties": {"highway": "footway", "footway": "sidewalk", "name": null, "surface": "asphalt", "lit": null, "length_m": 97.14, "type_element": "Way", "__fid": 116681}, "geometry": {"type": "LineString", "coordinates": [[2.4057462, 48.8748315], [2.4054084, 48.8739868]]}}, {"type": "Feature", "properties": {"highway": "footway", "footway": "crossing", "name": null, "surface": null, "lit": "yes", "length_m": 15.26, "type_element": "Way", "__fid": 116711}, "geometry": {"type": "LineString", "coordinates": [[2.4054562, 48.8769529], [2.4055302, 48.8768246]]}}, {"type": "Feature", "properties": {"highway": "footway", "footway": "crossing", "name": null, "surface": null, "lit": "yes", "length_m": 11.34, "type_element": "Way", "__fid": 116741}, "geometry": {"type": "LineString", "coordinates": [[2.405539, 48.874965], [2.4055547, 48.8748856], [2.4055399, 48.874866]]}}, {"type": "Feature", "properties": {"highway": "footway", "footway": "crossing", "name": null, "surface": "asphalt", "lit": "yes", "length_m": 15.61, "type_element": "Way", "__fid": 116742}, "geometry": {"type": "LineString", "coordinates": [[2.4057462, 48.8748315], [2.4055399, 48.874866]]}}, {"type": "Feature", "properties": {"highway": "footway", "footway": "sidewalk", "name": null, "surface": null, "lit": null, "length_m": 31.04, "type_element": "Way", "__fid": 116743}, "geometry": {"type": "LineString", "coordinates": [[2.4056821, 48.8752219], [2.4055989, 48.8750082], [2.405539, 48.874965]]}}, {"type": "Feature", "properties": {"highway": "footway", "footway": "sidewalk", "name": null, "surface": null, "lit": "yes", "length_m": 46.21, "type_element": "Way", "__fid": 116749}, "geometry": {"type": "LineString", "coordinates": [[2.4055302, 48.8768246], [2.4061238, 48.876964]]}}, {"type": "Feature", "properties": {"highway": "service", "footway": null, "name": null, "surface": null, "lit": null, "length_m": 18.53, "type_element": "Way", "__fid": 116801}, "geometry": {"type": "LineString", "coordinates": [[2.4059062, 48.87326539999999], [2.405661, 48.8733055]]}}, {"type": "Feature", "properties": {"highway": "footway", "footway": "sidewalk", "name": null, "surface": null, "lit": null, "length_m": 187.16, "type_element": "Way", "__fid": 116821}, "geometry": {"type": "LineString", "coordinates": [[2.4063258, 48.8768503], [2.406298, 48.8768011], [2.4058494, 48.87567], [2.4056821, 48.8752219]]}}, {"type": "Feature", "properties": {"highway": "footway", "footway": "crossing", "name": null, "surface": null, "lit": null, "length_m": 15.77, "type_element": "Way", "__fid": 116822}, "geometry": {"type": "LineString", "coordinates": [[2.4056821, 48.8752219], [2.4058898, 48.8751852]]}}, {"type": "Feature", "properties": {"highway": "footway", "footway": "sidewalk", "name": null, "surface": null, "lit": "yes", "length_m": 20.26, "type_element": "Way", "__fid": 116858}, "geometry": {"type": "LineString", "coordinates": [[2.405818443172542, 48.87500732546634], [2.4057462, 48.8748315]]}}, {"type": "Feature", "properties": {"highway": "footway", "footway": "sidewalk", "name": null, "surface": null, "lit": "yes", "length_m": 122.07, "type_element": "Way", "__fid": 116898}, "geometry": {"type": "LineString", "coordinates": [[2.407425333333422, 48.875293133333344], [2.405818443172542, 48.87500732546634]]}}, {"type": "Feature", "properties": {"highway": "footway", "footway": "sidewalk", "name": null, "surface": null, "lit": "yes", "length_m": 0.43, "type_element": "Way", "__fid": 116899}, "geometry": {"type": "LineString", "coordinates": [[2.405818443172542, 48.87500732546634], [2.405819966666607, 48.87501103333334]]}}, {"type": "Feature", "properties": {"highway": "footway", "footway": "crossing", "name": null, "surface": null, "lit": "yes", "length_m": 12.09, "type_element": "Way", "__fid": 116900}, "geometry": {"type": "LineString", "coordinates": [[2.4058486, 48.8751181], [2.405819966666607, 48.87501103333334]]}}, {"type": "Feature", "properties": {"highway": "service", "footway": null, "name": null, "surface": null, "lit": null, "length_m": 11.8, "type_element": "Way", "__fid": 116909}, "geometry": {"type": "LineString", "coordinates": [[2.405857, 48.87229009999999], [2.4059038, 48.87218859999999]]}}, {"type": "Feature", "properties": {"highway": "footway", "footway": "sidewalk", "name": null, "surface": "asphalt", "lit": "yes", "length_m": 8.43, "type_element": "Way", "__fid": 116916}, "geometry": {"type": "LineString", "coordinates": [[2.4058898, 48.8751852], [2.4058479, 48.8751459], [2.4058486, 48.8751181]]}}, {"type": "Feature", "properties": {"highway": "footway", "footway": "sidewalk", "name": null, "surface": null, "lit": "yes", "length_m": 28.65, "type_element": "Way", "__fid": 116917}, "geometry": {"type": "LineString", "coordinates": [[2.4058486, 48.8751181], [2.4059362, 48.8750929], [2.4062212, 48.87514330000001]]}}, {"type": "Feature", "properties": {"highway": "footway", "footway": "sidewalk", "name": null, "surface": null, "lit": "yes", "length_m": 3.84, "type_element": "Way", "__fid": 116924}, "geometry": {"type": "LineString", "coordinates": [[2.4059038, 48.87218859999999], [2.405952, 48.872202]]}}, {"type": "Feature", "properties": {"highway": "service", "footway": null, "name": null, "surface": null, "lit": null, "length_m": 4.51, "type_element": "Way", "__fid": 116925}, "geometry": {"type": "LineString", "coordinates": [[2.4059038, 48.87218859999999], [2.4059225, 48.87215]]}}, {"type": "Feature", "properties": {"highway": "service", "footway": null, "name": null, "surface": null, "lit": null, "length_m": 12.1, "type_element": "Way", "__fid": 116926}, "geometry": {"type": "LineString", "coordinates": [[2.405904, 48.87230610000001], [2.405952, 48.872202]]}}, {"type": "Feature", "properties": {"highway": "service", "footway": null, "name": null, "surface": null, "lit": null, "length_m": 11.69, "type_element": "Way", "__fid": 116939}, "geometry": {"type": "LineString", "coordinates": [[2.4059062, 48.87326539999999], [2.4059509, 48.8733663]]}}, {"type": "Feature", "properties": {"highway": "footway", "footway": "sidewalk", "name": null, "surface": "asphalt", "lit": "yes", "length_m": 40.95, "type_element": "Way", "__fid": 116943}, "geometry": {"type": "LineString", "coordinates": [[2.406036, 48.875540600000015], [2.4058898, 48.8751852]]}}, {"type": "Feature", "properties": {"highway": "footway", "footway": "sidewalk", "name": null, "surface": null, "lit": "yes", "length_m": 14.86, "type_element": "Way", "__fid": 116953}, "geometry": {"type": "LineString", "coordinates": [[2.405952, 48.872202], [2.4061391, 48.8722533]]}}, {"type": "Feature", "properties": {"highway": "service", "footway": null, "name": null, "surface": null, "lit": null, "length_m": 4.47, "type_element": "Way", "__fid": 116954}, "geometry": {"type": "LineString", "coordinates": [[2.405952, 48.872202], [2.4059699, 48.8721636]]}}, {"type": "Feature", "properties": {"highway": "footway", "footway": "sidewalk", "name": null, "surface": null, "lit": "yes", "length_m": 15.75, "type_element": "Way", "__fid": 117040}, "geometry": {"type": "LineString", "coordinates": [[2.4060985, 48.8756761], [2.406036, 48.875540600000015]]}}, {"type": "Feature", "properties": {"highway": "footway", "footway": "link", "name": null, "surface": null, "lit": null, "length_m": 47.35, "type_element": "Way", "__fid": 117041}, "geometry": {"type": "LineString", "coordinates": [[2.4062212, 48.87514330000001], [2.4060908, 48.875515], [2.406036, 48.875540600000015]]}}, {"type": "Feature", "properties": {"highway": "footway", "footway": "sidewalk", "name": null, "surface": null, "lit": "yes", "length_m": 78.85, "type_element": "Way", "__fid": 117088}, "geometry": {"type": "LineString", "coordinates": [[2.4060985, 48.8756761], [2.4071404, 48.8758508]]}}, {"type": "Feature", "properties": {"highway": "footway", "footway": "crossing", "name": null, "surface": null, "lit": "yes", "length_m": 10.22, "type_element": "Way", "__fid": 117089}, "geometry": {"type": "LineString", "coordinates": [[2.4060985, 48.8756761], [2.406139, 48.875764]]}}, {"type": "Feature", "properties": {"highway": "footway", "footway": "sidewalk", "name": null, "surface": null, "lit": "yes", "length_m": 95.39, "type_element": "Way", "__fid": 117090}, "geometry": {"type": "LineString", "coordinates": [[2.4061391, 48.8722533], [2.4073269, 48.8726025]]}}, {"type": "Feature", "properties": {"highway": "footway", "footway": "crossing", "name": null, "surface": null, "lit": "yes", "length_m": 7.35, "type_element": "Way", "__fid": 117091}, "geometry": {"type": "LineString", "coordinates": [[2.4061391, 48.8722533], [2.4061828, 48.8721938]]}}, {"type": "Feature", "properties": {"highway": "footway", "footway": "sidewalk", "name": null, "surface": null, "lit": "yes", "length_m": 19.51, "type_element": "Way", "__fid": 117125}, "geometry": {"type": "LineString", "coordinates": [[2.4061238, 48.876964], [2.4062146, 48.8769066], [2.4063258, 48.8768503]]}}, {"type": "Feature", "properties": {"highway": "footway", "footway": "sidewalk", "name": null, "surface": "paving_stones", "lit": "yes", "length_m": 73.3, "type_element": "Way", "__fid": 117126}, "geometry": {"type": "LineString", "coordinates": [[2.407106933333447, 48.875928033333345], [2.406139, 48.875764]]}}, {"type": "Feature", "properties": {"highway": "footway", "footway": "sidewalk", "name": null, "surface": null, "lit": "yes", "length_m": 88.9, "type_element": "Way", "__fid": 117127}, "geometry": {"type": "LineString", "coordinates": [[2.406139, 48.875764], [2.4064402, 48.8765384]]}}, {"type": "Feature", "properties": {"highway": "footway", "footway": "sidewalk", "name": null, "surface": null, "lit": null, "length_m": 143.58, "type_element": "Way", "__fid": 117129}, "geometry": {"type": "LineString", "coordinates": [[2.4061828, 48.8721938], [2.4066295, 48.8723255], [2.4068447, 48.8723371], [2.4079906, 48.8726702]]}}, {"type": "Feature", "properties": {"highway": "footway", "footway": null, "name": null, "surface": "compacted", "lit": "no", "length_m": 12.05, "type_element": "Way", "__fid": 117171}, "geometry": {"type": "LineString", "coordinates": [[2.406319, 48.8759066], [2.4062044, 48.875829]]}}, {"type": "Feature", "properties": {"highway": "footway", "footway": "sidewalk", "name": null, "surface": null, "lit": "yes", "length_m": 89.7, "type_element": "Way", "__fid": 117179}, "geometry": {"type": "LineString", "coordinates": [[2.4062212, 48.87514330000001], [2.4074021, 48.8753531]]}}, {"type": "Feature", "properties": {"highway": "footway", "footway": "link", "name": null, "surface": null, "lit": null, "length_m": 3.94, "type_element": "Way", "__fid": 117180}, "geometry": {"type": "LineString", "coordinates": [[2.4062334, 48.8751088], [2.4062212, 48.87514330000001]]}}, {"type": "Feature", "properties": {"highway": "footway", "footway": "sidewalk", "name": null, "surface": null, "lit": "yes", "length_m": 8.5, "type_element": "Way", "__fid": 117239}, "geometry": {"type": "LineString", "coordinates": [[2.4063055, 48.8769695], [2.406328, 48.8768945]]}}, {"type": "Feature", "properties": {"highway": "footway", "footway": null, "name": null, "surface": "compacted", "lit": "yes", "length_m": 50.22, "type_element": "Way", "__fid": 117243}, "geometry": {"type": "LineString", "coordinates": [[2.406956, 48.87601590000001], [2.4068556, 48.8760335], [2.4064271, 48.8759652], [2.406319, 48.8759066]]}}, {"type": "Feature", "properties": {"highway": "footway", "footway": null, "name": null, "surface": "compacted", "lit": "no", "length_m": 52.44, "type_element": "Way", "__fid": 117244}, "geometry": {"type": "LineString", "coordinates": [[2.4065004, 48.876362800000024], [2.406319, 48.8759066]]}}, {"type": "Feature", "properties": {"highway": "footway", "footway": "sidewalk", "name": null, "surface": null, "lit": "yes", "length_m": 4.92, "type_element": "Way", "__fid": 117256}, "geometry": {"type": "LineString", "coordinates": [[2.4063258, 48.8768503], [2.406328, 48.8768945]]}}, {"type": "Feature", "properties": {"highway": "footway", "footway": "crossing", "name": null, "surface": "asphalt", "lit": "yes", "length_m": 18.64, "type_element": "Way", "__fid": 117257}, "geometry": {"type": "LineString", "coordinates": [[2.406328, 48.8768945], [2.4065133, 48.8768593], [2.4065744, 48.8768628]]}}, {"type": "Feature", "properties": {"highway": "footway", "footway": "sidewalk", "name": null, "surface": null, "lit": "yes", "length_m": 23.78, "type_element": "Way", "__fid": 117328}, "geometry": {"type": "LineString", "coordinates": [[2.4064402, 48.8765384], [2.4067642, 48.8765468]]}}, {"type": "Feature", "properties": {"highway": "footway", "footway": "sidewalk", "name": null, "surface": null, "lit": "yes", "length_m": 37.39, "type_element": "Way", "__fid": 117329}, "geometry": {"type": "LineString", "coordinates": [[2.4064402, 48.8765384], [2.4065744, 48.8768628]]}}, {"type": "Feature", "properties": {"highway": "steps", "footway": null, "name": null, "surface": "paving_stones", "lit": "yes", "length_m": 10.57, "type_element": "Way", "__fid": 117356}, "geometry": {"type": "LineString", "coordinates": [[2.4065394, 48.8764543], [2.4065004, 48.876362800000024]]}}, {"type": "Feature", "properties": {"highway": "footway", "footway": null, "name": null, "surface": "compacted", "lit": "no", "length_m": 20.24, "type_element": "Way", "__fid": 117357}, "geometry": {"type": "LineString", "coordinates": [[2.4067763, 48.8763622], [2.4065004, 48.876362800000024]]}}, {"type": "Feature", "properties": {"highway": "footway", "footway": "sidewalk", "name": null, "surface": "asphalt", "lit": "yes", "length_m": 4.23, "type_element": "Way", "__fid": 117385}, "geometry": {"type": "LineString", "coordinates": [[2.4065744, 48.8768628], [2.4066318, 48.8768661]]}}, {"type": "Feature", "properties": {"highway": "footway", "footway": "crossing", "name": null, "surface": "asphalt", "lit": "yes", "length_m": 10.86, "type_element": "Way", "__fid": 117407}, "geometry": {"type": "LineString", "coordinates": [[2.4067722, 48.8768971], [2.4066318, 48.8768661]]}}, {"type": "Feature", "properties": {"highway": "footway", "footway": "sidewalk", "name": null, "surface": "asphalt", "lit": "yes", "length_m": 24.21, "type_element": "Way", "__fid": 117408}, "geometry": {"type": "LineString", "coordinates": [[2.4066318, 48.8768661], [2.4067069, 48.87673260000001], [2.4067214, 48.8766579]]}}, {"type": "Feature", "properties": {"highway": "footway", "footway": null, "name": null, "surface": "compacted", "lit": "no", "length_m": 11.84, "type_element": "Way", "__fid": 117434}, "geometry": {"type": "LineString", "coordinates": [[2.4067152, 48.8764608], [2.4067763, 48.8763622]]}}, {"type": "Feature", "properties": {"highway": "steps", "footway": null, "name": null, "surface": null, "lit": null, "length_m": 12.81, "type_element": "Way", "__fid": 117435}, "geometry": {"type": "LineString", "coordinates": [[2.4067214, 48.8766579], [2.4067301, 48.8766129], [2.4067642, 48.8765468]]}}, {"type": "Feature", "properties": {"highway": "footway", "footway": "sidewalk", "name": null, "surface": null, "lit": "yes", "length_m": 14.26, "type_element": "Way", "__fid": 117436}, "geometry": {"type": "LineString", "coordinates": [[2.4067214, 48.8766579], [2.4067726, 48.8766243], [2.4068125, 48.8765481]]}}, {"type": "Feature", "properties": {"highway": "footway", "footway": "sidewalk", "name": null, "surface": null, "lit": "yes", "length_m": 3.55, "type_element": "Way", "__fid": 117450}, "geometry": {"type": "LineString", "coordinates": [[2.4067642, 48.8765468], [2.4068125, 48.8765481]]}}, {"type": "Feature", "properties": {"highway": "footway", "footway": null, "name": null, "surface": "compacted", "lit": "no", "length_m": 40.7, "type_element": "Way", "__fid": 117453}, "geometry": {"type": "LineString", "coordinates": [[2.4067763, 48.8763622], [2.406956, 48.87601590000001]]}}, {"type": "Feature", "properties": {"highway": "footway", "footway": "crossing", "name": null, "surface": "asphalt", "lit": "yes", "length_m": 10.82, "type_element": "Way", "__fid": 117455}, "geometry": {"type": "LineString", "coordinates": [[2.4069109, 48.8769303], [2.4067722, 48.8768971]]}}, {"type": "Feature", "properties": {"highway": "footway", "footway": "traffic_island", "name": null, "surface": "asphalt", "lit": "yes", "length_m": 10.53, "type_element": "Way", "__fid": 117456}, "geometry": {"type": "LineString", "coordinates": [[2.4068229, 48.87680850000002], [2.4067722, 48.8768971]]}}, {"type": "Feature", "properties": {"highway": "footway", "footway": "sidewalk", "name": null, "surface": null, "lit": "yes", "length_m": 44.6, "type_element": "Way", "__fid": 117472}, "geometry": {"type": "LineString", "coordinates": [[2.4068125, 48.8765481], [2.406834, 48.8764823], [2.4070106, 48.87616950000001]]}}, {"type": "Feature", "properties": {"highway": "footway", "footway": null, "name": null, "surface": null, "lit": null, "length_m": 114.87, "type_element": "Way", "__fid": 117494}, "geometry": {"type": "LineString", "coordinates": [[2.4074498, 48.8703069], [2.4072906, 48.8704631], [2.4072772, 48.8704966], [2.4073067, 48.8706439], [2.4072987, 48.8707515], [2.4072437, 48.8709535], [2.4071874, 48.8710479], [2.4069715, 48.8712499]]}}, {"type": "Feature", "properties": {"highway": "footway", "footway": "traffic_island", "name": null, "surface": "asphalt", "lit": "yes", "length_m": 10.72, "type_element": "Way", "__fid": 117498}, "geometry": {"type": "LineString", "coordinates": [[2.406959, 48.8768393], [2.4069109, 48.8769303]]}}, {"type": "Feature", "properties": {"highway": "footway", "footway": null, "name": null, "surface": "compacted", "lit": "no", "length_m": 11.63, "type_element": "Way", "__fid": 117506}, "geometry": {"type": "LineString", "coordinates": [[2.406956, 48.87601590000001], [2.4070999, 48.87597190000002]]}}, {"type": "Feature", "properties": {"highway": "footway", "footway": "crossing", "name": null, "surface": "asphalt", "lit": "yes", "length_m": 11.88, "type_element": "Way", "__fid": 117517}, "geometry": {"type": "LineString", "coordinates": [[2.407163, 48.8762056], [2.4070106, 48.87616950000001]]}}, {"type": "Feature", "properties": {"highway": "footway", "footway": "sidewalk", "name": null, "surface": null, "lit": "yes", "length_m": 23.14, "type_element": "Way", "__fid": 117518}, "geometry": {"type": "LineString", "coordinates": [[2.4070106, 48.87616950000001], [2.4070995, 48.87601089999998], [2.4070999, 48.87597190000002]]}}, {"type": "Feature", "properties": {"highway": "footway", "footway": "traffic_island", "name": null, "surface": "asphalt", "lit": "yes", "length_m": 26.55, "type_element": "Way", "__fid": 117529}, "geometry": {"type": "LineString", "coordinates": [[2.4070407, 48.87643030000001], [2.407163, 48.8762056]]}}, {"type": "Feature", "properties": {"highway": "footway", "footway": "sidewalk", "name": null, "surface": "asphalt", "lit": "yes", "length_m": 53.02, "type_element": "Way", "__fid": 117544}, "geometry": {"type": "LineString", "coordinates": [[2.4070758, 48.8769705], [2.4073043, 48.8765777], [2.40734656666685, 48.876529033333384]]}}, {"type": "Feature", "properties": {"highway": "footway", "footway": null, "name": null, "surface": null, "lit": null, "length_m": 51.02, "type_element": "Way", "__fid": 117545}, "geometry": {"type": "LineString", "coordinates": [[2.4071206, 48.87304069999998], [2.4073269, 48.8726025]]}}, {"type": "Feature", "properties": {"highway": "footway", "footway": "sidewalk", "name": null, "surface": null, "lit": "yes", "length_m": 4.91, "type_element": "Way", "__fid": 117551}, "geometry": {"type": "LineString", "coordinates": [[2.4070999, 48.87597190000002], [2.407106933333447, 48.875928033333345]]}}, {"type": "Feature", "properties": {"highway": "footway", "footway": "crossing", "name": null, "surface": null, "lit": "yes", "length_m": 8.93, "type_element": "Way", "__fid": 117554}, "geometry": {"type": "LineString", "coordinates": [[2.407106933333447, 48.875928033333345], [2.4071404, 48.8758508]]}}, {"type": "Feature", "properties": {"highway": "footway", "footway": "sidewalk", "name": null, "surface": "asphalt", "lit": "yes", "length_m": 59.62, "type_element": "Way", "__fid": 117577}, "geometry": {"type": "LineString", "coordinates": [[2.4071404, 48.8758508], [2.4072035, 48.8758184], [2.4074021, 48.8753531]]}}, {"type": "Feature", "properties": {"highway": "footway", "footway": "crossing", "name": null, "surface": "asphalt", "lit": "yes", "length_m": 9.67, "type_element": "Way", "__fid": 117591}, "geometry": {"type": "LineString", "coordinates": [[2.4072871, 48.8762349], [2.407163, 48.8762056]]}}, {"type": "Feature", "properties": {"highway": "footway", "footway": "traffic_island", "name": null, "surface": "asphalt", "lit": "yes", "length_m": 26.74, "type_element": "Way", "__fid": 117596}, "geometry": {"type": "LineString", "coordinates": [[2.4071666, 48.87646189999999], [2.4072871, 48.8762349]]}}, {"type": "Feature", "properties": {"highway": "footway", "footway": "sidewalk", "name": null, "surface": null, "lit": "yes", "length_m": 73.71, "type_element": "Way", "__fid": 117636}, "geometry": {"type": "LineString", "coordinates": [[2.4073269, 48.8726025], [2.4082462, 48.8728702]]}}, {"type": "Feature", "properties": {"highway": "footway", "footway": "crossing", "name": null, "surface": "asphalt", "lit": "yes", "length_m": 12.82, "type_element": "Way", "__fid": 117637}, "geometry": {"type": "LineString", "coordinates": [[2.407451733333194, 48.87627373333346], [2.4072871, 48.8762349]]}}, {"type": "Feature", "properties": {"highway": "service", "footway": null, "name": "Rue Charles Cros", "surface": null, "lit": null, "length_m": 8.7, "type_element": "Way", "__fid": 117646}, "geometry": {"type": "LineString", "coordinates": [[2.4074107, 48.8764204], [2.4073046, 48.8763854]]}}, {"type": "Feature", "properties": {"highway": "service", "footway": null, "name": "Rue Charles Cros", "surface": null, "lit": null, "length_m": 8.93, "type_element": "Way", "__fid": 117654}, "geometry": {"type": "LineString", "coordinates": [[2.4074392, 48.8763485], [2.4073638, 48.8763422], [2.4073188, 48.8763476]]}}, {"type": "Feature", "properties": {"highway": "pedestrian", "footway": null, "name": "Place de l'Adjudant Vincenot", "surface": null, "lit": null, "length_m": 113.9, "type_element": "Way", "__fid": 117661}, "geometry": {"type": "LineString", "coordinates": [[2.4073995, 48.871515400000014], [2.4083623, 48.8707118]]}}, {"type": "Feature", "properties": {"highway": "footway", "footway": "sidewalk", "name": null, "surface": "asphalt", "lit": "yes", "length_m": 93.64, "type_element": "Way", "__fid": 117664}, "geometry": {"type": "LineString", "coordinates": [[2.4084645, 48.8769357], [2.40734656666685, 48.876529033333384]]}}, {"type": "Feature", "properties": {"highway": "footway", "footway": "traffic_island", "name": null, "surface": null, "lit": "yes", "length_m": 13.04, "type_element": "Way", "__fid": 117665}, "geometry": {"type": "LineString", "coordinates": [[2.40734656666685, 48.876529033333384], [2.4073932, 48.8764678], [2.4074107, 48.8764204]]}}, {"type": "Feature", "properties": {"highway": "footway", "footway": "crossing", "name": null, "surface": "asphalt", "lit": "yes", "length_m": 6.88, "type_element": "Way", "__fid": 117692}, "geometry": {"type": "LineString", "coordinates": [[2.4074021, 48.8753531], [2.407425333333422, 48.875293133333344]]}}, {"type": "Feature", "properties": {"highway": "service", "footway": null, "name": "Rue Charles Cros", "surface": "asphalt", "lit": "yes", "length_m": 95.28, "type_element": "Way", "__fid": 117704}, "geometry": {"type": "LineString", "coordinates": [[2.4085543, 48.87682680000001], [2.4074107, 48.8764204]]}}, {"type": "Feature", "properties": {"highway": "footway", "footway": "crossing", "name": null, "surface": null, "lit": "yes", "length_m": 5.16, "type_element": "Way", "__fid": 117705}, "geometry": {"type": "LineString", "coordinates": [[2.4074107, 48.8764204], [2.4074294, 48.8763757]]}}, {"type": "Feature", "properties": {"highway": "footway", "footway": "sidewalk", "name": null, "surface": null, "lit": null, "length_m": 6.66, "type_element": "Way", "__fid": 117709}, "geometry": {"type": "LineString", "coordinates": [[2.4074595, 48.8752376], [2.407425333333422, 48.875293133333344]]}}, {"type": "Feature", "properties": {"highway": "footway", "footway": "sidewalk", "name": null, "surface": null, "lit": null, "length_m": 103.23, "type_element": "Way", "__fid": 117722}, "geometry": {"type": "LineString", "coordinates": [[2.4085543, 48.87682680000001], [2.4085965, 48.8767722], [2.407569, 48.8764071], [2.4074294, 48.8763757]]}}, {"type": "Feature", "properties": {"highway": "footway", "footway": "crossing", "name": null, "surface": null, "lit": "yes", "length_m": 3.11, "type_element": "Way", "__fid": 117723}, "geometry": {"type": "LineString", "coordinates": [[2.4074294, 48.8763757], [2.4074392, 48.8763485]]}}, {"type": "Feature", "properties": {"highway": "service", "footway": null, "name": "Rue Charles Cros", "surface": null, "lit": null, "length_m": 119.56, "type_element": "Way", "__fid": 117729}, "geometry": {"type": "LineString", "coordinates": [[2.4087257, 48.87688889999998], [2.4087499, 48.8768345], [2.4087435, 48.87679710000001], [2.4087012, 48.8767553], [2.407585, 48.8763659], [2.4074392, 48.8763485]]}}, {"type": "Feature", "properties": {"highway": "footway", "footway": "sidewalk", "name": null, "surface": null, "lit": "yes", "length_m": 58.56, "type_element": "Way", "__fid": 117730}, "geometry": {"type": "LineString", "coordinates": [[2.4074392, 48.8763485], [2.4074596, 48.876275599999985], [2.4076609, 48.875843]]}}, {"type": "Feature", "properties": {"highway": "footway", "footway": "crossing", "name": null, "surface": "asphalt", "lit": "yes", "length_m": 34.48, "type_element": "Way", "__fid": 117734}, "geometry": {"type": "LineString", "coordinates": [[2.4074595, 48.8752376], [2.4079055, 48.8753357]]}}, {"type": "Feature", "properties": {"highway": "footway", "footway": "sidewalk", "name": null, "surface": null, "lit": null, "length_m": 67.98, "type_element": "Way", "__fid": 117735}, "geometry": {"type": "LineString", "coordinates": [[2.4077303, 48.8746529], [2.4074595, 48.8752376]]}}]}